429	446
460	477
496	519
547	583
620	659
692	716
732	756
785	819
847	866
874	879
885	897
913	934
957	979
997	1010
1020	1029
1040	1043
1044	1048
1065	1093
1132	1183
1239	1292
1336	1378
1420	1448
1464	1479
1517	1589
1673	1715
1674	1572
1506	1563
1685	1729
1699	1801
2239	3035
3928	4598
5113	5797
6639	7289
7665	8076
8768	9708
10685	11470
11955	12201
12349	12536
12822	13161
13486	13716
13745	13490
12983	12375
11826	11436
11226	11158
11166	11185
11164	11085
10961	10830
10752	10778
10926	11184
11543	11994
12496	12957
13287	13423
13359	13170
12955	12831
12850	13013
13266	13556
13845	14125
14394	14647
14865	15020
15076	15028
14899	14742
14604	14513
14480	14494
14496	14454
14480	14787
15483	16500
17682	18859
19865	20574
20948	21043
20976	20880
20851	20884
20897	20788
20613	20525
20585	20698
20766	20771
20764	20827
21023	21352
21759	22142
22428	22568
22586	22550
22580	22764
23051	23262
23256	23011
22612	22202
21890	21680
21488	21185
20710	20144
19696	19571
19724	19901
19976	20033
20176	20448
20831	21280
21743	22180
22563	22899
23184	23395
23460	23337
23111	22970
22995	23129
23318	23559
23850	24167
24423	24527
24443	24215
23928	23670
23453	23251
23065	22936
22856	22770
22645	22510
22399	22331
22279	22187
22041	21877
21751	21707
21749	21840
21939	22022
22120	22282
22530	22815
23106	23426
23847	24433
25148	25836
26337	26541
26416	25837
24358	21482
17389	12983
9282	6885
5803	5533
5461	5147
4525	3838
3365	3230
3303	3354
3294	3231
3243	3309
3372	3390
3391	3400
3432	3548
4027	5303
7702	11109
14736	17510
18915	19057
17981	15575
12126	8457
5500	3833
3332	3367
3446	3466
3481	3535
3596	3619
3591	3559
3555	3580
3621	3671
3724	3777
3828	3878
3922	3955
3970	3972
3954	3907
3846	3800
3789	3808
3843	3872
3887	3895
3909	3937
3972	4000
4014	4027
4054	4108
4171	4211
4221	4229
4257	4322
4415	4528
4639	4721
4750	4729
4670	4598
4517	4411
4286	4168
4068	3988
3932	3912
3926	3959
4000	4036
4066	4088
4088	4071
4052	4041
4036	4034
4025	4017
4013	4009
4004	3992
3977	3957
3940	3928
3923	3924
3933	3952
3981	4009
4030	4044
4054	4067
4086	4107
4129	4150
4171	4183
4196	4214
4241	4280
4331	4392
4474	4576
4696	4818
4933	5036
5128	5197
5239	5257
5254	5241
5234	5233
5240	5231
5203	5161
5123	5096
5098	5138
5223	5352
5510	5677
5836	5862
6081	4208
503	521
535	558
583	611
648	690
738	785
828	858
882	908
936	956
964	965
965	965
968	974
982	992
1001	1011
1019	1025
1031	1038
1049	1065
1084	1102
1123	1148
1180	1219
1258	1290
1322	1358
1396	1423
1440	1455
1493	1567
1647	1670
1600	1473
1419	1543
1756	1845
1795	1844
2254	3070
3994	4636
5080	5724
6582	7266
7675	8132
8891	9899
10914	11693
12145	12358
12499	12708
13010	13335
13585	13675
13553	13196
12675	12131
11691	11428
11334	11336
11361	11359
11308	11234
11160	11122
11143	11237
11388	11573
11798	12097
12469	12852
13162	13314
13292	13131
12934	12815
12835	13001
13283	13623
13952	14205
14379	14527
14682	14837
14944	14959
14865	14698
14511	14358
14279	14278
14315	14367
14531	14988
15807	16900
18098	19227
20130	20714
20971	20979
20863	20748
20715	20756
20776	20677
20503	20401
20447	20570
20697	20803
20915	21074
21320	21649
22029	22392
22678	22852
22903	22864
22833	22902
23047	23133
23045	22770
22385	21999
21686	21460
21256	20981
20588	20136
19788	19698
19830	20001
20116	20229
20425	20742
21165	21645
22120	22533
22851	23073
23208	23258
23216	23090
22950	22891
22956	23111
23322	23580
23870	24155
24374	24459
24389	24181
23898	23611
23356	23140
22964	22840
22756	22676
22581	22473
22369	22283
22201	22105
21990	21872
21778	21734
21758	21846
21963	22071
22199	22417
22736	23076
23384	23665
24028	24571
25282	26007
26551	26773
26626	25988
24452	21558
17478	13075
9320	6822
5627	5281
5196	4947
4428	3836
3414	3279
3343	3396
3338	3225
3165	3202
3307	3398
3449	3486
3535	3657
4114	5332
7649	10988
14586	17356
18751	18844
17637	15035
11446	7847
5161	3779
3422	3447
3440	3392
3408	3512
3628	3657
3593	3525
3507	3538
3587	3645
3702	3762
3816	3874
3920	3950
3960	3951
3921	3871
3814	3772
3762	3782
3816	3844
3859	3869
3883	3911
3946	3974
3989	4001
4029	4081
4143	4175
4178	4173
4198	4261
4365	4493
4623	4720
4761	4739
4676	4595
4510	4407
4289	4166
4052	3952
3881	3854
3873	3916
3967	4016
4058	4081
4082	4062
4032	4011
4001	3995
3992	3989
3987	3983
3981	3976
3969	3961
3955	3949
3946	3949
3961	3984
4017	4045
4062	4069
4074	4080
4088	4097
4108	4118
4128	4135
4141	4153
4181	4230
4301	4380
4467	4566
4685	4806
4928	5042
5146	5226
5283	5310
5316	5316
5318	5326
5330	5318
5277	5220
5157	5107
5088	5108
5177	5295
5441	5606
5763	5794
6003	4192
602	618
631	656
684	717
751	799
851	907
956	990
1015	1043
1068	1072
1060	1044
1037	1033
1033	1035
1038	1042
1043	1045
1046	1050
1051	1055
1066	1088
1118	1144
1169	1194
1222	1249
1276	1297
1321	1351
1385	1409
1424	1438
1476	1548
1624	1640
1562	1435
1399	1564
1828	1949
1900	1930
2324	3132
4044	4657
5057	5666
6517	7216
7666	8186
9026	10098
11144	11911
12327	12512
12644	12852
13149	13436
13589	13532
13252	12802
12283	11810
11480	11338
11357	11445
11519	11533
11498	11443
11415	11436
11510	11624
11753	11865
11990	12182
12461	12785
13068	13229
13232	13098
12920	12800
12813	12967
13253	13624
13988	14234
14359	14450
14577	14749
14905	14974
14912	14735
14498	14274
14128	14090
14150	14310
14640	15265
16205	17347
18517	19548
20311	20757
20913	20868
20736	20620
20572	20583
20577	20484
20338	20250
20281	20400
20559	20741
20957	21220
21541	21912
22303	22663
22947	23133
23205	23172
23096	23051
23030	22943
22736	22421
22050	21692
21398	21172
20971	20730
20418	20089
19859	19839
19995	20189
20346	20516
20759	21102
21520	21978
22415	22770
23001	23109
23113	23046
22950	22872
22840	22877
22987	23159
23380	23640
23912	24157
24330	24387
24311	24104
23817	23510
23238	23018
22856	22746
22665	22590
22512	22427
22336	22244
22151	22057
21967	21887
21823	21786
21803	21894
22031	22171
22340	22612
22992	23376
23689	23934
24235	24721
25409	26140
26709	26940
26751	26019
24388	21474
17451	13109
9352	6785
5478	5036
4928	4737
4331	3843
3473	3334
3367	3402
3336	3199
3101	3129
3264	3396
3476	3529
3578	3685
4106	5261
7508	10799
14381	17153
18518	18492
17090	14300
10656	7213
4826	3727
3526	3569
3503	3394
3391	3515
3659	3689
3601	3506
3479	3508
3563	3627
3691	3752
3812	3865
3909	3934
3940	3924
3891	3840
3787	3750
3746	3769
3803	3829
3844	3853
3868	3896
3931	3959
3975	3986
4013	4064
4123	4153
4149	4138
4156	4221
4332	4472
4612	4720
4768	4748
4679	4593
4505	4404
4289	4164
4043	3930
3849	3817
3838	3887
3949	4003
4051	4079
4079	4054
4019	3993
3977	3972
3970	3969
3969	3969
3967	3966
3964	3963
3961	3960
3961	3965
3977	4004
4038	4066
4081	4086
4088	4088
4091	4092
4097	4100
4102	4103
4106	4116
4145	4201
4283	4373
4462	4561
4677	4800
4927	5048
5158	5247
5309	5344
5359	5364
5373	5389
5405	5395
5350	5278
5195	5124
5083	5086
5142	5239
5372	5523
5676	5700
5898	4158
716	722
734	754
781	814
854	901
957	1016
1064	1101
1129	1156
1174	1165
1133	1100
1083	1078
1079	1079
1081	1081
1082	1082
1082	1082
1082	1085
1095	1115
1143	1172
1198	1226
1251	1274
1292	1312
1334	1363
1390	1409
1422	1436
1471	1538
1609	1628
1569	1469
1457	1633
1898	2033
2013	2065
2447	3210
4065	4652
5038	5626
6443	7141
7639	8239
9151	10267
11322	12072
12465	12631
12751	12948
13212	13436
13486	13293
12882	12372
11880	11488
11259	11212
11312	11471
11600	11661
11663	11642
11638	11673
11746	11842
11935	12006
12084	12227
12455	12735
12992	13150
13171	13060
12902	12791
12796	12930
13197	13572
13956	14217
14344	14434
14575	14772
14965	15063
15019	14829
14555	14272
14062	13976
14044	14299
14793	15576
16606	17758
18858	19748
20349	20663
20749	20702
20605	20513
20451	20406
20351	20263
20165	20109
20125	20213
20366	20587
20876	21229
21631	22059
22472	22831
23102	23279
23360	23352
23271	23133
22939	22671
22339	21982
21636	21333
21075	20861
20664	20452
20216	20004
19897	19972
20183	20421
20623	20835
21104	21435
21808	22185
22522	22772
22908	22929
22859	22753
22678	22694
22795	22939
23091	23269
23479	23717
23952	24150
24273	24295
24193	23976
23683	23375
23105	22901
22764	22669
22592	22521
22449	22374
22294	22210
22125	22044
21977	21918
21873	21853
21875	21972
22118	22282
22491	22816
23235	23647
23955	24165
24404	24831
25470	26179
26738	26954
26709	25859
24119	21205
17299	13094
9400	6793
5376	4829
4682	4542
4250	3874
3562	3407
3393	3384
3303	3161
3060	3093
3238	3381
3463	3512
3553	3639
4022	5137
7345	10608
14189	16963
18271	18062
16409	13462
9861	6641
4551	3701
3635	3709
3618	3464
3423	3536
3678	3710
3613	3507
3473	3505
3561	3626
3688	3750
3808	3856
3891	3912
3912	3896
3865	3820
3772	3743
3741	3764
3798	3826
3840	3849
3863	3892
3928	3955
3970	3982
4008	4061
4118	4147
4142	4129
4146	4210
4324	4465
4612	4723
4773	4751
4682	4594
4504	4404
4289	4164
4039	3924
3839	3807
3828	3880
3941	4000
4049	4078
4078	4053
4016	3986
3971	3966
3964	3964
3964	3964
3964	3964
3964	3963
3963	3963
3964	3968
3982	4009
4044	4072
4087	4091
4092	4093
4094	4095
4095	4095
4095	4095
4096	4105
4133	4192
4278	4370
4461	4558
4675	4799
4926	5051
5162	5253
5318	5354
5370	5380
5396	5427
5457	5456
5411	5330
5233	5144
5086	5077
5118	5200
5313	5445
5584	5607
5794	4127
826	835
845	862
885	920
963	1014
1072	1132
1181	1218
1246	1269
1279	1253
1200	1150
1125	1118
1116	1116
1116	1116
1116	1116
1116	1116
1117	1118
1127	1142
1169	1196
1227	1253
1274	1291
1309	1333
1358	1382
1403	1419
1431	1445
1475	1531
1594	1623
1594	1534
1545	1714
1962	2103
2123	2216
2591	3289
4066	4619
5016	5579
6347	7038
7599	8290
9274	10425
11476	12204
12571	12723
12837	13014
13237	13380
13326	13014
12515	11983
11538	11233
11090	11111
11264	11461
11629	11725
11753	11750
11748	11773
11830	11912
11994	12059
12137	12270
12468	12707
12924	13058
13073	12979
12843	12753
12764	12894
13151	13525
13917	14199
14347	14462
14626	14840
15044	15146
15095	14885
14577	14263
14022	13916
14009	14352
14986	15894
16993	18132
19139	19877
20304	20485
20519	20496
20464	20421
20349	20249
20141	20069
20032	20013
20009	20051
20177	20412
20756	21179
21645	22107
22524	22856
23092	23243
23334	23366
23307	23102
22750	22312
21871	21491
21191	20951
20741	20539
20339	20147
19981	19880
19897	20070
20346	20625
20867	21106
21374	21672
21973	22247
22464	22601
22646	22607
22511	22414
22400	22533
22776	23025
23218	23394
23586	23791
23980	24126
24195	24170
24039	23808
23514	23216
22963	22781
22666	22587
22521	22455
22386	22316
22242	22174
22106	22046
21993	21958
21936	21933
21967	22059
22196	22370
22614	22982
23441	23868
24167	24342
24524	24883
25464	26127
26655	26838
26512	25525
23661	20762
17018	13011
9430	6806
5280	4619
4426	4343
4176	3922
3671	3504
3432	3375
3276	3133
3036	3066
3206	3342
3419	3459
3486	3560
3933	5033
7227	10485
14072	16848
18077	17638
15689	12579
9054	6089
4300	3677
3723	3828
3720	3531
3455	3545
3687	3721
3626	3518
3488	3519
3574	3637
3699	3756
3806	3844
3871	3883
3882	3869
3844	3806
3766	3740
3740	3763
3798	3826
3840	3849
3863	3892
3927	3954
3968	3980
4007	4060
4117	4145
4139	4129
4145	4208
4323	4464
4611	4723
4773	4751
4681	4593
4504	4403
4288	4164
4039	3924
3838	3806
3827	3880
3941	4000
4049	4078
4078	4053
4016	3986
3971	3965
3963	3963
3963	3963
3963	3963
3963	3963
3963	3963
3964	3968
3982	4011
4046	4075
4090	4094
4095	4095
4095	4095
4095	4095
4095	4095
4096	4104
4133	4191
4278	4369
4461	4558
4675	4799
4926	5051
5163	5254
5319	5355
5371	5382
5406	5451
5495	5504
5459	5374
5270	5166
5094	5070
5097	5163
5257	5372
5496	5515
5698	4099
930	944
955	975
996	1030
1074	1130
1193	1251
1300	1338
1365	1389
1388	1343
1264	1196
1161	1152
1150	1150
1150	1150
1150	1150
1150	1150
1150	1152
1159	1175
1198	1226
1252	1275
1292	1311
1332	1358
1382	1401
1420	1436
1452	1467
1491	1532
1582	1617
1615	1594
1628	1783
1999	2146
2220	2364
2738	3364
4055	4584
4991	5535
6243	6918
7544	8336
9397	10577
11613	12307
12643	12783
12894	13053
13221	13284
13132	12740
12205	11696
11322	11102
11025	11087
11250	11451
11622	11727
11761	11755
11734	11732
11765	11842
11945	12057
12179	12337
12528	12724
12879	12952
12927	12827
12711	12656
12707	12867
13143	13522
13915	14209
14385	14529
14712	14926
15106	15174
15081	14840
14516	14204
13983	13917
14062	14487
15211	16196
17327	18437
19343	19928
20197	20266
20265	20284
20325	20342
20279	20137
19991	19935
19963	19980
19952	19944
20036	20274
20655	21125
21626	22089
22473	22749
22927	23041
23134	23206
23179	22930
22462	21894
21379	21000
20760	20588
20419	20225
20016	19835
19723	19717
19847	20113
20453	20771
21035	21274
21517	21760
21978	22150
22261	22307
22295	22235
22149	22095
22159	22408
22778	23114
23340	23511
23679	23850
23995	24086
24102	24025
23861	23616
23327	23045
22819	22659
22560	22494
22441	22383
22316	22248
22187	22132
22087	22049
22022	22013
22020	22040
22079	22151
22267	22437
22705	23110
23603	24044
24333	24471
24601	24899
25411	26014
26495	26620
26193	25036
23023	20134
16579	12810
9384	6775
5166	4403
4173	4142
4100	3967
3782	3608
3487	3392
3280	3140
3036	3050
3170	3283
3341	3368
3396	3475
3860	4975
7188	10463
14076	16858
17981	17274
14993	11709
8269	5565
4063	3634
3763	3881
3765	3556
3457	3534
3682	3725
3642	3542
3514	3546
3602	3664
3722	3772
3812	3837
3852	3857
3855	3845
3828	3797
3762	3739
3738	3763
3797	3826
3840	3849
3863	3892
3927	3954
3968	3980
4007	4060
4117	4145
4139	4129
4145	4208
4323	4464
4611	4723
4773	4751
4682	4593
4504	4403
4289	4164
4039	3924
3838	3806
3826	3880
3941	4000
4049	4078
4078	4053
4016	3986
3971	3965
3963	3963
3963	3963
3963	3963
3963	3963
3963	3963
3964	3968
3982	4011
4046	4075
4090	4094
4095	4095
4095	4095
4095	4095
4095	4095
4096	4104
4133	4191
4277	4369
4461	4558
4675	4799
4926	5051
5163	5254
5319	5355
5372	5385
5415	5471
5528	5544
5498	5405
5291	5180
5098	5062
5074	5126
5204	5306
5417	5432
5608	4067
1026	1044
1061	1083
1107	1141
1187	1243
1306	1366
1418	1455
1485	1502
1493	1426
1325	1236
1193	1180
1179	1179
1179	1179
1179	1179
1179	1179
1179	1181
1188	1205
1228	1254
1274	1291
1309	1333
1357	1380
1401	1420
1437	1457
1478	1497
1515	1541
1573	1607
1630	1647
1697	1826
2000	2155
2286	2496
2873	3432
4041	4546
4980	5505
6146	6798
7490	8383
9521	10717
11727	12376
12681	12809
12914	13053
13169	13150
12917	12490
11976	11537
11253	11110
11079	11151
11296	11469
11616	11708
11736	11715
11667	11630
11633	11704
11837	12011
12211	12420
12624	12775
12847	12827
12732	12603
12507	12510
12636	12868
13190	13582
13966	14263
14462	14630
14818	15003
15130	15129
14971	14686
14361	14093
13959	13993
14229	14714
15465	16459
17578	18630
19439	19892
20035	20021
20007	20075
20199	20282
20241	20079
19912	19878
19955	19999
19948	19897
19961	20201
20607	21108
21615	22049
22366	22565
22674	22743
22820	22909
22894	22619
22079	21445
20905	20556
20374	20266
20138	19948
19729	19552
19478	19547
19767	20118
20520	20867
21129	21341
21536	21705
21838	21920
21955	21955
21930	21889
21851	21865
22011	22348
22797	23183
23431	23597
23744	23881
23984	24026
23991	23872
23679	23425
23147	22886
22679	22537
22451	22397
22354	22301
22241	22179
22128	22090
22067	22057
22061	22087
22126	22170
22214	22267
22346	22503
22787	23224
23743	24193
24476	24590
24674	24913
25357	25890
26303	26353
25789	24422
22219	19318
15956	12454
9229	6688
5038	4205
3945	3960
4017	3993
3875	3708
3553	3433
3325	3189
3068	3051
3137	3218
3245	3259
3291	3397
3817	4974
7227	10547
14191	16964
17964	16965
14344	10893
7549	5101
3851	3573
3739	3856
3737	3527
3425	3504
3659	3724
3656	3571
3548	3583
3638	3698
3753	3795
3823	3838
3843	3842
3834	3826
3812	3785
3756	3736
3738	3763
3797	3826
3840	3849
3863	3892
3927	3954
3968	3980
4007	4060
4117	4145
4139	4129
4145	4208
4323	4464
4611	4723
4773	4751
4682	4593
4504	4403
4289	4164
4039	3924
3838	3806
3826	3880
3941	4000
4049	4078
4078	4053
4016	3986
3971	3965
3963	3963
3963	3963
3963	3963
3963	3963
3963	3963
3964	3968
3982	4011
4046	4075
4090	4094
4095	4095
4095	4095
4095	4095
4095	4095
4096	4104
4133	4191
4277	4369
4461	4558
4675	4799
4926	5051
5163	5254
5319	5355
5372	5386
5419	5482
5548	5565
5516	5418
5297	5180
5092	5047
5050	5089
5160	5251
5357	5366
5531	4047
1118	1140
1157	1184
1212	1247
1292	1343
1403	1460
1516	1559
1592	1608
1586	1501
1380	1281
1232	1215
1213	1213
1213	1213
1213	1213
1213	1213
1214	1216
1223	1238
1257	1277
1296	1312
1332	1358
1382	1401
1420	1438
1459	1484
1506	1523
1536	1550
1571	1602
1641	1682
1742	1831
1958	2112
2312	2593
2988	3485
4017	4509
4977	5492
6075	6707
7459	8445
9644	10847
11816	12411
12679	12795
12903	13023
13087	12994
12701	12274
11830	11493
11304	11230
11233	11301
11414	11542
11654	11726
11751	11718
11649	11577
11543	11590
11734	11959
12234	12505
12719	12824
12800	12670
12489	12329
12264	12347
12578	12911
13303	13709
14078	14358
14565	14743
14918	15058
15105	15007
14764	14444
14139	13960
13958	14136
14485	15006
15730	16669
17725	18702
19413	19763
19824	19766
19757	19878
20074	20219
20213	20057
19893	19874
19979	20032
19966	19892
19949	20208
20642	21157
21651	22029
22266	22379
22418	22437
22483	22544
22503	22199
21639	21002
20485	20182
20064	20008
19912	19735
19516	19344
19297	19415
19702	20124
20579	20945
21185	21345
21472	21566
21623	21641
21637	21630
21633	21649
21682	21773
21985	22366
22831	23225
23477	23640
23772	23879
23940	23939
23862	23711
23500	23248
22987	22747
22559	22429
22351	22303
22259	22206
22148	22095
22057	22038
22041	22065
22111	22178
22255	22326
22376	22409
22460	22600
22894	23351
23888	24355
24638	24737
24792	24981
25358	25814
26141	26087
25351	23723
21274	18324
15147	11937
8953	6541
4909	4049
3771	3814
3938	3995
3934	3784
3620	3504
3408	3274
3132	3078
3116	3153
3149	3150
3194	3335
3805	5017
7323	10689
14357	17092
17932	16642
13715	10141
6921	4723
3689	3505
3666	3759
3647	3459
3373	3461
3629	3712
3663	3592
3576	3609
3666	3724
3776	3812
3831	3836
3834	3825
3811	3798
3785	3764
3744	3731
3737	3763
3797	3826
3840	3849
3863	3892
3927	3954
3968	3980
4007	4060
4117	4145
4139	4129
4145	4208
4323	4464
4611	4723
4773	4751
4682	4593
4504	4403
4289	4164
4039	3924
3838	3806
3826	3880
3941	4000
4049	4078
4078	4053
4016	3986
3971	3965
3963	3963
3963	3963
3963	3963
3963	3963
3963	3963
3964	3968
3982	4011
4046	4075
4090	4094
4095	4095
4095	4095
4095	4095
4095	4095
4096	4104
4133	4191
4277	4369
4461	4558
4675	4799
4926	5051
5163	5254
5319	5355
5372	5386
5419	5482
5547	5563
5510	5406
5284	5166
5077	5032
5025	5061
5127	5219
5318	5328
5482	4043
1202	1217
1233	1263
1297	1333
1375	1425
1478	1535
1588	1637
1673	1687
1659	1567
1439	1335
1284	1268
1265	1265
1265	1265
1265	1265
1265	1265
1265	1267
1271	1280
1291	1303
1315	1336
1357	1380
1401	1420
1438	1459
1483	1508
1528	1544
1555	1560
1572	1597
1644	1700
1756	1800
1869	2018
2281	2643
3067	3511
3974	4463
4978	5503
6043	6667
7475	8545
9788	10981
11892	12426
12655	12760
12871	12981
12999	12840
12501	12098
11744	11521
11431	11424
11454	11514
11592	11679
11761	11828
11855	11833
11761	11664
11586	11583
11697	11934
12253	12563
12773	12821
12702	12472
12219	12047
12031	12212
12561	13008
13468	13890
14234	14491
14682	14845
14984	15061
15021	14833
14522	14177
13918	13849
14003	14339
14792	15327
15984	16821
17777	18660
19279	19560
19577	19510
19523	19684
19935	20132
20167	20045
19904	19896
20000	20044
19969	19904
19990	20289
20758	21286
21751	22064
22212	22238
22214	22187
22186	22179
22066	21727
21189	20608
20153	19906
19834	19817
19749	19592
19392	19243
19223	19377
19709	20182
20670	21037
21233	21326
21374	21399
21402	21391
21384	21407
21466	21555
21670	21826
22071	22441
22866	23225
23466	23626
23748	23834
23865	23828
23718	23547
23330	23088
22847	22631
22461	22343
22264	22210
22157	22102
22044	22001
21976	21980
22010	22071
22162	22274
22392	22493
22555	22589
22631	22765
23055	23516
24064	24545
24837	24941
24985	25139
25453	25824
26053	25865
24917	22974
20225	17177
14164	11252
8553	6329
4784	3943
3667	3716
3867	3966
3948	3827
3682	3581
3505	3376
3216	3124
3119	3116
3084	3071
3120	3287
3806	5070
7422	10813
14474	17128
17779	16206
13035	9417
6368	4430
3583	3446
3565	3625
3528	3380
3320	3422
3596	3690
3661	3601
3591	3625
3679	3738
3788	3821
3833	3833
3823	3802
3782	3763
3748	3736
3727	3724
3734	3762
3797	3826
3840	3849
3863	3892
3927	3954
3968	3980
4007	4060
4117	4145
4139	4129
4145	4208
4323	4464
4611	4723
4773	4751
4682	4593
4504	4403
4289	4164
4039	3924
3838	3806
3826	3880
3941	4000
4049	4078
4078	4053
4016	3986
3971	3965
3963	3963
3963	3963
3963	3963
3963	3963
3963	3963
3964	3968
3982	4011
4046	4075
4090	4094
4095	4095
4095	4095
4095	4095
4095	4095
4096	4104
4133	4191
4277	4369
4461	4558
4675	4799
4926	5051
5163	5254
5319	5355
5372	5385
5415	5470
5525	5535
5481	5376
5254	5141
5055	5008
5005	5040
5108	5202
5305	5315
5468	4053
1257	1265
1282	1310
1351	1394
1439	1486
1538	1587
1637	1684
1723	1739
1709	1616
1491	1391
1342	1327
1324	1324
1324	1324
1324	1324
1324	1324
1324	1325
1325	1328
1333	1338
1348	1362
1383	1401
1420	1438
1459	1484
1508	1530
1547	1562
1573	1575
1576	1593
1636	1697
1736	1726
1732	1873
2192	2636
3093	3506
3912	4413
4989	5543
6068	6698
7569	8707
9979	11139
11979	12443
12626	12725
12841	12947
12932	12717
12342	11961
11700	11591
11595	11651
11706	11752
11796	11850
11920	11993
12048	12054
11995	11890
11775	11710
11758	11962
12271	12574
12748	12729
12524	12221
11938	11789
11855	12142
12600	13133
13651	14087
14414	14638
14789	14904
14985	14990
14883	14634
14293	13961
13770	13811
14100	14566
15099	15631
16209	16928
17757	18526
19067	19312
19325	19276
19313	19497
19772	20000
20083	20015
19914	19916
19995	20014
19942	19912
20061	20427
20943	21479
21903	22139
22192	22135
22054	21988
21932	21839
21633	21271
20791	20308
19939	19745
19692	19683
19631	19509
19357	19263
19291	19475
19832	20320
20813	21154
21292	21304
21280	21249
21223	21213
21237	21312
21438	21598
21780	21981
22227	22541
22882	23177
23392	23548
23670	23743
23755	23690
23562	23378
23163	22936
22721	22535
22385	22271
22186	22116
22053	21993
21937	21900
21891	21916
21980	22079
22211	22366
22523	22655
22748	22801
22863	22997
23275	23723
24265	24751
25066	25193
25247	25382
25647	25934
26047	25706
24514	22211
19107	15915
13036	10422
8037	6058
4662	3888
3623	3662
3807	3915
3919	3831
3720	3651
3594	3471
3299	3184
3151	3121
3069	3043
3086	3261
3801	5091
7464	10857
14464	16979
17403	15570
12237	8668
5868	4206
3530	3414
3468	3485
3417	3324
3302	3411
3579	3671
3653	3608
3600	3634
3687	3743
3794	3822
3830	3823
3804	3780
3751	3726
3710	3703
3706	3716
3731	3762
3797	3826
3840	3849
3863	3892
3927	3954
3968	3980
4007	4060
4117	4145
4139	4129
4145	4208
4323	4464
4611	4723
4773	4751
4682	4593
4504	4403
4289	4164
4039	3924
3838	3806
3826	3880
3941	4000
4049	4078
4078	4053
4016	3986
3971	3965
3963	3963
3963	3963
3963	3963
3963	3963
3963	3963
3964	3968
3982	4011
4046	4075
4090	4094
4095	4095
4095	4095
4095	4095
4095	4095
4096	4104
4133	4191
4277	4369
4461	4558
4675	4799
4926	5051
5163	5254
5319	5355
5371	5382
5405	5447
5486	5484
5426	5327
5211	5105
5025	4979
4978	5020
5096	5197
5308	5324
5485	4075
1282	1289
1302	1334
1378	1429
1477	1527
1575	1620
1662	1708
1746	1763
1733	1649
1536	1446
1402	1389
1386	1386
1386	1386
1386	1386
1386	1386
1386	1386
1385	1383
1379	1378
1380	1389
1404	1420
1438	1459
1483	1508
1530	1549
1566	1584
1594	1592
1583	1588
1624	1679
1691	1621
1558	1681
2057	2580
3078	3463
3834	4355
5011	5620
6158	6813
7745	8939
10221	11333
12094	12483
12622	12706
12835	12939
12900	12635
12227	11868
11684	11669
11754	11860
11933	11964
11974	12002
12064	12159
12253	12300
12273	12177
12038	11920
11897	12034
12288	12531
12631	12531
12258	11926
11666	11594
11764	12160
12702	13285
13826	14271
14591	14784
14872	14906
14903	14846
14698	14447
14131	13854
13738	13871
14246	14783
15353	15876
16387	16992
17685	18337
18811	19042
19088	19077
19132	19314
19579	19820
19948	19951
19904	19910
19949	19935
19877	19908
20140	20585
21150	21682
22050	22192
22140	22000
21863	21768
21672	21502
21225	20871
20489	20135
19857	19693
19628	19593
19548	19475
19412	19410
19513	19737
20092	20552
20996	21272
21336	21277
21187	21119
21091	21112
21191	21328
21514	21726
21941	22153
22370	22603
22850	23073
23258	23414
23539	23611
23612	23535
23394	23207
22997	22791
22608	22455
22328	22218
22116	22028
21953	21888
21835	21805
21812	21860
21956	22090
22257	22447
22637	22802
22928	23026
23121	23263
23520	23934
24457	24945
25286	25450
25530	25665
25891	26097
26095	25590
24138	21454
17968	14599
11824	9493
7436	5742
4545	3876
3635	3650
3757	3844
3857	3802
3735	3700
3658	3538
3364	3242
3205	3171
3114	3074
3101	3257
3777	5052
7407	10759
14268	16589
16753	14689
11272	7854
5374	4024
3519	3409
3392	3374
3342	3317
3337	3439
3582	3662
3650	3617
3613	3645
3693	3748
3794	3821
3825	3811
3785	3754
3726	3698
3680	3677
3690	3709
3730	3761
3797	3826
3840	3849
3863	3892
3927	3954
3968	3980
4007	4060
4117	4145
4139	4129
4145	4208
4323	4464
4611	4723
4773	4751
4682	4593
4504	4403
4289	4164
4039	3924
3838	3806
3826	3880
3941	4000
4049	4078
4078	4053
4016	3986
3971	3965
3963	3963
3963	3963
3963	3963
3963	3963
3963	3963
3964	3968
3982	4011
4046	4075
4090	4094
4095	4095
4095	4095
4095	4095
4095	4095
4096	4104
4133	4191
4277	4369
4461	4558
4675	4799
4926	5051
5163	5254
5319	5355
5371	5380
5394	5419
5437	5419
5356	5265
5163	5066
4990	4946
4948	4998
5084	5198
5318	5347
5518	4106
1292	1296
1311	1341
1389	1443
1495	1542
1586	1626
1667	1711
1750	1769
1747	1672
1578	1499
1461	1449
1446	1446
1446	1446
1446	1446
1446	1446
1446	1446
1441	1432
1419	1409
1405	1410
1420	1436
1458	1484
1507	1531
1547	1568
1587	1607
1616	1611
1590	1585
1610	1655
1635	1501
1373	1477
1899	2490
3029	3401
3746	4302
5045	5729
6308	7001
7987	9226
10507	11566
12246	12553
12648	12726
12861	12970
12912	12608
12171	11820
11687	11744
11890	12028
12109	12114
12087	12079
12135	12249
12381	12469
12477	12398
12263	12123
12064	12137
12300	12432
12423	12234
11922	11606
11424	11472
11772	12263
12852	13441
13970	14418
14746	14908
14915	14839
14738	14628
14483	14284
14056	13873
13843	14028
14429	14963
15526	16036
16516	17033
17596	18132
18545	18786
18880	18915
18981	19138
19364	19593
19759	19834
19858	19869
19872	19833
19799	19899
20216	20732
21327	21834
22121	22146
21974	21739
21545	21428
21320	21125
20839	20547
20303	20087
19893	19733
19613	19529
19476	19471
19525	19658
19867	20139
20474	20851
21181	21349
21332	21207
21075	20992
20985	21058
21208	21408
21638	21869
22078	22256
22417	22579
22748	22918
23085	23245
23377	23451
23446	23364
23216	23031
22833	22655
22509	22393
22292	22181
22061	21952
21868	21802
21755	21734
21754	21824
21942	22104
22300	22516
22730	22922
23084	23223
23354	23501
23729	24102
24594	25085
25452	25658
25774	25920
26116	26251
26142	25477
23769	20716
16859	13307
10609	8535
6798	5404
4436	3895
3686	3668
3720	3764
3780	3761
3743	3737
3699	3575
3406	3299
3276	3258
3209	3162
3160	3268
3730	4944
7239	10510
13875	15965
15847	13582
10164	6981
4870	3858
3528	3430
3351	3304
3318	3359
3414	3504
3607	3659
3652	3630
3634	3661
3705	3753
3798	3820
3821	3802
3769	3738
3709	3682
3661	3661
3679	3705
3729	3761
3797	3826
3840	3849
3863	3892
3927	3954
3968	3980
4007	4060
4117	4145
4138	4129
4145	4208
4322	4464
4611	4723
4772	4751
4681	4593
4504	4403
4288	4164
4039	3924
3838	3806
3827	3880
3941	4000
4049	4078
4078	4053
4016	3986
3971	3965
3963	3963
3963	3963
3963	3963
3963	3963
3963	3963
3964	3968
3982	4011
4046	4075
4090	4094
4095	4095
4095	4095
4095	4095
4095	4095
4096	4104
4133	4191
4278	4369
4461	4558
4675	4799
4926	5051
5163	5254
5319	5355
5371	5377
5380	5387
5378	5343
5278	5194
5108	5024
4955	4915
4923	4981
5082	5207
5343	5382
5564	4140
1294	1297
1312	1344
1391	1445
1492	1537
1576	1617
1659	1707
1743	1766
1751	1691
1609	1543
1510	1500
1496	1495
1495	1495
1495	1495
1495	1496
1497	1495
1486	1469
1446	1429
1421	1422
1433	1452
1480	1506
1530	1547
1566	1586
1609	1630
1636	1620
1596	1581
1601	1632
1584	1395
1210	1297
1749	2394
2965	3332
3662	4255
5087	5855
6488	7232
8267	9533
10805	11813
12418	12658
12708	12777
12920	13032
12961	12625
12159	11808
11707	11804
11984	12140
12209	12182
12104	12056
12092	12213
12373	12497
12530	12473
12361	12254
12208	12245
12304	12299
12155	11876
11543	11286
11223	11419
11854	12433
13039	13593
14081	14527
14865	14998
14917	14721
14522	14371
14262	14159
14058	13998
14043	14254
14621	15099
15612	16117
16599	17061
17513	17937
18297	18554
18707	18791
18862	18974
19141	19339
19532	19680
19778	19812
19789	19733
19730	19892
20277	20840
21437	21890
22073	21966
21661	21320
21066	20935
20844	20687
20470	20302
20219	20142
20015	19833
19633	19477
19417	19485
19682	19972
20301	20627
20923	21176
21340	21366
21257	21084
20928	20852
20882	21020
21238	21494
21748	21968
22132	22246
22337	22438
22569	22725
22896	23064
23201	23279
23273	23185
23040	22863
22687	22541
22429	22352
22273	22163
22028	21906
21810	21744
21697	21687
21718	21804
21939	22122
22338	22573
22805	23020
23208	23380
23529	23667
23856	24189
24656	25147
25539	25781
25933	26095
26271	26351
26144	25330
23393	20019
15842	12128
9489	7630
6179	5072
4338	3936
3765	3711
3698	3698
3704	3718
3744	3756
3714	3582
3427	3348
3357	3364
3335	3283
3248	3291
3667	4785
6978	10133
13321	15151
14759	12338
8983	6086
4372	3696
3541	3465
3341	3280
3341	3443
3524	3590
3646	3669
3659	3650
3659	3686
3723	3763
3800	3821
3822	3800
3762	3726
3696	3666
3648	3650
3673	3703
3729	3759
3795	3823
3838	3847
3862	3892
3928	3955
3970	3982
4008	4061
4117	4144
4137	4126
4143	4207
4322	4464
4611	4723
4772	4751
4681	4593
4504	4402
4288	4162
4038	3923
3838	3806
3827	3879
3939	4000
4046	4076
4076	4051
4016	3986
3971	3965
3963	3963
3963	3963
3963	3963
3963	3963
3964	3964
3965	3969
3983	4011
4046	4075
4090	4094
4095	4095
4095	4095
4095	4095
4095	4095
4096	4104
4133	4192
4278	4370
4462	4560
4675	4799
4925	5050
5161	5252
5318	5353
5368	5372
5366	5351
5318	5267
5198	5125
5051	4978
4921	4891
4909	4977
5089	5227
5375	5422
5610	4174
1306	1311
1324	1354
1398	1443
1487	1525
1562	1603
1648	1693
1730	1752
1745	1701
1632	1574
1545	1533
1530	1528
1528	1527
1527	1528
1528	1530
1531	1531
1522	1503
1476	1453
1443	1440
1450	1471
1499	1525
1546	1562
1584	1607
1630	1646
1646	1630
1605	1588
1599	1616
1544	1327
1110	1183
1641	2302
2884	3249
3583	4219
5126	5972
6668	7466
8549	9837
11088	12047
12590	12778
12802	12858
13000	13106
13015	12658
12176	11823
11735	11849
12037	12186
12238	12172
12050	11959
11971	12087
12259	12394
12442	12400
12324	12286
12310	12342
12316	12170
11893	11530
11192	11009
11078	11427
11989	12633
13233	13730
14161	14585
14930	15038
14870	14565
14283	14109
14049	14059
14102	14171
14294	14505
14812	15191
15637	16142
16651	17089
17442	17760
18070	18349
18561	18689
18762	18824
18924	19082
19291	19518
19693	19763
19731	19672
19699	19911
20337	20909
21474	21846
21908	21660
21225	20782
20473	20335
20286	20218
20134	20132
20212	20264
20187	19967
19681	19450
19377	19521
19857	20299
20745	21118
21365	21468
21444	21317
21129	20928
20773	20714
20788	20982
21260	21557
21818	21999
22090	22112
22126	22190
22330	22513
22709	22892
23038	23116
23110	23024
22882	22714
22558	22437
22357	22308
22250	22150
22009	21877
21780	21713
21672	21669
21710	21806
21956	22156
22388	22635
22876	23096
23296	23479
23633	23754
23907	24205
24655	25146
25553	25822
26003	26187
26366	26406
26104	25141
22994	19368
14965	11142
8542	6844
5615	4750
4229	3968
3843	3763
3686	3634
3633	3679
3740	3764
3705	3567
3429	3384
3433	3480
3468	3417
3344	3321
3600	4601
6657	9639
12596	14147
13519	11028
7837	5273
3938	3560
3558	3509
3360	3293
3389	3534
3630	3677
3693	3688
3671	3666
3680	3710
3742	3779
3809	3825
3823	3799
3760	3720
3688	3658
3642	3647
3671	3697
3723	3755
3790	3817
3834	3844
3861	3891
3928	3956
3973	3985
4011	4060
4113	4138
4131	4120
4139	4204
4321	4463
4611	4723
4772	4751
4681	4592
4501	4398
4281	4157
4034	3920
3837	3804
3824	3874
3934	3991
4041	4068
4069	4047
4013	3984
3969	3962
3960	3960
3962	3962
3963	3963
3964	3966
3967	3968
3970	3973
3987	4015
4050	4078
4093	4097
4098	4098
4098	4098
4098	4098
4098	4098
4099	4108
4136	4197
4283	4376
4466	4563
4675	4797
4923	5045
5155	5246
5311	5347
5366	5367
5351	5315
5258	5192
5127	5058
4997	4937
4892	4877
4907	4985
5108	5254
5404	5448
5629	4197
1348	1352
1364	1388
1424	1462
1494	1527
1561	1603
1645	1681
1711	1732
1734	1703
1650	1603
1575	1561
1553	1548
1544	1544
1544	1544
1548	1552
1558	1563
1562	1550
1533	1513
1499	1492
1493	1508
1527	1546
1558	1574
1593	1616
1635	1646
1646	1642
1626	1611
1608	1610
1533	1322
1111	1170
1579	2185
2735	3107
3491	4184
5143	6040
6802	7681
8834	10138
11350	12246
12746	12920
12937	12973
13076	13141
13023	12658
12177	11841
11767	11887
12060	12187
12207	12116
11964	11853
11851	11960
12130	12259
12296	12250
12208	12248
12361	12425
12351	12103
11725	11292
10949	10823
11005	11477
12135	12821
13408	13843
14206	14590
14920	14994
14762	14380
14043	13861
13851	13967
14141	14333
14526	14736
14974	15255
15635	16144
16691	17111
17370	17578
17833	18125
18393	18574
18652	18666
18698	18819
19050	19353
19619	19741
19722	19677
19735	19986
20427	20965
21447	21699
21627	21252
20712	20199
19863	19739
19750	19791
19860	20030
20266	20432
20393	20141
19771	19471
19386	19592
20043	20611
21151	21551
21736	21694
21492	21236
20998	20799
20664	20634
20742	20973
21290	21607
21855	21976
21965	21871
21796	21847
22031	22277
22519	22728
22887	22975
22975	22892
22747	22585
22442	22337
22278	22251
22216	22129
22000	21873
21779	21720
21691	21699
21758	21872
22040	22254
22489	22735
22967	23173
23358	23534
23681	23790
23928	24219
24673	25168
25573	25840
26035	26255
26467	26488
26079	24924
22557	18756
14256	10401
7824	6196
5095	4406
4070	3954
3893	3795
3663	3573
3577	3654
3744	3764
3682	3534
3420	3412
3499	3581
3592	3537
3432	3355
3554	4428
6277	8957
11550	12773
11982	9610
6769	4630
3647	3489
3585	3558
3402	3326
3419	3569
3671	3716
3723	3707
3684	3674
3687	3716
3753	3788
3817	3829
3824	3801
3765	3724
3689	3659
3645	3646
3668	3687
3710	3738
3769	3797
3816	3833
3855	3890
3930	3963
3983	3999
4023	4062
4099	4111
4101	4095
4121	4194
4314	4461
4611	4723
4772	4751
4679	4586
4489	4381
4262	4138
4020	3914
3837	3802
3817	3857
3911	3964
4012	4041
4046	4028
4001	3976
3959	3949
3947	3952
3957	3961
3963	3964
3966	3971
3976	3980
3981	3986
4000	4028
4064	4092
4105	4109
4110	4110
4110	4110
4110	4110
4110	4110
4112	4120
4150	4213
4303	4395
4480	4572
4678	4793
4913	5028
5134	5222
5289	5331
5355	5359
5336	5279
5198	5119
5055	5003
4954	4914
4884	4884
4922	5005
5125	5266
5399	5426
5583	4190
1433	1436
1445	1463
1487	1512
1532	1555
1584	1617
1649	1675
1695	1712
1721	1706
1676	1639
1610	1586
1570	1557
1553	1549
1549	1553
1557	1570
1586	1606
1623	1634
1635	1629
1613	1594
1580	1572
1573	1572
1570	1578
1593	1608
1620	1631
1643	1660
1670	1658
1637	1617
1553	1396
1237	1265
1555	2007
2469	2868
3356	4134
5125	6042
6875	7874
9137	10459
11598	12412
12886	13082
13122	13119
13127	13102
12938	12577
12134	11845
11810	11930
12076	12161
12148	12045
11900	11805
11816	11931
12088	12189
12192	12118
12082	12179
12373	12492
12418	12134
11707	11239
10881	10781
11017	11556
12268	12974
13535	13914
14207	14528
14807	14843
14579	14172
13823	13650
13685	13876
14150	14439
14696	14912
15097	15296
15622	16141
16723	17117
17266	17353
17539	17844
18173	18411
18501	18485
18462	18552
18814	19201
19566	19754
19762	19750
19862	20149
20574	21033
21377	21470
21246	20762
20168	19649
19337	19257
19336	19475
19676	19991
20369	20636
20636	20356
19924	19563
19466	19716
20248	20901
21489	21884
21994	21825
21487	21156
20915	20759
20667	20667
20785	21027
21345	21664
21878	21918
21781	21547
21373	21418
21676	22013
22319	22566
22753	22859
22871	22789
22643	22476
22334	22235
22187	22175
22160	22097
21992	21884
21803	21760
21754	21792
21883	22032
22228	22453
22684	22905
23102	23265
23414	23568
23711	23821
23978	24305
24804	25315
25699	25923
26104	26365
26644	26667
26129	24716
22088	18173
13711	9915
7340	5691
4617	4030
3848	3870
3880	3779
3613	3510
3535	3651
3754	3759
3651	3500
3402	3423
3535	3644
3677	3623
3501	3395
3542	4276
5818	8003
10031	10846
10015	8018
5796	4213
3554	3512
3636	3619
3467	3363
3402	3505
3601	3671
3713	3712
3680	3659
3669	3702
3744	3785
3815	3829
3827	3812
3781	3748
3715	3687
3664	3654
3656	3667
3679	3700
3727	3757
3785	3811
3844	3886
3932	3973
4003	4029
4050	4064
4067	4059
4044	4049
4086	4171
4303	4457
4609	4723
4772	4750
4674	4575
4467	4348
4222	4099
3991	3900
3835	3802
3803	3828
3867	3913
3958	3987
3997	3993
3976	3957
3939	3928
3926	3934
3947	3956
3962	3965
3969	3980
3992	4002
4007	4013
4027	4055
4091	4119
4133	4137
4137	4137
4137	4137
4137	4137
4137	4137
4140	4148
4180	4248
4339	4428
4509	4589
4682	4784
4887	4992
5087	5172
5240	5293
5328	5338
5309	5230
5126	5037
4984	4955
4938	4922
4915	4927
4966	5039
5134	5239
5336	5331
5451	4130
1537	1539
1544	1553
1568	1581
1592	1605
1625	1643
1662	1675
1686	1698
1709	1712
1703	1682
1651	1618
1591	1570
1557	1553
1553	1557
1570	1591
1619	1654
1695	1733
1764	1771
1753	1717
1681	1646
1619	1595
1579	1572
1577	1585
1593	1605
1632	1679
1718	1712
1670	1631
1588	1513
1423	1415
1546	1794
2131	2569
3193	4071
5074	6001
6910	8054
9451	10793
11843	12563
13014	13251
13318	13261
13138	12992
12776	12432
12056	11844
11859	11986
12095	12137
12097	11993
11876	11817
11862	11993
12136	12210
12170	12062
12010	12130
12369	12533
12485	12219
11803	11343
10992	10898
11144	11689
12395	13080
13597	13922
14152	14395
14605	14609
14354	13983
13669	13531
13601	13840
14172	14517
14815	15032
15176	15319
15600	16126
16727	17087
17136	17107
17225	17530
17911	18210
18334	18311
18264	18348
18640	19096
19534	19770
19812	19853
20035	20370
20768	21113
21283	21182
20806	20246
19652	19192
18966	18967
19116	19327
19610	20022
20500	20841
20878	20585
20116	19718
19612	19883
20458	21139
21723	22071
22100	21833
21421	21071
20878	20791
20758	20782
20897	21117
21415	21701
21866	21823
21560	21191
20933	20984
21326	21761
22133	22426
22647	22779
22803	22721
22565	22388
22236	22137
22095	22095
22096	22062
21984	21899
21837	21817
21842	21923
22060	22255
22485	22721
22938	23123
23266	23374
23479	23616
23761	23888
24083	24471
25031	25571
25923	26085
26227	26520
26872	26915
26249	24573
21689	17697
13331	9629
7046	5347
4259	3730
3650	3756
3808	3713
3544	3458
3512	3647
3744	3727
3606	3462
3383	3411
3523	3642
3692	3643
3521	3418
3536	4111
5274	6845
8208	8618
7872	6436
4976	3990
3594	3592
3684	3670
3537	3404
3352	3381
3461	3576
3672	3700
3663	3628
3632	3670
3721	3770
3808	3829
3833	3826
3808	3786
3760	3728
3697	3668
3650	3639
3642	3654
3675	3706
3742	3784
3829	3881
3934	3986
4030	4064
4080	4066
4030	3992
3973	3988
4043	4144
4289	4452
4609	4723
4772	4748
4670	4561
4440	4307
4172	4051
3955	3885
3833	3801
3788	3790
3812	3849
3890	3919
3937	3946
3948	3936
3913	3897
3896	3911
3935	3952
3961	3966
3976	3994
4017	4035
4045	4050
4065	4093
4127	4154
4167	4171
4172	4172
4172	4172
4172	4172
4172	4172
4174	4184
4217	4283
4375	4460
4531	4599
4680	4766
4859	4949
5032	5109
5178	5238
5286	5303
5267	5171
5049	4958
4922	4924
4939	4953
4968	4990
5023	5070
5126	5185
5231	5188
5269	4030
1624	1624
1626	1630
1635	1639
1644	1648
1655	1666
1673	1677
1681	1689
1701	1718
1725	1716
1685	1648
1612	1585
1566	1557
1557	1566
1585	1612
1649	1693
1748	1804
1852	1869
1851	1805
1747	1688
1640	1603
1578	1565
1563	1567
1570	1585
1623	1690
1750	1748
1687	1634
1611	1598
1571	1535
1533	1615
1851	2317
3049	4004
5021	5962
6951	8232
9746	11111
12090	12735
13161	13415
13480	13353
13108	12858
12609	12303
11998	11854
11910	12044
12131	12144
12087	11983
11883	11853
11917	12054
12194	12255
12201	12078
12017	12129
12358	12524
12493	12262
11901	11506
11213	11156
11404	11915
12560	13165
13602	13864
14034	14211
14364	14360
14164	13880
13652	13576
13682	13940
14284	14631
14921	15113
15216	15310
15557	16073
16672	17011
17007	16911
16979	17275
17683	18028
18202	18219
18205	18307
18614	19078
19522	19761
19823	19925
20190	20577
20947	21170
21154	20870
20364	19763
19221	18874
18767	18872
19095	19356
19678	20130
20644	21014
21068	20780
20303	19899
19795	20069
20637	21285
21810	22069
22017	21692
21273	20961
20837	20828
20854	20900
20993	21176
21423	21656
21762	21649
21311	20869
20575	20651
21071	21585
22016	22345
22590	22739
22769	22682
22515	22327
22167	22061
22018	22025
22043	22029
21979	21912
21867	21864
21916	22035
22217	22451
22710	22955
23161	23314
23418	23486
23569	23698
23856	24001
24223	24655
25264	25832
26167	26280
26374	26664
27049	27106
26377	24555
21516	17463
13127	9455
6869	5186
4155	3679
3610	3686
3703	3612
3486	3443
3508	3611
3667	3635
3532	3421
3355	3371
3455	3550
3596	3562
3464	3388
3482	3897
4687	5691
6494	6649
6104	5219
4399	3857
3632	3624
3683	3682
3588	3448
3337	3303
3366	3503
3634	3676
3637	3595
3600	3642
3698	3753
3799	3826
3837	3837
3828	3815
3797	3766
3726	3681
3645	3622
3613	3617
3635	3663
3708	3757
3814	3874
3934	3994
4050	4092
4103	4067
3998	3937
3915	3939
4007	4122
4278	4448
4607	4723
4772	4747
4666	4551
4419	4273
4130	4010
3924	3869
3830	3799
3772	3760
3768	3798
3834	3864
3888	3910
3923	3917
3894	3874
3874	3893
3923	3947
3961	3968
3979	4003
4033	4058
4071	4078
4091	4117
4153	4181
4196	4199
4199	4199
4199	4199
4199	4199
4199	4199
4202	4210
4239	4299
4378	4457
4523	4587
4660	4742
4830	4914
4990	5059
5124	5184
5228	5242
5202	5101
4978	4894
4875	4902
4939	4974
5005	5036
5064	5091
5115	5129
5134	5061
5118	3938
1662	1663
1664	1665
1667	1668
1669	1670
1674	1675
1678	1678
1680	1686
1699	1721
1739	1734
1704	1663
1629	1598
1573	1561
1561	1573
1598	1629
1664	1712
1768	1828
1874	1894
1876	1827
1759	1691
1632	1592
1568	1558
1557	1560
1567	1583
1622	1691
1749	1745
1676	1620
1608	1631
1635	1591
1519	1515
1696	2170
2951	3945
4982	5961
7027	8412
10006	11394
12343	12941
13334	13558
13577	13368
13031	12720
12470	12212
11977	11885
11964	12098
12184	12195
12136	12025
11917	11875
11928	12060
12201	12276
12247	12153
12095	12174
12340	12447
12392	12190
11909	11639
11480	11520
11795	12254
12790	13262
13589	13774
13894	14019
14137	14153
14047	13888
13780	13788
13935	14192
14502	14801
15033	15169
15220	15270
15484	15968
16549	16884
16885	16788
16838	17110
17510	17881
18121	18228
18296	18442
18737	19142
19508	19696
19767	19935
20292	20727
21061	21161
20968	20520
19923	19332
18889	18684
18722	18937
19232	19529
19862	20305
20794	21144
21187	20909
20453	20075
19982	20248
20771	21339
21751	21899
21764	21423
21044	20812
20770	20832
20907	20968
21042	21172
21345	21504
21547	21393
21039	20605
20339	20466
20948	21517
21981	22329
22582	22732
22758	22661
22489	22290
22122	22009
21965	21973
22000	22002
21967	21917
21882	21887
21957	22100
22308	22572
22851	23108
23311	23453
23540	23600
23682	23823
23993	24146
24370	24812
25440	26029
26374	26470
26528	26774
27133	27188
26482	24683
21640	17532
13097	9329
6727	5147
4276	3881
3748	3679
3586	3499
3465	3488
3530	3549
3530	3484
3427	3367
3318	3308
3342	3391
3417	3400
3348	3315
3394	3661
4134	4706
5149	5238
4956	4494
4056	3739
3581	3561
3613	3645
3607	3499
3382	3325
3368	3488
3608	3648
3610	3571
3580	3627
3688	3747
3796	3825
3838	3842
3839	3833
3816	3786
3741	3691
3648	3619
3602	3599
3613	3639
3682	3737
3796	3858
3924	3989
4053	4101
4109	4061
3980	3910
3889	3917
3990	4111
4273	4446
4607	4723
4772	4745
4664	4544
4408	4258
4111	3990
3910	3861
3830	3799
3765	3745
3746	3771
3807	3839
3866	3892
3910	3907
3885	3864
3862	3885
3919	3945
3960	3968
3980	4007
4041	4068
4082	4090
4104	4132
4167	4195
4209	4212
4213	4213
4213	4213
4213	4213
4213	4213
4214	4220
4239	4282
4344	4412
4477	4548
4627	4719
4818	4905
4979	5041
5093	5134
5162	5162
5117	5027
4917	4850
4845	4883
4930	4973
5011	5046
5077	5097
5104	5093
5075	4987
5036	3886
1675	1675
1675	1675
1675	1676
1676	1676
1678	1679
1680	1680
1680	1683
1697	1720
1740	1734
1705	1664
1628	1597
1570	1557
1557	1570
1597	1628
1665	1713
1765	1817
1853	1867
1850	1804
1736	1668
1612	1574
1558	1553
1555	1567
1582	1603
1638	1696
1738	1721
1651	1596
1595	1633
1656	1611
1522	1486
1643	2108
2897	3899
4957	5986
7130	8592
10241	11652
12595	13171
13522	13680
13613	13309
12894	12552
12328	12137
11972	11925
12016	12156
12259	12289
12237	12115
11976	11890
11906	12014
12164	12273
12306	12269
12233	12256
12311	12298
12178	11990
11813	11715
11747	11940
12270	12677
13082	13404
13610	13724
13796	13876
13957	13998
13985	13962
13986	14087
14275	14509
14761	14976
15121	15182
15186	15201
15385	15824
16369	16710
16761	16707
16761	16994
17361	17743
18061	18288
18474	18675
18936	19226
19463	19577
19662	19908
20350	20815
21095	21058
20693	20106
19457	18926
18625	18594
18784	19108
19458	19786
20122	20534
20967	21254
21260	20979
20558	20221
20153	20404
20867	21327
21607	21630
21418	21082
20779	20647
20697	20830
20949	21022
21071	21132
21215	21280
21255	21080
20752	20379
20190	20389
20924	21523
21999	22348
22594	22734
22750	22650
22470	22266
22087	21968
21920	21930
21961	21968
21945	21907
21882	21899
21975	22130
22354	22635
22934	23205
23420	23566
23654	23717
23808	23967
24151	24307
24513	24939
25572	26181
26559	26668
26700	26883
27174	27217
26592	24943
22014	17861
13231	9246
6565	5105
4449	4161
3949	3693
3468	3401
3493	3593
3596	3505
3396	3332
3316	3305
3276	3242
3222	3218
3216	3218
3225	3258
3336	3484
3695	3938
4153	4270
4250	4090
3848	3613
3461	3432
3494	3570
3598	3556
3477	3424
3440	3515
3590	3609
3577	3553
3570	3622
3684	3745
3794	3825
3839	3843
3842	3837
3822	3792
3748	3702
3661	3629
3607	3598
3604	3624
3661	3710
3767	3833
3900	3971
4040	4088
4092	4045
3964	3899
3877	3910
3986	4109
4271	4446
4607	4723
4772	4745
4664	4543
4406	4252
4105	3985
3907	3859
3830	3799
3763	3741
3741	3764
3800	3831
3857	3887
3909	3906
3882	3861
3860	3883
3918	3945
3960	3968
3982	4011
4045	4073
4087	4094
4110	4138
4173	4199
4211	4215
4216	4216
4216	4216
4216	4216
4216	4216
4216	4219
4228	4250
4287	4342
4414	4503
4601	4713
4828	4926
5001	5055
5090	5105
5103	5081
5031	4952
4865	4815
4817	4856
4904	4952
4995	5037
5071	5093
5095	5075
5046	4954
5002	3866
1675	1675
1676	1676
1676	1676
1677	1677
1677	1677
1677	1677
1678	1681
1693	1711
1728	1719
1690	1648
1611	1577
1553	1539
1539	1553
1577	1611
1649	1695
1743	1783
1809	1814
1799	1756
1700	1638
1588	1557
1550	1550
1561	1579
1604	1633
1669	1712
1737	1705
1634	1583
1591	1643
1677	1639
1548	1503
1644	2096
2872	3872
4948	6032
7246	8777
10466	11893
12835	13387
13688	13764
13588	13179
12691	12332
12148	12042
11962	11964
12073	12228
12360	12418
12377	12240
12060	11918
11884	11964
12121	12278
12384	12422
12407	12361
12274	12116
11906	11720
11646	11732
11982	12340
12743	13113
13400	13582
13686	13741
13779	13810
13842	13885
13953	14053
14192	14373
14582	14790
14963	15085
15142	15142
15113	15121
15282	15674
16170	16522
16634	16641
16702	16894
17209	17592
17986	18346
18651	18906
19112	19268
19361	19414
19539	19873
20379	20842
21036	20851
20322	19627
18974	18548
18427	18587
18926	19335
19725	20077
20420	20794
21146	21343
21288	20996
20607	20321
20286	20531
20935	21294
21450	21358
21081	20758
20539	20507
20643	20843
21010	21096
21117	21104
21081	21036
20940	20749
20467	20184
20093	20368
20945	21557
22031	22369
22607	22735
22744	22639
22456	22244
22055	21930
21878	21886
21914	21926
21911	21888
21876	21905
21991	22151
22387	22681
22997	23288
23517	23676
23771	23839
23939	24110
24306	24458
24652	25060
25688	26320
26740	26885
26908	27024
27233	27263
26752	25315
22568	18411
13559	9276
6413	4994
4520	4348
4083	3683
3361	3336
3556	3731
3699	3512
3323	3230
3232	3254
3243	3203
3148	3093
3061	3078
3153	3265
3376	3446
3458	3440
3469	3612
3786	3828
3690	3474
3314	3276
3349	3471
3568	3602
3582	3546
3533	3549
3572	3566
3544	3536
3565	3620
3683	3744
3793	3825
3839	3844
3844	3839
3826	3795
3755	3713
3679	3646
3619	3600
3598	3610
3636	3677
3733	3795
3867	3941
4012	4059
4063	4018
3947	3890
3875	3908
3986	4109
4271	4445
4607	4723
4772	4745
4664	4543
4405	4252
4105	3985
3906	3859
3831	3799
3763	3740
3740	3763
3799	3831
3857	3887
3909	3906
3882	3860
3859	3883
3918	3945
3960	3968
3982	4011
4046	4075
4090	4097
4112	4139
4173	4199
4211	4215
4216	4216
4216	4216
4216	4216
4216	4216
4216	4214
4212	4210
4225	4271
4358	4470
4598	4734
4870	4979
5055	5095
5109	5097
5063	5015
4953	4880
4813	4777
4785	4823
4873	4926
4974	5021
5058	5081
5082	5060
5031	4938
4986	3854
1674	1674
1674	1674
1674	1674
1674	1674
1674	1674
1674	1674
1675	1677
1683	1696
1702	1691
1657	1617
1577	1546
1522	1508
1508	1522
1546	1577
1618	1660
1704	1736
1750	1745
1725	1691
1648	1599
1558	1536
1537	1544
1562	1589
1627	1666
1705	1743
1754	1714
1638	1596
1616	1683
1728	1699
1604	1552
1681	2119
2881	3878
4971	6099
7384	8965
10679	12106
13032	13551
13790	13774
13488	12975
12425	12059
11930	11914
11929	11996
12134	12312
12472	12555
12525	12376
12160	11971
11889	11943
12105	12310
12487	12597
12601	12487
12259	11952
11647	11455
11465	11714
12149	12664
13134	13480
13677	13762
13795	13820
13833	13813
13785	13815
13932	14119
14340	14565
14772	14933
15031	15071
15064	15037
15014	15039
15195	15541
15983	16335
16507	16575
16643	16789
17048	17425
17883	18358
18767	19056
19196	19216
19187	19216
19418	19844
20382	20795
20873	20535
19874	19120
18519	18243
18326	18672
19142	19603
20002	20365
20717	21059
21322	21409
21269	20950
20586	20355
20369	20625
20991	21275
21336	21159
20836	20528
20373	20422
20634	20895
21106	21210
21204	21116
20983	20829
20655	20450
20219	20029
20038	20380
20980	21590
22056	22385
22611	22735
22740	22632
22445	22225
22027	21895
21837	21837
21863	21878
21875	21867
21873	21914
22012	22181
22426	22731
23062	23373
23623	23792
23895	23965
24067	24245
24448	24603
24787	25184
25805	26457
26920	27109
27138	27206
27342	27363
26969	25775
23265	19179
14159	9546
6375	4846
4442	4363
4098	3632
3273	3304
3629	3863
3802	3562
3330	3213
3202	3235
3247	3217
3142	3052
2991	3018
3152	3348
3516	3560
3446	3244
3129	3249
3512	3653
3556	3341
3167	3121
3203	3360
3522	3632
3670	3658
3622	3585
3555	3528
3512	3522
3562	3620
3682	3744
3792	3825
3839	3844
3844	3839
3826	3797
3759	3722
3692	3661
3628	3604
3593	3601
3618	3653
3704	3764
3834	3907
3977	4020
4023	3984
3926	3882
3873	3908
3986	4109
4271	4445
4607	4723
4772	4745
4664	4543
4405	4251
4105	3985
3906	3859
3831	3798
3763	3739
3739	3763
3798	3831
3857	3887
3909	3906
3882	3860
3859	3883
3918	3945
3960	3968
3982	4011
4046	4075
4090	4097
4111	4137
4170	4196
4209	4212
4213	4213
4213	4213
4213	4213
4213	4213
4212	4209
4198	4180
4176	4220
4321	4462
4622	4787
4939	5058
5132	5161
5152	5110
5048	4974
4896	4823
4765	4743
4754	4795
4848	4904
4957	5003
5039	5058
5058	5041
5014	4920
4964	3834
1658	1658
1658	1658
1658	1658
1658	1658
1658	1658
1658	1658
1658	1658
1660	1664
1658	1638
1605	1567
1530	1499
1473	1457
1457	1473
1499	1530
1568	1606
1643	1668
1675	1663
1643	1614
1582	1547
1517	1507
1514	1532
1560	1600
1648	1698
1744	1778
1787	1744
1673	1636
1666	1745
1803	1780
1687	1624
1744	2171
2924	3912
5020	6194
7539	9161
10874	12278
13169	13636
13807	13699
13310	12709
12109	11748
11682	11769
11884	12026
12204	12408
12590	12694
12670	12512
12275	12052
11935	11973
12143	12384
12621	12783
12804	12642
12303	11881
11498	11290
11349	11695
12249	12856
13371	13700
13843	13872
13875	13896
13904	13855
13776	13782
13917	14147
14395	14623
14795	14897
14926	14913
14880	14869
14890	14965
15134	15442
15828	16167
16386	16504
16586	16696
16906	17268
17770	18322
18805	19101
19170	19068
18952	19004
19318	19826
20350	20667
20607	20130
19386	18637
18147	18053
18341	18855
19415	19888
20276	20640
21002	21310
21474	21441
21206	20847
20502	20326
20397	20681
21038	21281
21289	21064
20718	20426
20306	20406
20666	20977
21229	21354
21330	21178
20945	20684
20434	20212
20028	19929
20027	20412
21008	21597
22050	22376
22603	22727
22731	22622
22428	22203
21999	21860
21791	21790
21813	21835
21840	21846
21867	21925
22039	22221
22479	22794
23140	23466
23733	23920
24032	24101
24199	24373
24573	24734
24924	25316
25927	26586
27086	27324
27379	27419
27507	27530
27255	26304
24081	20178
15106	10186
6603	4774
4275	4216
3988	3545
3207	3288
3669	3922
3847	3602
3384	3264
3234	3260
3299	3290
3213	3093
3002	3025
3191	3452
3684	3752
3598	3310
3101	3161
3405	3549
3453	3231
3046	2987
3067	3246
3459	3634
3729	3741
3692	3614
3543	3499
3488	3510
3558	3619
3682	3744
3792	3825
3839	3844
3844	3839
3826	3797
3760	3726
3700	3667
3633	3605
3593	3594
3608	3636
3681	3739
3803	3872
3931	3969
3974	3946
3905	3873
3870	3908
3986	4109
4271	4445
4607	4723
4772	4745
4664	4543
4405	4251
4105	3985
3906	3859
3831	3798
3763	3739
3739	3763
3798	3831
3857	3887
3909	3906
3882	3860
3859	3883
3918	3945
3960	3968
3982	4011
4046	4075
4090	4097
4109	4131
4162	4184
4196	4199
4199	4199
4199	4199
4199	4199
4199	4199
4199	4194
4177	4153
4143	4192
4305	4473
4662	4850
5015	5143
5216	5238
5209	5145
5060	4963
4868	4785
4730	4712
4733	4777
4833	4889
4939	4980
5009	5025
5025	5010
4987	4895
4935	3802
1623	1623
1623	1623
1623	1623
1623	1623
1623	1623
1623	1623
1622	1621
1618	1608
1590	1563
1529	1494
1460	1430
1403	1390
1390	1403
1430	1460
1493	1527
1560	1579
1583	1573
1553	1533
1511	1491
1475	1471
1489	1518
1557	1609
1670	1725
1775	1810
1818	1776
1713	1684
1727	1819
1892	1873
1779	1712
1823	2240
2981	3963
5087	6311
7713	9360
11053	12403
13233	13636
13738	13551
13080	12411
11779	11433
11433	11621
11843	12061
12282	12507
12704	12813
12794	12635
12390	12157
12026	12058
12240	12500
12768	12962
13001	12818
12431	11950
11521	11289
11348	11712
12289	12911
13421	13727
13839	13856
13865	13909
13938	13887
13792	13778
13909	14132
14362	14544
14654	14689
14668	14629
14609	14648
14744	14890
15095	15371
15699	16014
16260	16427
16530	16626
16806	17148
17663	18252
18762	19043
19044	18850
18686	18797
19228	19803
20275	20459
20246	19664
18893	18216
17882	17989
18465	19108
19714	20178
20537	20900
21274	21543
21611	21453
21122	20722
20385	20251
20378	20701
21071	21307
21298	21062
20716	20431
20327	20441
20727	21067
21358	21509
21484	21290
20977	20622
20299	20054
19909	19886
20049	20451
21017	21570
22005	22327
22561	22691
22701	22591
22400	22173
21966	21818
21749	21743
21769	21795
21807	21819
21853	21929
22061	22263
22537	22868
23227	23568
23853	24055
24176	24248
24339	24489
24680	24847
25061	25454
26055	26708
27230	27514
27611	27657
27724	27759
27591	26869
24966	21374
16420	11289
7235	4937
4144	3993
3801	3436
3164	3276
3652	3878
3787	3576
3423	3336
3306	3332
3395	3411
3337	3188
3054	3047
3212	3498
3774	3888
3768	3491
3255	3247
3411	3496
3384	3163
2975	2900
2963	3141
3381	3606
3754	3796
3742	3638
3534	3474
3469	3502
3555	3619
3682	3744
3792	3825
3839	3844
3844	3839
3826	3797
3761	3729
3703	3670
3635	3608
3594	3592
3601	3624
3659	3709
3767	3828
3881	3913
3921	3905
3881	3864
3868	3908
3986	4109
4271	4445
4607	4723
4772	4745
4664	4543
4405	4251
4105	3985
3906	3859
3831	3798
3763	3739
3739	3763
3798	3831
3857	3887
3909	3906
3882	3860
3859	3883
3918	3945
3960	3968
3982	4011
4046	4075
4090	4096
4105	4122
4144	4160
4169	4172
4172	4172
4172	4172
4172	4172
4172	4172
4171	4167
4153	4133
4130	4183
4309	4488
4693	4894
5068	5202
5279	5300
5263	5187
5086	4976
4867	4774
4712	4695
4718	4765
4820	4873
4917	4954
4981	4994
4994	4983
4960	4865
4908	3759
1557	1557
1557	1557
1557	1557
1557	1557
1557	1557
1557	1557
1557	1554
1546	1526
1498	1464
1432	1399
1366	1335
1311	1297
1297	1311
1335	1366
1399	1429
1456	1476
1485	1481
1470	1461
1450	1440
1432	1440
1461	1501
1556	1624
1695	1756
1802	1832
1833	1791
1735	1717
1774	1882
1969	1959
1862	1787
1891	2294
3023	4004
5150	6433
7900	9566
11218	12489
13235	13565
13600	13351
12824	12113
11464	11144
11211	11491
11815	12109
12370	12605
12804	12912
12897	12744
12508	12282
12160	12199
12387	12657
12927	13128
13174	13006
12634	12159
11722	11467
11482	11788
12299	12851
13299	13563
13663	13690
13732	13817
13889	13877
13807	13798
13909	14084
14249	14357
14388	14361
14305	14267
14291	14401
14587	14817
15062	15316
15587	15868
16134	16346
16487	16598
16769	17096
17596	18173
18667	18915
18860	18608
18438	18619
19158	19760
20150	20181
19835	19191
18454	17902
17743	18036
18662	19394
20021	20463
20795	21155
21527	21756
21728	21465
21050	20607
20272	20170
20335	20693
21087	21331
21330	21109
20779	20502
20395	20505
20792	21154
21473	21653
21639	21425
21062	20636
20252	19983
19862	19892
20095	20488
20998	21496
21904	22227
22471	22614
22632	22530
22341	22119
21917	21771
21704	21703
21732	21759
21773	21786
21831	21922
22077	22300
22594	22945
23320	23676
23976	24197
24332	24410
24485	24610
24773	24954
25200	25610
26194	26823
27346	27669
27822	27902
27978	28030
27944	27417
25858	22695
18052	12858
8355	5458
4187	3800
3594	3323
3136	3254
3566	3722
3615	3463
3404	3390
3387	3430
3508	3540
3462	3291
3117	3061
3184	3450
3732	3889
3844	3644
3442	3385
3454	3470
3346	3141
2956	2863
2896	3053
3296	3547
3735	3808
3767	3647
3523	3450
3450	3492
3553	3619
3682	3744
3792	3825
3839	3844
3844	3839
3826	3797
3761	3729
3705	3675
3643	3614
3598	3590
3594	3607
3633	3671
3721	3774
3824	3856
3866	3865
3858	3855
3866	3907
3986	4109
4271	4445
4607	4723
4772	4745
4664	4543
4405	4251
4105	3985
3906	3859
3831	3798
3763	3739
3739	3763
3798	3831
3857	3887
3909	3906
3882	3860
3859	3883
3918	3945
3960	3968
3982	4011
4046	4075
4090	4095
4100	4109
4122	4131
4136	4137
4137	4137
4137	4137
4137	4137
4137	4137
4137	4134
4126	4116
4127	4188
4314	4492
4699	4901
5075	5212
5298	5322
5288	5208
5106	4995
4882	4782
4709	4684
4703	4751
4803	4851
4890	4923
4950	4966
4966	4951
4927	4836
4884	3714
1465	1465
1465	1465
1465	1465
1465	1465
1465	1465
1465	1465
1464	1460
1449	1423
1386	1345
1308	1273
1239	1210
1187	1174
1174	1187
1210	1239
1273	1305
1337	1363
1383	1392
1393	1391
1388	1386
1389	1405
1439	1493
1564	1646
1725	1787
1827	1843
1827	1777
1725	1720
1791	1913
2012	2009
1909	1829
1922	2310
3026	4005
5183	6539
8087	9780
11372	12541
13181	13434
13413	13126
12568	11842
11193	10906
11042	11414
11825	12181
12468	12705
12889	12988
12974	12836
12624	12422
12327	12385
12584	12843
13094	13270
13312	13169
12855	12440
12040	11777
11732	11926
12294	12712
13059	13269
13364	13418
13500	13629
13755	13815
13816	13838
13914	14016
14087	14101
14056	13978
13907	13894
13976	14166
14441	14747
15030	15266
15482	15728
16009	16266
16467	16624
16816	17132
17598	18126
18566	18763
18666	18398
18251	18504
19107	19698
19979	19872
19430	18781
18131	17725
17734	18169
18889	19665
20302	20736
21060	21409
21762	21940
21835	21485
21009	20538
20206	20121
20306	20678
21083	21336
21352	21156
20856	20593
20484	20577
20848	21212
21547	21758
21767	21556
21167	20698
20270	19981
19873	19936
20157	20513
20950	21382
21760	22081
22335	22490
22520	22431
22252	22042
21851	21717
21660	21665
21699	21726
21739	21754
21806	21909
22081	22327
22647	23017
23409	23781
24099	24339
24492	24579
24642	24734
24877	25079
25372	25808
26361	26938
27433	27785
28001	28135
28238	28305
28268	27892
26668	24023
19860	14781
9923	6397
4512	3748
3443	3238
3124	3223
3434	3500
3382	3294
3332	3404
3448	3510
3591	3624
3543	3359
3159	3060
3125	3327
3572	3746
3775	3678
3546	3481
3479	3447
3328	3153
2981	2874
2871	2986
3201	3457
3670	3774
3748	3630
3498	3425
3430	3482
3549	3618
3682	3744
3792	3825
3839	3844
3844	3839
3826	3797
3761	3730
3708	3684
3655	3627
3606	3594
3588	3593
3609	3634
3675	3721
3765	3797
3814	3824
3836	3846
3864	3907
3986	4109
4271	4445
4607	4723
4772	4745
4664	4543
4405	4251
4105	3985
3906	3859
3831	3798
3763	3739
3739	3763
3798	3831
3857	3887
3909	3906
3882	3860
3859	3883
3918	3945
3960	3968
3982	4011
4046	4075
4090	4094
4096	4100
4104	4108
4110	4110
4110	4110
4110	4110
4110	4110
4110	4110
4110	4108
4105	4107
4124	4191
4312	4478
4668	4859
5027	5163
5252	5282
5252	5182
5092	4991
4887	4788
4708	4673
4684	4725
4776	4823
4863	4894
4918	4934
4934	4920
4901	4813
4868	3669
1353	1353
1353	1353
1353	1353
1353	1353
1353	1353
1353	1353
1352	1348
1335	1305
1261	1213
1169	1131
1097	1066
1042	1027
1027	1042
1066	1097
1131	1168
1208	1252
1288	1312
1323	1326
1326	1332
1345	1376
1423	1493
1580	1672
1755	1817
1848	1841
1796	1723
1669	1672
1760	1897
2002	2003
1905	1817
1895	2269
2973	3951
5171	6625
8282	10009
11537	12587
13109	13274
13207	12902
12341	11618
10990	10747
10949	11399
11881	12280
12575	12798
12960	13046
13028	12908
12732	12578
12524	12611
12810	13050
13260	13386
13395	13272
13025	12703
12378	12135
12037	12101
12293	12538
12761	12917
13019	13113
13240	13406
13581	13725
13819	13883
13925	13936
13907	13831
13724	13613
13546	13570
13715	13979
14328	14691
14999	15213
15381	15596
15887	16195
16468	16698
16936	17257
17675	18129
18489	18629
18516	18267
18169	18471
19082	19609
19774	19559
19077	18473
17947	17693
17828	18344
19098	19887
20540	20996
21334	21674
21981	22095
21922	21520
21009	20530
20209	20137
20322	20682
21065	21311
21334	21164
20897	20660
20554	20631
20881	21227
21569	21807
21848	21656
21265	20779
20324	20019
19914	19994
20211	20517
20871	21230
21576	21897
22162	22331
22376	22301
22138	21944
21776	21663
21621	21635
21673	21701
21714	21730
21780	21892
22080	22350
22693	23080
23488	23876
24217	24477
24649	24741
24797	24866
25006	25245
25602	26058
26567	27064
27502	27859
28137	28341
28481	28555
28531	28256
27335	25240
21668	16877
11817	7711
5152	3893
3388	3191
3128	3200
3305	3286
3167	3137
3250	3390
3481	3549
3609	3617
3531	3359
3173	3062
3073	3195
3366	3516
3591	3587
3537	3493
3462	3413
3323	3191
3040	2922
2873	2934
3104	3340
3563	3693
3688	3588
3467	3400
3413	3474
3545	3617
3682	3744
3792	3825
3839	3844
3844	3839
3826	3797
3762	3731
3713	3695
3672	3643
3615	3591
3580	3575
3581	3600
3630	3670
3708	3741
3767	3791
3815	3837
3862	3907
3986	4109
4271	4445
4607	4723
4772	4745
4664	4543
4405	4251
4105	3985
3906	3859
3831	3798
3763	3739
3739	3763
3798	3831
3857	3887
3909	3906
3882	3860
3859	3883
3918	3945
3960	3968
3982	4011
4046	4075
4090	4094
4095	4095
4095	4096
4096	4096
4096	4096
4096	4096
4096	4096
4096	4096
4095	4094
4093	4095
4116	4175
4281	4430
4598	4764
4914	5043
5130	5166
5151	5099
5030	4950
4865	4772
4694	4651
4658	4693
4746	4794
4837	4869
4890	4901
4902	4893
4879	4793
4853	3619
1233	1233
1233	1233
1233	1233
1233	1233
1233	1233
1233	1233
1232	1228
1212	1180
1131	1078
1027	984
948	918
892	876
876	892
918	948
984	1028
1082	1142
1199	1238
1256	1264
1270	1283
1308	1350
1414	1497
1596	1696
1786	1851
1871	1830
1737	1631
1563	1578
1680	1830
1943	1946
1844	1747
1816	2176
2868	3853
5124	6693
8476	10252
11717	12646
13047	13124
13014	12702
12158	11462
10867	10675
10938	11457
11991	12405
12688	12881
13017	13082
13062	12964
12831	12735
12736	12856
13056	13263
13415	13472
13426	13284
13076	12843
12627	12450
12329	12276
12291	12361
12464	12581
12706	12858
13034	13230
13435	13648
13831	13934
13934	13862
13740	13591
13437	13315
13271	13341
13543	13863
14257	14649
14960	15150
15280	15469
15767	16125
16482	16803
17113	17450
17824	18190
18458	18545
18437	18240
18199	18519
19077	19500
19552	19272
18799	18292
17901	17774
17984	18511
19246	20025
20708	21227
21613	21940
22181	22218
21994	21568
21059	20603
20305	20238
20403	20715
21042	21251
21263	21110
20872	20670
20584	20654
20874	21198
21542	21800
21875	21716
21341	20854
20385	20069
19959	20041
20244	20500
20770	21063
21378	21700
21975	22157
22217	22156
22011	21841
21695	21608
21583	21608
21654	21686
21700	21715
21765	21879
22080	22369
22729	23137
23558	23964
24321	24605
24790	24891
24941	25003
25156	25454
25879	26358
26809	27206
27559	27903
28232	28507
28687	28754
28709	28481
27804	26228
23296	18922
13830	9258
6040	4232
3444	3193
3159	3201
3225	3158
3057	3066
3215	3387
3492	3539
3543	3501
3410	3286
3163	3089
3078	3126
3203	3294
3374	3427
3448	3434
3400	3365
3321	3242
3122	2991
2900	2897
3014	3215
3435	3580
3607	3531
3430	3377
3399	3466
3543	3616
3680	3744
3792	3825
3839	3844
3844	3839
3826	3797
3762	3733
3717	3704
3685	3658
3620	3586
3560	3549
3550	3565
3593	3627
3662	3696
3727	3765
3803	3832
3860	3907
3986	4109
4271	4445
4607	4723
4772	4745
4664	4543
4405	4251
4105	3985
3906	3859
3831	3799
3763	3740
3739	3763
3798	3831
3857	3887
3909	3906
3882	3860
3859	3883
3918	3945
3960	3968
3982	4011
4046	4075
4090	4093
4092	4091
4088	4088
4086	4085
4085	4085
4085	4085
4085	4085
4085	4085
4085	4084
4079	4075
4087	4129
4218	4337
4473	4612
4744	4858
4944	4987
4993	4967
4926	4877
4813	4736
4663	4625
4629	4667
4719	4774
4821	4854
4869	4875
4875	4871
4863	4777
4832	3565
1120	1120
1120	1120
1120	1120
1120	1120
1120	1120
1120	1120
1118	1114
1097	1062
1011	952
898	850
809	777
757	746
746	757
777	809
850	901
963	1038
1111	1163
1191	1204
1219	1239
1278	1330
1407	1499
1608	1716
1814	1878
1883	1801
1656	1509
1428	1450
1565	1725
1844	1849
1746	1648
1707	2055
2733	3726
5056	6747
8665	10498
11915	12728
13014	13005
12852	12540
12027	11370
10821	10677
10999	11570
12137	12550
12804	12960
13063	13109
13085	13006
12916	12883
12943	13099
13300	13468
13551	13526
13402	13206
12992	12831
12734	12650
12545	12410
12283	12208
12219	12317
12489	12706
12932	13144
13363	13615
13856	13977
13941	13796
13603	13402
13227	13115
13102	13216
13461	13814
14225	14618
14916	15081
15182	15350
15654	16054
16493	16918
17310	17678
18016	18298
18478	18520
18431	18306
18320	18620
19077	19377
19337	19029
18612	18218
17959	17925
18161	18647
19323	20081
20811	21419
21880	22201
22360	22312
22046	21630
21156	20739
20470	20406
20530	20777
21027	21170
21146	20987
20776	20616
20565	20641
20838	21135
21476	21754
21865	21744
21395	20914
20442	20113
19996	20072
20258	20463
20659	20895
21186	21506
21794	21991
22067	22019
21889	21739
21616	21551
21546	21587
21642	21679
21691	21708
21759	21878
22087	22387
22766	23186
23621	24042
24417	24712
24911	25017
25068	25138
25322	25689
26189	26678
27066	27353
27616	27930
28293	28629
28844	28899
28809	28578
28074	26940
24609	20723
15751	10865
7065	4706
3590	3234
3202	3237
3222	3147
3085	3124
3261	3407
3486	3473
3394	3289
3201	3149
3138	3152
3160	3158
3148	3157
3205	3280
3342	3350
3324	3313
3323	3301
3211	3069
2933	2873
2931	3095
3303	3463
3520	3477
3400	3363
3394	3465
3541	3615
3680	3742
3790	3821
3835	3839
3839	3835
3822	3795
3760	3733
3718	3708
3692	3661
3618	3574
3538	3519
3517	3531
3558	3589
3622	3657
3697	3744
3792	3828
3859	3905
3986	4109
4272	4445
4607	4723
4772	4745
4664	4543
4406	4251
4105	3985
3907	3859
3831	3799
3764	3740
3740	3762
3799	3830
3857	3887
3909	3906
3882	3860
3858	3883
3917	3945
3960	3968
3982	4009
4044	4072
4086	4089
4088	4085
4080	4076
4073	4073
4073	4073
4073	4073
4073	4073
4073	4073
4073	4070
4059	4044
4036	4058
4119	4207
4310	4420
4529	4633
4717	4774
4802	4807
4797	4777
4740	4681
4622	4591
4605	4649
4705	4763
4811	4844
4859	4864
4864	4860
4850	4759
4809	3512
1019	1019
1019	1019
1019	1019
1019	1019
1019	1019
1019	1019
1018	1013
994	955
899	842
789	742
703	674
658	652
652	658
674	703
743	794
859	941
1028	1096
1131	1155
1179	1211
1256	1317
1400	1501
1614	1727
1828	1891
1881	1764
1569	1389
1297	1320
1443	1608
1729	1736
1642	1549
1603	1932
2590	3584
4973	6785
8835	10728
12105	12827
13011	12921
12717	12397
11909	11308
10820	10738
11112	11723
12309	12715
12936	13053
13127	13144
13107	13033
12981	13002
13123	13318
13524	13653
13665	13556
13346	13070
12823	12706
12709	12725
12652	12477
12264	12098
12063	12171
12398	12678
12945	13160
13371	13628
13887	14010
13941	13738
13491	13267
13103	13026
13052	13191
13444	13797
14201	14585
14866	15013
15098	15251
15554	15989
16498	17015
17492	17900
18217	18426
18528	18533
18470	18410
18467	18725
19061	19233
19126	18832
18490	18215
18072	18108
18338	18766
19367	20093
20859	21563
22103	22420
22497	22372
22085	21697
21276	20904
20657	20583
20668	20851
21027	21092
21013	20830
20633	20515
20510	20606
20792	21068
21401	21694
21837	21752
21433	20971
20497	20160
20034	20098
20264	20423
20564	20752
21026	21348
21651	21864
21952	21914
21794	21656
21548	21497
21509	21565
21633	21676
21693	21709
21767	21892
22105	22413
22798	23231
23679	24109
24493	24800
25010	25123
25184	25274
25497	25924
26477	26972
27305	27503
27689	27973
28356	28727
28962	28993
28844	28582
28183	27383
25574	22191
17459	12419
8146	5272
3801	3298
3244	3280
3264	3229
3231	3296
3393	3468
3466	3365
3191	3037
2967	3008
3121	3239
3294	3270
3197	3137
3139	3204
3275	3292
3265	3272
3325	3349
3285	3136
2965	2856
2868	2997
3189	3357
3436	3424
3375	3355
3393	3465
3543	3613
3677	3737
3785	3816
3830	3834
3834	3830
3817	3790
3755	3726
3710	3702
3686	3655
3611	3562
3519	3495
3489	3503
3526	3557
3588	3622
3667	3723
3778	3825
3859	3906
3986	4109
4272	4447
4607	4722
4771	4744
4663	4542
4404	4253
4106	3987
3910	3864
3834	3803
3766	3744
3743	3764
3798	3829
3856	3885
3907	3904
3881	3860
3858	3881
3915	3942
3957	3965
3977	4004
4037	4064
4077	4080
4076	4067
4057	4047
4043	4042
4042	4042
4042	4042
4042	4042
4042	4042
4041	4037
4021	3993
3969	3973
4011	4072
4142	4225
4317	4410
4497	4565
4614	4646
4663	4672
4661	4624
4580	4562
4584	4634
4693	4752
4803	4834
4849	4854
4854	4851
4837	4739
4785	3466
937	937
937	937
937	937
937	937
937	937
937	937
936	931
910	866
809	755
709	672
636	610
598	594
594	598
610	636
672	715
774	857
952	1030
1081	1120
1160	1201
1250	1315
1402	1505
1616	1724
1817	1873
1852	1720
1512	1312
1207	1226
1347	1507
1622	1642
1575	1501
1550	1836
2442	3422
4868	6796
8966	10915
12277	12937
13042	12858
12566	12199
11729	11203
10815	10820
11249	11894
12497	12900
13101	13193
13230	13218
13156	13075
13039	13102
13275	13509
13719	13822
13773	13589
13296	12958
12680	12581
12633	12698
12652	12476
12240	12058
12026	12161
12429	12743
13024	13229
13412	13645
13886	13992
13891	13641
13360	13158
13074	13079
13136	13246
13440	13749
14141	14521
14798	14947
15034	15187
15488	15939
16494	17085
17633	18077
18379	18531
18564	18530
18483	18473
18559	18763
18986	19052
18905	18641
18389	18229
18197	18299
18537	18916
19446	20126
20903	21661
22252	22566
22585	22398
22098	21747
21385	21049
20806	20713
20776	20934
21065	21067
20911	20678
20476	20396
20444	20574
20765	21031
21354	21653
21814	21761
21475	21036
20580	20248
20122	20179
20321	20434
20520	20671
20932	21262
21579	21804
21896	21860
21738	21597
21492	21450
21481	21560
21644	21699
21723	21748
21814	21946
22163	22469
22855	23294
23747	24179
24565	24874
25096	25229
25314	25433
25691	26147
26707	27187
27485	27648
27809	28085
28468	28843
29067	29063
28856	28553
28206	27639
26258	23398
19043	13997
9349	5964
4089	3370
3252	3276
3278	3314
3421	3539
3595	3565
3437	3232
3003	2843
2814	2934
3136	3323
3410	3384
3281	3182
3151	3198
3263	3271
3237	3246
3311	3355
3308	3165
2984	2858
2842	2945
3114	3275
3369	3383
3357	3358
3404	3475
3547	3610
3668	3719
3762	3789
3801	3804
3804	3801
3789	3765
3733	3706
3690	3679
3662	3634
3591	3545
3505	3482
3474	3481
3498	3523
3553	3585
3630	3692
3762	3820
3861	3909
3989	4113
4276	4450
4608	4720
4766	4742
4659	4539
4402	4253
4113	4000
3924	3876
3844	3811
3777	3752
3749	3766
3796	3827
3854	3882
3904	3900
3878	3856
3856	3877
3906	3929
3940	3947
3961	3984
4016	4039
4051	4052
4046	4032
4014	4001
3994	3992
3992	3992
3992	3992
3992	3992
3992	3992
3991	3985
3967	3936
3902	3898
3921	3962
4012	4073
4149	4235
4322	4398
4460	4508
4543	4573
4583	4568
4537	4530
4553	4605
4665	4726
4777	4811
4830	4837
4837	4830
4816	4713
4760	3424
866	866
866	866
866	866
866	866
866	866
866	866
865	859
840	796
743	693
660	631
607	588
580	576
576	580
588	607
632	665
713	795
894	983
1048	1106
1162	1218
1275	1343
1425	1521
1618	1707
1781	1825
1804	1695
1510	1315
1190	1193
1299	1437
1539	1579
1568	1543
1578	1787
2288	3232
4733	6773
9051	11061
12424	13058
13099	12795
12354	11881
11413	10997
10771	10902
11397	12072
12700	13119
13324	13395
13405	13352
13254	13151
13116	13201
13410	13678
13901	13981
13882	13629
13286	12935
12676	12578
12600	12631
12574	12418
12229	12107
12120	12285
12556	12856
13111	13290
13441	13634
13828	13897
13758	13460
13166	13049
13129	13269
13348	13354
13402	13619
14004	14408
14707	14884
15006	15172
15465	15914
16489	17123
17719	18190
18477	18576
18547	18468
18416	18426
18524	18689
18828	18820
18650	18427
18260	18217
18306	18503
18783	19150
19628	20244
20975	21717
22313	22613
22600	22375
22067	21752
21443	21130
20871	20758
20834	21022
21167	21124
20883	20577
20350	20295
20390	20562
20770	21038
21353	21645
21814	21779
21523	21123
20705	20405
20300	20360
20476	20541
20569	20679
20935	21273
21601	21827
21909	21856
21717	21559
21450	21415
21467	21575
21689	21771
21814	21852
21929	22066
22282	22584
22966	23396
23846	24270
24649	24961
25194	25353
25478	25644
25932	26365
26868	27304
27599	27798
28001	28298
28670	29006
29181	29129
28880	28550
28231	27817
26797	24496
20663	15764
10803	6881
4508	3474
3214	3186
3195	3319
3568	3782
3823	3671
3401	3113
2894	2794
2828	2982
3194	3366
3440	3402
3298	3205
3174	3214
3269	3265
3220	3211
3256	3290
3252	3134
2989	2886
2873	2954
3093	3231
3319	3348
3349	3371
3427	3495
3554	3603
3646	3685
3716	3737
3745	3747
3747	3745
3737	3717
3691	3662
3641	3624
3610	3589
3557	3521
3491	3471
3465	3470
3479	3498
3521	3549
3591	3662
3749	3817
3864	3914
3993	4118
4278	4452
4608	4717
4758	4733
4653	4535
4398	4258
4130	4028
3955	3904
3866	3832
3800	3774
3761	3768
3791	3819
3847	3875
3894	3890
3871	3853
3850	3865
3888	3906
3915	3920
3928	3946
3968	3987
3996	3996
3990	3976
3958	3945
3938	3936
3936	3936
3936	3936
3936	3936
3936	3936
3935	3930
3916	3887
3859	3855
3878	3911
3946	3992
4056	4135
4217	4295
4358	4409
4450	4488
4509	4507
4489	4483
4504	4551
4609	4669
4723	4763
4789	4800
4800	4790
4770	4666
4715	3377
807	807
807	807
807	807
807	807
807	807
807	807
806	802
783	745
697	658
633	617
603	594
590	588
588	590
594	603
617	638
679	757
854	950
1029	1104
1182	1253
1319	1387
1463	1544
1621	1688
1737	1763
1755	1687
1553	1374
1234	1207
1295	1406
1493	1557
1616	1649
1674	1780
2163	3057
4612	6758
9122	11169
12541	13157
13143	12705
12083	11479
11012	10725
10693	10969
11534	12236
12890	13331
13545	13612
13593	13505
13370	13239
13192	13288
13524	13816
14053	14120
13978	13677
13317	13007
12807	12703
12646	12579
12472	12340
12232	12206
12295	12485
12741	12996
13202	13343
13456	13593
13721	13736
13551	13213
12923	12917
13182	13474
13568	13458
13342	13466
13847	14289
14626	14849
15018	15213
15502	15936
16510	17160
17777	18253
18516	18564
18471	18340
18262	18271
18373	18515
18610	18562
18392	18205
18120	18188
18400	18704
19058	19443
19886	20430
21079	21750
22298	22583
22560	22316
21997	21706
21442	21145
20863	20741
20854	21114
21310	21246
20921	20531
20275	20235
20367	20574
20807	21078
21389	21667
21827	21800
21571	21215
20851	20601
20530	20602
20699	20715
20683	20758
21001	21348
21682	21902
21963	21882
21714	21537
21417	21389
21462	21603
21762	21882
21952	22016
22106	22247
22463	22756
23124	23540
23970	24382
24752	25066
25316	25507
25680	25897
26200	26586
27000	27378
27691	27965
28245	28567
28904	29168
29271	29176
28921	28603
28315	27995
27271	25529
22311	17691
12523	8070
5128	3676
3185	3054
3042	3230
3597	3906
3952	3717
3344	3030
2881	2880
2976	3125
3270	3363
3373	3312
3222	3157
3149	3196
3247	3245
3197	3168
3180	3186
3148	3069
2983	2931
2939	3008
3112	3214
3286	3322
3346	3389
3454	3518
3564	3594
3620	3641
3660	3671
3677	3678
3678	3677
3671	3658
3636	3609
3582	3562
3547	3532
3513	3494
3477	3465
3461	3463
3467	3478
3492	3513
3557	3637
3735	3814
3863	3912
3989	4113
4274	4448
4600	4706
4745	4718
4638	4522
4389	4262
4152	4063
3992	3939
3896	3860
3830	3800
3777	3771
3784	3811
3842	3869
3883	3880
3863	3849
3846	3853
3866	3875
3879	3882
3888	3899
3912	3923
3927	3927
3923	3913
3902	3893
3888	3887
3887	3887
3887	3887
3887	3887
3887	3887
3886	3883
3871	3853
3835	3840
3863	3895
3923	3965
4021	4091
4166	4238
4295	4341
4380	4418
4442	4445
4428	4421
4440	4482
4538	4598
4654	4700
4732	4749
4749	4733
4709	4606
4658	3327
765	765
765	765
765	765
765	765
765	765
765	765
765	759
744	713
672	638
623	614
609	604
603	601
601	603
604	609
615	629
663	735
833	931
1021	1109
1200	1284
1356	1426
1494	1563
1623	1669
1697	1712
1716	1688
1601	1441
1283	1237
1307	1397
1470	1558
1670	1750
1766	1802
2103	2976
4587	6806
9210	11260
12608	13191
13114	12565
11807	11113
10661	10497
10623	11021
11638	12362
13027	13482
13691	13743
13702	13591
13434	13287
13239	13345
13596	13905
14145	14203
14042	13720
13366	13118
12983	12878
12733	12561
12390	12266
12226	12293
12458	12693
12945	13165
13326	13426
13497	13574
13624	13567
13336	12977
12707	12769
13136	13505
13624	13479
13304	13390
13772	14235
14602	14869
15085	15309
15600	16024
16587	17229
17839	18292
18522	18524
18375	18192
18073	18061
18151	18287
18374	18331
18183	18044
18027	18183
18492	18885
19303	19710
20134	20622
21187	21772
22265	22524
22495	22242
21912	21638
21407	21126
20839	20724
20878	21199
21440	21360
20969	20522
20245	20219
20376	20604
20847	21120
21420	21686
21836	21809
21598	21279
20961	20759
20722	20809
20898	20875
20800	20840
21077	21426
21761	21968
22009	21899
21708	21520
21394	21374
21460	21626
21822	21982
22095	22190
22299	22452
22666	22951
23303	23696
24108	24506
24875	25195
25461	25680
25895	26151
26470	26814
27158	27495
27827	28151
28474	28786
29055	29235
29281	29180
28968	28709
28464	28201
27674	26401
23790	19571
14374	9521
6021	4079
3277	2991
2922	3102
3479	3801
3846	3605
3241	2980
2920	3004
3137	3259
3329	3331
3270	3182
3099	3056
3069	3125
3182	3193
3159	3129
3113	3095
3057	3010
2974	2970
3000	3060
3134	3202
3254	3293
3334	3396
3471	3532
3568	3584
3594	3604
3612	3617
3619	3620
3620	3619
3616	3608
3592	3562
3530	3507
3492	3483
3477	3469
3462	3458
3456	3456
3457	3461
3469	3487
3529	3617
3722	3805
3850	3894
3969	4091
4251	4425
4579	4681
4721	4695
4617	4505
4377	4262
4165	4089
4023	3965
3917	3881
3852	3822
3791	3774
3780	3806
3837	3865
3875	3871
3857	3844
3840	3842
3847	3850
3852	3854
3856	3860
3864	3869
3871	3871
3869	3865
3861	3858
3856	3855
3855	3855
3855	3855
3855	3855
3855	3855
3855	3852
3843	3826
3816	3824
3850	3877
3907	3945
3998	4063
4131	4194
4246	4286
4319	4353
4376	4380
4369	4362
4380	4421
4476	4537
4593	4641
4674	4690
4690	4676
4652	4547
4600	3282
747	747
747	747
747	747
747	747
747	747
747	747
746	742
728	699
662	633
619	615
613	612
611	610
610	611
612	613
616	626
657	727
823	923
1017	1112
1209	1298
1376	1445
1510	1573
1625	1663
1680	1689
1701	1697
1635	1482
1315	1255
1319	1399
1467	1566
1701	1800
1816	1835
2122	3021
4686	6946
9346	11349
12622	13128
12977	12353
11537	10829
10422	10356
10585	11057
11706	12441
13111	13556
13746	13777
13717	13599
13437	13300
13263	13387
13651	13968
14204	14258
14087	13768
13441	13240
13153	13045
12835	12573
12341	12203
12200	12337
12575	12864
13144	13364
13504	13567
13588	13588
13546	13407
13138	12797
12562	12626
12951	13296
13447	13390
13308	13440
13817	14270
14659	14959
15211	15454
15757	16180
16732	17350
17925	18337
18519	18472
18271	18040
17877	17832
17906	18041
18148	18145
18049	17973
18019	18239
18604	19046
19491	19910
20322	20771
21275	21797
22234	22464
22427	22169
21832	21569
21364	21111
20842	20745
20925	21275
21528	21429
21000	20522
20243	20235
20404	20640
20879	21141
21429	21682
21825	21799
21603	21309
21018	20846
20834	20932
21016	20974
20867	20886
21114	21466
21797	21998
22022	21900
21699	21505
21380	21362
21453	21631
21849	22048
22207	22344
22483	22655
22876	23153
23488	23863
24257	24647
25014	25343
25627	25870
26109	26391
26718	27053
27376	27699
28030	28355
28652	28900
29084	29186
29204	29138
29012	28852
28668	28422
27998	27066
25002	21285
16294	11241
7248	4763
3554	3053
2884	2984
3256	3489
3516	3341
3097	2951
2973	3097
3233	3322
3340	3285
3181	3066
2977	2937
2955	3012
3077	3112
3112	3097
3077	3047
3009	2977
2967	2982
3023	3077
3134	3181
3222	3260
3314	3387
3468	3528
3558	3569
3570	3573
3575	3576
3576	3576
3576	3576
3576	3571
3556	3529
3495	3468
3453	3449
3446	3444
3442	3441
3440	3440
3441	3442
3446	3461
3506	3599
3709	3792
3830	3866
3935	4054
4210	4382
4535	4644
4688	4665
4591	4482
4365	4259
4174	4103
4039	3978
3928	3891
3862	3831
3797	3775
3778	3802
3836	3862
3873	3866
3854	3842
3837	3835
3837	3837
3837	3837
3838	3838
3840	3840
3840	3840
3840	3840
3838	3838
3837	3837
3837	3837
3837	3837
3837	3837
3837	3837
3836	3834
3823	3802
3784	3785
3806	3836
3865	3904
3956	4018
4079	4138
4187	4223
4251	4280
4307	4314
4308	4311
4336	4381
4437	4495
4552	4599
4628	4643
4643	4630
4606	4504
4552	3249
742	742
742	742
742	742
742	742
742	742
742	742
741	737
724	696
661	634
620	616
615	615
615	615
615	615
615	615
617	626
658	726
821	922
1016	1112
1213	1305
1383	1451
1515	1576
1626	1660
1675	1686
1700	1707
1656	1507
1332	1268
1327	1412
1482	1581
1716	1812
1834	1870
2202	3163
4885	7161
9517	11425
12583	12976
12736	12065
11245	10581
10247	10266
10569	11088
11758	12501
13172	13604
13774	13780
13711	13587
13441	13329
13322	13471
13748	14061
14292	14339
14176	13871
13568	13400
13334	13209
12946	12611
12317	12154
12171	12361
12670	13026
13348	13583
13712	13743
13701	13604
13448	13221
12938	12659
12489	12511
12703	12939
13115	13217
13327	13560
13933	14366
14768	15102
15377	15644
15964	16393
16930	17513
18031	18381
18498	18395
18151	17876
17667	17586
17637	17778
17920	17979
17964	17966
18079	18348
18744	19199
19647	20065
20464	20888
21352	21824
22215	22415
22365	22101
21763	21510
21330	21111
20882	20809
21001	21348
21587	21462
21010	20525
20255	20259
20443	20674
20900	21144
21417	21660
21802	21786
21602	21325
21054	20895
20895	20998
21077	21020
20896	20901
21120	21465
21795	21992
22016	21896
21700	21509
21382	21360
21448	21624
21854	22085
22293	22478
22656	22849
23083	23360
23683	24040
24420	24801
25171	25509
25809	26071
26326	26618
26952	27292
27622	27950
28271	28559
28792	28954
29047	29087
29093	29079
29051	28998
28873	28627
28244	27560
25988	22859
18281	13238
8839	5763
4032	3218
2906	2891
3017	3119
3118	3034
2949	2937
3016	3141
3254	3314
3300	3222
3102	2974
2879	2832
2838	2886
2956	3018
3057	3068
3056	3024
2990	2965
2961	2977
3012	3059
3109	3152
3188	3230
3290	3368
3448	3504
3530	3539
3540	3541
3542	3543
3543	3543
3543	3543
3542	3537
3522	3495
3460	3433
3418	3415
3413	3413
3412	3412
3411	3411
3412	3412
3416	3431
3480	3576
3693	3775
3808	3838
3900	4011
4160	4325
4481	4594
4646	4631
4561	4460
4353	4255
4174	4105
4043	3983
3932	3894
3865	3835
3800	3776
3777	3801
3835	3861
3870	3863
3849	3837
3831	3828
3829	3830
3831	3831
3831	3831
3831	3831
3831	3831
3831	3831
3831	3831
3831	3831
3831	3831
3831	3831
3831	3831
3831	3831
3829	3825
3808	3776
3743	3727
3739	3765
3799	3844
3898	3958
4016	4067
4110	4147
4176	4207
4231	4247
4254	4266
4296	4343
4399	4459
4516	4561
4592	4607
4607	4592
4568	4467
4517	3224
739	739
739	739
739	739
739	739
739	739
739	739
738	735
722	694
660	634
620	616
616	616
616	616
616	616
616	616
617	626
658	726
821	921
1016	1112
1213	1305
1383	1451
1516	1576
1627	1660
1675	1685
1704	1720
1676	1528
1348	1279
1343	1435
1510	1608
1729	1813
1836	1910
2313	3358
5144	7421
9709	11491
12496	12746
12407	11694
10899	10310
10076	10189
10561	11124
11817	12567
13236	13666
13829	13823
13743	13623
13493	13420
13457	13636
13926	14236
14453	14495
14337	14053
13771	13614
13539	13384
13066	12664
12311	12121
12155	12395
12776	13194
13555	13803
13913	13904
13785	13572
13287	12981
12714	12548
12478	12464
12487	12574
12749	13015
13339	13687
14056	14469
14894	15269
15572	15860
16199	16634
17153	17688
18136	18405
18447	18283
17991	17678
17438	17321
17353	17500
17690	17827
17902	17994
18182	18494
18908	19359
19797	20203
20594	20997
21427	21852
22198	22368
22301	22027
21689	21447
21297	21125
20939	20897
21092	21425
21634	21480
21011	20525
20269	20291
20482	20708
20917	21139
21392	21630
21777	21771
21607	21349
21092	20948
20950	21048
21117	21047
20911	20906
21115	21452
21773	21971
22003	21897
21715	21533
21403	21374
21453	21620
21848	22109
22363	22596
22808	23031
23278	23565
23884	24228
24594	24968
25335	25683
25996	26276
26544	26842
27174	27518
27855	28180
28479	28725
28894	28984
29012	29010
29011	29037
29084	29110
29025	28773
28403	27897
26762	24271
20281	15450
10771	7086
4711	3456
2940	2821
2842	2852
2821	2804
2840	2926
3035	3141
3219	3249
3221	3138
3023	2902
2807	2753
2749	2787
2851	2930
2997	3032
3030	3005
2975	2958
2954	2965
2992	3032
3080	3123
3163	3211
3268	3343
3418	3471
3496	3504
3505	3505
3505	3505
3505	3505
3505	3505
3504	3500
3487	3459
3423	3395
3380	3376
3376	3376
3376	3376
3376	3376
3376	3376
3378	3394
3445	3548
3671	3757
3791	3812
3866	3966
4105	4266
4420	4535
4594	4586
4530	4439
4341	4251
4173	4105
4044	3983
3932	3895
3867	3836
3801	3777
3777	3801
3835	3860
3868	3859
3842	3827
3820	3818
3818	3818
3818	3818
3818	3818
3818	3818
3818	3818
3818	3818
3818	3818
3818	3818
3818	3818
3818	3818
3818	3818
3818	3818
3816	3810
3788	3745
3692	3661
3660	3685
3724	3776
3831	3889
3941	3986
4026	4063
4098	4127
4154	4176
4199	4225
4260	4307
4363	4423
4478	4527
4560	4576
4574	4557
4529	4427
4479	3200
736	736
736	736
736	736
736	736
736	736
736	736
735	731
719	692
659	633
620	616
616	616
616	616
616	616
616	616
617	626
658	726
821	921
1016	1112
1213	1305
1383	1451
1516	1576
1627	1660
1676	1687
1709	1730
1692	1546
1364	1296
1366	1468
1548	1639
1741	1809
1837	1952
2435	3581
5438	7713
9912	11541
12367	12453
11995	11247
10498	10006
9894	10113
10568	11178
11894	12650
13320	13755
13925	13915
13826	13706
13603	13571
13661	13883
14191	14493
14692	14721
14568	14296
14027	13863
13759	13557
13184	12724
12326	12123
12174	12463
12902	13368
13753	13994
14073	14005
13797	13456
13042	12675
12471	12465
12535	12510
12373	12298
12445	12841
13345	13789
14155	14554
15010	15429
15765	16075
16437	16877
17371	17846
18213	18389
18349	18124
17794	17454
17192	17049
17066	17228
17467	17684
17857	18046
18310	18669
19090	19530
19952	20348
20726	21111
21505	21883
22182	22319
22230	21943
21597	21367
21253	21135
21000	20992
21195	21506
21677	21491
21005	20523
20283	20323
20524	20744
20931	21127
21359	21590
21744	21758
21621	21389
21153	21016
21015	21105
21163	21084
20941	20931
21129	21450
21756	21948
21992	21909
21745	21571
21442	21408
21473	21627
21849	22123
22415	22690
22933	23179
23446	23740
24057	24398
24753	25122
25489	25847
26176	26474
26761	27059
27382	27711
28031	28335
28608	28818
28954	29010
29011	28994
28992	29028
29092	29139
29063	28808
28455	28061
27266	25408
22137	17736
12959	8715
5612	3779
2975	2769
2767	2753
2704	2704
2789	2909
3012	3090
3136	3146
3114	3043
2943	2845
2761	2718
2711	2738
2795	2875
2952	2997
3004	2985
2962	2948
2946	2951
2973	3007
3052	3098
3143	3189
3245	3318
3391	3444
3469	3477
3478	3478
3478	3478
3478	3478
3478	3478
3477	3473
3458	3429
3392	3363
3348	3344
3343	3343
3343	3343
3343	3343
3343	3343
3345	3362
3414	3518
3644	3734
3766	3782
3821	3909
4041	4199
4353	4471
4534	4538
4492	4415
4330	4246
4172	4105
4044	3983
3932	3895
3867	3836
3801	3777
3777	3801
3835	3860
3863	3848
3823	3803
3793	3791
3790	3790
3790	3790
3790	3790
3790	3790
3790	3790
3790	3790
3790	3790
3790	3790
3790	3790
3790	3790
3790	3790
3790	3789
3788	3781
3755	3704
3641	3595
3587	3609
3654	3706
3764	3815
3862	3901
3942	3982
4021	4056
4081	4111
4147	4185
4227	4274
4331	4389
4448	4493
4525	4539
4536	4514
4483	4381
4436	3168
722	722
722	722
722	722
722	722
722	722
722	722
722	719
708	683
653	631
620	616
616	616
616	616
616	616
616	616
617	626
658	726
821	921
1016	1112
1213	1305
1383	1451
1516	1576
1627	1660
1676	1688
1713	1738
1705	1559
1378	1313
1393	1506
1590	1673
1757	1809
1839	2002
2573	3826
5756	8023
10114	11566
12197	12101
11523	10744
10052	9682
9712	10055
10603	11264
11995	12749
13415	13855
14034	14020
13921	13803
13729	13748
13896	14167
14494	14788
14961	14972
14814	14554
14292	14109
13961	13706
13289	12795
12379	12173
12249	12569
13042	13531
13918	14129
14156	14020
13716	13250
12729	12339
12235	12419
12652	12645
12384	12162
12261	12727
13351	13860
14221	14612
15097	15560
15930	16268
16650	17097
17563	17969
18237	18314
18197	17924
17566	17215
16940	16786
16795	16981
17276	17575
17843	18127
18465	18859
19283	19704
20108	20489
20857	21220
21580	21911
22167	22266
22153	21844
21491	21269
21194	21134
21059	21093
21303	21591
21723	21501
20998	20519
20299	20361
20574	20786
20947	21116
21324	21544
21704	21740
21632	21433
21223	21093
21089	21171
21224	21143
20999	20979
21166	21463
21748	21933
21988	21924
21782	21619
21498	21460
21515	21654
21862	22141
22455	22757
23024	23289
23575	23881
24201	24535
24883	25244
25615	25983
26335	26655
26960	27257
27559	27852
28130	28392
28630	28825
28962	29031
29046	29036
29030	29039
29065	29071
28979	28739
28410	28065
27492	26197
23722	19948
15298	10616
6753	4236
3047	2742
2783	2814
2758	2729
2789	2884
2954	2996
3017	3018
2993	2943
2875	2806
2753	2729
2728	2749
2794	2858
2930	2974
2984	2968
2949	2936
2933	2939
2956	2989
3032	3078
3122	3165
3220	3291
3369	3427
3454	3463
3464	3464
3464	3464
3464	3464
3464	3464
3464	3458
3443	3410
3370	3336
3321	3316
3316	3316
3316	3316
3316	3316
3316	3316
3318	3334
3385	3487
3614	3705
3736	3740
3762	3835
3962	4122
4276	4399
4470	4482
4450	4388
4315	4241
4171	4104
4044	3983
3932	3895
3867	3836
3801	3777
3777	3801
3835	3857
3856	3833
3798	3770
3756	3752
3751	3750
3750	3750
3750	3750
3750	3750
3750	3750
3750	3750
3750	3750
3750	3750
3750	3750
3750	3750
3750	3750
3750	3750
3749	3742
3715	3659
3591	3541
3527	3548
3589	3645
3698	3745
3786	3826
3869	3915
3959	3992
4020	4054
4095	4139
4188	4244
4300	4361
4414	4455
4481	4493
4487	4465
4433	4332
4387	3126
697	697
697	697
697	697
697	697
697	697
697	697
697	694
685	667
645	628
619	616
616	616
616	616
616	616
616	616
617	626
658	726
821	921
1016	1112
1213	1305
1383	1451
1516	1576
1627	1660
1676	1689
1717	1751
1724	1579
1394	1331
1418	1542
1632	1709
1777	1814
1855	2066
2729	4093
6095	8337
10300	11563
11985	11707
11015	10214
9598	9367
9552	10033
10673	11377
12117	12858
13510	13941
14113	14089
13976	13856
13810	13884
14097	14416
14770	15052
15199	15182
15020	14772
14513	14312
14114	13816
13371	12878
12470	12287
12380	12715
13190	13665
14021	14180
14139	13926
13537	12980
12395	12027
12050	12410
12791	12821
12491	12165
12206	12685
13364	13908
14262	14651
15153	15646
16047	16416
16826	17278
17708	18038
18204	18181
17989	17677
17314	16968
16696	16544
16560	16772
17127	17513
17878	18246
18643	19061
19476	19872
20251	20614
20971	21318
21645	21937
22146	22208
22067	21738
21372	21166
21128	21129
21119	21199
21420	21687
21778	21517
20993	20520
20319	20404
20628	20833
20969	21104
21288	21496
21657	21714
21639	21471
21285	21167
21163	21242
21291	21214
21074	21053
21222	21498
21757	21932
21994	21948
21826	21682
21570	21533
21582	21702
21898	22171
22495	22807
23096	23379
23683	23998
24318	24641
24977	25328
25703	26082
26458	26809
27129	27424
27695	27935
28155	28362
28564	28758
28924	29040
29101	29114
29094	29051
28995	28920
28799	28595
28319	27976
27513	26675
24981	21964
17652	12715
8167	4910
3236	2764
2848	2950
2899	2821
2817	2856
2881	2891
2893	2891
2878	2856
2826	2797
2782	2781
2796	2816
2846	2887
2933	2964
2969	2950
2928	2912
2908	2917
2937	2968
3006	3049
3093	3137
3194	3272
3353	3415
3445	3454
3455	3455
3455	3455
3455	3455
3455	3455
3454	3449
3431	3393
3346	3309
3291	3286
3285	3285
3285	3285
3285	3285
3285	3285
3287	3303
3353	3458
3584	3673
3698	3690
3693	3754
3874	4030
4189	4319
4400	4426
4408	4362
4302	4236
4170	4104
4044	3983
3932	3895
3867	3836
3801	3777
3777	3801
3835	3857
3853	3823
3779	3743
3725	3721
3720	3719
3719	3719
3719	3719
3719	3719
3719	3719
3719	3719
3719	3719
3719	3719
3719	3719
3719	3719
3719	3719
3719	3719
3718	3710
3683	3627
3560	3507
3490	3506
3540	3590
3642	3690
3732	3775
3822	3868
3909	3944
3974	4005
4044	4090
4146	4203
4265	4323
4374	4412
4430	4436
4430	4412
4386	4286
4337	3081
660	660
660	660
660	660
660	660
660	660
660	660
660	659
654	644
631	622
617	616
616	616
616	616
616	616
616	616
617	626
658	726
821	921
1016	1112
1213	1305
1383	1451
1516	1576
1627	1660
1676	1691
1725	1768
1748	1605
1413	1345
1436	1570
1668	1740
1794	1821
1875	2141
2902	4373
6439	8642
10460	11521
11738	11291
10494	9686
9158	9078
9428	10052
10778	11523
12259	12976
13595	13996
14136	14084
13952	13836
13818	13945
14223	14594
14969	15243
15362	15319
15149	14910
14661	14435
14194	13861
13424	12959
12598	12453
12569	12895
13339	13760
14047	14128
14011	13724
13274	12682
12107	11808
11951	12439
12911	12985
12648	12286
12284	12733
13404	13949
14304	14685
15180	15680
16110	16517
16955	17406
17799	18050
18110	17988
17729	17393
17041	16722
16473	16331
16360	16609
17033	17505
17957	18396
18837	19262
19658	20021
20368	20713
21060	21394
21699	21957
22124	22148
21978	21627
21254	21058
21064	21123
21180	21306
21543	21788
21838	21539
20996	20522
20340	20446
20686	20883
20994	21097
21252	21445
21609	21682
21634	21496
21338	21234
21237	21315
21366	21300
21168	21144
21297	21548
21788	21955
22023	21993
21891	21767
21666	21630
21668	21776
21958	22220
22539	22860
23164	23469
23788	24112
24425	24737
25056	25398
25771	26168
26567	26946
27282	27567
27799	27983
28134	28283
28451	28646
28852	29027
29141	29184
29147	29041
28889	28723
28574	28433
28227	27880
27447	26935
25924	23689
19889	14930
9859	5894
3641	2883
2928	3074
3031	2913
2849	2833
2816	2797
2787	2783
2787	2792
2804	2819
2843	2869
2895	2916
2930	2945
2961	2965
2955	2931
2901	2878
2875	2889
2914	2944
2978	3018
3061	3111
3172	3253
3338	3400
3429	3439
3440	3440
3440	3440
3440	3440
3440	3440
3439	3433
3412	3371
3318	3277
3256	3250
3249	3249
3249	3249
3249	3249
3249	3249
3252	3267
3321	3428
3559	3647
3667	3643
3631	3675
3784	3937
4095	4234
4328	4372
4372	4339
4291	4233
4169	4104
4044	3983
3932	3895
3867	3836
3801	3777
3777	3801
3834	3855
3848	3813
3761	3720
3699	3693
3691	3691
3691	3691
3691	3691
3691	3691
3691	3691
3691	3691
3691	3691
3691	3691
3691	3691
3691	3691
3691	3691
3691	3691
3690	3683
3657	3605
3538	3489
3471	3481
3513	3557
3608	3657
3703	3753
3800	3847
3882	3917
3945	3972
4000	4039
4092	4152
4215	4275
4326	4358
4372	4376
4372	4359
4340	4245
4293	3042
633	633
633	633
633	633
633	633
633	633
633	633
633	633
631	626
622	619
617	616
616	616
616	616
616	616
616	616
617	626
658	726
821	921
1016	1112
1213	1305
1383	1451
1516	1576
1627	1660
1676	1693
1733	1786
1779	1635
1434	1358
1451	1594
1701	1772
1813	1826
1892	2213
3071	4648
6770	8920
10582	11439
11463	10863
9982	9180
8747	8820
9341	10099
10912	11687
12417	13099
13673	14019
14108	14011
13850	13736
13749	13932
14270	14687
15080	15345
15439	15374
15200	14967
14723	14470
14185	13837
13435	13038
12750	12655
12791	13098
13480	13814
13997	13978
13770	13415
12942	12393
11914	11733
11959	12485
12965	13067
12785	12473
12470	12875
13491	14011
14366	14726
15186	15668
16118	16564
17029	17477
17826	17998
17962	17753
17439	17092
16766	16490
16274	16156
16209	16499
16989	17542
18072	18570
19039	19454
19811	20129
20443	20772
21115	21448
21745	21974
22103	22091
21895	21521
21138	20953
20996	21117
21235	21411
21661	21890
21903	21565
20999	20525
20360	20488
20740	20930
21015	21084
21213	21392
21558	21646
21625	21515
21384	21298
21312	21394
21451	21396
21277	21250
21388	21616
21840	22003
22079	22069
21987	21881
21790	21755
21781	21873
22038	22286
22599	22927
23248	23577
23912	24241
24550	24846
25148	25482
25856	26265
26687	27089
27436	27705
27893	28017
28106	28203
28340	28535
28767	28988
29148	29211
29155	28996
28764	28525
28361	28288
28164	27828
27395	27086
26578	25051
21871	17139
11813	7267
4381	3178
3025	3127
3084	2960
2877	2831
2785	2742
2715	2710
2726	2762
2810	2865
2923	2973
3007	3023
3023	3011
2991	2968
2938	2906
2873	2850
2846	2859
2883	2916
2950	2991
3037	3089
3156	3235
3316	3374
3402	3410
3411	3411
3411	3411
3411	3411
3411	3411
3411	3405
3385	3342
3289	3247
3228	3221
3220	3220
3220	3220
3220	3220
3220	3220
3222	3239
3296	3409
3543	3629
3637	3601
3574	3604
3702	3845
4006	4149
4257	4316
4330	4314
4279	4228
4168	4104
4043	3983
3932	3895
3867	3836
3801	3777
3777	3801
3834	3854
3844	3801
3740	3691
3667	3660
3658	3658
3658	3658
3658	3658
3658	3658
3658	3658
3658	3658
3658	3658
3658	3658
3658	3658
3658	3658
3658	3658
3658	3658
3657	3651
3629	3583
3527	3485
3471	3480
3512	3554
3604	3653
3699	3749
3797	3845
3882	3915
3937	3951
3964	3991
4035	4094
4156	4215
4265	4299
4313	4315
4315	4308
4297	4207
4255	3013
618	618
618	618
618	618
618	618
618	618
618	618
618	618
618	617
617	617
616	616
616	616
616	616
616	616
616	616
617	626
658	726
821	921
1016	1112
1213	1305
1383	1451
1516	1576
1627	1660
1677	1695
1740	1806
1808	1666
1457	1374
1467	1622
1737	1803
1827	1827
1900	2270
3216	4894
7066	9160
10664	11322
11163	10429
9485	8705
8376	8601
9282	10170
11067	11869
12586	13227
13743	14024
14047	13898
13711	13595
13637	13870
14266	14726
15132	15390
15464	15382
15203	14981
14729	14438
14101	13744
13397	13096
12904	12879
13032	13307
13606	13824
13878	13737
13430	13019
12570	12145
11855	11824
12087	12535
12921	13022
12855	12675
12736	13108
13649	14126
14471	14794
15182	15618
16080	16564
17056	17493
17794	17891
17768	17483
17128	16783
16496	16273
16110	16027
16111	16444
16991	17614
18207	18751
19231	19625
19930	20198
20470	20787
21134	21478
21772	21982
22083	22043
21818	21425
21026	20850
20929	21105
21284	21503
21772	21986
21967	21593
21008	20534
20386	20534
20795	20973
21034	21072
21178	21341
21507	21612
21618	21538
21430	21364
21384	21473
21536	21494
21390	21368
21487	21695
21909	22076
22162	22170
22113	22026
21948	21905
21919	21987
22130	22366
22673	23011
23355	23706
24059	24398
24703	24989
25276	25598
25972	26394
26836	27257
27611	27857
28002	28072
28114	28173
28286	28466
28696	28924
29094	29155
29091	28903
28637	28369
28203	28177
28119	27821
27414	27201
26987	26007
23487	19230
13964	9035
5514	3709
3168	3104
3039	2952
2904	2868
2809	2744
2695	2681
2705	2761
2836	2923
3004	3066
3102	3113
3098	3060
3009	2960
2917	2882
2850	2830
2822	2832
2856	2889
2929	2974
3022	3074
3137	3213
3289	3343
3369	3376
3378	3378
3378	3378
3378	3378
3378	3378
3377	3370
3353	3315
3268	3230
3212	3206
3206	3205
3205	3205
3205	3205
3205	3206
3208	3225
3283	3398
3532	3615
3614	3566
3527	3542
3625	3761
3921	4070
4187	4259
4289	4285
4264	4221
4166	4104
4043	3983
3932	3895
3867	3836
3801	3777
3777	3801
3834	3852
3839	3788
3718	3660
3633	3624
3622	3622
3622	3622
3622	3622
3622	3622
3622	3622
3622	3622
3622	3622
3622	3622
3622	3622
3622	3622
3622	3622
3622	3622
3621	3617
3599	3565
3523	3493
3484	3501
3536	3583
3632	3675
3718	3763
3816	3866
3907	3938
3948	3944
3938	3949
3986	4039
4096	4153
4203	4238
4257	4263
4263	4258
4248	4164
4222	2988
610	610
610	610
610	610
610	610
610	610
610	610
610	611
611	612
613	615
615	616
616	616
616	616
616	616
616	616
617	626
658	726
821	920
1016	1112
1213	1304
1383	1451
1516	1576
1627	1660
1677	1697
1749	1827
1838	1697
1480	1394
1491	1657
1776	1835
1842	1825
1901	2310
3338	5106
7319	9356
10708	11181
10858	10011
9022	8275
8046	8416
9248	10259
11228	12050
12746	13342
13803	14022
13986	13792
13581	13466
13535	13815
14260	14755
15172	15423
15480	15385
15205	14989
14725	14378
13978	13607
13326	13138
13056	13104
13273	13504
13709	13796
13710	13441
13033	12578
12190	11964
11935	12071
12312	12576
12772	12841
12819	12844
13033	13406
13875	14306
14634	14897
15179	15545
16009	16529
17043	17468
17721	17742
17538	17193
16813	16482
16244	16089
15986	15951
16071	16438
17034	17708
18350	18924
19407	19770
20024	20233
20469	20771
21127	21482
21783	21985
22068	22003
21758	21346
20936	20765
20871	21093
21327	21583
21865	22069
22021	21621
21016	20544
20414	20579
20842	21010
21048	21059
21140	21292
21461	21585
21619	21568
21476	21422
21446	21537
21611	21589
21502	21484
21592	21786
21993	22157
22254	22277
22246	22179
22113	22069
22064	22108
22229	22453
22764	23115
23481	23855
24229	24577
24886	25160
25437	25745
26114	26541
27003	27440
27796	28024
28131	28165
28182	28228
28322	28473
28665	28847
28979	29018
28947	28769
28525	28279
28130	28105
28067	27836
27502	27316
27193	26566
24680	21091
16197	11118
7010	4489
3392	3043
2929	2911
2945	2954
2897	2807
2729	2695
2716	2781
2877	2982
3076	3139
3168	3165
3134	3076
3005	2941
2896	2859
2831	2809
2800	2805
2829	2868
2917	2965
3014	3061
3119	3189
3262	3315
3340	3347
3349	3349
3349	3349
3349	3349
3349	3349
3349	3342
3327	3296
3255	3223
3208	3203
3203	3202
3202	3202
3202	3202
3202	3203
3205	3222
3280	3395
3526	3603
3592	3534
3486	3486
3552	3677
3834	3991
4122	4208
4253	4266
4253	4217
4165	4103
4043	3983
3932	3895
3867	3836
3801	3777
3777	3801
3834	3852
3835	3779
3700	3638
3607	3598
3596	3596
3596	3596
3596	3596
3596	3596
3596	3596
3596	3596
3596	3596
3596	3596
3596	3596
3596	3596
3596	3596
3596	3596
3595	3591
3581	3559
3531	3514
3516	3539
3579	3623
3666	3706
3747	3796
3851	3904
3948	3976
3977	3953
3927	3924
3950	3996
4045	4097
4147	4188
4213	4224
4224	4216
4203	4121
4181	2959
597	597
597	597
597	597
597	597
597	597
597	596
596	595
599	602
608	612
614	614
615	615
615	615
615	615
615	615
616	625
657	725
821	920
1015	1111
1210	1304
1382	1451
1516	1576
1627	1660
1677	1699
1757	1842
1861	1720
1499	1411
1518	1689
1808	1860
1850	1818
1898	2344
3440	5284
7529	9512
10726	11029
10562	9626
8606	7896
7767	8272
9238	10357
11386	12220
12888	13440
13850	14028
13956	13737
13505	13393
13485	13806
14289	14813
15240	15485
15525	15421
15240	15025
14741	14329
13852	13460
13243	13166
13198	13318
13499	13678
13786	13744
13523	13131
12631	12148
11848	11859
12119	12418
12584	12601
12550	12558
12695	12960
13312	13718
14137	14531
14838	15027
15185	15465
15919	16473
17001	17411
17619	17571
17299	16906
16511	16207
16023	15934
15898	15919
16076	16477
17108	17820
18497	19090
19563	19887
20086	20244
20447	20740
21102	21473
21784	21987
22059	21976
21708	21280
20863	20700
20827	21087
21361	21652
21948	22139
22065	21641
21025	20560
20443	20619
20884	21041
21058	21046
21105	21247
21423	21564
21627	21597
21520	21471
21496	21587
21669	21666
21605	21595
21699	21883
22082	22244
22345	22387
22376	22333
22278	22232
22210	22231
22331	22543
22863	23233
23621	24020
24411	24773
25084	25356
25617	25910
26268	26700
27171	27626
27986	28199
28276	28295
28311	28354
28436	28546
28666	28764
28814	28809
28739	28607
28435	28264
28134	28062
27992	27845
27630	27440
27256	26800
25469	22650
18351	13341
8737	5465
3711	2995
2806	2868
3008	3080
3033	2918
2808	2745
2748	2810
2912	3022
3115	3172
3187	3169
3123	3055
2978	2915
2871	2841
2813	2787
2773	2782
2810	2857
2911	2960
3007	3049
3098	3167
3243	3299
3327	3335
3337	3337
3337	3337
3337	3337
3337	3336
3335	3329
3316	3286
3250	3221
3207	3203
3203	3202
3202	3202
3202	3202
3202	3203
3205	3222
3279	3392
3520	3587
3569	3505
3447	3438
3488	3602
3755	3918
4061	4165
4225	4250
4248	4214
4164	4103
4042	3983
3932	3895
3867	3836
3801	3777
3777	3801
3832	3850
3831	3771
3689	3624
3591	3582
3579	3579
3579	3579
3579	3579
3579	3579
3579	3579
3579	3579
3579	3580
3580	3580
3580	3580
3580	3580
3580	3580
3580	3580
3580	3579
3574	3562
3550	3546
3557	3586
3625	3666
3704	3744
3790	3842
3899	3953
3996	4018
4010	3973
3928	3911
3927	3962
4004	4050
4101	4146
4178	4193
4193	4182
4164	4080
4140	2927
577	577
577	577
577	577
577	577
575	575
573	572
571	570
573	583
594	605
609	610
610	610
610	610
610	610
610	610
612	620
652	719
814	912
1007	1104
1204	1298
1378	1449
1514	1575
1627	1660
1677	1699
1757	1845
1863	1719
1496	1417
1534	1706
1814	1857
1845	1817
1908	2390
3543	5447
7709	9636
10720	10873
10275	9259
8225	7566
7531	8160
9241	10450
11519	12360
13002	13515
13888	14046
13965	13736
13502	13395
13507	13858
14371	14917
15352	15596
15627	15507
15312	15085
14771	14299
13752	13340
13165	13183
13308	13491
13681	13817
13830	13670
13325	12832
12276	11796
11606	11842
12353	12766
12838	12606
12324	12278
12559	13040
13555	13995
14377	14739
15028	15156
15208	15411
15851	16415
16947	17337
17500	17400
17078	16652
16256	15973
15837	15810
15842	15918
16121	16556
17211	17951
18650	19248
19700	19978
20124	20240
20419	20710
21088	21479
21802	22008
22061	21950
21653	21217
20812	20666
20812	21092
21391	21705
22008	22189
22093	21655
21041	20584
20476	20656
20916	21066
21070	21044
21087	21222
21399	21551
21629	21615
21547	21504
21530	21625
21720	21740
21704	21711
21810	21985
22176	22340
22447	22506
22517	22492
22442	22385
22343	22345
22430	22642
22970	23363
23776	24193
24594	24961
25280	25553
25804	26081
26424	26836
27307	27772
28146	28359
28430	28443
28466	28518
28580	28639
28672	28667
28630	28572
28509	28442
28370	28293
28187	28037
27895	27816
27732	27533
27225	26833
25955	23890
20281	15488
10525	6569
4150	3026
2724	2841
3072	3206
3176	3048
2909	2818
2795	2840
2928	3027
3106	3153
3157	3132
3080	3012
2944	2887
2852	2823
2793	2765
2750	2762
2799	2850
2905	2956
3000	3037
3081	3151
3232	3296
3325	3335
3337	3337
3337	3337
3336	3335
3334	3332
3329	3321
3306	3279
3246	3220
3206	3203
3203	3202
3202	3202
3202	3202
3202	3203
3205	3221
3276	3384
3503	3563
3536	3468
3406	3392
3437	3545
3697	3864
4018	4134
4207	4241
4240	4213
4161	4101
4038	3980
3931	3895
3867	3836
3801	3777
3777	3800
3830	3847
3827	3767
3686	3623
3591	3582
3579	3579
3579	3579
3579	3579
3579	3579
3579	3579
3581	3583
3584	3585
3586	3586
3587	3587
3587	3587
3587	3587
3587	3587
3586	3585
3582	3579
3577	3584
3602	3631
3667	3705
3745	3790
3841	3898
3952	4003
4040	4057
4041	3997
3942	3908
3912	3940
3978	4023
4071	4114
4144	4163
4163	4154
4135	4052
4114	2907
569	569
569	569
569	568
566	562
557	552
548	544
539	536
540	556
572	585
591	595
595	595
595	595
595	595
595	595
596	605
635	699
790	886
978	1077
1178	1276
1361	1437
1510	1573
1627	1660
1677	1698
1750	1824
1827	1669
1451	1396
1534	1691
1765	1796
1811	1819
1947	2476
3689	5639
7899	9747
10684	10667
9929	8836
7809	7224
7308	8059
9248	10523
11625	12462
13085	13567
13920	14068
14001	13790
13568	13472
13597	13958
14489	15047
15500	15749
15778	15637
15407	15133
14774	14257
13674	13250
13096	13162
13349	13579
13783	13880
13805	13530
13080	12535
11994	11598
11540	11931
12565	12995
12966	12575
12177	12131
12526	13152
13753	14201
14537	14858
15135	15245
15268	15437
15857	16398
16899	17243
17363	17227
16881	16445
16052	15787
15685	15708
15802	15947
16209	16679
17358	18115
18823	19409
19821	20046
20139	20217
20391	20706
21124	21553
21895	22088
22101	21922
21580	21144
20790	20684
20838	21115
21415	21736
22040	22209
22098	21661
21068	20632
20532	20705
20955	21097
21099	21073
21110	21235
21400	21542
21605	21589
21530	21499
21542	21658
21776	21829
21825	21851
21955	22115
22288	22444
22569	22655
22697	22683
22614	22523
22452	22441
22532	22753
23092	23503
23939	24366
24762	25123
25451	25746
26015	26271
26555	26903
27333	27805
28225	28487
28586	28609
28632	28666
28692	28686
28634	28542
28437	28350
28303	28298
28316	28324
28241	28028
27810	27746
27736	27536
27165	26825
26292	24859
21904	17431
12294	7812
4790	3224
2719	2806
3081	3264
3263	3142
2999	2889
2840	2847
2900	2967
3026	3063
3071	3053
3013	2961
2904	2860
2829	2799
2769	2747
2740	2758
2795	2845
2896	2943
2985	3018
3064	3139
3230	3301
3337	3347
3349	3349
3349	3348
3347	3343
3336	3326
3318	3306
3289	3263
3236	3214
3205	3202
3202	3201
3201	3201
3201	3201
3201	3202
3204	3218
3265	3359
3461	3510
3482	3418
3364	3356
3405	3510
3660	3825
3979	4103
4185	4227
4230	4204
4152	4090
4027	3972
3926	3892
3866	3836
3802	3777
3774	3794
3820	3831
3812	3758
3687	3632
3605	3598
3596	3596
3596	3596
3596	3596
3596	3596
3596	3596
3598	3601
3606	3609
3611	3611
3611	3611
3611	3611
3611	3611
3611	3611
3611	3611
3609	3605
3607	3618
3641	3671
3704	3744
3789	3841
3895	3951
4004	4047
4077	4090
4076	4028
3968	3924
3920	3941
3974	4016
4058	4094
4118	4134
4140	4135
4125	4048
4112	2916
598	598
598	598
598	597
591	581
566	556
546	534
521	512
514	527
543	558
565	566
568	568
568	568
568	568
568	568
569	577
604	662
745	835
925	1022
1127	1231
1327	1415
1499	1569
1626	1659
1676	1693
1730	1774
1740	1556
1351	1345
1520	1645
1647	1658
1733	1825
2025	2630
3919	5906
8127	9846
10589	10358
9446	8274
7280	6821
7068	7968
9253	10583
11702	12536
13141	13595
13920	14070
14035	13866
13677	13600
13731	14089
14615	15178
15649	15916
15945	15772
15473	15118
14693	14162
13603	13191
13024	13084
13285	13547
13759	13819
13652	13266
12737	12208
11796	11597
11710	12153
12711	13016
12897	12496
12158	12205
12676	13341
13932	14327
14590	14854
15119	15279
15375	15587
15981	16456
16873	17142
17207	17046
16697	16273
15889	15640
15558	15622
15783	16010
16341	16858
17550	18314
19019	19580
19940	20097
20128	20176
20365	20732
21230	21723
22089	22259
22191	21897
21469	21062
20809	20777
20926	21157
21428	21741
22042	22195
22076	21661
21118	20724
20633	20785
21010	21144
21162	21150
21196	21304
21439	21533
21556	21510
21448	21439
21522	21683
21852	21948
21980	22032
22142	22281
22423	22561
22706	22840
22923	22911
22801	22649
22533	22518
22636	22879
23225	23653
24107	24532
24907	25252
25606	25956
26268	26492
26653	26855
27187	27665
28180	28561
28745	28794
28790	28766
28719	28638
28519	28378
28250	28169
28152	28188
28258	28310
28254	28034
27772	27652
27611	27426
27118	26895
26607	25625
23225	19140
14044	9249
5716	3658
2818	2752
3004	3218
3257	3168
3040	2928
2852	2817
2818	2842
2877	2910
2934	2942
2933	2902
2860	2824
2799	2774
2752	2738
2743	2765
2799	2839
2883	2922
2958	2992
3043	3129
3237	3322
3364	3375
3378	3378
3378	3376
3371	3359
3341	3320
3295	3272
3250	3229
3214	3203
3198	3197
3196	3196
3196	3196
3196	3196
3196	3197
3198	3208
3240	3306
3375	3406
3384	3342
3312	3321
3377	3483
3625	3782
3931	4053
4145	4198
4213	4188
4136	4069
4009	3956
3920	3894
3872	3840
3805	3780
3775	3786
3805	3808
3785	3741
3689	3648
3630	3624
3622	3622
3622	3622
3622	3622
3622	3622
3622	3624
3627	3635
3644	3653
3657	3658
3658	3658
3658	3658
3658	3658
3658	3658
3658	3656
3652	3646
3641	3650
3670	3699
3737	3782
3833	3889
3946	3999
4042	4079
4110	4128
4120	4077
4014	3968
3951	3965
3993	4026
4056	4083
4102	4118
4131	4136
4137	4065
4132	2948
654	654
654	654
654	651
642	625
600	581
562	542
519	503
497	504
514	523
528	530
530	530
530	530
530	530
530	531
532	539
561	613
685	770
855	953
1062	1174
1283	1388
1484	1563
1624	1659
1676	1686
1706	1714
1638	1431
1248	1298
1507	1587
1502	1489
1635	1829
2125	2832
4214	6227
8366	9897
10395	9919
8834	7608
6690	6401
6850	7910
9291	10659
11786	12614
13190	13605
13894	14043
14043	13930
13792	13747
13884	14229
14730	15285
15757	16041
16070	15863
15484	15030
14538	14025
13537	13156
12959	12961
13128	13376
13576	13590
13351	12884
12340	11906
11709	11778
12066	12468
12802	12884
12689	12389
12239	12433
12948	13568
14078	14386
14570	14769
15030	15284
15525	15823
16194	16567
16865	17032
17034	16845
16506	16102
15744	15506
15446	15549
15781	16093
16505	17062
17760	18510
19203	19737
20043	20130
20100	20124
20339	20785
21375	21942
22335	22467
22300	21872
21357	20988
20869	20923
21055	21221
21443	21735
22028	22165
22040	21657
21180	20837
20754	20878
21072	21199
21238	21256
21316	21412
21503	21540
21502	21414
21342	21354
21487	21710
21937	22078
22148	22222
22335	22449
22552	22667
22823	23008
23142	23138
22977	22753
22590	22589
22752	23025
23373	23805
24272	24690
25037	25377
25766	26193
26554	26730
26734	26737
26937	27416
28045	28578
28871	28950
28906	28804
28671	28514
28345	28192
28080	28030
28039	28093
28169	28228
28196	28024
27776	27585
27456	27298
27127	27035
26884	26189
24244	20606
15730	10807
6859	4298
3046	2743
2911	3126
3194	3133
3024	2917
2823	2747
2700	2691
2708	2748
2793	2832
2852	2844
2817	2788
2770	2755
2743	2743
2760	2782
2807	2836
2867	2899
2929	2961
3017	3120
3246	3346
3394	3408
3411	3411
3411	3409
3400	3380
3347	3310
3268	3231
3203	3184
3179	3180
3182	3182
3182	3182
3182	3182
3182	3182
3182	3182
3184	3188
3202	3230
3259	3268
3258	3245
3249	3282
3349	3451
3582	3724
3863	3987
4087	4155
4184	4166
4116	4052
3994	3949
3922	3903
3884	3854
3818	3792
3782	3785
3790	3785
3762	3730
3696	3674
3662	3658
3658	3658
3658	3658
3658	3658
3658	3658
3658	3659
3664	3674
3686	3696
3700	3701
3702	3702
3702	3702
3702	3702
3702	3702
3701	3700
3693	3680
3668	3667
3681	3711
3753	3804
3862	3921
3975	4020
4057	4092
4126	4155
4155	4121
4062	4015
3997	4001
4017	4036
4057	4075
4094	4113
4134	4146
4154	4085
4154	2980
704	704
704	704
704	701
689	665
635	607
583	557
524	500
492	492
495	498
500	500
501	501
501	501
501	501
501	502
502	509
529	574
639	718
800	898
1010	1130
1251	1367
1474	1560
1624	1659
1675	1682
1690	1678
1579	1373
1214	1301
1520	1551
1400	1368
1563	1828
2214	3035
4520	6529
8529	9819
10053	9370
8182	6976
6185	6089
6736	7946
9407	10801
11921	12722
13254	13609
13844	13973
13999	13946
13873	13882
14038	14372
14843	15363
15814	16083
16096	15856
15424	14904
14381	13907
13497	13160
12928	12852
12935	13105
13238	13197
12923	12468
11999	11726
11761	12063
12474	12788
12878	12742
12490	12296
12322	12637
13168	13730
14160	14403
14535	14698
14969	15315
15692	16068
16411	16687
16866	16928
16858	16641
16304	15922
15588	15384
15353	15502
15793	16175
16647	17227
17917	18656
19336	19844
20109	20141
20064	20072
20315	20824
21489	22107
22516	22619
22380	21856
21287	20962
20943	21065
21179	21292
21472	21747
22029	22153
22017	21659
21231	20929
20849	20947
21110	21233
21292	21343
21420	21512
21577	21574
21491	21371
21281	21303
21470	21740
22008	22184
22275	22360
22469	22558
22621	22710
22874	23096
23274	23281
23096	22829
22649	22669
22879	23176
23525	23955
24427	24845
25186	25535
25966	26456
26847	26970
26835	26672
26750	27203
27899	28537
28913	29021
28947	28784
28585	28382
28188	28036
27942	27908
27925	27975
28034	28082
28068	27958
27777	27593
27441	27310
27202	27134
27011	26500
24961	21818
17275	12330
8035	5024
3410	2879
2936	3106
3154	3086
2973	2851
2743	2657
2601	2582
2606	2655
2719	2775
2808	2806
2784	2761
2749	2744
2748	2761
2780	2801
2821	2843
2867	2889
2911	2940
2998	3111
3251	3364
3418	3434
3439	3440
3439	3435
3422	3394
3352	3301
3247	3197
3161	3142
3141	3148
3152	3153
3153	3153
3153	3153
3153	3153
3153	3153
3153	3154
3154	3152
3148	3145
3144	3154
3184	3233
3307	3405
3528	3659
3791	3913
4023	4101
4146	4144
4105	4051
4001	3966
3943	3933
3915	3886
3852	3828
3813	3809
3805	3795
3770	3744
3718	3703
3695	3692
3691	3691
3691	3691
3691	3691
3691	3691
3691	3691
3693	3694
3695	3697
3698	3698
3699	3699
3699	3699
3699	3699
3699	3699
3698	3696
3691	3678
3664	3659
3668	3701
3747	3803
3863	3923
3974	4014
4046	4079
4118	4150
4157	4128
4078	4033
4013	4013
4020	4030
4042	4059
4082	4106
4129	4147
4155	4091
4159	2994
732	732
732	732
731	727
713	686
653	622
594	563
527	499
487	486
486	487
487	487
487	487
487	487
487	487
487	487
489	495
514	555
617	692
773	872
985	1108
1235	1356
1467	1558
1624	1659
1675	1681
1685	1670
1584	1416
1296	1384
1557	1542
1368	1335
1536	1831
2289	3230
4808	6785
8585	9586
9557	8720
7525	6428
5814	5920
6748	8088
9618	11027
12129	12885
13350	13622
13783	13873
13912	13910
13912	13986
14184	14520
14963	15427
15817	16032
16011	15748
15303	14774
14263	13837
13496	13197
12946	12789
12751	12781
12792	12685
12424	12070
11777	11709
11944	12392
12840	13050
12956	12674
12384	12246
12359	12725
13254	13780
14170	14394
14526	14695
14991	15399
15854	16269
16584	16777
16854	16825
16682	16423
16078	15713
15413	15250
15272	15475
15818	16248
16750	17337
18017	18738
19400	19891
20129	20128
20024	20028
20291	20836
21532	22171
22583	22672
22405	21853
21278	20985
21019	21167
21274	21364
21527	21794
22068	22174
22023	21664
21259	20977
20897	20977
21119	21236
21312	21386
21484	21590
21658	21646
21546	21405
21300	21319
21493	21771
22053	22242
22341	22429
22526	22589
22617	22681
22842	23081
23285	23315
23137	22880
22717	22771
23015	23330
23674	24091
24557	24983
25351	25738
26210	26723
27107	27179
26957	26694
26681	27081
27765	28427
28837	28964
28891	28711
28498	28279
28079	27926
27829	27787
27789	27819
27862	27894
27887	27830
27743	27674
27610	27501
27327	27133
26938	26574
25435	22826
18683	13775
9180	5789
3893	3182
3114	3194
3175	3055
2899	2755
2643	2571
2541	2553
2593	2658
2729	2780
2801	2793
2770	2749
2742	2748
2762	2782
2799	2817
2835	2857
2881	2899
2911	2932
2988	3100
3245	3360
3418	3438
3446	3452
3451	3442
3426	3394
3350	3294
3237	3180
3138	3114
3111	3114
3118	3118
3118	3118
3118	3118
3118	3118
3118	3118
3118	3116
3109	3094
3075	3062
3064	3084
3126	3181
3256	3354
3467	3593
3721	3845
3957	4045
4102	4123
4112	4081
4043	4012
3992	3980
3966	3942
3909	3881
3864	3858
3850	3838
3818	3787
3756	3734
3723	3720
3719	3719
3719	3719
3719	3719
3719	3719
3719	3716
3707	3691
3670	3653
3645	3643
3643	3643
3643	3643
3643	3643
3643	3643
3642	3641
3639	3634
3628	3628
3640	3672
3722	3780
3841	3898
3946	3981
4011	4045
4082	4113
4120	4095
4049	4010
3991	3991
3997	4006
4020	4039
4066	4093
4116	4132
4143	4081
4149	2989
739	739
739	739
738	735
722	693
657	626
598	566
529	501
486	484
483	484
484	484
484	484
484	484
484	484
484	484
486	491
510	550
611	685
765	863
978	1101
1228	1353
1465	1557
1623	1659
1675	1679
1682	1674
1622	1525
1460	1521
1613	1550
1384	1359
1547	1850
2380	3451
5121	7024
8568	9233
8928	7983
6851	5927
5521	5830
6826	8284
9878	11304
12387	13091
13477	13657
13730	13765
13795	13841
13923	14078
14334	14686
15094	15490
15790	15922
15848	15564
15129	14633
14175	13807
13522	13262
13009	12784
12611	12470
12328	12145
11928	11734
11663	11814
12203	12717
13132	13238
13018	12654
12350	12237
12374	12745
13257	13758
14138	14373
14535	14739
15070	15518
16009	16433
16713	16842
16833	16712
16494	16186
15825	15478
15216	15111
15192	15451
15846	16311
16831	17418
18080	18778
19424	19894
20113	20094
19979	19986
20263	20821
21526	22171
22581	22662
22392	21854
21308	21040
21087	21235
21341	21433
21604	21875
22142	22230
22053	21682
21279	21004
20926	20989
21113	21222
21311	21409
21534	21665
21753	21750
21651	21496
21377	21376
21533	21801
22082	22274
22378	22461
22541	22574
22568	22605
22752	22994
23216	23272
23133	22915
22800	22897
23170	23484
23803	24189
24640	25084
25499	25946
26461	26976
27324	27343
27064	26738
26653	26972
27591	28224
28646	28804
28757	28600
28408	28205
28014	27854
27737	27667
27636	27639
27661	27680
27677	27661
27681	27770
27847	27755
27451	27062
26759	26506
25754	23706
20039	15236
10388	6639
4466	3569
3357	3324
3223	3038
2835	2663
2556	2509
2517	2560
2629	2705
2771	2806
2806	2784
2758	2741
2740	2754
2774	2793
2812	2830
2853	2878
2898	2911
2918	2929
2980	3088
3224	3335
3394	3419
3433	3441
3441	3430
3410	3378
3337	3285
3227	3172
3124	3097
3090	3090
3092	3093
3093	3093
3093	3093
3093	3093
3093	3093
3092	3090
3080	3062
3038	3022
3022	3042
3077	3131
3205	3298
3411	3534
3660	3785
3898	3991
4060	4107
4129	4127
4106	4081
4059	4043
4028	4007
3980	3953
3932	3918
3909	3899
3878	3842
3802	3772
3757	3752
3751	3750
3750	3750
3750	3750
3750	3750
3750	3744
3724	3683
3631	3590
3571	3565
3564	3564
3564	3564
3564	3564
3564	3564
3564	3566
3569	3577
3588	3600
3620	3654
3702	3759
3816	3867
3910	3947
3976	4009
4042	4069
4074	4049
4002	3964
3950	3956
3968	3983
4002	4026
4059	4090
4112	4128
4143	4087
4160	2999
741	741
741	741
740	736
723	695
659	628
599	567
529	501
486	483
481	481
481	481
481	481
481	481
481	481
481	481
483	488
508	548
610	684
764	861
977	1101
1228	1353
1465	1557
1623	1659
1674	1677
1677	1671
1655	1640
1644	1672
1660	1546
1406	1407
1583	1899
2524	3738
5488	7278
8511	8803
8219	7181
6139	5410
5228	5740
6897	8471
10134	11587
12661	13317
13634	13725
13709	13677
13683	13760
13923	14168
14490	14862
15237	15551
15747	15783
15643	15345
14935	14495
14102	13794
13557	13339
13104	12835
12546	12245
11951	11697
11531	11500
11649	11991
12483	12994
13332	13333
13029	12630
12337	12248
12393	12750
13232	13712
14087	14345
14548	14799
15168	15647
16152	16567
16813	16881
16791	16583
16284	15926
15553	15230
15019	14978
15127	15447
15886	16382
16913	17494
18135	18808
19426	19877
20079	20047
19930	19940
20230	20794
21500	22144
22551	22626
22363	21854
21344	21100
21148	21291
21399	21505
21692	21974
22240	22307
22104	21713
21305	21041
20965	21018
21118	21214
21310	21430
21586	21751
21866	21876
21775	21609
21473	21450
21582	21832
22102	22297
22406	22488
22548	22549
22508	22513
22643	22884
23120	23203
23110	22953
22897	23043
23338	23638
23912	24242
24663	25127
25604	26124
26681	27187
27483	27442
27109	26731
26578	26801
27328	27921
28360	28567
28569	28462
28311	28141
27965	27802
27661	27555
27489	27460
27458	27466
27474	27495
27603	27831
28029	27954
27543	26993
26592	26412
25991	24494
21362	16771
11738	7625
5106	3947
3557	3411
3246	3023
2796	2618
2520	2489
2515	2574
2655	2735
2794	2814
2800	2769
2745	2734
2737	2750
2772	2794
2814	2838
2864	2893
2911	2920
2920	2928
2970	3065
3184	3285
3342	3374
3395	3410
3410	3396
3372	3345
3309	3266
3211	3154
3108	3082
3075	3076
3078	3079
3079	3079
3079	3079
3079	3079
3079	3079
3079	3077
3068	3052
3032	3017
3015	3029
3055	3101
3168	3257
3366	3486
3611	3735
3849	3945
4024	4093
4146	4171
4169	4148
4123	4105
4086	4069
4046	4021
3996	3977
3963	3953
3930	3893
3847	3811
3794	3790
3789	3789
3789	3789
3789	3789
3789	3788
3787	3777
3747	3687
3609	3547
3518	3508
3507	3507
3507	3507
3507	3507
3507	3507
3507	3510
3520	3540
3569	3597
3624	3659
3708	3761
3815	3857
3893	3928
3961	3993
4021	4042
4045	4018
3974	3934
3922	3936
3958	3984
4010	4041
4075	4107
4129	4153
4176	4125
4205	3030
741	741
741	741
740	736
723	695
659	628
599	567
529	501
486	483
481	481
481	481
481	481
481	481
481	481
481	481
483	487
507	548
609	683
764	861
977	1101
1228	1353
1465	1557
1623	1659
1673	1674
1663	1648
1660	1722
1790	1785
1675	1521
1423	1460
1644	2001
2745	4104
5900	7533
8425	8337
7485	6371
5428	4891
4918	5612
6918	8598
10336	11829
12906	13541
13807	13827
13734	13632
13604	13703
13933	14264
14649	15038
15374	15609
15699	15639
15436	15122
14747	14375
14045	13790
13592	13419
13218	12947
12587	12166
11757	11450
11331	11434
11751	12216
12731	13174
13397	13303
12959	12577
12324	12272
12428	12768
13217	13665
14033	14314
14562	14864
15275	15773
16279	16670
16877	16882
16719	16427
16055	15654
15278	14987
14837	14868
15086	15465
15947	16466
16999	17566
18181	18827
19417	19845
20029	19991
19872	19891
20187	20761
21470	22109
22507	22574
22318	21842
21380	21161
21204	21338
21447	21572
21784	22084
22350	22400
22172	21764
21355	21103
21037	21079
21151	21226
21327	21471
21657	21853
21987	22006
21902	21723
21568	21523
21633	21862
22125	22320
22436	22514
22556	22527
22451	22429
22542	22779
23030	23149
23104	23005
23007	23200
23515	23792
24004	24262
24645	25121
25667	26263
26862	27348
27581	27467
27083	26656
26430	26552
26980	27527
27996	28266
28342	28297
28203	28079
27925	27761
27602	27466
27364	27303
27279	27283
27303	27368
27537	27835
28091	28037
27600	26995
26542	26378
26167	25148
22594	18336
13244	8780
5823	4295
3671	3416
3222	3009
2807	2650
2557	2524
2535	2580
2649	2720
2772	2786
2769	2745
2731	2726
2728	2739
2756	2777
2799	2828
2857	2885
2906	2916
2915	2923
2955	3027
3125	3212
3269	3303
3328	3344
3343	3330
3311	3288
3264	3227
3177	3122
3081	3062
3063	3071
3078	3079
3079	3079
3079	3079
3079	3079
3079	3079
3079	3078
3073	3063
3050	3040
3038	3046
3066	3105
3165	3247
3349	3464
3584	3706
3818	3915
4002	4084
4157	4202
4212	4201
4178	4152
4129	4111
4093	4071
4046	4021
4002	3985
3961	3923
3874	3837
3818	3813
3813	3813
3813	3813
3813	3813
3813	3812
3810	3799
3763	3690
3598	3526
3490	3479
3478	3478
3478	3478
3478	3478
3478	3478
3478	3483
3500	3534
3582	3629
3667	3704
3747	3795
3839	3877
3907	3940
3974	4004
4030	4046
4043	4017
3973	3935
3926	3947
3981	4018
4053	4086
4120	4152
4183	4210
4238	4194
4284	3084
741	741
741	741
740	736
723	695
659	628
599	567
529	501
486	483
481	481
481	481
481	481
481	481
481	481
481	481
483	487
507	548
609	683
764	861
977	1101
1228	1353
1465	1557
1623	1659
1672	1668
1644	1612
1631	1745
1865	1833
1650	1473
1424	1509
1723	2161
3049	4536
6330	7757
8292	7850
6776	5617
4769	4398
4604	5450
6871	8640
10448	11996
13105	13747
13990	13967
13812	13645
13578	13683
13968	14367
14802	15202
15498	15651
15648	15502
15248	14932
14601	14290
14020	13792
13621	13488
13346	13112
12742	12266
11793	11460
11373	11559
11963	12459
12918	13232
13315	13144
12810	12488
12308	12305
12479	12805
13222	13635
13992	14290
14582	14932
15376	15886
16377	16737
16892	16839
16606	16248
15820	15392
15026	14779
14699	14808
15098	15532
16042	16571
17090	17636
18224	18838
19402	19803
19970	19924
19809	19834
20144	20726
21439	22071
22453	22510
22258	21821
21407	21221
21261	21383
21491	21636
21879	22207
22472	22511
22256	21832
21427	21194
21145	21183
21226	21279
21377	21538
21746	21959
22107	22126
22015	21823
21654	21590
21683	21894
22145	22339
22459	22532
22562	22508
22404	22356
22456	22695
22962	23115
23113	23064
23119	23353
23686	23944
24101	24290
24623	25109
25719	26387
27021	27480
27637	27449
27011	26535
26244	26265
26588	27084
27574	27912
28067	28104
28080	28008
27890	27736
27569	27407
27275	27188
27145	27141
27185	27294
27503	27800
28039	28008
27647	27109
26656	26448
26306	25645
23655	19858
14870	10122
6663	4659
3725	3346
3150	2998
2863	2752
2667	2608
2576	2575
2603	2649
2693	2713
2712	2705
2704	2705
2706	2712
2721	2738
2764	2793
2823	2853
2876	2891
2893	2898
2920	2972
3043	3113
3167	3205
3228	3244
3246	3238
3227	3215
3194	3160
3112	3063
3031	3031
3051	3074
3086	3090
3091	3091
3091	3091
3091	3091
3091	3091
3091	3091
3090	3088
3085	3084
3082	3088
3105	3139
3195	3270
3359	3466
3581	3699
3808	3901
3990	4074
4152	4204
4224	4217
4197	4171
4142	4121
4102	4082
4059	4033
4008	3986
3959	3921
3873	3835
3816	3811
3810	3810
3810	3810
3810	3810
3810	3809
3808	3797
3761	3688
3595	3522
3487	3476
3475	3475
3475	3475
3475	3475
3475	3475
3475	3482
3506	3556
3626	3688
3736	3775
3814	3854
3891	3922
3947	3976
4009	4039
4058	4072
4068	4040
3998	3966
3962	3987
4030	4076
4119	4159
4194	4231
4266	4298
4325	4283
4381	3153
741	741
741	741
740	736
723	695
659	628
599	567
529	501
486	483
481	481
481	481
481	481
481	481
481	481
481	481
483	487
507	548
609	683
764	861
977	1101
1228	1353
1465	1557
1623	1658
1672	1662
1627	1572
1582	1715
1860	1810
1585	1412
1413	1541
1807	2363
3420	5010
6728	7895
8076	7336
6116	4956
4206	3974
4314	5267
6768	8601
10468	12077
13243	13920
14176	14134
13935	13713
13603	13705
14026	14477
14950	15344
15599	15680
15596	15385
15099	14793
14508	14255
14028	13813
13641	13545
13471	13303
12975	12509
12030	11702
11638	11850
12255	12692
13024	13165
13104	12877
12594	12370
12286	12350
12553	12874
13263	13645
13985	14291
14613	14996
15461	15968
16434	16747
16852	16740
16450	16041
15584	15154
14820	14634
14629	14816
15170	15645
16173	16696
17197	17714
18271	18855
19386	19759
19907	19853
19741	19779
20103	20697
21411	22032
22391	22430
22185	21787
21427	21270
21310	21418
21528	21700
21983	22336
22612	22633
22356	21917
21517	21311
21287	21326
21346	21382
21474	21640
21857	22069
22212	22225
22105	21906
21721	21644
21718	21917
22158	22350
22466	22536
22555	22485
22368	22307
22399	22642
22925	23100
23129	23116
23210	23481
23835	24096
24226	24367
24654	25145
25806	26543
27206	27626
27702	27435
26947	26438
26089	26007
26211	26631
27122	27509
27743	27866
27922	27918
27847	27715
27548	27378
27228	27120
27059	27053
27125	27285
27516	27762
27927	27921
27709	27341
26941	26640
26437	25991
24516	21281
16576	11667
7700	5129
3795	3236
3042	2974
2932	2879
2807	2714
2616	2547
2518	2532
2564	2596
2619	2638
2651	2661
2666	2665
2666	2679
2703	2732
2762	2792
2817	2837
2846	2854
2867	2894
2936	2984
3033	3074
3101	3119
3125	3123
3121	3113
3098	3068
3023	2983
2971	2994
3041	3085
3106	3113
3114	3114
3114	3114
3114	3114
3114	3114
3114	3115
3117	3122
3128	3133
3137	3141
3155	3188
3239	3308
3390	3487
3597	3707
3807	3896
3976	4054
4126	4172
4193	4193
4177	4148
4116	4089
4071	4050
4027	4000
3974	3952
3927	3888
3840	3803
3784	3779
3778	3778
3778	3778
3778	3778
3778	3777
3776	3767
3738	3677
3602	3541
3511	3501
3500	3500
3500	3500
3500	3500
3500	3500
3501	3511
3541	3604
3687	3764
3818	3857
3889	3924
3954	3979
3997	4020
4049	4076
4098	4108
4104	4076
4040	4012
4012	4039
4086	4142
4193	4240
4281	4322
4364	4399
4428	4386
4491	3225
741	741
741	741
740	736
723	695
659	628
599	567
529	501
486	483
481	481
481	481
481	481
481	481
481	481
481	481
483	487
507	548
609	683
764	861
977	1101
1228	1353
1465	1557
1623	1658
1671	1658
1610	1535
1521	1645
1785	1730
1503	1351
1392	1555
1883	2591
3830	5479
7046	7894
7737	6781
5509	4409
3765	3643
4074	5091
6637	8507
10420	12088
13323	14057
14344	14305
14080	13819
13673	13765
14105	14583
15068	15451
15666	15693
15553	15303
15006	14718
14477	14274
14071	13858
13672	13589
13568	13478
13219	12821
12396	12101
12043	12234
12567	12881
13039	13000
12804	12551
12344	12242
12266	12407
12650	12974
13340	13692
14011	14317
14654	15052
15518	16010
16440	16704
16747	16581
16248	15815
15358	14956
14677	14567
14647	14907
15317	15819
16345	16840
17310	17793
18319	18874
19374	19718
19842	19779
19672	19726
20065	20670
21385	21991
22324	22344
22104	21743
21432	21301
21339	21436
21556	21761
22089	22479
22765	22772
22474	22020
21631	21451
21462	21509
21522	21538
21621	21778
21984	22182
22306	22306
22173	21964
21770	21682
21743	21930
22165	22353
22469	22535
22551	22476
22351	22288
22379	22624
22917	23103
23147	23153
23269	23564
23950	24246
24398	24519
24769	25252
25955	26747
27435	27817
27811	27468
26938	26406
26009	25826
25899	26212
26653	27061
27356	27566
27712	27785
27773	27680
27527	27358
27201	27079
27011	27010
27112	27322
27575	27747
27815	27829
27793	27638
27325	26923
26576	26216
25169	22543
18299	13401
8996	5816
3986	3169
2926	2924
2967	2972
2911	2787
2635	2499
2415	2393
2417	2461
2502	2541
2572	2591
2598	2595
2594	2602
2622	2651
2681	2707
2732	2752
2771	2781
2786	2788
2800	2828
2871	2918
2955	2977
2989	2994
2998	2995
2984	2955
2916	2887
2894	2946
3026	3090
3122	3132
3133	3133
3133	3133
3133	3133
3133	3133
3134	3135
3140	3151
3165	3175
3183	3188
3200	3228
3274	3336
3413	3503
3605	3707
3799	3876
3945	4009
4065	4103
4119	4119
4107	4083
4051	4022
3999	3974
3948	3920
3896	3873
3849	3814
3772	3737
3721	3716
3715	3714
3714	3714
3714	3714
3714	3714
3713	3709
3690	3654
3608	3572
3553	3548
3547	3547
3547	3547
3547	3547
3547	3547
3549	3559
3594	3663
3755	3834
3888	3923
3953	3980
4002	4021
4037	4054
4075	4101
4123	4135
4128	4103
4070	4050
4053	4087
4135	4195
4252	4306
4356	4407
4454	4495
4525	4481
4589	3291
741	741
741	741
740	736
723	695
659	628
599	567
529	501
486	483
481	481
481	481
481	481
481	481
481	481
481	481
483	488
508	548
610	684
764	861
977	1101
1228	1353
1465	1557
1623	1658
1671	1657
1600	1510
1466	1551
1663	1613
1422	1316
1377	1555
1949	2824
4242	5900
7239	7729
7256	6163
4934	3962
3444	3413
3906	4961
6522	8408
10349	12068
13365	14158
14484	14455
14219	13937
13770	13853
14190	14670
15150	15510
15695	15687
15522	15262
14975	14718
14515	14350
14167	13941
13727	13630
13631	13596
13419	13112
12775	12541
12494	12634
12860	13015
12993	12784
12481	12223
12099	12117
12252	12472
12761	13094
13443	13769
14064	14361
14699	15095
15549	16009
16392	16600
16582	16369
16009	15575
15147	14801
14599	14583
14753	15087
15537	16041
16543	16995
17417	17862
18359	18884
19359	19675
19777	19708
19606	19671
20023	20640
21360	21953
22262	22261
22021	21685
21412	21304
21342	21434
21568	21810
22188	22616
22919	22918
22605	22143
21766	21618
21659	21726
21737	21742
21806	21942
22122	22292
22390	22367
22221	22000
21799	21702
21757	21937
22170	22359
22478	22549
22563	22489
22365	22301
22392	22642
22936	23124
23166	23171
23295	23606
24028	24387
24597	24729
24950	25415
26145	26986
27688	28035
27953	27544
26984	26435
25999	25725
25658	25832
26180	26567
26904	27195
27433	27594
27647	27598
27475	27316
27162	27039
26967	26975
27108	27372
27648	27768
27754	27776
27886	27916
27692	27205
26698	26334
25612	23597
19953	15264
10564	6804
4403	3222
2844	2842
2922	2954
2902	2773
2599	2434
2319	2273
2285	2328
2375	2423
2465	2494
2503	2502
2498	2507
2526	2553
2581	2605
2625	2646
2667	2680
2679	2661
2649	2657
2692	2740
2785	2815
2835	2848
2859	2863
2856	2830
2797	2777
2801	2876
2982	3065
3106	3118
3120	3120
3120	3120
3120	3120
3120	3120
3121	3123
3133	3152
3178	3196
3205	3208
3218	3240
3277	3329
3398	3480
3574	3667
3754	3822
3878	3926
3963	3988
3998	3998
3988	3969
3939	3910
3883	3853
3823	3795
3770	3751
3730	3703
3670	3643
3631	3627
3626	3626
3626	3626
3626	3626
3626	3626
3626	3626
3622	3615
3607	3600
3596	3596
3596	3596
3596	3596
3596	3596
3596	3596
3598	3608
3642	3712
3802	3878
3923	3950
3974	3995
4012	4028
4043	4058
4074	4094
4114	4123
4116	4094
4065	4051
4064	4103
4155	4217
4278	4339
4399	4458
4513	4557
4592	4547
4653	3330
741	741
741	741
740	736
723	695
659	628
599	567
529	501
486	483
481	481
481	481
481	481
481	481
481	481
481	481
483	488
508	548
611	684
764	861
977	1101
1228	1353
1465	1557
1623	1658
1671	1657
1602	1504
1430	1458
1523	1485
1362	1311
1383	1549
2003	3046
4632	6252
7295	7393
6637	5482
4382	3594
3218	3278
3818	4894
6461	8347
10298	12048
13394	14232
14581	14559
14324	14039
13875	13955
14283	14741
15193	15526
15685	15666
15503	15256
14996	14774
14606	14473
14305	14065
13815	13673
13655	13634
13517	13304
13072	12915
12887	12974
13085	13085
12905	12570
12198	11948
11896	12015
12245	12542
12878	13227
13561	13859
14133	14418
14744	15130
15556	15977
16303	16446
16370	16117
15748	15339
14961	14693
14588	14671
14933	15334
15808	16304
16756	17152
17516	17917
18387	18892
19340	19635
19720	19641
19542	19615
19980	20611
21336	21922
22212	22187
21939	21622
21373	21278
21311	21407
21558	21843
22268	22739
23065	23068
22745	22282
21918	21799
21875	21967
21981	21972
22009	22111
22254	22392
22458	22409
22240	22008
21802	21703
21757	21939
22174	22369
22498	22573
22593	22524
22401	22342
22436	22686
22979	23160
23192	23190
23303	23617
24075	24512
24803	24958
25149	25592
26339	27211
27925	28234
28087	27626
27043	26492
26028	25667
25459	25470
25693	26027
26395	26760
27090	27333
27461	27465
27377	27236
27090	26968
26903	26922
27081	27384
27687	27795
27749	27775
27946	28075
27913	27386
26763	26351
25843	24389
21433	17143
12343	8089
5084	3437
2818	2721
2764	2783
2739	2636
2497	2358
2253	2200
2196	2216
2249	2292
2340	2375
2389	2390
2388	2401
2424	2452
2474	2490
2505	2526
2549	2563
2554	2520
2484	2477
2505	2555
2605	2643
2668	2689
2710	2721
2715	2695
2665	2655
2688	2778
2897	2993
3039	3054
3056	3056
3056	3056
3056	3056
3056	3056
3057	3061
3076	3106
3142	3167
3176	3180
3183	3197
3223	3270
3329	3404
3490	3581
3666	3729
3771	3797
3818	3831
3837	3837
3829	3812
3788	3759
3731	3702
3673	3643
3614	3592
3577	3562
3547	3535
3530	3529
3528	3528
3528	3528
3528	3528
3528	3528
3529	3532
3541	3560
3586	3605
3616	3619
3619	3619
3619	3619
3619	3619
3619	3619
3621	3630
3660	3725
3808	3874
3912	3931
3946	3958
3971	3987
4006	4021
4035	4046
4057	4064
4058	4036
4013	4008
4029	4071
4128	4189
4254	4320
4388	4455
4514	4568
4609	4563
4663	3335
741	741
741	741
740	736
723	695
659	628
599	567
529	501
486	483
481	481
481	481
481	481
481	481
481	481
481	481
483	489
509	549
611	684
764	861
977	1101
1228	1353
1465	1557
1623	1658
1671	1660
1611	1517
1422	1385
1387	1366
1326	1340
1405	1548
2049	3253
4978	6516
7225	6923
5920	4762
3847	3281
3063	3215
3800	4894
6460	8340
10292	12057
13423	14281
14634	14608
14371	14112
13979	14076
14381	14804
15209	15511
15652	15634
15492	15280
15055	14869
14736	14629
14477	14225
13931	13724
13639	13587
13494	13356
13224	13150
13156	13204
13218	13098
12811	12405
12005	11768
11755	11937
12243	12615
13002	13368
13692	13968
14216	14478
14787	15152
15549	15923
16190	16267
16137	15853
15491	15118
14808	14625
14618	14801
15150	15605
16102	16574
16977	17305
17611	17971
18417	18900
19328	19599
19670	19583
19483	19565
19944	20587
21319	21901
22175	22128
21867	21555
21326	21235
21262	21355
21531	21854
22328	22839
23192	23202
22882	22422
22075	21983
22093	22209
22233	22208
22214	22276
22378	22474
22508	22428
22236	21988
21778	21685
21747	21938
22179	22384
22518	22602
22626	22566
22452	22398
22496	22748
23039	23213
23231	23208
23297	23604
24091	24601
24970	25153
25313	25725
26475	27370
28087	28362
28161	27657
27062	26511
26030	25599
25261	25111
25190	25461
25849	26288
26703	27029
27223	27281
27227	27110
26971	26861
26807	26840
27009	27325
27650	27798
27781	27799
27933	28050
27905	27394
26741	26281
25884	24898
22643	18906
14199	9583
5983	3810
2860	2575
2500	2461
2424	2379
2328	2276
2229	2192
2164	2140
2129	2153
2202	2246
2265	2267
2272	2287
2316	2342
2360	2372
2384	2404
2427	2439
2425	2377
2325	2301
2323	2371
2424	2467
2501	2531
2554	2568
2566	2550
2531	2526
2563	2658
2780	2878
2926	2940
2943	2943
2943	2943
2943	2943
2943	2943
2944	2950
2969	3008
3056	3087
3097	3094
3093	3102
3122	3156
3211	3278
3357	3445
3529	3591
3626	3642
3650	3655
3657	3656
3648	3632
3607	3580
3552	3530
3505	3477
3444	3420
3413	3417
3425	3430
3435	3436
3435	3435
3435	3435
3435	3435
3435	3435
3436	3441
3458	3491
3533	3567
3584	3588
3589	3589
3589	3589
3589	3589
3589	3589
3592	3600
3628	3687
3760	3822
3851	3864
3871	3877
3886	3901
3918	3929
3938	3942
3947	3947
3941	3927
3912	3913
3939	3983
4040	4104
4170	4245
4322	4396
4461	4521
4567	4523
4616	3302
739	739
739	739
738	735
722	694
658	628
600	567
530	501
487	483
481	481
482	483
484	484
484	484
484	484
484	484
486	490
510	550
610	683
764	859
977	1101
1228	1352
1464	1558
1623	1657
1672	1665
1631	1556
1453	1349
1288	1277
1320	1387
1438	1545
2087	3429
5266	6694
7061	6384
5176	4057
3348	3014
2955	3199
3833	4947
6515	8386
10331	12095
13462	14313
14651	14609
14374	14149
14070	14191
14481	14855
15210	15474
15604	15594
15482	15311
15133	14987
14883	14801
14661	14401
14063	13776
13597	13475
13365	13275
13225	13234
13280	13311
13258	13066
12728	12307
11919	11685
11676	11881
12242	12680
13117	13508
13827	14082
14302	14541
14824	15164
15529	15858
16065	16082
15908	15609
15266	14939
14695	14595
14683	14954
15380	15878
16387	16831
17184	17452
17705	18028
18453	18917
19325	19573
19623	19526
19431	19522
19918	20575
21310	21885
22145	22077
21802	21492
21276	21191
21210	21302
21497	21854
22371	22922
23298	23323
23003	22551
22217	22156
22299	22441
22470	22432
22407	22427
22482	22537
22534	22422
22210	21952
21743	21656
21732	21935
22186	22396
22533	22623
22658	22607
22508	22462
22562	22816
23104	23270
23271	23220
23282	23573
24074	24643
25073	25274
25401	25782
26523	27427
28139	28387
28141	27610
27015	26472
25980	25493
25043	24749
24699	24906
25311	25812
26306	26707
26961	27066
27046	26946
26825	26731
26691	26733
26895	27194
27533	27750
27813	27812
27832	27831
27664	27222
26624	26134
25772	25137
23539	20425
15979	11145
7018	4301
2961	2418
2171	2046
2008	2047
2124	2197
2239	2232
2177	2093
2022	2012
2060	2114
2142	2149
2151	2169
2197	2228
2243	2257
2267	2287
2308	2320
2301	2246
2178	2140
2153	2197
2250	2301
2345	2381
2406	2419
2421	2413
2402	2401
2437	2523
2638	2730
2776	2788
2791	2791
2791	2791
2791	2791
2791	2791
2792	2799
2823	2871
2925	2960
2967	2960
2956	2960
2976	3010
3061	3126
3201	3286
3368	3427
3460	3472
3479	3479
3480	3477
3469	3448
3419	3390
3370	3353
3335	3306
3273	3250
3252	3277
3311	3339
3352	3355
3353	3354
3354	3355
3355	3355
3355	3355
3356	3362
3378	3413
3457	3492
3509	3514
3514	3514
3514	3515
3515	3515
3515	3516
3517	3525
3552	3605
3671	3724
3750	3758
3761	3764
3769	3778
3788	3793
3793	3791
3791	3790
3786	3778
3772	3779
3804	3847
3904	3970
4042	4123
4211	4293
4364	4426
4474	4433
4523	3234
728	730
731	733
736	734
722	694
658	629
601	567
531	501
486	482
480	480
481	484
486	487
487	487
487	487
487	486
487	492
511	548
604	676
757	855
973	1098
1228	1351
1465	1558
1624	1658
1674	1673
1654	1605
1502	1356
1239	1244
1354	1460
1484	1559
2133	3582
5482	6778
6831	5837
4471	3414
2910	2783
2870	3196
3881	5022
6602	8475
10416	12164
13508	14325
14628	14560
14336	14156
14141	14293
14562	14885
15192	15423
15546	15560
15483	15362
15231	15118
15036	14964
14831	14565
14195	13830
13543	13331
13185	13119
13139	13223
13317	13349
13260	13031
12681	12279
11908	11668
11633	11844
12251	12750
13235	13638
13946	14180
14380	14597
14861	15172
15501	15785
15943	15915
15711	15409
15090	14813
14636	14612
14779	15123
15602	16134
16639	17054
17360	17575
17783	18074
18479	18929
19315	19542
19570	19463
19374	19490
19908	20578
21307	21863
22098	22012
21728	21427
21224	21148
21172	21275
21488	21875
22423	22995
23382	23416
23105	22664
22350	22317
22492	22659
22696	22648
22592	22567
22576	22585
22544	22410
22187	21924
21709	21626
21713	21933
22197	22407
22545	22641
22690	22660
22572	22531
22625	22872
23150	23309
23293	23212
23237	23503
24011	24619
25096	25308
25411	25755
26480	27372
28076	28307
28046	27508
26919	26383
25876	25337
24795	24386
24230	24378
24787	25346
25916	26385
26694	26842
26855	26782
26675	26596
26573	26619
26765	27023
27352	27646
27800	27784
27654	27492
27284	26938
26450	25957
25580	25181
24133	21651
17593	12703
8151	4912
3142	2294
1845	1622
1596	1727
1939	2135
2254	2272
2191	2053
1927	1884
1926	1987
2020	2028
2033	2051
2076	2103
2128	2144
2160	2180
2200	2215
2198	2139
2057	2006
2007	2045
2099	2152
2203	2244
2273	2291
2296	2294
2287	2288
2316	2389
2490	2570
2610	2623
2624	2625
2626	2628
2628	2629
2630	2633
2634	2643
2667	2717
2775	2813
2822	2817
2811	2815
2830	2861
2911	2973
3041	3117
3195	3252
3286	3301
3307	3309
3309	3305
3294	3271
3240	3212
3197	3186
3174	3145
3116	3097
3107	3149
3205	3248
3267	3271
3273	3277
3278	3280
3280	3281
3281	3281
3282	3286
3300	3330
3366	3396
3410	3414
3414	3415
3416	3418
3420	3421
3421	3422
3425	3431
3453	3498
3554	3600
3622	3629
3630	3632
3633	3635
3635	3628
3618	3609
3603	3602
3600	3599
3602	3617
3647	3692
3748	3815
3891	3981
4075	4161
4236	4298
4349	4308
4397	3141
694	700
705	713
718	720
711	687
657	630
603	571
533	501
483	476
474	479
484	492
499	504
505	507
507	505
504	499
496	496
508	536
585	654
737	841
961	1091
1223	1352
1467	1560
1624	1660
1675	1677
1671	1639
1547	1383
1247	1280
1444	1558
1543	1606
2227	3733
5603	6728
6510	5283
3831	2855
2528	2577
2780	3175
3905	5084
6701	8605
10557	12289
13577	14322
14564	14469
14264	14150
14206	14382
14621	14888
15146	15360
15494	15547
15527	15459
15366	15270
15187	15105
14971	14706
14321	13896
13515	13212
13025	12980
13072	13236
13385	13428
13320	13061
12698	12295
11922	11656
11594	11819
12292	12857
13371	13762
14035	14239
14427	14637
14890	15173
15464	15708
15834	15780
15567	15280
15002	14783
14670	14708
14930	15317
15818	16349
16836	17223
17489	17665
17838	18104
18488	18922
19286	19481
19483	19372
19308	19468
19926	20601
21303	21810
22000	21893
21616	21331
21152	21111
21177	21323
21569	21972
22515	23072
23446	23479
23182	22763
22478	22476
22684	22875
22925	22869
22786	22715
22667	22623
22557	22421
22209	21950
21721	21621
21700	21930
22209	22421
22549	22651
22734	22743
22672	22613
22665	22873
23138	23296
23273	23154
23121	23344
23854	24495
25018	25254
25351	25660
26335	27188
27875	28122
27902	27403
26836	26286
25733	25131
24515	24018
23773	23849
24237	24838
25494	26039
26404	26605
26675	26643
26551	26470
26445	26491
26618	26837
27143	27477
27702	27685
27459	27183
26942	26671
26287	25809
25408	25148
24518	22643
19104	14355
9523	5782
3514	2284
1613	1311
1319	1545
1853	2099
2221	2226
2141	1991
1841	1772
1795	1846
1878	1888
1894	1906
1933	1963
1998	2028
2055	2077
2105	2122
2112	2052
1965	1897
1885	1912
1959	2014
2066	2114
2148	2172
2182	2186
2184	2183
2203	2257
2335	2398
2431	2441
2444	2447
2454	2458
2462	2467
2471	2475
2479	2487
2511	2557
2616	2657
2675	2678
2678	2681
2695	2725
2772	2830
2891	2955
3017	3069
3103	3123
3130	3132
3132	3128
3118	3095
3066	3041
3031	3028
3023	3007
2985	2971
2985	3032
3090	3133
3154	3161
3167	3175
3182	3185
3187	3188
3188	3188
3190	3193
3203	3223
3250	3270
3281	3284
3285	3285
3287	3292
3298	3303
3307	3311
3316	3325
3345	3378
3422	3456
3472	3477
3478	3478
3477	3477
3469	3452
3430	3413
3403	3402
3403	3408
3419	3441
3475	3524
3584	3652
3734	3824
3922	4009
4083	4148
4199	4164
4256	3023
626	639
651	672
689	698
695	678
654	632
610	578
536	499
474	462
461	471
487	507
523	535
540	540
540	540
535	523
509	496
494	506
542	604
693	808
940	1078
1216	1350
1470	1566
1627	1663
1681	1685
1675	1646
1558	1405
1299	1382
1584	1679
1630	1721
2413	3913
5635	6517
6069	4707
3253	2380
2195	2373
2661	3104
3873	5106
6793	8773
10774	12480
13684	14309
14459	14329
14166	14139
14274	14472
14673	14875
15092	15302
15474	15587
15637	15622
15555	15455
15343	15228
15069	14805
14425	13973
13528	13160
12952	12944
13115	13369
13582	13645
13513	13203
12780	12326
11908	11598
11532	11815
12393	13035
13557	13895
14094	14249
14428	14652
14905	15171
15425	15636
15742	15681
15478	15227
15012	14864
14818	14912
15162	15551
16026	16521
16969	17319
17556	17713
17868	18120
18488	18898
19231	19383
19351	19241
19226	19460
19975	20651
21290	21706
21821	21689
21430	21172
21031	21060
21230	21473
21775	22176
22672	23163
23490	23510
23239	22867
22626	22656
22886	23098
23168	23116
23007	22879
22761	22668
22587	22482
22309	22062
21801	21651
21692	21923
22219	22431
22540	22653
22789	22857
22803	22689
22645	22773
23021	23203
23190	23026
22906	23066
23571	24253
24833	25124
25245	25517
26102	26868
27531	27843
27742	27350
26814	26215
25573	24884
24201	23637
23296	23266
23589	24223
24981	25618
26046	26329
26512	26553
26467	26354
26295	26325
26438	26630
26908	27239
27495	27519
27314	27038
26796	26550
26206	25745
25344	25150
24804	23504
20633	16268
11337	7119
4245	2526
1582	1210
1262	1572
1915	2102
2111	2051
1984	1883
1758	1676
1664	1683
1702	1709
1719	1732
1760	1797
1843	1890
1934	1976
2013	2039
2036	1978
1885	1810
1785	1800
1838	1885
1934	1980
2016	2045
2065	2076
2080	2085
2097	2128
2171	2206
2226	2233
2239	2249
2260	2273
2284	2295
2307	2315
2321	2329
2352	2398
2459	2510
2541	2555
2561	2568
2582	2611
2655	2705
2752	2799
2842	2881
2908	2925
2933	2935
2935	2932
2923	2905
2885	2868
2865	2871
2879	2881
2877	2876
2887	2913
2946	2971
2987	2999
3017	3037
3055	3066
3072	3073
3073	3073
3073	3074
3076	3082
3091	3098
3101	3103
3103	3105
3110	3121
3133	3144
3154	3166
3179	3192
3208	3233
3262	3286
3296	3300
3300	3300
3300	3296
3283	3261
3230	3208
3198	3196
3201	3211
3231	3257
3294	3343
3406	3481
3565	3659
3748	3834
3905	3971
4025	3995
4094	2886
534	559
580	616
644	665
669	662
648	634
614	583
538	494
459	442
443	458
487	520
553	572
582	585
585	582
572	553
523	492
470	465
485	544
641	769
914	1062
1206	1349
1476	1571
1631	1666
1687	1688
1665	1622
1535	1411
1366	1509
1730	1794
1728	1890
2672	4110
5590	6185
5547	4146
2764	2006
1925	2176
2511	2985
3786	5075
6855	8943
11010	12698
13795	14279
14318	14163
14057	14130
14350	14574
14739	14888
15069	15288
15506	15688
15798	15824
15763	15634
15472	15300
15106	14845
14481	14029
13553	13158
12955	12993
13240	13575
13841	13918
13752	13377
12874	12341
11860	11522
11477	11854
12547	13262
13763	14014
14115	14218
14402	14657
14935	15190
15412	15591
15678	15615
15429	15228
15080	15016
15039	15177
15431	15791
16209	16644
17037	17349
17564	17716
17871	18121
18477	18870
19169	19279
19212	19106
19147	19465
20041	20706
21260	21554
21577	21416
21178	20957
20859	20982
21296	21673
22049	22444
22863	23263
23523	23529
23295	22979
22789	22846
23090	23316
23404	23358
23226	23036
22842	22697
22618	22563
22448	22219
21923	21702
21691	21914
22230	22445
22533	22653
22837	22963
22916	22724
22548	22581
22811	23037
23059	22854
22638	22729
23227	23945
24585	24952
25116	25356
25831	26487
27117	27517
27582	27330
26837	26180
25426	24642
23896	23258
22807	22636
22860	23511
24371	25102
25601	26007
26351	26509
26438	26272
26140	26111
26189	26362
26616	26923
27185	27288
27214	27043
26834	26571
26213	25771
25395	25225
25050	24249
22113	18348
13568	9012
5515	3202
1879	1338
1365	1704
2033	2110
1961	1819
1785	1761
1685	1599
1552	1535
1532	1534
1542	1559
1587	1629
1683	1746
1806	1864
1913	1951
1952	1896
1804	1725
1697	1704
1730	1765
1809	1849
1885	1914
1941	1961
1976	1987
1997	2006
2015	2022
2029	2037
2046	2060
2081	2101
2119	2139
2158	2172
2181	2189
2212	2260
2323	2383
2423	2448
2459	2470
2485	2515
2557	2597
2630	2656
2681	2702
2720	2730
2737	2738
2737	2736
2731	2721
2709	2700
2703	2721
2748	2776
2794	2806
2810	2803
2795	2787
2797	2818
2853	2887
2920	2939
2949	2952
2952	2951
2949	2944
2935	2923
2911	2903
2900	2899
2900	2902
2910	2929
2951	2971
2986	3003
3022	3043
3060	3078
3095	3107
3113	3115
3115	3115
3115	3112
3100	3077
3048	3026
3016	3014
3020	3034
3057	3084
3117	3162
3225	3305
3395	3489
3574	3652
3720	3786
3845	3823
3929	2753
456	489
518	567
607	634
644	645
639	629
613	582
536	486
445	424
425	445
484	528
570	597
610	613
613	610
597	570
528	486
447	427
436	494
598	738
893	1048
1199	1347
1479	1576
1633	1668
1690	1687
1652	1589
1502	1411
1420	1595
1810	1852
1808	2069
2937	4286
5499	5814
5043	3673
2420	1769
1738	2003
2347	2833
3662	5012
6881	9062
11184	12858
13860	14225
14176	14008
13963	14129
14423	14678
14835	14958
15125	15350
15600	15821
15964	16000
15927	15758
15536	15302
15067	14792
14443	14003
13532	13147
12962	13038
13327	13698
13985	14056
13863	13442
12895	12321
11819	11487
11489	11948
12725	13469
13925	14083
14098	14164
14373	14684
15005	15267
15455	15592
15644	15565
15388	15219
15131	15131
15214	15387
15649	15983
16353	16729
17072	17345
17539	17683
17844	18104
18469	18859
19138	19217
19123	19023
19106	19485
20093	20735
21198	21383
21319	21133
20910	20713
20657	20868
21312	21820
22270	22663
23030	23359
23571	23570
23370	23102
22953	23030
23277	23506
23598	23547
23385	23142
22882	22693
22618	22604
22540	22332
22012	21741
21687	21906
22245	22472
22556	22665
22858	22994
22931	22659
22375	22327
22552	22830
22904	22690
22416	22451
22935	23671
24356	24782
24993	25210
25595	26149
26746	27208
27405	27276
26832	26142
25315	24462
23655	22931
22348	22026
22142	22783
23707	24508
25081	25624
26167	26483
26470	26255
26014	25861
25847	25979
26227	26536
26823	27025
27104	27064
26907	26635
26260	25841
25498	25330
25238	24794
23312	20263
15944	11354
7397	4457
2586	1659
1472	1734
2050	2086
1866	1687
1672	1694
1641	1554
1490	1457
1441	1436
1435	1447
1471	1510
1563	1624
1685	1746
1801	1845
1849	1798
1710	1641
1614	1620
1638	1662
1695	1730
1761	1791
1820	1848
1874	1893
1905	1905
1898	1897
1903	1912
1924	1944
1966	1992
2017	2042
2064	2081
2090	2100
2121	2164
2222	2279
2321	2350
2373	2389
2408	2438
2474	2507
2528	2542
2553	2562
2570	2575
2576	2576
2577	2576
2573	2570
2565	2565
2575	2600
2640	2684
2727	2753
2753	2717
2670	2638
2643	2675
2721	2769
2813	2840
2854	2857
2857	2856
2850	2837
2812	2781
2747	2726
2716	2714
2714	2718
2730	2753
2783	2810
2828	2847
2870	2893
2915	2934
2946	2953
2955	2956
2956	2956
2956	2953
2945	2927
2906	2888
2881	2880
2886	2901
2920	2941
2967	3010
3072	3157
3252	3342
3422	3491
3560	3624
3687	3673
3784	2644
417	454
488	540
586	617
629	633
632	626
611	580
533	480
435	412
412	435
480	530
576	605
619	623
623	619
605	576
529	478
432	406
414	470
575	721
883	1041
1196	1346
1482	1577
1636	1668
1691	1685
1640	1565
1474	1413
1453	1625
1803	1834
1852	2233
3166	4410
5370	5449
4591	3306
2209	1664
1638	1867
2187	2677
3542	4942
6879	9120
11270	12918
13854	14141
14046	13883
13890	14125
14477	14775
14955	15091
15267	15495
15749	15969
16102	16124
16019	15807
15529	15238
14956	14661
14312	13888
13441	13084
12928	13019
13308	13668
13933	13981
13772	13350
12811	12267
11804	11524
11582	12089
12884	13601
13990	14061
14017	14079
14341	14729
15107	15383
15538	15612
15605	15494
15313	15168
15120	15166
15294	15505
15782	16110
16457	16797
17099	17339
17504	17632
17792	18073
18467	18875
19151	19211
19104	19005
19107	19503
20114	20711
21099	21200
21077	20865
20646	20464
20440	20716
21259	21859
22375	22788
23143	23446
23641	23645
23469	23235
23109	23198
23440	23659
23738	23665
23474	23182
22873	22653
22573	22577
22545	22356
22036	21750
21686	21907
22268	22513
22596	22673
22812	22903
22798	22476
22129	22043
22275	22605
22736	22555
22269	22277
22738	23470
24173	24637
24874	25075
25402	25887
26443	26928
27202	27159
26774	26103
25258	24367
23493	22658
21928	21462
21484	22088
23020	23850
24491	25183
25932	26443
26536	26305
25936	25598
25420	25481
25749	26108
26464	26759
26955	27017
26919	26667
26304	25911
25588	25411
25336	25087
24099	21811
18222	13965
9799	6291
3737	2193
1580	1646
1952	2050
1884	1727
1704	1697
1621	1530
1483	1464
1449	1436
1422	1419
1428	1454
1490	1530
1572	1623
1674	1714
1721	1676
1598	1538
1519	1531
1546	1567
1588	1615
1643	1673
1701	1732
1763	1790
1808	1816
1825	1835
1852	1867
1881	1899
1923	1951
1979	2005
2024	2039
2051	2061
2078	2108
2151	2193
2227	2257
2286	2310
2332	2358
2391	2421
2438	2449
2454	2457
2460	2465
2467	2467
2465	2462
2460	2459
2458	2460
2474	2505
2552	2607
2662	2698
2699	2653
2582	2540
2545	2585
2639	2694
2741	2773
2787	2791
2791	2788
2778	2755
2716	2665
2616	2584
2571	2570
2572	2577
2590	2616
2651	2679
2698	2712
2734	2763
2793	2817
2833	2840
2843	2844
2844	2844
2844	2843
2837	2827
2813	2804
2800	2800
2804	2813
2826	2841
2860	2898
2959	3043
3135	3224
3300	3369
3433	3498
3559	3548
3657	2557
406	444
481	535
582	613
627	632
632	627
613	580
533	478
433	410
410	433
478	532
579	610
624	629
629	624
610	579
532	477
430	402
406	462
570	718
880	1041
1196	1348
1483	1578
1636	1670
1691	1683
1631	1545
1458	1421
1473	1610
1733	1766
1881	2397
3380	4502
5210	5068
4150	2983
2075	1635
1598	1763
2043	2537
3433	4889
6880	9159
11312	12929
13806	14045
13925	13780
13829	14113
14510	14855
15083	15261
15456	15691
15930	16124
16230	16222
16081	15826
15496	15152
14823	14495
14134	13723
13308	12986
12855	12943
13207	13525
13754	13781
13571	13177
12688	12206
11811	11604
11722	12248
13013	13658
13954	13946
13858	13943
14276	14749
15194	15479
15592	15588
15506	15356
15181	15064
15053	15140
15312	15559
15863	16201
16545	16868
17142	17344
17473	17570
17730	18037
18474	18905
19184	19230
19114	19014
19121	19515
20099	20644
20962	20993
20825	20593
20374	20205
20208	20534
21151	21829
22403	22850
23217	23524
23725	23745
23590	23376
23265	23357
23591	23794
23854	23759
23529	23196
22846	22592
22498	22511
22496	22331
22028	21750
21694	21920
22291	22550
22626	22646
22694	22703
22545	22190
21825	21730
21978	22350
22542	22413
22149	22141
22570	23292
24012	24499
24744	24925
25202	25627
26148	26640
26966	27006
26703	26088
25259	24336
23376	22403
21516	20919
20860	21419
22321	23148
23846	24672
25630	26357
26594	26379
25890	25343
24967	24935
25230	25677
26123	26510
26797	26932
26885	26668
26331	25959
25640	25433
25329	25160
24541	22991
20288	16611
12476	8525
5282	3028
1862	1637
1901	2086
2021	1892
1825	1739
1609	1514
1495	1507
1501	1479
1451	1429
1416	1417
1427	1443
1465	1496
1537	1573
1578	1534
1467	1416
1408	1420
1440	1456
1474	1493
1518	1541
1563	1595
1630	1658
1687	1718
1759	1795
1826	1844
1860	1877
1902	1930
1956	1977
1994	2011
2024	2037
2048	2064
2084	2104
2125	2153
2185	2210
2233	2258
2288	2317
2338	2349
2356	2359
2365	2374
2381	2381
2374	2366
2362	2361
2361	2365
2378	2412
2460	2518
2575	2619
2626	2580
2507	2463
2473	2517
2577	2637
2685	2718
2733	2737
2737	2733
2720	2689
2636	2563
2497	2455
2440	2442
2447	2453
2468	2496
2531	2559
2575	2588
2605	2636
2674	2709
2734	2749
2755	2757
2758	2758
2759	2759
2757	2755
2750	2745
2743	2743
2744	2747
2752	2759
2777	2811
2869	2948
3034	3115
3189	3255
3319	3380
3439	3429
3527	2472
411	449
486	539
585	618
632	636
636	632
618	585
538	486
440	415
415	440
486	538
585	618
632	636
636	632
618	585
537	484
435	403
407	462
570	716
880	1040
1196	1348
1483	1579
1636	1670
1691	1681
1623	1532
1449	1435
1493	1582
1639	1684
1909	2563
3579	4557
5000	4641
3681	2655
1955	1637
1589	1690
1927	2420
3355	4871
6917	9226
11371	12940
13758	13949
13816	13692
13782	14096
14519	14901
15187	15418
15649	15889
16110	16277
16355	16312
16143	15848
15476	15082
14706	14343
13968	13564
13167	12869
12751	12836
13075	13361
13561	13579
13385	13024
12582	12157
11834	11705
11878	12406
13110	13651
13840	13750
13636	13748
14153	14708
15204	15492
15553	15468
15314	15144
14998	14932
14969	15103
15317	15601
15936	16296
16642	16952
17198	17363
17452	17518
17666	18001
18480	18941
19218	19248
19122	19026
19136	19521
20069	20552
20795	20762
20550	20298
20080	19926
19964	20344
21028	21777
22406	22888
23273	23591
23808	23848
23717	23529
23430	23524
23747	23933
23971	23850
23586	23209
22815	22529
22421	22436
22437	22293
22012	21757
21710	21939
22308	22567
22621	22572
22513	22429
22226	21862
21500	21409
21665	22068
22318	22242
22005	21975
22369	23087
23842	24362
24606	24745
24955	25314
25795	26308
26708	26858
26669	26130
25318	24347
23279	22153
21109	20401
20273	20779
21635	22436
23162	24104
25248	26188
26593	26428
25852	25119
24553	24424
24738	25268
25810	26286
26648	26841
26835	26649
26338	25981
25648	25393
25225	25070
24720	23826
21995	19006
15093	10907
7116	4206
2460	1878
2019	2236
2221	2089
1952	1780
1594	1491
1493	1524
1523	1492
1452	1415
1381	1360
1348	1342
1343	1365
1395	1425
1428	1389
1325	1281
1271	1286
1308	1325
1337	1350
1364	1383
1404	1434
1469	1500
1538	1595
1665	1726
1764	1784
1798	1820
1848	1876
1899	1913
1928	1948
1971	1990
1998	1997
1995	1997
2008	2032
2063	2090
2107	2126
2150	2178
2201	2219
2230	2239
2251	2266
2281	2282
2269	2258
2252	2249
2249	2253
2268	2299
2349	2409
2466	2511
2521	2482
2419	2381
2396	2445
2505	2564
2614	2646
2660	2665
2665	2661
2647	2610
2546	2458
2372	2316
2303	2308
2316	2326
2342	2371
2402	2427
2442	2454
2471	2504
2544	2591
2629	2655
2666	2670
2671	2671
2674	2677
2682	2685
2685	2685
2686	2685
2684	2682
2679	2680
2692	2726
2779	2849
2924	3002
3070	3137
3195	3255
3306	3290
3380	2374
417	457
492	546
594	626
639	645
645	639
626	594
546	492
447	422
422	447
492	546
594	626
639	645
645	639
626	594
545	490
442	408
410	462
570	716
880	1040
1196	1348
1483	1579
1636	1670
1691	1678
1616	1519
1445	1451
1516	1552
1544	1604
1949	2726
3751	4563
4735	4171
3190	2325
1840	1652
1606	1645
1841	2339
3318	4901
7013	9351
11478	12985
13729	13863
13718	13617
13742	14072
14500	14904
15246	15540
15815	16065
16275	16416
16464	16400
16210	15893
15486	15052
14634	14241
13851	13443
13046	12748
12628	12711
12944	13226
13430	13460
13284	12946
12533	12145
11876	11816
12047	12566
13185	13609
13684	13523
13385	13531
13994	14609
15127	15396
15398	15242
15039	14880
14798	14808
14900	15079
15334	15653
16018	16394
16748	17047
17268	17398
17445	17475
17613	17968
18486	18969
19242	19257
19126	19035
19154	19531
20043	20462
20623	20517
20255	19981
19767	19640
19721	20164
20920	21737
22416	22923
23315	23639
23871	23938
23843	23688
23613	23705
23916	24082
24097	23947
23649	23233
22796	22480
22358	22379
22398	22272
22008	21763
21723	21951
22317	22567
22591	22467
22306	22141
21909	21553
21207	21117
21367	21779
22070	22042
21819	21762
22120	22850
23666	24233
24468	24539
24659	24935
25381	25930
26437	26736
26691	26237
25436	24394
23198	21919
20741	19944
19768	20226
21025	21774
22493	23501
24790	25916
26488	26408
25804	24947
24237	24014
24317	24896
25513	26065
26497	26742
26772	26615
26327	25976
25623	25309
25060	24872
24687	24288
23186	20874
17348	13185
9093	5678
3393	2406
2330	2464
2415	2230
2022	1793
1580	1468
1460	1479
1468	1428
1382	1337
1294	1259
1233	1218
1214	1226
1252	1277
1280	1245
1192	1146
1133	1143
1160	1174
1181	1189
1199	1216
1237	1265
1293	1323
1367	1440
1531	1606
1646	1664
1679	1705
1737	1766
1783	1794
1808	1833
1864	1886
1894	1889
1880	1873
1876	1893
1916	1936
1951	1971
1995	2025
2051	2069
2082	2096
2113	2137
2153	2154
2144	2132
2124	2123
2122	2126
2141	2172
2220	2281
2336	2381
2389	2354
2301	2274
2296	2346
2407	2468
2517	2549
2564	2568
2568	2564
2549	2510
2439	2339
2235	2168
2146	2152
2162	2177
2197	2228
2255	2279
2294	2309
2329	2362
2406	2457
2508	2544
2561	2566
2569	2571
2576	2587
2599	2610
2616	2617
2619	2619
2614	2603
2592	2586
2596	2628
2678	2740
2809	2874
2940	3005
3065	3115
3161	3138
3223	2272
421	461
498	549
597	629
643	648
648	643
629	597
549	498
452	425
425	452
498	549
597	629
643	648
648	643
629	597
549	495
446	409
411	462
571	716
880	1040
1196	1348
1483	1579
1636	1670
1691	1678
1613	1512
1447	1476
1540	1525
1460	1540
1992	2866
3872	4500
4416	3682
2716	2015
1737	1680
1650	1651
1811	2309
3330	4985
7168	9535
11635	13067
13720	13793
13628	13555
13709	14038
14442	14857
15252	15615
15940	16208
16406	16523
16551	16475
16278	15952
15527	15063
14613	14199
13795	13375
12956	12639
12505	12587
12839	13149
13385	13448
13296	12970
12560	12177
11940	11948
12238	12744
13267	13558
13528	13313
13178	13353
13860	14488
14993	15216
15159	14949
14736	14619
14623	14714
14866	15081
15371	15723
16114	16503
16861	17148
17344	17438
17453	17456
17581	17950
18497	18992
19255	19261
19129	19053
19182	19553
20027	20379
20460	20272
19951	19654
19446	19358
19497	20015
20848	21730
22446	22966
23346	23663
23903	24004
23951	23837
23787	23886
24084	24229
24216	24040
23710	23255
22784	22447
22321	22353
22390	22280
22020	21774
21724	21941
22299	22546
22554	22370
22124	21899
21657	21328
20999	20896
21111	21513
21823	21832
21619	21528
21848	22605
23497	24125
24338	24327
24336	24518
24926	25521
26159	26636
26751	26398
25597	24471
23141	21724
20435	19574
19357	19773
20506	21185
21857	22884
24261	25533
26260	26296
25729	24841
24043	23725
23959	24525
25184	25810
26308	26605
26678	26554
26296	25956
25587	25220
24888	24637
24511	24400
23813	22102
19093	15209
11089	7361
4614	3180
2776	2698
2515	2248
2000	1775
1581	1454
1400	1370
1331	1283
1236	1189
1146	1116
1096	1083
1080	1093
1117	1142
1147	1120
1068	1026
1005	1004
1009	1015
1020	1024
1032	1048
1071	1094
1114	1136
1181	1259
1358	1434
1475	1490
1506	1533
1567	1595
1611	1621
1634	1662
1695	1722
1733	1733
1728	1727
1730	1738
1752	1765
1780	1802
1831	1860
1882	1898
1915	1937
1963	1991
2010	2017
2009	1997
1987	1982
1983	1989
2008	2040
2086	2140
2192	2231
2239	2208
2163	2143
2168	2219
2281	2339
2391	2422
2437	2441
2441	2438
2422	2387
2313	2207
2090	2010
1977	1978
1988	2010
2037	2065
2091	2110
2129	2148
2173	2204
2244	2297
2354	2396
2418	2427
2434	2441
2453	2472
2494	2512
2523	2530
2536	2536
2529	2512
2490	2476
2482	2512
2560	2616
2676	2738
2800	2860
2914	2960
2997	2978
3060	2167
423	462
499	549
598	629
643	648
648	643
629	598
549	499
453	427
427	453
499	549
598	629
643	648
648	643
629	598
549	497
446	411
411	463
571	716
880	1040
1196	1348
1483	1579
1636	1670
1691	1678
1613	1517
1463	1506
1562	1504
1392	1496
2034	2966
3915	4355
4053	3204
2288	1754
1661	1721
1726	1707
1839	2335
3396	5119
7367	9761
11828	13178
13732	13731
13547	13495
13671	13985
14353	14764
15209	15649
16027	16312
16495	16589
16602	16526
16340	16025
15598	15114
14639	14207
13788	13345
12900	12552
12402	12492
12778	13139
13428	13531
13402	13079
12652	12255
12038	12106
12457	12946
13361	13522
13402	13168
13066	13289
13812	14416
14858	15010
14896	14662
14470	14422
14511	14672
14863	15106
15421	15801
16213	16618
16975	17252
17425	17492
17481	17462
17581	17956
18515	19008
19259	19254
19130	19074
19222	19586
20020	20302
20295	20028
19647	19322
19130	19092
19309	19915
20827	21767
22507	23016
23371	23661
23902	24028
24022	23952
23930	24039
24227	24353
24317	24112
23752	23271
22779	22437
22320	22371
22425	22325
22057	21791
21715	21907
22253	22511
22523	22306
22003	21744
21510	21211
20894	20759
20918	21282
21597	21632
21428	21307
21593	22371
23344	24024
24221	24118
24015	24096
24464	25102
25870	26525
26814	26565
25768	24563
23108	21568
20191	19275
19019	19390
20054	20654
21263	22267
23687	25055
25915	26083
25621	24785
23965	23536
23632	24114
24781	25467
26037	26399
26525	26449
26235	25933
25572	25178
24777	24448
24297	24291
24002	22777
20333	16912
12997	9152
6037	4130
3286	2866
2466	2106
1873	1723
1595	1460
1327	1217
1140	1085
1040	1002
970	948
939	938
947	965
994	1027
1041	1017
968	924
899	886
879	874
867	868
874	889
908	925
939	956
991	1064
1154	1226
1263	1277
1294	1322
1357	1385
1401	1409
1425	1453
1489	1515
1530	1541
1548	1556
1562	1567
1573	1583
1598	1623
1655	1687
1709	1728
1750	1775
1804	1834
1858	1867
1864	1854
1841	1832
1832	1843
1864	1895
1936	1988
2038	2076
2082	2050
2006	1986
2011	2062
2124	2184
2234	2266
2282	2286
2285	2281
2269	2235
2166	2055
1933	1842
1802	1796
1809	1834
1865	1894
1916	1936
1959	1982
2008	2035
2065	2112
2167	2210
2234	2251
2265	2280
2298	2323
2353	2379
2396	2411
2424	2431
2425	2404
2375	2357
2359	2386
2431	2482
2532	2585
2644	2703
2753	2792
2824	2808
2889	2055
423	462
499	549
598	629
643	648
648	643
629	598
549	499
453	427
427	453
499	549
598	629
643	648
648	643
629	598
549	497
446	411
411	463
571	716
880	1040
1196	1348
1483	1579
1636	1670
1691	1678
1619	1533
1490	1541
1587	1487
1347	1477
2073	3013
3866	4130
3659	2764
1938	1559
1603	1762
1807	1790
1905	2399
3489	5272
7579	9997
12030	13295
13747	13665
13450	13412
13610	13909
14242	14646
15137	15644
16073	16371
16535	16603
16605	16539
16377	16085
15667	15178
14681	14224
13785	13321
12857	12494
12344	12456
12784	13194
13533	13670
13557	13226
12780	12361
12158	12286
12695	13163
13467	13505
13325	13117
13096	13385
13912	14450
14788	14841
14676	14449
14314	14338
14490	14691
14905	15163
15493	15888
16315	16731
17090	17359
17517	17566
17536	17507
17622	17995
18545	19022
19248	19235
19121	19093
19264	19624
20018	20231
20134	19788
19350	19007
18838	18868
19180	19880
20865	21848
22601	23083
23391	23640
23867	24010
24047	24018
24030	24150
24338	24445
24385	24152
23771	23275
22779	22447
22348	22423
22499	22402
22115	21815
21691	21847
22182	22468
22513	22298
21961	21683
21468	21196
20871	20676
20752	21058
21370	21435
21254	21116
21373	22162
23184	23908
24089	23922
23716	23706
24023	24683
25553	26368
26822	26681
25911	24651
23094	21445
19976	18994
18685	19001
19604	20137
20689	21662
23090	24519
25486	25792
25480	24763
23961	23407
23296	23631
24273	25014
25664	26105
26303	26300
26159	25920
25605	25214
24777	24373
24142	24111
23943	23074
21165	18284
14714	10910
7527	5156
3795	2948
2287	1847
1675	1653
1619	1480
1261	1066
944	883
847	819
800	794
797	809
830	861
903	942
961	938
891	844
814	795
776	759
747	742
745	753
762	769
772	779
808	870
947	1009
1041	1054
1070	1097
1133	1161
1177	1188
1206	1235
1268	1295
1314	1334
1356	1373
1382	1386
1390	1398
1416	1443
1477	1509
1533	1558
1582	1608
1637	1672
1702	1722
1719	1704
1686	1672
1673	1687
1711	1742
1780	1827
1878	1918
1928	1893
1840	1813
1833	1885
1946	2006
2055	2088
2102	2106
2105	2098
2086	2057
1995	1886
1760	1661
1619	1612
1627	1652
1686	1712
1734	1759
1787	1814
1835	1852
1875	1909
1953	1989
2014	2037
2063	2088
2114	2143
2178	2206
2234	2257
2282	2297
2296	2276
2249	2231
2231	2258
2299	2342
2382	2427
2478	2533
2582	2618
2648	2632
2712	1937
421	461
498	549
597	629
643	648
648	643
629	597
549	498
452	425
425	452
498	549
597	629
643	648
648	643
629	597
549	495
446	409
411	462
571	716
880	1040
1196	1348
1483	1579
1636	1670
1691	1681
1628	1555
1526	1578
1606	1477
1325	1481
2109	3012
3733	3827
3250	2377
1683	1438
1574	1786
1874	1870
1978	2468
3588	5425
7789	10224
12218	13391
13733	13566
13322	13302
13526	13826
14136	14541
15071	15628
16090	16387
16523	16561
16549	16496
16367	16110
15713	15220
14703	14209
13736	13257
12805	12470
12356	12507
12869	13307
13661	13804
13689	13350
12890	12470
12283	12470
12922	13354
13548	13479
13280	13149
13253	13633
14162	14607
14805	14741
14534	14352
14299	14391
14570	14776
14993	15253
15587	15986
16416	16838
17201	17467
17621	17663
17631	17595
17702	18058
18581	19025
19224	19202
19100	19098
19294	19657
20017	20162
19988	19569
19087	18733
18595	18700
19115	19914
20969	21983
22724	23161
23403	23596
23793	23946
24019	24034
24083	24227
24412	24502
24415	24157
23761	23264
22781	22466
22394	22496
22592	22492
22186	21840
21666	21775
22099	22421
22525	22328
21974	21682
21484	21222
20861	20579
20549	20788
21100	21210
21078	20951
21182	21955
22989	23734
23929	23739
23472	23381
23627	24268
25189	26117
26709	26683
25970	24703
23082	21340
19767	18683
18290	18534
19082	19579
20108	21071
22508	23972
25016	25451
25308	24744
23986	23295
22933	23077
23668	24463
25197	25725
26013	26106
26064	25924
25685	25336
24893	24434
24108	23982
23822	23173
21698	19318
16142	12476
8929	6151
4281	2996
2077	1579
1488	1593
1643	1501
1217	951
795	725
697	682
676	683
697	718
746	789
840	885
898	875
827	779
750	728
704	679
662	650
647	647
648	642
635	633
653	699
761	808
833	844
861	888
924	951
972	989
1009	1037
1065	1087
1107	1133
1163	1185
1197	1202
1207	1220
1242	1272
1303	1335
1363	1392
1417	1441
1469	1509
1548	1572
1570	1551
1528	1514
1514	1528
1551	1583
1623	1670
1724	1766
1778	1738
1670	1632
1646	1696
1758	1816
1867	1898
1914	1917
1913	1903
1886	1856
1800	1695
1573	1476
1436	1435
1452	1480
1507	1531
1552	1579
1612	1641
1659	1668
1681	1702
1728	1753
1776	1805
1840	1876
1907	1939
1974	2008
2042	2078
2113	2137
2142	2130
2111	2099
2106	2131
2168	2205
2237	2276
2323	2370
2410	2444
2472	2461
2532	1816
417	458
493	547
594	626
639	645
645	639
626	594
547	493
448	422
422	448
493	547
594	626
639	645
645	639
626	594
546	491
443	408
410	462
570	716
880	1040
1196	1348
1483	1579
1636	1670
1692	1684
1640	1584
1569	1616
1621	1471
1319	1505
2141	2967
3529	3469
2845	2061
1520	1387
1559	1789
1908	1920
2025	2514
3659	5546
7961	10413
12364	13444
13677	13425
13149	13149
13418	13741
14055	14472
15034	15626
16098	16375
16470	16467
16436	16390
16290	16069
15701	15215
14674	14126
13606	13127
12727	12477
12445	12650
13031	13456
13778	13884
13739	13389
12938	12545
12406	12645
13114	13482
13558	13405
13227	13221
13492	13988
14520	14855
14893	14706
14475	14367
14423	14574
14749	14925
15126	15380
15707	16093
16518	16936
17308	17581
17737	17788
17753	17715
17808	18132
18610	19012
19181	19147
19058	19086
19311	19682
20018	20109
19866	19386
18865	18508
18412	18600
19123	20012
21122	22151
22867	23243
23409	23532
23692	23845
23948	24012
24103	24271
24458	24533
24419	24139
23733	23245
22781	22495
22453	22581
22689	22586
22255	21865
21636	21696
22010	22374
22538	22363
21987	21680
21482	21206
20784	20384
20227	20395
20716	20902
20853	20766
20986	21714
22719	23481
23725	23574
23296	23141
23296	23862
24765	25742
26439	26534
25922	24706
23075	21246
19537	18304
17785	17938
18443	18938
19501	20501
21967	23462
24561	25100
25109	24703
24000	23178
22560	22497
23033	23866
24680	25298
25685	25885
25963	25937
25802	25514
25087	24593
24181	23942
23731	23183
21991	20009
17204	13740
10137	7060
4773	3110
1966	1417
1381	1559
1642	1496
1186	895
725	656
630	622
626	635
651	671
701	745
798	839
849	822
772	727
700	678
656	628
604	586
577	571
562	549
530	524
532	566
608	643
660	673
692	718
753	785
808	829
856	879
900	916
932	957
986	1009
1020	1026
1035	1055
1081	1113
1142	1176
1207	1237
1257	1277
1305	1350
1400	1431
1428	1408
1385	1370
1370	1380
1402	1434
1476	1527
1585	1629
1636	1583
1502	1453
1460	1508
1565	1621
1667	1700
1717	1722
1716	1697
1672	1641
1588	1495
1383	1296
1261	1268
1293	1322
1344	1359
1378	1407
1441	1468
1482	1490
1494	1501
1512	1523
1539	1570
1610	1653
1692	1724
1762	1800
1843	1889
1931	1960
1974	1976
1973	1974
1986	2012
2046	2078
2108	2142
2181	2218
2251	2279
2309	2300
2364	1701
411	448
486	538
585	618
632	636
636	632
618	585
538	486
440	415
415	440
486	538
585	618
632	636
636	632
618	585
537	484
435	403
407	462
570	716
880	1040
1196	1348
1483	1579
1636	1670
1692	1690
1657	1622
1621	1656
1633	1465
1331	1547
2171	2888
3276	3087
2458	1810
1442	1396
1557	1767
1902	1937
2038	2527
3692	5624
8081	10540
12449	13443
13573	13245
12941	12967
13286	13659
14010	14457
15048	15654
16116	16356
16403	16352
16291	16240
16160	15968
15625	15146
14575	13966
13393	12928
12627	12513
12605	12877
13261	13627
13857	13874
13673	13318
12908	12581
12512	12784
13224	13495
13448	13236
13114	13269
13735	14364
14904	15132
15004	14696
14454	14443
14625	14836
14985	15112
15281	15523
15834	16205
16615	17030
17405	17690
17859	17913
17888	17850
17921	18206
18630	18979
19117	19081
19006	19063
19318	19704
20030	20077
19772	19237
18688	18333
18281	18553
19176	20151
21306	22334
23012	23319
23405	23456
23571	23719
23851	23960
24093	24289
24481	24537
24398	24103
23698	23225
22788	22534
22519	22669
22788	22681
22326	21892
21604	21615
21914	22311
22523	22361
21951	21605
21383	21070
20562	20029
19740	19834
20178	20461
20532	20524
20746	21417
22368	23147
23481	23427
23193	22991
23037	23476
24289	25252
26014	26229
25757	24660
23066	21163
19278	17844
17154	17205
17678	18217
18869	19966
21501	23038
24168	24774
24897	24619
23968	23037
22202	21965
22441	23309
24190	24885
25360	25663
25854	25946
25909	25691
25288	24768
24289	23956
23671	23128
22071	20355
17872	14653
11118	7897
5329	3389
2071	1456
1412	1566
1607	1446
1162	907
754	685
658	648
645	648
655	668
692	727
770	801
803	774
729	691
666	647
621	593
567	548
535	524
505	485
465	455
457	478
506	531
547	560
580	608
641	672
699	726
751	772
784	795
804	820
840	856
864	869
882	906
941	971
1001	1032
1066	1096
1113	1129
1157	1208
1266	1302
1303	1282
1259	1244
1240	1245
1263	1295
1341	1396
1454	1499
1499	1435
1336	1270
1270	1316
1373	1426
1467	1499
1519	1529
1520	1498
1467	1432
1384	1303
1205	1132
1106	1119
1150	1179
1197	1207
1222	1251
1287	1314
1330	1333
1330	1321
1314	1311
1322	1351
1394	1438
1478	1515
1552	1597
1647	1699
1746	1781
1804	1826
1847	1867
1884	1905
1934	1963
1995	2026
2058	2084
2106	2127
2153	2143
2203	1589
399	439
475	529
576	609
623	627
627	623
609	576
528	475
430	403
403	430
475	528
576	609
623	627
627	623
609	576
528	474
426	398
403	461
569	718
880	1041
1196	1347
1483	1578
1636	1669
1693	1693
1673	1659
1675	1697
1642	1464
1349	1593
2194	2789
3009	2712
2120	1625
1428	1441
1561	1726
1867	1920
2024	2511
3692	5654
8144	10609
12474	13393
13436	13043
12720	12770
13147	13588
13996	14488
15105	15713
16155	16350
16340	16232
16133	16069
15995	15823
15498	15019
14412	13738
13112	12681
12506	12568
12807	13154
13521	13794
13889	13780
13505	13146
12801	12575
12592	12881
13255	13394
13225	12972
12925	13256
13924	14687
15239	15360
15082	14672
14436	14530
14844	15117
15238	15308
15441	15658
15954	16309
16703	17113
17491	17785
17967	18034
18015	17977
18033	18272
18635	18932
19041	18999
18947	19033
19322	19726
20045	20058
19702	19121
18544	18194
18184	18539
19259	20310
21496	22514
23145	23385
23391	23374
23446	23588
23741	23892
24067	24290
24488	24532
24375	24067
23663	23209
22799	22572
22583	22752
22881	22766
22389	21912
21570	21533
21810	22223
22461	22293
21837	21435
21157	20778
20169	19503
19080	19110
19488	19886
20100	20199
20446	21063
21953	22754
23209	23301
23148	22924
22850	23126
23796	24693
25481	25816
25510	24571
23057	21088
19008	17335
16444	16379
16835	17450
18236	19476
21119	22712
23865	24502
24690	24497
23881	22879
21894	21529
21963	22856
23787	24540
25079	25462
25747	25935
25979	25812
25422	24885
24361	23965
23599	22994
21953	20389
18175	15239
11880	8672
5977	3876
2433	1735
1599	1621
1540	1349
1139	973
865	803
768	744
725	711
700	698
708	730
755	770
765	739
703	671
650	628
602	573
548	527
509	490
468	447
428	418
418	431
452	472
487	505
528	556
585	618
646	672
695	711
722	728
730	735
738	740
740	744
758	786
821	852
878	906
939	966
987	1004
1033	1084
1149	1192
1198	1178
1153	1134
1127	1131
1149	1181
1227	1280
1338	1379
1376	1297
1183	1105
1097	1138
1192	1240
1279	1313
1336	1347
1341	1317
1280	1243
1200	1134
1056	995
978	994
1027	1053
1069	1079
1095	1124
1160	1188
1201	1203
1191	1171
1146	1130
1135	1159
1201	1244
1286	1325
1369	1416
1468	1523
1573	1611
1647	1691
1736	1773
1795	1814
1835	1865
1897	1926
1949	1963
1976	1988
2010	2000
2059	1492
393	431
467	522
569	601
615	619
619	615
601	569
521	467
422	398
398	422
467	521
569	601
615	619
619	615
601	569
521	467
420	395
405	465
575	722
884	1044
1198	1348
1480	1576
1633	1666
1689	1692
1683	1689
1716	1726
1644	1464
1380	1642
2198	2677
2753	2389
1855	1510
1448	1497
1561	1674
1810	1880
1989	2473
3660	5640
8153	10619
12454	13305
13274	12830
12497	12574
13006	13524
14017	14564
15200	15798
16209	16358
16288	16129
15990	15906
15830	15664
15343	14855
14211	13477
12814	12425
12391	12634
13019	13434
13770	13932
13881	13643
13294	12940
12670	12550
12642	12928
13207	13216
12945	12672
12714	13208
14039	14899
15440	15467
15073	14603
14398	14601
15031	15356
15455	15480
15574	15770
16042	16385
16773	17181
17560	17865
18062	18143
18129	18087
18121	18317
18618	18868
18957	18916
18881	19002
19323	19751
20062	20044
19643	19020
18427	18083
18109	18536
19345	20467
21685	22692
23282	23450
23374	23288
23319	23453
23630	23822
24036	24281
24482	24516
24342	24025
23617	23169
22771	22560
22592	22783
22925	22818
22426	21920
21533	21452
21698	22105
22348	22167
21663	21183
20816	20342
19624	18831
18285	18250
18662	19187
19575	19816
20118	20693
21520	22340
22920	23174
23132	22912
22732	22840
23346	24142
24932	25363
25230	24475
23070	21053
18777	16848
15735	15538
15977	16668
17593	18988
20763	22435
23629	24284
24499	24338
23734	22686
21610	21161
21562	22467
23444	24254
24850	25294
25638	25886
25972	25831
25444	24909
24370	23933
23480	22756
21642	20149
18167	15545
12457	9380
6694	4544
3044	2249
1947	1743
1470	1237
1120	1068
1018	959
909	864
823	789
764	745
741	742
746	747
733	710
681	658
639	620
595	567
541	515
493	469
450	428
415	405
404	420
444	469
486	505
526	552
581	613
638	660
677	692
706	714
710	698
680	666
660	663
676	703
737	768
792	814
843	872
896	917
946	997
1057	1100
1110	1089
1058	1035
1029	1038
1057	1089
1131	1181
1235	1275
1264	1174
1048	960
949	989
1041	1087
1124	1155
1179	1191
1184	1159
1122	1088
1049	996
931	882
868	884
915	942
958	970
987	1019
1056	1082
1093	1092
1076	1044
1008	983
982	1007
1047	1093
1134	1178
1224	1271
1319	1367
1417	1463
1511	1569
1631	1678
1703	1716
1735	1765
1798	1827
1845	1856
1861	1872
1885	1873
1925	1403
387	427
463	516
563	597
611	614
614	611
597	563
515	463
418	391
391	418
463	515
563	597
611	614
614	611
597	563
515	463
422	403
419	484
594	736
898	1057
1208	1353
1480	1573
1626	1657
1672	1678
1678	1698
1733	1736
1649	1488
1428	1682
2169	2538
2528	2164
1718	1491
1507	1558
1564	1633
1758	1838
1950	2425
3599	5590
8119	10589
12383	13166
13061	12583
12255	12370
12860	13475
14073	14691
15336	15904
16270	16369
16254	16053
15881	15773
15678	15496
15164	14658
13989	13218
12542	12217
12324	12722
13228	13679
13966	14019
13845	13510
13122	12792
12589	12547
12682	12935
13120	13024
12697	12458
12608	13225
14137	14986
15445	15379
14939	14501
14383	14682
15177	15523
15609	15604
15672	15841
16094	16426
16819	17237
17631	17951
18161	18245
18223	18162
18162	18303
18553	18770
18858	18824
18802	18952
19318	19776
20082	20021
19574	18922
18323	17987
18040	18519
19407	20605
21870	22883
23434	23529
23356	23186
23166	23299
23508	23749
24004	24269
24463	24485
24296	23961
23534	23060
22636	22411
22448	22664
22846	22778
22410	21903
21492	21369
21568	21937
22169	21991
21465	20885
20366	19750
18936	18030
17354	17231
17660	18332
18946	19396
19803	20367
21125	21931
22602	23008
23094	22915
22670	22646
23007	23699
24461	24956
24970	24411
23153	21133
18677	16465
15081	14717
15116	15852
16865	18374
20277	22080
23383	24099
24326	24145
23506	22401
21247	20703
21029	21938
23001	23933
24637	25153
25537	25797
25882	25725
25340	24843
24350	23887
23306	22395
21139	19658
17888	15609
12867	10008
7419	5329
3860	2988
2461	1957
1453	1150
1114	1161
1147	1077
995	922
866	825
802	790
776	764
749	729
704	680
657	638
627	614
594	569
538	509
482	461
442	428
418	409
411	437
480	516
539	554
574	598
625	650
671	685
697	714
731	741
734	709
677	650
637	638
650	678
714	746
764	780
802	830
858	883
909	947
992	1022
1028	1004
970	945
939	951
975	1002
1035	1080
1128	1166
1151	1064
939	852
838	875
926	976
1014	1040
1057	1066
1057	1030
994	963
929	883
830	785
766	773
796	820
839	860
886	928
968	995
1002	991
969	936
901	878
876	902
940	989
1033	1082
1125	1166
1201	1243
1286	1332
1383	1446
1510	1560
1582	1594
1607	1632
1662	1693
1711	1727
1738	1750
1764	1755
1802	1320
387	427
461	515
563	596
610	614
614	610
596	563
514	461
418	391
391	418
461	514
563	596
610	614
614	610
596	563
514	463
428	420
451	521
627	767
925	1081
1228	1361
1479	1561
1610	1637
1643	1642
1649	1678
1722	1728
1656	1533
1500	1711
2089	2361
2337	2057
1735	1587
1601	1610
1577	1616
1733	1819
1936	2387
3528	5511
8058	10528
12270	12956
12765	12258
11964	12129
12696	13431
14170	14871
15510	16018
16319	16373
16230	16008
15811	15672
15539	15319
14954	14429
13750	12983
12346	12109
12340	12863
13435	13878
14091	14052
13804	13441
13072	12791
12639	12629
12746	12939
13039	12884
12574	12436
12720	13418
14282	14967
15231	15065
14680	14393
14435	14807
15293	15608
15681	15672
15723	15868
16108	16439
16849	17296
17721	18064
18283	18351
18297	18188
18133	18216
18421	18633
18736	18714
18698	18881
19307	19805
20105	19992
19483	18806
18215	17894
17957	18472
19435	20724
22066	23107
23624	23626
23334	23057
22978	23107
23365	23671
23975	24256
24441	24442
24233	23865
23382	22830
22328	22042
22058	22305
22561	22587
22305	21854
21450	21292
21424	21725
21929	21788
21271	20561
19808	19013
18106	17105
16275	16011
16424	17264
18179	18937
19533	20116
20787	21522
22215	22735
22961	22870
22631	22544
22819	23426
24133	24632
24746	24383
23327	21370
18761	16232
14507	13917
14225	14937
15943	17485
19502	21502
23020	23878
24134	23899
23168	21965
20676	19952
20121	21024
22258	23441
24365	25007
25428	25670
25709	25514
25149	24759
24382	23905
23134	21957
20494	18965
17361	15436
13085	10504
8069	6132
4801	3890
3108	2275
1519	1135
1125	1215
1196	1086
957	854
794	775
784	800
801	785
752	709
665	634
615	606
601	592
581	562
535	509
485	467
455	447
442	437
448	490
552	604
634	647
660	678
700	718
730	739
749	762
779	789
783	757
722	694
681	681
695	722
758	787
803	816
833	863
895	919
933	943
951	952
941	916
881	854
847	858
877	899
926	961
1006	1039
1027	959
856	786
778	812
859	905
941	963
974	976
963	935
897	866
836	798
747	698
660	647
651	669
696	733
781	839
890	918
912	888
858	834
823	821
829	851
888	934
981	1023
1061	1090
1115	1145
1176	1215
1258	1308
1358	1393
1410	1417
1427	1446
1472	1501
1529	1552
1575	1599
1624	1621
1671	1234
387	426
461	514
563	595
610	614
614	610
595	563
513	461
417	391
391	417
461	513
563	595
610	614
614	610
595	563
514	467
437	445
491	569
674	808
962	1115
1256	1378
1480	1553
1595	1611
1610	1602
1610	1645
1695	1707
1660	1588
1578	1725
1979	2170
2184	2038
1852	1743
1707	1652
1600	1637
1755	1843
1955	2368
3465	5435
8001	10461
12134	12695
12395	11853
11604	11841
12497	13372
14268	15060
15686	16124
16356	16370
16212	15984
15767	15588
15402	15128
14721	14182
13521	12806
12248	12117
12458	13056
13644	14045
14182	14070
13792	13453
13148	12934
12821	12806
12871	12982
13005	12837
12599	12609
13033	13755
14473	14883
14885	14625
14359	14305
14538	14957
15372	15621
15685	15689
15737	15867
16094	16432
16864	17348
17814	18184
18401	18443
18342	18172
18060	18094
18277	18504
18633	18615
18594	18807
19296	19842
20127	19943
19357	18653
18083	17783
17862	18415
19459	20848
22275	23353
23835	23741
23323	22929
22783	22912
23227	23604
23961	24259
24431	24405
24160	23741
23171	22504
21877	21492
21463	21735
22082	22245
22104	21757
21395	21217
21282	21509
21686	21588
21087	20226
19195	18187
17186	16083
15082	14653
15029	16035
17280	18407
19253	19879
20436	21043
21706	22307
22670	22703
22540	22483
22744	23297
23919	24352
24500	24316
23501	21662
18933	16078
13976	13121
13303	13939
14867	16380
18482	20703
22500	23568
23899	23622
22789	21445
19952	18939
18859	19728
21192	22733
23968	24787
25249	25468
25481	25288
24985	24735
24497	24031
23098	21670
19959	18273
16681	14995
13006	10738
8532	6829
5695	4795
3797	2670
1688	1184
1143	1219
1167	1009
838	711
655	662
714	769
799	791
752	695
638	597
578	571
566	564
558	546
530	514
496	487
480	478
475	475
499	558
636	701
732	744
752	763
775	786
791	795
800	809
820	826
823	805
783	764
757	758
771	799
835	864
881	892
911	938
969	987
984	959
924	891
863	830
794	767
760	764
776	790
809	842
882	911
909	866
800	758
753	786
831	874
904	921
927	922
907	873
835	802
773	734
682	619
563	522
505	515
553	609
684	762
825	849
830	789
751	748
775	804
828	852
882	918
960	996
1025	1044
1061	1079
1098	1120
1145	1173
1199	1217
1225	1228
1231	1240
1256	1282
1317	1356
1393	1430
1467	1478
1531	1146
387	426
461	514
563	595
610	614
614	610
595	563
513	461
417	391
391	417
461	513
563	595
610	614
614	610
595	563
514	469
444	462
520	605
708	841
990	1145
1280	1394
1488	1558
1596	1604
1594	1580
1587	1623
1668	1690
1666	1629
1638	1732
1889	2030
2085	2050
1961	1867
1778	1679
1626	1689
1822	1912
2006	2383
3442	5410
7993	10434
12012	12431
11992	11397
11182	11502
12269	13289
14328	15197
15815	16204
16389	16374
16206	15963
15718	15496
15254	14929
14492	13956
13337	12700
12244	12216
12637	13273
13851	14202
14275	14115
13828	13523
13283	13134
13062	13041
13058	13086
13044	12880
12738	12885
13401	14088
14623	14772
14557	14244
14095	14243
14625	15055
15394	15586
15662	15692
15742	15858
16079	16421
16872	17384
17876	18262
18472	18489
18346	18140
17997	18027
18231	18478
18609	18571
18532	18766
19309	19889
20145	19878
19201	18452
17897	17635
17760	18386
19524	21012
22501	23587
24029	23852
23327	22840
22642	22775
23131	23562
23968	24284
24445	24386
24091	23598
22934	22146
21389	20890
20799	21075
21506	21807
21824	21601
21312	21142
21180	21361
21518	21426
20890	19872
18598	17383
16245	15011
13853	13288
13636	14769
16290	17754
18855	19527
19952	20413
21028	21687
22165	22332
22302	22363
22692	23220
23729	24039
24158	24116
23530	21827
19017	15890
13453	12336
12374	12926
13789	15272
17435	19826
21860	23138
23594	23352
22478	21002
19259	17888
17484	18272
19948	21848
23408	24396
24900	25140
25225	25144
24969	24827
24672	24252
23312	21780
19849	17850
16004	14291
12528	10602
8732	7310
6358	5492
4393	3096
1944	1302
1168	1188
1109	933
754	621
560	571
632	699
745	758
738	697
647	603
569	550
540	538
535	531
524	517
510	507
503	503
503	509
539	603
685	753
787	797
802	806
810	814
816	817
819	824
828	832
830	822
812	805
802	806
820	847
883	913
931	947
968	997
1022	1034
1018	971
905	848
809	773
737	709
697	695
702	710
727	756
791	820
823	802
769	747
752	782
826	868
898	914
917	904
879	841
801	767
738	701
647	577
506	447
416	421
465	538
631	719
785	804
776	719
680	692
747	804
844	870
898	928
960	986
1008	1026
1043	1059
1073	1081
1087	1091
1091	1089
1086	1085
1081	1079
1081	1101
1139	1185
1233	1277
1318	1337
1395	1058
387	426
461	514
563	595
610	614
614	610
595	563
513	461
417	391
391	417
461	513
563	595
610	614
614	610
595	563
514	469
447	467
528	617
723	853
1006	1157
1295	1412
1510	1576
1612	1618
1604	1588
1588	1619
1664	1682
1669	1650
1664	1733
1844	1956
2032	2050
2005	1916
1797	1687
1654	1758
1922	2017
2076	2419
3462	5443
8042	10450
11920	12174
11580	10902
10702	11114
12016	13174
14326	15251
15879	16248
16416	16388
16202	15933
15648	15371
15077	14718
14274	13761
13201	12657
12306	12367
12836	13479
14033	14342
14369	14179
13886	13605
13411	13315
13289	13289
13279	13236
13134	12981
12931	13177
13720	14322
14686	14649
14316	13997
13944	14209
14658	15076
15359	15531
15637	15703
15759	15867
16077	16417
16870	17389
17892	18278
18481	18484
18326	18114
17985	18062
18317	18582
18687	18601
18529	18777
19359	19951
20164	19800
19019	18210
17660	17454
17668	18399
19647	21207
22715	23780
24173	23929
23340	22798
22568	22695
23072	23535
23975	24315
24475	24379
24017	23445
22693	21799
20918	20307
20138	20400
20888	21307
21472	21384
21189	21070
21124	21308
21448	21303
20663	19492
18028	16617
15288	13880
12580	11939
12279	13483
15176	16906
18254	18986
19288	19598
20157	20840
21404	21703
21854	22111
22581	23122
23518	23679
23736	23792
23400	21824
18977	15658
12949	11584
11454	11932
12784	14284
16487	18968
21149	22603
23225	23116
22290	20715
18695	16914
16129	16758
18560	20754
22604	23760
24333	24664
24934	25091
25096	25002
24834	24479
23699	22265
20198	17804
15469	13453
11735	10145
8696	7569
6741	5916
4844	3537
2299	1513
1230	1158
1060	911
759	633
559	539
564	610
651	685
704	707
689	648
593	551
531	524
523	521
520	517
516	514
514	514
515	523
553	613
690	752
781	790
793	793
795	795
795	796
797	798
800	801
800	798
796	794
792	796
811	839
874	905
928	950
979	1006
1026	1031
1011	959
890	830
788	752
716	687
670	666
666	672
691	720
756	782
792	780
762	751
761	790
832	876
910	929
930	913
878	836
795	760
730	693
640	574
497	430
395	397
445	526
626	716
778	791
758	696
656	674
744	817
865	894
923	950
972	992
1013	1033
1056	1075
1088	1092
1089	1076
1058	1042
1032	1022
1008	990
981	989
1020	1066
1110	1148
1185	1205
1264	973
387	427
463	516
563	597
611	614
614	611
597	563
515	463
418	391
391	418
463	515
563	597
611	614
614	611
597	563
516	471
445	462
520	609
719	855
1009	1163
1301	1423
1525	1597
1635	1642
1629	1611
1609	1634
1668	1680
1667	1653
1670	1730
1826	1927
2003	2031
1998	1910
1789	1681
1678	1827
2031	2121
2144	2451
3492	5500
8114	10481
11825	11895
11124	10349
10165	10693
11753	13054
14293	15260
15893	16264
16432	16401
16196	15890
15550	15211
14866	14481
14047	13577
13090	12644
12398	12529
13019	13645
14163	14431
14423	14211
13914	13655
13500	13456
13482	13515
13495	13390
13228	13095
13142	13461
13984	14467
14670	14506
14130	13848
13876	14204
14668	15055
15301	15473
15621	15726
15796	15895
16093	16417
16859	17371
17867	18248
18445	18447
18298	18098
18010	18157
18484	18764
18820	18664
18558	18816
19428	20028
20192	19727
18829	17949
17398	17262
17589	18450
19794	21394
22886	23901
24236	23942
23312	22741
22491	22610
22988	23470
23936	24309
24481	24351
23915	23261
22428	21443
20452	19725
19465	19694
20221	20746
21056	21114
21032	20986
21085	21304
21431	21190
20389	19054
17436	15826
14254	12630
11201	10508
10849	12068
13855	15806
17415	18259
18478	18632
19073	19717
20328	20784
21175	21693
22364	22966
23295	23345
23355	23479
23236	21781
18942	15488
12542	10900
10551	10942
11819	13369
15603	18129
20398	22002
22820	22907
22190	20547
18235	16009
14775	15141
16949	19361
21490	22861
23572	24066
24585	25031
25236	25158
24910	24593
24020	22796
20728	18016
15169	12724
10900	9571
8538	7686
6929	6144
5188	3997
2766	1851
1373	1164
1038	919
800	690
595	535
508	513
540	589
649	702
726	695
625	563
531	521
520	519
519	519
519	518
518	519
520	527
551	600
663	711
735	743
744	744
745	745
745	745
745	745
745	745
745	745
744	744
744	751
764	793
827	858
880	910
943	972
989	991
975	936
883	832
793	757
723	693
672	661
662	673
695	724
758	784
795	788
775	767
779	806
847	890
927	951
951	929
891	849
806	774
741	706
655	591
518	450
410	413
460	545
643	733
789	802
771	712
672	688
758	835
887	920
949	972
990	1010
1032	1058
1086	1113
1131	1141
1135	1113
1082	1056
1040	1020
996	961
935	929
947	980
1012	1039
1067	1085
1137	887
387	427
464	517
565	598
612	616
616	612
598	565
516	464
418	391
391	418
464	516
565	598
612	616
616	612
598	565
517	470
441	451
504	593
709	850
1008	1163
1303	1430
1538	1618
1663	1674
1661	1645
1640	1656
1675	1676
1657	1646
1664	1722
1808	1905
1975	2005
1976	1890
1767	1670
1691	1885
2117	2197
2181	2451
3494	5529
8156	10470
11678	11555
10603	9735
9589	10262
11504	12949
14262	15248
15881	16253
16421	16386
16169	15829
15430	15025
14625	14218
13800	13382
12976	12634
12484	12667
13158	13747
14217	14438
14397	14167
13879	13647
13537	13547
13629	13698
13671	13505
13284	13183
13333	13726
14208	14556
14603	14343
13964	13752
13863	14242
14702	15048
15263	15441
15628	15769
15849	15939
16115	16421
16843	17341
17824	18197
18396	18411
18278	18098
18049	18267
18660	18950
18943	18716
18578	18851
19504	20115
20231	19666
18657	17705
17156	17098
17548	18524
19936	21540
22986	23937
24210	23873
23217	22629
22363	22464
22835	23325
23821	24230
24422	24266
23765	23042
22145	21082
19981	19128
18757	18935
19488	20114
20575	20791
20839	20881
21040	21297
21414	21061
20078	18572
16794	14968
13128	11272
9711	8976
9294	10491
12305	14444
16338	17381
17586	17559
17772	18270
18895	19533
20218	21051
21954	22681
23039	23087
23111	23292
23151	21814
19033	15498
12309	10329
9688	9945
10849	12465
14740	17295
19641	21391
22416	22718
22137	20453
17878	15200
13460	13447
15122	17663
20077	21747
22707	23426
24192	24897
25282	25226
24889	24533
24075	23068
21150	18356
15178	12335
10292	9071
8344	7714
7006	6267
5456	4460
3332	2333
1639	1242
1040	923
820	712
605	514
453	428
444	501
586	671
719	700
633	567
531	521
520	519
519	519
519	519
519	520
521	526
544	580
624	660
677	682
683	683
683	683
683	683
683	683
683	683
683	683
683	684
687	694
709	739
772	800
825	856
890	918
931	934
926	907
878	846
812	780
745	712
682	665
665	682
712	745
779	805
820	813
797	792
804	833
868	907
941	965
965	941
907	868
833	798
766	729
684	620
546	477
435	437
486	571
667	754
810	828
799	748
709	722
787	861
913	946
970	989
1010	1036
1065	1096
1126	1154
1182	1199
1194	1168
1135	1104
1079	1050
1008	960
920	895
895	907
924	939
957	970
1013	806
390	428
464	519
568	599
614	618
618	614
599	568
518	464
420	394
394	420
464	518
568	599
614	618
618	614
599	567
519	470
440	446
496	585
704	848
1008	1166
1306	1436
1547	1635
1686	1705
1698	1686
1679	1680
1677	1660
1637	1626
1648	1705
1790	1879
1952	1982
1958	1873
1750	1656
1695	1909
2153	2209
2146	2386
3431	5490
8120	10367
11431	11120
10010	9080
9006	9853
11296	12882
14251	15231
15845	16196
16360	16321
16093	15724
15285	14822
14369	13943
13547	13187
12868	12624
12559	12776
13244	13782
14193	14365
14290	14054
13784	13592
13536	13601
13729	13826
13782	13556
13290	13231
13490	13946
14383	14593
14500	14174
13831	13716
13921	14342
14786	15093
15275	15458
15667	15832
15914	15990
16146	16429
16834	17313
17785	18153
18362	18390
18273	18115
18097	18361
18793	19068
19004	18719
18564	18868
19564	20192
20275	19627
18522	17513
16976	16999
17560	18620
20055	21629
23015	23894
24112	23736
23058	22454
22167	22249
22608	23101
23623	24071
24288	24119
23575	22804
21865	20732
19525	18533
18038	18139
18702	19422
20034	20413
20603	20743
20966	21263
21373	20915
19757	18074
16132	14078
11972	9893
8214	7433
7708	8824
10602	12870
15049	16361
16636	16404
16251	16472
17072	17923
18945	20097
21244	22154
22679	22881
23021	23257
23160	21930
19268	15711
12278	9905
8893	8970
9878	11562
13879	16478
18910	20813
22040	22554
22124	20450
17688	14620
12363	11857
13230	15769
18453	20511
21837	22833
23802	24674
25202	25199
24809	24339
23838	22977
21342	18756
15537	12408
10044	8718
8118	7640
6999	6310
5639	4866
3922	2909
2020	1414
1091	921
791	668
553	461
394	372
388	444
525	608
658	652
603	556
529	521
520	519
519	519
519	519
519	520
520	523
535	558
585	608
619	623
624	624
624	624
624	624
624	624
624	624
624	624
624	625
631	644
665	692
720	744
767	797
831	859
874	878
880	881
877	864
840	806
770	732
697	674
674	697
732	770
806	836
850	843
827	820
835	861
894	927
959	976
976	959
927	894
860	829
795	759
713	653
579	513
472	473
522	604
702	787
844	860
836	789
754	767
825	891
940	970
990	1011
1038	1073
1112	1146
1174	1204
1237	1259
1258	1234
1194	1161
1129	1088
1028	967
911	872
851	844
847	852
864	870
904	731
393	432
468	523
570	601
615	619
619	615
601	570
522	468
423	398
398	423
468	522
570	601
615	619
619	615
601	570
521	472
440	447
494	584
703	848
1011	1170
1316	1448
1563	1655
1712	1739
1741	1734
1722	1706
1676	1642
1607	1599
1624	1684
1761	1852
1930	1965
1944	1859
1735	1642
1683	1894
2122	2141
2035	2250
3298	5365
7974	10138
11063	10590
9361	8420
8459	9502
11149	12865
14266	15215
15778	16093
16233	16187
15955	15576
15109	14610
14125	13688
13316	13013
12778	12625
12630	12864
13294	13764
14111	14231
14135	13905
13670	13529
13527	13641
13803	13911
13844	13560
13256	13241
13597	14105
14486	14574
14369	14017
13747	13746
14045	14499
14920	15186
15343	15522
15740	15907
15982	16041
16179	16447
16840	17305
17768	18137
18355	18396
18296	18152
18150	18425
18850	19091
18984	18665
18516	18860
19609	20264
20324	19616
18451	17408
16894	16986
17629	18729
20154	21674
22993	23805
23973	23564
22870	22250
21946	22003
22342	22833
23374	23857
24100	23929
23365	22574
21616	20434
19121	17981
17333	17332
17880	18674
19429	19977
20320	20568
20861	21200
21300	20758
19450	17600
15471	13198
10853	8603
6838	6019
6222	7205
8869	11173
13585	15212
15629	15174
14551	14386
14914	15986
17349	18802
20175	21325
22158	22678
23040	23335
23227	22079
19578	16056
12397	9605
8180	8028
8911	10647
13010	15668
18212	20280
21706	22419
22149	20554
17726	14377
11637	10549
11452	13825
16704	19188
20966	22271
23390	24348
24979	25091
24723	24114
23444	22641
21354	19197
16195	12900
10132	8491
7830	7444
6907	6290
5728	5164
4450	3506
2488	1686
1210	937
737	575
454	379
345	351
382	431
482	528
555	561
547	532
523	520
520	519
519	519
519	519
519	520
520	522
527	539
554	566
572	576
576	576
576	576
576	576
576	576
576	576
576	576
576	579
586	607
633	662
683	700
718	747
783	812
827	832
841	859
877	880
864	833
791	748
711	688
688	711
748	791
833	864
879	874
858	853
867	892
925	955
979	995
995	979
955	925
891	860
827	791
745	686
621	558
521	524
572	656
751	838
892	905
877	830
801	815
866	923
963	988
1011	1038
1077	1121
1169	1206
1240	1273
1306	1329
1329	1303
1261	1220
1179	1126
1056	979
911	856
819	797
790	789
795	795
818	675
402	440
477	531
578	610
624	628
628	624
610	578
530	477
432	406
406	432
477	530
578	610
624	628
628	624
610	577
530	478
444	448
497	586
704	851
1015	1180
1332	1473
1591	1687
1749	1783
1793	1789
1769	1734
1680	1625
1583	1569
1594	1652
1735	1829
1910	1947
1925	1840
1716	1622
1645	1832
2022	2004
1863	2060
3100	5153
7708	9775
10565	9966
8673	7773
7963	9225
11076	12906
14313	15203
15690	15936
16031	15970
15741	15371
14909	14403
13912	13479
13138	12888
12727	12658
12723	12967
13347	13739
14009	14082
13973	13776
13595	13521
13572	13721
13892	13989
13885	13552
13218	13236
13660	14191
14512	14494
14209	13878
13713	13840
14219	14689
15074	15307
15444	15616
15831	15988
16052	16097
16223	16481
16865	17326
17781	18154
18381	18439
18352	18220
18207	18445
18817	19013
18880	18567
18451	18846
19640	20319
20374	19640
18448	17400
16913	17057
17742	18849
20236	21694
22945	23705
23832	23405
22702	22075
21756	21788
22101	22580
23128	23637
23907	23746
23176	22385
21428	20208
18793	17488
16663	16524
17017	17861
18752	19473
19983	20363
20742	21117
21213	20607
19178	17161
14830	12344
9818	7468
5681	4839
4953	5761
7232	9462
12011	13930
14540	13894
12759	12154
12577	13843
15511	17213
18786	20212
21450	22418
23088	23452
23292	22204
19879	16430
12578	9381
7528	7115
7936	9698
12100	14835
17511	19764
21389	22288
22191	20744
17966	14473
11320	9612
9895	11928
14874	17741
19976	21602
22836	23839
24572	24872
24640	23959
23101	22284
21318	19672
17026	13650
10431	8324
7458	7128
6749	6236
5736	5329
4848	4047
2999	2058
1422	1007
700	476
345	297
312	362
420	456
461	449
444	456
480	503
515	518
519	519
519	519
519	519
519	519
520	521
524	529
536	542
544	544
545	545
545	545
545	545
545	545
545	545
545	545
546	550
561	585
618	647
663	676
691	721
756	784
797	805
822	854
888	903
890	854
810	767
731	712
712	731
767	810
854	891
909	904
889	883
897	925
956	986
1011	1024
1024	1011
986	956
924	891
859	824
783	732
671	615
578	582
632	716
813	898
948	957
926	879
848	856
902	950
984	1008
1035	1073
1123	1178
1232	1277
1315	1350
1384	1407
1409	1381
1332	1277
1225	1162
1087	1001
920	852
803	772
760	757
758	755
767	642
413	450
488	541
589	621
635	640
640	635
621	589
541	488
441	417
417	441
488	541
589	621
635	640
640	635
621	588
538	484
448	451
500	587
705	851
1020	1194
1356	1504
1629	1728
1798	1835
1852	1846
1822	1765
1689	1612
1564	1546
1567	1623
1708	1805
1888	1924
1900	1816
1693	1588
1594	1738
1878	1819
1660	1846
2864	4861
7330	9279
9943	9263
7967	7166
7539	9030
11073	12995
14381	15188
15574	15729
15759	15675
15461	15121
14691	14210
13739	13332
13025	12827
12731	12735
12857	13098
13421	13727
13920	13951
13848	13701
13604	13606
13709	13875
14029	14086
13935	13557
13205	13242
13688	14205
14454	14351
14036	13765
13727	13976
14411	14871
15214	15413
15545	15716
15922	16065
16118	16155
16271	16526
16908	17369
17830	18210
18451	18525
18455	18323
18278	18438
18710	18846
18717	18450
18390	18833
19662	20358
20420	19692
18509	17480
17022	17188
17877	18964
20304	21701
22894	23612
23720	23287
22587	21959
21628	21637
21920	22377
22927	23455
23752	23604
23041	22264
21314	20053
18524	17038
15995	15679
16088	16965
17985	18893
19594	20134
20616	21034
21118	20470
18947	16762
14205	11511
8873	6514
4776	3954
3981	4595
5816	7860
10414	12554
13367	12596
11020	10007
10307	11704
13596	15479
17216	18920
20597	22049
23070	23534
23329	22280
20114	16745
12744	9185
6927	6240
6957	8692
11110	13911
16739	19192
21024	22112
22198	20942
18312	14786
11311	8998
8580	10121
12955	16058
18674	20585
21945	23023
23916	24488
24509	23889
22934	22095
21360	20149
17870	14470
10821	8196
7029	6723
6538	6151
5685	5370
5089	4482
3509	2517
1747	1176
733	426
274	242
298	396
481	509
467	399
357	370
424	480
509	518
519	519
519	519
519	519
519	519
520	521
524	529
536	542
544	544
545	545
545	545
545	545
545	545
545	545
545	545
546	550
561	585
618	647
663	676
691	721
756	784
797	806
827	865
907	925
911	872
829	788
759	743
743	759
788	829
873	913
933	930
912	908
925	954
987	1018
1042	1057
1057	1042
1018	987
954	919
885	854
823	777
722	667
636	642
694	778
876	960
1010	1014
980	928
893	895
929	971
1002	1031
1066	1112
1169	1233
1294	1351
1398	1436
1469	1495
1494	1463
1402	1335
1270	1201
1122	1034
944	867
809	774
761	757
756	751
759	639
421	460
497	548
596	628
643	648
648	643
628	596
548	497
451	425
425	451
497	548
596	628
643	648
648	643
628	595
544	489
452	451
501	588
706	852
1024	1204
1375	1530
1661	1767
1844	1891
1910	1906
1871	1797
1695	1604
1545	1528
1543	1596
1677	1776
1859	1895
1872	1786
1663	1555
1532	1622
1706	1617
1455	1630
2602	4510
6850	8657
9213	8493
7251	6601
7190	8903
11120	13111
14465	15171
15435	15476
15427	15311
15116	14828
14458	14036
13613	13246
12978	12824
12785	12858
13026	13262
13518	13732
13848	13845
13768	13694
13693	13784
13944	14108
14217	14205
13993	13586
13233	13277
13710	14164
14329	14165
13860	13685
13785	14137
14602	15022
15307	15475
15612	15793
15998	16133
16176	16203
16315	16570
16959	17430
17898	18294
18555	18654
18601	18466
18371	18418
18555	18625
18524	18336
18346	18830
19673	20377
20456	19760
18614	17623
17184	17344
18007	19054
20343	21687
22834	23522
23623	23204
22521	21906
21570	21555
21803	22234
22778	23323
23645	23523
22982	22227
21279	19966
18300	16597
15305	14774
15067	15961
17118	18237
19166	19900
20508	20967
21034	20353
18757	16394
13592	10702
8008	5728
4123	3368
3339	3766
4711	6468
8883	11118
12115	11318
9464	8159
8340	9789
11792	13776
15634	17578
19640	21527
22885	23495
23311	22314
20275	16982
12882	9041
6418	5447
6002	7648
10010	12847
15816	18481
20540	21828
22105	21058
18618	15139
11446	8599
7486	8425
10951	14063
16878	19008
20543	21806
22966	23885
24239	23828
22934	22113
21501	20582
18597	15229
11258	8150
6628	6274
6262	6024
5591	5326
5202	4807
3997	3045
2191	1469
878	469
266	235
315	448
557	579
506	392
321	327
397	468
506	517
519	519
519	519
519	519
519	520
520	522
527	539
554	566
572	576
576	576
576	576
576	576
576	576
576	576
576	576
576	579
586	607
633	662
683	700
718	747
783	812
827	836
855	893
932	947
929	890
850	815
789	776
776	789
815	850
890	931
952	949
930	926
946	982
1017	1048
1071	1086
1086	1071
1048	1017
981	941
907	883
859	821
767	716
687	700
753	839
935	1021
1070	1073
1034	977
931	923
950	987
1022	1058
1095	1147
1206	1277
1353	1418
1475	1520
1557	1581
1582	1542
1472	1393
1321	1250
1171	1080
989	906
844	809
793	789
789	781
789	659
425	463
500	552
601	632
647	653
653	647
632	601
552	500
454	429
429	454
500	552
601	632
647	653
653	647
632	600
548	491
454	452
501	588
706	853
1026	1209
1385	1547
1685	1802
1887	1941
1968	1963
1920	1824
1697	1588
1526	1505
1520	1566
1647	1742
1826	1867
1847	1760
1635	1518
1470	1514
1544	1432
1275	1441
2349	4129
6303	7954
8412	7690
6550	6085
6899	8827
11195	13241
14549	15148
15275	15192
15051	14899
14730	14509
14224	13883
13528	13214
12983	12869
12879	13004
13206	13418
13600	13720
13763	13745
13706	13720
13830	14017
14226	14377
14418	14319
14043	13627
13305	13361
13748	14108
14169	13956
13694	13637
13877	14316
14772	15124
15336	15474
15627	15836
16051	16185
16219	16241
16350	16606
17007	17489
17979	18398
18690	18815
18778	18641
18491	18400
18387	18389
18337	18246
18330	18841
19676	20370
20471	19825
18745	17801
17373	17502
18108	19096
20336	21635
22741	23410
23520	23129
22478	21884
21550	21509
21718	22118
22649	23207
23563	23480
22983	22261
21309	19924
18093	16146
14573	13797
13951	14855
16158	17514
18708	19675
20424	20915
20962	20255
18599	16053
12985	9906
7210	5088
3685	3055
3012	3285
3953	5357
7485	9664
10779	10062
8152	6728
6810	8212
10208	12218
14159	16276
18599	20791
22427	23240
23192	22312
20387	17173
13040	9001
6075	4817
5152	6612
8835	11641
14715	17588
19881	21384
21860	21026
18792	15421
11604	8354
6619	6911
8941	11786
14564	16827
18617	20236
21800	23107
23804	23684
22992	22261
21702	20929
19163	15904
11786	8292
6365	5843
5916	5821
5464	5254
5256	5066
4467	3622
2735	1892
1161	635
355	287
361	505
627	652
569	441
350	344
404	470
506	517
519	519
519	519
519	519
519	520
520	523
535	558
585	608
619	623
624	624
624	624
624	624
624	624
624	624
624	624
624	625
631	644
665	692
720	744
767	797
831	859
875	883
899	929
959	965
947	913
877	845
819	805
805	819
845	877
913	947
966	963
945	940
963	1002
1042	1073
1095	1105
1105	1095
1073	1042
1002	961
930	915
902	868
811	756
731	747
803	889
986	1069
1119	1120
1081	1018
966	946
967	1004
1045	1084
1125	1174
1238	1314
1396	1472
1536	1591
1632	1660
1658	1616
1540	1456
1379	1307
1230	1142
1050	966
906	871
856	852
853	844
854	703
427	464
500	554
602	633
647	653
653	647
633	602
554	500
455	432
432	455
500	554
602	633
647	653
653	647
633	601
549	492
454	453
501	588
706	853
1028	1212
1392	1561
1707	1832
1922	1984
2018	2016
1965	1852
1700	1573
1498	1475
1487	1536
1616	1713
1800	1845
1827	1743
1613	1483
1412	1412
1403	1284
1147	1303
2132	3760
5742	7225
7593	6894
5881	5613
6647	8767
11265	13352
14620	15115
15106	14886
14652	14471
14334	14191
14003	13759
13482	13224
13032	12949
12992	13148
13358	13533
13632	13657
13638	13611
13626	13737
13957	14235
14483	14609
14574	14382
14055	13665
13413	13496
13826	14062
14008	13751
13548	13622
13999	14495
14922	15182
15308	15419
15596	15844
16085	16222
16252	16266
16373	16637
17049	17550
18065	18515
18839	18993
18977	18840
18631	18403
18237	18183
18189	18203
18358	18875
19679	20350
20466	19875
18870	17979
17552	17629
18151	19062
20250	21511
22591	23256
23384	23029
22419	21856
21523	21460
21623	21984
22497	23069
23465	23451
23024	22351
21391	19916
17896	15685
13817	12786
12796	13698
15148	16755
18238	19458
20363	20888
20902	20170
18462	15738
12399	9143
6481	4571
3421	2960
2941	3102
3516	4534
6263	8214
9343	8790
7046	5680
5702	6971
8848	10823
12813	15026
17460	19789
21618	22686
22912	22252
20482	17376
13278	9134
5972	4432
4486	5667
7649	10342
13471	16522
19044	20768
21448	20837
18828	15605
11767	8257
6036	5702
7092	9422
11925	14229
16361	18502
20593	22294
23255	23399
22963	22377
21853	21156
19586	16552
12485	8723
6335	5480
5499	5521
5314	5218
5336	5321
4932	4220
3345	2424
1580	935
545	399
431	557
677	715
655	547
454	424
450	489
511	518
519	519
519	519
519	519
519	520
521	526
544	580
624	660
677	682
683	683
683	683
683	683
683	683
683	683
683	683
683	684
687	694
709	739
772	800
825	856
891	918
933	941
952	970
987	988
970	938
905	873
849	834
834	849
873	905
937	968
984	978
963	959
978	1018
1059	1090
1108	1115
1115	1108
1090	1059
1018	978
956	951
944	912
851	793
765	782
839	927
1024	1107
1155	1157
1116	1052
996	970
982	1020
1066	1110
1154	1207
1271	1351
1432	1512
1579	1638
1687	1720
1721	1679
1603	1515
1438	1367
1293	1210
1126	1048
992	957
946	943
943	934
945	762
426	463
500	552
600	632
646	653
653	647
633	601
554	500
455	432
432	457
501	555
601	633
647	653
653	647
633	600
549	492
454	453
501	588
706	853
1028	1214
1399	1574
1728	1856
1949	2014
2054	2058
2006	1878
1707	1560
1475	1446
1457	1508
1594	1696
1784	1831
1813	1727
1594	1457
1363	1333
1299	1190
1073	1222
1966	3433
5217	6532
6818	6147
5268	5191
6425	8709
11310	13439
14677	15076
14936	14588
14268	14062
13962	13902
13811	13665
13466	13262
13106	13046
13104	13264
13451	13572
13585	13527
13455	13425
13495	13698
14022	14380
14660	14757
14645	14366
14006	13677
13533	13665
13936	14043
13873	13577
13435	13631
14122	14660
15038	15198
15241	15320
15526	15817
16090	16240
16272	16290
16402	16669
17089	17606
18144	18627
18982	19163
19170	19032
18766	18417
18115	18013
18091	18210
18432	18944
19698	20327
20445	19908
18980	18139
17706	17714
18134	18956
20085	21312
22378	23044
23193	22880
22320	21790
21463	21372
21490	21806
22297	22877
23329	23403
23075	22467
21496	19921
17711	15233
13073	11795
11659	12563
14155	16011
17784	19263
20324	20881
20855	20099
18345	15444
11846	8435
5835	4160
3282	3007
3036	3128
3331	3970
5225	6806
7830	7472
6059	4909
4903	5981
7662	9557
11573	13810
16215	18525
20459	21818
22439	22118
20569	17629
13635	9464
6122	4311
4049	4886
6552	9060
12179	15364
18091	20027
20920	20547
18776	15738
11960	8331
5774	4888
5580	7228
9280	11548
14070	16847
19538	21583
22691	22985
22764	22333
21871	21252
19907	17217
13381	9459
6568	5224
5035	5142
5149	5241
5484	5612
5386	4806
3970	3021
2098	1343
829	571
519	591
698	760
751	689
614	558
532	523
522	520
520	520
520	520
519	519
519	520
521	528
552	601
663	712
736	744
745	745
745	745
745	745
745	745
745	745
746	746
748	748
748	753
767	794
829	860
885	914
945	975
993	1001
1006	1011
1016	1009
993	963
931	901
881	870
870	881
901	931
963	991
1003	997
983	978
995	1029
1069	1098
1112	1118
1118	1112
1098	1069
1029	995
979	986
986	953
887	824
789	804
861	951
1050	1135
1181	1184
1146	1084
1025	993
999	1031
1079	1130
1182	1240
1307	1384
1465	1542
1610	1673
1726	1763
1769	1729
1651	1567
1489	1419
1349	1274
1199	1134
1085	1056
1046	1048
1050	1042
1056	833
417	455
491	545
592	624
639	644
645	640
627	597
552	500
455	432
434	458
502	553
597	627
640	645
645	640
627	596
548	493
455	455
502	588
706	853
1028	1214
1403	1584
1743	1871
1964	2030
2076	2084
2030	1895
1711	1553
1461	1426
1437	1493
1582	1684
1769	1811
1789	1705
1573	1433
1325	1274
1229	1130
1038	1176
1845	3162
4760	5913
6120	5483
4736	4839
6249	8665
11342	13491
14700	15026
14775	14316
13918	13694
13634	13654
13662	13599
13469	13314
13190	13148
13208	13344
13488	13541
13474	13346
13236	13215
13339	13630
14039	14458
14753	14818
14634	14286
13908	13657
13636	13829
14050	14049
13784	13465
13373	13658
14226	14781
15110	15187
15156	15205
15422	15744
16046	16226
16287	16330
16457	16725
17138	17656
18208	18713
19097	19301
19321	19177
18857	18399
17991	17870
18029	18264
18553	19057
19747	20312
20410	19917
19060	18264
17814	17753
18081	18819
19890	21078
22121	22784
22958	22695
22192	21702
21378	21249
21311	21576
22040	22635
23144	23327
23117	22570
21580	19901
17519	14803
12377	10857
10582	11486
13223	15316
17360	19087
20302	20894
20827	20037
18225	15167
11348	7812
5286	3837
3210	3101
3186	3235
3285	3604
4394	5520
6328	6134
5125	4277
4282	5159
6617	8403
10406	12604
14893	17096
19076	20728
21799	21893
20645	17931
14096	9942
6459	4403
3835	4316
5637	7897
10933	14189
17093	19246
20375	20252
18728	15879
12205	8561
5814	4493
4527	5455
6977	9136
12011	15406
18673	21022
22182	22495
22372	22052
21666	21172
20113	17873
14395	10405
7015	5089
4579	4720
4982	5313
5688	5910
5801	5330
4563	3630
2668	1817
1173	773
603	602
686	782
837	839
792	713
633	576
548	538
537	536
535	533
530	530
528	527
527	535
564	628
707	770
800	811
812	812
812	812
812	812
812	812
812	812
812	813
814	814
814	817
829	856
891	919
942	966
996	1025
1047	1057
1062	1057
1048	1033
1015	985
952	923
907	902
902	907
923	952
985	1011
1020	1015
1005	1000
1013	1040
1076	1103
1119	1122
1122	1119
1103	1076
1041	1014
1006	1012
1010	976
914	845
812	826
887	978
1080	1163
1213	1215
1179	1116
1058	1018
1014	1040
1088	1144
1205	1269
1342	1420
1502	1579
1652	1715
1771	1808
1813	1771
1693	1607
1529	1455
1386	1317
1254	1201
1165	1147
1146	1154
1166	1158
1177	904
390	428
464	519
568	603
621	629
632	628
616	588
546	497
456	434
437	461
503	549
589	616
628	632
632	628
616	587
545	496
463	463
508	590
707	853
1028	1215
1404	1588
1750	1878
1971	2038
2086	2095
2041	1903
1718	1556
1461	1427
1438	1490
1577	1668
1740	1767
1742	1663
1542	1410
1303	1236
1174	1075
990	1119
1733	2936
4374	5373
5496	4888
4276	4564
6141	8659
11366	13499
14667	14918
14576	14035
13585	13364
13355	13454
13548	13560
13482	13363
13266	13239
13294	13393
13470	13451
13328	13171
13061	13073
13260	13618
14084	14527
14805	14819
14572	14166
13788	13618
13707	13956
14142	14074
13767	13452
13388	13708
14286	14828
15126	15165
15095	15109
15292	15596
15903	16134
16275	16393
16561	16826
17205	17689
18229	18750
19154	19377
19396	19216
18827	18279
17808	17712
17990	18371
18754	19247
19838	20293
20338	19869
19073	18323
17863	17755
18025	18707
19726	20864
21858	22501
22697	22503
22084	21649
21320	21135
21107	21289
21707	22308
22890	23202
23116	22615
21578	19808
17303	14399
11718	9957
9532	10446
12337	14662
16958	18909
20279	20921
20823	19965
18059	14852
10867	7267
4830	3580
3160	3161
3255	3273
3250	3366
3787	4457
4966	4850
4212	3687
3756	4474
5719	7362
9290	11390
13544	15646
17686	19605
21086	21588
20673	18238
14598	10479
6869	4605
3791	3978
4957	6902
9739	12982
16047	18468
19891	20036
18724	16025
12449	8860
6051	4435
3939	4236
5249	7212
10259	14092
17832	20469
21699	21979
21817	21472
21118	20790
20111	18414
15384	11420
7601	5094
4205	4333
4828	5390
5866	6133
6104	5747
5092	4226
3261	2325
1537	977
673	590
656	783
899	950
924	838
733	650
609	595
591	586
580	572
564	560
557	552
550	556
588	661
752	825
861	871
872	872
872	872
872	872
872	872
872	873
875	880
883	883
881	880
889	912
942	970
991	1011
1036	1069
1099	1120
1123	1107
1086	1061
1039	1010
979	955
944	939
939	944
955	978
1008	1034
1042	1041
1034	1031
1041	1067
1097	1121
1132	1136
1136	1132
1121	1097
1067	1041
1031	1028
1014	975
915	859
834	855
917	1009
1108	1191
1239	1249
1221	1163
1103	1053
1033	1049
1096	1156
1225	1299
1381	1467
1556	1640
1714	1777
1831	1866
1863	1818
1740	1649
1559	1477
1400	1334
1280	1246
1229	1230
1243	1263
1282	1274
1296	962
330	370
406	460
511	553
579	593
599	598
589	567
533	490
453	439
445	471
503	539
569	590
598	601
601	598
589	569
537	501
476	479
517	594
707	853
1028	1216
1405	1589
1752	1880
1973	2039
2086	2095
2041	1903
1721	1566
1477	1449
1460	1504
1574	1645
1690	1701
1669	1601
1502	1388
1287	1206
1114	984
881	1005
1602	2736
4050	4897
4914	4326
3863	4367
6126	8721
11399	13459
14546	14718
14304	13707
13246	13053
13110	13297
13470	13539
13497	13400
13323	13312
13360	13411
13413	13333
13192	13056
13003	13093
13359	13771
14246	14655
14869	14813
14505	14066
13698	13590
13755	14028
14189	14109
13826	13552
13499	13781
14291	14790
15089	15152
15092	15060
15153	15359
15638	15932
16218	16477
16723	16979
17294	17704
18205	18725
19154	19385
19374	19122
18634	18002
17515	17504
17958	18542
19054	19531
19976	20256
20196	19728
18999	18304
17858	17740
18000	18668
19650	20714
21624	22218
22438	22337
22036	21678
21344	21060
20893	20939
21281	21883
22555	23011
23046	22554
21439	19594
17027	13991
11071	9043
8447	9373
11438	14008
16539	18689
20209	20924
20799	19832
17769	14415
10352	6775
4459	3391
3113	3133
3161	3135
3124	3202
3416	3708
3878	3728
3363	3128
3301	3934
5001	6460
8226	10182
12230	14329
16485	18627
20395	21208
20618	18496
15075	10986
7244	4810
3848	3838
4516	6068
8563	11684
14910	17678
19480	19911
18754	16114
12592	9088
6322	4568
3725	3568
4153	5804
8742	12691
16725	19691
21140	21441
21128	20578
20137	19986
19772	18707
16199	12371
8265	5269
4000	4055
4713	5423
5928	6194
6230	6018
5537	4802
3872	2856
1907	1173
734	578
631	780
926	989
966	885
803	742
710	694
688	677
663	645
630	618
609	599
589	592
625	704
804	882
920	932
933	933
933	933
933	933
933	933
933	935
940	948
957	957
949	942
947	963
986	1005
1022	1043
1074	1112
1154	1186
1192	1173
1135	1099
1073	1052
1028	1011
1001	998
998	1001
1011	1028
1051	1068
1078	1080
1082	1087
1095	1113
1136	1154
1162	1165
1165	1162
1154	1135
1111	1090
1071	1041
1000	950
903	870
866	892
953	1033
1122	1199
1253	1275
1261	1222
1167	1107
1070	1067
1107	1174
1256	1342
1437	1536
1633	1724
1798	1863
1914	1943
1935	1892
1811	1711
1604	1498
1405	1332
1288	1272
1281	1306
1341	1373
1396	1381
1398	1002
257	296
333	388
444	493
530	552
559	560
557	543
519	485
453	444
458	481
507	529
546	558
562	563
563	562
558	546
527	508
492	496
527	598
707	853
1028	1216
1405	1589
1752	1880
1971	2033
2080	2085
2031	1899
1722	1582
1509	1488
1499	1533
1581	1617
1634	1627
1594	1537
1458	1371
1282	1192
1063	884
747	870
1470	2580
3799	4506
4411	3827
3514	4241
6183	8835
11446	13381
14350	14437
13971	13358
12920	12789
12932	13197
13433	13540
13513	13425
13359	13361
13402	13409
13345	13227
13103	13031
13068	13257
13603	14050
14500	14840
14965	14839
14486	14041
13695	13624
13808	14062
14190	14123
13913	13706
13662	13871
14275	14704
15010	15135
15114	15045
15022	15103
15322	15684
16128	16549
16883	17129
17369	17694
18148	18666
19116	19344
19275	18912
18308	17605
17141	17256
17912	18718
19374	19831
20114	20199
20018	19545
18878	18247
17826	17724
18010	18691
19644	20628
21439	21972
22214	22210
22038	21762
21418	21028
20694	20585
20833	21428
22180	22766
22897	22391
21185	19277
16672	13528
10394	8114
7358	8303
10551	13350
16075	18373
20008	20800
20672	19573
17316	13840
9796	6344
4200	3292
3099	3072
2981	2906
2954	3105
3256	3290
3153	2905
2685	2664
2941	3537
4457	5706
7253	9046
11041	13212
15520	17812
19725	20745
20454	18664
15479	11414
7534	4959
3917	3805
4242	5386
7454	10369
13719	16851
19068	19794
18752	16114
12593	9168
6504	4749
3749	3337
3594	4858
7419	11167
15289	18597
20417	20842
20325	19433
18790	18784
19072	18682
16757	13202
8991	5645
4025	3931
4627	5371
5829	6062
6169	6127
5861	5301
4446	3377
2288	1386
820	594
625	783
936	987
950	884
843	820
806	794
785	773
754	730
706	691
678	661
646	644
674	753
852	932
970	982
983	983
983	983
983	983
983	983
983	986
994	1009
1023	1023
1010	996
992	999
1012	1025
1041	1066
1104	1153
1202	1244
1258	1235
1187	1145
1118	1101
1088	1078
1074	1073
1073	1074
1078	1088
1100	1111
1118	1127
1138	1149
1159	1170
1184	1193
1198	1200
1200	1198
1193	1184
1168	1150
1117	1057
981	918
887	884
899	937
988	1054
1128	1199
1253	1289
1299	1284
1244	1179
1119	1097
1132	1205
1296	1400
1508	1616
1719	1812
1889	1954
2001	2025
2019	1975
1897	1785
1653	1519
1403	1322
1290	1294
1329	1383
1436	1478
1498	1474
1485	1038
200	240
276	333
390	445
489	517
529	532
530	522
506	477
452	448
465	491
509	521
526	532
533	532
532	533
532	525
520	511
506	507
533	597
704	851
1028	1215
1404	1588
1750	1877
1965	2023
2061	2063
2011	1884
1724	1600
1545	1537
1549	1569
1594	1606
1601	1577
1544	1493
1432	1365
1295	1203
1048	829
662	783
1404	2499
3649	4239
4048	3459
3262	4168
6262	8962
11499	13293
14126	14131
13645	13069
12694	12639
12858	13186
13458	13571
13536	13438
13370	13377
13413	13391
13291	13162
13074	13073
13193	13461
13858	14313
14728	15002
15070	14904
14553	14132
13819	13756
13908	14090
14157	14088
13943	13814
13805	13973
14287	14640
14925	15074
15084	14999
14911	14915
15102	15503
16042	16561
16943	17181
17374	17657
18094	18625
19084	19285
19136	18653
17937	17190
16772	17008
17830	18806
19573	20023
20193	20143
19884	19416
18807	18221
17818	17728
18031	18717
19641	20561
21300	21794
22051	22113
22021	21798
21444	20980
20530	20307
20482	21063
21854	22512
22689	22171
20899	18907
16217	12955
9659	7219
6374	7351
9737	12704
15556	17916
19590	20439
20336	19140
16709	13165
9229	5990
4065	3309
3165	3074
2881	2769
2873	3101
3240	3123
2790	2456
2301	2383
2699	3240
4019	5067
6410	8063
10025	12265
14668	17017
18980	20162
20179	18741
15799	11777
7779	5064
3940	3765
4042	4863
6540	9203
12572	15960
18530	19543
18644	16023
12487	9112
6555	4887
3889	3377
3399	4265
6331	9673
13686	17260
19500	20123
19430	18179
17287	17355
18083	18342
17054	13909
9779	6224
4283	3951
4540	5208
5586	5791
5977	6099
6033	5653
4914	3869
2711	1697
1005	686
660	797
946	1007
972	908
864	841
825	816
811	806
795	779
758	744
732	717
702	700
729	802
895	968
1002	1013
1015	1015
1015	1015
1015	1015
1015	1015
1016	1019
1029	1049
1069	1070
1052	1031
1022	1023
1029	1036
1052	1081
1127	1181
1239	1286
1306	1281
1229	1181
1155	1143
1137	1132
1130	1130
1130	1130
1132	1136
1140	1143
1149	1163
1184	1199
1208	1215
1220	1224
1226	1227
1227	1226
1224	1220
1212	1197
1157	1077
978	906
884	902
936	979
1026	1083
1145	1210
1265	1310
1335	1341
1314	1251
1178	1144
1169	1247
1350	1463
1577	1689
1794	1887
1968	2031
2071	2090
2082	2041
1963	1843
1695	1539
1406	1319
1293	1316
1373	1446
1513	1557
1575	1543
1556	1074
171	210
246	303
363	422
470	501
514	518
518	513
498	472
449	449
469	494
508	514
516	519
519	519
519	519
519	516
515	511
509	511
531	594
702	850
1026	1214
1403	1584
1743	1868
1955	2007
2037	2034
1983	1867
1726	1621
1582	1584
1599	1609
1621	1620
1601	1570
1527	1475
1422	1371
1319	1234
1075	842
665	796
1424	2496
3578	4075
3810	3223
3101	4125
6325	9061
11541	13198
13881	13809
13350	12858
12583	12620
12905	13265
13538	13632
13570	13446
13363	13362
13390	13358
13251	13143
13097	13151
13319	13624
14030	14469
14851	15093
15149	15000
14695	14333
14061	13987
14065	14137
14105	13995
13883	13834
13896	14085
14359	14635
14847	14955
14961	14893
14820	14845
15045	15456
15993	16505
16876	17104
17297	17598
18067	18624
19078	19229
18980	18375
17569	16804
16446	16774
17693	18757
19586	20047
20189	20104
19839	19397
18827	18261
17857	17756
18044	18707
19595	20480
21190	21676
21942	22022
21946	21730
21374	20887
20404	20142
20281	20837
21613	22261
22443	21923
20614	18517
15665	12251
8862	6383
5540	6552
9002	12055
14961	17311
18956	19835
19779	18518
15955	12389
8636	5687
4023	3415
3296	3160
2915	2795
2928	3178
3289	3103
2697	2339
2205	2297
2566	2994
3614	4487
5677	7232
9156	11400
13800	16114
18087	19442
19800	18740
16062	12121
8039	5168
3913	3660
3850	4469
5841	8228
11485	14963
17781	19085
18398	15866
12331	8973
6504	4966
4070	3552
3404	3913
5481	8317
12060	15773
18417	19302
18531	16976
15811	15855
16884	17720
17099	14491
10597	6952
4709	4061
4416	4935
5230	5434
5699	5957
6054	5851
5272	4345
3227	2162
1358	898
761	831
971	1067
1068	989
882	798
756	741
747	758
767	766
761	755
753	750
747	753
780	842
920	983
1013	1023
1024	1024
1024	1024
1024	1024
1024	1024
1025	1028
1041	1065
1088	1091
1072	1048
1037	1031
1032	1039
1058	1092
1142	1201
1262	1308
1328	1303
1251	1202
1178	1169
1166	1165
1165	1165
1165	1165
1165	1165
1165	1164
1169	1185
1208	1228
1237	1242
1244	1245
1245	1245
1245	1245
1245	1244
1240	1226
1185	1101
1000	924
905	929
972	1018
1066	1118
1178	1236
1289	1334
1364	1382
1369	1313
1236	1199
1227	1302
1406	1521
1637	1748
1850	1942
2025	2083
2115	2127
2118	2076
1998	1876
1720	1554
1416	1331
1311	1346
1415	1495
1568	1612
1628	1599
1616	1114
163	201
237	294
357	416
464	497
511	515
515	511
497	472
449	448
469	492
505	509
510	510
510	510
510	510
510	510
509	508
505	505
525	587
696	845
1021	1210
1397	1573
1727	1854
1940	1992
2017	2013
1966	1863
1737	1647
1618	1626
1645	1655
1658	1648
1621	1579
1528	1475
1423	1378
1338	1264
1117	898
739	876
1494	2517
3520	3933
3619	3035
2974	4082
6357	9123
11550	13064
13582	13439
13039	12682
12547	12690
13034	13409
13661	13718
13616	13456
13343	13320
13335	13302
13212	13135
13136	13231
13432	13743
14133	14540
14892	15126
15198	15105
14878	14598
14375	14283
14266	14203
14045	13869
13769	13801
13965	14217
14478	14672
14768	14788
14766	14736
14745	14854
15111	15512
15987	16421
16736	16953
17176	17536
18067	18654
19091	19168
18803	18078
17190	16424
16123	16527
17500	18602
19466	19956
20127	20078
19855	19456
18917	18357
17933	17799
18045	18662
19508	20371
21089	21590
21860	21930
21828	21597
21238	20768
20304	20054
20181	20700
21426	22023
22177	21664
20324	18081
15013	11447
8034	5615
4824	5842
8273	11338
14273	16609
18218	19120
19093	17758
15059	11498
7969	5359
3986	3519
3411	3243
2992	2886
3031	3264
3339	3122
2726	2392
2268	2320
2483	2756
3204	3918
4988	6469
8353	10548
12866	15084
17051	18599
19332	18683
16309	12493
8362	5321
3880	3521
3654	4147
5261	7346
10380	13831
16825	18430
18031	15661
12161	8811
6408	5008
4253	3775
3498	3700
4793	7081
10438	14196
17227	18472
17755	15974
14490	14357
15517	16827
16886	14907
11369	7720
5198	4189
4246	4583
4806	5030
5372	5742
5973	5950
5581	4853
3865	2814
1901	1265
944	887
992	1129
1186	1094
905	734
648	630
647	673
703	721
732	740
754	768
781	795
823	877
940	990
1015	1023
1024	1024
1024	1024
1024	1024
1024	1024
1025	1028
1042	1064
1088	1095
1081	1059
1042	1031
1031	1043
1068	1108
1162	1222
1281	1326
1341	1319
1271	1227
1206	1198
1197	1197
1197	1197
1197	1197
1197	1197
1195	1193
1196	1210
1232	1249
1258	1262
1262	1262
1262	1262
1262	1262
1262	1262
1259	1247
1209	1133
1038	967
949	970
1013	1058
1105	1154
1211	1270
1322	1360
1390	1411
1408	1362
1296	1262
1287	1360
1457	1568
1682	1793
1895	1989
2064	2115
2141	2148
2136	2095
2017	1894
1738	1575
1442	1361
1345	1382
1455	1541
1615	1661
1682	1654
1681	1157
161	200
236	293
353	413
462	496
510	515
514	510
496	470
445	441
459	478
489	494
495	496
496	496
496	496
496	495
494	492
490	489
510	570
680	831
1010	1199
1387	1558
1708	1832
1920	1976
2003	2001
1958	1871
1762	1681
1655	1663
1685	1697
1695	1675
1639	1590
1532	1474
1421	1379
1341	1273
1142	953
825	975
1563	2513
3418	3745
3387	2818
2816	4002
6342	9131
11494	12852
13199	12986
12670	12486
12528	12797
13201	13580
13803	13813
13660	13459
13311	13258
13256	13226
13155	13112
13155	13292
13520	13827
14191	14561
14885	15116
15224	15197
15064	14878
14713	14605
14498	14294
14006	13754
13662	13775
14050	14375
14621	14721
14686	14599
14545	14566
14685	14915
15242	15633
16025	16353
16595	16797
17058	17490
18086	18699
19102	19091
18598	17749
16781	16017
15779	16248
17259	18388
19280	19813
20039	20055
19897	19547
19035	18474
18023	17845
18038	18593
19392	20246
20993	21520
21794	21832
21697	21436
21080	20640
20222	20002
20123	20603
21265	21802
21927	21403
20003	17583
14284	10596
7231	4930
4206	5176
7509	10531
13504	15881
17512	18441
18408	16941
14069	10501
7214	4961
3887	3557
3446	3246
3003	2931
3088	3295
3329	3111
2758	2482
2371	2369
2410	2520
2791	3352
4317	5736
7572	9693
11894	13991
15941	17683
18803	18583
16551	12918
8775	5553
3888	3395
3480	3864
4731	6478
9228	12581
15714	17624
17556	15407
11995	8669
6321	5035
4408	3979
3621	3584
4260	5991
8900	12624
16037	17738
17233	15309
13447	12963
14053	15696
16395	15089
11989	8411
5651	4289
4046	4203
4367	4608
5011	5465
5824	5987
5866	5395
4601	3612
2609	1772
1215	972
989	1140
1250	1168
927	695
576	555
580	617
655	685
708	726
753	782
805	831
862	907
958	999
1017	1023
1024	1024
1024	1024
1024	1024
1024	1024
1025	1028
1040	1063
1087	1099
1090	1070
1050	1037
1038	1053
1085	1130
1186	1245
1303	1344
1356	1336
1295	1259
1241	1235
1235	1235
1235	1235
1235	1235
1235	1234
1233	1231
1233	1245
1261	1273
1281	1283
1283	1283
1283	1283
1283	1283
1283	1283
1281	1271
1238	1172
1089	1028
1010	1031
1070	1111
1148	1194
1247	1303
1349	1385
1413	1436
1437	1403
1350	1324
1349	1418
1505	1610
1724	1837
1942	2030
2100	2143
2167	2171
2157	2115
2032	1910
1759	1604
1476	1400
1388	1425
1499	1586
1668	1725
1751	1725
1753	1204
161	200
235	293
353	412
461	494
508	512
512	508
495	469
441	431
440	455
463	466
466	466
466	466
466	466
466	466
466	464
462	463
481	540
652	802
984	1178
1370	1542
1688	1805
1894	1955
1987	1992
1960	1883
1787	1715
1692	1699
1716	1725
1720	1692
1647	1591
1529	1468
1414	1366
1319	1253
1136	977
883	1040
1586	2449
3245	3482
3087	2544
2609	3872
6272	9070
11357	12545
12712	12443
12235	12251
12490	12901
13373	13756
13942	13900
13696	13446
13265	13185
13166	13136
13084	13070
13144	13313
13558	13866
14205	14545
14849	15085
15231	15277
15235	15144
15037	14923
14736	14412
14005	13688
13604	13796
14170	14548
14769	14766
14595	14407
14330	14416
14658	15012
15417	15797
16107	16330
16497	16682
16983	17474
18119	18740
19098	18984
18362	17392
16358	15603
15423	15948
16992	18141
19062	19648
19939	20027
19937	19640
19155	18593
18114	17888
18018	18507
19264	20122
20906	21467
21741	21746
21562	21270
20913	20512
20142	19957
20076	20516
21124	21622
21724	21161
19646	17012
13501	9756
6517	4386
3722	4583
6733	9662
12687	15190
16937	17923
17824	16155
13066	9479
6424	4518
3719	3504
3378	3150
2920	2883
3055	3236
3241	3037
2749	2536
2441	2389
2329	2296
2419	2846
3711	5063
6841	8876
10956	12932
14862	16768
18232	18434
16780	13382
9273	5881
3967	3318
3350	3636
4262	5661
8084	11286
14506	16689
16967	15092
11832	8569
6265	5046
4501	4121
3740	3568
3929	5161
7597	11202
14936	17159
17026	15069
12799	11804
12612	14398
15625	14979
12383	8962
6041	4372
3856	3853
3968	4216
4649	5158
5625	5971
6108	5919
5356	4471
3412	2384
1572	1098
977	1096
1233	1184
947	703
581	562
588	627
664	696
723	749
777	804
834	862
898	940
986	1019
1035	1040
1040	1040
1040	1040
1040	1040
1040	1040
1042	1044
1054	1073
1093	1106
1104	1086
1068	1055
1055	1070
1100	1147
1202	1264
1319	1361
1378	1363
1330	1300
1284	1279
1278	1278
1278	1278
1278	1278
1278	1278
1278	1279
1283	1291
1303	1312
1316	1318
1318	1318
1318	1318
1318	1318
1318	1318
1317	1307
1278	1221
1149	1096
1081	1099
1134	1168
1200	1239
1286	1334
1375	1409
1438	1459
1463	1438
1400	1387
1416	1478
1560	1660
1773	1887
1990	2074
2132	2172
2194	2202
2186	2139
2053	1933
1786	1638
1513	1441
1429	1467
1543	1638
1729	1796
1831	1806
1830	1254
161	200
235	293
353	412
461	494
508	512
512	508
495	467
436	418
418	425
430	431
431	431
431	431
431	431
431	431
431	430
427	427
445	505
615	768
953	1152
1349	1524
1670	1785
1871	1930
1968	1976
1951	1887
1803	1741
1719	1723
1734	1735
1721	1688
1638	1578
1515	1453
1394	1336
1280	1202
1090	954
884	1043
1541	2311
2995	3151
2730	2219
2354	3698
6147	8933
11127	12139
12134	11830
11749	11981
12431	12988
13524	13910
14053	13955
13692	13404
13193	13094
13065	13035
12997	13003
13100	13287
13546	13850
14175	14495
14793	15044
15233	15343
15383	15372
15321	15206
14964	14549
14058	13694
13628	13877
14317	14718
14893	14781
14490	14224
14145	14305
14666	15140
15611	15986
16222	16361
16467	16640
16964	17496
18163	18767
19059	18841
18098	17026
15941	15200
15077	15650
16717	17878
18830	19466
19827	19989
19972	19729
19274	18709
18201	17921
17981	18402
19120	19992
20819	21420
21692	21656
21415	21084
20728	20365
20051	19903
20022	20426
20994	21479
21569	20932
19243	16373
12692	8974
5945	4034
3426	4125
6010	8783
11859	14561
16518	17589
17381	15456
12138	8529
5689	4086
3518	3388
3242	2988
2773	2772
2955	3116
3100	2919
2692	2535
2458	2377
2245	2117
2130	2453
3223	4497
6198	8138
10101	11976
13879	15907
17645	18229
16963	13858
9840	6306
4135	3310
3277	3478
3884	4943
7025	10021
13247	15641
16236	14676
11643	8499
6235	5027
4506	4173
3834	3644
3826	4662
6644	10036
13971	16703
17051	15194
12554	10961
11301	13028
14635	14604
12559	9397
6410	4503
3745	3597
3653	3885
4309	4835
5377	5885
6258	6348
6034	5293
4231	3053
2008	1297
996	1022
1150	1144
973	781
681	665
688	719
744	766
792	813
829	848
869	897
935	978
1022	1054
1068	1072
1073	1074
1074	1074
1074	1074
1074	1074
1074	1077
1083	1098
1115	1128
1124	1114
1096	1084
1082	1093
1119	1160
1215	1274
1331	1379
1402	1396
1369	1343
1329	1325
1324	1324
1324	1324
1324	1324
1324	1324
1324	1325
1329	1335
1345	1352
1355	1357
1357	1357
1357	1357
1357	1357
1357	1357
1356	1349
1325	1274
1213	1167
1155	1173
1202	1232
1258	1293
1334	1375
1408	1437
1464	1486
1488	1470
1446	1447
1481	1545
1626	1722
1831	1940
2041	2114
2166	2203
2227	2236
2220	2167
2075	1953
1813	1668
1546	1473
1463	1506
1591	1695
1796	1874
1916	1891
1911	1304
161	199
235	293
353	412
461	494
508	512
512	508
495	466
433	409
401	401
403	404
404	404
404	404
404	404
404	404
404	402
400	399
417	477
587	739
923	1123
1323	1503
1652	1766
1849	1906
1939	1949
1927	1867
1796	1745
1729	1731
1734	1725
1703	1662
1608	1545
1481	1417
1351	1288
1219	1127
1010	882
829	972
1414	2092
2677	2764
2334	1872
2090	3506
5981	8732
10810	11644
11485	11163
11226	11686
12347	13047
13644	14021
14120	13964
13652	13330
13100	12989
12956	12929
12901	12923
13033	13228
13489	13790
14109	14433
14743	15020
15244	15404
15504	15550
15537	15426
15150	14687
14153	13771
13718	14003
14468	14852
14955	14743
14355	14043
13985	14229
14706	15277
15801	16165
16350	16429
16500	16665
17006	17550
18204	18755
18959	18639
17800	16657
15548	14832
14759	15374
16451	17621
18594	19276
19702	19946
20002	19819
19389	18817
18269	17928
17915	18268
18948	19834
20715	21359
21632	21551
21243	20868
20509	20185
19927	19821
19942	20314
20854	21336
21415	20669
18762	15657
11870	8265
5519	3867
3321	3829
5396	7942
11031	13961
16190	17368
17036	14855
11332	7725
5081	3734
3338	3260
3096	2830
2640	2663
2848	2993
2967	2801
2611	2485
2421	2331
2172	2000
1952	2197
2877	4053
5652	7483
9342	11142
13024	15115
17045	17947
17076	14316
10453	6819
4393	3368
3254	3380
3605	4365
6106	8835
11970	14468
15326	14101
11372	8414
6205	4973
4422	4124
3888	3782
3910	4474
6052	9143
13111	16249
17121	15490
12593	10419
10199	11703
13541	14065
12610	9802
6842	4755
3773	3465
3446	3635
4019	4527
5104	5722
6285	6619
6546	5984
4980	3735
2523	1598
1099	982
1050	1088
1013	911
853	845
855	870
876	886
898	904
904	906
911	933
966	1008
1050	1082
1096	1100
1100	1101
1101	1101
1101	1101
1101	1101
1101	1104
1110	1123
1141	1154
1154	1143
1126	1113
1109	1114
1134	1172
1222	1281
1341	1392
1421	1423
1401	1379
1365	1362
1362	1362
1362	1362
1362	1362
1362	1361
1361	1362
1365	1370
1379	1385
1388	1389
1389	1389
1389	1389
1389	1389
1389	1389
1389	1383
1365	1329
1283	1250
1242	1255
1277	1301
1323	1353
1389	1422
1446	1469
1489	1507
1511	1499
1492	1505
1549	1616
1701	1795
1897	1997
2086	2152
2200	2232
2255	2265
2247	2188
2092	1970
1832	1694
1578	1507
1501	1551
1643	1757
1866	1950
1997	1970
1988	1354
161	199
235	293
353	412
461	494
508	512
512	508
494	465
430	402
390	386
385	385
385	385
385	385
385	385
385	385
385	385
383	382
401	459
565	718
902	1100
1297	1479
1630	1750
1831	1883
1911	1917
1893	1835
1765	1716
1706	1709
1708	1693
1661	1615
1557	1491
1422	1351
1286	1218
1137	1031
900	775
725	849
1229	1816
2314	2351
1933	1537
1842	3318
5799	8482
10426	11085
10795	10471
10684	11365
12235	13071
13718	14081
14129	13922
13571	13226
12986	12875
12841	12826
12812	12847
12963	13158
13414	13714
14041	14383
14721	15028
15282	15473
15605	15676
15674	15557
15272	14801
14268	13903
13867	14156
14595	14915
14928	14620
14171	13846
13841	14178
14757	15403
15955	16308
16469	16522
16584	16752
17093	17618
18215	18677
18774	18358
17455	16284
15183	14505
14482	15125
16214	17382
18370	19090
19580	19900
20036	19909
19506	18919
18321	17911
17820	18102
18742	19639
20569	21255
21531	21404
21031	20606
20243	19960
19766	19701
19823	20163
20670	21150
21198	20311
18161	14849
11023	7606
5186	3824
3362	3689
4915	7170
10194	13310
15813	17109
16667	14280
10634	7080
4630	3484
3210	3165
3000	2747
2589	2627
2792	2911
2877	2716
2525	2400
2333	2250
2104	1942
1881	2074
2659	3706
5163	6869
8640	10394
12265	14387
16430	17590
17103	14733
11088	7396
4728	3481
3266	3329
3420	3930
5340	7751
10678	13158
14204	13313
10940	8240
6127	4865
4266	4001
3893	3925
4085	4488
5731	8461
12280	15666
17026	15730
12747	10114
9335	10521
12467	13473
12618	10231
7377	5154
3948	3465
3344	3471
3792	4250
4816	5480
6160	6677
6830	6470
5603	4391
3104	2029
1339	1041
1005	1050
1071	1066
1055	1052
1051	1044
1033	1022
1015	1001
982	963
958	965
989	1024
1065	1095
1110	1114
1115	1115
1115	1115
1115	1115
1115	1115
1116	1118
1127	1145
1170	1185
1188	1176
1155	1137
1128	1132
1150	1186
1236	1297
1355	1408
1438	1443
1424	1404
1393	1390
1389	1389
1389	1389
1389	1389
1389	1389
1390	1391
1394	1401
1408	1414
1417	1418
1418	1418
1418	1418
1418	1418
1418	1418
1417	1414
1404	1383
1359	1339
1335	1343
1357	1369
1387	1412
1443	1470
1488	1499
1514	1523
1527	1532
1541	1567
1620	1696
1785	1878
1969	2054
2129	2189
2231	2261
2280	2283
2263	2205
2108	1984
1851	1718
1609	1549
1548	1605
1704	1822
1936	2025
2074	2046
2066	1404
160	197
233	291
351	409
460	492
506	510
510	506
492	464
427	399
383	379
377	376
376	376
376	376
376	376
376	376
376	376
373	373
387	443
545	697
883	1082
1275	1452
1606	1727
1815	1866
1891	1890
1861	1797
1720	1665
1650	1651
1649	1632
1599	1551
1489	1415
1339	1263
1192	1120
1034	918
780	652
594	689
1010	1514
1939	1953
1569	1252
1638	3156
5609	8201
9994	10489
10085	9779
10138	11031
12094	13052
13741	14086
14091	13841
13463	13107
12864	12753
12730	12739
12749	12798
12912	13097
13346	13648
13995	14371
14747	15089
15367	15570
15700	15761
15738	15603
15313	14868
14388	14067
14048	14307
14671	14884
14786	14398
13917	13625
13696	14128
14791	15486
16044	16392
16549	16612
16690	16870
17202	17673
18174	18511
18485	17984
17049	15890
14836	14220
14246	14918
16004	17173
18169	18924
19468	19860
20065	19992
19610	19004
18355	17871
17700	17906
18498	19396
20367	21094
21372	21204
20767	20297
19933	19691
19550	19528
19651	19957
20426	20876
20861	19798
17411	13939
10148	6959
4865	3792
3446	3649
4562	6478
9328	12518
15226	16629
16119	13624
9969	6541
4290	3312
3125	3115
2974	2769
2654	2688
2809	2890
2847	2677
2464	2304
2218	2145
2041	1928
1892	2052
2533	3413
4685	6240
7934	9676
11559	13690
15790	17160
17046	15095
11723	8021
5122	3638
3295	3306
3305	3616
4710	6752
9369	11711
12853	12263
10281	7900
5945	4697
4067	3839
3856	4022
4231	4551
5538	7882
11404	14852
16616	15735
12875	9971
8719	9547
11499	12896
12620	10682
7982	5654
4238	3566
3335	3390
3646	4034
4539	5178
5892	6520
6853	6719
6063	4996
3749	2600
1748	1253
1066	1069
1142	1205
1231	1227
1213	1194
1169	1147
1123	1089
1052	1020
1000	994
1007	1038
1075	1104
1118	1122
1124	1124
1124	1124
1124	1124
1124	1124
1124	1128
1140	1162
1192	1215
1217	1204
1182	1158
1146	1149
1169	1209
1264	1324
1383	1430
1460	1464
1452	1437
1428	1425
1425	1425
1425	1425
1425	1425
1425	1425
1427	1428
1433	1438
1443	1446
1448	1448
1448	1448
1448	1448
1448	1448
1448	1448
1448	1448
1444	1437
1429	1422
1421	1425
1432	1437
1448	1467
1489	1507
1520	1525
1531	1538
1548	1566
1597	1639
1696	1773
1864	1956
2038	2111
2174	2224
2263	2285
2297	2295
2272	2217
2124	2005
1872	1742
1639	1586
1597	1663
1769	1896
2016	2105
2151	2124
2152	1460
155	194
229	287
348	407
457	488
502	506
506	502
488	460
422	391
370	363
360	360
360	360
360	360
360	360
360	360
360	359
356	357
370	421
521	672
860	1063
1258	1432
1582	1702
1792	1849
1877	1877
1841	1764
1671	1602
1574	1571
1567	1550
1520	1472
1406	1325
1239	1157
1081	1008
918	800
662	534
467	530
791	1226
1594	1602
1271	1034
1495	3036
5444	7920
9562	9896
9394	9106
9606	10690
11929	12993
13719	14047
14016	13728
13336	12974
12735	12633
12636	12678
12730	12796
12899	13066
13306	13617
13991	14411
14832	15211
15507	15703
15804	15820
15751	15573
15278	14878
14479	14234
14232	14437
14683	14758
14534	14076
13599	13370
13534	14067
14797	15511
16058	16396
16572	16671
16789	16988
17295	17687
18060	18246
18096	17521
16585	15478
14500	13962
14046	14741
15830	16992
17998	18780
19376	19827
20091	20064
19695	19067
18366	17811
17557	17681
18217	19105
20111	20871
21151	20945
20451	19938
19573	19369
19285	19299
19423	19692
20105	20494
20365	19112
16507	12937
9233	6275
4474	3672
3481	3646
4311	5868
8419	11525
14320	15796
15276	12785
9241	6020
3986	3162
3048	3085
3008	2884
2818	2830
2877	2906
2852	2672
2424	2213
2092	2027
1978	1941
1957	2093
2454	3129
4172	5555
7174	8926
10847	12992
15132	16679
16919	15397
12334	8658
5546	3812
3327	3282
3230	3389
4193	5836
8056	10154
11302	10967
9379	7367
5641	4478
3868	3689
3796	4025
4246	4517
5324	7302
10437	13803
15875	15470
12910	9943
8321	8783
10649	12337
12571	11073
8554	6162
4561	3721
3394	3392
3587	3891
4294	4839
5499	6160
6630	6723
6343	5525
4432	3299
2330	1639
1265	1159
1213	1294
1331	1329
1309	1284
1259	1232
1197	1155
1109	1066
1036	1023
1032	1058
1094	1122
1136	1140
1142	1142
1142	1142
1142	1142
1142	1142
1142	1147
1159	1185
1217	1237
1241	1230
1211	1190
1176	1177
1203	1246
1301	1361
1419	1463
1489	1498
1492	1483
1479	1477
1477	1477
1477	1477
1477	1477
1477	1477
1479	1482
1487	1489
1490	1489
1489	1489
1489	1489
1489	1489
1489	1489
1489	1489
1489	1489
1490	1491
1494	1496
1499	1500
1504	1505
1510	1519
1531	1541
1548	1551
1554	1559
1577	1614
1664	1715
1774	1848
1939	2029
2105	2168
2221	2265
2295	2314
2319	2313
2288	2236
2151	2032
1897	1767
1669	1622
1642	1718
1833	1966
2093	2184
2232	2205
2241	1521
147	184
220	278
337	397
446	479
492	496
496	492
479	450
410	371
346	332
327	326
325	325
325	325
325	325
325	325
325	324
323	325
339	390
491	645
835	1043
1240	1415
1560	1676
1767	1828
1861	1867
1827	1738
1622	1536
1496	1484
1477	1459
1427	1376
1309	1222
1128	1038
962	886
802	690
558	433
359	392
604	979
1309	1325
1049	898
1425	2977
5320	7676
9159	9347
8756	8488
9110	10363
11750	12908
13663	13973
13908	13595
13190	12833
12606	12523
12561	12652
12751	12837
12930	13072
13304	13625
14035	14501
14975	15393
15702	15876
15929	15877
15734	15494
15174	14823
14525	14371
14392	14530
14636	14545
14194	13683
13231	13082
13355	13979
14760	15468
15985	16313
16523	16682
16855	17074
17349	17645
17874	17904
17629	17002
16084	15057
14182	13735
13879	14599
15688	16845
17857	18664
19298	19799
20114	20121
19761	19112
18359	17732
17396	17437
17905	18779
19807	20595
20875	20634
20088	19540
19172	19004
18971	19021
19144	19372
19712	19995
19720	18266
15488	11883
8303	5553
3986	3417
3412	3629
4136	5339
7492	10355
13095	14590
14105	11720
8394	5443
3645	2968
2928	3034
3062	3046
3032	3007
2963	2928
2869	2691
2412	2144
1983	1921
1933	1980
2053	2162
2379	2822
3609	4798
6339	8120
10106	12289
14474	16181
16748	15639
12895	9273
5969	3984
3340	3245
3163	3218
3759	4998
6772	8556
9635	9500
8282	6660
5229	4230
3700	3584
3724	3920
4068	4289
4987	6656
9399	12604
14918	15011
12885	10008
8120	8210
9900	11758
12406	11308
8983	6571
4841	3888
3508	3483
3628	3833
4093	4481
5022	5650
6210	6531
6465	5973
5126	4093
3060	2197
1613	1337
1290	1326
1349	1342
1324	1305
1288	1266
1235	1196
1147	1109
1079	1066
1071	1097
1130	1157
1170	1175
1176	1176
1176	1176
1176	1176
1176	1176
1176	1180
1193	1219
1250	1267
1265	1253
1238	1220
1208	1211
1235	1280
1337	1395
1452	1499
1528	1544
1546	1544
1542	1542
1542	1542
1542	1542
1542	1542
1542	1542
1543	1545
1546	1541
1533	1528
1525	1524
1524	1524
1524	1524
1524	1524
1524	1524
1524	1525
1531	1540
1554	1564
1569	1570
1571	1572
1573	1577
1582	1586
1587	1590
1591	1598
1621	1669
1733	1795
1851	1923
2011	2097
2170	2226
2272	2307
2334	2349
2351	2338
2307	2255
2173	2061
1931	1803
1706	1662
1686	1767
1893	2032
2161	2253
2306	2283
2329	1577
137	174
213	268
327	386
435	468
483	487
487	483
469	437
393	347
312	291
281	278
278	278
278	278
278	278
278	278
277	277
277	282
304	362
469	621
811	1017
1218	1396
1541	1656
1744	1808
1847	1858
1814	1713
1582	1479
1428	1411
1397	1371
1334	1279
1207	1116
1019	923
841	766
687	591
478	367
282	290
457	789
1094	1126
907	836
1423	2977
5253	7487
8823	8871
8203	7954
8680	10073
11580	12811
13585	13877
13779	13445
13035	12688
12478	12429
12505	12656
12811	12921
13003	13120
13333	13670
14115	14631
15153	15602
15917	16065
16058	15932
15703	15386
15028	14719
14521	14461
14502	14568
14532	14281
13809	13257
12846	12791
13163	13869
14680	15371
15848	16169
16421	16655
16890	17131
17368	17565
17648	17528
17140	16470
15587	14650
13886	13537
13743	14488
15574	16728
17744	18571
19240	19784
20138	20167
19809	19134
18337	17647
17234	17187
17589	18437
19484	20294
20568	20291
19698	19118
18757	18621
18636	18720
18841	19027
19280	19434
18984	17342
14436	10844
7405	4830
3431	3050
3245	3578
4010	4888
6591	9089
11649	13101
12678	10477
7436	4793
3248	2710
2749	2936
3088	3193
3231	3155
3014	2923
2863	2704
2407	2101
1900	1843
1907	2034
2156	2229
2295	2497
3023	4016
5479	7288
9345	11587
13835	15694
16553	15818
13376	9824
6359	4140
3328	3176
3092	3076
3396	4254
5585	7022
7983	7984
7097	5857
4752	3975
3578	3527
3651	3724
3722	3876
4517	5957
8358	11392
13910	14494
12861	10161
8068	7783
9223	11134
12093	11336
9213	6834
5045	4041
3657	3636
3744	3847
3947	4149
4530	5076
5687	6203
6457	6324
5778	4907
3874	2873
2079	1590
1375	1312
1294	1283
1272	1265
1261	1253
1238	1211
1178	1147
1126	1117
1125	1148
1179	1203
1215	1218
1218	1218
1218	1218
1218	1218
1218	1218
1219	1224
1236	1260
1288	1299
1289	1273
1260	1249
1243	1247
1268	1307
1361	1420
1477	1528
1565	1588
1597	1600
1600	1600
1600	1600
1600	1600
1600	1600
1600	1600
1600	1600
1595	1584
1567	1554
1547	1545
1545	1545
1545	1545
1545	1545
1545	1545
1545	1549
1557	1575
1597	1616
1624	1627
1628	1629
1629	1631
1632	1633
1633	1634
1635	1642
1668	1723
1795	1862
1921	1990
2074	2158
2226	2276
2315	2349
2376	2390
2387	2367
2329	2273
2195	2092
1969	1845
1747	1701
1722	1806
1935	2081
2214	2312
2370	2351
2401	1625
136	173
208	262
321	377
425	456
470	474
474	470
456	426
380	328
284	255
243	239
239	239
239	239
239	239
239	239
239	239
241	252
282	350
460	612
794	995
1193	1371
1518	1633
1719	1786
1830	1844
1802	1691
1543	1424
1362	1333
1309	1275
1228	1174
1105	1022
926	832
746	670
597	520
430	330
244	224
357	653
945	998
838	837
1475	3026
5234	7351
8549	8482
7753	7531
8354	9864
11456	12726
13497	13769
13646	13300
12892	12557
12367	12344
12466	12677
12884	13022
13096	13188
13389	13733
14215	14778
15341	15814
16124	16239
16175	15979
15674	15281
14883	14594
14475	14490
14553	14561
14401	14005
13425	12839
12470	12504
12975	13745
14573	15235
15676	15999
16301	16611
16915	17188
17393	17494
17441	17181
16689	15982
15131	14285
13631	13381
13647	14414
15499	16642
17660	18503
19199	19773
20151	20193
19835	19146
18319	17572
17078	16944
17282	18118
19190	20012
20259	19926
19281	18679
18336	18248
18319	18439
18562	18705
18867	18880
18252	16433
13432	9880
6586	4167
2889	2648
3015	3487
3896	4512
5773	7847
10128	11474
11113	9142
6436	4127
2822	2414
2519	2789
3059	3273
3363	3251
3031	2889
2840	2705
2416	2087
1862	1801
1901	2089
2249	2283
2210	2193
2483	3296
4675	6493
8611	10909
13220	15212
16317	15907
13745	10290
6710	4280
3299	3090
3018	2969
3115	3639
4559	5660
6475	6569
5949	5057
4270	3740
3498	3514
3590	3506
3324	3399
4000	5271
7393	10286
12979	14025
12879	10384
8120	7458
8593	10465
11651	11201
9307	7007
5200	4175
3806	3793
3876	3897
3870	3907
4125	4560
5164	5812
6327	6526
6296	5641
4674	3604
2640	1927
1497	1288
1208	1184
1181	1189
1203	1217
1222	1214
1198	1183
1173	1171
1181	1202
1228	1248
1256	1259
1258	1256
1255	1253
1253	1256
1258	1259
1262	1266
1279	1302
1322	1325
1311	1291
1279	1273
1271	1275
1292	1328
1381	1439
1500	1553
1594	1621
1633	1636
1638	1638
1638	1638
1638	1638
1638	1638
1638	1638
1636	1635
1626	1607
1583	1563
1553	1551
1549	1549
1549	1549
1549	1549
1549	1549
1551	1555
1567	1592
1624	1649
1662	1666
1667	1667
1667	1667
1667	1667
1667	1667
1668	1676
1702	1758
1833	1906
1970	2041
2122	2203
2272	2323
2362	2394
2417	2427
2416	2389
2345	2287
2214	2120
2007	1892
1795	1744
1758	1838
1968	2118
2257	2365
2433	2420
2473	1679
155	190
219	270
321	370
413	440
453	456
456	453
440	413
366	313
262	229
213	209
208	208
208	208
208	208
208	208
209	211
220	243
288	368
482	628
798	983
1165	1337
1483	1598
1685	1752
1798	1816
1773	1660
1511	1380
1293	1236
1187	1141
1093	1047
996	937
863	782
700	626
559	492
419	326
234	197
301	564
843	919
819	892
1582	3126
5264	7258
8325	8152
7395	7234
8181	9795
11429	12681
13411	13650
13522	13183
12781	12444
12257	12252
12417	12679
12938	13104
13178	13264
13462	13818
14326	14920
15507	15986
16282	16367
16264	16018
15661	15217
14783	14488
14395	14449
14533	14509
14263	13749
13064	12437
12108	12232
12790	13608
14431	15065
15488	15830
16187	16577
16959	17277
17479	17512
17339	16944
16343	15583
14758	13991
13450	13296
13622	14402
15472	16590
17596	18452
19177	19765
20136	20174
19826	19165
18341	17543
16942	16699
16986	17847
18973	19793
19952	19497
18761	18151
17871	17887
18054	18236
18371	18466
18523	18387
17579	15583
12476	8974
5848	3608
2460	2307
2760	3318
3735	4184
5091	6729
8633	9774
9457	7767
5470	3532
2458	2150
2290	2608
2957	3246
3374	3262
3026	2876
2837	2729
2462	2127
1879	1805
1917	2136
2320	2327
2157	1981
2086	2740
4019	5797
7912	10226
12579	14675
15980	15859
13987	10685
7062	4448
3278	2996
2964	2933
2957	3192
3744	4528
5202	5354
4958	4352
3846	3540
3452	3526
3565	3360
3055	3051
3582	4682
6564	9333
12176	13633
12944	10650
8223	7181
7971	9757
11147	11056
9463	7282
5425	4317
3903	3868
3922	3922
3866	3841
3939	4234
4734	5379
6026	6476
6553	6177
5394	4382
3335	2418
1740	1338
1163	1116
1118	1142
1175	1204
1224	1229
1220	1211
1204	1207
1224	1248
1272	1287
1291	1290
1286	1281
1276	1273
1273	1276
1283	1292
1298	1305
1318	1336
1351	1347
1330	1313
1307	1307
1310	1314
1330	1362
1411	1467
1521	1572
1613	1641
1652	1657
1658	1658
1658	1658
1658	1658
1658	1658
1658	1658
1657	1653
1640	1616
1584	1558
1546	1543
1541	1541
1541	1541
1541	1541
1541	1541
1543	1547
1562	1594
1633	1664
1679	1683
1685	1685
1685	1685
1685	1685
1685	1685
1686	1693
1717	1767
1841	1916
1993	2070
2157	2240
2313	2373
2416	2443
2455	2451
2429	2394
2347	2294
2236	2159
2065	1961
1866	1812
1811	1874
1991	2139
2284	2409
2497	2502
2574	1768
204	227
251	287
326	363
396	415
425	428
428	425
415	393
352	299
243	204
186	181
180	180
180	180
180	180
180	180
181	186
205	252
324	420
536	671
824	982
1144	1297
1434	1546
1634	1699
1746	1765
1731	1631
1486	1344
1222	1116
1021	949
901	880
866	857
832	791
732	667
600	529
445	350
257	209
285	520
781	880
843	993
1735	3273
5329	7191
8107	7837
7083	7043
8159	9884
11518	12689
13326	13524
13416	13109
12715	12353
12136	12130
12328	12641
12940	13135
13227	13330
13541	13922
14447	15054
15636	16101
16376	16438
16311	16047
15675	15222
14768	14428
14286	14326
14432	14426
14141	13527
12730	12044
11744	11958
12604	13452
14258	14875
15315	15693
16106	16568
17034	17428
17664	17662
17389	16857
16127	15291
14467	13777
13348	13298
13683	14471
15501	16567
17544	18411
19155	19733
20062	20076
19767	19189
18422	17568
16814	16424
16670	17615
18843	19645
19626	18944
18063	17454
17309	17515
17851	18140
18303	18333
18264	17963
16966	14769
11532	8068
5155	3170
2197	2087
2509	3054
3486	3878
4562	5791
7223	8050
7731	6376
4585	3080
2236	1989
2116	2426
2785	3098
3255	3201
3031	2934
2917	2826
2573	2240
1967	1863
1954	2170
2355	2359
2153	1903
1896	2416
3561	5218
7239	9495
11846	14010
15487	15649
14109	11053
7484	4709
3316	2937
2970	3005
2947	2932
3151	3652
4193	4393
4178	3804
3518	3396
3429	3552
3583	3364
3040	2983
3373	4246
5877	8506
11445	13259
13002	10916
8334	6903
7329	9022
10669	11056
9894	7851
5845	4508
3927	3793
3811	3866
3928	3985
4047	4178
4454	4917
5515	6097
6459	6440
5995	5207
4205	3132
2181	1544
1240	1149
1143	1176
1221	1260
1277	1276
1256	1235
1222	1229
1255	1291
1320	1335
1335	1325
1316	1304
1292	1283
1283	1294
1310	1331
1348	1360
1367	1377
1377	1371
1355	1350
1352	1360
1365	1372
1389	1418
1464	1512
1556	1596
1629	1651
1661	1665
1667	1667
1667	1667
1667	1667
1667	1667
1667	1667
1666	1660
1645	1613
1572	1540
1525	1519
1518	1518
1518	1518
1518	1518
1518	1518
1519	1525
1544	1582
1630	1668
1686	1692
1694	1694
1694	1694
1694	1694
1694	1694
1694	1700
1717	1758
1821	1897
1982	2079
2181	2279
2366	2435
2483	2504
2498	2472
2431	2383
2337	2302
2274	2228
2160	2076
1993	1928
1905	1933
2015	2146
2298	2445
2572	2620
2734	1910
266	280
292	312
336	357
375	386
390	391
391	390
385	369
334	282
221	176
155	149
148	148
148	148
148	148
148	148
150	159
192	263
366	482
604	728
860	996
1130	1264
1388	1493
1577	1643
1690	1712
1687	1604
1475	1321
1155	992
845	743
700	707
746	796
834	845
819	769
699	611
511	412
323	275
330	534
780	898
915	1131
1912	3427
5387	7092
7857	7496
6773	6882
8191	10031
11652	12715
13243	13401
13321	13056
12665	12265
11996	11976
12200	12549
12880	13103
13230	13366
13616	14020
14560	15159
15725	16164
16419	16466
16333	16071
15717	15286
14824	14420
14180	14166
14285	14308
14014	13324
12421	11677
11402	11701
12429	13305
14092	14710
15190	15622
16083	16607
17151	17624
17906	17886
17526	16854
15986	15067
14239	13610
13286	13333
13779	14564
15546	16554
17498	18367
19123	19668
19934	19915
19657	19197
18511	17601
16664	16109
16324	17377
18722	19483
19246	18293
17247	16660
16699	17146
17696	18127
18322	18284
18065	17580
16378	13970
10590	7178
4511	2840
2075	1982
2287	2739
3174	3590
4160	5041
5985	6441
6089	5074
3816	2765
2150	1950
2039	2290
2600	2881
3055	3089
3053	3051
3069	2981
2736	2400
2107	1960
2006	2181
2347	2351
2160	1908
1864	2289
3284	4758
6604	8734
11029	13231
14866	15325
14165	11450
8019	5120
3476	2972
3056	3165
3053	2838
2783	3050
3473	3708
3632	3430
3300	3307
3430	3588
3641	3488
3240	3148
3357	3960
5326	7765
10713	12814
12972	11117
8417	6619
6688	8302
10257	11226
10589	8699
6465	4786
3945	3649
3605	3744
4002	4228
4321	4305
4306	4489
4919	5526
6118	6459
6415	5960
5110	3964
2784	1914
1466	1300
1258	1272
1312	1354
1373	1365
1330	1294
1269	1272
1299	1342
1378	1391
1381	1366
1348	1327
1305	1289
1289	1308
1339	1373
1405	1424
1429	1423
1408	1395
1386	1392
1409	1426
1438	1449
1465	1497
1535	1571
1600	1625
1646	1662
1672	1679
1680	1681
1682	1682
1682	1682
1682	1682
1682	1682
1681	1675
1657	1615
1563	1522
1502	1495
1493	1493
1493	1493
1493	1493
1493	1493
1495	1502
1526	1571
1631	1677
1701	1707
1709	1709
1709	1709
1709	1709
1709	1709
1709	1712
1720	1743
1788	1859
1954	2073
2199	2322
2423	2503
2553	2565
2542	2492
2431	2368
2324	2310
2317	2309
2277	2218
2146	2076
2024	2011
2050	2151
2300	2475
2652	2759
2936	2077
316	320
326	333
342	349
357	362
364	364
364	364
361	350
321	269
205	156
132	125
124	124
124	124
124	124
124	124
125	138
179	266
392	523
649	771
894	1019
1138	1260
1374	1474
1552	1617
1665	1688
1668	1595
1466	1299
1107	904
721	604
566	596
673	768
851	900
904	867
801	710
611	526
455	414
460	644
876	1000
1041	1283
2062	3518
5357	6907
7532	7103
6422	6665
8124	10061
11687	12693
13154	13292
13231	12988
12590	12151
11842	11808
12043	12421
12778	13029
13189	13367
13654	14088
14637	15235
15786	16212
16452	16488
16350	16095
15758	15357
14901	14448
14120	14037
14133	14160
13850	13110
12140	11359
11111	11477
12279	13193
13990	14629
15153	15637
16146	16714
17312	17825
18115	18054
17598	16807
15826	14841
14006	13432
13186	13309
13798	14590
15548	16522
17443	18311
19063	19568
19771	19725
19510	19143
18520	17556
16467	15773
15954	17070
18476	19183
18769	17624
16480	15945
16149	16813
17553	18107
18338	18232
17862	17175
15757	13166
9710	6392
3972	2593
2020	1939
2127	2477
2892	3327
3829	4453
5016	5170
4777	4026
3200	2530
2125	1986
2056	2248
2485	2704
2867	2975
3063	3159
3215	3140
2898	2567
2264	2085
2073	2180
2289	2275
2108	1900
1877	2257
3119	4403
6041	7997
10195	12415
14213	14986
14227	11878
8633	5668
3807	3149
3213	3343
3190	2849
2628	2737
3067	3302
3305	3208
3178	3269
3450	3630
3711	3636
3469	3352
3399	3776
4886	7076
9928	12225
12779	11203
8465	6371
6122	7655
9907	11444
11345	9621
7172	5165
4072	3600
3459	3622
4007	4368
4507	4412
4232	4201
4477	5054
5759	6345
6609	6450
5798	4687
3414	2398
1811	1529
1395	1345
1358	1405
1453	1472
1464	1433
1402	1387
1394	1419
1441	1443
1424	1399
1376	1349
1319	1299
1300	1323
1363	1409
1450	1475
1479	1461
1437	1417
1415	1429
1457	1481
1499	1515
1538	1567
1597	1621
1638	1652
1665	1679
1694	1703
1707	1709
1709	1709
1709	1709
1709	1709
1709	1710
1708	1704
1681	1637
1575	1525
1501	1494
1492	1492
1492	1492
1492	1492
1492	1492
1494	1502
1527	1581
1646	1699
1723	1731
1733	1733
1733	1733
1733	1733
1733	1733
1733	1732
1733	1740
1767	1826
1928	2061
2207	2346
2463	2551
2601	2608
2576	2513
2439	2366
2322	2320
2351	2377
2369	2331
2269	2197
2130	2087
2094	2166
2310	2507
2728	2881
3112	2219
343	344
345	347
349	350
353	354
355	355
355	355
353	345
317	266
200	150
124	117
116	116
116	116
116	116
116	116
117	130
171	258
385	523
653	780
909	1038
1163	1287
1400	1497
1577	1640
1687	1709
1683	1597
1458	1280
1078	871
685	567
535	577
669	777
874	939
957	933
877	807
738	691
651	622
662	835
1058	1173
1201	1417
2141	3495
5194	6591
7101	6648
6022	6358
7904	9904
11569	12594
13062	13197
13131	12873
12454	11995
11675	11638
11883	12275
12653	12929
13119	13330
13649	14108
14675	15283
15842	16269
16502	16529
16380	16119
15788	15404
14961	14488
14111	13963
14000	13978
13632	12866
11880	11102
10880	11294
12151	13118
13962	14642
15205	15732
16284	16893
17506	18008
18246	18098
17536	16639
15580	14558
13733	13201
13008	13169
13686	14495
15471	16453
17377	18243
18980	19447
19605	19536
19341	19019
18414	17401
16216	15436
15577	16670
18036	18663
18149	16936
15799	15348
15692	16507
17380	18021
18273	18108
17585	16676
15037	12315
8877	5714
3537	2392
1968	1911
2039	2310
2688	3092
3518	3969
4302	4276
3861	3270
2722	2324
2103	2056
2143	2298
2466	2617
2746	2882
3043	3213
3316	3253
3019	2708
2421	2233
2164	2182
2204	2142
1985	1837
1868	2245
3011	4123
5546	7306
9380	11610
13574	14657
14289	12296
9253	6276
4248	3411
3373	3464
3289	2927
2652	2679
2925	3119
3143	3094
3120	3262
3479	3676
3774	3738
3607	3465
3413	3634
4522	6428
9083	11496
12424	11181
8503	6198
5658	7082
9548	11577
11978	10461
7883	5627
4332	3705
3443	3539
3919	4311
4484	4390
4181	4089
4287	4806
5510	6169
6582	6619
6162	5204
4000	2959
2264	1832
1544	1380
1334	1387
1485	1581
1640	1655
1631	1592
1553	1529
1517	1495
1462	1429
1400	1369
1337	1316
1316	1340
1383	1432
1475	1503
1505	1487
1460	1441
1440	1458
1488	1515
1536	1558
1586	1613
1639	1657
1669	1680
1691	1707
1726	1740
1746	1748
1749	1749
1749	1749
1749	1749
1749	1749
1749	1744
1721	1670
1603	1549
1521	1514
1512	1512
1512	1512
1512	1512
1512	1512
1514	1522
1549	1604
1674	1729
1756	1763
1765	1765
1765	1765
1765	1765
1765	1765
1765	1763
1759	1754
1767	1816
1915	2050
2201	2344
2467	2556
2609	2617
2585	2523
2448	2374
2329	2328
2369	2405
2414	2385
2335	2266
2195	2142
2136	2198
2341	2550
2797	2980
3239	2314
352	352
352	353
353	354
354	354
354	354
354	354
353	346
321	270
204	153
128	120
119	119
119	119
119	119
119	119
120	131
167	245
360	492
627	765
908	1056
1198	1332
1450	1547
1626	1689
1736	1751
1717	1611
1447	1259
1064	873
703	596
571	618
709	813
906	970
994	982
944	904
880	875
871	855
893	1052
1259	1348
1340	1494
2126	3356
4903	6153
6570	6131
5591	6005
7591	9629
11354	12449
12968	13113
13016	12714
12266	11802
11493	11468
11723	12127
12529	12824
13034	13265
13609	14095
14688	15321
15904	16347
16582	16596
16429	16149
15809	15426
14989	14519
14121	13919
13878	13777
13379	12599
11636	10891
10691	11129
12022	13046
13958	14691
15296	15863
16464	17106
17721	18174
18319	18048
17363	16370
15251	14217
13415	12921
12756	12932
13450	14287
15315	16350
17303	18168
18880	19313
19442	19362
19181	18866
18247	17189
15942	15114
15203	16204
17433	17934
17351	16154
15103	14772
15248	16183
17155	17855
18107	17870
17182	16029
14161	11354
8019	5082
3156	2212
1912	1895
1996	2219
2542	2875
3197	3517
3715	3609
3204	2725
2355	2141
2071	2120
2249	2392
2512	2602
2690	2824
3021	3241
3376	3328
3106	2827
2589	2418
2306	2225
2137	2006
1856	1772
1874	2260
2940	3875
5077	6624
8568	10792
12908	14285
14288	12632
9793	6826
4656	3626
3442	3476
3336	3040
2807	2791
2943	3058
3061	3036
3097	3275
3514	3725
3827	3796
3663	3495
3385	3507
4203	5805
8216	10684
11968	11104
8575	6130
5307	6535
9098	11531
12430	11190
8574	6123
4634	3860
3487	3481
3778	4125
4302	4267
4128	4075
4253	4698
5313	5935
6394	6558
6301	5576
4563	3585
2819	2222
1749	1430
1293	1325
1474	1656
1811	1891
1890	1828
1742	1664
1605	1553
1505	1465
1427	1394
1366	1347
1345	1365
1401	1446
1491	1518
1523	1510
1488	1474
1474	1489
1513	1536
1558	1585
1618	1644
1668	1685
1701	1714
1725	1741
1758	1773
1779	1782
1782	1782
1782	1782
1782	1782
1782	1783
1781	1776
1753	1697
1628	1570
1542	1534
1532	1532
1532	1532
1532	1532
1532	1532
1534	1541
1567	1622
1692	1746
1773	1781
1783	1783
1783	1783
1783	1783
1783	1783
1783	1781
1775	1767
1775	1816
1906	2032
2173	2314
2434	2526
2581	2591
2571	2519
2452	2385
2340	2338
2374	2409
2422	2402
2360	2299
2232	2182
2179	2246
2393	2615
2873	3070
3342	2384
351	351
351	351
351	351
351	351
351	351
351	351
350	343
320	272
211	162
138	131
130	130
130	130
130	130
130	130
131	139
166	229
325	449
586	735
898	1068
1230	1379
1505	1607
1685	1745
1786	1793
1739	1612
1428	1236
1057	889
746	658
639	685
768	863
946	1005
1036	1036
1021	1011
1025	1059
1080	1071
1100	1238
1414	1465
1410	1499
2038	3139
4528	5632
5981	5590
5172	5669
7276	9331
11114	12299
12885	13038
12889	12522
12031	11571
11291	11291
11562	11986
12405	12719
12941	13189
13554	14065
14692	15364
15979	16442
16682	16681
16493	16184
15818	15419
14979	14521
14120	13879
13762	13578
13126	12345
11417	10709
10526	10965
11868	12942
13926	14724
15371	15985
16637	17322
17930	18320
18352	17947
17132	16046
14885	13852
13082	12625
12479	12643
13146	14007
15103	16218
17219	18090
18776	19175
19283	19208
19038	18726
18088	16982
15695	14838
14866	15724
16742	17050
16380	15216
14293	14127
14757	15826
16891	17632
17864	17527
16647	15233
13138	10281
7108	4447
2795	2059
1879	1902
1994	2170
2429	2673
2882	3079
3186	3055
2703	2329
2084	1995
2033	2164
2332	2481
2573	2624
2683	2809
3021	3264
3419	3372
3158	2929
2763	2637
2497	2328
2133	1938
1797	1778
1941	2326
2900	3636
4596	5932
7747	9958
12193	13825
14160	12827
10184	7234
4921	3698
3373	3384
3334	3179
3038	2999
3037	3046
3007	2993
3084	3288
3548	3770
3872	3831
3682	3488
3340	3389
3914	5231
7388	9867
11463	10989
8682	6170
5055	5989
8498	11238
12640	11770
9216	6594
4877	3950
3500	3429
3635	3907
4077	4110
4070	4084
4251	4604
5098	5635
6096	6368
6313	5860
5096	4247
3443	2705
2050	1562
1298	1273
1428	1670
1905	2058
2096	2039
1923	1801
1698	1619
1559	1508
1466	1429
1401	1386
1383	1396
1422	1459
1501	1529
1536	1531
1520	1512
1512	1522
1537	1553
1576	1606
1639	1669
1695	1717
1739	1755
1767	1778
1790	1799
1803	1805
1805	1805
1805	1805
1805	1805
1805	1805
1806	1798
1773	1715
1643	1584
1556	1547
1546	1545
1545	1545
1545	1545
1545	1545
1547	1554
1580	1632
1697	1749
1774	1781
1783	1783
1783	1783
1783	1783
1783	1783
1783	1782
1778	1775
1785	1823
1900	2011
2140	2272
2387	2475
2530	2548
2536	2499
2448	2394
2357	2353
2380	2407
2417	2405
2372	2318
2256	2211
2219	2301
2462	2694
2968	3166
3445	2446
329	329
329	329
329	329
329	329
329	329
329	329
329	323
302	260
206	164
143	137
136	136
136	136
136	136
136	136
137	142
163	212
291	399
537	701
883	1072
1251	1415
1553	1661
1735	1790
1816	1808
1738	1591
1397	1206
1050	916
807	739
728	768
841	920
993	1051
1088	1104
1109	1127
1173	1230
1262	1251
1258	1362
1492	1501
1400	1437
1898	2889
4137	5113
5411	5095
4816	5398
7007	9060
10896	12165
12816	12961
12745	12294
11761	11306
11068	11108
11408	11851
12289	12618
12853	13112
13499	14041
14705	15415
16066	16548
16790	16775
16555	16209
15804	15376
14928	14482
14096	13835
13659	13406
12914	12140
11251	10574
10391	10802
11692	12795
13847	14704
15402	16065
16780	17502
18105	18426
18346	17807
16877	15714
14528	13509
12778	12356
12217	12343
12809	13682
14856	16064
17127	18010
18671	19042
19140	19081
18935	18633
17970	16829
15507	14631
14599	15282
16025	16085
15293	14165
13394	13425
14247	15469
16637	17410
17591	17116
16013	14328
12025	9158
6185	3831
2472	1948
1882	1942
2018	2155
2344	2499
2599	2689
2733	2626
2373	2106
1943	1912
1997	2168
2366	2533
2626	2674
2726	2845
3052	3295
3444	3389
3187	3010
2928	2861
2720	2487
2214	1981
1860	1895
2103	2448
2886	3397
4115	5255
6959	9141
11451	13271
13897	12857
10414	7487
5048	3642
3194	3216
3300	3325
3302	3244
3156	3048
2962	2958
3071	3299
3577	3806
3910	3862
3693	3477
3301	3291
3676	4748
6665	9096
10906	10796
8785	6308
4929	5474
7753	10655
12537	12132
9757	7003
5020	3926
3455	3378
3520	3718
3872	3959
4006	4073
4213	4465
4827	5266
5718	6082
6224	6041
5547	4863
4084	3258
2462	1809
1395	1259
1357	1601
1877	2089
2184	2162
2054	1913
1784	1684
1616	1562
1515	1472
1442	1422
1417	1421
1438	1470
1508	1535
1548	1548
1543	1541
1544	1550
1561	1577
1600	1629
1663	1694
1724	1750
1771	1789
1799	1805
1811	1816
1818	1818
1818	1818
1818	1818
1818	1818
1818	1818
1817	1810
1784	1731
1661	1609
1582	1574
1573	1572
1572	1572
1572	1572
1572	1573
1574	1580
1602	1648
1706	1753
1775	1782
1783	1783
1783	1783
1783	1783
1783	1783
1783	1783
1782	1782
1794	1831
1899	1998
2115	2238
2345	2427
2478	2499
2494	2471
2436	2401
2375	2372
2390	2408
2416	2411
2388	2341
2285	2254
2270	2365
2538	2785
3068	3274
3559	2512
299	299
299	299
299	299
299	299
299	299
299	299
298	294
277	241
198	163
146	141
140	140
140	140
140	140
140	140
141	145
157	191
253	355
492	668
868	1071
1263	1438
1586	1696
1769	1805
1814	1789
1702	1546
1350	1173
1043	948
876	834
829	862
917	979
1042	1098
1142	1175
1201	1250
1324	1401
1434	1404
1373	1427
1507	1471
1341	1345
1759	2663
3796	4660
4923	4690
4553	5208
6796	8823
10694	12039
12741	12864
12562	12021
11441	11004
10821	10925
11263	11728
12181	12523
12769	13045
13453	14026
14727	15478
16158	16654
16891	16856
16600	16211
15757	15288
14828	14402
14050	13795
13580	13276
12761	12006
11164	10506
10293	10650
11503	12615
13716	14630
15373	16094
16867	17624
18216	18473
18286	17637
16613	15403
14211	13225
12534	12140
11993	12062
12463	13338
14589	15898
17033	17934
18574	18922
19017	18983
18870	18583
17909	16733
15382	14493
14401	14886
15318	15095
14166	13083
12487	12745
13783	15177
16449	17240
17345	16695
15346	13397
10919	8071
5319	3283
2221	1902
1933	2014
2065	2159
2289	2369
2382	2387
2402	2362
2244	2083
1951	1902
1965	2129
2343	2533
2660	2739
2809	2927
3116	3330
3451	3382
3189	3063
3061	3063
2949	2700
2392	2148
2055	2137
2353	2629
2898	3175
3654	4617
6216	8352
10681	12641
13512	12760
10531	7660
5123	3558
3003	3035
3252	3455
3549	3474
3275	3059
2925	2920
3054	3298
3590	3830
3935	3884
3703	3471
3272	3219
3499	4380
6072	8374
10262	10454
8805	6493
4931	5031
6915	9804
12089	12223
10175	7370
5111	3835
3368	3338
3452	3591
3721	3839
3942	4030
4130	4279
4515	4862
5293	5724
6030	6087
5854	5368
4683	3853
2977	2187
1608	1308
1282	1455
1721	1974
2135	2173
2105	1980
1849	1746
1673	1620
1566	1518
1480	1452
1438	1437
1448	1476
1512	1540
1553	1558
1559	1562
1568	1574
1585	1604
1628	1659
1690	1723
1753	1780
1798	1814
1822	1830
1833	1834
1834	1835
1835	1835
1835	1835
1835	1835
1835	1835
1834	1827
1804	1756
1696	1648
1625	1619
1618	1618
1618	1618
1618	1618
1618	1618
1619	1625
1644	1682
1731	1770
1790	1796
1797	1797
1797	1797
1797	1797
1797	1797
1797	1797
1797	1799
1813	1848
1910	2000
2106	2217
2317	2392
2435	2455
2455	2445
2427	2407
2393	2392
2402	2417
2425	2424
2408	2371
2328	2306
2336	2442
2628	2885
3180	3389
3682	2584
269	269
269	269
269	269
269	269
269	269
269	269
269	265
251	223
187	159
145	141
140	140
140	140
140	140
140	140
140	143
150	173
222	314
455	641
853	1066
1266	1448
1599	1705
1765	1781
1771	1723
1626	1470
1287	1133
1039	984
952	935
940	964
1000	1042
1089	1139
1188	1236
1295	1382
1493	1590
1620	1559
1479	1472
1499	1426
1279	1274
1661	2505
3544	4312
4541	4387
4378	5082
6618	8595
10482	11885
12621	12706
12309	11674
11056	10653
10554	10737
11129	11624
12094	12446
12703	12993
13421	14026
14764	15546
16252	16755
16982	16919
16618	16175
15670	15155
14682	14288
13992	13761
13525	13183
12658	11938
11143	10499
10245	10528
11318	12416
13550	14513
15303	16070
16889	17673
18249	18445
18170	17430
16346	15116
13944	12998
12349	11978
11801	11798
12122	12988
14316	15732
16947	17875
18500	18823
18917	18906
18829	18566
17879	16667
15279	14367
14200	14481
14605	14108
13062	12052
11658	12168
13430	14991
16359	17151
17156	16314
14710	12509
9888	7085
4564	2835
2052	1916
2022	2104
2122	2171
2259	2291
2239	2191
2205	2265
2294	2225
2084	1959
1943	2060
2271	2494
2677	2807
2913	3030
3187	3355
3436	3347
3167	3086
3152	3223
3157	2934
2643	2425
2371	2479
2675	2852
2936	2983
3236	4026
5506	7562
9869	11932
13040	12593
10620	7860
5275	3578
2910	2924
3219	3542
3718	3640
3364	3071
2906	2894
3029	3279
3577	3824
3937	3886
3704	3461
3244	3160
3369	4107
5583	7668
9491	9903
8662	6646
5025	4700
6079	8777
11357	12066
10497	7766
5265	3782
3309	3331
3441	3534
3636	3757
3874	3956
4000	4056
4189	4451
4851	5321
5741	5988
5983	5711
5188	4442
3565	2687
1944	1448
1235	1275
1481	1742
1960	2075
2076	1999
1894	1804
1734	1679
1624	1568
1519	1480
1455	1445
1451	1476
1510	1537
1556	1563
1569	1579
1592	1604
1616	1633
1659	1690
1723	1752
1778	1799
1817	1832
1848	1858
1863	1865
1865	1865
1865	1865
1865	1865
1865	1865
1865	1865
1864	1858
1836	1794
1741	1701
1681	1677
1676	1677
1677	1677
1677	1677
1677	1677
1678	1682
1698	1731
1771	1802
1817	1822
1823	1823
1823	1823
1823	1823
1823	1823
1823	1823
1825	1830
1845	1880
1939	2017
2110	2206
2294	2361
2402	2425
2432	2432
2426	2419
2414	2414
2422	2435
2447	2454
2442	2415
2384	2376
2419	2533
2727	2996
3299	3512
3810	2661
245	245
245	245
245	245
245	245
245	245
245	245
244	241
230	207
178	155
144	141
140	140
140	140
140	140
140	140
140	141
144	156
194	282
425	616
836	1054
1257	1440
1584	1679
1718	1715
1678	1614
1516	1372
1213	1093
1035	1021
1030	1040
1050	1065
1079	1101
1131	1174
1228	1293
1385	1519
1676	1800
1828	1733
1602	1535
1508	1405
1251	1249
1625	2423
3375	4045
4239	4149
4241	4966
6430	8327
10206	11644
12399	12439
11945	11223
10584	10242
10256	10549
11015	11548
12034	12394
12659	12960
13407	14037
14805	15617
16340	16844
17052	16955
16605	16107
15546	14995
14518	14174
13941	13744
13492	13121
12590	11911
11171	10542
10237	10433
11149	12222
13383	14388
15216	16019
16869	17660
18212	18351
18002	17201
16085	14859
13725	12822
12209	11845
11633	11545
11791	12654
14060	15584
16877	17831
18443	18742
18830	18840
18796	18553
17852	16592
15146	14168
13890	13956
13805	13096
12006	11121
10966	11732
13210	14916
16352	17131
17028	15997
14149	11726
8992	6251
3947	2501
1960	1973
2128	2190
2165	2177
2241	2252
2172	2096
2130	2286
2452	2459
2281	2056
1937	1987
2184	2443
2684	2874
3013	3126
3247	3362
3402	3297
3132	3089
3199	3319
3308	3143
2911	2753
2744	2867
3020	3082
2990	2826
2869	3480
4810	6738
8988	11132
12491	12384
10724	8147
5575	3779
2989	2930
3221	3579
3783	3707
3403	3084
2898	2876
3002	3246
3543	3793
3911	3868
3689	3445
3220	3118
3279	3900
5156	6946
8583	9132
8311	6695
5149	4487
5337	7713
10440	11710
10740	8235
5574	3876
3340	3373
3475	3536
3603	3703
3797	3845
3834	3817
3873	4074
4438	4911
5389	5763
5945	5890
5572	4990
4188	3276
2395	1690
1262	1130
1235	1474
1728	1910
1987	1977
1921	1854
1793	1738
1675	1614
1556	1509
1476	1459
1456	1475
1504	1533
1552	1567
1581	1600
1618	1636
1649	1666
1690	1722
1752	1779
1799	1818
1835	1855
1875	1889
1897	1898
1898	1898
1898	1898
1898	1898
1898	1898
1898	1898
1898	1890
1871	1832
1785	1749
1733	1730
1730	1730
1730	1730
1730	1730
1730	1730
1731	1735
1750	1779
1815	1844
1859	1863
1864	1864
1864	1864
1864	1864
1864	1864
1864	1864
1867	1875
1891	1925
1975	2039
2113	2192
2268	2328
2374	2402
2419	2429
2435	2437
2436	2434
2439	2455
2475	2489
2486	2467
2448	2453
2510	2638
2842	3114
3424	3638
3942	2737
216	216
216	216
216	216
216	216
216	216
216	216
216	213
205	190
170	153
146	144
144	144
144	144
144	144
144	144
143	142
141	146
175	252
394	586
808	1032
1239	1411
1539	1612
1632	1604
1546	1472
1375	1249
1126	1051
1037	1064
1102	1135
1153	1160
1161	1163
1178	1214
1273	1356
1479	1653
1852	2004
2032	1914
1740	1623
1556	1427
1267	1270
1634	2380
3242	3809
3951	3900
4063	4787
6154	7958
9802	11257
12018	12016
11437	10647
10012	9759
9913	10342
10906	11492
12008	12376
12642	12946
13405	14054
14849	15682
16417	16921
17112	16976
16576	16023
15414	14836
14377	14090
13930	13763
13489	13077
12536	11890
11203	10592
10244	10361
11006	12060
13250	14299
15159	15985
16842	17622
18135	18215
17802	16957
15833	14634
13545	12684
12095	11724
11463	11299
11481	12347
13835	15464
16826	17799
18388	18659
18732	18758
18746	18514
17789	16462
14915	13796
13333	13173
12815	12008
10980	10302
10424	11445
13100	14907
16376	17126
16928	15728
13673	11066
8246	5575
3473	2270
1929	2049
2222	2248
2176	2159
2221	2238
2160	2077
2129	2361
2624	2678
2465	2157
1951	1942
2122	2404
2697	2929
3085	3191
3276	3343
3348	3242
3103	3081
3200	3336
3367	3270
3129	3054
3098	3226
3325	3281
3039	2706
2571	2991
4123	5869
8020	10234
11844	12107
10818	8487
5995	4143
3236	3060
3266	3571
3752	3675
3392	3086
2901	2869
2980	3211
3496	3743
3863	3828
3656	3418
3198	3090
3217	3733
4761	6215
7595	8201
7762	6590
5242	4389
4771	6744
9455	11208
10910	8792
6088	4182
3492	3462
3531	3562
3599	3655
3702	3697
3637	3573
3588	3751
4084	4535
5019	5453
5767	5909
5820	5448
4787	3896
2920	2036
1401	1089
1075	1258
1515	1735
1869	1923
1920	1891
1845	1786
1718	1650
1588	1539
1500	1474
1460	1468
1491	1519
1544	1570
1594	1621
1645	1664
1677	1697
1721	1750
1776	1798
1817	1834
1856	1880
1902	1917
1923	1926
1926	1926
1926	1926
1926	1926
1926	1926
1926	1925
1923	1916
1895	1859
1819	1788
1773	1770
1770	1770
1770	1770
1770	1770
1770	1770
1771	1774
1787	1815
1850	1876
1890	1894
1894	1894
1894	1894
1894	1894
1894	1894
1895	1896
1901	1914
1934	1967
2007	2052
2106	2165
2229	2289
2340	2379
2412	2435
2455	2466
2466	2460
2461	2473
2501	2520
2525	2515
2507	2527
2599	2739
2954	3235
3549	3763
4071	2816
193	193
193	193
193	193
193	193
193	193
193	193
193	191
187	177
167	157
153	151
151	151
151	151
151	151
151	151
150	146
139	137
158	226
362	552
775	1002
1206	1365
1473	1521
1518	1467
1391	1303
1209	1112
1034	1007
1041	1106
1172	1223
1249	1252
1237	1222
1228	1263
1326	1424
1568	1766
1985	2152
2188	2066
1865	1716
1618	1475
1310	1304
1638	2315
3072	3528
3605	3570
3783	4487
5752	7452
9252	10707
11469	11428
10782	9957
9356	9219
9533	10118
10792	11454
12006	12386
12652	12952
13413	14079
14889	15739
16483	16986
17160	16994
16544	15936
15287	14705
14281	14064
13969	13818
13506	13041
12472	11850
11210	10621
10248	10302
10899	11955
13186	14281
15166	15993
16839	17589
18052	18069
17600	16724
15603	14437
13394	12567
11985	11591
11280	11049
11191	12085
13658	15379
16798	17771
18326	18550
18602	18634
18640	18412
17654	16242
14535	13177
12435	12032
11543	10774
9941	9560
9993	11251
13037	14894
16358	17070
16794	15469
13260	10516
7644	5049
3125	2123
1930	2117
2279	2257
2139	2109
2187	2237
2183	2108
2166	2423
2721	2794
2571	2229
1984	1949
2120	2411
2716	2959
3113	3202
3256	3296
3286	3202
3093	3073
3158	3266
3310	3282
3240	3261
3363	3496
3549	3418
3071	2622
2349	2583
3476	4983
6985	9223
11060	11690
10792	8757
6406	4554
3560	3265
3349	3546
3662	3583
3346	3080
2908	2868
2964	3176
3447	3682
3799	3769
3609	3391
3186	3085
3184	3594
4395	5520
6623	7220
7080	6328
5270	4385
4426	5964
8510	10611
10990	9385
6782	4693
3767	3580
3582	3591
3597	3602
3580	3514
3413	3331
3343	3504
3815	4226
4671	5109
5498	5800
5930	5787
5300	4484
3468	2459
1659	1189
1056	1166
1386	1603
1761	1854
1900	1908
1878	1821
1748	1677
1613	1564
1522	1490
1463	1457
1472	1497
1534	1573
1610	1640
1664	1679
1699	1719
1747	1772
1794	1812
1830	1853
1877	1899
1917	1928
1933	1933
1933	1933
1933	1933
1933	1933
1933	1933
1933	1933
1930	1922
1904	1874
1839	1815
1802	1800
1800	1800
1800	1800
1800	1800
1800	1800
1800	1804
1816	1839
1869	1894
1905	1908
1909	1909
1909	1909
1909	1909
1909	1909
1909	1912
1921	1941
1968	1999
2026	2053
2088	2133
2188	2244
2298	2351
2400	2445
2478	2499
2503	2493
2480	2486
2511	2539
2552	2555
2561	2595
2677	2828
3055	3346
3667	3883
4197	2896
183	183
183	183
183	183
183	183
183	183
183	183
183	183
181	178
173	170
168	168
168	168
168	168
168	168
167	166
164	156
142	129
140	205
335	524
744	968
1164	1311
1397	1418
1386	1312
1217	1117
1027	958
927	956
1037	1142
1238	1306
1336	1333
1306	1278
1274	1307
1377	1486
1633	1828
2042	2211
2254	2140
1938	1774
1660	1508
1334	1303
1582	2170
2805	3136
3140	3114
3367	4048
5215	6813
8565	10021
10789	10723
10035	9193
8653	8647
9135	9880
10678	11417
12015	12417
12681	12975
13434	14107
14932	15796
16546	17046
17205	17002
16510	15853
15179	14612
14245	14103
14057	13901
13532	12992
12382	11772
11176	10619
10237	10260
10837	11915
13204	14344
15246	16059
16872	17579
17984	17940
17417	16512
15397	14267
13259	12457
11868	11438
11073	10797
10928	11867
13523	15324
16783	17746
18249	18419
18432	18452
18460	18225
17429	15911
13996	12302
11182	10512
9978	9371
8857	8845
9609	11080
12956	14811
16238	16902
16572	15173
12870	10050
7165	4647
2871	2027
1942	2160
2294	2220
2060	2023
2131	2228
2214	2160
2206	2436
2703	2767
2559	2252
2035	2019
2188	2462
2743	2955
3080	3144
3184	3220
3233	3189
3110	3068
3083	3120
3141	3163
3220	3337
3503	3645
3669	3482
3078	2575
2217	2276
2907	4128
5923	8120
10109	11050
10521	8797
6636	4854
3833	3459
3436	3524
3565	3483
3292	3075
2916	2866
2948	3140
3391	3610
3721	3696
3554	3360
3186	3097
3168	3478
4078	4926
5783	6320
6363	5949
5213	4452
4304	5432
7681	9967
10960	9944
7564	5339
4121	3703
3619	3611
3593	3538
3438	3308
3183	3114
3157	3340
3640	4003
4383	4776
5190	5603
5918	5991
5689	4983
3984	2919
2017	1431
1195	1216
1365	1535
1677	1789
1871	1910
1901	1848
1775	1699
1636	1583
1540	1498
1463	1443
1449	1476
1521	1569
1615	1647
1670	1689
1710	1735
1761	1782
1800	1816
1840	1866
1891	1908
1921	1927
1930	1930
1930	1930
1930	1930
1930	1930
1930	1930
1930	1929
1926	1919
1904	1881
1857	1841
1833	1831
1830	1830
1830	1830
1830	1830
1830	1830
1831	1833
1843	1862
1884	1903
1912	1914
1915	1915
1915	1915
1915	1915
1915	1915
1915	1918
1931	1956
1990	2016
2036	2050
2073	2107
2153	2205
2259	2321
2385	2448
2499	2533
2541	2525
2501	2499
2522	2555
2579	2595
2611	2655
2746	2907
3142	3439
3767	3986
4312	2973
184	184
184	184
184	184
184	184
184	184
184	184
184	184
184	182
181	180
180	180
180	180
180	180
180	180
180	178
174	162
143	120
124	185
316	505
722	936
1122	1255
1322	1318
1261	1162
1048	936
848	805
821	903
1029	1170
1292	1375
1409	1399
1361	1321
1308	1339
1416	1529
1667	1834
2015	2168
2220	2121
1934	1777
1661	1502
1312	1241
1451	1929
2429	2639
2566	2546
2837	3506
4590	6102
7812	9270
10040	9958
9248	8421
7959	8095
8753	9653
10568	11384
12025	12445
12712	13000
13460	14138
14973	15846
16598	17096
17238	17009
16474	15781
15094	14558
14263	14192
14177	13995
13548	12925
12261	11655
11100	10580
10208	10226
10810	11932
13284	14475
15383	16175
16945	17595
17938	17833
17259	16331
15223	14118
13141	12345
11733	11256
10849	10553
10703	11699
13430	15295
16779	17720
18168	18273
18235	18228
18225	17974
17128	15497
13336	11242
9680	8738
8216	7867
7741	8136
9226	10885
12808	14625
15991	16609
16245	14813
12477	9639
6777	4342
2691	1968
1950	2175
2268	2140
1947	1912
2052	2201
2235	2207
2234	2386
2572	2607
2444	2220
2094	2131
2312	2556
2776	2923
2998	3032
3069	3129
3188	3200
3149	3067
2987	2923
2901	2952
3090	3299
3526	3687
3694	3482
3069	2566
2165	2082
2456	3369
4905	6976
9023	10179
9955	8528
6586	4931
3959	3571
3500	3517
3503	3414
3262	3082
2931	2867
2926	3095
3327	3531
3637	3616
3495	3333
3194	3120
3165	3387
3830	4476
5150	5595
5708	5524
5098	4554
4360	5130
7003	9320
10811	10387
8325	6023
4499	3816
3631	3613
3582	3468
3292	3104
2968	2935
3033	3254
3552	3862
4165	4487
4884	5360
5819	6072
5942	5367
4436	3378
2440	1788
1461	1387
1441	1531
1625	1731
1838	1907
1909	1861
1792	1718
1652	1597
1550	1501
1459	1433
1437	1464
1511	1563
1611	1642
1667	1690
1719	1746
1768	1782
1798	1820
1847	1874
1896	1909
1914	1916
1917	1917
1917	1917
1917	1917
1917	1917
1917	1917
1917	1916
1914	1911
1903	1891
1880	1873
1869	1869
1869	1870
1870	1870
1870	1870
1870	1870
1870	1872
1877	1887
1900	1910
1915	1917
1917	1917
1917	1917
1917	1917
1917	1917
1917	1922
1936	1967
2004	2031
2044	2051
2063	2091
2130	2175
2226	2293
2369	2446
2511	2554
2570	2551
2520	2506
2530	2569
2605	2631
2657	2708
2807	2973
3214	3515
3845	4072
4407	3042
186	186
186	186
186	186
186	186
186	186
186	186
186	186
185	181
178	175
175	174
174	174
175	175
176	176
177	176
174	162
142	118
120	181
317	504
715	918
1089	1203
1255	1233
1151	1032
900	776
689	671
730	854
1016	1184
1326	1421
1458	1444
1398	1349
1329	1356
1433	1541
1663	1790
1924	2052
2106	2028
1864	1721
1611	1450
1244	1135
1268	1630
1999	2096
1969	1952
2271	2926
3950	5394
7066	8505
9260	9159
8443	7674
7337	7638
8454	9491
10505	11380
12041	12460
12720	13011
13482	14173
15022	15893
16636	17116
17240	16990
16437	15727
15049	14557
14330	14308
14297	14061
13530	12826
12116	11510
10990	10506
10154	10186
10792	11961
13374	14612
15534	16303
17029	17618
17890	17719
17099	16155
15057	13973
13001	12184
11523	10995
10565	10294
10516	11586
13382	15286
16783	17701
18099	18143
18056	18013
17992	17725
16833	15080
12651	10131
8116	6920
6452	6401
6680	7468
8840	10637
12574	14340
15644	16217
15828	14381
12043	9228
6432	4106
2577	1946
1962	2169
2216	2043
1828	1797
1966	2160
2244	2240
2241	2299
2377	2372
2268	2168
2158	2271
2468	2669
2813	2880
2888	2894
2934	3028
3143	3210
3182	3061
2886	2727
2650	2711
2911	3192
3473	3656
3664	3454
3063	2595
2190	1994
2140	2754
3998	5864
7848	9104
9103	7945
6246	4773
3912	3580
3521	3520
3481	3387
3254	3094
2951	2874
2907	3052
3259	3451
3547	3538
3442	3315
3205	3148
3167	3318
3648	4162
4706	5057
5163	5114
4948	4663
4511	4998
6480	8708
10544	10660
8968	6667
4869	3925
3626	3601
3554	3401
3170	2949
2817	2823
2968	3224
3516	3779
4002	4251
4611	5115
5664	6053
6077	5644
4827	3839
2915	2222
1815	1634
1577	1573
1605	1690
1809	1896
1911	1873
1803	1730
1666	1613
1559	1510
1467	1444
1443	1470
1515	1566
1610	1641
1667	1695
1726	1754
1771	1782
1797	1824
1855	1881
1898	1907
1910	1912
1912	1912
1912	1912
1912	1912
1912	1912
1912	1912
1912	1912
1912	1910
1907	1902
1897	1896
1897	1900
1902	1903
1904	1905
1905	1904
1903	1902
1901	1901
1900	1905
1910	1914
1915	1917
1917	1917
1917	1917
1917	1918
1920	1923
1925	1933
1951	1986
2027	2053
2057	2055
2063	2079
2113	2150
2201	2271
2356	2440
2512	2565
2585	2568
2531	2516
2540	2585
2630	2663
2695	2752
2855	3024
3267	3569
3901	4130
4473	3088
189	189
189	189
189	189
189	189
189	189
189	189
189	187
183	173
161	150
146	144
144	146
149	151
152	155
159	161
163	156
144	131
144	215
361	550
755	943
1092	1183
1206	1158
1056	923
784	662
586	593
686	837
1012	1184
1329	1428
1470	1460
1415	1368
1344	1365
1430	1519
1616	1714
1820	1921
1971	1903
1752	1619
1510	1353
1148	1021
1087	1338
1586	1608
1456	1437
1736	2365
3360	4770
6388	7751
8416	8246
7554	6945
6858	7381
8348	9483
10565	11461
12097	12459
12675	12966
13480	14221
15097	15950
16639	17072
17171	16929
16397	15715
15064	14626
14450	14435
14360	14033
13421	12665
11946	11355
10865	10409
10080	10125
10751	11946
13401	14680
15632	16396
17079	17602
17799	17551
16877	15919
14843	13780
12787	11890
11118	10517
10107	9960
10345	11539
13386	15304
16802	17703
18066	18071
17946	17867
17824	17554
16642	14752
12023	9074
6650	5258
4870	5121
5786	6904
8479	10342
12255	13978
15248	15783
15343	13846
11483	8710
6036	3891
2535	1993
2005	2151
2141	1943
1731	1713
1899	2118
2238	2256
2226	2199
2176	2141
2112	2135
2246	2434
2638	2791
2856	2834
2774	2743
2787	2916
3074	3185
3177	3033
2801	2579
2465	2527
2759	3082
3399	3599
3621	3434
3092	2671
2277	1999
1951	2294
3232	4802
6583	7811
7966	7084
5686	4456
3750	3509
3499	3516
3474	3370
3232	3088
2965	2898
2920	3032
3199	3358
3452	3460
3404	3320
3243	3187
3177	3255
3491	3904
4351	4622
4700	4744
4782	4724
4652	4957
6107	8153
10158	10711
9442	7244
5243	4056
3651	3589
3519	3340
3109	2905
2795	2815
2967	3219
3497	3710
3867	4059
4392	4890
5467	5933
6092	5835
5200	4346
3468	2726
2201	1879
1704	1617
1604	1669
1777	1861
1880	1847
1789	1727
1673	1625
1582	1539
1503	1483
1489	1515
1552	1593
1628	1654
1676	1703
1735	1759
1776	1786
1805	1832
1863	1890
1906	1914
1920	1924
1925	1925
1925	1926
1926	1926
1926	1926
1926	1926
1926	1926
1925	1925
1922	1917
1910	1910
1912	1919
1927	1935
1939	1942
1942	1939
1935	1927
1920	1916
1915	1916
1920	1921
1920	1917
1917	1917
1917	1917
1919	1925
1933	1942
1952	1965
1989	2029
2072	2092
2087	2076
2074	2086
2106	2139
2187	2257
2342	2424
2498	2553
2581	2569
2541	2531
2560	2607
2657	2691
2727	2782
2886	3055
3292	3586
3910	4135
4476	3096
204	204
204	204
204	204
204	204
204	204
204	204
204	200
187	163
132	107
96	93
93	96
101	105
110	118
127	139
146	148
148	156
192	292
455	661
873	1049
1166	1214
1187	1098
967	823
692	590
545	586
705	861
1025	1177
1306	1397
1444	1443
1416	1382
1361	1367
1404	1462
1541	1637
1744	1834
1857	1778
1634	1493
1371	1222
1051	937
960	1113
1265	1259
1125	1075
1298	1888
2907	4347
5928	7153
7619	7285
6602	6252
6563	7386
8469	9632
10729	11611
12170	12419
12546	12830
13422	14274
15210	16029
16617	16949
17024	16833
16392	15780
15184	14790
14632	14550
14337	13870
13182	12425
11757	11225
10775	10348
10037	10094
10719	11901
13355	14674
15683	16472
17127	17589
17709	17368
16619	15642
14606	13576
12543	11503
10550	9848
9499	9563
10195	11547
13427	15341
16841	17748
18100	18089
17935	17810
17740	17499
16594	14551
11484	8137
5416	3917
3653	4199
5211	6574
8230	10052
11896	13589
14867	15385
14875	13269
10830	8074
5549	3658
2557	2127
2094	2129
2048	1852
1684	1696
1884	2097
2223	2248
2199	2111
2028	1988
2031	2165
2380	2623
2827	2929
2907	2794
2660	2593
2638	2787
2980	3113
3121	2984
2754	2531
2416	2471
2698	3021
3340	3550
3586	3440
3151	2781
2390	2038
1831	1949
2590	3815
5282	6384
6670	6113
5092	4153
3609	3442
3464	3498
3450	3319
3163	3034
2963	2944
2969	3039
3146	3254
3336	3382
3390	3366
3316	3250
3191	3189
3322	3620
3965	4177
4277	4429
4630	4726
4719	4934
5869	7703
9702	10575
9741	7729
5600	4230
3740	3624
3484	3285
3112	2995
2931	2924
3010	3215
3466	3637
3735	3895
4217	4689
5220	5690
5962	5925
5546	4892
4082	3259
2553	2042
1735	1596
1580	1640
1729	1794
1813	1790
1751	1707
1673	1645
1622	1598
1581	1575
1581	1598
1621	1643
1660	1678
1699	1722
1746	1766
1781	1798
1820	1849
1877	1900
1917	1930
1944	1954
1959	1959
1959	1960
1961	1961
1961	1961
1961	1961
1961	1961
1960	1958
1952	1940
1926	1920
1924	1938
1957	1973
1984	1990
1990	1984
1973	1957
1940	1928
1923	1925
1928	1929
1926	1922
1920	1920
1920	1922
1928	1941
1963	1986
2011	2034
2060	2098
2136	2147
2135	2116
2111	2112
2123	2147
2187	2248
2323	2401
2472	2531
2565	2568
2557	2560
2595	2645
2694	2730
2762	2809
2900	3050
3269	3548
3858	4066
4398	2971
