32767	32767
32767	32767
32767	32767
32767	32767
32767	32767
32767	32767
32767	32767
32767	32767
32767	32767
32767	32767
32767	32767
32767	32767
32767	32767
32767	32767
32767	32767
32767	32767
32767	32767
32767	32767
32767	32735
32671	32639
32639	32607
32543	32503
32489	32481
32481	32473
32457	32353
32160	32003
31881	31756
31628	31464
31263	31027
30754	30449
30111	29816
29564	29184
28675	28212
27793	27321
26795	26301
25836	25432
25087	24686
24229	23690
23072	22530
22066	21471
20747	20160
19712	19213
18665	18168
17721	17352
17058	16695
16261	15763
15201	14699
14257	14003
13937	13772
13507	13221
12916	12637
12384	12198
12081	11927
11738	11526
11290	11067
10857	10700
10594	10498
10411	10342
10293	10228
10148	10083
10033	10008
10008	9993
9963	9951
9959	9949
9923	9904
9892	9886
9886	9886
9886	9886
9887	9887
9887	9887
9887	9887
9887	9886
9884	9883
9883	9891
9907	9939
9987	10002
9983	9982
9998	10030
10078	10122
10162	10050
9785	9930
10484	11035
11584	12391
13456	14621
15886	16455
16328	16003
15482	15328
15541	15415
14951	15221
16224	17151
18002	18497
18635	18752
18849	19138
19617	20119
20644	21037
21298	21565
21839	22000
22050	22138
22264	22386
22503	22666
22876	23037
23149	23196
23178	23113
23000	22962
22997	22924
22741	22686
22760	22955
23272	23539
23756	23767
23572	23427
23333	23346
23467	23340
22962	23039
23568	23981
24277	24392
24327	24390
24579	24860
25233	25396
25348	25073
24570	24345
24398	24346
24188	23963
23670	23329
22940	23468
24912	25622
25596	25628
25718	25810
25902	26300
27004	27241
27011	27255
27972	28134
27742	27508
27434	27613
28047	28030
27562	27583
28094	28118
27656	27374
27273	27168
27060	27048
27134	27294
27530	27854
28265	28545
28693	28784
28817	28783
28684	28615
28577	28579
28623	28717
28863	29024
29201	29316
29371	29355
29267	29165
29051	29043
29142	29690
30689	30599
29420	27471
24754	23187
22771	24897
29563	32057
32379	32509
32448	32488
32629	32717
32751	32767
32767	32767
32767	32767
32767	32767
32767	32767
32767	32767
32767	32767
32767	32767
32767	32767
32767	32767
32767	32767
32767	32767
32767	32767
32767	32767
32767	32767
32767	32767
32767	32767
32767	32767
32767	32767
32767	32767
32767	32767
32767	32767
32767	32767
32767	32767
32767	32767
32767	32767
32767	32767
32767	32767
32767	32767
32767	32767
32767	32767
32767	32767
32767	32767
32767	32767
32767	32767
32767	32767
32767	32767
32767	32767
32767	32767
32767	32767
32767	32767
32767	32767
32767	32767
32767	32767
32767	32767
32767	32767
32767	32767
32767	32767
32767	32767
32767	32767
32767	32767
32767	32767
32767	32767
32767	32767
32767	32767
32767	32767
32767	32767
32767	32767
32767	32767
32767	32767
32767	32767
32767	32767
32767	32767
32767	32767
32767	32767
32767	32735
32671	32639
32639	32607
32543	32503
32489	32481
32481	32481
32481	32393
32216	32075
31970	31853
31724	31568
31384	31171
30930	30649
30328	30041
29789	29441
28996	28563
28140	27675
27171	26694
26246	25857
25529	25152
24726	24204
23586	23044
22580	21983
21254	20657
20193	19696
19169	18680
18230	17842
17517	17121
16655	16135
15560	15040
14573	14285
14176	13994
13738	13447
13120	12828
12571	12377
12247	12086
11893	11676
11433	11204
10989	10796
10627	10498
10411	10342
10293	10236
10172	10115
10065	10040
10040	10025
9995	9980
9980	9988
10005	10005
9990	9982
9982	9982
9982	9983
9983	9984
9984	9984
9984	9984
9984	9959
9908	9883
9883	9883
9883	9907
9955	9978
9975	9974
9974	10006
10070	10122
10162	10033
9735	9790
10197	10612
11035	11834
13009	14359
15884	16679
16745	16524
16015	15836
15988	15686
14928	15063
16092	17054
17948	18470
18618	18695
18700	18903
19303	19790
20363	20836
21210	21541
21831	21946
21888	21874
21904	21991
22135	22345
22619	22846
23028	23155
23230	23259
23243	23174
23053	22878
22648	22553
22593	22773
23091	23398
23694	23776
23645	23545
23477	23507
23636	23493
23078	23145
23695	24108
24384	24457
24327	24350
24523	24842
25306	25549
25571	25338
24851	24532
24379	24212
24029	23866
23723	23393
22876	23428
25049	25812
25717	25840
26179	26415
26546	26884
27431	27605
27408	27696
28469	28639
28206	27896
27707	27791
28148	28077
27577	27585
28100	28101
27587	27289
27208	27149
27115	27193
27385	27594
27823	28094
28409	28597
28656	28707
28748	28770
28774	28748
28691	28665
28670	28745
28892	29070
29280	29434
29534	29566
29532	29473
29389	29446
29645	30129
30900	30574
29153	27137
24527	23122
22923	25091
29627	32033
32310	32435
32408	32471
32624	32717
32751	32767
32767	32767
32767	32767
32767	32767
32767	32767
32767	32767
32767	32767
32767	32767
32767	32767
32767	32767
32767	32767
32767	32767
32767	32767
32767	32767
32767	32767
32767	32767
32767	32767
32767	32767
32767	32767
32767	32767
32767	32767
32767	32767
32767	32767
32767	32767
32767	32767
32767	32767
32767	32767
32767	32767
32767	32767
32767	32767
32767	32767
32767	32767
32767	32767
32767	32767
32767	32767
32767	32767
32767	32767
32767	32767
32767	32767
32767	32767
32767	32767
32767	32767
32767	32767
32767	32767
32767	32767
32767	32767
32767	32767
32767	32767
32767	32767
32767	32767
32767	32767
32767	32767
32767	32767
32767	32767
32767	32767
32767	32767
32767	32767
32767	32767
32767	32767
32767	32767
32767	32767
32767	32767
32767	32767
32767	32767
32767	32767
32767	32735
32671	32639
32639	32607
32543	32503
32489	32481
32481	32481
32481	32409
32264	32139
32034	31917
31788	31648
31496	31316
31107	30842
30521	30234
29982	29682
29334	28944
28511	28047
27552	27096
26679	26307
25978	25618
25224	24718
24100	23558
23094	22508
21802	21217
20752	20261
19742	19258
18808	18401
18036	17604
17106	16574
16006	15473
14975	14639
14466	14257
14013	13721
13383	13085
12828	12618
12456	12279
12086	11869
11626	11397
11181	10941
10675	10498
10411	10342
10293	10236
10172	10115
10065	10040
10040	10025
9995	9980
9980	10020
10101	10134
10119	10111
10111	10111
10111	10111
10112	10112
10112	10112
10112	10112
10112	10055
9940	9883
9883	9883
9883	9891
9907	9930
9959	9974
9974	10006
10070	10122
10162	10065
9832	9824
10042	10242
10425	11139
12384	13885
15640	16647
16906	16809
16357	16179
16274	15826
14834	14878
15957	16988
17969	18550
18730	18780
18698	18804
19099	19581
20251	20820
21290	21637
21863	21903
21757	21647
21571	21621
21798	22055
22393	22706
22993	23230
23416	23550
23630	23521
23224	22924
22621	22441
22384	22532
22883	23206
23501	23599
23501	23431
23391	23443
23587	23478
23116	23242
23856	24301
24576	24585
24327	24221
24266	24580
25163	25551
25743	25659
25301	25001
24760	24538
24336	24218
24183	23795
23053	23508
25161	25892
25701	25924
26560	27020
27304	27557
27781	27793
27595	27931
28801	29052
28683	28404
28215	28272
28575	28408
27770	27665
28093	28051
27537	27271
27254	27277
27338	27513
27801	28057
28282	28473
28631	28671
28593	28545
28528	28607
28782	28838
28775	28738
28726	28794
28940	29140
29394	29572
29675	29709
29675	29616
29532	29672
30034	30445
30905	30427
29012	27273
25209	24196
24233	26262
30284	32297
32302	32345
32426	32525
32641	32717
32751	32767
32767	32767
32767	32767
32767	32767
32767	32767
32767	32767
32767	32767
32767	32767
32767	32767
32767	32767
32767	32767
32767	32767
32767	32767
32767	32767
32767	32767
32767	32767
32767	32767
32767	32767
32767	32767
32767	32767
32767	32767
32767	32767
32767	32767
32767	32767
32767	32767
32767	32767
32767	32767
32767	32767
32767	32767
32767	32767
32767	32767
32767	32767
32767	32767
32767	32767
32767	32767
32767	32767
32767	32767
32767	32767
32767	32767
32767	32767
32767	32767
32767	32767
32767	32767
32767	32767
32767	32767
32767	32767
32767	32767
32767	32767
32767	32767
32767	32767
32767	32767
32767	32767
32767	32767
32767	32767
32767	32767
32767	32767
32767	32767
32767	32767
32767	32767
32767	32767
32767	32767
32767	32767
32767	32767
32767	32767
32767	32767
32767	32735
32671	32639
32639	32607
32543	32503
32489	32481
32481	32481
32481	32425
32313	32193
32065	31948
31842	31729
31612	31448
31239	30974
30653	30370
30126	29878
29624	29288
28868	28407
27907	27461
27071	26717
26400	26046
25657	25154
24537	23999
23540	22966
22276	21707
21258	20767
20232	19740
19290	18876
18497	18050
17536	16985
16395	15852
15353	14983
14740	14494
14243	13948
13610	13306
13036	12811
12629	12439
12240	12020
11778	11551
11340	11061
10715	10506
10435	10367
10301	10238
10177	10120
10067	10037
10029	10016
9996	9985
9981	10044
10173	10230
10215	10208
10208	10208
10208	10208
10208	10206
10202	10199
10199	10199
10199	10112
9938	9858
9875	9883
9883	9883
9883	9905
9951	9974
9974	9998
10046	10094
10142	10100
9966	9916
9950	9954
9930	10543
11793	13372
15280	16446
16869	16867
16439	16256
16320	15807
14720	14735
15850	16945
18019	18665
18884	18909
18742	18773
19000	19482
20219	20863
21413	21800
22024	22026
21804	21622
21477	21507
21712	22018
22425	22815
23187	23518
23809	24036
24200	24009
23463	23004
22632	22373
22225	22316
22646	22943
23208	23305
23235	23183
23148	23202
23344	23348
23213	23499
24205	24693
24964	24896
24489	24246
24167	24457
25116	25640
26029	26135
25958	25698
25354	25087
24897	24809
24823	24341
23363	23673
25271	25916
25606	25906
26815	27489
27927	28083
27957	27802
27617	27998
28943	29287
29029	28844
28732	28809
29076	28823
28052	27835
28172	28059
27497	27238
27284	27394
27568	27839
28208	28504
28730	28843
28842	28739
28534	28381
28280	28392
28719	28858
28809	28786
28790	28870
29026	29233
29488	29665
29763	29782
29723	29641
29537	29724
30202	30564
30809	30300
29036	27700
26291	25718
25980	27713
30917	32451
32315	32319
32461	32576
32663	32722
32752	32767
32767	32767
32767	32767
32767	32767
32767	32767
32767	32767
32767	32767
32767	32767
32767	32767
32767	32767
32767	32767
32767	32767
32767	32767
32767	32767
32767	32767
32767	32767
32767	32767
32767	32767
32767	32767
32767	32767
32767	32767
32767	32767
32767	32767
32767	32767
32767	32767
32767	32767
32767	32767
32767	32767
32767	32767
32767	32767
32767	32767
32767	32767
32767	32767
32767	32767
32767	32767
32767	32767
32767	32767
32767	32767
32767	32767
32767	32767
32767	32767
32767	32767
32767	32767
32767	32767
32767	32767
32767	32767
32767	32767
32767	32767
32767	32767
32767	32767
32767	32767
32767	32767
32767	32767
32767	32767
32767	32767
32767	32767
32767	32767
32767	32767
32767	32767
32767	32767
32767	32767
32767	32767
32767	32767
32767	32767
32767	32767
32767	32735
32671	32639
32639	32607
32543	32503
32489	32481
32481	32481
32481	32441
32361	32235
32064	31947
31884	31812
31729	31568
31327	31046
30725	30450
30223	30029
29868	29595
29209	28756
28237	27791
27419	27086
26792	26438
26024	25510
24897	24366
23919	23356
22675	22127
21710	21214
20638	20125
19676	19267
18899	18459
17945	17368
16728	16174
15708	15317
15001	14705
14430	14128
13801	13491
13197	12955
12766	12566
12356	12130
11888	11665
11464	11157
10747	10522
10483	10415
10317	10241
10188	10131
10071	10029
10006	9996
10000	9996
9985	10060
10222	10295
10280	10273
10273	10273
10273	10273
10273	10266
10252	10245
10245	10245
10245	10130
9901	9810
9858	9883
9883	9883
9883	9905
9951	9974
9974	9982
9998	10039
10104	10137
10139	10067
9921	9749
9551	10047
11236	12821
14803	16074
16636	16698
16260	16069
16125	15631
14588	14634
15771	16926
18098	18816
19078	19084
18834	18808
19007	19494
20269	20964
21578	22028
22314	22315
22029	21798
21622	21648
21877	22232
22714	23172
23608	24020
24407	24718
24954	24638
23771	23119
22683	22348
22116	22126
22380	22610
22814	22894
22848	22800
22749	22785
22908	23103
23370	23917
24742	25285
25546	25388
24812	24424
24226	24473
25164	25816
26430	26766
26823	26622
26162	25858
25710	25638
25642	25032
23806	23921
25378	25882
25433	25787
26946	27822
28415	28461
27961	27632
27473	27894
28895	29344
29243	29214
29257	29402
29650	29323
28424	28094
28335	28125
27467	27191
27297	27501
27804	28172
28605	28937
29169	29204
29042	28802
28481	28216
28005	28128
28585	28806
28791	28809
28859	28973
29151	29347
29563	29713
29799	29786
29674	29547
29404	29605
30149	30485
30614	30194
29225	28418
27773	27688
28163	29442
31526	32495
32350	32356
32514	32625
32690	32733
32756	32767
32767	32767
32767	32767
32767	32767
32767	32767
32767	32767
32767	32767
32767	32767
32767	32767
32767	32767
32767	32767
32767	32767
32767	32767
32767	32767
32767	32767
32767	32767
32767	32767
32767	32767
32767	32767
32767	32767
32767	32767
32767	32767
32767	32767
32767	32767
32767	32767
32767	32767
32767	32767
32767	32767
32767	32767
32767	32767
32767	32767
32767	32767
32767	32767
32767	32767
32767	32767
32767	32767
32767	32767
32767	32767
32767	32767
32767	32767
32767	32767
32767	32767
32767	32767
32767	32767
32767	32767
32767	32767
32767	32767
32767	32767
32767	32767
32767	32767
32767	32767
32767	32767
32767	32767
32767	32767
32767	32767
32767	32767
32767	32767
32767	32767
32767	32767
32767	32767
32767	32767
32767	32767
32767	32767
32767	32767
32767	32767
32767	32743
32695	32671
32671	32647
32599	32569
32558	32553
32553	32545
32529	32489
32424	32312
32151	32046
31995	31921
31825	31664
31440	31183
30893	30662
30488	30282
30046	29767
29444	29045
28572	28157
27801	27472
27169	26806
26381	25877
25294	24800
24394	23873
23235	22707
22288	21793
21223	20709
20251	19841
19479	19041
18527	17942
17285	16730
16277	15844
15433	15089
14813	14498
14144	13801
13467	13192
12975	12743
12495	12242
11983	11745
11527	11246
10904	10689
10602	10495
10370	10269
10192	10139
10111	10087
10068	10058
10058	10040
10005	10039
10144	10189
10175	10175
10191	10199
10199	10191
10175	10150
10115	10090
10074	10058
10042	9954
9793	9737
9785	9809
9809	9809
9809	9826
9861	9886
9902	9910
9910	9940
10001	10042
10063	9975
9780	9593
9416	9836
10853	12222
13941	15154
15861	16121
15935	15904
16026	15566
14523	14580
15734	16875
18002	18719
19026	19076
18868	18778
18806	19190
19928	20743
21634	22204
22452	22500
22347	22189
22025	22003
22122	22425
22913	23445
24022	24503
24888	25143
25268	24818
23794	23111
22770	22521
22363	22389
22601	22788
22950	23026
23014	22991
22957	22969
23029	23210
23514	24133
25069	25617
25777	25536
24896	24567
24550	24890
25586	26180
26673	26953
27020	26923
26664	26405
26149	25998
25954	25455
24502	24622
25814	26012
25216	25524
26935	27983
28666	28695
28068	27761
27775	28208
29061	29454
29389	29356
29355	29428
29574	29289
28573	28303
28479	28270
27676	27480
27682	27892
28107	28349
28617	28863
29086	29089
28871	28615
28322	28146
28085	28150
28341	28530
28717	28905
29092	29190
29201	29329
29575	29790
29974	29949
29716	29611
29633	29741
29935	30117
30285	29938
29074	28777
29049	29436
29940	30790
31986	32531
32426	32436
32559	32651
32709	32746
32760	32767
32767	32767
32767	32767
32767	32767
32767	32767
32767	32767
32767	32767
32767	32767
32767	32767
32767	32767
32767	32767
32767	32767
32767	32767
32767	32767
32767	32767
32767	32767
32767	32767
32767	32767
32767	32767
32767	32767
32767	32767
32767	32767
32767	32767
32767	32767
32767	32767
32767	32767
32767	32767
32767	32767
32767	32767
32767	32767
32767	32767
32767	32767
32767	32767
32767	32767
32767	32767
32767	32767
32767	32767
32767	32767
32767	32767
32767	32767
32767	32767
32767	32767
32767	32767
32767	32767
32767	32767
32767	32767
32767	32767
32767	32767
32767	32767
32767	32767
32767	32767
32767	32767
32767	32767
32767	32767
32767	32767
32767	32767
32767	32767
32767	32767
32767	32767
32767	32767
32767	32767
32767	32767
32767	32767
32767	32767
32767	32767
32767	32759
32743	32735
32735	32727
32711	32701
32698	32696
32696	32672
32624	32567
32503	32423
32326	32244
32174	32059
31898	31738
31577	31384
31160	31004
30919	30637
30158	29803
29572	29275
28911	28558
28215	27873
27531	27149
26729	26255
25729	25299
24965	24517
23955	23446
22989	22503
21986	21490
21015	20597
20235	19798
19284	18707
18067	17518
17060	16566
16037	15646
15392	15056
14639	14236
13847	13521
13256	12968
12656	12355
12064	11789
11529	11328
11186	11006
10791	10609
10461	10321
10189	10145
10188	10211
10215	10201
10170	10117
10040	9981
9941	9914
9899	9916
9964	9988
9988	9964
9916	9858
9792	9734
9686	9638
9590	9582
9614	9638
9654	9662
9662	9662
9662	9668
9679	9709
9757	9781
9781	9799
9835	9814
9736	9640
9526	9488
9525	9911
10645	11573
12695	13685
14543	15136
15464	15759
16021	15611
14527	14570
15740	16793
17729	18375
18730	18887
18846	18683
18398	18569
19196	20200
21580	22326
22439	22582
22757	22792
22688	22572
22446	22596
23023	23634
24428	24968
25251	25309
25142	24550
23533	22981
22895	22890
22966	23105
23307	23478
23616	23701
23734	23757
23772	23755
23706	23669
23643	24149
25186	25688
25656	25340
24741	24674
25140	25709
26382	26732
26758	26696
26547	26601
26858	26729
26214	25890
25757	25611
25451	25774
26579	26306
24957	25115
26782	27971
28681	28783
28276	28190
28523	28940
29441	29616
29465	29269
29027	28887
28850	28721
28499	28461
28605	28493
28123	28106
28441	28565
28478	28371
28244	28281
28482	28497
28327	28180
28058	28171
28521	28460
27988	28030
28588	29074
29488	29522
29176	29178
29526	29897
30290	30274
29848	29831
30224	30134
29561	29458
29823	29532
28582	28778
30119	30963
31310	31754
32297	32560
32544	32556
32598	32653
32723	32760
32765	32767
32767	32767
32767	32767
32767	32767
32767	32767
32767	32767
32767	32767
32767	32767
32767	32767
32767	32767
32767	32767
32767	32767
32767	32767
32767	32767
32767	32767
32767	32767
32767	32767
32767	32767
32767	32767
32767	32767
32767	32767
32767	32767
32767	32767
32767	32767
32767	32767
32767	32767
32767	32767
32767	32767
32767	32767
32767	32767
32767	32767
32767	32767
32767	32767
32767	32767
32767	32767
32767	32767
32767	32767
32767	32767
32767	32767
32767	32767
32767	32767
32767	32767
32767	32767
32767	32767
32767	32767
32767	32767
32767	32767
32767	32767
32767	32767
32767	32767
32767	32767
32767	32767
32767	32767
32767	32767
32767	32767
32767	32767
32767	32767
32767	32767
32767	32767
32767	32767
32767	32767
32767	32767
32767	32767
32767	32767
32767	32767
32767	32767
32767	32767
32767	32767
32767	32767
32767	32767
32767	32735
32671	32607
32543	32486
32438	32368
32277	32143
31966	31806
31661	31501
31324	31210
31160	30856
30298	29924
29734	29485
29179	28867
28549	28214
27864	27471
27037	26578
26097	25697
25378	24973
24481	24001
23533	23053
22561	22073
21590	21176
20830	20400
19884	19312
18683	18139
17680	17151
16550	16116
15848	15491
15045	14618
14210	13853
13549	13224
12876	12547
12236	11944
11673	11495
11411	11237
10973	10754
10578	10411
10252	10204
10267	10305
10320	10304
10259	10189
10097	10008
9922	9870
9851	9865
9913	9938
9938	9905
9841	9770
9692	9621
9556	9492
9428	9444
9540	9589
9589	9597
9613	9621
9621	9621
9621	9645
9693	9717
9717	9729
9752	9721
9637	9562
9496	9525
9647	9987
10545	11235
12058	12932
13855	14619
15223	15689
16015	15685
14699	14769
15894	16845
17620	18204
18596	18833
18913	18732
18291	18320
18821	19822
21326	22180
22384	22631
22922	23031
22957	22834
22662	22766
23144	23745
24568	25101
25344	25336
25079	24396
23289	22795
22917	23106
23364	23584
23765	23889
23957	24019
24073	24139
24217	24258
24261	24191
24047	24455
25414	25797
25604	25243
24713	24815
25549	26237
26878	27099
26901	26690
26465	26503
26804	26763
26381	26101
25924	25817
25780	26106
26793	26511
25258	25531
27330	28458
28915	28888
28376	28359
28838	29239
29563	29647
29490	29270
28987	28800
28710	28677
28702	28747
28811	28664
28305	28345
28783	28944
28827	28629
28349	28304
28494	28552
28478	28291
27989	27835
27828	27512
26887	27162
28338	29229
29834	29909
29453	29420
29808	30204
30608	30569
30087	29967
30208	29681
28387	28226
29200	29056
27796	28066
29867	31103
31774	32221
32445	32552
32545	32546
32555	32607
32702	32753
32763	32767
32767	32767
32767	32767
32767	32767
32767	32767
32767	32767
32767	32767
32767	32767
32767	32767
32767	32767
32767	32767
32767	32767
32767	32767
32767	32767
32767	32767
32767	32767
32767	32767
32767	32767
32767	32767
32767	32767
32767	32767
32767	32767
32767	32767
32767	32767
32767	32767
32767	32767
32767	32767
32767	32767
32767	32767
32767	32767
32767	32767
32767	32767
32767	32767
32767	32767
32767	32767
32767	32767
32767	32767
32767	32767
32767	32767
32767	32767
32767	32767
32767	32767
32767	32767
32767	32767
32767	32767
32767	32767
32767	32767
32767	32767
32767	32767
32767	32767
32767	32767
32767	32767
32767	32767
32767	32767
32767	32767
32767	32767
32767	32767
32767	32767
32767	32767
32767	32767
32767	32767
32767	32767
32767	32767
32767	32767
32767	32767
32767	32767
32767	32767
32767	32767
32767	32767
32767	32767
32767	32735
32671	32607
32543	32502
32486	32420
32304	32174
32029	31869
31692	31531
31387	31280
31210	30939
30467	30129
29927	29676
29375	29084
28802	28497
28169	27771
27304	26846
26397	25992
25633	25239
24811	24371
23918	23444
22948	22459
21976	21578
21264	20848
20328	19756
19131	18592
18139	17599
16973	16500
16181	15802
15364	14948
14554	14190
13853	13509
13155	12818
12497	12211
11959	11749
11582	11382
11150	10930
10723	10539
10380	10316
10347	10370
10384	10369
10323	10258
10175	10118
10088	10058
10030	10023
10040	10048
10048	10015
9951	9885
9816	9749
9685	9621
9556	9540
9573	9589
9589	9613
9661	9685
9685	9685
9685	9693
9709	9717
9717	9729
9752	9763
9763	9739
9690	9704
9782	10064
10552	11207
12030	12894
13798	14571
15214	15692
16007	15790
15040	15176
16198	17031
17674	18205
18624	18912
19068	18925
18484	18443
18801	19611
20874	21766
22289	22648
22843	22904
22832	22788
22771	22934
23276	23779
24441	24903
25165	25223
25079	24359
23062	22554
22837	23171
23557	23825
23974	24024
23975	23977
24031	24136
24292	24478
24692	24775
24725	25051
25753	25944
25623	25246
24812	24990
25779	26473
27072	27282
27103	26933
26773	26629
26502	26508
26647	26629
26454	26074
25489	25617
26458	26626
26119	26770
28577	29443
29369	29009
28365	28268
28718	29104
29427	29546
29464	29360
29235	29166
29153	29158
29182	29162
29098	28784
28220	28196
28711	29030
29155	29122
28931	28931
29120	29252
29326	28948
28116	27136
26008	25308
25038	25925
27969	29371
30131	30351
30031	30055
30422	30713
30927	30835
30435	30019
29585	28383
26412	26422
28414	28512
26715	26641
28290	29854
31333	32191
32429	32508
32430	32404
32433	32513
32645	32725
32753	32767
32767	32767
32767	32767
32767	32767
32767	32767
32767	32767
32767	32767
32767	32767
32767	32767
32767	32767
32767	32767
32767	32767
32767	32767
32767	32767
32767	32767
32767	32767
32767	32767
32767	32767
32767	32767
32767	32767
32767	32767
32767	32767
32767	32767
32767	32767
32767	32767
32767	32767
32767	32767
32767	32767
32767	32767
32767	32767
32767	32767
32767	32767
32767	32767
32767	32767
32767	32767
32767	32767
32767	32767
32767	32767
32767	32767
32767	32767
32767	32767
32767	32767
32767	32767
32767	32767
32767	32767
32767	32767
32767	32767
32767	32767
32767	32767
32767	32767
32767	32767
32767	32767
32767	32767
32767	32767
32767	32767
32767	32767
32767	32767
32767	32767
32767	32767
32767	32767
32767	32767
32767	32767
32767	32767
32767	32767
32767	32767
32767	32767
32767	32767
32767	32767
32767	32767
32767	32767
32767	32735
32671	32615
32567	32535
32519	32454
32342	32221
32093	31940
31764	31611
31482	31371
31276	31045
30679	30392
30184	29932
29634	29353
29089	28806
28506	28114
27631	27174
26742	26344
25978	25607
25231	24818
24370	23898
23404	22922
22452	22060
21746	21338
20834	20275
19662	19123
18659	18108
17471	16981
16637	16239
15788	15361
14960	14575
14206	13842
13482	13133
12795	12505
12262	12035
11822	11604
11382	11154
10921	10722
10559	10478
10482	10483
10481	10458
10412	10343
10252	10221
10251	10251
10222	10200
10184	10168
10152	10120
10072	10015
9951	9887
9823	9758
9694	9654
9638	9630
9630	9654
9702	9726
9726	9726
9726	9726
9726	9726
9726	9733
9747	9780
9834	9826
9757	9747
9795	10027
10442	11051
11854	12693
13570	14343
15013	15513
15844	15787
15343	15566
16456	17166
17697	18178
18611	18971
19260	19206
18811	18690
18843	19421
20425	21356
22217	22683
22755	22761
22700	22748
22905	23155
23496	23901
24370	24722
24957	25076
25079	24387
23002	22520
22940	23380
23841	24119
24216	24177
24005	23924
23936	24065
24311	24606
24949	25171
25270	25541
25982	25986
25552	25191
24902	25176
26014	26681
27179	27334
27147	27037
27004	26829
26509	26549
26948	27040
26824	26300
25466	25496
26388	26748
26574	27360
29106	29760
29323	28877
28424	28410
28836	29185
29458	29569
29519	29482
29459	29490
29573	29616
29617	29540
29384	29077
28621	28564
28908	29169
29349	29337
29133	29076
29165	29375
29704	29340
28282	26736
24701	23542
23258	24551
27422	29231
29979	30223
29964	29970
30240	30428
30531	30547
30475	29972
29041	27035
23954	24010
27202	27799
25800	25624
27272	29102
31115	32227
32438	32470
32322	32294
32383	32494
32626	32711
32749	32767
32767	32767
32767	32767
32767	32767
32767	32767
32767	32767
32767	32767
32767	32767
32767	32767
32767	32767
32767	32767
32767	32767
32767	32767
32767	32767
32767	32767
32767	32767
32767	32767
32767	32767
32767	32767
32767	32767
32767	32767
32767	32767
32767	32767
32767	32767
32767	32767
32767	32767
32767	32767
32767	32767
32767	32767
32767	32767
32767	32767
32767	32767
32767	32767
32767	32767
32767	32767
32767	32767
32767	32767
32767	32767
32767	32767
32767	32767
32767	32767
32767	32767
32767	32767
32767	32767
32767	32767
32767	32767
32767	32767
32767	32767
32767	32767
32767	32767
32767	32767
32767	32767
32767	32767
32767	32767
32767	32767
32767	32767
32767	32767
32767	32767
32767	32767
32767	32767
32767	32767
32767	32767
32767	32767
32767	32767
32767	32767
32767	32767
32767	32767
32767	32767
32767	32767
32767	32767
32767	32735
32671	32631
32615	32583
32535	32470
32390	32286
32157	32021
31876	31739
31611	31483
31356	31174
30936	30714
30506	30253
29955	29674
29410	29144
28875	28499
28017	27561
27133	26751
26413	26076
25740	25343
24887	24416
23929	23463
23017	22622
22276	21869
21402	20870
20275	19732
19239	18678
18047	17559
17215	16801
16318	15859
15426	15008
14608	14224
13857	13492
13129	12826
12584	12352
12132	11904
11669	11425
11172	10960
10786	10690
10671	10645
10611	10572
10526	10445
10329	10318
10411	10448
10429	10395
10347	10299
10251	10219
10203	10162
10098	10034
9970	9905
9841	9785
9737	9713
9713	9721
9737	9745
9745	9745
9745	9745
9745	9745
9745	9742
9737	9772
9848	9824
9698	9652
9687	9875
10217	10768
11529	12330
13171	13935
14621	15152
15526	15678
15608	15937
16667	17251
17688	18123
18556	19011
19489	19575
19270	19061
18946	19252
19980	20951
22167	22737
22660	22602
22561	22716
23066	23429
23805	24114
24355	24558
24722	24895
25077	24482
23110	22692
23227	23736
24216	24468
24491	24351
24047	23859
23785	23924
24274	24643
25032	25378
25682	25923
26100	25923
25393	25080
24984	25375
26254	26862
27199	27256
27032	27000
27161	27102
26824	26885
27284	27335
27036	26495
25712	25742
26583	26877
26622	27302
28916	29408
28777	28492
28552	28785
29190	29481
29658	29716
29657	29638
29660	29771
29970	30049
30006	29880
29670	29545
29506	29449
29375	29362
29409	29273
28954	28738
28627	28919
29613	29469
28487	26634
23909	22212
21545	23039
26697	28809
29377	29524
29250	29163
29262	29348
29420	29705
30205	29828
28575	25637
21015	20990
25564	26917
25050	25015
26812	28847
31120	32328
32472	32437
32223	32213
32407	32551
32645	32711
32749	32767
32767	32767
32767	32767
32767	32767
32767	32767
32767	32767
32767	32767
32767	32767
32767	32767
32767	32767
32767	32767
32767	32767
32767	32767
32767	32767
32767	32767
32767	32767
32767	32767
32767	32767
32767	32767
32767	32767
32767	32767
32767	32767
32767	32767
32767	32767
32767	32767
32767	32767
32767	32767
32767	32767
32767	32767
32767	32767
32767	32767
32767	32767
32767	32767
32767	32767
32767	32767
32767	32767
32767	32767
32767	32767
32767	32767
32767	32767
32767	32767
32767	32767
32767	32767
32767	32767
32767	32767
32767	32767
32767	32767
32767	32767
32767	32767
32767	32767
32767	32767
32767	32767
32767	32767
32767	32767
32767	32767
32767	32767
32767	32767
32767	32767
32767	32767
32767	32767
32767	32767
32767	32767
32767	32767
32767	32767
32767	32767
32767	32767
32767	32767
32767	32767
32767	32767
32767	32767
32767	32735
32671	32639
32639	32615
32567	32510
32446	32350
32221	32093
31964	31844
31731	31612
31485	31334
31161	30971
30763	30515
30228	29964
29723	29473
29213	28854
28397	27953
27523	27157
26853	26535
26204	25813
25364	24893
24402	23948
23533	23145
22785	22383
21940	21426
20842	20304
19812	19251
18624	18137
17793	17371
16872	16389
15924	15482
15066	14662
14272	13889
13513	13196
12938	12690
12451	12210
11966	11705
11428	11200
11022	10907
10856	10803
10750	10689
10619	10520
10392	10400
10546	10603
10573	10525
10461	10397
10332	10292
10276	10236
10172	10115
10067	10011
9947	9891
9842	9818
9818	9810
9794	9786
9786	9786
9786	9786
9786	9778
9762	9749
9738	9757
9808	9760
9613	9542
9546	9678
9936	10407
11092	11829
12620	13368
14072	14619
15010	15354
15652	16098
16693	17154
17481	17880
18350	18934
19633	19894
19717	19473
19162	19250
19737	20720
22200	22823
22589	22474
22476	22740
23267	23719
24096	24309
24357	24435
24542	24755
25075	24616
23380	23034
23579	24085
24554	24762
24711	24501
24132	23879
23742	23842
24180	24541
24926	25342
25790	26032
26067	25820
25290	25049
25097	25555
26422	26938
27102	27070
26840	26903
27260	27390
27294	27288
27373	27259
26946	26562
26106	26278
27077	27151
26500	26913
28390	28884
28394	28345
28736	29131
29527	29774
29870	29830
29654	29558
29544	29671
29939	30070
30064	29945
29714	29718
29959	29868
29445	29283
29382	29297
29031	28706
28325	28551
29385	29413
28635	26760
23786	21847
20943	22556
26685	28937
29312	29464
29395	29365
29375	29262
29024	29212
29824	29288
27606	23979
18408	18339
23772	25856
24592	25066
27279	29378
31364	32331
32278	32227
32178	32251
32444	32579
32654	32711
32749	32767
32767	32767
32767	32767
32767	32767
32767	32767
32767	32767
32767	32767
32767	32767
32767	32767
32767	32767
32767	32767
32767	32767
32767	32767
32767	32767
32767	32767
32767	32767
32767	32767
32767	32767
32767	32767
32767	32767
32767	32767
32767	32767
32767	32767
32767	32767
32767	32767
32767	32767
32767	32767
32767	32767
32767	32767
32767	32767
32767	32767
32767	32767
32767	32767
32767	32767
32767	32767
32767	32767
32767	32767
32767	32767
32767	32767
32767	32767
32767	32767
32767	32767
32767	32767
32767	32767
32767	32767
32767	32767
32767	32767
32767	32767
32767	32767
32767	32767
32767	32767
32767	32767
32767	32767
32767	32767
32767	32767
32767	32767
32767	32767
32767	32767
32767	32767
32767	32767
32767	32767
32767	32767
32767	32767
32767	32767
32767	32767
32767	32767
32767	32767
32767	32767
32767	32767
32767	32767
32767	32735
32671	32639
32639	32631
32615	32575
32510	32414
32286	32157
32029	31924
31844	31756
31661	31527
31354	31163
30955	30718
30451	30221
30028	29794
29519	29178
28771	28350
27913	27562
27297	26984
26623	26227
25798	25330
24821	24378
23998	23630
23274	22880
22448	21942
21362	20840
20376	19830
19202	18716
18371	17950
17450	16952
16454	15996
15580	15156
14726	14324
13948	13615
13325	13046
12780	12522
12275	11996
11686	11442
11264	11128
11035	10959
10898	10809
10693	10570
10442	10470
10655	10716
10653	10589
10525	10461
10397	10340
10292	10236
10172	10132
10115	10075
10011	9971
9955	9947
9947	9923
9875	9850
9850	9850
9850	9850
9850	9826
9778	9752
9749	9735
9712	9634
9503	9415
9372	9433
9599	9969
10541	11191
11917	12642
13365	13916
14295	14815
15476	16049
16534	16876
17074	17447
17993	18741
19691	20160
20151	19928
19492	19414
19695	20662
22314	22941
22543	22377
22444	22821
23508	24024
24369	24487
24377	24354
24417	24656
25072	24791
23811	23546
23994	24430
24852	25001
24877	24630
24261	23986
23805	23819
24028	24299
24631	25063
25594	25868
25884	25675
25242	25097
25242	25715
26519	26910
26888	26775
26570	26746
27303	27694
27918	27759
27215	26813
26555	26500
26648	27104
27869	27570
26209	26195
27529	28188
28171	28434
28975	29446
29847	30063
30095	29911
29510	29242
29109	29188
29479	29680
29789	29734
29516	29598
29980	29820
29118	28933
29266	29409
29364	28980
28258	28272
29021	29172
28726	27113
24332	22445
21452	23100
27388	29616
29783	30044
30398	30576
30579	30169
29346	29066
29330	28353
26134	22061
16134	16056
21827	24617
24426	25778
28673	30696
31848	32235
31856	31840
32188	32407
32496	32579
32654	32711
32749	32767
32767	32767
32767	32767
32767	32767
32767	32767
32767	32767
32767	32767
32767	32767
32767	32767
32767	32767
32767	32767
32767	32767
32767	32767
32767	32767
32767	32767
32767	32767
32767	32767
32767	32767
32767	32767
32767	32767
32767	32767
32767	32767
32767	32767
32767	32767
32767	32767
32767	32767
32767	32767
32767	32767
32767	32767
32767	32767
32767	32767
32767	32767
32767	32767
32767	32767
32767	32767
32767	32767
32767	32767
32767	32767
32767	32767
32767	32767
32767	32767
32767	32767
32767	32767
32767	32767
32767	32767
32767	32767
32767	32767
32767	32767
32767	32767
32767	32767
32767	32767
32767	32767
32767	32767
32767	32767
32767	32767
32767	32767
32767	32767
32767	32767
32767	32767
32767	32767
32767	32767
32767	32767
32767	32767
32767	32767
32767	32767
32767	32767
32767	32767
32767	32767
32767	32767
32767	32767
32767	32735
32671	32639
32639	32639
32639	32615
32567	32486
32374	32253
32125	32029
31964	31893
31814	31690
31520	31331
31123	30897
30653	30447
30277	30051
29768	29444
29079	28686
28265	27927
27670	27355
26980	26588
26179	25715
25197	24765
24422	24075
23725	23330
22890	22389
21826	21320
20871	20346
19747	19279
18945	18526
18023	17516
17006	16538
16113	15672
15215	14801
14431	14089
13773	13463
13159	12879
12622	12323
11982	11714
11518	11360
11242	11136
11043	10920
10767	10626
10497	10538
10748	10815
10740	10662
10582	10502
10421	10349
10285	10220
10156	10124
10124	10108
10076	10060
10060	10060
10060	10036
9988	9955
9939	9931
9931	9923
9907	9875
9827	9795
9779	9730
9649	9552
9439	9342
9261	9273
9379	9657
10107	10657
11307	11978
12669	13203
13581	14202
15065	15723
16176	16459
16573	16917
17492	18371
19555	20230
20397	20252
19795	19639
19783	20701
22393	23008
22544	22359
22454	22880
23636	24176
24501	24568
24378	24306
24353	24609
25073	24914
24131	23903
24229	24560
24896	25012
24907	24707
24411	24181
24017	23982
24077	24239
24466	24848
25386	25691
25765	25651
25351	25293
25478	25916
26607	26879
26733	26582
26425	26694
27390	27915
28270	28004
27118	26533
26247	26299
26688	27267
28036	27589
25927	25786
27166	28013
28329	28686
29084	29499
29930	30135
30114	29809
29221	28803
28558	28608
28952	29235
29456	29476
29297	29130
28975	28534
27806	27876
28743	29334
29648	29344
28423	28171
28589	28703
28513	27242
24889	23581
23316	24905
28346	29741
29091	29090
29737	30240
30598	30259
29223	28718
28742	27473
24912	20840
15258	15092
20341	23353
24128	26218
29621	31611
32188	32198
31641	31647
32218	32511
32525	32572
32652	32711
32749	32767
32767	32767
32767	32767
32767	32767
32767	32767
32767	32767
32767	32767
32767	32767
32767	32767
32767	32767
32767	32767
32767	32767
32767	32767
32767	32767
32767	32767
32767	32767
32767	32767
32767	32767
32767	32767
32767	32767
32767	32767
32767	32767
32767	32767
32767	32767
32767	32767
32767	32767
32767	32767
32767	32767
32767	32767
32767	32767
32767	32767
32767	32767
32767	32767
32767	32767
32767	32767
32767	32767
32767	32767
32767	32767
32767	32767
32767	32767
32767	32767
32767	32767
32767	32767
32767	32767
32767	32767
32767	32767
32767	32767
32767	32767
32767	32767
32767	32767
32767	32767
32767	32767
32767	32767
32767	32767
32767	32767
32767	32767
32767	32767
32767	32767
32767	32767
32767	32767
32767	32767
32767	32767
32767	32767
32767	32767
32767	32767
32767	32767
32767	32767
32767	32767
32767	32767
32767	32767
32767	32735
32671	32639
32639	32639
32639	32631
32615	32567
32486	32382
32253	32157
32093	32021
31942	31822
31660	31475
31266	31053
30834	30639
30470	30243
29961	29653
29320	28963
28581	28251
27972	27647
27277	26896
26506	26049
25527	25112
24804	24480
24139	23734
23266	22766
22236	21746
21297	20800
20258	19829
19513	19100
18589	18082
17579	17107
16666	16209
15736	15321
14963	14616
14281	13939
13591	13280
13007	12686
12315	12014
11782	11602
11474	11335
11186	11021
10841	10687
10559	10605
10825	10902
10834	10743
10631	10519
10406	10318
10254	10189
10125	10093
10093	10109
10141	10157
10157	10157
10157	10149
10133	10101
10053	10029
10029	10005
9956	9924
9908	9876
9828	9742
9619	9513
9423	9323
9214	9197
9274	9471
9790	10229
10790	11375
11982	12480
12868	13514
14418	15120
15617	15903
15975	16289
16845	17824
19225	20102
20456	20446
20073	19925
20001	20839
22439	23024
22592	22420
22508	22918
23652	24176
24491	24553
24361	24294
24352	24614
25078	24987
24339	24105
24284	24478
24685	24793
24801	24731
24583	24466
24379	24333
24327	24360
24431	24699
25164	25501
25709	25748
25618	25637
25807	26157
26687	26847
26637	26489
26403	26747
27520	28054
28349	28025
27085	26417
26021	25958
26226	26766
27580	27209
25654	25684
27301	28361
28865	29100
29063	29289
29777	29989
29927	29526
28787	28241
27891	27929
28357	28736
29064	29171
29056	28314
26944	26009
25510	26111
27814	29071
29883	29800
28820	28250
28088	28004
27996	27147
25458	25254
26535	27970
29558	29314
27236	26602
27411	28354
29431	29532
28657	28166
28058	26649
23940	20317
15780	15445
19313	22064
23699	26385
30124	32123
32384	32220
31633	31649
32269	32562
32529	32557
32647	32711
32749	32767
32767	32767
32767	32767
32767	32767
32767	32767
32767	32767
32767	32767
32767	32767
32767	32767
32767	32767
32767	32767
32767	32767
32767	32767
32767	32767
32767	32767
32767	32767
32767	32767
32767	32767
32767	32767
32767	32767
32767	32767
32767	32767
32767	32767
32767	32767
32767	32767
32767	32767
32767	32767
32767	32767
32767	32767
32767	32767
32767	32767
32767	32767
32767	32767
32767	32767
32767	32767
32767	32767
32767	32767
32767	32767
32767	32767
32767	32767
32767	32767
32767	32767
32767	32767
32767	32767
32767	32767
32767	32767
32767	32767
32767	32767
32767	32767
32767	32767
32767	32767
32767	32767
32767	32767
32767	32767
32767	32767
32767	32767
32767	32767
32767	32767
32767	32767
32767	32767
32767	32767
32767	32767
32767	32767
32767	32767
32767	32767
32767	32767
32767	32767
32767	32767
32767	32767
32767	32767
32767	32735
32671	32639
32639	32647
32663	32671
32671	32639
32575	32486
32374	32286
32221	32150
32071	31944
31770	31586
31394	31197
30994	30811
30648	30436
30177	29898
29599	29265
28893	28570
28294	27977
27619	27247
26862	26415
25907	25504
25208	24897
24572	24181
23722	23232
22710	22224
21774	21298
20797	20391
20080	19670
19160	18653
18150	17675
17229	16778
16322	15904
15524	15175
14856	14490
14077	13727
13440	13104
12718	12389
12116	11908
11767	11605
11423	11236
11043	10872
10721	10751
10961	11028
10951	10840
10696	10559
10431	10326
10246	10182
10134	10110
10110	10142
10206	10238
10238	10238
10238	10238
10238	10206
10142	10101
10085	10053
10005	9973
9957	9920
9862	9782
9678	9589
9514	9421
9310	9260
9271	9382
9592	9924
10376	10863
11386	11834
12208	12836
13720	14430
14966	15253
15289	15566
16083	17089
18583	19600
20140	20302
20088	20029
20126	20923
22422	22988
22623	22476
22548	22903
23541	24018
24333	24424
24290	24264
24344	24584
24984	24887
24291	24040
24133	24259
24418	24555
24669	24719
24704	24698
24702	24684
24645	24619
24608	24777
25126	25462
25786	25909
25831	25841
25939	26231
26717	26886
26740	26648
26609	26956
27690	28158
28360	28094
27362	26712
26143	25741
25506	25749
26472	26238
25048	25367
27195	28306
28698	28862
28798	29038
29582	29810
29721	29264
28439	27853
27507	27590
28103	28530
28871	28974
28841	27460
24832	23406
23181	24155
26328	28027
29251	29366
28370	27614
27100	26938
27128	26739
25772	26330
28412	29438
29407	27792
24594	23438
24326	25751
27715	28530
28196	27870
27553	25984
23161	20219
17157	16820
19208	21431
23488	26471
30381	32358
32405	32238
31858	31901
32365	32546
32441	32465
32616	32711
32749	32767
32767	32767
32767	32767
32767	32767
32767	32767
32767	32767
32767	32767
32767	32767
32767	32767
32767	32767
32767	32767
32767	32767
32767	32767
32767	32767
32767	32767
32767	32767
32767	32767
32767	32767
32767	32767
32767	32767
32767	32767
32767	32767
32767	32767
32767	32767
32767	32767
32767	32767
32767	32767
32767	32767
32767	32767
32767	32767
32767	32767
32767	32767
32767	32767
32767	32767
32767	32767
32767	32767
32767	32767
32767	32767
32767	32767
32767	32767
32767	32767
32767	32767
32767	32767
32767	32767
32767	32767
32767	32767
32767	32767
32767	32767
32767	32767
32767	32767
32767	32767
32767	32767
32767	32767
32767	32767
32767	32767
32767	32767
32767	32767
32767	32767
32767	32767
32767	32767
32767	32767
32767	32767
32767	32767
32767	32767
32767	32767
32767	32767
32767	32767
32767	32767
32767	32767
32767	32767
32767	32735
32671	32639
32639	32663
32711	32735
32735	32703
32639	32567
32486	32414
32350	32278
32199	32057
31850	31667
31507	31329
31133	30960
30811	30630
30418	30181
29918	29591
29201	28882
28634	28342
28007	27642
27247	26812
26336	25943
25633	25327
25025	24670
24260	23786
23247	22752
22303	21839
21362	20965
20648	20237
19734	19228
18717	18243
17804	17380
16971	16549
16115	15764
15496	15114
14618	14220
13920	13577
13191	12838
12518	12278
12120	11946
11757	11566
11373	11180
10986	10977
11155	11193
11092	10953
10776	10624
10495	10375
10262	10198
10182	10174
10174	10206
10270	10302
10302	10302
10302	10302
10302	10270
10206	10150
10101	10069
10053	10021
9973	9926
9882	9848
9826	9781
9713	9636
9549	9461
9370	9388
9515	9740
10064	10444
10880	11266
11601	12169
12970	13654
14223	14509
14513	14745
15206	16167
17629	18722
19448	19820
19841	19953
20157	20953
22340	22902
22637	22528
22576	22834
23304	23702
24027	24182
24167	24216
24328	24521
24792	24614
23987	23707
23775	23905
24096	24298
24511	24669
24773	24879
24986	25036
25029	25016
24998	25083
25271	25575
25995	26134
25992	25906
25875	26138
26695	26997
27043	27059
27043	27323
27900	28227
28303	28212
27952	27419
26613	25649
24527	24215
24713	24678
24109	24833
26849	27847
27828	27974
28288	28745
29346	29596
29494	29021
28177	27639
27406	27589
28189	28618
28875	28886
28651	26569
22639	20723
20819	22007
24285	26200
27752	28043
27073	26266
25623	25504
25910	26019
25831	26808
28948	29310
27892	25177
21165	19599
20480	22430
25450	27253
27840	27832
27229	25477
22575	20545
19388	19215
20027	21454
23495	26475
30392	32317
32250	32251
32318	32403
32508	32460
32261	32294
32559	32711
32749	32767
32767	32767
32767	32767
32767	32767
32767	32767
32767	32767
32767	32767
32767	32767
32767	32767
32767	32767
32767	32767
32767	32767
32767	32767
32767	32767
32767	32767
32767	32767
32767	32767
32767	32767
32767	32767
32767	32767
32767	32767
32767	32767
32767	32767
32767	32767
32767	32767
32767	32767
32767	32767
32767	32767
32767	32767
32767	32767
32767	32767
32767	32767
32767	32767
32767	32767
32767	32767
32767	32767
32767	32767
32767	32767
32767	32767
32767	32767
32767	32767
32767	32767
32767	32767
32767	32767
32767	32767
32767	32767
32767	32767
32767	32767
32767	32767
32767	32767
32767	32767
32767	32767
32767	32767
32767	32767
32767	32767
32767	32767
32767	32767
32767	32767
32767	32767
32767	32767
32767	32767
32767	32767
32767	32767
32767	32767
32767	32767
32767	32767
32767	32767
32767	32767
32767	32767
32767	32767
32767	32735
32671	32647
32663	32695
32743	32767
32767	32743
32695	32639
32575	32510
32446	32383
32320	32181
31967	31786
31637	31473
31293	31132
30989	30831
30659	30450
30205	29883
29483	29167
28933	28682
28415	28087
27699	27276
26820	26429
26103	25802
25526	25193
24804	24340
23801	23311
22869	22407
21927	21524
21199	20785
20282	19784
19289	18831
18408	18006
17624	17204
16745	16389
16135	15735
15187	14760
14453	14096
13688	13315
12977	12715
12529	12332
12123	11914
11705	11495
11284	11239
11361	11365
11251	11090
10881	10704
10560	10431
10319	10262
10262	10262
10262	10295
10359	10383
10367	10359
10359	10351
10335	10303
10254	10198
10134	10094
10078	10038
9973	9924
9889	9869
9864	9845
9813	9765
9701	9591
9434	9373
9410	9522
9711	9984
10344	10667
10953	11477
12238	12925
13537	13841
13838	14008
14354	15210
16578	17694
18560	19111
19347	19631
19963	20798
22137	22737
22598	22534
22545	22687
22960	23257
23577	23821
23989	24143
24282	24415
24542	24282
23634	23375
23505	23693
23939	24192
24453	24653
24794	24944
25101	25204
25253	25295
25328	25403
25519	25782
26193	26235
25908	25663
25499	25775
26491	27013
27342	27500
27489	27661
28017	28201
28215	28258
28330	27930
27058	25835
24259	23594
23839	23758
23352	24161
26186	27074
26824	27032
27696	28310
28873	29092
28967	28512
27725	27291
27211	27488
28123	28475
28544	28334
27846	25395
20982	19000
19450	20752
22907	24746
26268	26637
25855	25153
24530	24433
24861	25200
25450	26331
27843	27690
25870	23077
19309	17867
18749	20949
24466	26795
27936	27953
26846	24801
21816	20586
21109	21362
21347	22342
24348	27097
30589	32271
32142	32231
32538	32631
32508	32380
32247	32308
32564	32711
32749	32767
32767	32767
32767	32767
32767	32767
32767	32767
32767	32767
32767	32767
32767	32767
32767	32767
32767	32767
32767	32767
32767	32767
32767	32767
32767	32767
32767	32767
32767	32767
32767	32767
32767	32767
32767	32767
32767	32767
32767	32767
32767	32767
32767	32767
32767	32767
32767	32767
32767	32767
32767	32767
32767	32767
32767	32767
32767	32767
32767	32767
32767	32767
32767	32767
32767	32767
32767	32767
32767	32767
32767	32767
32767	32767
32767	32767
32767	32767
32767	32767
32767	32767
32767	32767
32767	32767
32767	32767
32767	32767
32767	32767
32767	32767
32767	32767
32767	32767
32767	32767
32767	32767
32767	32767
32767	32767
32767	32767
32767	32767
32767	32767
32767	32767
32767	32767
32767	32767
32767	32767
32767	32767
32767	32767
32767	32767
32767	32767
32767	32767
32767	32767
32767	32767
32767	32767
32767	32767
32767	32735
32671	32663
32711	32743
32759	32767
32767	32759
32743	32703
32639	32575
32510	32463
32432	32318
32121	31943
31786	31629
31474	31324
31181	31040
30900	30707
30462	30140
29740	29424
29190	28996
28842	28582
28216	27809
27360	26963
26618	26322
26074	25752
25356	24896
24374	23900
23473	23003
22490	22068
21736	21314
20804	20321
19867	19440
19042	18656
18282	17868
17415	17051
16775	16352
15784	15347
15040	14661
14210	13820
13493	13218
12995	12762
12522	12281
12040	11818
11616	11537
11579	11543
11429	11251
11010	10801
10625	10496
10416	10376
10376	10376
10376	10408
10472	10480
10432	10408
10408	10384
10335	10303
10287	10247
10183	10127
10078	10022
9958	9912
9886	9846
9793	9782
9814	9809
9765	9650
9463	9338
9276	9268
9315	9485
9778	10037
10263	10759
11526	12243
12910	13250
13263	13355
13528	14219
15429	16515
17478	18175
18607	19063
19543	20459
21812	22494
22507	22494
22455	22461
22510	22685
22986	23343
23757	24044
24203	24266
24233	23889
23234	23045
23322	23622
23946	24237
24495	24672
24768	24893
25046	25188
25318	25456
25601	25739
25871	26084
26379	26211
25580	25114
24811	25142
26106	26937
27635	27972
27947	27970
28040	28082
28097	28234
28495	28243
27479	26299
24704	23887
23850	23479
22775	23351
25208	25987
25688	26034
27024	27734
28162	28297
28141	27735
27081	26810
26923	27288
27903	28099
27876	27318
26425	23939
19861	18239
19073	20392
22193	23662
24799	25150
24717	24274
23822	23724
23982	24284
24628	24900
25098	24579
23342	21491
19026	18240
19134	21308
24763	27156
28486	28236
26405	23955
20885	20340
22320	23262
23167	24095
26046	28339
30973	32220
32079	32180
32521	32583
32365	32304
32398	32507
32630	32711
32749	32767
32767	32767
32767	32767
32767	32767
32767	32767
32767	32767
32767	32767
32767	32767
32767	32767
32767	32767
32767	32767
32767	32767
32767	32767
32767	32767
32767	32767
32767	32767
32767	32767
32767	32767
32767	32767
32767	32767
32767	32767
32767	32767
32767	32767
32767	32767
32767	32767
32767	32767
32767	32767
32767	32767
32767	32767
32767	32767
32767	32767
32767	32767
32767	32767
32767	32767
32767	32767
32767	32767
32767	32767
32767	32767
32767	32767
32767	32767
32767	32767
32767	32767
32767	32767
32767	32767
32767	32767
32767	32767
32767	32767
32767	32767
32767	32767
32767	32767
32767	32767
32767	32767
32767	32767
32767	32767
32767	32767
32767	32767
32767	32767
32767	32767
32767	32767
32767	32767
32767	32767
32767	32767
32767	32767
32767	32767
32767	32767
32767	32767
32767	32767
32767	32767
32767	32767
32767	32767
32767	32735
32671	32671
32735	32767
32767	32767
32767	32767
32767	32743
32695	32639
32575	32535
32521	32427
32254	32095
31948	31797
31642	31492
31349	31216
31092	30912
30676	30370
29993	29683
29440	29282
29210	28999
28650	28255
27817	27425
27080	26794
26567	26253
25852	25398
24890	24420
23990	23506
22969	22532
22196	21771
21257	20783
20348	19937
19552	19172
18797	18395
17965	17610
17330	16890
16288	15832
15521	15132
14665	14264
13930	13640
13394	13140
12877	12617
12360	12135
11943	11826
11786	11705
11585	11404
11163	10938
10729	10593
10529	10488
10472	10472
10488	10529
10593	10585
10504	10464
10464	10432
10368	10328
10312	10272
10207	10143
10079	10015
9950	9910
9892	9818
9687	9662
9742	9774
9757	9641
9426	9244
9094	8991
8936	9025
9259	9471
9662	10165
10980	11746
12463	12822
12822	12825
12830	13367
14437	15478
16492	17293
17883	18491
19116	20125
21518	22278
22405	22430
22350	22246
22117	22201
22500	22946
23538	23929
24121	24136
23974	23588
22978	22880
23295	23701
24099	24403
24612	24713
24706	24749
24843	25004
25233	25475
25730	25942
26112	26288
26471	26107
25198	24525
24089	24467
25660	26781
27832	28330
28277	28152
27955	27885
27942	28081
28303	28177
27704	26868
25668	24974
24785	24059
22798	22982
24612	25374
25267	25622
26439	27004
27318	27366
27149	26768
26224	26094
26379	26815
27402	27418
26863	25940
24650	22329
18977	17953
19259	20719
22334	23578
24451	24839
24741	24474
24038	23709
23485	23416
23502	23411
23143	22665
21978	20798
19126	18405
18635	20237
23209	25551
27263	27213
25402	23194
20587	20548
23078	24502
24819	25963
27937	29768
31456	32236
32107	32205
32530	32437
31928	31904
32366	32621
32668	32711
32749	32767
32767	32767
32767	32767
32767	32767
32767	32767
32767	32767
32767	32767
32767	32767
32767	32767
32767	32767
32767	32767
32767	32767
32767	32767
32767	32767
32767	32767
32767	32767
32767	32767
32767	32767
32767	32767
32767	32767
32767	32767
32767	32767
32767	32767
32767	32767
32767	32767
32767	32767
32767	32767
32767	32767
32767	32767
32767	32767
32767	32767
32767	32767
32767	32767
32767	32767
32767	32767
32767	32767
32767	32767
32767	32767
32767	32767
32767	32767
32767	32767
32767	32767
32767	32767
32767	32767
32767	32767
32767	32767
32767	32767
32767	32767
32767	32767
32767	32767
32767	32767
32767	32767
32767	32767
32767	32767
32767	32767
32767	32767
32767	32767
32767	32767
32767	32767
32767	32767
32767	32767
32767	32767
32767	32767
32767	32767
32767	32767
32767	32767
32767	32767
32767	32767
32767	32767
32767	32767
32767	32735
32671	32671
32735	32767
32767	32767
32767	32767
32767	32759
32743	32703
32639	32600
32585	32507
32367	32239
32125	31978
31797	31636
31492	31359
31235	31065
30848	30573
30241	29945
29683	29542
29521	29340
28999	28617
28191	27816
27489	27219
27005	26697
26294	25844
25347	24873
24420	23917
23363	22918
22582	22157
21643	21168
20733	20323
19937	19554
19172	18786
18395	18068
17803	17346
16697	16213
15896	15509
15053	14645
14287	13981
13728	13464
13189	12924
12667	12447
12264	12109
11981	11851
11719	11549
11340	11115
10874	10721
10657	10601
10553	10553
10601	10657
10721	10697
10585	10529
10529	10496
10432	10376
10328	10272
10207	10143
10079	10015
9950	9915
9910	9787
9549	9485
9598	9662
9677	9564
9324	9091
8863	8690
8572	8605
8787	8969
9150	9693
10600	11434
12196	12557
12516	12417
12261	12656
13600	14582
15602	16466
17175	17914
18683	19797
21256	22089
22294	22341
22229	22043
21781	21807
22122	22630
23331	23800
24035	24023
23765	23379
22865	22880
23423	23930
24400	24691
24803	24775
24607	24513
24492	24653
24997	25351
25716	26014
26244	26395
26469	25924
24761	23897
23333	23752
25153	26547
27931	28576
28479	28207
27760	27608
27750	27799
27754	27733
27734	27541
27154	26855
26644	25499
23421	23055
24400	25235
25561	25796
25941	26123
26342	26299
25993	25611
25153	25142
25578	26071
26621	26432
25504	24200
22521	20565
18331	18145
20006	21734
23330	24494
25225	25702
25926	25752
25180	24385
23367	22597
22073	21866
21978	21949
21780	21000
19609	18360
17253	17734
19803	21980
24267	24886
23839	22517
20921	21210
23385	25082
26302	27948
30019	31383
32040	32320
32226	32307
32564	32193
31195	31181
32150	32649
32678	32711
32749	32767
32767	32767
32767	32767
32767	32767
32767	32767
32767	32767
32767	32767
32767	32767
32767	32767
32767	32767
32767	32767
32767	32767
32767	32767
32767	32767
32767	32767
32767	32767
32767	32767
32767	32767
32767	32767
32767	32767
32767	32767
32767	32767
32767	32767
32767	32767
32767	32767
32767	32767
32767	32767
32767	32767
32767	32767
32767	32767
32767	32767
32767	32767
32767	32767
32767	32767
32767	32767
32767	32767
32767	32767
32767	32767
32767	32767
32767	32767
32767	32767
32767	32767
32767	32767
32767	32767
32767	32767
32767	32767
32767	32767
32767	32767
32767	32767
32767	32767
32767	32767
32767	32767
32767	32767
32767	32767
32767	32767
32767	32767
32767	32767
32767	32767
32767	32767
32767	32767
32767	32767
32767	32767
32767	32767
32767	32767
32767	32767
32767	32767
32767	32767
32767	32767
32767	32767
32767	32767
32767	32743
32695	32695
32743	32767
32767	32767
32767	32767
32767	32767
32767	32743
32695	32664
32649	32555
32383	32259
32186	32072
31919	31771
31628	31492
31362	31198
31000	30765
30493	30243
30015	29861
29780	29591
29292	28945
28551	28206
27910	27659
27454	27160
26778	26354
25890	25450
25035	24534
23946	23489
23162	22750
22252	21792
21369	20954
20547	20142
19741	19358
18993	18674
18401	17940
17290	16805
16484	16090
15624	15191
14793	14458
14184	13905
13618	13346
13089	12859
12655	12458
12267	12097
11946	11774
11582	11373
11148	11003
10939	10875
10811	10787
10803	10819
10835	10811
10746	10698
10666	10602
10506	10425
10361	10313
10281	10232
10168	10096
10016	9951
9903	9794
9626	9581
9661	9697
9688	9558
9306	9043
8771	8564
8421	8400
8501	8627
8779	9302
10197	10968
11617	11968
12021	11966
11800	12025
12639	13401
14311	15256
16237	17245
18279	19476
20836	21630
21859	22013
22090	21974
21664	21557
21652	22155
23063	23766
24264	24288
23836	23482
23226	23276
23633	24051
24531	24883
25108	25053
24718	24372
24014	23997
24323	24784
25381	25788
26005	26131
26166	25691
24707	23987
23532	23935
25196	26489
27814	28449
28395	28119
27620	27643
28189	28151
27530	27288
27423	27678
28053	28089
27788	26598
24520	23604
23848	24525
25634	25974
25544	25613
26180	26177
25604	25117
24717	24679
25005	25411
25897	25488
24184	22813
21373	19729
17878	18093
20371	22154
23440	24276
24663	25194
25867	26034
25695	24780
23290	22050
21060	20416
20119	20015
20106	19772
19013	18134
17134	17200
18334	20099
22497	23383
22758	22050
21260	21820
23733	25640
27542	29349
31061	32021
32229	32336
32341	32431
32605	32224
31287	31271
32174	32642
32675	32711
32749	32767
32767	32767
32767	32767
32767	32767
32767	32767
32767	32767
32767	32767
32767	32767
32767	32767
32767	32767
32767	32767
32767	32767
32767	32767
32767	32767
32767	32767
32767	32767
32767	32767
32767	32767
32767	32767
32767	32767
32767	32767
32767	32767
32767	32767
32767	32767
32767	32767
32767	32767
32767	32767
32767	32767
32767	32767
32767	32767
32767	32767
32767	32767
32767	32767
32767	32767
32767	32767
32767	32767
32767	32767
32767	32767
32767	32767
32767	32767
32767	32767
32767	32767
32767	32767
32767	32767
32767	32767
32767	32767
32767	32767
32767	32767
32767	32767
32767	32767
32767	32767
32767	32767
32767	32767
32767	32767
32767	32767
32767	32767
32767	32767
32767	32767
32767	32767
32767	32767
32767	32767
32767	32767
32767	32767
32767	32767
32767	32767
32767	32767
32767	32767
32767	32767
32767	32767
32767	32767
32767	32759
32743	32743
32759	32767
32767	32767
32767	32767
32767	32767
32767	32759
32743	32728
32713	32571
32302	32155
32131	32082
32008	31900
31757	31615
31473	31313
31134	30945
30747	30577
30436	30240
29989	29752
29526	29241
28896	28596
28342	28113
27912	27641
27303	26928
26516	26152
25835	25358
24719	24246
23938	23551
23085	22654
22256	21831
21380	20938
20504	20111
19758	19429
19123	18670
18068	17606
17285	16875
16377	15902
15449	15070
14765	14462
14162	13884
13627	13371
13116	12874
12646	12444
12267	12082
11889	11712
11552	11439
11375	11311
11247	11174
11094	11014
10933	10925
10990	10973
10877	10749
10588	10476
10411	10395
10427	10411
10347	10259
10146	10017
9872	9839
9918	9949
9933	9881
9792	9622
9370	9102
8818	8611
8481	8410
8400	8446
8548	8990
9771	10350
10726	11056
11340	11470
11447	11474
11551	11933
12618	13663
15069	16483
17906	19163
20256	20902
21101	21445
21933	22040
21766	21450
21092	21520
22733	23829
24809	24929
24188	23899
24060	24068
23925	24066
24493	24979
25525	25545
25038	24326
23408	23036
23211	23773
24723	25264
25397	25497
25563	25409
25035	24794
24687	25018
25788	26608
27479	27952
28027	27887
27533	27991
29259	29139
27632	26842
26772	27279
28365	28677
28217	27357
26096	24629
22957	23243
25487	26156
25250	25476
26833	27002
25983	25287
24915	24706
24659	24834
25231	24588
22904	21777
21207	19821
17619	17798
20356	21978
22663	22926
22767	23313
24564	25321
25583	24893
23251	21775
20464	19061
17565	16864
16957	17116
17340	17727
18278	18637
18803	19908
21952	22703
22161	21795
21603	22379
24123	26176
28538	30168
31063	31683
32025	32282
32453	32577
32654	32530
32205	32174
32437	32599
32661	32711
32749	32767
32767	32767
32767	32767
32767	32767
32767	32767
32767	32767
32767	32767
32767	32767
32767	32767
32767	32767
32767	32767
32767	32767
32767	32767
32767	32767
32767	32767
32767	32767
32767	32767
32767	32767
32767	32767
32767	32767
32767	32767
32767	32767
32767	32767
32767	32767
32767	32767
32767	32767
32767	32767
32767	32767
32767	32767
32767	32767
32767	32767
32767	32767
32767	32767
32767	32767
32767	32767
32767	32767
32767	32767
32767	32767
32767	32767
32767	32767
32767	32767
32767	32767
32767	32767
32767	32767
32767	32767
32767	32767
32767	32767
32767	32767
32767	32767
32767	32767
32767	32767
32767	32767
32767	32767
32767	32767
32767	32767
32767	32767
32767	32767
32767	32767
32767	32767
32767	32767
32767	32767
32767	32767
32767	32767
32767	32767
32767	32767
32767	32767
32767	32767
32767	32767
32767	32767
32767	32767
32767	32767
32767	32767
32767	32767
32767	32767
32767	32767
32767	32767
32767	32767
32767	32762
32751	32595
32294	32141
32137	32115
32073	31987
31855	31715
31568	31413
31250	31093
30940	30810
30701	30492
30184	29933
29740	29494
29194	28922
28679	28461
28269	28014
27696	27351
26980	26663
26399	25953
25325	24856
24545	24173
23739	23322
22920	22494
22043	21601
21167	20769
20405	20063
19742	19340
18858	18449
18112	17694
17196	16711
16238	15829
15485	15157
14847	14555
14282	14010
13739	13455
13160	12914
12718	12515
12306	12138
12009	11913
11849	11776
11696	11592
11463	11335
11206	11158
11190	11142
11013	10861
10684	10572
10523	10523
10572	10572
10523	10435
10307	10157
9986	9950
10048	10066
10005	9911
9783	9600
9363	9107
8834	8635
8511	8428
8386	8395
8455	8760
9312	9721
9987	10316
10707	10944
11025	10989
10835	11022
11550	12573
14091	15610
17129	18519
19780	20340
20200	20454
21102	21535
21750	21686
21340	21646
22603	23604
24648	24926
24439	24362
24695	24647
24217	24171
24509	25004
25658	25702
25137	24265
23086	22526
22587	23143
24195	24785
24914	25070
25253	25358
25384	25432
25501	25759
26207	26722
27304	27666
27807	27767
27544	28065
29332	29169
27576	26623
26312	26802
28093	28568
28228	27331
25877	23968
21604	21595
23941	24995
24756	25508
27252	27450
26105	25201
24737	24433
24289	24403
24776	24037
22185	21264
21273	20316
18392	18394
20321	21419
21687	21679
21395	21862
23077	23987
24591	24303
23122	21974
20857	19325
17380	16380
16325	16711
17539	18471
19509	19827
19426	19703
20658	21158
21203	21449
21898	22930
24546	26688
29353	30908
31352	31733
32052	32321
32540	32643
32629	32630
32646	32590
32461	32473
32625	32718
32751	32767
32767	32767
32767	32767
32767	32767
32767	32767
32767	32767
32767	32767
32767	32767
32767	32767
32767	32767
32767	32767
32767	32767
32767	32767
32767	32767
32767	32767
32767	32767
32767	32767
32767	32767
32767	32767
32767	32767
32767	32767
32767	32767
32767	32767
32767	32767
32767	32767
32767	32767
32767	32767
32767	32767
32767	32767
32767	32767
32767	32767
32767	32767
32767	32767
32767	32767
32767	32767
32767	32767
32767	32767
32767	32767
32767	32767
32767	32767
32767	32767
32767	32767
32767	32767
32767	32767
32767	32767
32767	32767
32767	32767
32767	32767
32767	32767
32767	32767
32767	32767
32767	32767
32767	32767
32767	32767
32767	32767
32767	32767
32767	32767
32767	32767
32767	32767
32767	32767
32767	32767
32767	32767
32767	32767
32767	32767
32767	32767
32767	32767
32767	32767
32767	32767
32767	32767
32767	32767
32767	32767
32767	32767
32767	32767
32767	32767
32767	32767
32767	32767
32767	32767
32767	32766
32762	32626
32356	32216
32205	32171
32115	32032
31922	31794
31647	31499
31349	31207
31074	30942
30810	30617
30364	30136
29933	29703
29444	29184
28922	28703
28526	28277
27957	27625
27283	26983
26727	26321
25765	25319
24984	24616
24214	23797
23363	22942
22535	22131
21729	21331
20935	20577
20256	19951
19662	19332
18963	18545
18079	17618
17160	16736
16343	15989
15671	15360
15054	14776
14524	14202
13810	13509
13300	13075
12834	12649
12520	12424
12360	12271
12159	12039
11910	11782
11653	11508
11348	11203
11075	10938
10794	10713
10697	10697
10713	10713
10697	10625
10497	10370
10244	10126
10014	9931
9878	9787
9659	9491
9284	9059
8818	8635
8511	8452
8459	8474
8498	8613
8821	9083
9400	9746
10123	10386
10535	10570
10489	10668
11107	11986
13304	14625
15950	17544
19408	19945
19154	19039
19599	20458
21617	22264
22396	22533
22674	23090
23781	24280
24589	24873
25132	25011
24510	24366
24578	24959
25507	25525
25014	24188
23047	22468
22451	22893
23796	24351
24557	24852
25234	25536
25755	25901
25973	26157
26454	26831
27289	27591
27738	27758
27650	27867
28407	28239
27362	26631
26043	26245
27236	27761
27820	26521
23866	21622
19788	19580
20997	22491
24064	25712
27436	27522
25971	24857
24182	23861
23894	24117
24532	23835
22027	21273
21573	21215
20198	19882
20267	20477
20510	20534
20549	20840
21406	22032
22719	23009
22902	22645
22237	21209
19562	18562
18209	18559
19611	20367
20826	20771
20202	19483
18614	18747
19882	21015
22145	23475
25005	27175
29987	31571
31928	32173
32308	32452
32604	32630
32531	32525
32611	32518
32247	32264
32568	32732
32756	32767
32767	32767
32767	32767
32767	32767
32767	32767
32767	32767
32767	32767
32767	32767
32767	32767
32767	32767
32767	32767
32767	32767
32767	32767
32767	32767
32767	32767
32767	32767
32767	32767
32767	32767
32767	32767
32767	32767
32767	32767
32767	32767
32767	32767
32767	32767
32767	32767
32767	32767
32767	32767
32767	32767
32767	32767
32767	32767
32767	32767
32767	32767
32767	32767
32767	32767
32767	32767
32767	32767
32767	32767
32767	32767
32767	32767
32767	32767
32767	32767
32767	32767
32767	32767
32767	32767
32767	32767
32767	32767
32767	32767
32767	32767
32767	32767
32767	32767
32767	32767
32767	32767
32767	32767
32767	32767
32767	32767
32767	32767
32767	32767
32767	32767
32767	32767
32767	32767
32767	32767
32767	32767
32767	32767
32767	32767
32767	32767
32767	32767
32767	32767
32767	32767
32767	32767
32767	32767
32767	32767
32767	32767
32767	32767
32767	32767
32767	32767
32767	32767
32767	32767
32767	32767
32767	32657
32436	32320
32309	32272
32209	32132
32043	31926
31782	31630
31471	31331
31211	31087
30960	30799
30603	30402
30197	29973
29730	29484
29233	29021
28845	28603
28294	27976
27650	27361
27112	26743
26254	25848
25525	25163
24762	24344
23911	23507
23133	22753
22367	21972
21567	21212
20907	20638
20405	20103
19734	19322
18868	18416
17966	17537
17128	16756
16418	16081
15744	15451
15202	14846
14385	14052
13845	13606
13333	13132
13003	12899
12819	12722
12610	12481
12337	12192
12047	11871
11662	11493
11365	11228
11084	11003
10987	10971
10955	10931
10899	10811
10666	10542
10437	10261
10012	9854
9787	9689
9560	9405
9223	9034
8837	8676
8551	8482
8470	8460
8453	8416
8351	8467
8765	9102
9479	9776
9991	10091
10074	10231
10561	11260
12325	13419
14542	16314
18738	19445
18437	18141
18558	19591
21240	22368
22975	23121
22809	22846
23233	23852
24703	25177
25273	25058
24530	24321
24431	24744
25260	25343
24995	24336
23366	22862
22822	23187
23957	24367
24417	24718
25271	25746
26144	26389
26479	26608
26774	27029
27370	27622
27783	27844
27804	27949
28279	28341
28136	27592
26708	26517
27021	27438
27768	26016
22181	19476
17899	17314
17718	19454
22521	25097
27183	27508
26074	25000
24286	23976
24071	24191
24337	23394
21361	20584
21064	21231
21085	20713
20114	19616
19220	19210
19585	20196
21040	21874
22696	23272
23601	23829
23956	23346
22000	21048
20489	20711
21716	22241
22287	22203
21987	20626
18122	17642
19185	20342
21111	22495
24493	27018
30069	31792
32186	32406
32453	32527
32628	32596
32430	32424
32577	32501
32197	32216
32558	32739
32758	32767
32767	32767
32767	32767
32767	32767
32767	32767
32767	32767
32767	32767
32767	32767
32767	32767
32767	32767
32767	32767
32767	32767
32767	32767
32767	32767
32767	32767
32767	32767
32767	32767
32767	32767
32767	32767
32767	32767
32767	32767
32767	32767
32767	32767
32767	32767
32767	32767
32767	32767
32767	32767
32767	32767
32767	32767
32767	32767
32767	32767
32767	32767
32767	32767
32767	32767
32767	32767
32767	32767
32767	32767
32767	32767
32767	32767
32767	32767
32767	32767
32767	32767
32767	32767
32767	32767
32767	32767
32767	32767
32767	32767
32767	32767
32767	32767
32767	32767
32767	32767
32767	32767
32767	32767
32767	32767
32767	32767
32767	32767
32767	32767
32767	32767
32767	32767
32767	32767
32767	32767
32767	32767
32767	32767
32767	32767
32767	32767
32767	32767
32767	32767
32767	32767
32767	32767
32767	32767
32767	32767
32767	32767
32767	32767
32767	32767
32767	32767
32767	32767
32767	32767
32767	32767
32767	32689
32532	32452
32448	32416
32355	32289
32216	32110
31972	31807
31615	31463
31350	31246
31151	31036
30901	30733
30531	30304
30052	29821
29612	29414
29227	28992
28708	28404
28081	27798
27554	27219
26792	26442
26169	25816
25382	24964
24563	24186
23835	23467
23081	22693
22301	21968
21695	21402
21088	20762
20425	20024
19560	19104
18654	18233
17839	17458
17089	16719
16350	16034
15772	15389
14887	14542
14354	14108
13803	13586
13458	13337
13225	13128
13048	12919
12743	12566
12389	12245
12132	12012
11883	11731
11554	11442
11393	11345
11297	11225
11128	10992
10815	10673
10565	10354
10042	9834
9731	9615
9486	9341
9180	9030
8891	8758
8631	8518
8419	8353
8320	8170
7902	7873
8081	8383
8776	9113
9393	9552
9590	9711
9913	10394
11156	11993
12905	14830
17767	18840
18047	17761
17982	18935
20619	21999
23075	23411
23008	22872
23004	23640
24781	25273
25119	24787
24278	24038
24067	24360
24918	25157
25078	24707
24044	23709
23701	24024
24679	24836
24494	24669
25361	25989
26551	26895
27019	27110
27167	27313
27549	27759
27943	28025
28006	28314
28947	29475
29897	29507
28305	27618
27447	27599
28073	25814
20823	17531
15938	14796
14105	15883
20129	23666
26493	27409
26414	25628
25050	24781
24820	24624
24191	22713
20188	19200
19747	20366
21055	20887
19860	18837
17818	17706
18504	19928
21981	23511
24520	25090
25220	25527
26013	25735
24694	23837
23164	23170
23853	24094
23893	24122
24780	23133
19181	17841
19112	19431
18796	19990
23012	26215
29601	31571
32126	32431
32485	32547
32615	32541
32326	32327
32544	32539
32311	32330
32596	32739
32758	32767
32767	32767
32767	32767
32767	32767
32767	32767
32767	32767
32767	32767
32767	32767
32767	32767
32767	32767
32767	32767
32767	32767
32767	32767
32767	32767
32767	32767
32767	32767
32767	32767
32767	32767
32767	32767
32767	32767
32767	32767
32767	32767
32767	32767
32767	32767
32767	32767
32767	32767
32767	32767
32767	32767
32767	32767
32767	32767
32767	32767
32767	32767
32767	32767
32767	32767
32767	32767
32767	32767
32767	32767
32767	32767
32767	32767
32767	32767
32767	32767
32767	32767
32767	32767
32767	32767
32767	32767
32767	32767
32767	32767
32767	32767
32767	32767
32767	32767
32767	32767
32767	32767
32767	32767
32767	32767
32767	32767
32767	32767
32767	32767
32767	32767
32767	32767
32767	32767
32767	32767
32767	32767
32767	32767
32767	32767
32767	32767
32767	32767
32767	32767
32767	32767
32767	32767
32767	32767
32767	32767
32767	32767
32767	32767
32767	32767
32767	32767
32767	32767
32767	32767
32767	32767
32767	32713
32605	32550
32550	32529
32485	32431
32367	32268
32134	31972
31782	31636
31534	31448
31378	31278
31148	30987
30794	30577
30337	30120
29929	29743
29562	29340
29078	28794
28489	28212
27964	27651
27275	26962
26712	26371
25937	25533
25160	24817
24502	24151
23761	23382
23013	22699
22442	22117
21723	21377
21079	20688
20204	19745
19311	18902
18516	18123
17721	17326
16937	16611
16349	15980
15504	15169
14975	14717
14396	14163
14019	13882
13754	13649
13569	13432
13240	13047
12854	12750
12734	12653
12509	12332
12123	11971
11874	11778
11681	11561
11416	11240
11031	10861
10730	10509
10197	9979
9856	9724
9583	9434
9276	9136
9014	8883
8742	8586
8415	8288
8206	7979
7607	7474
7579	7800
8136	8462
8778	8977
9058	9157
9274	9593
10113	10734
11453	13330
16364	17867
17842	17906
18060	18743
19953	21227
22564	23193
23114	23087
23110	23648
24699	25146
24988	24656
24150	23886
23865	24143
24721	25096
25268	25170
24803	24623
24632	24889
25395	25358
24778	24855
25590	26281
26931	27329
27477	27570
27609	27725
27919	28101
28270	28332
28286	28511
29008	29703
30596	30376
29041	28121
27617	27696
28356	26109
20953	17430
15540	13946
12647	14329
18990	22991
26333	27655
26958	26334
25782	25446
25328	24804
23874	21934
18985	17787
18339	19199
20365	20340
19125	17638
15879	15603
16810	19213
22812	25230
26468	26878
26461	26554
27157	27152
26538	25951
25392	25161
25258	25162
24872	25388
26707	25077
20496	18542
19215	18515
16440	17561
21876	25784
29286	31372
32041	32393
32427	32465
32508	32441
32265	32296
32533	32571
32410	32429
32629	32739
32758	32767
32767	32767
32767	32767
32767	32767
32767	32767
32767	32767
32767	32767
32767	32767
32767	32767
32767	32767
32767	32767
32767	32767
32767	32767
32767	32767
32767	32767
32767	32767
32767	32767
32767	32767
32767	32767
32767	32767
32767	32767
32767	32767
32767	32767
32767	32767
32767	32767
32767	32767
32767	32767
32767	32767
32767	32767
32767	32767
32767	32767
32767	32767
32767	32767
32767	32767
32767	32767
32767	32767
32767	32767
32767	32767
32767	32767
32767	32767
32767	32767
32767	32767
32767	32767
32767	32767
32767	32767
32767	32767
32767	32767
32767	32767
32767	32767
32767	32767
32767	32767
32767	32767
32767	32767
32767	32767
32767	32767
32767	32767
32767	32767
32767	32767
32767	32767
32767	32767
32767	32767
32767	32767
32767	32767
32767	32767
32767	32767
32767	32767
32767	32767
32767	32767
32767	32767
32767	32767
32767	32767
32767	32767
32767	32767
32767	32767
32767	32767
32767	32767
32767	32767
32767	32767
32767	32729
32653	32615
32615	32609
32597	32559
32495	32398
32268	32126
31972	31850
31761	31691
31640	31524
31343	31164
30987	30794
30585	30382
30185	30007
29848	29648
29404	29146
28873	28604
28341	28039
27701	27406
27154	26828
26426	26051
25703	25397
25134	24804
24408	24041
23703	23406
23149	22784
22310	21948
21698	21315
20798	20339
19938	19544
19159	18749
18315	17900
17504	17181
16932	16617
16237	15933
15707	15433
15112	14863
14686	14534
14405	14285
14172	14020
13827	13634
13441	13385
13465	13417
13241	13032
12791	12590
12429	12269
12108	11940
11763	11554
11313	11107
10935	10724
10477	10289
10163	10016
9851	9682
9511	9352
9205	9049
8883	8686
8458	8266
8110	7843
7465	7270
7258	7354
7558	7822
8148	8366
8477	8570
8646	8855
9198	9642
10186	11814
14526	16528
17820	18575
18793	19016
19242	20051
21443	22469
23129	23490
23551	23874
24460	24795
24881	24664
24145	23865
23825	24094
24671	25161
25564	25724
25642	25605
25614	25780
26104	25934
25269	25276
25955	26624
27283	27692
27851	27986
28099	28263
28480	28647
28766	28764
28642	28541
28459	29024
30234	30198
28915	28026
27532	27729
28618	26899
22572	19174
16706	14763
13346	14792
19102	23073
26704	28248
27706	27117
26481	25974
25594	24732
23385	21059
17752	16346
16840	17729
19014	19074
17907	16017
13405	12901
14505	18049
23534	27030
28537	28636
27326	26911
27389	27596
27532	27391
27172	26686
25933	25446
25227	26001
27768	26457
22066	19746
19495	17594
14044	15207
21085	25725
29127	31196
31931	32292
32277	32283
32308	32296
32247	32329
32545	32600
32495	32515
32658	32739
32758	32767
32767	32767
32767	32767
32767	32767
32767	32767
32767	32767
32767	32767
32767	32767
32767	32767
32767	32767
32767	32767
32767	32767
32767	32767
32767	32767
32767	32767
32767	32767
32767	32767
32767	32767
32767	32767
32767	32767
32767	32767
32767	32767
32767	32767
32767	32767
32767	32767
32767	32767
32767	32767
32767	32767
32767	32767
32767	32767
32767	32767
32767	32767
32767	32767
32767	32767
32767	32767
32767	32767
32767	32767
32767	32767
32767	32767
32767	32767
32767	32767
32767	32767
32767	32767
32767	32767
32767	32767
32767	32767
32767	32767
32767	32767
32767	32767
32767	32767
32767	32767
32767	32767
32767	32767
32767	32767
32767	32767
32767	32767
32767	32767
32767	32767
32767	32767
32767	32767
32767	32767
32767	32767
32767	32767
32767	32767
32767	32767
32767	32767
32767	32767
32767	32767
32767	32767
32767	32767
32767	32767
32767	32767
32767	32767
32767	32767
32767	32767
32767	32767
32767	32767
32767	32767
32767	32735
32670	32645
32662	32671
32675	32644
32580	32495
32388	32276
32158	32048
31948	31877
31836	31713
31510	31319
31140	30954
30761	30577
30401	30249
30123	29947
29722	29480
29223	28961
28695	28402
28085	27796
27537	27225
26861	26519
26199	25917
25675	25370
25002	24659
24343	24056
23799	23436
22967	22616
22382	22010
21501	21054
20669	20283
19898	19488
19055	18630
18214	17874
17612	17334
17039	16769
16523	16239
15918	15653
15444	15268
15123	14979
14834	14665
14473	14280
14087	14015
14063	13991
13798	13581
13340	13131
12955	12786
12625	12449
12256	12039
11798	11581
11389	11185
10970	10784
10625	10446
10247	10052
9862	9680
9507	9313
9100	8851
8565	8310
8085	7798
7448	7194
7036	6996
7073	7259
7554	7764
7888	7962
7987	8121
8366	8698
9117	10370
12456	14685
17056	18504
19027	19114
18767	19269
20620	21868
23011	23638
23748	23926
24170	24491
24887	24842
24355	24060
23959	24170
24695	25216
25734	26050
26164	26208
26183	26244
26390	26235
25779	25837
26411	26983
27554	27936
28128	28344
28582	28845
29133	29301
29347	29260
29040	28703
28249	28593
29737	29765
28676	27917
27487	27695
28542	27422
24334	21176
17949	15673
14351	15899
20319	24151
27395	28632
27863	27103
26352	25785
25402	24563
23267	20934
17566	16047
16377	17294
18797	18627
16782	14493
11760	11554
13874	18086
24190	28028
29600	29606
28047	27365
27560	27731
27878	27931
27890	27065
25458	24748
24937	25891
27609	26467
22465	20033
19172	16808
12943	14553
21639	26666
29635	31417
32014	32286
32232	32238
32303	32329
32315	32393
32561	32578
32443	32464
32641	32739
32758	32767
32767	32767
32767	32767
32767	32767
32767	32767
32767	32767
32767	32767
32767	32767
32767	32767
32767	32767
32767	32767
32767	32767
32767	32767
32767	32767
32767	32767
32767	32767
32767	32767
32767	32767
32767	32767
32767	32767
32767	32767
32767	32767
32767	32767
32767	32767
32767	32767
32767	32767
32767	32767
32767	32767
32767	32767
32767	32767
32767	32767
32767	32767
32767	32767
32767	32767
32767	32767
32767	32767
32767	32767
32767	32767
32767	32767
32767	32767
32767	32767
32767	32767
32767	32767
32767	32767
32767	32767
32767	32767
32767	32767
32767	32767
32767	32767
32767	32767
32767	32767
32767	32767
32767	32767
32767	32767
32767	32767
32767	32767
32767	32767
32767	32767
32767	32767
32767	32767
32767	32767
32767	32767
32767	32767
32767	32767
32767	32767
32767	32767
32767	32767
32767	32767
32767	32767
32767	32767
32767	32767
32767	32767
32767	32767
32767	32767
32767	32767
32767	32767
32767	32767
32767	32767
32767	32730
32656	32643
32691	32716
32717	32685
32621	32558
32495	32422
32340	32231
32094	32005
31964	31845
31649	31452
31254	31059
30866	30705
30577	30470
30385	30238
30030	29797
29540	29283
29026	28740
28426	28133
27861	27563
27240	26935
26647	26377
26125	25847
25543	25238
24931	24649
24392	24074
23694	23379
23130	22774
22313	21889
21504	21119
20734	20340
19939	19514
19066	18690
18388	18129
17912	17677
17424	17136
16815	16534
16293	16084
15907	15731
15554	15369
15177	14984
14791	14638
14526	14373
14181	13980
13771	13594
13450	13329
13233	13088
12896	12695
12486	12285
12093	11890
11678	11463
11243	11013
10773	10545
10329	10121
9918	9676
9392	9079
8737	8421
8132	7844
7556	7246
6914	6726
6682	6772
6998	7170
7290	7333
7297	7392
7617	7903
8248	8998
10153	12337
15551	17692
18760	19039
18528	18881
20097	21390
22760	23530
23701	23801
23831	24233
25008	25190
24780	24472
24267	24374
24793	25261
25779	26147
26367	26431
26340	26280
26253	26263
26309	26540
26956	27357
27743	28060
28310	28642
29057	29470
29880	30061
30014	29821
29480	28998
28375	28411
29106	29077
28324	27793
27482	27594
28127	27676
26240	23438
19269	16677
15663	17651
22639	26225
28406	28809
27431	26293
25394	24880
24752	24298
23517	21560
18426	16889
16951	17892
19713	18999
15751	13066
10946	11563
14919	19325
24781	28224
29654	29787
28624	27918
27671	27556
27575	27572
27545	26300
23834	23069
24004	25057
26230	25108
21691	19404
18245	16156
13137	15598
23538	28609
30810	32037
32290	32374
32291	32330
32492	32539
32471	32485
32582	32504
32253	32278
32579	32739
32758	32767
32767	32767
32767	32767
32767	32767
32767	32767
32767	32767
32767	32767
32767	32767
32767	32767
32767	32767
32767	32767
32767	32767
32767	32767
32767	32767
32767	32767
32767	32767
32767	32767
32767	32767
32767	32767
32767	32767
32767	32767
32767	32767
32767	32767
32767	32767
32767	32767
32767	32767
32767	32767
32767	32767
32767	32767
32767	32767
32767	32767
32767	32767
32767	32767
32767	32767
32767	32767
32767	32767
32767	32767
32767	32767
32767	32767
32767	32767
32767	32767
32767	32767
32767	32767
32767	32767
32767	32767
32767	32767
32767	32767
32767	32767
32767	32767
32767	32767
32767	32767
32767	32767
32767	32767
32767	32767
32767	32767
32767	32767
32767	32767
32767	32767
32767	32767
32767	32767
32767	32767
32767	32767
32767	32767
32767	32767
32767	32767
32767	32767
32767	32767
32767	32767
32767	32767
32767	32767
32767	32767
32767	32767
32767	32767
32767	32767
32767	32767
32767	32767
32767	32767
32767	32767
32767	32728
32649	32634
32682	32714
32730	32714
32666	32621
32580	32527
32463	32363
32226	32134
32085	31956
31747	31552
31370	31191
31014	30869
30754	30665
30601	30481
30304	30088
29831	29582
29343	29065
28748	28463
28209	27927
27616	27337
27091	26847
26606	26358
26102	25819
25507	25234
24999	24691
24312	23991
23731	23394
22980	22593
22231	21866
21497	21112
20710	20277
19813	19420
19098	18830
18616	18380
18123	17834
17513	17216
16943	16710
16517	16316
16108	15899
15690	15489
15296	15088
14863	14662
14485	14309
14132	13995
13899	13843
13827	13746
13602	13441
13264	13091
12920	12700
12430	12166
11909	11636
11346	11085
10850	10629
10421	10147
9808	9428
9008	8626
8283	7983
7726	7385
6958	6664
6503	6504
6669	6795
6883	6887
6806	6862
7053	7302
7611	7940
8288	10127
13455	15921
17527	18310
18270	18830
19991	21193
22435	23166
23385	23520
23571	24007
24826	25086
24786	24534
24329	24404
24760	25221
25786	26240
26584	26704
26600	26456
26272	26362
26725	27059
27364	27660
27946	28232
28518	28933
29477	29988
30467	30655
30554	30288
29857	29459
29093	29012
29216	29084
28615	28267
28039	27980
28090	27980
27651	25145
20462	17669
16766	18815
23817	27000
28365	28200
26505	25320
24643	24390
24563	24531
24296	22686
19702	17990
17552	18164
19828	18480
14120	11626
10999	12990
17599	21903
25903	28387
29357	29582
29062	28426
27673	27258
27179	26924
26493	24762
21733	21249
23310	24761
25600	24500
21460	19124
17491	15790
14022	17210
25354	30148
31592	32332
32370	32362
32309	32384
32590	32654
32578	32563
32611	32495
32215	32239
32567	32740
32758	32767
32767	32767
32767	32767
32767	32767
32767	32767
32767	32767
32767	32767
32767	32767
32767	32767
32767	32767
32767	32767
32767	32767
32767	32767
32767	32767
32767	32767
32767	32767
32767	32767
32767	32767
32767	32767
32767	32767
32767	32767
32767	32767
32767	32767
32767	32767
32767	32767
32767	32767
32767	32767
32767	32767
32767	32767
32767	32767
32767	32767
32767	32767
32767	32767
32767	32767
32767	32767
32767	32767
32767	32767
32767	32767
32767	32767
32767	32767
32767	32767
32767	32767
32767	32767
32767	32767
32767	32767
32767	32767
32767	32767
32767	32767
32767	32767
32767	32767
32767	32767
32767	32767
32767	32767
32767	32767
32767	32767
32767	32767
32767	32767
32767	32767
32767	32767
32767	32767
32767	32767
32767	32767
32767	32767
32767	32767
32767	32767
32767	32767
32767	32767
32767	32767
32767	32767
32767	32767
32767	32767
32767	32767
32767	32767
32767	32767
32767	32767
32767	32767
32767	32767
32767	32767
32767	32728
32649	32618
32634	32666
32714	32730
32714	32685
32644	32592
32527	32445
32344	32262
32198	32045
31805	31619
31488	31350
31205	31066
30933	30834
30770	30674
30545	30352
30095	29860
29647	29377
29050	28786
28584	28318
27987	27725
27530	27328
27119	26903
26679	26402
26072	25811
25619	25289
24821	24452
24184	23868
23504	23164
22850	22524
22188	21802
21369	20920
20455	20062
19741	19437
19151	18880
18623	18334
18012	17699
17394	17145
16952	16735
16494	16254
16013	15796
15603	15362
15073	14856
14711	14567
14422	14334
14302	14326
14406	14422
14374	14278
14133	13998
13871	13613
13224	12893
12621	12313
11969	11673
11425	11206
11015	10729
10348	9898
9379	8926
8539	8217
7960	7611
7169	6810
6536	6455
6569	6639
6667	6626
6516	6532
6672	6896
7205	7194
6862	8053
10767	13191
15328	16928
17992	19117
20303	21276
22036	22544
22799	23081
23392	23812
24342	24529
24374	24245
24144	24261
24596	25095
25756	26330
26815	27026
26964	26771
26447	26533
27028	27395
27634	27890
28163	28451
28754	29216
29839	30399
30894	31083
30965	30661
30172	30085
30402	30396
30070	29787
29549	29339
29156	28853
28431	28335
28567	26298
21529	18650
17659	19393
23852	26477
27269	26805
25086	24183
24098	24315
24834	25264
25603	24313
21394	19350
18180	18111
19144	17070
11889	10174
11922	15836
21915	25822
27556	28518
28708	28990
29364	28890
27568	26835
26690	25989
24732	22453
19154	19289
22858	25002
25719	24643
21772	19193
16908	15709
15596	19389
27088	31285
31980	32303
32254	32248
32285	32401
32595	32673
32635	32626
32648	32549
32330	32349
32607	32744
32760	32767
32767	32767
32767	32767
32767	32767
32767	32767
32767	32767
32767	32767
32767	32767
32767	32767
32767	32767
32767	32767
32767	32767
32767	32767
32767	32767
32767	32767
32767	32767
32767	32767
32767	32767
32767	32767
32767	32767
32767	32767
32767	32767
32767	32767
32767	32767
32767	32767
32767	32767
32767	32767
32767	32767
32767	32767
32767	32767
32767	32767
32767	32767
32767	32767
32767	32767
32767	32767
32767	32767
32767	32767
32767	32767
32767	32767
32767	32767
32767	32767
32767	32767
32767	32767
32767	32767
32767	32767
32767	32767
32767	32767
32767	32767
32767	32767
32767	32767
32767	32767
32767	32767
32767	32767
32767	32767
32767	32767
32767	32767
32767	32767
32767	32767
32767	32767
32767	32767
32767	32767
32767	32767
32767	32767
32767	32767
32767	32767
32767	32767
32767	32767
32767	32767
32767	32767
32767	32767
32767	32767
32767	32767
32767	32767
32767	32767
32767	32767
32767	32767
32767	32767
32767	32767
32767	32730
32655	32617
32617	32639
32684	32714
32730	32715
32668	32620
32572	32512
32439	32368
32299	32148
31917	31745
31634	31509
31370	31247
31140	31053
30985	30896
30785	30609
30368	30151
29959	29712
29411	29173
28999	28750
28426	28176
27998	27821
27645	27457
27259	26998
26675	26423
26244	25885
25345	24949
24697	24408
24080	23768
23469	23171
22875	22509
22076	21627
21162	20769
20448	20121
19789	19487
19214	18916
18595	18274
17953	17688
17479	17246
16989	16724
16451	16218
16025	15768
15447	15222
15094	14965
14837	14772
14772	14828
14941	14997
14997	14933
14804	14681
14562	14298
13889	13541
13252	12920
12542	12235
11996	11781
11589	11296
10902	10419
9846	9342
8906	8560
8305	7968
7551	7185
6870	6745
6808	6826
6797	6706
6552	6514
6591	6784
7091	6926
6288	6878
8697	10771
13100	15257
17243	18900
20228	21170
21727	22177
22520	22898
23312	23632
23857	23970
23971	23980
23996	24172
24508	25047
25790	26471
27090	27393
27380	27164
26748	26739
27137	27479
27764	28078
28421	28755
29081	29542
30139	30668
31129	31297
31174	30869
30382	30375
30847	30781
30177	29907
29974	30003
29993	29654
28984	28774
29022	27055
22872	20095
18724	19626
22799	24751
25480	25285
24165	23815
24235	24574
24834	25166
25570	24315
21400	19058
17289	16493
16669	14480
9924	9368
12811	17842
24459	28004
28476	28505
28090	28192
28811	28326
26736	25939
25934	25059
23313	20877
17751	18382
22770	25281
25916	24897
22222	19594
17012	16432
17853	21863
28461	31903
32190	32227
32016	32006
32199	32390
32579	32635
32559	32556
32625	32589
32447	32467
32648	32746
32760	32767
32767	32767
32767	32767
32767	32767
32767	32767
32767	32767
32767	32767
32767	32767
32767	32767
32767	32767
32767	32767
32767	32767
32767	32767
32767	32767
32767	32767
32767	32767
32767	32767
32767	32767
32767	32767
32767	32767
32767	32767
32767	32767
32767	32767
32767	32767
32767	32767
32767	32767
32767	32767
32767	32767
32767	32767
32767	32767
32767	32767
32767	32767
32767	32767
32767	32767
32767	32767
32767	32767
32767	32767
32767	32767
32767	32767
32767	32767
32767	32767
32767	32767
32767	32767
32767	32767
32767	32767
32767	32767
32767	32767
32767	32767
32767	32767
32767	32767
32767	32767
32767	32767
32767	32767
32767	32767
32767	32767
32767	32767
32767	32767
32767	32767
32767	32767
32767	32767
32767	32767
32767	32767
32767	32767
32767	32767
32767	32767
32767	32767
32767	32767
32767	32767
32767	32767
32767	32767
32767	32767
32767	32767
32767	32767
32767	32767
32767	32767
32767	32767
32767	32767
32767	32767
32767	32734
32666	32632
32632	32634
32639	32666
32714	32709
32650	32613
32597	32563
32512	32453
32387	32264
32084	31932
31810	31669
31509	31412
31376	31320
31245	31146
31024	30858
30649	30456
30280	30071
29831	29625
29454	29223
28931	28689
28497	28328
28184	28022
27843	27607
27316	27071
26873	26478
25886	25483
25271	25013
24711	24402
24089	23807
23558	23232
22831	22398
21933	21540
21219	20882
20530	20201
19896	19583
19261	18940
18619	18338
18097	17848
17591	17310
17005	16756
16563	16306
15985	15760
15631	15503
15374	15310
15310	15350
15431	15471
15471	15406
15278	15140
14993	14754
14425	14108
13803	13456
13067	12770
12564	12355
12144	11850
11473	10993
10411	9874
9383	9011
8759	8457
8104	7787
7506	7373
7387	7355
7275	7128
6914	6808
6812	6966
7269	7136
6566	6602
7246	8660
10844	13298
16023	18179
19768	20877
21507	22064
22548	22971
23333	23466
23370	23408
23580	23739
23885	24137
24496	25079
25886	26663
27412	27806
27847	27636
27174	26980
27053	27312
27755	28225
28721	29146
29500	29910
30377	30797
31171	31298
31180	30910
30488	30328
30430	30167
29537	29445
29890	30258
30551	30381
29750	29295
29017	27416
24492	22007
19961	19512
20660	21822
22998	23637
23742	24213
25053	25169
24561	24238
24199	22693
19720	17115
14878	13308
12404	10709
8224	9210
13667	19007
25229	28448
28664	28349
27503	27188
27405	26735
25178	24569
24911	24133
22236	20033
17525	18529
23045	25599
26191	25261
22811	20325
17802	17958
20792	24630
29473	32004
32223	32107
31656	31637
32051	32353
32541	32541
32352	32352
32542	32614
32567	32592
32689	32746
32760	32767
32767	32767
32767	32767
32767	32767
32767	32767
32767	32767
32767	32767
32767	32767
32767	32767
32767	32767
32767	32767
32767	32767
32767	32767
32767	32767
32767	32767
32767	32767
32767	32767
32767	32767
32767	32767
32767	32767
32767	32767
32767	32767
32767	32767
32767	32767
32767	32767
32767	32767
32767	32767
32767	32767
32767	32767
32767	32767
32767	32767
32767	32767
32767	32767
32767	32767
32767	32767
32767	32767
32767	32767
32767	32767
32767	32767
32767	32767
32767	32767
32767	32767
32767	32767
32767	32767
32767	32767
32767	32767
32767	32767
32767	32767
32767	32767
32767	32767
32767	32767
32767	32767
32767	32767
32767	32767
32767	32767
32767	32767
32767	32767
32767	32767
32767	32767
32767	32767
32767	32767
32767	32767
32767	32767
32767	32767
32767	32767
32767	32767
32767	32767
32767	32767
32767	32767
32767	32767
32767	32767
32767	32767
32767	32767
32767	32767
32767	32767
32767	32767
32767	32767
32767	32767
32767	32727
32647	32607
32607	32608
32609	32634
32682	32682
32634	32610
32610	32586
32539	32487
32428	32339
32218	32094
31965	31820
31659	31571
31555	31520
31466	31375
31247	31086
30894	30708
30529	30353
30180	30007
29833	29619
29364	29140
28948	28787
28659	28514
28353	28135
27859	27622
27424	27049
26496	26127
25940	25705
25424	25126
24812	24543
24317	24019
23650	23233
22768	22375
22054	21718
21368	21032
20709	20378
20041	19712
19391	19102
18845	18588
18331	18042
17720	17466
17279	16983
16576	16301
16157	16012
15867	15779
15747	15747
15779	15777
15741	15643
15483	15320
15156	14972
14771	14514
14202	13851
13461	13177
13000	12813
12616	12336
11972	11491
10892	10332
9811	9434
9202	8941
8652	8399
8181	8071
8070	7989
7828	7608
7329	7167
7121	7245
7539	7515
7172	6855
6564	7355
9227	11678
14708	17140
18972	20387
21383	22217
22890	23274
23369	23360
23246	23339
23641	23897
24108	24367
24673	25215
25993	26775
27562	27971
28003	27760
27244	26927
26809	27066
27697	28339
28991	29512
29904	30267
30599	30896
31157	31232
31119	30882
30519	30283
30173	29821
29229	29250
29886	30420
30853	30716
30010	29085
27943	26506
24772	22503
19697	18433
18712	19706
21414	22840
23985	24993
25864	25387
23562	22310
21631	19845
16950	14325
11970	10212
9053	8426
8333	10504
14939	19690
24755	27679
28464	28421
27548	26846
26312	25431
24203	23706
23939	23299
21783	20129
18335	19357
23194	25205
25390	24440
22355	20417
18626	19816
23989	27572
30566	32136
32284	32078
31519	31508
32046	32390
32541	32464
32158	32130
32379	32534
32596	32654
32710	32746
32760	32767
32767	32767
32767	32767
32767	32767
32767	32767
32767	32767
32767	32767
32767	32767
32767	32767
32767	32767
32767	32767
32767	32767
32767	32767
32767	32767
32767	32767
32767	32767
32767	32767
32767	32767
32767	32767
32767	32767
32767	32767
32767	32767
32767	32767
32767	32767
32767	32767
32767	32767
32767	32767
32767	32767
32767	32767
32767	32767
32767	32767
32767	32767
32767	32767
32767	32767
32767	32767
32767	32767
32767	32767
32767	32767
32767	32767
32767	32767
32767	32767
32767	32767
32767	32767
32767	32767
32767	32767
32767	32767
32767	32767
32767	32767
32767	32767
32767	32767
32767	32767
32767	32767
32767	32767
32767	32767
32767	32767
32767	32767
32767	32767
32767	32767
32767	32767
32767	32767
32767	32767
32767	32767
32767	32767
32767	32767
32767	32767
32767	32767
32767	32767
32767	32767
32767	32767
32767	32767
32767	32767
32767	32767
32767	32767
32767	32767
32767	32767
32767	32767
32767	32767
32767	32767
32767	32711
32599	32543
32543	32559
32593	32618
32634	32634
32618	32610
32610	32580
32522	32469
32422	32373
32320	32230
32101	31965
31820	31724
31676	31651
31648	31583
31454	31294
31101	30906
30708	30559
30460	30319
30135	29937
29723	29528
29351	29199
29070	28934
28790	28580
28304	28077
27898	27598
27177	26880
26705	26485
26219	25938
25640	25378
25151	24870
24533	24132
23668	23275
22953	22629
22304	21978
21652	21303
20934	20589
20268	19979
19722	19465
19208	18919
18598	18350
18174	17798
17222	16846
16669	16493
16316	16179
16083	16019
15987	15917
15809	15643
15418	15221
15051	14953
14926	14759
14450	14105
13723	13456
13306	13155
13006	12754
12400	11912
11291	10717
10189	9827
9631	9421
9196	9021
8896	8841
8856	8727
8455	8145
7798	7589
7519	7623
7902	8063
8107	7637
6652	6856
8250	10398
13300	15781
17842	19700
21354	22636
23547	23808
23420	23312
23483	23764
24155	24456
24667	24861
25039	25456
26110	26806
27542	27889
27847	27536
26957	26580
26405	26741
27590	28420
29230	29855
30294	30611
30806	30965
31088	31097
30991	30784
30476	30240
30074	29745
29251	29324
29963	30489
30901	30659
29764	28144
25800	24323
23714	21583
17931	16388
16956	18403
20728	22893
24896	26155
26668	25229
21838	19383
17866	15769
13092	10690
8564	7206
6616	7631
10251	13250
16629	19891
23035	25698
27877	28720
28226	27163
25532	24415
23812	23347
23021	22557
21956	21164
20181	20865
23217	24100
23515	22433
20855	19871
19483	22008
27445	30688
31739	32301
32374	32142
31605	31619
32183	32503
32579	32404
31980	31890
32135	32350
32534	32654
32710	32746
32760	32767
32767	32767
32767	32767
32767	32767
32767	32767
32767	32767
32767	32767
32767	32767
32767	32767
32767	32767
32767	32767
32767	32767
32767	32767
32767	32767
32767	32767
32767	32767
32767	32767
32767	32767
32767	32767
32767	32767
32767	32767
32767	32767
32767	32767
32767	32767
32767	32767
32767	32767
32767	32767
32767	32767
32767	32767
32767	32767
32767	32767
32767	32767
32767	32767
32767	32767
32767	32767
32767	32767
32767	32767
32767	32767
32767	32767
32767	32767
32767	32767
32767	32767
32767	32767
32767	32767
32767	32767
32767	32767
32767	32767
32767	32767
32767	32767
32767	32767
32767	32767
32767	32767
32767	32767
32767	32767
32767	32767
32767	32767
32767	32767
32767	32767
32767	32767
32767	32767
32767	32767
32767	32767
32767	32767
32767	32767
32767	32767
32767	32767
32767	32767
32767	32767
32767	32767
32767	32767
32767	32767
32767	32767
32767	32767
32767	32767
32767	32767
32767	32767
32767	32767
32767	32767
32767	32719
32623	32575
32575	32593
32631	32649
32649	32649
32649	32649
32649	32625
32577	32535
32501	32445
32366	32271
32159	32044
31926	31835
31770	31739
31740	31676
31548	31403
31243	31087
30935	30803
30690	30557
30404	30239
30062	29890
29723	29575
29447	29319
29191	29009
28773	28581
28434	28175
27803	27527
27347	27121
26849	26563
26261	26005
25795	25527
25201	24824
24396	24037
23749	23456
23159	22844
22512	22145
21744	21380
21055	20775
20540	20310
20085	19834
19557	19340
19182	18780
18135	17720
17535	17338
17129	16943
16779	16643
16535	16394
16218	15986
15697	15457
15267	15171
15168	15035
14771	14475
14146	13916
13782	13633
13469	13217
12878	12415
11827	11290
10804	10432
10173	9956
9779	9629
9506	9437
9423	9284
9022	8731
8414	8200
8089	8114
8273	8438
8610	8197
7198	7105
7917	9431
11647	13829
15977	18171
20411	22169
23446	23901
23535	23542
23923	24294
24657	24974
25247	25454
25596	25869
26273	26708
27173	27408
27413	27258
26943	26667
26429	26801
27783	28670
29463	30010
30312	30649
31022	31230
31273	31060
30591	30396
30475	30368
30074	29743
29374	29569
30327	30679
30625	30291
29677	27641
24182	22153
21555	19614
16330	14673
14643	16421
20004	23118
25761	26874
26455	24126
19886	16613
14306	12090
9965	8281
7038	6557
6839	8539
11655	14465
16969	19586
22316	24944
27470	28661
28518	27282
24953	23519
22981	22652
22534	21971
20963	20009
19108	19505
21201	21874
21525	20823
19767	19677
20554	23805
29431	32280
32352	32410
32453	32284
31903	31929
32362	32593
32621	32456
32098	32006
32181	32363
32553	32670
32715	32746
32760	32767
32767	32767
32767	32767
32767	32767
32767	32767
32767	32767
32767	32767
32767	32767
32767	32767
32767	32767
32767	32767
32767	32767
32767	32767
32767	32767
32767	32767
32767	32767
32767	32767
32767	32767
32767	32767
32767	32767
32767	32767
32767	32767
32767	32767
32767	32767
32767	32767
32767	32767
32767	32767
32767	32767
32767	32767
32767	32767
32767	32767
32767	32767
32767	32767
32767	32767
32767	32767
32767	32767
32767	32767
32767	32767
32767	32767
32767	32767
32767	32767
32767	32767
32767	32767
32767	32767
32767	32767
32767	32767
32767	32767
32767	32767
32767	32767
32767	32767
32767	32767
32767	32767
32767	32767
32767	32767
32767	32767
32767	32767
32767	32767
32767	32767
32767	32767
32767	32767
32767	32767
32767	32767
32767	32767
32767	32767
32767	32767
32767	32767
32767	32767
32767	32767
32767	32767
32767	32767
32767	32767
32767	32767
32767	32767
32767	32767
32767	32767
32767	32767
32767	32767
32767	32767
32767	32751
32719	32703
32703	32709
32722	32728
32728	32728
32728	32728
32728	32720
32704	32685
32664	32555
32357	32218
32138	32057
31975	31902
31837	31784
31742	31656
31528	31415
31319	31251
31211	31084
30871	30723
30639	30525
30381	30227
30063	29917
29789	29668
29556	29421
29265	29136
29034	28780
28371	28067
27866	27615
27313	27000
26676	26425
26247	25990
25655	25309
24952	24663
24441	24197
23932	23630
23291	22904
22470	22086
21751	21488
21296	21121
20961	20787
20599	20437
20302	19928
19315	18924
18754	18549
18308	18070
17834	17619
17425	17208
16968	16672
16318	16029
15805	15628
15498	15343
15163	14960
14732	14555
14430	14246
14004	13724
13407	12999
12500	12052
11655	11247
10828	10546
10402	10223
10011	9859
9769	9659
9528	9367
9176	8997
8832	8717
8653	8641
8681	8536
8204	8100
8226	8776
9750	11284
13377	15801
18554	20816
22586	23552
23713	24051
24564	24930
25146	25453
25850	26146
26342	26454
26480	26481
26455	26528
26701	26926
27202	27188
26883	27246
28276	29091
29690	29978
29957	30380
31248	31691
31710	31120
29920	29719
30516	30667
30172	29815
29597	29985
30978	30991
30023	29610
29750	27577
23089	19995
18295	16595
14893	13286
11774	13759
19241	23515
26581	27150
25224	22076
17707	13999
10952	8809
7569	7097
7393	8268
9723	11149
12545	14148
15958	18775
22597	25420
27242	28244
28426	27203
24575	22744
21709	21621
22479	21540
18804	16663
15116	15277
17145	18526
19420	19608
19092	19835
21838	25209
29948	32347
32404	32462
32520	32504
32411	32438
32582	32659
32669	32620
32512	32478
32517	32575
32650	32701
32726	32746
32760	32767
32767	32767
32767	32767
32767	32767
32767	32767
32767	32767
32767	32767
32767	32767
32767	32767
32767	32767
32767	32767
32767	32767
32767	32767
32767	32767
32767	32767
32767	32767
32767	32767
32767	32767
32767	32767
32767	32767
32767	32767
32767	32767
32767	32767
32767	32767
32767	32767
32767	32767
32767	32767
32767	32767
32767	32767
32767	32767
32767	32767
32767	32767
32767	32767
32767	32767
32767	32767
32767	32767
32767	32767
32767	32767
32767	32767
32767	32767
32767	32767
32767	32767
32767	32767
32767	32767
32767	32767
32767	32767
32767	32767
32767	32767
32767	32767
32767	32767
32767	32767
32767	32767
32767	32767
32767	32767
32767	32767
32767	32767
32767	32767
32767	32767
32767	32767
32767	32767
32767	32767
32767	32767
32767	32767
32767	32767
32767	32767
32767	32767
32767	32767
32767	32767
32767	32767
32767	32767
32767	32767
32767	32767
32767	32767
32767	32767
32767	32767
32767	32767
32767	32767
32767	32767
32767	32767
32767	32767
32767	32767
32767	32767
32767	32767
32767	32767
32767	32767
32767	32762
32751	32625
32384	32232
32167	32103
32039	31975
31910	31846
31782	31693
31581	31493
31428	31395
31393	31283
31065	30932
30883	30794
30666	30523
30366	30226
30102	29981
29862	29754
29656	29569
29492	29270
28903	28620
28419	28158
27835	27522
27218	26982
26814	26570
26251	25939
25634	25381
25179	24989
24811	24557
24227	23843
23405	23019
22684	22432
22262	22109
21973	21830
21681	21541
21411	21052
20463	20073
19884	19656
19389	19119
18847	18587
18341	18072
17782	17443
17056	16740
16495	16236
15962	15756
15619	15452
15254	15085
14946	14745
14480	14187
13865	13480
13030	12626
12267	11884
11478	11202
11058	10862
10615	10427
10299	10196
10120	10017
9888	9728
9535	9346
9161	8990
8832	8750
8742	8657
8494	8558
8849	9832
11506	13658
16287	18650
20747	22201
23011	23991
25141	25746
25807	25929
26115	26157
26055	25856
25559	25346
25218	25409
25920	26527
27232	27523
27399	27670
28335	29086
29923	30303
30227	30490
31091	31426
31494	30911
29677	29474
30304	30568
30266	29991
29741	29941
30592	30444
29495	29039
29074	26958
22690	19758
18160	16349
14323	12254
10143	12077
18057	22519
25465	25626
23004	19685
15668	12235
9384	7762
7369	7808
9079	10518
12125	12978
13075	13751
15007	17802
22135	25169
26904	27781
27798	26249
23134	20761
19130	19391
21543	21137
18171	15734
13825	13538
14874	16430
18205	19396
20004	21511
23917	26856
30329	32174
32392	32532
32594	32647
32689	32709
32704	32701
32701	32708
32722	32719
32698	32695
32709	32724
32738	32751
32762	32767
32767	32767
32767	32767
32767	32767
32767	32767
32767	32767
32767	32767
32767	32767
32767	32767
32767	32767
32767	32767
32767	32767
32767	32767
32767	32767
32767	32767
32767	32767
32767	32767
32767	32767
32767	32767
32767	32767
32767	32767
32767	32767
32767	32767
32767	32767
32767	32767
32767	32767
32767	32767
32767	32767
32767	32767
32767	32767
32767	32767
32767	32767
32767	32767
32767	32767
32767	32767
32767	32767
32767	32767
32767	32767
32767	32767
32767	32767
32767	32767
32767	32767
32767	32767
32767	32767
32767	32767
32767	32767
32767	32767
32767	32767
32767	32767
32767	32767
32767	32767
32767	32767
32767	32767
32767	32767
32767	32767
32767	32767
32767	32767
32767	32767
32767	32767
32767	32767
32767	32767
32767	32767
32767	32767
32767	32767
32767	32767
32767	32767
32767	32767
32767	32767
32767	32767
32767	32767
32767	32767
32767	32767
32767	32767
32767	32767
32767	32767
32767	32767
32767	32767
32767	32767
32767	32767
32767	32767
32767	32767
32767	32767
32767	32767
32767	32767
32767	32767
32767	32766
32762	32656
32447	32310
32246	32182
32118	32053
31989	31925
31861	31788
31708	31636
31572	31520
31482	31400
31272	31184
31135	31046
30918	30780
30633	30502
30388	30257
30109	30006
29946	29880
29807	29646
29398	29185
29005	28749
28415	28128
27888	27678
27496	27267
26990	26715
26441	26191
25963	25830
25794	25624
25320	24961
24549	24180
23855	23607
23437	23276
23123	22965
22802	22651
22509	22152
21578	21169
20925	20659
20372	20090
19816	19547
19284	18988
18660	18300
17909	17588
17338	16995
16560	16275
16138	15951
15713	15507
15332	15129
14897	14605
14253	13857
13417	13011
12640	12343
12122	11923
11746	11545
11318	11140
11012	10897
10795	10680
10552	10391
10199	10001
9798	9485
9062	8839
8814	8775
8721	8778
8944	9473
10365	11743
13608	15670
17927	19847
21429	23364
25653	26744
26637	26403
26042	25486
24735	24075
23508	23304
23463	24051
25068	26062
27034	27672
27977	28073
27961	28657
30162	30984
31124	30980
30552	30434
30625	30434
29861	29663
29838	30070
30358	30269
29804	29437
29170	29037
29040	28577
27648	25784
22985	21440
21150	18877
14618	11576
9750	11375
16451	20131
22413	22301
19794	16950
13770	11320
9601	8950
9366	10415
12096	13306
14047	14026
13245	13275
14116	16668
20930	24193
26457	27271
26634	24421
20632	17572
15244	15962
19726	20761
19065	17223
15234	14289
14390	15586
17880	20186
22504	24706
26792	28747
30573	31762
32314	32618
32673	32713
32737	32741
32727	32720
32720	32722
32727	32727
32723	32724
32728	32738
32753	32762
32766	32767
32767	32767
32767	32767
32767	32767
32767	32767
32767	32767
32767	32767
32767	32767
32767	32767
32767	32767
32767	32767
32767	32767
32767	32767
32767	32767
32767	32767
32767	32767
32767	32767
32767	32767
32767	32767
32767	32767
32767	32767
32767	32767
32767	32767
32767	32767
32767	32767
32767	32767
32767	32767
32767	32767
32767	32767
32767	32767
32767	32767
32767	32767
32767	32767
32767	32767
32767	32767
32767	32767
32767	32767
32767	32767
32767	32767
32767	32767
32767	32767
32767	32767
32767	32767
32767	32767
32767	32767
32767	32767
32767	32767
32767	32767
32767	32767
32767	32767
32767	32767
32767	32767
32767	32767
32767	32767
32767	32767
32767	32767
32767	32767
32767	32767
32767	32767
32767	32767
32767	32767
32767	32767
32767	32767
32767	32767
32767	32767
32767	32767
32767	32767
32767	32767
32767	32767
32767	32767
32767	32767
32767	32767
32767	32767
32767	32767
32767	32767
32767	32767
32767	32767
32767	32767
32767	32767
32767	32767
32767	32767
32767	32767
32767	32767
32767	32767
32767	32767
32767	32767
32767	32679
32502	32390
32342	32286
32221	32157
32093	32029
31964	31900
31836	31772
31707	31655
31616	31571
31520	31472
31424	31345
31233	31106
30965	30838
30725	30588
30426	30327
30290	30235
30161	30048
29893	29727
29549	29310
29012	28759
28552	28359
28181	27983
27765	27527
27270	27029
26804	26700
26718	26579
26281	25934
25538	25189
24887	24648
24473	24307
24150	23985
23811	23643
23481	23164
22691	22321
22055	21771
21470	21174
20884	20605
20337	20025
19669	19296
18905	18576
18310	17886
17306	16939
16783	16578
16323	16091
15882	15656
15414	15101
14718	14297
13836	13424
13060	12791
12618	12443
12267	12073
11862	11693
11564	11455
11363	11254
11125	10964
10772	10583
10397	10097
9682	9414
9293	9228
9221	9264
9358	9541
9812	10488
11568	13168
15286	17332
19303	21790
24791	26284
26269	26004
25491	24704
23644	22800
22174	22105
22595	23505
24835	26044
27132	27918
28402	28428
27996	28650
30388	31374
31606	31292
30432	30015
30040	29837
29406	29142
29045	29212
29645	29605
29092	28421
27591	27220
27308	26499
24793	23304
22032	21670
22219	20015
15056	12002
10854	12129
15828	18312
19583	19161
17048	15035
13124	11874
11285	11339
12034	13109
14561	15312
15360	14838
13746	13629
14486	16821
20633	23707
26043	26657
25549	23292
19887	17121
14993	15826
19621	21281
20807	19543
17489	15831
14569	15068
17329	20259
23856	26730
28881	30345
31122	31789
32346	32650
32701	32737
32757	32758
32739	32729
32729	32729
32729	32731
32736	32738
32738	32746
32760	32767
32767	32767
32767	32767
32767	32767
32767	32767
32767	32767
32767	32767
32767	32767
32767	32767
32767	32767
32767	32767
32767	32767
32767	32767
32767	32767
32767	32767
32767	32767
32767	32767
32767	32767
32767	32767
32767	32767
32767	32767
32767	32767
32767	32767
32767	32767
32767	32767
32767	32767
32767	32767
32767	32767
32767	32767
32767	32767
32767	32767
32767	32767
32767	32767
32767	32767
32767	32767
32767	32767
32767	32767
32767	32767
32767	32767
32767	32767
32767	32767
32767	32767
32767	32767
32767	32767
32767	32767
32767	32767
32767	32767
32767	32767
32767	32767
32767	32767
32767	32767
32767	32767
32767	32767
32767	32767
32767	32767
32767	32767
32767	32767
32767	32767
32767	32767
32767	32767
32767	32767
32767	32767
32767	32767
32767	32767
32767	32767
32767	32767
32767	32767
32767	32767
32767	32767
32767	32767
32767	32767
32767	32767
32767	32767
32767	32767
32767	32767
32767	32767
32767	32767
32767	32767
32767	32767
32767	32767
32767	32767
32767	32767
32767	32767
32767	32767
32767	32767
32767	32767
32767	32767
32767	32695
32551	32470
32454	32414
32350	32286
32221	32157
32093	32029
31964	31900
31836	31800
31792	31795
31809	31795
31752	31690
31610	31501
31363	31234
31114	30973
30811	30716
30686	30633
30556	30474
30388	30246
30049	29843
29628	29416
29209	29027
28869	28719
28576	28376
28120	27895
27702	27598
27584	27422
27111	26761
26372	26046
25782	25556
25369	25202
25055	24889
24706	24518
24327	24088
23802	23530
23273	22991
22685	22371
22051	21760
21500	21183
20811	20431
20043	19703
19411	18909
18199	17748
17555	17333
17082	16835
16594	16327
16032	15677
15261	14798
14286	13863
13527	13229
12967	12763
12619	12447
12248	12085
11956	11869
11823	11736
11608	11447
11254	11092
10959	10825
10691	10475
10178	10017
9992	10017
10092	10036
9848	9891
10167	11144
12824	14655
16636	19269
22553	24364
24702	24735
24462	23811
22782	22031
21556	21750
22614	23771
25220	26472
27526	28259
28673	28734
28442	29065
30601	31471
31673	31427
30731	30168
29737	29118
28312	27913
27924	27995
28127	27997
27606	26892
25855	24991
24299	22805
20509	19518
19831	20448
21367	19764
15637	13534
13455	14339
16186	17065
16974	16208
14765	13940
13731	13896
14435	14928
15374	15890
16475	16534
16066	15415
14579	14814
16117	18261
21245	23712
25663	25939
24542	22862
20901	19406
18378	18985
21226	22697
23395	22694
20591	18164
15412	14875
16553	19615
24061	27584
30185	31650
31978	32257
32486	32627
32678	32720
32752	32758
32739	32729
32729	32729
32729	32731
32736	32738
32738	32746
32760	32767
32767	32767
32767	32767
32767	32767
32767	32767
32767	32767
32767	32767
32767	32767
32767	32767
32767	32767
32767	32767
32767	32767
32767	32767
32767	32767
32767	32767
32767	32767
32767	32767
32767	32767
32767	32767
32767	32767
32767	32767
32767	32767
32767	32767
32767	32767
32767	32767
32767	32767
32767	32767
32767	32767
32767	32767
32767	32767
32767	32767
32767	32767
32767	32767
32767	32767
32767	32767
32767	32767
32767	32767
32767	32767
32767	32767
32767	32767
32767	32767
32767	32767
32767	32767
32767	32767
32767	32767
32767	32767
32767	32767
32767	32767
32767	32767
32767	32767
32767	32767
32767	32767
32767	32767
32767	32767
32767	32767
32767	32767
32767	32767
32767	32767
32767	32767
32767	32767
32767	32767
32767	32767
32767	32767
32767	32767
32767	32767
32767	32767
32767	32767
32767	32767
32767	32767
32767	32767
32767	32767
32767	32767
32767	32767
32767	32767
32767	32767
32767	32767
32767	32767
32767	32767
32767	32767
32767	32767
32767	32767
32767	32767
32767	32767
32767	32767
32767	32767
32767	32767
32767	32767
32767	32719
32623	32567
32551	32519
32470	32414
32350	32286
32221	32157
32093	32029
31964	31934
31936	31973
32045	32055
32005	31947
31883	31795
31683	31561
31429	31295
31158	31072
31038	30986
30917	30834
30738	30597
30410	30231
30060	29879
29686	29536
29427	29316
29205	29028
28784	28582
28423	28324
28284	28114
27812	27475
27102	26802
26575	26365
26172	26002
25855	25690
25509	25320
25125	24947
24786	24582
24334	24063
23768	23461
23141	22851
22589	22287
21945	21581
21196	20854
20556	20012
19223	18728
18526	18292
18024	17754
17481	17168
16814	16411
15960	15460
14913	14470
14133	13777
13402	13140
12990	12827
12650	12497
12369	12296
12279	12206
12077	11919
11731	11579
11463	11409
11415	11193
10741	10463
10359	10354
10447	10340
10031	9773
9567	9978
11007	12284
13810	16096
19143	21084
21918	22463
22718	22537
21919	21567
21481	22017
23177	24435
25789	26864
27658	28260
28671	28904
28957	29396
30221	30536
30343	30154
29969	29420
28505	27372
26019	25704
26427	26642
26351	25969
25497	24947
24317	23150
21448	19668
17811	17520
18796	19596
19920	18931
16629	15935
16847	17466
17792	17414
16334	15331
14404	14383
15266	16226
17263	17735
17643	17421
17069	16610
16043	15618
15333	16059
17794	19620
21536	23147
24453	24311
22721	21638
21061	20752
20711	21328
22602	23577
24253	23421
21079	18448
15527	14997
16859	20168
24924	28549
31044	32315
32362	32440
32547	32628
32683	32723
32746	32751
32736	32729
32729	32730
32731	32731
32731	32731
32731	32738
32753	32762
32766	32767
32767	32767
32767	32767
32767	32767
32767	32767
32767	32767
32767	32767
32767	32767
32767	32767
32767	32767
32767	32767
32767	32767
32767	32767
32767	32767
32767	32767
32767	32767
32767	32767
32767	32767
32767	32767
32767	32767
32767	32767
32767	32767
32767	32767
32767	32767
32767	32767
32767	32767
32767	32767
32767	32767
32767	32767
32767	32767
32767	32767
32767	32767
32767	32767
32767	32767
32767	32767
32767	32767
32767	32767
32767	32767
32767	32767
32767	32767
32767	32767
32767	32767
32767	32767
32767	32767
32767	32767
32767	32767
32767	32767
32767	32767
32767	32767
32767	32767
32767	32767
32767	32767
32767	32767
32767	32767
32767	32767
32767	32767
32767	32767
32767	32767
32767	32767
32767	32767
32767	32767
32767	32767
32767	32767
32767	32767
32767	32767
32767	32767
32767	32767
32767	32767
32767	32767
32767	32767
32767	32767
32767	32767
32767	32767
32767	32767
32767	32767
32767	32767
32767	32767
32767	32767
32767	32767
32767	32767
32767	32767
32767	32767
32767	32767
32767	32767
32767	32767
32767	32767
32767	32751
32719	32679
32631	32599
32583	32543
32478	32414
32350	32286
32221	32157
32093	32056
32047	32104
32227	32253
32184	32117
32053	31988
31923	31818
31671	31553
31465	31395
31344	31293
31243	31127
30944	30779
30631	30474
30310	30146
29984	29886
29853	29775
29652	29481
29262	29090
28967	28876
28818	28654
28385	28076
27728	27458
27266	27074
26882	26707
26550	26387
26219	26048
25875	25741
25644	25477
25239	24987
24720	24443
24156	23876
23605	23337
23072	22747
22362	22028
21745	21195
20379	19880
19697	19453
19150	18846
18541	18179
17762	17306
16813	16282
15714	15245
14876	14436
13926	13574
13380	13211
13067	12930
12802	12735
12729	12662
12533	12380
12201	12045
11910	11847
11855	11567
10982	10567
10321	10273
10423	10452
10360	10133
9770	9671
9836	10220
10825	12272
14561	16442
17916	19189
20260	20882
21055	21410
21949	22907
24285	25497
26543	27220
27527	27920
28398	28938
29540	29642
29246	28570
27615	27475
28148	27771
26345	24597
22529	22514
24554	25155
24318	23522
22768	22585
22974	21697
18755	17088
16698	17311
18927	19115
17876	17515
18033	19205
21031	21511
20644	19361
17664	16532
15965	16365
17730	18864
19766	19759
18841	17702
16343	15539
15292	15448
16008	17365
19518	20899
21507	22013
22415	21773
20086	19618
20368	21160
21993	22855
23746	23921
23381	21725
18954	16683
14914	15435
18248	21918
26445	29625
31457	32340
32275	32337
32527	32654
32717	32746
32741	32736
32731	32729
32729	32731
32734	32731
32721	32716
32716	32724
32738	32751
32762	32767
32767	32767
32767	32767
32767	32767
32767	32767
32767	32767
32767	32767
32767	32767
32767	32767
32767	32767
32767	32767
32767	32767
32767	32767
32767	32767
32767	32767
32767	32767
32767	32767
32767	32767
32767	32767
32767	32767
32767	32767
32767	32767
32767	32767
32767	32767
32767	32767
32767	32767
32767	32767
32767	32767
32767	32767
32767	32767
32767	32767
32767	32767
32767	32767
32767	32767
32767	32767
32767	32767
32767	32767
32767	32767
32767	32767
32767	32767
32767	32767
32767	32767
32767	32767
32767	32767
32767	32767
32767	32767
32767	32767
32767	32767
32767	32767
32767	32767
32767	32767
32767	32767
32767	32767
32767	32767
32767	32767
32767	32767
32767	32767
32767	32767
32767	32767
32767	32767
32767	32767
32767	32767
32767	32767
32767	32767
32767	32767
32767	32767
32767	32767
32767	32767
32767	32767
32767	32767
32767	32767
32767	32767
32767	32767
32767	32767
32767	32767
32767	32767
32767	32767
32767	32767
32767	32767
32767	32767
32767	32767
32767	32767
32767	32767
32767	32767
32767	32767
32767	32767
32767	32767
32767	32743
32695	32671
32671	32639
32575	32510
32446	32390
32342	32286
32221	32182
32167	32220
32339	32368
32305	32241
32177	32120
32069	31980
31853	31756
31688	31621
31556	31512
31489	31370
31153	30973
30828	30677
30521	30385
30270	30217
30226	30174
30062	29911
29722	29574
29469	29421
29432	29308
29050	28772
28471	28232
28054	27888
27735	27578
27416	27254
27090	26921
26747	26599
26476	26311
26102	25876
25634	25393
25154	24919
24690	24465
24243	23953
23596	23288
23031	22523
21765	21298
21121	20871
20550	20221
19884	19488
19035	18541
18006	17450
16871	16390
16004	15506
14896	14488
14284	14093
13916	13747
13584	13471
13407	13295
13134	12948
12738	12557
12406	12317
12289	12014
11492	11064
10730	10608
10698	10789
10882	10783
10492	10153
9765	9479
9295	9871
11207	12748
14492	16112
17606	18733
19490	20420
21522	22910
24583	25881
26803	27272
27288	27577
28140	28758
29432	29139
27880	26384
24652	24102
24735	24214
22538	20722
18765	19353
22486	23619
22754	21600
20156	20044
21265	20359
17325	16319
17342	18482
19739	19361
17349	17341
19337	21406
23548	23904
22476	20845
19013	17904
17518	17922
19115	19982
20522	20151
18868	17362
15630	14672
14486	14892
15890	17505
19737	20750
20543	20471
20534	19795
18253	18122
19402	20528
21501	22407
23248	23189
22230	20610
18328	16957
16495	17891
21145	24612
28290	30705
31856	32393
32315	32369
32555	32678
32738	32758
32739	32729
32729	32731
32736	32739
32738	32731
32716	32709
32709	32716
32731	32746
32760	32767
32767	32767
32767	32767
32767	32767
32767	32767
32767	32767
32767	32767
32767	32767
32767	32767
32767	32767
32767	32767
32767	32767
32767	32767
32767	32767
32767	32767
32767	32767
32767	32767
32767	32767
32767	32767
32767	32767
32767	32767
32767	32767
32767	32767
32767	32767
32767	32767
32767	32767
32767	32767
32767	32767
32767	32767
32767	32767
32767	32767
32767	32767
32767	32767
32767	32767
32767	32767
32767	32767
32767	32767
32767	32767
32767	32767
32767	32767
32767	32767
32767	32767
32767	32767
32767	32767
32767	32767
32767	32767
32767	32767
32767	32767
32767	32767
32767	32767
32767	32767
32767	32767
32767	32767
32767	32767
32767	32767
32767	32767
32767	32767
32767	32767
32767	32767
32767	32767
32767	32767
32767	32767
32767	32767
32767	32767
32767	32767
32767	32767
32767	32767
32767	32767
32767	32767
32767	32767
32767	32767
32767	32767
32767	32767
32767	32767
32767	32767
32767	32767
32767	32767
32767	32767
32767	32767
32767	32767
32767	32767
32767	32767
32767	32767
32767	32767
32767	32767
32767	32767
32767	32767
32767	32759
32743	32735
32735	32703
32639	32575
32510	32470
32454	32414
32350	32310
32296	32320
32383	32399
32368	32320
32256	32189
32120	32049
31976	31903
31827	31751
31674	31642
31656	31563
31366	31179
31002	30840
30693	30594
30543	30527
30546	30515
30434	30317
30164	30034
29929	29959
30127	30077
29810	29562
29333	29125
28938	28807
28734	28616
28455	28290
28122	27939
27740	27521
27282	27082
26922	26731
26510	26311
26136	25980
25844	25669
25457	25200
24897	24635
24414	23996
23382	22982
22798	22546
22225	21879
21510	21095
20634	20116
19539	18962
18384	17902
17517	16988
16313	15884
15700	15471
15198	14946
14716	14505
14313	14104
13879	13625
13340	13116
12952	12819
12718	12535
12269	11952
11584	11357
11271	11351
11596	11723
11733	11424
10796	10061
9219	8893
9082	10000
11645	13231
14758	16090
17225	18596
20201	22027
24072	25586
26569	27020
26940	27232
27897	28364
28634	27886
26123	23978
21453	20037
19731	18747
17084	15745
14729	16221
20221	22034
21661	20203
17661	17324
19191	19135
17158	17360
19744	21035
21233	20335
18340	18409
20541	22537
24398	24648
23288	21866
20383	19449
19063	19053
19420	19579
19530	18912
17726	16399
14933	14008
13625	13949
14980	16480
18450	19172
18644	18524
18812	18377
17221	17149
18163	18858
19234	19984
21107	21379
20801	20076
19203	19268
20271	22366
25552	28250
30458	31789
32242	32473
32481	32533
32629	32700
32745	32758
32739	32729
32729	32736
32751	32753
32743	32731
32716	32709
32709	32716
32731	32746
32760	32767
32767	32767
32767	32767
32767	32767
32767	32767
32767	32767
32767	32767
32767	32767
32767	32767
32767	32767
32767	32767
32767	32767
32767	32767
32767	32767
32767	32767
32767	32767
32767	32767
32767	32767
32767	32767
32767	32767
32767	32767
32767	32767
32767	32767
32767	32767
32767	32767
32767	32767
32767	32767
32767	32767
32767	32767
32767	32767
32767	32767
32767	32767
32767	32767
32767	32767
32767	32767
32767	32767
32767	32767
32767	32767
32767	32767
32767	32767
32767	32767
32767	32767
32767	32767
32767	32767
32767	32767
32767	32767
32767	32767
32767	32767
32767	32767
32767	32767
32767	32767
32767	32767
32767	32767
32767	32767
32767	32767
32767	32767
32767	32767
32767	32767
32767	32767
32767	32767
32767	32767
32767	32767
32767	32767
32767	32767
32767	32767
32767	32767
32767	32767
32767	32767
32767	32767
32767	32767
32767	32767
32767	32767
32767	32767
32767	32767
32767	32767
32767	32767
32767	32767
32767	32767
32767	32767
32767	32767
32767	32767
32767	32767
32767	32767
32767	32767
32767	32767
32767	32767
32767	32767
32767	32767
32767	32767
32767	32735
32671	32615
32567	32535
32519	32486
32438	32407
32392	32390
32401	32404
32401	32367
32303	32241
32182	32123
32065	32007
31947	31879
31802	31775
31799	31743
31608	31449
31268	31112
30981	30908
30894	30894
30908	30888
30835	30740
30602	30483
30382	30440
30655	30643
30403	30195
30018	29848
29683	29591
29571	29485
29331	29173
29010	28827
28623	28386
28114	27912
27780	27618
27427	27276
27165	27076
27009	26889
26718	26505
26251	26026
25830	25495
25021	24696
24521	24273
23951	23614
23261	22868
22435	21936
21370	20803
20236	19762
19380	18827
18105	17644
17446	17160
16786	16444
16133	15838
15559	15265
14957	14617
14248	13969
13780	13544
13260	13121
13129	12958
12608	12257
11904	11823
12015	12232
12474	12309
11737	10930
9888	9088
8531	8866
10094	11292
12461	13639
14825	16391
18336	20538
22997	24906
26264	27003
27122	27339
27655	27600
27174	26290
24949	22896
20129	17796
15896	14146
12545	11814
11953	14038
18070	20198
20424	18906
15645	14964
16863	17422
16642	17501
20001	20829
19986	19326
18849	19414
21020	22435
23659	23542
22082	20790
19664	19039
18913	18895
18983	18929
18734	18174
17248	16169
14935	14089
13631	13788
14561	15660
17087	17505
16915	16880
17399	17363
16772	16919
17804	18281
18348	19073
20455	21318
21662	21996
22321	23191
24607	26503
28880	30610
31693	32291
32404	32497
32571	32634
32685	32720
32739	32744
32734	32729
32729	32739
32758	32758
32740	32724
32712	32706
32708	32716
32731	32746
32760	32767
32767	32767
32767	32767
32767	32767
32767	32767
32767	32767
32767	32767
32767	32767
32767	32767
32767	32767
32767	32767
32767	32767
32767	32767
32767	32767
32767	32767
32767	32767
32767	32767
32767	32767
32767	32767
32767	32767
32767	32767
32767	32767
32767	32767
32767	32767
32767	32767
32767	32767
32767	32767
32767	32767
32767	32767
32767	32767
32767	32767
32767	32767
32767	32767
32767	32767
32767	32767
32767	32767
32767	32767
32767	32767
32767	32767
32767	32767
32767	32767
32767	32767
32767	32767
32767	32767
32767	32767
32767	32767
32767	32767
32767	32767
32767	32767
32767	32767
32767	32767
32767	32767
32767	32767
32767	32767
32767	32767
32767	32767
32767	32767
32767	32767
32767	32767
32767	32767
32767	32767
32767	32767
32767	32767
32767	32767
32767	32767
32767	32767
32767	32767
32767	32767
32767	32767
32767	32767
32767	32767
32767	32767
32767	32767
32767	32767
32767	32767
32767	32767
32767	32767
32767	32767
32767	32767
32767	32767
32767	32767
32767	32767
32767	32767
32767	32767
32767	32767
32767	32767
32767	32767
32767	32767
32767	32767
32767	32735
32671	32631
32615	32583
32535	32502
32486	32471
32456	32431
32394	32385
32404	32382
32317	32275
32256	32204
32119	32067
32048	32005
31940	31911
31919	31908
31879	31785
31626	31493
31384	31328
31323	31318
31313	31295
31265	31180
31038	30922
30830	30862
31016	31006
30831	30671
30526	30399
30289	30238
30247	30183
30047	29904
29754	29585
29397	29193
28974	28801
28674	28536
28387	28289
28242	28208
28186	28125
28025	27870
27660	27463
27280	27020
26682	26438
26287	26052
25730	25425
25136	24808
24439	24003
23497	22972
22428	21968
21591	21026
20271	19770
19523	19160
18680	18239
17835	17472
17147	16779
16366	15927
15461	15116
14891	14491
13915	13775
14071	14080
13803	13307
12595	12205
12138	12308
12717	12810
12589	12086
11301	10457
9554	9348
9838	10294
10715	11381
12291	13807
15928	18446
21360	23841
25890	27220
27834	27898
27414	26465
25053	24350
24359	23136
20681	17380
13231	10411
8921	8929
10435	12802
16031	18111
19044	17709
14108	12966
14283	15220
15777	16741
18113	17864
15997	16334
18878	20358
20775	21100
21333	20586
18860	17616
16856	16674
17070	17446
17802	18032
18135	17937
17436	16670
15638	14916
14503	14409
14633	15045
15646	15750
15356	15538
16296	16752
16907	17432
18327	18797
18844	19676
21293	23004
24810	26369
27681	28725
29502	30303
31129	31693
31993	32209
32341	32466
32585	32671
32723	32739
32720	32715
32725	32729
32729	32739
32758	32755
32729	32712
32702	32701
32706	32716
32731	32746
32760	32767
32767	32767
32767	32767
32767	32767
32767	32767
32767	32767
32767	32767
32767	32767
32767	32767
32767	32767
32767	32767
32767	32767
32767	32767
32767	32767
32767	32767
32767	32767
32767	32767
32767	32767
32767	32767
32767	32767
32767	32767
32767	32767
32767	32767
32767	32767
32767	32767
32767	32767
32767	32767
32767	32767
32767	32767
32767	32767
32767	32767
32767	32767
32767	32767
32767	32767
32767	32767
32767	32767
32767	32767
32767	32767
32767	32767
32767	32767
32767	32767
32767	32767
32767	32767
32767	32767
32767	32767
32767	32767
32767	32767
32767	32767
32767	32767
32767	32767
32767	32767
32767	32767
32767	32767
32767	32767
32767	32767
32767	32767
32767	32767
32767	32767
32767	32767
32767	32767
32767	32767
32767	32767
32767	32767
32767	32767
32767	32767
32767	32767
32767	32767
32767	32767
32767	32767
32767	32767
32767	32767
32767	32767
32767	32767
32767	32767
32767	32767
32767	32767
32767	32767
32767	32767
32767	32767
32767	32767
32767	32767
32767	32767
32767	32767
32767	32767
32767	32767
32767	32767
32767	32767
32767	32767
32767	32759
32743	32711
32663	32639
32639	32607
32543	32510
32510	32505
32494	32466
32422	32401
32404	32384
32341	32319
32319	32283
32210	32164
32146	32113
32063	32041
32047	32073
32118	32073
31936	31815
31710	31656
31652	31653
31658	31651
31633	31560
31433	31319
31217	31201
31270	31237
31103	30979
30865	30777
30715	30709
30758	30730
30624	30499
30355	30189
30001	29856
29753	29645
29533	29410
29277	29216
29226	29240
29257	29233
29169	29048
28870	28691
28511	28302
28066	27882
27750	27546
27268	27017
26792	26540
26262	25910
25484	25027
24537	24109
23744	23219
22535	22047
21757	21367
20876	20405
19956	19551
19190	18788
18343	17870
17367	16994
16750	16185
15298	15010
15321	15328
15033	14444
13562	12960
12639	12628
12928	13055
13009	12739
12247	11592
10774	10321
10232	10109
9951	10186
10813	12154
14209	16751
19778	22529
25002	26772
27837	27884
26911	25351
23202	22571
23456	22881
20846	17157
11813	8453
7079	7518
9773	12179
14736	16505
17486	16337
13060	11739
12374	13240
14337	15061
15411	14558
12502	13724
18224	20440
20374	19991
19293	17971
16026	14861
14476	14815
15878	16778
17514	18055
18401	18409
18079	17379
16310	15760
15731	15498
15062	14760
14595	14535
14581	15045
15928	16738
17475	18319
19272	19935
20310	21550
23654	25730
27779	29469
30800	31608
31892	32108
32257	32302
32243	32198
32167	32151
32150	32300
32599	32737
32713	32708
32722	32729
32729	32739
32758	32753
32724	32705
32698	32697
32702	32713
32730	32746
32760	32767
32767	32767
32767	32767
32767	32767
32767	32767
32767	32767
32767	32767
32767	32767
32767	32767
32767	32767
32767	32767
32767	32767
32767	32767
32767	32767
32767	32767
32767	32767
32767	32767
32767	32767
32767	32767
32767	32767
32767	32767
32767	32767
32767	32767
32767	32767
32767	32767
32767	32767
32767	32767
32767	32767
32767	32767
32767	32767
32767	32767
32767	32767
32767	32767
32767	32767
32767	32767
32767	32767
32767	32767
32767	32767
32767	32767
32767	32767
32767	32767
32767	32767
32767	32767
32767	32767
32767	32767
32767	32767
32767	32767
32767	32767
32767	32767
32767	32767
32767	32767
32767	32767
32767	32767
32767	32767
32767	32767
32767	32767
32767	32767
32767	32767
32767	32767
32767	32767
32767	32767
32767	32767
32767	32767
32767	32767
32767	32767
32767	32767
32767	32767
32767	32767
32767	32767
32767	32767
32767	32767
32767	32767
32767	32767
32767	32767
32767	32767
32767	32767
32767	32767
32767	32767
32767	32767
32767	32767
32767	32767
32767	32767
32767	32767
32767	32767
32767	32767
32767	32767
32767	32767
32767	32767
32767	32743
32695	32663
32647	32639
32639	32607
32543	32510
32510	32509
32505	32497
32485	32453
32401	32375
32373	32372
32372	32360
32336	32297
32243	32202
32173	32167
32185	32237
32326	32312
32197	32079
31958	31893
31882	31898
31943	31956
31937	31881
31786	31673
31544	31457
31414	31335
31221	31120
31034	30981
30961	31001
31104	31124
31061	30957
30811	30637
30437	30375
30452	30445
30355	30239
30096	30056
30118	30173
30221	30213
30149	30038
29881	29709
29521	29343
29172	29027
28909	28754
28564	28388
28228	28066
27903	27658
27333	26968
26563	26187
25839	25409
24896	24476
24148	23780
23372	22944
22494	22076
21689	21294
20888	20446
19966	19603
19356	18625
17410	16828
16879	16702
16298	15665
14804	14088
13517	13190
13108	13043
12995	12889
12725	12493
12193	11787
11275	10735
10170	10055
10391	11433
13180	15453
18252	20969
23603	25657
27131	27295
26148	24257
21623	20951
22240	22131
20624	17127
11641	8272
7019	7583
9966	12167
14186	15380
15750	14791
12502	11284
11136	11482
12322	12460
11895	10909
9503	11496
16888	19662
19816	19109
17539	15697
13582	12525
12525	13463
15338	16890
18117	18997
19530	19590
19177	18297
16949	16622
17315	17056
15846	14805
13933	13860
14588	15399
16295	17321
18476	19582
20640	21696
22749	24696
27537	29494
30567	31294
31677	31838
31777	31919
32263	32438
32442	32257
31881	31551
31267	31521
32314	32713
32718	32722
32727	32729
32729	32739
32758	32753
32724	32705
32698	32695
32697	32708
32728	32746
32760	32767
32767	32767
32767	32767
32767	32767
32767	32767
32767	32767
32767	32767
32767	32767
32767	32767
32767	32767
32767	32767
32767	32767
32767	32767
32767	32767
32767	32767
32767	32767
32767	32767
32767	32767
32767	32767
32767	32767
32767	32767
32767	32767
32767	32767
32767	32767
32767	32767
32767	32767
32767	32767
32767	32767
32767	32767
32767	32767
32767	32767
32767	32767
32767	32767
32767	32767
32767	32767
32767	32767
32767	32767
32767	32767
32767	32767
32767	32767
32767	32767
32767	32767
32767	32767
32767	32767
32767	32767
32767	32767
32767	32767
32767	32767
32767	32767
32767	32767
32767	32767
32767	32767
32767	32767
32767	32767
32767	32767
32767	32767
32767	32767
32767	32767
32767	32767
32767	32767
32767	32767
32767	32767
32767	32767
32767	32767
32767	32767
32767	32767
32767	32767
32767	32767
32767	32767
32767	32767
32767	32767
32767	32767
32767	32767
32767	32767
32767	32767
32767	32767
32767	32767
32767	32767
32767	32767
32767	32767
32767	32767
32767	32767
32767	32767
32767	32767
32767	32767
32767	32767
32767	32759
32743	32735
32735	32711
32663	32639
32639	32631
32615	32583
32535	32510
32510	32510
32510	32512
32516	32489
32429	32405
32415	32419
32419	32419
32419	32395
32348	32314
32296	32294
32310	32367
32465	32462
32358	32241
32112	32040
32025	32049
32113	32139
32125	32075
31989	31875
31731	31640
31600	31533
31439	31355
31282	31253
31269	31340
31464	31511
31480	31396
31260	31098
30910	30887
31028	31055
30966	30859
30733	30700
30762	30825
30890	30890
30825	30722
30580	30412
30219	30056
29922	29805
29705	29598
29483	29386
29305	29230
29161	29003
28756	28464
28129	27802
27484	27207
26971	26689
26361	26027
25688	25319
24918	24544
24197	23854
23517	23135
22708	22378
22143	21506
20465	19773
19429	18970
18398	17769
17084	16403
15725	15113
14567	14146
13849	13686
13654	13551
13377	12932
12216	11504
10797	10521
10677	11436
12797	14625
16920	19310
21796	23848
25466	25954
25313	23522
20581	19530
20370	20140
18839	15840
11141	8282
7263	7848
10036	12140
14157	14925
14444	13573
12314	11349
10679	10523
10882	10832
10373	9945
9547	11669
16311	18957
19608	18842
16660	14614
12703	12029
12591	14041
16377	18121
19272	20005
20320	20213
19681	18699
17265	17005
17920	17457
15616	14092
12884	13228
15124	16769
18162	19663
21271	22528
23436	24548
25866	27726
30129	31567
32041	32250
32195	32050
31817	31903
32309	32531
32568	32387
31989	31625
31297	31524
32309	32708
32722	32729
32729	32729
32729	32739
32758	32753
32724	32705
32698	32694
32694	32705
32727	32746
32760	32767
32767	32767
32767	32767
32767	32767
32767	32767
32767	32767
32767	32767
32767	32767
32767	32767
32767	32767
32767	32767
32767	32767
32767	32767
32767	32767
32767	32767
32767	32767
32767	32767
32767	32767
32767	32767
32767	32767
32767	32767
32767	32767
32767	32767
32767	32767
32767	32767
32767	32767
32767	32767
32767	32767
32767	32767
32767	32767
32767	32767
32767	32767
32767	32767
32767	32767
32767	32767
32767	32767
32767	32767
32767	32767
32767	32767
32767	32767
32767	32767
32767	32767
32767	32767
32767	32767
32767	32767
32767	32767
32767	32767
32767	32767
32767	32767
32767	32767
32767	32767
32767	32767
32767	32767
32767	32767
32767	32767
32767	32767
32767	32767
32767	32767
32767	32767
32767	32767
32767	32767
32767	32767
32767	32767
32767	32767
32767	32767
32767	32767
32767	32767
32767	32767
32767	32767
32767	32767
32767	32767
32767	32767
32767	32767
32767	32767
32767	32767
32767	32767
32767	32767
32767	32767
32767	32767
32767	32767
32767	32767
32767	32767
32767	32767
32767	32767
32767	32767
32767	32767
32767	32743
32695	32671
32671	32663
32647	32639
32639	32615
32567	32535
32519	32510
32510	32510
32510	32512
32516	32508
32489	32474
32465	32461
32461	32461
32461	32460
32460	32450
32432	32423
32423	32461
32536	32522
32417	32301
32172	32099
32082	32105
32169	32199
32194	32143
32044	31923
31779	31748
31827	31831
31759	31685
31608	31593
31642	31723
31838	31890
31880	31817
31701	31569
31422	31393
31483	31474
31367	31271
31186	31149
31160	31197
31261	31261
31197	31099
30966	30801
30604	30443
30316	30215
30140	30077
30026	30009
30025	30034
30037	29943
29753	29516
29234	28955
28681	28615
28759	28685
28395	28108
27824	27531
27229	26956
26712	26470
26229	25937
25593	25318
25113	24828
24465	23846
22971	22132
21331	20755
20402	19904
19262	18395
17303	16362
15573	15130
15033	14765
14324	13755
13055	12414
11832	11584
11670	12162
13060	14267
15781	17553
19581	21344
22841	23862
24408	23146
20077	18310
17845	16907
15493	13294
10312	8484
7811	8311
9983	12096
14651	15141
13567	12685
12495	11935
11004	10365
10017	10177
10847	11666
12634	14243
16491	18327
19749	19192
16656	14722
13390	13374
14675	16549
18996	20472
20978	21078
20772	20276
19592	18585
17257	16912
17548	16702
14372	12620
11448	12638
16189	19153
21529	23765
25860	27158
27660	28494
29661	30639
31429	31950
32202	32336
32353	32244
32010	32061
32396	32582
32619	32588
32490	32374
32239	32309
32583	32722
32727	32729
32729	32729
32729	32739
32758	32753
32724	32705
32698	32694
32694	32705
32727	32746
32760	32767
32767	32767
32767	32767
32767	32767
32767	32767
32767	32767
32767	32767
32767	32767
32767	32767
32767	32767
32767	32767
32767	32767
32767	32767
32767	32767
32767	32767
32767	32767
32767	32767
32767	32767
32767	32767
32767	32767
32767	32767
32767	32767
32767	32767
32767	32767
32767	32767
32767	32767
32767	32767
32767	32767
32767	32767
32767	32767
32767	32767
32767	32767
32767	32767
32767	32767
32767	32767
32767	32767
32767	32767
32767	32767
32767	32767
32767	32767
32767	32767
32767	32767
32767	32767
32767	32767
32767	32767
32767	32767
32767	32767
32767	32767
32767	32767
32767	32767
32767	32767
32767	32767
32767	32767
32767	32767
32767	32767
32767	32767
32767	32767
32767	32767
32767	32767
32767	32767
32767	32767
32767	32767
32767	32767
32767	32767
32767	32767
32767	32767
32767	32767
32767	32767
32767	32767
32767	32767
32767	32767
32767	32767
32767	32767
32767	32767
32767	32767
32767	32767
32767	32767
32767	32767
32767	32767
32767	32767
32767	32767
32767	32767
32767	32767
32767	32767
32767	32767
32767	32767
32767	32743
32695	32671
32671	32671
32671	32671
32671	32647
32599	32575
32575	32575
32575	32575
32575	32560
32531	32516
32516	32509
32495	32489
32489	32487
32483	32490
32507	32511
32502	32493
32484	32503
32552	32536
32455	32367
32270	32218
32209	32228
32276	32300
32300	32261
32182	32087
31976	31965
32055	32079
32037	31986
31927	31919
31962	32025
32108	32149
32149	32110
32031	31946
31854	31815
31828	31790
31703	31635
31587	31560
31555	31576
31625	31625
31576	31504
31409	31283
31129	30986
30857	30762
30703	30658
30628	30637
30686	30719
30736	30674
30534	30360
30153	29956
29769	29785
30003	30008
29801	29591
29378	29180
28996	28822
28658	28503
28358	28167
27929	27737
27590	27468
27371	26894
26036	25260
24565	24111
23897	23491
22894	22012
20845	19802
18881	18332
18155	17667
16867	16154
15527	14938
14386	14047
13921	14055
14449	15049
15856	16943
18309	19550
20665	21742
22781	21975
19322	17393
16187	14897
13525	11926
10099	8921
8389	8670
9762	11433
13683	13970
12295	11713
12225	12217
11687	11222
10821	11187
12319	13611
15064	16167
16920	17876
19035	18550
16419	15159
14767	15406
17076	18918
20932	21939
21939	21637
21032	20458
19915	19215
18357	18107
18465	17718
15866	14394
13301	14558
18164	21534
24669	27188
29093	30117
30262	30781
31675	32135
32161	32237
32361	32440
32474	32406
32236	32267
32499	32634
32671	32704
32734	32737
32713	32708
32722	32729
32729	32729
32729	32729
32729	32739
32758	32753
32724	32705
32698	32695
32697	32708
32728	32746
32760	32767
32767	32767
32767	32767
32767	32767
32767	32767
32767	32767
32767	32767
32767	32767
32767	32767
32767	32767
32767	32767
32767	32767
32767	32767
32767	32767
32767	32767
32767	32767
32767	32767
32767	32767
32767	32767
32767	32767
32767	32767
32767	32767
32767	32767
32767	32767
32767	32767
32767	32767
32767	32767
32767	32767
32767	32767
32767	32767
32767	32767
32767	32767
32767	32767
32767	32767
32767	32767
32767	32767
32767	32767
32767	32767
32767	32767
32767	32767
32767	32767
32767	32767
32767	32767
32767	32767
32767	32767
32767	32767
32767	32767
32767	32767
32767	32767
32767	32767
32767	32767
32767	32767
32767	32767
32767	32767
32767	32767
32767	32767
32767	32767
32767	32767
32767	32767
32767	32767
32767	32767
32767	32767
32767	32767
32767	32767
32767	32767
32767	32767
32767	32767
32767	32767
32767	32767
32767	32767
32767	32767
32767	32767
32767	32767
32767	32767
32767	32767
32767	32767
32767	32767
32767	32767
32767	32767
32767	32767
32767	32767
32767	32767
32767	32767
32767	32767
32767	32767
32767	32767
32767	32759
32743	32735
32735	32735
32735	32735
32735	32727
32711	32703
32703	32703
32703	32703
32703	32656
32560	32512
32512	32510
32505	32503
32503	32498
32487	32484
32490	32498
32507	32506
32493	32495
32511	32503
32471	32439
32407	32396
32406	32419
32435	32443
32443	32430
32403	32367
32320	32293
32285	32278
32271	32258
32238	32229
32232	32247
32274	32288
32288	32275
32248	32226
32209	32154
32063	32003
31974	31951
31936	31935
31948	31963
31979	31979
31963	31939
31907	31858
31792	31687
31544	31446
31394	31342
31290	31271
31288	31283
31259	31198
31099	30995
30886	30804
30750	30717
30704	30658
30580	30477
30351	30265
30220	30142
30032	29953
29905	29826
29717	29633
29575	29425
29182	28916
28626	28354
28099	27837
27568	27163
26621	25964
25194	24464
23774	23292
23019	22256
21005	20130
19632	19075
18459	17911
17431	17115
16963	16972
17144	17479
17979	18464
18937	19593
20432	20007
18319	16781
15394	14112
12936	11734
10504	9592
8996	8924
9374	10150
11252	11411
10626	10657
11503	12194
12728	13095
13295	13860
14789	15781
16835	17440
17595	17605
17468	16916
15949	15922
16835	18125
19792	21147
22188	22524
22156	21681
21101	20758
20651	20587
20565	20593
20671	20507
20100	19412
18442	18987
21048	23913
27582	29934
30968	31405
31243	31411
31908	32214
32326	32428
32519	32563
32559	32536
32494	32521
32618	32685
32723	32734
32719	32713
32718	32722
32727	32729
32729	32729
32729	32729
32729	32739
32758	32753
32724	32705
32698	32697
32702	32713
32730	32746
32760	32767
32767	32767
32767	32767
32767	32767
32767	32767
32767	32767
32767	32767
32767	32767
32767	32767
32767	32767
32767	32767
32767	32767
32767	32767
32767	32767
32767	32767
32767	32767
32767	32767
32767	32767
32767	32767
32767	32767
32767	32767
32767	32767
32767	32767
32767	32767
32767	32767
32767	32767
32767	32767
32767	32767
32767	32767
32767	32767
32767	32767
32767	32767
32767	32767
32767	32767
32767	32767
32767	32767
32767	32767
32767	32767
32767	32767
32767	32767
32767	32767
32767	32767
32767	32767
32767	32767
32767	32767
32767	32767
32767	32767
32767	32767
32767	32767
32767	32767
32767	32767
32767	32767
32767	32767
32767	32767
32767	32767
32767	32767
32767	32767
32767	32767
32767	32767
32767	32767
32767	32767
32767	32767
32767	32767
32767	32767
32767	32767
32767	32767
32767	32767
32767	32767
32767	32767
32767	32767
32767	32767
32767	32767
32767	32767
32767	32767
32767	32767
32767	32767
32767	32767
32767	32767
32767	32767
32767	32767
32767	32767
32767	32767
32767	32767
32767	32767
32767	32767
32767	32767
32767	32767
32767	32767
32767	32767
32767	32767
32767	32767
32767	32767
32767	32767
32767	32767
32767	32703
32575	32510
32510	32510
32510	32510
32510	32503
32489	32481
32481	32491
32510	32514
32503	32496
32492	32488
32482	32479
32479	32487
32501	32508
32508	32506
32501	32499
32499	32495
32487	32457
32405	32381
32384	32386
32386	32379
32365	32361
32366	32368
32368	32368
32368	32375
32390	32325
32182	32111
32111	32109
32104	32111
32128	32141
32148	32152
32152	32152
32152	32144
32129	32063
31945	31867
31827	31778
31720	31683
31667	31632
31577	31513
31438	31379
31335	31313
31311	31277
31208	31169
31158	31117
31047	31018
31031	31007
30946	30908
30892	30867
30834	30812
30802	30676
30435	30319
30330	30326
30307	30185
29959	29639
29225	28771
28278	27782
27285	26891
26602	25976
25012	24337
23950	23467
22890	22320
21755	21281
20898	20628
20471	20409
20442	20516
20631	20867
21223	20853
19759	18545
17211	16044
15042	14056
13087	12219
11453	11049
11006	11175
11555	11610
11340	11576
12320	12985
13572	13914
14011	14389
15049	15892
16918	17564
17829	17746
17314	16898
16498	17027
18486	20043
21698	22880
23588	23807
23536	23252
22955	22920
23146	23467
23881	23950
23672	23710
24062	23767
22824	22877
23926	26177
29631	31584
32036	32090
31746	31739
32069	32310
32463	32569
32631	32650
32627	32628
32654	32678
32700	32720
32739	32737
32713	32708
32722	32729
32729	32729
32729	32729
32729	32729
32729	32739
32758	32755
32729	32712
32702	32701
32706	32716
32731	32746
32760	32767
32767	32767
32767	32767
32767	32767
32767	32767
32767	32767
32767	32767
32767	32767
32767	32767
32767	32767
32767	32767
32767	32767
32767	32767
32767	32767
32767	32767
32767	32767
32767	32767
32767	32767
32767	32767
32767	32767
32767	32767
32767	32767
32767	32767
32767	32767
32767	32767
32767	32767
32767	32767
32767	32767
32767	32767
32767	32767
32767	32767
32767	32767
32767	32767
32767	32767
32767	32767
32767	32767
32767	32767
32767	32767
32767	32767
32767	32767
32767	32767
32767	32767
32767	32767
32767	32767
32767	32767
32767	32767
32767	32767
32767	32767
32767	32767
32767	32767
32767	32767
32767	32767
32767	32767
32767	32767
32767	32767
32767	32767
32767	32767
32767	32767
32767	32767
32767	32767
32767	32767
32767	32767
32767	32767
32767	32767
32767	32767
32767	32767
32767	32767
32767	32767
32767	32767
32767	32767
32767	32767
32767	32767
32767	32767
32767	32767
32767	32767
32767	32767
32767	32767
32767	32767
32767	32767
32767	32767
32767	32767
32767	32767
32767	32767
32767	32767
32767	32767
32767	32767
32767	32767
32767	32767
32767	32767
32767	32767
32767	32767
32767	32767
32767	32767
32767	32767
32767	32703
32575	32510
32510	32510
32510	32510
32510	32503
32489	32481
32481	32491
32510	32518
32514	32507
32496	32489
32488	32487
32487	32489
32494	32496
32496	32489
32475	32469
32469	32471
32476	32457
32415	32388
32376	32370
32370	32368
32364	32368
32383	32390
32390	32390
32390	32392
32397	32328
32185	32113
32113	32106
32093	32089
32095	32109
32132	32143
32143	32143
32143	32142
32139	32112
32061	32024
32000	31965
31919	31872
31824	31763
31689	31619
31551	31512
31500	31481
31453	31465
31515	31539
31536	31511
31465	31438
31430	31418
31400	31368
31320	31291
31280	31273
31270	31222
31128	31104
31148	31176
31189	31153
31067	30919
30707	30433
30097	29757
29414	29130
28905	28825
28889	28774
28479	28115
27682	27274
26893	26553
26255	26016
25835	25730
25699	25705
25749	25565
25154	24513
23642	22684
21640	20692
19841	18893
17846	16802
15761	15046
14659	14508
14592	14567
14435	14471
14676	14592
14218	13677
12969	12776
13097	13943
15313	16539
17621	18299
18573	18495
18064	18473
19721	21161
22793	24117
25134	25788
26080	26349
26594	26945
27399	27853
28305	28177
27469	27327
27751	27458
26448	26228
26798	28328
30817	32140
32295	32173
31772	31767
32157	32425
32570	32660
32695	32701
32678	32683
32717	32738
32745	32739
32720	32713
32718	32722
32727	32729
32729	32729
32729	32729
32729	32729
32729	32739
32758	32758
32740	32724
32712	32706
32708	32716
32731	32746
32760	32767
32767	32767
32767	32767
32767	32767
32767	32767
32767	32767
32767	32767
32767	32767
32767	32767
32767	32767
32767	32767
32767	32767
32767	32767
32767	32767
32767	32767
32767	32767
32767	32767
32767	32767
32767	32767
32767	32767
32767	32767
32767	32767
32767	32767
32767	32767
32767	32767
32767	32767
32767	32767
32767	32767
32767	32767
32767	32767
32767	32767
32767	32767
32767	32767
32767	32767
32767	32767
32767	32767
32767	32767
32767	32767
32767	32767
32767	32767
32767	32767
32767	32767
32767	32767
32767	32767
32767	32767
32767	32767
32767	32767
32767	32767
32767	32767
32767	32767
32767	32767
32767	32767
32767	32767
32767	32767
32767	32767
32767	32767
32767	32767
32767	32767
32767	32767
32767	32767
32767	32767
32767	32767
32767	32767
32767	32767
32767	32767
32767	32767
32767	32767
32767	32767
32767	32767
32767	32767
32767	32767
32767	32767
32767	32767
32767	32767
32767	32767
32767	32767
32767	32767
32767	32767
32767	32767
32767	32767
32767	32767
32767	32767
32767	32767
32767	32767
32767	32767
32767	32767
32767	32767
32767	32767
32767	32767
32767	32767
32767	32767
32767	32767
32767	32767
32767	32767
32767	32703
32575	32510
32510	32509
32505	32503
32503	32498
32487	32481
32481	32488
32503	32510
32510	32505
32494	32488
32488	32488
32488	32488
32488	32488
32488	32484
32474	32470
32470	32475
32484	32468
32427	32397
32379	32370
32370	32370
32370	32377
32392	32399
32399	32396
32392	32389
32389	32328
32204	32146
32151	32147
32133	32126
32126	32138
32161	32172
32172	32172
32172	32174
32178	32179
32176	32162
32135	32107
32076	32034
31979	31915
31841	31779
31727	31700
31697	31676
31637	31683
31814	31882
31887	31869
31828	31799
31784	31777
31781	31753
31694	31662
31658	31657
31660	31640
31599	31607
31665	31714
31754	31782
31796	31768
31698	31565
31367	31171
30975	30805
30661	30800
31222	31344
31165	30942
30675	30429
30204	29990
29787	29598
29423	29300
29229	29189
29180	28882
28295	27706
27115	26500
25859	25267
24725	24046
23230	22347
21397	20687
20217	19958
19909	19794
19611	19486
19417	18958
18109	17105
15946	15367
15369	16068
17466	18897
20361	21413
22054	22229
21938	22226
23094	24158
25418	26512
27439	28125
28570	28989
29382	29794
30224	30618
30975	30788
30058	29891
30286	30082
29278	28973
29168	30066
31668	32474
32483	32283
31873	31872
32281	32543
32656	32721
32737	32737
32720	32723
32746	32758
32758	32744
32715	32708
32722	32729
32729	32729
32729	32729
32729	32731
32736	32739
32739	32746
32760	32760
32746	32733
32722	32716
32716	32724
32738	32751
32762	32767
32767	32767
32767	32767
32767	32767
32767	32767
32767	32767
32767	32767
32767	32767
32767	32767
32767	32767
32767	32767
32767	32767
32767	32767
32767	32767
32767	32767
32767	32767
32767	32767
32767	32767
32767	32767
32767	32767
32767	32767
32767	32767
32767	32767
32767	32767
32767	32767
32767	32767
32767	32767
32767	32767
32767	32767
32767	32767
32767	32767
32767	32767
32767	32767
32767	32767
32767	32767
32767	32767
32767	32767
32767	32767
32767	32767
32767	32767
32767	32767
32767	32767
32767	32767
32767	32767
32767	32767
32767	32767
32767	32767
32767	32767
32767	32767
32767	32767
32767	32767
32767	32767
32767	32767
32767	32767
32767	32767
32767	32767
32767	32767
32767	32767
32767	32767
32767	32767
32767	32767
32767	32767
32767	32767
32767	32767
32767	32767
32767	32767
32767	32767
32767	32767
32767	32767
32767	32767
32767	32767
32767	32767
32767	32767
32767	32767
32767	32767
32767	32767
32767	32767
32767	32767
32767	32767
32767	32767
32767	32767
32767	32767
32767	32767
32767	32767
32767	32767
32767	32767
32767	32767
32767	32767
32767	32767
32767	32767
32767	32767
32767	32767
32767	32767
32767	32767
32767	32703
32575	32510
32510	32505
32494	32489
32489	32487
32483	32481
32481	32484
32488	32491
32491	32489
32485	32483
32483	32483
32483	32483
32483	32483
32483	32488
32498	32503
32503	32506
32512	32490
32441	32408
32392	32385
32385	32385
32385	32387
32392	32394
32394	32387
32373	32366
32366	32324
32240	32207
32224	32231
32226	32224
32224	32228
32235	32239
32239	32239
32239	32241
32245	32261
32291	32281
32232	32202
32192	32169
32133	32088
32033	31992
31965	31943
31924	31898
31863	31931
32103	32197
32211	32190
32134	32101
32091	32087
32088	32064
32014	31982
31968	31965
31971	31931
31845	31828
31881	31939
32002	32071
32145	32188
32199	32166
32090	32024
31968	31917
31869	31900
32011	32046
32007	31948
31869	31783
31688	31593
31496	31376
31233	31118
31032	30968
30925	30817
30644	30432
30180	29992
29868	29769
29692	29516
29239	28855
28363	27971
27679	27524
27508	27290
26869	26620
26542	26083
25243	24195
22940	22162
21863	22268
23376	24637
26050	27090
27757	28099
28117	28286
28605	29035
29575	30065
30503	30817
31005	31172
31318	31467
31620	31761
31890	31783
31439	31400
31666	31638
31315	31114
31035	31392
32184	32587
32599	32420
32049	32056
32442	32663
32721	32752
32757	32757
32752	32746
32741	32739
32739	32734
32725	32722
32727	32729
32729	32729
32729	32729
32729	32736
32751	32758
32758	32760
32765	32760
32746	32736
32733	32731
32731	32738
32753	32762
32766	32767
32767	32767
32767	32767
32767	32767
32767	32767
32767	32767
32767	32767
32767	32767
32767	32767
32767	32767
32767	32767
32767	32767
32767	32767
32767	32767
32767	32767
32767	32767
32767	32767
32767	32767
32767	32767
32767	32767
32767	32767
32767	32767
32767	32767
32767	32767
32767	32767
32767	32767
32767	32767
32767	32767
32767	32767
32767	32767
32767	32767
32767	32767
32767	32767
32767	32767
32767	32767
32767	32767
32767	32767
32767	32767
32767	32767
32767	32767
32767	32767
32767	32767
32767	32767
32767	32767
32767	32767
32767	32767
32767	32767
32767	32767
32767	32767
32767	32767
32767	32767
32767	32767
32767	32767
32767	32767
32767	32767
32767	32767
32767	32767
32767	32767
32767	32767
32767	32767
32767	32767
32767	32767
32767	32767
32767	32767
32767	32767
32767	32767
32767	32767
32767	32767
32767	32767
32767	32767
32767	32767
32767	32767
32767	32767
32767	32767
32767	32767
32767	32767
32767	32767
32767	32767
32767	32767
32767	32767
32767	32767
32767	32767
32767	32767
32767	32767
32767	32767
32767	32767
32767	32767
32767	32767
32767	32767
32767	32767
32767	32767
32767	32767
32767	32767
32767	32767
32767	32711
32599	32543
32543	32535
32521	32513
32513	32513
32513	32513
32513	32513
32513	32513
32513	32513
32513	32513
32513	32513
32513	32513
32513	32513
32513	32521
32535	32542
32542	32544
32546	32520
32466	32436
32433	32431
32431	32431
32431	32431
32431	32431
32431	32422
32404	32394
32394	32354
32274	32242
32260	32268
32268	32268
32268	32268
32268	32268
32268	32268
32268	32270
32274	32302
32355	32356
32306	32281
32281	32268
32241	32211
32177	32149
32127	32104
32081	32062
32047	32120
32280	32368
32382	32363
32310	32281
32276	32264
32243	32216
32182	32158
32144	32144
32158	32109
31995	31949
31971	32009
32065	32133
32213	32272
32308	32330
32338	32355
32382	32400
32409	32340
32194	32152
32214	32266
32306	32321
32312	32300
32287	32227
32118	32010
31904	31823
31766	31765
31820	31807
31725	31735
31836	31954
32088	32152
32146	32039
31829	31646
31489	31418
31434	31224
30787	30590
30633	30341
29715	28903
27907	27212
26818	26994
27740	28633
29676	30447
30945	31285
31468	31577
31615	31701
31836	31979
32128	32227
32273	32307
32327	32338
32339	32336
32328	32220
32013	32059
32359	32480
32422	32285
32070	32138
32487	32655
32642	32488
32192	32211
32546	32725
32747	32758
32758	32758
32758	32751
32736	32729
32729	32729
32729	32729
32729	32729
32729	32729
32729	32729
32729	32739
32758	32767
32767	32767
32767	32762
32751	32746
32746	32746
32746	32751
32762	32767
32767	32767
32767	32767
32767	32767
32767	32767
32767	32767
32767	32767
32767	32767
32767	32767
32767	32767
32767	32767
32767	32767
32767	32767
32767	32767
32767	32767
32767	32767
32767	32767
32767	32767
32767	32767
32767	32767
32767	32767
32767	32767
32767	32767
32767	32767
32767	32767
32767	32767
32767	32767
32767	32767
32767	32767
32767	32767
32767	32767
32767	32767
32767	32767
32767	32767
32767	32767
32767	32767
32767	32767
32767	32767
32767	32767
32767	32767
32767	32767
32767	32767
32767	32767
32767	32767
32767	32767
32767	32767
32767	32767
32767	32767
32767	32767
32767	32767
32767	32767
32767	32767
32767	32767
32767	32767
32767	32767
32767	32767
32767	32767
32767	32767
32767	32767
32767	32767
32767	32767
32767	32767
32767	32767
32767	32767
32767	32767
32767	32767
32767	32767
32767	32767
32767	32767
32767	32767
32767	32767
32767	32767
32767	32767
32767	32767
32767	32767
32767	32767
32767	32767
32767	32767
32767	32767
32767	32767
32767	32767
32767	32767
32767	32767
32767	32767
32767	32767
32767	32767
32767	32767
32767	32767
32767	32767
32767	32767
32767	32767
32767	32767
32767	32767
32767	32767
32767	32767
32767	32727
32647	32607
32607	32600
32585	32578
32578	32578
32578	32578
32578	32578
32578	32578
32578	32578
32578	32578
32578	32578
32578	32578
32578	32578
32578	32580
32585	32587
32587	32588
32589	32560
32501	32482
32501	32510
32510	32510
32510	32510
32510	32510
32510	32501
32482	32473
32473	32417
32305	32251
32257	32260
32260	32260
32260	32260
32260	32260
32260	32260
32260	32262
32266	32302
32369	32389
32359	32344
32344	32331
32304	32286
32274	32250
32212	32185
32168	32169
32190	32248
32345	32395
32400	32387
32357	32342
32340	32308
32246	32209
32198	32190
32186	32196
32221	32172
32049	31969
31934	31925
31944	31969
32000	32019
32026	32057
32112	32166
32217	32256
32281	32120
31771	31660
31787	31895
31984	32044
32074	32113
32162	32150
32077	31974
31844	31753
31701	31724
31822	31831
31751	31728
31762	31823
31910	31953
31951	31899
31796	31712
31648	31639
31687	31596
31365	31396
31691	31734
31525	31230
30847	30515
30234	30248
30556	30887
31239	31483
31619	31788
31989	32101
32123	32157
32202	32254
32314	32354
32374	32393
32409	32405
32380	32342
32289	32102
31780	31868
32365	32608
32599	32487
32274	32304
32576	32679
32611	32485
32300	32337
32595	32728
32735	32739
32739	32739
32739	32736
32731	32729
32729	32729
32729	32729
32729	32729
32729	32729
32729	32729
32729	32739
32758	32767
32767	32767
32767	32766
32762	32760
32760	32760
32760	32762
32766	32767
32767	32767
32767	32767
32767	32767
32767	32767
32767	32767
32767	32767
32767	32767
32767	32767
32767	32767
32767	32767
32767	32767
32767	32767
32767	32767
32767	32767
32767	32767
32767	32767
32767	32767
32767	32767
32767	32767
32767	32767
32767	32767
32767	32767
32767	32767
32767	32767
32767	32767
32767	32767
32767	32767
32767	32767
32767	32767
32767	32767
32767	32767
32767	32767
32767	32767
32767	32767
32767	32767
32767	32767
32767	32767
32767	32767
32767	32767
32767	32767
32767	32767
32767	32767
32767	32767
32767	32767
32767	32767
32767	32767
32767	32767
32767	32767
32767	32767
32767	32767
32767	32767
32767	32767
32767	32767
32767	32767
32767	32767
32767	32767
32767	32767
32767	32767
32767	32767
32767	32767
32767	32767
32767	32767
32767	32767
32767	32767
32767	32767
32767	32767
32767	32767
32767	32767
32767	32767
32767	32767
32767	32767
32767	32767
32767	32767
32767	32767
32767	32767
32767	32767
32767	32767
32767	32767
32767	32767
32767	32767
32767	32767
32767	32767
32767	32767
32767	32767
32767	32767
32767	32767
32767	32767
32767	32767
32767	32767
32767	32767
32767	32767
32767	32767
32767	32767
32767	32767
32767	32734
32666	32632
32632	32626
32615	32610
32610	32610
32610	32610
32610	32610
32610	32610
32610	32610
32610	32610
32610	32612
32617	32619
32619	32619
32619	32619
32619	32621
32624	32624
32621	32589
32529	32510
32533	32544
32544	32544
32544	32544
32544	32544
32544	32537
32523	32516
32516	32460
32348	32291
32291	32291
32291	32291
32291	32289
32284	32282
32282	32282
32282	32283
32286	32328
32408	32431
32397	32379
32379	32370
32350	32340
32340	32315
32265	32237
32229	32238
32262	32306
32370	32403
32403	32396
32382	32375
32375	32344
32282	32259
32275	32283
32283	32293
32314	32291
32226	32155
32080	32034
32018	31997
31970	31945
31923	31942
32001	32062
32127	32180
32221	32081
31760	31659
31778	31880
31966	32025
32059	32113
32189	32206
32162	32086
31979	31908
31874	31904
31998	32013
31951	31920
31920	31937
31970	31970
31938	31903
31866	31843
31833	31843
31876	31860
31795	31937
32286	32461
32463	32437
32384	32273
32104	32054
32121	32159
32166	32153
32119	32118
32151	32181
32208	32230
32246	32277
32324	32363
32396	32431
32468	32478
32461	32426
32374	32185
31859	31943
32437	32691
32705	32616
32424	32423
32613	32657
32557	32444
32317	32368
32596	32715
32724	32729
32729	32729
32729	32729
32729	32731
32736	32739
32739	32739
32739	32739
32739	32739
32739	32739
32739	32746
32760	32767
32767	32767
32767	32767
32767	32765
32760	32758
32758	32760
32765	32767
32767	32767
32767	32767
32767	32767
32767	32767
32767	32767
32767	32767
32767	32767
32767	32767
32767	32767
32767	32767
32767	32767
32767	32767
32767	32767
32767	32767
32767	32767
32767	32767
32767	32767
32767	32767
32767	32767
32767	32767
32767	32767
32767	32767
32767	32767
32767	32767
32767	32767
32767	32767
32767	32767
32767	32767
32767	32767
32767	32767
32767	32767
32767	32767
32767	32767
32767	32767
32767	32767
32767	32767
32767	32767
32767	32767
32767	32767
32767	32767
32767	32767
32767	32767
32767	32767
32767	32767
32767	32767
32767	32767
32767	32767
32767	32767
32767	32767
32767	32767
32767	32767
32767	32767
32767	32767
32767	32767
32767	32767
32767	32767
32767	32767
32767	32767
32767	32767
32767	32767
32767	32767
32767	32767
32767	32767
32767	32767
32767	32767
32767	32767
32767	32767
32767	32767
32767	32767
32767	32767
32767	32767
32767	32767
32767	32767
32767	32767
32767	32767
32767	32767
32767	32767
32767	32767
32767	32767
32767	32767
32767	32767
32767	32767
32767	32767
32767	32767
32767	32767
32767	32767
32767	32767
32767	32767
32767	32767
32767	32767
32767	32767
32767	32767
32767	32767
32767	32767
32767	32730
32655	32617
32617	32615
32612	32610
32610	32610
32610	32610
32610	32610
32610	32610
32610	32610
32610	32610
32610	32617
32631	32637
32637	32637
32637	32637
32637	32643
32654	32654
32643	32608
32548	32522
32529	32533
32533	32533
32533	32533
32533	32533
32533	32531
32526	32524
32524	32484
32403	32363
32363	32363
32363	32363
32363	32356
32341	32334
32334	32334
32334	32335
32336	32381
32471	32484
32419	32387
32387	32383
32377	32374
32374	32344
32285	32259
32267	32268
32264	32294
32358	32390
32390	32388
32383	32381
32381	32371
32350	32364
32412	32436
32436	32436
32435	32465
32526	32507
32409	32336
32288	32217
32122	32050
32000	31984
32004	32046
32110	32171
32227	32224
32159	32147
32187	32221
32249	32264
32266	32300
32369	32393
32374	32346
32310	32289
32284	32303
32348	32355
32324	32309
32309	32295
32265	32203
32106	32052
32040	32037
32044	32031
31999	32015
32079	32213
32417	32521
32527	32526
32518	32486
32429	32412
32435	32450
32457	32455
32444	32277
31954	31818
31870	31920
31968	32048
32158	32255
32339	32422
32504	32558
32582	32590
32582	32469
32250	32285
32575	32727
32742	32673
32520	32494
32595	32591
32481	32365
32242	32303
32549	32686
32715	32729
32729	32729
32729	32729
32729	32736
32751	32758
32758	32758
32758	32758
32758	32758
32758	32758
32758	32760
32765	32767
32767	32767
32767	32767
32767	32760
32746	32739
32739	32746
32760	32767
32767	32767
32767	32767
32767	32767
32767	32767
32767	32767
32767	32767
32767	32767
32767	32767
32767	32767
32767	32767
32767	32767
32767	32767
32767	32767
32767	32767
32767	32767
32767	32767
32767	32767
32767	32767
32767	32767
32767	32767
32767	32767
32767	32767
32767	32767
32767	32767
32767	32767
32767	32767
32767	32767
32767	32767
32767	32767
32767	32767
32767	32767
32767	32767
32767	32767
32767	32767
32767	32767
32767	32767
32767	32767
32767	32767
32767	32767
32767	32767
32767	32767
32767	32767
32767	32767
32767	32767
32767	32767
32767	32767
32767	32767
32767	32767
32767	32767
32767	32767
32767	32767
32767	32767
32767	32767
32767	32767
32767	32767
32767	32767
32767	32767
32767	32767
32767	32767
32767	32767
32767	32767
32767	32767
32767	32767
32767	32767
32767	32767
32767	32767
32767	32767
32767	32767
32767	32767
32767	32767
32767	32767
32767	32767
32767	32767
32767	32767
32767	32767
32767	32767
32767	32767
32767	32767
32767	32767
32767	32767
32767	32767
32767	32767
32767	32767
32767	32767
32767	32767
32767	32767
32767	32767
32767	32767
32767	32767
32767	32767
32767	32767
32767	32767
32767	32767
32767	32767
32767	32736
32673	32642
32642	32642
32642	32642
32642	32642
32642	32642
32642	32642
32642	32642
32642	32642
32642	32642
32642	32646
32655	32660
32660	32660
32660	32660
32660	32667
32682	32684
32673	32629
32554	32519
32524	32527
32527	32527
32527	32527
32527	32527
32527	32527
32527	32527
32527	32503
32455	32431
32431	32431
32431	32428
32422	32415
32405	32400
32400	32400
32400	32400
32400	32427
32481	32478
32419	32389
32389	32389
32389	32389
32389	32357
32293	32266
32274	32271
32257	32298
32395	32445
32448	32456
32467	32470
32464	32461
32461	32490
32548	32576
32576	32567
32550	32587
32680	32681
32590	32520
32472	32398
32300	32225
32173	32146
32142	32170
32229	32287
32343	32381
32402	32404
32388	32364
32332	32302
32275	32287
32337	32361
32361	32365
32376	32395
32423	32330
32116	32046
32121	32191
32255	32273
32243	32202
32150	32151
32206	32234
32233	32187
32094	32112
32241	32340
32410	32432
32405	32402
32424	32458
32506	32553
32598	32620
32618	32601
32569	32386
32054	31908
31946	31990
32038	32120
32237	32336
32418	32492
32560	32599
32611	32623
32634	32595
32507	32529
32661	32734
32750	32708
32608	32580
32622	32601
32515	32419
32314	32350
32526	32643
32700	32729
32729	32729
32729	32730
32731	32739
32753	32758
32755	32753
32753	32753
32753	32753
32753	32755
32758	32760
32760	32762
32766	32767
32767	32767
32767	32758
32739	32729
32729	32739
32758	32767
32767	32767
32767	32767
32767	32767
32767	32767
32767	32767
32767	32767
32767	32767
32767	32767
32767	32767
32767	32767
32767	32767
32767	32767
32767	32767
32767	32767
32767	32767
32767	32767
32767	32767
32767	32767
32767	32767
32767	32767
32767	32767
32767	32767
32767	32767
32767	32767
32767	32767
32767	32767
32767	32767
32767	32767
32767	32767
32767	32767
32767	32767
32767	32767
32767	32767
32767	32767
32767	32767
32767	32767
32767	32767
32767	32767
32767	32767
32767	32767
32767	32767
32767	32767
32767	32767
32767	32767
32767	32767
32767	32767
32767	32767
32767	32767
32767	32767
32767	32767
32767	32767
32767	32767
32767	32767
32767	32767
32767	32767
32767	32767
32767	32767
32767	32767
32767	32767
32767	32767
32767	32767
32767	32767
32767	32767
32767	32767
32767	32767
32767	32767
32767	32767
32767	32767
32767	32767
32767	32767
32767	32767
32767	32767
32767	32767
32767	32767
32767	32767
32767	32767
32767	32767
32767	32767
32767	32767
32767	32767
32767	32767
32767	32767
32767	32767
32767	32767
32767	32767
32767	32767
32767	32767
32767	32767
32767	32767
32767	32767
32767	32767
32767	32767
32767	32767
32767	32767
32767	32752
32721	32706
32706	32706
32706	32706
32706	32706
32706	32706
32706	32706
32706	32706
32706	32706
32706	32706
32706	32701
32691	32687
32687	32687
32687	32687
32687	32694
32708	32714
32710	32655
32547	32501
32519	32527
32527	32527
32527	32527
32527	32527
32527	32527
32527	32527
32527	32519
32503	32495
32495	32495
32495	32487
32469	32465
32474	32479
32479	32479
32479	32479
32479	32465
32439	32416
32396	32386
32386	32386
32386	32386
32386	32354
32290	32255
32251	32246
32241	32319
32480	32566
32577	32599
32633	32641
32624	32615
32615	32637
32682	32704
32704	32688
32657	32657
32688	32676
32620	32584
32568	32541
32504	32471
32444	32425
32414	32434
32484	32528
32567	32553
32487	32430
32382	32310
32214	32139
32088	32072
32094	32111
32123	32144
32175	32224
32292	31984
31301	31087
31341	31565
31758	31871
31904	31970
32068	32200
32365	32432
32402	32312
32162	32152
32280	32318
32265	32192
32097	32067
32102	32191
32336	32476
32612	32669
32648	32589
32493	32447
32452	32449
32437	32438
32455	32495
32558	32604
32631	32641
32634	32603
32548	32523
32527	32563
32632	32675
32694	32712
32730	32722
32689	32679
32694	32686
32658	32607
32534	32508
32529	32587
32682	32729
32729	32729
32729	32731
32734	32738
32743	32740
32729	32724
32724	32724
32724	32724
32724	32729
32740	32746
32746	32751
32762	32767
32767	32767
32767	32758
32739	32729
32729	32739
32758	32767
32767	32767
32767	32767
32767	32767
32767	32767
32767	32767
32767	32767
32767	32767
32767	32767
32767	32767
32767	32767
32767	32767
32767	32767
32767	32767
32767	32767
32767	32767
32767	32767
32767	32767
32767	32767
32767	32767
32767	32767
32767	32767
32767	32767
32767	32767
32767	32767
32767	32767
32767	32767
32767	32767
32767	32767
32767	32767
32767	32767
32767	32767
32767	32767
32767	32767
32767	32767
32767	32767
32767	32767
32767	32767
32767	32767
32767	32767
32767	32767
32767	32767
32767	32767
32767	32767
32767	32767
32767	32767
32767	32767
32767	32767
32767	32767
32767	32767
32767	32767
32767	32767
32767	32767
32767	32767
32767	32767
32767	32767
32767	32767
32767	32767
32767	32767
32767	32767
32767	32767
32767	32767
32767	32767
32767	32767
32767	32767
32767	32767
32767	32767
32767	32767
32767	32767
32767	32767
32767	32767
32767	32767
32767	32767
32767	32767
32767	32767
32767	32767
32767	32767
32767	32767
32767	32767
32767	32767
32767	32767
32767	32767
32767	32767
32767	32767
32767	32767
32767	32767
32767	32767
32767	32767
32767	32767
32767	32767
32767	32767
32767	32767
32767	32767
32767	32767
32767	32767
32767	32760
32746	32736
32733	32731
32731	32731
32731	32731
32731	32731
32731	32731
32731	32731
32731	32730
32729	32729
32729	32721
32707	32700
32700	32700
32700	32700
32700	32702
32707	32715
32724	32675
32567	32523
32541	32550
32550	32550
32550	32550
32550	32550
32550	32550
32548	32548
32548	32548
32548	32548
32548	32548
32548	32539
32522	32522
32540	32548
32548	32551
32555	32554
32545	32504
32431	32388
32375	32368
32368	32368
32368	32375
32390	32374
32326	32298
32292	32288
32288	32374
32544	32637
32652	32676
32710	32713
32687	32673
32673	32692
32730	32749
32749	32735
32706	32692
32692	32671
32630	32612
32618	32617
32610	32602
32593	32581
32566	32572
32599	32623
32646	32616
32532	32466
32418	32346
32252	32175
32115	32090
32099	32111
32126	32150
32185	32234
32299	31984
31291	31080
31352	31584
31777	31899
31950	32029
32137	32279
32455	32502
32420	32257
32013	32011
32252	32343
32284	32214
32134	32111
32146	32235
32380	32515
32642	32679
32628	32554
32458	32444
32514	32537
32513	32510
32526	32553
32593	32627
32656	32653
32619	32569
32504	32464
32450	32505
32629	32648
32561	32554
32627	32677
32706	32706
32677	32677
32706	32698
32656	32613
32570	32596
32691	32737
32733	32731
32731	32731
32731	32731
32731	32724
32712	32705
32705	32705
32705	32705
32705	32712
32724	32733
32736	32746
32760	32765
32760	32758
32758	32751
32736	32729
32729	32739
32758	32767
32767	32767
32767	32767
32767	32767
32767	32767
32767	32767
32767	32767
32767	32767
32767	32767
32767	32767
32767	32767
32767	32767
32767	32767
32767	32767
32767	32767
32767	32767
32767	32767
32767	32767
32767	32767
32767	32767
32767	32767
32767	32767
32767	32767
32767	32767
32767	32767
32767	32767
32767	32767
32767	32767
32767	32767
32767	32767
32767	32767
32767	32767
32767	32767
32767	32767
32767	32767
32767	32767
32767	32767
32767	32767
32767	32767
32767	32767
32767	32767
32767	32767
32767	32767
32767	32767
32767	32767
32767	32767
32767	32767
32767	32767
32767	32767
32767	32767
32767	32767
32767	32767
32767	32767
32767	32767
32767	32767
32767	32767
32767	32767
32767	32767
32767	32767
32767	32767
32767	32767
32767	32767
32767	32767
32767	32767
32767	32767
32767	32767
32767	32767
32767	32767
32767	32767
32767	32767
32767	32767
32767	32767
32767	32767
32767	32767
32767	32767
32767	32767
32767	32767
32767	32767
32767	32767
32767	32767
32767	32767
32767	32767
32767	32767
32767	32767
32767	32767
32767	32767
32767	32767
32767	32767
32767	32767
32767	32767
32767	32767
32767	32767
32767	32767
32767	32767
32767	32767
32767	32760
32746	32733
32722	32716
32716	32716
32716	32716
32716	32716
32716	32716
32716	32716
32716	32715
32711	32709
32709	32707
32702	32700
32700	32700
32700	32700
32700	32693
32679	32686
32715	32691
32615	32582
32591	32596
32596	32596
32596	32596
32596	32596
32596	32594
32591	32589
32589	32589
32589	32589
32589	32589
32589	32586
32580	32585
32601	32609
32609	32616
32630	32624
32599	32544
32457	32394
32355	32336
32336	32336
32336	32358
32403	32417
32401	32394
32397	32398
32398	32462
32588	32659
32674	32687
32698	32687
32653	32635
32635	32654
32692	32711
32711	32706
32697	32692
32692	32668
32619	32603
32621	32626
32618	32616
32619	32613
32598	32585
32575	32573
32581	32568
32535	32511
32495	32473
32447	32408
32359	32340
32353	32363
32369	32383
32405	32424
32443	32330
32086	32026
32152	32247
32312	32356
32381	32381
32357	32389
32478	32445
32289	32023
31647	31691
32157	32415
32466	32499
32515	32534
32555	32590
32638	32671
32688	32650
32557	32494
32462	32377
32238	32172
32177	32203
32252	32297
32340	32405
32490	32527
32516	32499
32478	32445
32403	32421
32500	32447
32262	32259
32440	32573
32659	32659
32573	32573
32659	32694
32680	32666
32652	32673
32730	32752
32741	32736
32736	32731
32721	32716
32716	32712
32702	32698
32698	32698
32698	32698
32698	32702
32712	32722
32733	32746
32760	32760
32746	32739
32739	32736
32731	32729
32729	32739
32758	32767
32767	32767
32767	32767
32767	32767
32767	32767
32767	32767
32767	32767
32767	32767
32767	32767
32767	32767
32767	32767
32767	32767
32767	32767
32767	32767
32767	32767
32767	32767
32767	32767
32767	32767
32767	32767
32767	32767
32767	32767
32767	32767
32767	32767
32767	32767
32767	32767
32767	32767
32767	32767
32767	32767
32767	32767
32767	32767
32767	32767
32767	32767
32767	32767
32767	32767
32767	32767
32767	32767
32767	32767
32767	32767
32767	32767
32767	32767
32767	32767
32767	32767
32767	32767
32767	32767
32767	32767
32767	32767
32767	32767
32767	32767
32767	32767
32767	32767
32767	32767
32767	32767
32767	32767
32767	32767
32767	32767
32767	32767
32767	32767
32767	32767
32767	32767
32767	32767
32767	32767
32767	32767
32767	32767
32767	32767
32767	32767
32767	32767
32767	32767
32767	32767
32767	32767
32767	32767
32767	32767
32767	32767
32767	32767
32767	32767
32767	32767
32767	32767
32767	32767
32767	32767
32767	32767
32767	32767
32767	32767
32767	32767
32767	32767
32767	32767
32767	32767
32767	32767
32767	32767
32767	32767
32767	32767
32767	32767
32767	32767
32767	32767
32767	32767
32767	32767
32767	32767
32767	32760
32746	32733
32722	32716
32716	32716
32716	32716
32716	32716
32716	32716
32716	32716
32716	32712
32704	32700
32700	32700
32700	32700
32700	32700
32700	32700
32700	32693
32679	32686
32715	32699
32640	32614
32622	32626
32626	32626
32626	32626
32626	32626
32626	32622
32614	32610
32610	32610
32610	32610
32610	32610
32610	32610
32610	32617
32632	32639
32639	32648
32667	32659
32626	32565
32476	32411
32370	32349
32349	32355
32366	32395
32442	32465
32465	32468
32473	32478
32481	32519
32590	32631
32642	32644
32638	32626
32607	32598
32598	32621
32668	32692
32692	32692
32692	32692
32692	32671
32628	32613
32627	32633
32631	32632
32634	32627
32608	32575
32527	32503
32503	32509
32523	32529
32529	32535
32546	32535
32501	32491
32506	32516
32522	32516
32498	32479
32459	32449
32451	32487
32555	32583
32570	32512
32408	32323
32255	32294
32441	32456
32338	32090
31710	31739
32176	32458
32586	32673
32721	32751
32762	32751
32718	32657
32568	32511
32486	32488
32516	32437
32251	32165
32179	32189
32195	32222
32270	32351
32464	32521
32521	32521
32521	32471
32372	32372
32471	32405
32171	32171
32405	32564
32649	32621
32479	32464
32578	32649
32678	32685
32671	32690
32742	32760
32746	32738
32738	32731
32716	32709
32709	32706
32701	32697
32695	32694
32694	32695
32697	32701
32706	32716
32731	32746
32760	32758
32739	32729
32729	32729
32729	32729
32729	32739
32758	32767
32767	32767
32767	32767
32767	32767
32767	32767
32767	32767
32767	32767
32767	32767
32767	32767
32767	32767
32767	32767
32767	32767
32767	32767
32767	32767
32767	32767
32767	32767
32767	32767
32767	32767
32767	32767
32767	32767
32767	32767
32767	32767
32767	32767
32767	32767
32767	32767
32767	32767
32767	32767
32767	32767
32767	32767
32767	32767
32767	32767
32767	32767
32767	32767
32767	32767
32767	32767
32767	32767
32767	32767
32767	32767
32767	32767
32767	32767
32767	32767
32767	32767
32767	32767
32767	32767
32767	32767
32767	32767
32767	32767
32767	32767
32767	32767
32767	32767
32767	32767
32767	32767
32767	32767
32767	32767
32767	32767
32767	32767
32767	32767
32767	32767
32767	32767
32767	32767
32767	32767
32767	32767
32767	32767
32767	32767
32767	32767
32767	32767
32767	32767
32767	32767
32767	32767
32767	32767
32767	32767
32767	32767
32767	32767
32767	32767
32767	32767
32767	32767
32767	32767
32767	32767
32767	32767
32767	32767
32767	32767
32767	32767
32767	32767
32767	32767
32767	32767
32767	32767
32767	32767
32767	32767
32767	32767
32767	32767
32767	32767
32767	32767
32767	32767
32767	32767
32767	32767
32767	32760
32746	32736
32733	32731
32731	32731
32731	32731
32731	32731
32731	32731
32731	32731
32731	32723
32708	32700
32700	32700
32700	32700
32700	32700
32700	32700
32700	32702
32707	32715
32724	32699
32640	32617
32633	32641
32641	32641
32641	32641
32641	32641
32641	32633
32617	32610
32610	32610
32610	32610
32610	32610
32610	32610
32610	32617
32632	32639
32639	32648
32667	32659
32626	32569
32487	32437
32418	32409
32409	32426
32459	32487
32507	32517
32517	32518
32520	32526
32537	32545
32548	32551
32555	32548
32531	32532
32551	32560
32560	32593
32659	32692
32692	32692
32692	32692
32692	32680
32656	32641
32636	32638
32648	32649
32640	32623
32597	32541
32456	32413
32413	32440
32495	32522
32522	32531
32550	32553
32542	32544
32558	32571
32583	32548
32466	32399
32346	32343
32388	32461
32562	32592
32552	32365
32032	31853
31831	31994
32342	32534
32568	32458
32203	32153
32308	32472
32643	32736
32752	32762
32766	32718
32618	32472
32281	32262
32415	32535
32620	32626
32551	32516
32521	32468
32356	32327
32380	32464
32578	32635
32635	32635
32635	32543
32358	32358
32543	32520
32291	32291
32520	32649
32678	32592
32393	32351
32464	32564
32649	32671
32628	32647
32727	32760
32746	32738
32738	32731
32716	32709
32709	32708
32706	32702
32697	32694
32694	32697
32702	32706
32708	32716
32731	32746
32760	32758
32739	32729
32729	32729
32729	32729
32729	32739
32758	32767
32767	32767
32767	32767
32767	32767
32767	32767
32767	32767
32767	32767
32767	32767
32767	32767
32767	32767
32767	32767
32767	32767
32767	32767
32767	32767
32767	32767
32767	32767
32767	32767
32767	32767
32767	32767
32767	32767
32767	32767
32767	32767
32767	32767
32767	32767
32767	32767
32767	32767
32767	32767
32767	32767
32767	32767
32767	32767
32767	32767
32767	32767
32767	32767
32767	32767
32767	32767
32767	32767
32767	32767
32767	32767
32767	32767
32767	32767
32767	32767
32767	32767
32767	32767
32767	32767
32767	32767
32767	32767
32767	32767
32767	32767
32767	32767
32767	32767
32767	32767
32767	32767
32767	32767
32767	32767
32767	32767
32767	32767
32767	32767
32767	32767
32767	32767
32767	32767
32767	32767
32767	32767
32767	32767
32767	32767
32767	32767
32767	32767
32767	32767
32767	32767
32767	32767
32767	32767
32767	32767
32767	32767
32767	32767
32767	32767
32767	32767
32767	32767
32767	32767
32767	32767
32767	32767
32767	32767
32767	32767
32767	32767
32767	32767
32767	32767
32767	32767
32767	32767
32767	32767
32767	32767
32767	32767
32767	32767
32767	32767
32767	32767
32767	32767
32767	32767
32767	32767
32767	32762
32751	32746
32746	32746
32746	32746
32746	32746
32746	32746
32746	32746
32746	32746
32746	32738
32724	32717
32717	32717
32717	32717
32717	32717
32717	32717
32717	32722
32733	32739
32739	32716
32672	32656
32671	32678
32678	32678
32678	32678
32678	32678
32678	32671
32656	32649
32649	32649
32649	32649
32649	32649
32649	32649
32649	32655
32666	32671
32671	32678
32692	32686
32662	32618
32556	32522
32516	32514
32514	32530
32564	32584
32589	32592
32592	32592
32592	32595
32600	32591
32568	32557
32557	32548
32531	32536
32565	32579
32579	32612
32678	32711
32711	32711
32711	32706
32697	32687
32676	32667
32662	32666
32677	32676
32661	32643
32621	32570
32489	32449
32449	32478
32534	32562
32562	32571
32587	32595
32595	32602
32615	32627
32637	32602
32520	32454
32402	32403
32457	32525
32608	32630
32590	32404
32072	31906
31906	32075
32412	32622
32704	32673
32529	32462
32473	32551
32695	32767
32767	32767
32767	32718
32618	32477
32295	32295
32477	32611
32696	32732
32718	32711
32711	32647
32519	32476
32519	32583
32668	32711
32711	32711
32711	32626
32455	32455
32626	32626
32455	32455
32626	32711
32711	32626
32455	32412
32497	32583
32668	32690
32647	32661
32732	32762
32751	32746
32746	32738
32724	32716
32716	32716
32716	32713
32708	32705
32705	32708
32713	32716
32716	32724
32738	32751
32762	32760
32746	32739
32739	32739
32739	32739
32739	32746
32760	32767
32767	32767
32767	32767
32767	32767
32767	32767
32767	32767
32767	32767
32767	32767
32767	32767
32767	32767
32767	32767
32767	32767
32767	32767
32767	32767
32767	32767
32767	32767
32767	32767
32767	32767
32767	32767
32767	32767
32767	32767
32767	32767
32767	32767
32767	32767
32767	32767
32767	32767
32767	32767
32767	32767
32767	32767
32767	32767
32767	32767
32767	32767
32767	32767
32767	32767
32767	32767
32767	32767
32767	32767
32767	32767
32767	32767
32767	32767
32767	32767
32767	32767
32767	32767
32767	32767
32767	32767
32767	32767
32767	32767
32767	32767
32767	32767
32767	32767
32767	32767
32767	32767
32767	32767
32767	32767
32767	32767
32767	32767
32767	32767
32767	32767
32767	32767
32767	32767
32767	32767
32767	32767
32767	32767
32767	32767
32767	32767
32767	32767
32767	32767
32767	32767
32767	32767
32767	32767
32767	32767
32767	32767
32767	32767
32767	32767
32767	32767
32767	32767
32767	32767
32767	32767
32767	32767
32767	32767
32767	32767
32767	32767
32767	32767
32767	32767
32767	32767
32767	32767
32767	32767
32767	32767
32767	32767
32767	32767
32767	32767
32767	32767
32767	32767
32767	32767
32767	32767
32767	32766
32762	32760
32760	32760
32760	32760
32760	32760
32760	32760
32760	32760
32760	32760
32760	32758
32753	32751
32751	32751
32751	32751
32751	32751
32751	32751
32751	32752
32756	32758
32758	32750
32736	32730
32735	32738
32738	32738
32738	32738
32738	32738
32738	32735
32730	32728
32728	32728
32728	32728
32728	32728
32728	32728
32728	32730
32734	32735
32735	32738
32742	32740
32732	32713
32682	32666
32664	32663
32663	32669
32680	32687
32689	32689
32689	32689
32689	32683
32669	32658
32651	32647
32647	32644
32638	32640
32650	32654
32654	32678
32725	32749
32749	32749
32749	32735
32706	32690
32687	32692
32705	32714
32718	32713
32698	32687
32680	32660
32628	32613
32613	32622
32641	32650
32650	32653
32659	32661
32661	32666
32675	32681
32685	32678
32661	32643
32626	32631
32659	32680
32695	32696
32683	32627
32529	32480
32480	32537
32649	32719
32746	32736
32688	32666
32669	32695
32743	32767
32767	32767
32767	32751
32718	32671
32610	32610
32671	32715
32744	32756
32751	32749
32749	32727
32685	32670
32685	32706
32734	32749
32749	32749
32749	32720
32663	32663
32720	32720
32663	32663
32720	32749
32749	32720
32663	32649
32677	32706
32734	32742
32727	32732
32756	32766
32762	32760
32760	32753
32738	32731
32731	32731
32731	32730
32728	32727
32727	32728
32730	32731
32731	32738
32753	32762
32766	32765
32760	32758
32758	32758
32758	32758
32758	32760
32765	32767
32767	32767
32767	32767
32767	32767
32767	32767
32767	32767
32767	32767
32767	32767
32767	32767
32767	32767
32767	32767
32767	32767
32767	32767
32767	32767
32767	32767
32767	32767
32767	32767
32767	32767
32767	32767
32767	32767
32767	32767
32767	32767
32767	32767
32767	32767
32767	32767
32767	32767
32767	32767
32767	32767
32767	32767
32767	32767
32767	32767
32767	32767
32767	32767
32767	32767
32767	32767
32767	32767
32767	32767
32767	32767
32767	32767
32767	32767
32767	32767
32767	32767
32767	32767
32767	32767
32767	32767
32767	32767
32767	32767
32767	32767
32767	32767
32767	32767
32767	32767
32767	32767
32767	32767
32767	32767
32767	32767
32767	32767
32767	32767
32767	32767
32767	32767
32767	32767
32767	32767
32767	32767
32767	32767
32767	32767
32767	32767
32767	32767
32767	32767
32767	32767
32767	32767
32767	32767
32767	32767
32767	32767
32767	32767
32767	32767
32767	32767
32767	32767
32767	32767
32767	32767
32767	32767
32767	32767
32767	32767
32767	32767
32767	32767
32767	32767
32767	32767
32767	32767
32767	32767
32767	32767
32767	32767
32767	32767
32767	32767
32767	32767
32767	32767
32767	32767
32767	32767
32767	32767
32767	32767
32767	32767
32767	32767
32767	32767
32767	32767
32767	32767
32767	32767
32767	32767
32767	32767
32767	32767
32767	32767
32767	32767
32767	32767
32767	32767
32767	32767
32767	32767
32767	32767
32767	32767
32767	32767
32767	32767
32767	32767
32767	32767
32767	32767
32767	32767
32767	32767
32767	32767
32767	32767
32767	32767
32767	32767
32767	32767
32767	32767
32767	32762
32751	32746
32746	32746
32746	32746
32746	32746
32746	32746
32746	32746
32746	32737
32720	32711
32711	32711
32711	32711
32711	32711
32711	32711
32711	32725
32753	32767
32767	32767
32767	32753
32725	32711
32711	32720
32737	32746
32746	32740
32729	32724
32724	32721
32715	32713
32713	32713
32713	32713
32713	32713
32713	32713
32713	32715
32721	32724
32724	32729
32740	32746
32746	32751
32762	32760
32746	32739
32739	32746
32760	32767
32767	32767
32767	32767
32767	32767
32767	32767
32767	32767
32767	32767
32767	32767
32767	32767
32767	32767
32767	32767
32767	32767
32767	32767
32767	32767
32767	32767
32767	32767
32767	32767
32767	32767
32767	32767
32767	32767
32767	32767
32767	32767
32767	32767
32767	32767
32767	32767
32767	32767
32767	32767
32767	32767
32767	32767
32767	32767
32767	32767
32767	32762
32751	32746
32746	32746
32746	32746
32746	32746
32746	32746
32746	32746
32746	32751
32762	32767
32767	32767
32767	32767
32767	32767
32767	32767
32767	32767
32767	32767
32767	32767
32767	32767
32767	32767
32767	32767
32767	32767
32767	32767
32767	32767
32767	32767
32767	32767
32767	32767
32767	32767
32767	32767
32767	32767
32767	32767
32767	32767
32767	32767
32767	32767
32767	32767
32767	32767
32767	32767
32767	32767
32767	32767
32767	32767
32767	32767
32767	32767
32767	32767
32767	32767
32767	32767
32767	32767
32767	32767
32767	32767
32767	32767
32767	32767
32767	32767
32767	32767
32767	32767
32767	32767
32767	32767
32767	32767
32767	32767
32767	32767
32767	32767
32767	32767
32767	32767
32767	32767
32767	32767
32767	32767
32767	32767
32767	32767
32767	32767
32767	32767
32767	32767
32767	32767
32767	32767
32767	32767
32767	32767
32767	32767
32767	32767
32767	32767
32767	32767
32767	32767
32767	32767
32767	32767
32767	32767
32767	32767
32767	32767
32767	32767
32767	32767
32767	32767
32767	32767
32767	32767
32767	32767
32767	32767
32767	32767
32767	32767
32767	32767
32767	32767
32767	32767
32767	32767
32767	32767
32767	32767
32767	32767
32767	32767
32767	32767
32767	32767
32767	32767
32767	32767
32767	32767
32767	32767
32767	32767
32767	32767
32767	32767
32767	32767
32767	32767
32767	32767
32767	32767
32767	32767
32767	32767
32767	32767
32767	32767
32767	32767
32767	32767
32767	32767
32767	32767
32767	32767
32767	32767
32767	32767
32767	32767
32767	32767
32767	32767
32767	32767
32767	32767
32767	32767
32767	32767
32767	32767
32767	32767
32767	32767
32767	32767
32767	32767
32767	32767
32767	32767
32767	32767
32767	32767
32767	32767
32767	32767
32767	32767
32767	32766
32762	32760
32760	32760
32760	32760
32760	32760
32760	32760
32760	32760
32760	32757
32752	32749
32749	32749
32749	32749
32749	32749
32749	32749
32749	32753
32763	32767
32767	32767
32767	32763
32753	32749
32749	32752
32757	32760
32760	32758
32755	32753
32753	32752
32750	32749
32749	32749
32749	32749
32749	32749
32749	32749
32749	32750
32752	32753
32753	32755
32758	32760
32760	32762
32766	32765
32760	32758
32758	32760
32765	32767
32767	32767
32767	32767
32767	32767
32767	32767
32767	32767
32767	32767
32767	32767
32767	32767
32767	32767
32767	32767
32767	32767
32767	32767
32767	32767
32767	32767
32767	32767
32767	32767
32767	32767
32767	32767
32767	32767
32767	32767
32767	32767
32767	32767
32767	32767
32767	32767
32767	32767
32767	32767
32767	32767
32767	32767
32767	32767
32767	32767
32767	32766
32762	32760
32760	32760
32760	32760
32760	32760
32760	32760
32760	32760
32760	32762
32766	32767
32767	32767
32767	32767
32767	32767
32767	32767
32767	32767
32767	32767
32767	32767
32767	32767
32767	32767
32767	32767
32767	32767
32767	32767
32767	32767
32767	32767
32767	32767
32767	32767
32767	32767
32767	32767
32767	32767
32767	32767
32767	32767
32767	32767
32767	32767
32767	32767
32767	32767
32767	32767
32767	32767
32767	32767
32767	32767
32767	32767
32767	32767
32767	32767
32767	32767
32767	32767
32767	32767
32767	32767
32767	32767
32767	32767
32767	32767
32767	32767
32767	32767
32767	32767
32767	32767
32767	32767
32767	32767
32767	32767
32767	32767
32767	32767
32767	32767
32767	32767
32767	32767
32767	32767
32767	32767
32767	32767
32767	32767
32767	32767
32767	32767
32767	32767
32767	32767
32767	32767
32767	32767
32767	32767
32767	32767
32767	32767
32767	32767
32767	32767
32767	32767
32767	32767
32767	32767
32767	32767
32767	32767
32767	32767
32767	32767
32767	32767
32767	32767
32767	32767
32767	32767
32767	32767
32767	32767
32767	32767
32767	32767
32767	32767
32767	32767
32767	32767
32767	32767
32767	32767
32767	32767
32767	32767
32767	32767
32767	32767
32767	32767
32767	32767
32767	32767
32767	32767
32767	32767
32767	32767
32767	32767
32767	32767
32767	32767
32767	32767
32767	32767
32767	32767
32767	32767
32767	32767
32767	32767
32767	32767
32767	32767
32767	32767
32767	32767
32767	32767
32767	32767
32767	32767
32767	32767
32767	32767
32767	32767
32767	32767
32767	32767
32767	32767
32767	32767
32767	32767
32767	32767
32767	32767
32767	32767
32767	32767
32767	32767
32767	32767
32767	32767
32767	32767
32767	32767
32767	32767
32767	32767
32767	32767
32767	32767
32767	32767
32767	32767
32767	32767
32767	32767
32767	32767
32767	32767
32767	32767
32767	32767
32767	32767
32767	32767
32767	32767
32767	32767
32767	32767
32767	32767
32767	32767
32767	32767
32767	32767
32767	32767
32767	32767
32767	32767
32767	32767
32767	32767
32767	32767
32767	32767
32767	32767
32767	32767
32767	32767
32767	32767
32767	32767
32767	32767
32767	32767
32767	32767
32767	32767
32767	32767
32767	32767
32767	32767
32767	32767
32767	32767
32767	32767
32767	32767
32767	32767
32767	32767
32767	32767
32767	32767
32767	32767
32767	32767
32767	32767
32767	32767
32767	32767
32767	32767
32767	32767
32767	32767
32767	32767
32767	32767
32767	32767
32767	32767
32767	32767
32767	32767
32767	32767
32767	32767
32767	32767
32767	32767
32767	32767
32767	32767
32767	32767
32767	32767
32767	32767
32767	32767
32767	32767
32767	32767
32767	32767
32767	32767
32767	32767
32767	32767
32767	32767
32767	32767
32767	32767
32767	32767
32767	32767
32767	32767
32767	32767
32767	32767
32767	32767
32767	32767
32767	32767
32767	32767
32767	32767
32767	32767
32767	32767
32767	32767
32767	32767
32767	32767
32767	32767
32767	32767
32767	32767
32767	32767
32767	32767
32767	32767
32767	32767
32767	32767
32767	32767
32767	32767
32767	32767
32767	32767
32767	32767
32767	32767
32767	32767
32767	32767
32767	32767
32767	32767
32767	32767
32767	32767
32767	32767
32767	32767
32767	32767
32767	32767
32767	32767
32767	32767
32767	32767
32767	32767
32767	32767
32767	32767
32767	32767
32767	32767
32767	32767
32767	32767
32767	32767
32767	32767
32767	32767
32767	32767
32767	32767
32767	32767
32767	32767
32767	32767
32767	32767
32767	32767
32767	32767
32767	32767
32767	32767
32767	32767
32767	32767
32767	32767
32767	32767
32767	32767
32767	32767
32767	32767
32767	32767
32767	32767
32767	32767
32767	32767
32767	32767
32767	32767
32767	32767
32767	32767
32767	32767
32767	32767
32767	32767
32767	32767
32767	32767
32767	32767
32767	32767
32767	32767
32767	32767
32767	32767
32767	32767
32767	32767
32767	32767
32767	32767
32767	32767
32767	32767
32767	32767
32767	32767
32767	32767
32767	32767
32767	32767
32767	32767
32767	32767
32767	32767
32767	32767
32767	32767
32767	32767
32767	32767
32767	32767
32767	32767
32767	32767
32767	32767
32767	32767
32767	32767
32767	32767
32767	32767
32767	32767
32767	32767
32767	32767
32767	32767
32767	32767
32767	32767
32767	32767
32767	32767
32767	32767
32767	32767
32767	32767
32767	32767
32767	32767
32767	32767
32767	32767
32767	32767
32767	32767
32767	32767
32767	32767
32767	32767
32767	32767
32767	32767
32767	32767
32767	32767
32767	32767
32767	32767
32767	32767
32767	32767
32767	32767
32767	32767
32767	32767
32767	32767
32767	32767
32767	32767
32767	32767
32767	32767
32767	32767
32767	32767
32767	32767
32767	32767
32767	32767
32767	32767
32767	32767
32767	32767
32767	32767
32767	32767
32767	32767
32767	32767
32767	32767
32767	32767
32767	32767
32767	32767
32767	32767
32767	32767
32767	32767
32767	32767
32767	32767
32767	32767
32767	32767
32767	32767
32767	32767
32767	32767
32767	32767
32767	32767
32767	32767
32767	32767
32767	32767
32767	32767
32767	32767
32767	32767
32767	32767
32767	32767
32767	32767
32767	32767
32767	32767
32767	32767
32767	32767
32767	32767
32767	32767
32767	32767
32767	32767
32767	32767
32767	32767
32767	32767
32767	32767
32767	32767
32767	32767
32767	32767
32767	32767
32767	32767
32767	32767
32767	32767
32767	32767
32767	32767
32767	32767
32767	32767
32767	32767
32767	32767
32767	32767
32767	32767
32767	32767
32767	32767
32767	32767
32767	32767
32767	32767
32767	32767
32767	32767
32767	32767
32767	32767
32767	32767
32767	32767
32767	32767
32767	32767
32767	32767
32767	32767
32767	32767
32767	32767
32767	32767
32767	32767
32767	32767
32767	32767
32767	32767
32767	32767
32767	32767
32767	32767
32767	32767
32767	32767
32767	32767
32767	32767
32767	32767
32767	32767
32767	32767
32767	32767
32767	32767
32767	32767
32767	32767
32767	32767
32767	32767
32767	32767
32767	32767
32767	32767
32767	32767
32767	32767
32767	32767
32767	32767
32767	32767
32767	32767
32767	32767
32767	32767
32767	32767
32767	32767
32767	32767
32767	32767
32767	32767
32767	32767
32767	32767
32767	32767
32767	32767
32767	32767
32767	32767
32767	32767
32767	32767
32767	32767
32767	32767
32767	32767
32767	32767
32767	32767
32767	32767
32767	32767
32767	32767
32767	32767
32767	32767
32767	32767
32767	32767
32767	32767
32767	32767
32767	32767
32767	32767
32767	32767
32767	32767
32767	32767
32767	32767
32767	32767
32767	32767
32767	32767
32767	32767
32767	32767
32767	32767
32767	32767
32767	32767
32767	32767
32767	32767
32767	32767
32767	32767
32767	32767
32767	32767
32767	32767
32767	32767
32767	32767
32767	32767
32767	32767
32767	32767
32767	32767
32767	32767
32767	32767
32767	32767
32767	32767
32767	32767
32767	32767
32767	32767
32767	32767
32767	32767
32767	32767
32767	32767
32767	32767
32767	32767
32767	32767
32767	32767
32767	32767
32767	32767
32767	32767
32767	32767
32767	32767
32767	32767
32767	32767
32767	32767
32767	32767
32767	32767
32767	32767
32767	32767
32767	32767
32767	32767
32767	32767
32767	32767
32767	32767
32767	32767
32767	32767
32767	32767
32767	32767
32767	32767
32767	32767
32767	32767
32767	32767
32767	32767
32767	32767
32767	32767
32767	32767
32767	32767
32767	32767
32767	32767
32767	32767
32767	32767
32767	32767
32767	32767
32767	32767
32767	32767
32767	32767
32767	32767
32767	32767
32767	32767
32767	32767
32767	32767
32767	32767
32767	32767
32767	32767
32767	32767
32767	32767
32767	32767
32767	32767
32767	32767
32767	32767
32767	32767
32767	32767
32767	32767
32767	32767
32767	32767
32767	32767
32767	32767
32767	32767
32767	32767
32767	32767
32767	32767
32767	32767
32767	32767
32767	32767
32767	32767
32767	32767
32767	32767
32767	32767
32767	32767
32767	32767
32767	32767
32767	32767
32767	32767
32767	32767
32767	32767
32767	32767
32767	32767
32767	32767
32767	32767
32767	32767
32767	32767
32767	32767
32767	32767
32767	32767
32767	32767
32767	32767
32767	32767
32767	32767
32767	32767
32767	32767
32767	32767
32767	32767
32767	32767
32767	32767
32767	32767
32767	32767
32767	32767
32767	32767
32767	32767
32767	32767
32767	32767
32767	32767
32767	32767
32767	32767
32767	32767
32767	32767
32767	32767
32767	32767
32767	32767
32767	32767
32767	32767
32767	32767
32767	32767
32767	32767
32767	32767
32767	32767
32767	32767
32767	32767
32767	32767
32767	32767
32767	32767
32767	32767
32767	32767
32767	32767
32767	32767
32767	32767
32767	32767
32767	32767
32767	32767
32767	32767
32767	32767
32767	32767
32767	32767
32767	32767
32767	32767
32767	32767
32767	32767
32767	32767
32767	32767
32767	32767
32767	32767
32767	32767
32767	32767
32767	32767
32767	32767
32767	32767
32767	32767
32767	32767
32767	32767
32767	32767
32767	32767
32767	32767
32767	32767
32767	32767
32767	32767
32767	32767
32767	32767
32767	32767
32767	32767
32767	32767
32767	32767
32767	32767
32767	32767
32767	32767
32767	32767
32767	32767
32767	32767
32767	32767
32767	32767
32767	32767
32767	32767
32767	32767
32767	32767
32767	32767
32767	32767
32767	32767
32767	32767
32767	32767
32767	32767
32767	32767
32767	32767
32767	32767
32767	32767
32767	32767
32767	32767
32767	32767
32767	32767
32767	32767
32767	32767
32767	32767
32767	32767
32767	32767
32767	32767
32767	32767
32767	32767
32767	32767
32767	32767
32767	32767
32767	32767
32767	32767
32767	32767
32767	32767
32767	32767
32767	32767
32767	32767
32767	32767
32767	32767
32767	32767
32767	32767
32767	32767
32767	32767
32767	32767
32767	32767
32767	32767
32767	32767
32767	32767
32767	32767
32767	32767
32767	32767
32767	32767
32767	32767
32767	32767
32767	32767
32767	32767
32767	32767
32767	32767
32767	32767
32767	32767
32767	32767
32767	32767
32767	32767
32767	32767
32767	32767
32767	32767
32767	32767
32767	32767
32767	32767
32767	32767
32767	32767
32767	32767
32767	32767
32767	32767
32767	32767
32767	32767
32767	32767
32767	32767
32767	32767
32767	32767
32767	32767
32767	32767
32767	32767
32767	32767
32767	32767
32767	32767
32767	32767
32767	32767
32767	32767
32767	32767
32767	32767
32767	32767
32767	32767
32767	32767
32767	32767
32767	32767
32767	32767
32767	32767
32767	32767
32767	32767
32767	32767
32767	32767
32767	32767
32767	32767
32767	32767
32767	32767
32767	32767
32767	32767
32767	32767
32767	32767
32767	32767
32767	32767
32767	32767
32767	32767
32767	32767
32767	32767
32767	32767
32767	32767
32767	32767
32767	32767
32767	32767
32767	32767
32767	32767
32767	32767
32767	32767
32767	32767
32767	32767
32767	32767
32767	32767
32767	32767
32767	32767
32767	32767
32767	32767
32767	32767
32767	32767
32767	32767
32767	32767
32767	32767
32767	32767
32767	32767
32767	32767
32767	32767
32767	32767
32767	32767
32767	32767
32767	32767
32767	32767
32767	32767
32767	32767
32767	32767
32767	32767
32767	32767
32767	32767
32767	32767
32767	32767
32767	32767
32767	32767
32767	32767
32767	32767
32767	32767
32767	32767
32767	32767
32767	32767
32767	32767
32767	32767
32767	32767
32767	32767
32767	32767
32767	32767
32767	32767
32767	32767
32767	32767
32767	32767
32767	32767
32767	32767
32767	32767
32767	32767
32767	32767
32767	32767
32767	32767
32767	32767
32767	32767
32767	32767
32767	32767
32767	32767
32767	32767
32767	32767
32767	32767
32767	32767
32767	32767
32767	32767
32767	32767
32767	32767
32767	32767
32767	32767
32767	32767
32767	32767
32767	32767
32767	32767
32767	32767
32767	32767
32767	32767
32767	32767
32767	32767
32767	32767
32767	32767
32767	32767
32767	32767
32767	32767
32767	32767
32767	32767
32767	32767
32767	32767
32767	32767
32767	32767
32767	32767
32767	32767
32767	32767
32767	32767
32767	32767
32767	32767
32767	32767
32767	32767
32767	32767
32767	32767
32767	32767
32767	32767
32767	32767
32767	32767
32767	32767
32767	32767
32767	32767
32767	32767
32767	32767
32767	32767
32767	32767
32767	32767
32767	32767
32767	32767
32767	32767
32767	32767
32767	32767
32767	32767
32767	32767
32767	32767
32767	32767
32767	32767
32767	32767
32767	32767
32767	32767
32767	32767
32767	32767
32767	32767
32767	32767
32767	32767
32767	32767
32767	32767
32767	32767
32767	32767
32767	32767
32767	32767
32767	32767
32767	32767
32767	32767
32767	32767
32767	32767
32767	32767
32767	32767
32767	32767
32767	32767
32767	32767
32767	32767
32767	32767
32767	32767
32767	32767
32767	32767
32767	32767
32767	32767
32767	32767
32767	32767
32767	32767
32767	32767
32767	32767
32767	32767
32767	32767
32767	32767
32767	32767
32767	32767
32767	32767
32767	32767
32767	32767
32767	32767
32767	32767
32767	32767
32767	32767
32767	32767
32767	32767
32767	32767
32767	32767
32767	32767
32767	32767
32767	32767
32767	32767
32767	32767
32767	32767
32767	32767
32767	32767
32767	32767
32767	32767
32767	32767
32767	32767
32767	32767
32767	32767
32767	32767
32767	32767
32767	32767
32767	32767
32767	32767
32767	32767
32767	32767
32767	32767
32767	32767
32767	32767
32767	32767
32767	32767
32767	32767
32767	32767
32767	32767
32767	32767
32767	32767
32767	32767
32767	32767
32767	32767
32767	32767
32767	32767
32767	32767
32767	32767
32767	32767
32767	32767
32767	32767
32767	32767
32767	32767
32767	32767
32767	32767
32767	32767
32767	32767
32767	32767
32767	32767
32767	32767
32767	32767
32767	32767
32767	32767
32767	32767
32767	32767
32767	32767
32767	32767
32767	32767
32767	32767
32767	32767
32767	32767
32767	32767
32767	32767
32767	32767
32767	32767
32767	32767
32767	32767
32767	32767
32767	32767
32767	32767
32767	32767
32767	32767
32767	32767
32767	32767
32767	32767
32767	32767
32767	32767
32767	32767
32767	32767
32767	32767
32767	32767
32767	32767
32767	32767
32767	32767
32767	32767
32767	32767
32767	32767
32767	32767
32767	32767
32767	32767
32767	32767
32767	32767
32767	32767
32767	32767
32767	32767
32767	32767
32767	32767
32767	32767
32767	32767
32767	32767
32767	32767
32767	32767
32767	32767
32767	32767
32767	32767
32767	32767
32767	32767
32767	32767
32767	32767
32767	32767
32767	32767
32767	32767
32767	32767
32767	32767
32767	32767
32767	32767
32767	32767
32767	32767
32767	32767
32767	32767
32767	32767
32767	32767
32767	32767
32767	32767
32767	32767
32767	32767
32767	32767
32767	32767
32767	32767
32767	32767
32767	32767
32767	32767
32767	32767
32767	32767
32767	32767
32767	32767
32767	32767
32767	32767
32767	32767
32767	32767
32767	32767
32767	32767
32767	32767
32767	32767
32767	32767
32767	32767
32767	32767
32767	32767
32767	32767
32767	32767
32767	32767
32767	32767
32767	32767
32767	32767
32767	32767
32767	32767
32767	32767
32767	32767
32767	32767
32767	32767
32767	32767
32767	32767
32767	32767
32767	32767
32767	32767
32767	32767
32767	32767
32767	32767
32767	32767
32767	32767
32767	32767
32767	32767
32767	32767
32767	32767
32767	32767
32767	32767
32767	32767
32767	32767
32767	32767
32767	32767
32767	32767
32767	32767
32767	32767
32767	32767
32767	32767
32767	32767
32767	32767
32767	32767
32767	32767
32767	32767
32767	32767
32767	32767
32767	32767
32767	32767
32767	32767
32767	32767
32767	32767
32767	32767
32767	32767
32767	32767
32767	32767
32767	32767
32767	32767
32767	32767
32767	32767
32767	32767
32767	32767
32767	32767
32767	32767
32767	32767
32767	32767
32767	32767
32767	32767
32767	32767
32767	32767
32767	32767
32767	32767
32767	32767
32767	32767
32767	32767
32767	32767
32767	32767
32767	32767
32767	32767
32767	32767
32767	32767
32767	32767
32767	32767
32767	32767
32767	32767
32767	32767
32767	32767
32767	32767
32767	32767
32767	32767
32767	32767
32767	32767
32767	32767
32767	32767
32767	32767
32767	32767
32767	32767
32767	32767
32767	32767
32767	32767
32767	32767
32767	32767
32767	32767
32767	32767
32767	32767
32767	32767
32767	32767
32767	32767
32767	32767
32767	32767
32767	32767
32767	32767
32767	32767
32767	32767
32767	32767
32767	32767
32767	32767
32767	32767
32767	32767
32767	32767
32767	32767
32767	32767
32767	32767
32767	32767
32767	32767
32767	32767
32767	32767
32767	32767
32767	32767
32767	32767
32767	32767
32767	32767
32767	32767
32767	32767
32767	32767
32767	32767
32767	32767
32767	32767
32767	32767
32767	32767
32767	32767
32767	32767
32767	32767
32767	32767
32767	32767
32767	32767
32767	32767
32767	32767
32767	32767
32767	32767
32767	32767
32767	32767
32767	32767
32767	32767
32767	32767
32767	32767
32767	32767
32767	32767
32767	32767
32767	32767
32767	32767
32767	32767
32767	32767
32767	32767
32767	32767
32767	32767
32767	32767
32767	32767
32767	32767
32767	32767
32767	32767
32767	32767
32767	32767
32767	32767
32767	32767
32767	32767
32767	32767
32767	32767
32767	32767
32767	32767
32767	32767
32767	32767
32767	32767
32767	32767
32767	32767
32767	32767
32767	32767
32767	32767
32767	32767
32767	32767
32767	32767
32767	32767
32767	32767
32767	32767
32767	32767
32767	32767
32767	32767
32767	32767
32767	32767
32767	32767
32767	32767
32767	32767
32767	32767
32767	32767
32767	32767
32767	32767
32767	32767
32767	32767
32767	32767
32767	32767
32767	32767
32767	32767
32767	32767
32767	32767
32767	32767
32767	32767
32767	32767
32767	32767
32767	32767
32767	32767
32767	32767
32767	32767
32767	32767
32767	32767
32767	32767
32767	32767
32767	32767
32767	32767
32767	32767
32767	32767
32767	32767
32767	32767
32767	32767
32767	32767
32767	32767
32767	32767
32767	32767
32767	32767
32767	32767
32767	32767
32767	32767
32767	32767
32767	32767
32767	32767
32767	32767
32767	32767
32767	32767
32767	32767
32767	32767
32767	32767
32767	32767
32767	32767
32767	32767
32767	32767
32767	32767
32767	32767
32767	32767
32767	32767
32767	32767
32767	32767
32767	32767
32767	32767
32767	32767
32767	32767
32767	32767
32767	32767
32767	32767
32767	32767
32767	32767
32767	32767
32767	32767
32767	32767
32767	32767
32767	32767
32767	32767
32767	32767
32767	32767
32767	32767
32767	32767
32767	32767
32767	32767
32767	32767
32767	32767
32767	32767
32767	32767
32767	32767
32767	32767
32767	32767
32767	32767
32767	32767
32767	32767
32767	32767
32767	32767
32767	32767
32767	32767
32767	32767
32767	32767
32767	32767
32767	32767
32767	32767
32767	32767
32767	32767
32767	32767
32767	32767
32767	32767
32767	32767
32767	32767
32767	32767
32767	32767
32767	32767
32767	32767
32767	32767
32767	32767
32767	32767
32767	32767
32767	32767
32767	32767
32767	32767
32767	32767
32767	32767
32767	32767
32767	32767
32767	32767
32767	32767
32767	32767
32767	32767
32767	32767
32767	32767
32767	32767
32767	32767
32767	32767
32767	32767
32767	32767
32767	32767
32767	32767
32767	32767
32767	32767
32767	32767
32767	32767
32767	32767
32767	32767
32767	32767
32767	32767
32767	32767
32767	32767
32767	32767
32767	32767
32767	32767
32767	32767
32767	32767
32767	32767
32767	32767
32767	32767
32767	32767
32767	32767
32767	32767
32767	32767
32767	32767
32767	32767
32767	32767
32767	32767
32767	32767
32767	32767
32767	32767
32767	32767
32767	32767
32767	32767
32767	32767
32767	32767
32767	32767
32767	32767
32767	32767
32767	32767
32767	32767
32767	32767
32767	32767
32767	32767
32767	32767
32767	32767
32767	32767
32767	32767
32767	32767
32767	32767
32767	32767
32767	32767
32767	32767
32767	32767
32767	32767
32767	32767
32767	32767
32767	32767
32767	32767
32767	32767
32767	32767
32767	32767
32767	32767
32767	32767
32767	32767
32767	32767
32767	32767
32767	32767
32767	32767
32767	32767
32767	32767
32767	32767
32767	32767
32767	32767
32767	32767
32767	32767
32767	32767
32767	32767
32767	32767
32767	32767
32767	32767
32767	32767
32767	32767
32767	32767
32767	32767
32767	32767
32767	32767
32767	32767
32767	32767
32767	32767
32767	32767
32767	32767
32767	32767
32767	32767
32767	32767
32767	32767
32767	32767
32767	32767
32767	32767
32767	32767
32767	32767
32767	32767
32767	32767
32767	32767
32767	32767
32767	32767
32767	32767
32767	32767
32767	32767
32767	32767
32767	32767
32767	32767
32767	32767
32767	32767
32767	32767
32767	32767
32767	32767
32767	32767
32767	32767
32767	32767
32767	32767
32767	32767
32767	32767
32767	32767
32767	32767
32767	32767
32767	32767
32767	32767
32767	32767
32767	32767
32767	32767
32767	32767
32767	32767
32767	32767
32767	32767
32767	32767
32767	32767
32767	32767
32767	32767
32767	32767
32767	32767
32767	32767
32767	32767
32767	32767
32767	32767
32767	32767
32767	32767
32767	32767
32767	32767
32767	32767
32767	32767
32767	32767
32767	32767
32767	32767
32767	32767
32767	32767
32767	32767
32767	32767
32767	32767
32767	32767
32767	32767
32767	32767
32767	32767
32767	32767
32767	32767
32767	32767
32767	32767
32767	32767
32767	32767
32767	32767
32767	32767
32767	32767
32767	32767
32767	32767
32767	32767
32767	32767
32767	32767
32767	32767
32767	32767
32767	32767
32767	32767
32767	32767
32767	32767
32767	32767
32767	32767
32767	32767
32767	32767
32767	32767
32767	32767
32767	32767
32767	32767
32767	32767
32767	32767
32767	32767
32767	32767
32767	32767
32767	32767
32767	32767
32767	32767
32767	32767
32767	32767
32767	32767
32767	32767
32767	32767
32767	32767
32767	32767
32767	32767
32767	32767
32767	32767
32767	32767
32767	32767
32767	32767
32767	32767
32767	32767
32767	32767
32767	32767
32767	32767
32767	32767
32767	32767
32767	32767
32767	32767
32767	32767
32767	32767
32767	32767
32767	32767
32767	32767
32767	32767
32767	32767
32767	32767
32767	32767
32767	32767
32767	32767
32767	32767
32767	32767
32767	32767
32767	32767
32767	32767
32767	32767
32767	32767
32767	32767
32767	32767
32767	32767
32767	32767
32767	32767
32767	32767
32767	32767
32767	32767
32767	32767
32767	32767
32767	32767
32767	32767
32767	32767
32767	32767
32767	32767
32767	32767
32767	32767
32767	32767
32767	32767
32767	32767
32767	32767
32767	32767
32767	32767
32767	32767
32767	32767
32767	32767
32767	32767
32767	32767
32767	32767
32767	32767
32767	32767
32767	32767
32767	32767
32767	32767
32767	32767
32767	32767
32767	32767
32767	32767
32767	32767
32767	32767
32767	32767
32767	32767
32767	32767
32767	32767
32767	32767
32767	32767
32767	32767
32767	32767
32767	32767
32767	32767
32767	32767
32767	32767
32767	32767
32767	32767
32767	32767
32767	32767
32767	32767
32767	32767
32767	32767
32767	32767
32767	32767
32767	32767
32767	32767
32767	32767
32767	32767
32767	32767
32767	32767
32767	32767
32767	32767
32767	32767
32767	32767
32767	32767
32767	32767
32767	32767
32767	32767
32767	32767
32767	32767
32767	32767
32767	32767
32767	32767
32767	32767
32767	32767
32767	32767
32767	32767
32767	32767
32767	32767
32767	32767
32767	32767
32767	32767
32767	32767
32767	32767
32767	32767
32767	32767
32767	32767
32767	32767
32767	32767
32767	32767
32767	32767
32767	32767
32767	32767
32767	32767
32767	32767
32767	32767
32767	32767
32767	32767
32767	32767
32767	32767
32767	32767
32767	32767
32767	32767
32767	32767
32767	32767
32767	32767
32767	32767
32767	32767
32767	32767
32767	32767
32767	32767
32767	32767
32767	32767
32767	32767
32767	32767
32767	32767
32767	32767
32767	32767
32767	32767
32767	32767
32767	32767
32767	32767
32767	32767
32767	32767
32767	32767
32767	32767
32767	32767
32767	32767
32767	32767
32767	32767
32767	32767
32767	32767
32767	32767
32767	32767
32767	32767
32767	32767
32767	32767
32767	32767
32767	32767
32767	32767
32767	32767
32767	32767
32767	32767
32767	32767
32767	32767
32767	32767
32767	32767
32767	32767
32767	32767
32767	32767
32767	32767
32767	32767
32767	32767
32767	32767
32767	32767
32767	32767
32767	32767
32767	32767
32767	32767
32767	32767
32767	32767
32767	32767
32767	32767
32767	32767
32767	32767
32767	32767
32767	32767
32767	32767
32767	32767
32767	32767
32767	32767
32767	32767
32767	32767
32767	32767
32767	32767
32767	32767
32767	32767
32767	32767
32767	32767
32767	32767
32767	32767
32767	32767
32767	32767
32767	32767
32767	32767
32767	32767
32767	32767
32767	32767
32767	32767
32767	32767
32767	32767
32767	32767
32767	32767
32767	32767
32767	32767
32767	32767
32767	32767
32767	32767
32767	32767
32767	32767
32767	32767
32767	32767
32767	32767
32767	32767
32767	32767
32767	32767
32767	32767
32767	32767
32767	32767
32767	32767
32767	32767
32767	32767
32767	32767
32767	32767
32767	32767
32767	32767
32767	32767
32767	32767
32767	32767
32767	32767
32767	32767
32767	32767
32767	32767
32767	32767
32767	32767
32767	32767
32767	32767
32767	32767
32767	32767
32767	32767
32767	32767
32767	32767
32767	32767
32767	32767
32767	32767
32767	32767
32767	32767
32767	32767
32767	32767
32767	32767
32767	32767
32767	32767
32767	32767
32767	32767
32767	32767
32767	32767
32767	32767
32767	32767
32767	32767
32767	32767
32767	32767
32767	32767
32767	32767
32767	32767
32767	32767
32767	32767
32767	32767
32767	32767
32767	32767
32767	32767
32767	32767
32767	32767
32767	32767
32767	32767
32767	32767
32767	32767
32767	32767
32767	32767
32767	32767
32767	32767
32767	32767
32767	32767
32767	32767
32767	32767
32767	32767
32767	32767
32767	32767
32767	32767
32767	32767
32767	32767
32767	32767
32767	32767
32767	32767
32767	32767
32767	32767
32767	32767
32767	32767
32767	32767
32767	32767
32767	32767
32767	32767
32767	32767
32767	32767
32767	32767
32767	32767
32767	32767
32767	32767
32767	32767
32767	32767
32767	32767
32767	32767
32767	32767
32767	32767
32767	32767
32767	32767
32767	32767
32767	32767
32767	32767
32767	32767
32767	32767
32767	32767
32767	32767
32767	32767
32767	32767
32767	32767
32767	32767
32767	32767
32767	32767
32767	32767
32767	32767
32767	32767
32767	32767
32767	32767
32767	32767
32767	32767
32767	32767
32767	32767
32767	32767
32767	32767
32767	32767
32767	32767
32767	32767
32767	32767
32767	32767
32767	32767
32767	32767
32767	32767
32767	32767
32767	32767
32767	32767
32767	32767
32767	32767
32767	32767
32767	32767
32767	32767
32767	32767
32767	32767
32767	32767
32767	32767
32767	32767
32767	32767
32767	32767
32767	32767
32767	32767
32767	32767
32767	32767
32767	32767
32767	32767
32767	32767
32767	32767
32767	32767
32767	32767
32767	32767
32767	32767
32767	32767
32767	32767
32767	32767
32767	32767
32767	32767
32767	32767
32767	32767
32767	32767
32767	32767
32767	32767
32767	32767
32767	32767
32767	32767
32767	32767
32767	32767
32767	32767
32767	32767
32767	32767
32767	32767
32767	32767
32767	32767
32767	32767
32767	32767
32767	32767
32767	32767
32767	32767
32767	32767
32767	32767
32767	32767
32767	32767
32767	32767
32767	32767
32767	32767
32767	32767
32767	32767
32767	32767
32767	32767
32767	32767
32767	32767
32767	32767
32767	32767
32767	32767
32767	32767
32767	32767
32767	32767
32767	32767
32767	32767
32767	32767
32767	32767
32767	32767
32767	32767
32767	32767
32767	32767
32767	32767
32767	32767
32767	32767
32767	32767
32767	32767
32767	32767
32767	32767
32767	32767
32767	32767
32767	32767
32767	32767
32767	32767
32767	32767
32767	32767
32767	32767
32767	32767
32767	32767
32767	32767
32767	32767
32767	32767
32767	32767
32767	32767
32767	32767
32767	32767
32767	32767
32767	32767
32767	32767
32767	32767
32767	32767
32767	32767
32767	32767
32767	32767
32767	32767
32767	32767
32767	32767
32767	32767
32767	32767
32767	32767
32767	32767
32767	32767
32767	32767
32767	32767
32767	32767
32767	32767
32767	32767
32767	32767
32767	32767
32767	32767
32767	32767
32767	32767
32767	32767
32767	32767
32767	32767
32767	32767
32767	32767
32767	32767
32767	32767
32767	32767
32767	32767
32767	32767
32767	32767
32767	32767
32767	32767
32767	32767
32767	32767
32767	32767
32767	32767
32767	32767
32767	32767
32767	32767
32767	32767
32767	32767
32767	32767
32767	32767
32767	32767
32767	32767
32767	32767
32767	32767
32767	32767
32767	32767
32767	32767
32767	32767
32767	32767
32767	32767
32767	32767
32767	32767
32767	32767
32767	32767
32767	32767
32767	32767
32767	32767
32767	32767
32767	32767
32767	32767
32767	32767
32767	32767
32767	32767
32767	32767
32767	32767
32767	32767
32767	32767
32767	32767
32767	32767
32767	32767
32767	32767
32767	32767
32767	32767
32767	32767
32767	32767
32767	32767
32767	32767
32767	32767
32767	32767
32767	32767
32767	32767
32767	32767
32767	32767
32767	32767
32767	32767
32767	32767
32767	32767
32767	32767
32767	32767
32767	32767
32767	32767
32767	32767
32767	32767
32767	32767
32767	32767
32767	32767
32767	32767
32767	32767
32767	32767
32767	32767
32767	32767
32767	32767
32767	32767
32767	32767
32767	32767
32767	32767
32767	32767
32767	32767
32767	32767
32767	32767
32767	32767
32767	32767
32767	32767
32767	32767
32767	32767
32767	32767
32767	32767
32767	32767
32767	32767
32767	32767
32767	32767
32767	32767
32767	32767
32767	32767
32767	32767
32767	32767
32767	32767
32767	32767
32767	32767
32767	32767
32767	32767
32767	32767
32767	32767
32767	32767
32767	32767
32767	32767
32767	32767
32767	32767
32767	32767
32767	32767
32767	32767
32767	32767
32767	32767
32767	32767
32767	32767
32767	32767
32767	32767
32767	32767
32767	32767
32767	32767
32767	32767
32767	32767
32767	32767
32767	32767
32767	32767
32767	32767
32767	32767
32767	32767
32767	32767
32767	32767
32767	32767
32767	32767
32767	32767
32767	32767
32767	32767
32767	32767
32767	32767
32767	32767
32767	32767
32767	32767
32767	32767
32767	32767
32767	32767
32767	32767
32767	32767
32767	32767
32767	32767
32767	32767
32767	32767
32767	32767
32767	32767
32767	32767
32767	32767
32767	32767
32767	32767
32767	32767
32767	32767
32767	32767
32767	32767
32767	32767
32767	32767
32767	32767
32767	32767
32767	32767
32767	32767
32767	32767
32767	32767
32767	32767
32767	32767
32767	32767
32767	32767
32767	32767
32767	32767
32767	32767
32767	32767
32767	32767
32767	32767
32767	32767
32767	32767
32767	32767
32767	32767
32767	32767
32767	32767
32767	32767
32767	32767
32767	32767
32767	32767
32767	32767
32767	32767
32767	32767
32767	32767
32767	32767
32767	32767
32767	32767
32767	32767
32767	32767
32767	32767
32767	32767
32767	32767
32767	32767
32767	32767
32767	32767
32767	32767
32767	32767
32767	32767
32767	32767
32767	32767
32767	32767
32767	32767
32767	32767
32767	32767
32767	32767
32767	32767
32767	32767
32767	32767
32767	32767
32767	32767
32767	32767
32767	32767
32767	32767
32767	32767
32767	32767
32767	32767
32767	32767
32767	32767
32767	32767
32767	32767
32767	32767
32767	32767
32767	32767
32767	32767
32767	32767
32767	32767
32767	32767
32767	32767
32767	32767
32767	32767
32767	32767
32767	32767
32767	32767
32767	32767
32767	32767
32767	32767
32767	32767
32767	32767
32767	32767
32767	32767
32767	32767
32767	32767
32767	32767
32767	32767
32767	32767
32767	32767
32767	32767
32767	32767
32767	32767
32767	32767
32767	32767
32767	32767
32767	32767
32767	32767
32767	32767
32767	32767
32767	32767
32767	32767
32767	32767
32767	32767
32767	32767
32767	32767
32767	32767
32767	32767
32767	32767
32767	32767
32767	32767
32767	32767
32767	32767
32767	32767
32767	32767
32767	32767
32767	32767
32767	32767
32767	32767
32767	32767
32767	32767
32767	32767
32767	32767
32767	32767
32767	32767
32767	32767
32767	32767
32767	32767
32767	32767
32767	32767
32767	32767
32767	32767
32767	32767
32767	32767
32767	32767
32767	32767
32767	32767
32767	32767
32767	32767
32767	32767
32767	32767
32767	32767
32767	32767
32767	32767
32767	32767
32767	32767
32767	32767
32767	32767
32767	32767
32767	32767
32767	32767
32767	32767
32767	32767
32767	32767
32767	32767
32767	32767
32767	32767
32767	32767
32767	32767
32767	32767
32767	32767
32767	32767
32767	32767
32767	32767
32767	32767
32767	32767
32767	32767
32767	32767
32767	32767
32767	32767
32767	32767
32767	32767
32767	32767
32767	32767
32767	32767
32767	32767
32767	32767
32767	32767
32767	32767
32767	32767
32767	32767
32767	32767
32767	32767
32767	32767
32767	32767
32767	32767
32767	32767
32767	32767
32767	32767
32767	32767
32767	32767
32767	32767
32767	32767
32767	32767
32767	32767
32767	32767
32767	32767
32767	32767
32767	32767
32767	32767
32767	32767
32767	32767
32767	32767
32767	32767
32767	32767
32767	32767
32767	32767
32767	32767
32767	32767
32767	32767
32767	32767
32767	32767
32767	32767
32767	32767
32767	32767
32767	32767
32767	32767
32767	32767
32767	32767
32767	32767
32767	32767
32767	32767
32767	32767
32767	32767
32767	32767
32767	32767
32767	32767
32767	32767
32767	32767
32767	32767
32767	32767
32767	32767
32767	32767
32767	32767
32767	32767
32767	32767
32767	32767
32767	32767
32767	32767
32767	32767
32767	32767
32767	32767
32767	32767
32767	32767
32767	32767
32767	32767
32767	32767
32767	32767
32767	32767
32767	32767
32767	32767
32767	32767
32767	32767
32767	32767
32767	32767
32767	32767
32767	32767
32767	32767
32767	32767
32767	32767
32767	32767
32767	32767
32767	32767
32767	32767
32767	32767
32767	32767
32767	32767
32767	32767
32767	32767
32767	32767
32767	32767
32767	32767
32767	32767
32767	32767
32767	32767
32767	32767
32767	32767
32767	32767
32767	32767
32767	32767
32767	32767
32767	32767
32767	32767
32767	32767
32767	32767
32767	32767
32767	32767
32767	32767
32767	32767
32767	32767
32767	32767
32767	32767
32767	32767
32767	32767
32767	32767
32767	32767
32767	32767
32767	32767
32767	32767
32767	32767
32767	32767
32767	32767
32767	32767
32767	32767
32767	32767
32767	32767
32767	32767
32767	32767
32767	32767
32767	32767
32767	32767
32767	32767
32767	32767
32767	32767
32767	32767
32767	32767
32767	32767
32767	32767
32767	32767
32767	32767
32767	32767
32767	32767
32767	32767
32767	32767
32767	32767
32767	32767
32767	32767
32767	32767
32767	32767
32767	32767
32767	32767
32767	32767
32767	32767
32767	32767
32767	32767
32767	32767
32767	32767
32767	32767
32767	32767
32767	32767
32767	32767
32767	32767
32767	32767
32767	32767
32767	32767
32767	32767
32767	32767
32767	32767
32767	32767
32767	32767
32767	32767
32767	32767
32767	32767
32767	32767
32767	32767
32767	32767
32767	32767
32767	32767
32767	32767
32767	32767
32767	32767
32767	32767
32767	32767
32767	32767
32767	32767
32767	32767
32767	32767
32767	32767
32767	32767
32767	32767
32767	32767
32767	32767
32767	32767
32767	32767
32767	32767
32767	32767
32767	32767
32767	32767
32767	32767
32767	32767
32767	32767
32767	32767
32767	32767
32767	32767
32767	32767
32767	32767
32767	32767
32767	32767
32767	32767
32767	32767
32767	32767
32767	32767
32767	32767
32767	32767
32767	32767
32767	32767
32767	32767
32767	32767
32767	32767
32767	32767
32767	32767
32767	32767
32767	32767
32767	32767
32767	32767
32767	32767
32767	32767
32767	32767
32767	32767
32767	32767
32767	32767
32767	32767
32767	32767
32767	32767
32767	32767
32767	32767
32767	32767
32767	32767
32767	32767
32767	32767
32767	32767
32767	32767
32767	32767
32767	32767
32767	32767
32767	32767
32767	32767
32767	32767
32767	32767
32767	32767
32767	32767
32767	32767
32767	32767
32767	32767
32767	32767
32767	32767
32767	32767
32767	32767
32767	32767
32767	32767
32767	32767
32767	32767
32767	32767
32767	32767
32767	32767
32767	32767
32767	32767
32767	32767
32767	32767
32767	32767
32767	32767
32767	32767
32767	32767
32767	32767
32767	32767
32767	32767
32767	32767
32767	32767
32767	32767
32767	32767
32767	32767
32767	32767
32767	32767
32767	32767
32767	32767
32767	32767
32767	32767
32767	32767
32767	32767
32767	32767
32767	32767
32767	32767
32767	32767
32767	32767
32767	32767
32767	32767
32767	32767
32767	32767
32767	32767
32767	32767
32767	32767
32767	32767
32767	32767
32767	32767
32767	32767
32767	32767
32767	32767
32767	32767
32767	32767
32767	32767
32767	32767
32767	32767
32767	32767
32767	32767
32767	32767
32767	32767
32767	32767
32767	32767
32767	32767
32767	32767
32767	32767
32767	32767
32767	32767
32767	32767
32767	32767
32767	32767
32767	32767
32767	32767
32767	32767
32767	32767
32767	32767
32767	32767
32767	32767
32767	32767
32767	32767
32767	32767
32767	32767
32767	32767
32767	32767
32767	32767
32767	32767
32767	32767
32767	32767
32767	32767
32767	32767
32767	32767
32767	32767
32767	32767
32767	32767
32767	32767
32767	32767
32767	32767
32767	32767
32767	32767
32767	32767
32767	32767
32767	32767
32767	32767
32767	32767
32767	32767
32767	32767
32767	32767
32767	32767
32767	32767
32767	32767
32767	32767
32767	32767
32767	32767
32767	32767
32767	32767
32767	32767
32767	32767
32767	32767
32767	32767
32767	32767
32767	32767
32767	32767
32767	32767
32767	32767
32767	32767
32767	32767
32767	32767
32767	32767
32767	32767
32767	32767
32767	32767
32767	32767
32767	32767
32767	32767
32767	32767
32767	32767
32767	32767
32767	32767
32767	32767
32767	32767
32767	32767
32767	32767
32767	32767
32767	32767
32767	32767
32767	32767
32767	32767
32767	32767
32767	32767
32767	32767
32767	32767
32767	32767
32767	32767
32767	32767
32767	32767
32767	32767
32767	32767
32767	32767
32767	32767
32767	32767
32767	32767
32767	32767
32767	32767
32767	32767
32767	32767
32767	32767
32767	32767
32767	32767
32767	32767
32767	32767
32767	32767
32767	32767
32767	32767
32767	32767
32767	32767
32767	32767
32767	32767
32767	32767
32767	32767
32767	32767
32767	32767
32767	32767
32767	32767
32767	32767
32767	32767
32767	32767
32767	32767
32767	32767
32767	32767
32767	32767
32767	32767
32767	32767
32767	32767
32767	32767
32767	32767
32767	32767
32767	32767
32767	32767
32767	32767
32767	32767
32767	32767
32767	32767
32767	32767
32767	32767
32767	32767
32767	32767
32767	32767
32767	32767
32767	32767
32767	32767
32767	32767
32767	32767
32767	32767
32767	32767
32767	32767
32767	32767
32767	32767
32767	32767
32767	32767
32767	32767
32767	32767
32767	32767
32767	32767
32767	32767
32767	32767
32767	32767
32767	32767
32767	32767
32767	32767
32767	32767
32767	32767
32767	32767
32767	32767
32767	32767
32767	32767
32767	32767
32767	32767
32767	32767
32767	32767
32767	32767
32767	32767
32767	32767
32767	32767
32767	32767
32767	32767
32767	32767
32767	32767
32767	32767
32767	32767
32767	32767
32767	32767
32767	32767
32767	32767
32767	32767
32767	32767
32767	32767
32767	32767
32767	32767
32767	32767
32767	32767
32767	32767
32767	32767
32767	32767
32767	32767
32767	32767
32767	32767
32767	32767
32767	32767
32767	32767
32767	32767
32767	32767
32767	32767
32767	32767
32767	32767
32767	32767
32767	32767
32767	32767
32767	32767
32767	32767
32767	32767
32767	32767
32767	32767
32767	32767
32767	32767
32767	32767
32767	32767
32767	32767
32767	32767
32767	32767
32767	32767
32767	32767
32767	32767
32767	32767
32767	32767
32767	32767
32767	32767
32767	32767
32767	32767
32767	32767
32767	32767
32767	32767
32767	32767
32767	32767
32767	32767
32767	32767
32767	32767
32767	32767
32767	32767
32767	32767
32767	32767
32767	32767
32767	32767
32767	32767
32767	32767
32767	32767
32767	32767
32767	32767
32767	32767
32767	32767
32767	32767
32767	32767
32767	32767
32767	32767
32767	32767
32767	32767
32767	32767
32767	32767
32767	32767
32767	32767
32767	32767
32767	32767
32767	32767
32767	32767
32767	32767
32767	32767
32767	32767
32767	32767
32767	32767
32767	32767
32767	32767
32767	32767
32767	32767
32767	32767
32767	32767
32767	32767
32767	32767
32767	32767
32767	32767
32767	32767
32767	32767
32767	32767
32767	32767
32767	32767
32767	32767
32767	32767
32767	32767
32767	32767
32767	32767
32767	32767
32767	32767
32767	32767
32767	32767
32767	32767
32767	32767
32767	32767
32767	32767
32767	32767
32767	32767
32767	32767
32767	32767
32767	32767
32767	32767
32767	32767
32767	32767
32767	32767
32767	32767
32767	32767
32767	32767
32767	32767
32767	32767
32767	32767
32767	32767
32767	32767
32767	32767
32767	32767
32767	32767
32767	32767
32767	32767
32767	32767
32767	32767
32767	32767
32767	32767
32767	32767
32767	32767
32767	32767
32767	32767
32767	32767
32767	32767
32767	32767
32767	32767
32767	32767
32767	32767
32767	32767
32767	32767
32767	32767
32767	32767
32767	32767
32767	32767
32767	32767
32767	32767
32767	32767
32767	32767
32767	32767
32767	32767
32767	32767
32767	32767
32767	32767
32767	32767
32767	32767
32767	32767
32767	32767
32767	32767
32767	32767
32767	32767
32767	32767
32767	32767
32767	32767
32767	32767
32767	32767
32767	32767
32767	32767
32767	32767
32767	32767
32767	32767
32767	32767
32767	32767
32767	32767
32767	32767
32767	32767
32767	32767
32767	32767
32767	32767
32767	32767
32767	32767
32767	32767
32767	32767
32767	32767
32767	32767
32767	32767
32767	32767
32767	32767
32767	32767
32767	32767
32767	32767
32767	32767
32767	32767
32767	32767
32767	32767
32767	32767
32767	32767
32767	32767
32767	32767
32767	32767
32767	32767
32767	32767
32767	32767
32767	32767
32767	32767
32767	32767
32767	32767
32767	32767
32767	32767
32767	32767
32767	32767
32767	32767
32767	32767
32767	32767
32767	32767
32767	32767
32767	32767
32767	32767
32767	32767
32767	32767
32767	32767
32767	32767
32767	32767
32767	32767
32767	32767
32767	32767
32767	32767
32767	32767
32767	32767
32767	32767
32767	32767
32767	32767
32767	32767
32767	32767
32767	32767
32767	32767
32767	32767
32767	32767
32767	32767
32767	32767
32767	32767
32767	32767
32767	32767
32767	32767
32767	32767
32767	32767
32767	32767
32767	32767
32767	32767
32767	32767
32767	32767
32767	32767
32767	32767
32767	32767
32767	32767
32767	32767
32767	32767
32767	32767
32767	32767
32767	32767
32767	32767
32767	32767
32767	32767
32767	32767
32767	32767
32767	32767
32767	32767
32767	32767
32767	32767
32767	32767
32767	32767
32767	32767
32767	32767
32767	32767
32767	32767
32767	32767
32767	32767
32767	32767
32767	32767
32767	32767
32767	32767
32767	32767
32767	32767
32767	32767
32767	32767
32767	32767
32767	32767
32767	32767
32767	32767
32767	32767
32767	32767
32767	32767
32767	32767
32767	32767
32767	32767
32767	32767
32767	32767
32767	32767
32767	32767
32767	32767
32767	32767
32767	32767
32767	32767
32767	32767
32767	32767
32767	32767
32767	32767
32767	32767
32767	32767
32767	32767
32767	32767
32767	32767
32767	32767
32767	32767
32767	32767
32767	32767
32767	32767
32767	32767
32767	32767
32767	32767
32767	32767
32767	32767
32767	32767
32767	32767
32767	32767
32767	32767
32767	32767
32767	32767
32767	32767
32767	32767
32767	32767
32767	32767
32767	32767
32767	32767
32767	32767
32767	32767
32767	32767
32767	32767
32767	32767
32767	32767
32767	32767
32767	32767
32767	32767
32767	32767
32767	32767
32767	32767
32767	32767
32767	32767
32767	32767
32767	32767
32767	32767
32767	32767
32767	32767
32767	32767
32767	32767
32767	32767
32767	32767
32767	32767
32767	32767
32767	32767
32767	32767
32767	32767
32767	32767
32767	32767
32767	32767
32767	32767
32767	32767
32767	32767
32767	32767
32767	32767
32767	32767
32767	32767
32767	32767
32767	32767
32767	32767
32767	32767
32767	32767
32767	32767
32767	32767
32767	32767
32767	32767
32767	32767
32767	32767
32767	32767
32767	32767
32767	32767
32767	32767
32767	32767
32767	32767
32767	32767
32767	32767
32767	32767
32767	32767
32767	32767
32767	32767
32767	32767
32767	32767
32767	32767
32767	32767
32767	32767
32767	32767
32767	32767
32767	32767
32767	32767
32767	32767
32767	32767
32767	32767
32767	32767
32767	32767
32767	32767
32767	32767
32767	32767
32767	32767
32767	32767
32767	32767
32767	32767
32767	32767
32767	32767
32767	32767
32767	32767
32767	32767
32767	32767
32767	32767
32767	32767
32767	32767
32767	32767
32767	32767
32767	32767
32767	32767
32767	32767
32767	32767
32767	32767
32767	32767
32767	32767
32767	32767
32767	32767
32767	32767
32767	32767
32767	32767
32767	32767
32767	32767
32767	32767
32767	32767
32767	32767
32767	32767
32767	32767
32767	32767
32767	32767
32767	32767
32767	32767
32767	32767
32767	32767
32767	32767
32767	32767
32767	32767
32767	32767
32767	32767
32767	32767
32767	32767
32767	32767
32767	32767
32767	32767
32767	32767
32767	32767
32767	32767
32767	32767
32767	32767
32767	32767
32767	32767
32767	32767
32767	32767
32767	32767
32767	32767
32767	32767
32767	32767
32767	32767
32767	32767
32767	32767
32767	32767
32767	32767
32767	32767
32767	32767
32767	32767
32767	32767
32767	32767
32767	32767
32767	32767
32767	32767
32767	32767
32767	32767
32767	32767
32767	32767
32767	32767
32767	32767
32767	32767
32767	32767
32767	32767
32767	32767
32767	32767
32767	32767
32767	32767
32767	32767
32767	32767
32767	32767
32767	32767
32767	32767
32767	32767
32767	32767
32767	32767
32767	32767
32767	32767
32767	32767
32767	32767
32767	32767
32767	32767
32767	32767
32767	32767
32767	32767
32767	32767
32767	32767
32767	32767
32767	32767
32767	32767
32767	32767
32767	32767
32767	32767
32767	32767
32767	32767
32767	32767
32767	32767
32767	32767
32767	32767
32767	32767
32767	32767
32767	32767
32767	32767
32767	32767
32767	32767
32767	32767
32767	32767
32767	32767
32767	32767
32767	32767
32767	32767
32767	32767
32767	32767
32767	32767
32767	32767
32767	32767
32767	32767
32767	32767
32767	32767
32767	32767
32767	32767
32767	32767
32767	32767
32767	32767
32767	32767
32767	32767
32767	32767
32767	32767
32767	32767
32767	32767
32767	32767
32767	32767
32767	32767
32767	32767
32767	32767
32767	32767
32767	32767
32767	32767
32767	32767
32767	32767
32767	32767
32767	32767
32767	32767
32767	32767
32767	32767
32767	32767
32767	32767
32767	32767
32767	32767
32767	32767
32767	32767
32767	32767
32767	32767
32767	32767
32767	32767
32767	32767
32767	32767
32767	32767
32767	32767
32767	32767
32767	32767
32767	32767
32767	32767
32767	32767
32767	32767
32767	32767
32767	32767
32767	32767
32767	32767
32767	32767
32767	32767
32767	32767
32767	32767
32767	32767
32767	32767
32767	32767
32767	32767
32767	32767
32767	32767
32767	32767
32767	32767
32767	32767
32767	32767
32767	32767
32767	32767
32767	32767
32767	32767
32767	32767
32767	32767
32767	32767
32767	32767
32767	32767
32767	32767
32767	32767
32767	32767
32767	32767
32767	32767
32767	32767
32767	32767
32767	32767
32767	32767
32767	32767
32767	32767
32767	32767
32767	32767
32767	32767
32767	32767
32767	32767
32767	32767
32767	32767
32767	32767
32767	32767
32767	32767
32767	32767
32767	32767
32767	32767
32767	32767
32767	32767
32767	32767
32767	32767
32767	32767
32767	32767
32767	32767
32767	32767
32767	32767
32767	32767
32767	32767
32767	32767
32767	32767
32767	32767
32767	32767
32767	32767
32767	32767
32767	32767
32767	32767
32767	32767
32767	32767
32767	32767
32767	32767
32767	32767
32767	32767
32767	32767
32767	32767
32767	32767
32767	32767
32767	32767
32767	32767
32767	32767
32767	32767
32767	32767
32767	32767
32767	32767
32767	32767
32767	32767
32767	32767
32767	32767
32767	32767
32767	32767
32767	32767
32767	32767
32767	32767
32767	32767
32767	32767
32767	32767
32767	32767
32767	32767
32767	32767
32767	32767
32767	32767
32767	32767
32767	32767
32767	32767
32767	32767
32767	32767
32767	32767
32767	32767
32767	32767
32767	32767
32767	32767
32767	32767
32767	32767
32767	32767
32767	32767
32767	32767
32767	32767
32767	32767
32767	32767
32767	32767
32767	32767
32767	32767
32767	32767
32767	32767
32767	32767
32767	32767
32767	32767
32767	32767
32767	32767
32767	32767
32767	32767
32767	32767
32767	32767
32767	32767
32767	32767
32767	32767
32767	32767
32767	32767
32767	32767
32767	32767
32767	32767
32767	32767
32767	32767
32767	32767
32767	32767
32767	32767
32767	32767
32767	32767
32767	32767
32767	32767
32767	32767
32767	32767
32767	32767
32767	32767
32767	32767
32767	32767
32767	32767
32767	32767
32767	32767
32767	32767
32767	32767
32767	32767
32767	32767
32767	32767
32767	32767
32767	32767
32767	32767
32767	32767
32767	32767
32767	32767
32767	32767
32767	32767
32767	32767
32767	32767
32767	32767
32767	32767
32767	32767
32767	32767
32767	32767
32767	32767
32767	32767
32767	32767
32767	32767
32767	32767
32767	32767
32767	32767
32767	32767
32767	32767
32767	32767
32767	32767
32767	32767
32767	32767
32767	32767
32767	32767
32767	32767
32767	32767
32767	32767
32767	32767
32767	32767
32767	32767
32767	32767
32767	32767
32767	32767
32767	32767
32767	32767
32767	32767
32767	32767
32767	32767
32767	32767
32767	32767
32767	32767
32767	32767
32767	32767
32767	32767
32767	32767
32767	32767
32767	32767
32767	32767
32767	32767
32767	32767
32767	32767
32767	32767
32767	32767
32767	32767
32767	32767
32767	32767
32767	32767
32767	32767
32767	32767
32767	32767
32767	32767
32767	32767
32767	32767
32767	32767
32767	32767
32767	32767
32767	32767
32767	32767
32767	32767
32767	32767
32767	32767
32767	32767
32767	32767
32767	32767
32767	32767
32767	32767
32767	32767
32767	32767
32767	32767
32767	32767
32767	32767
32767	32767
32767	32767
32767	32767
32767	32767
32767	32767
32767	32767
32767	32767
32767	32767
32767	32767
32767	32767
32767	32767
32767	32767
32767	32767
32767	32767
32767	32767
32767	32767
32767	32767
32767	32767
32767	32767
32767	32767
32767	32767
32767	32767
32767	32767
32767	32767
32767	32767
32767	32767
32767	32767
32767	32767
32767	32767
32767	32767
32767	32767
32767	32767
32767	32767
32767	32767
32767	32767
32767	32767
32767	32767
32767	32767
32767	32767
32767	32767
32767	32767
32767	32767
32767	32767
32767	32767
32767	32767
32767	32767
32767	32767
32767	32767
32767	32767
32767	32767
32767	32767
32767	32767
32767	32767
32767	32767
32767	32767
32767	32767
32767	32767
32767	32767
32767	32767
32767	32767
32767	32767
32767	32767
32767	32767
32767	32767
32767	32767
32767	32767
32767	32767
32767	32767
32767	32767
32767	32767
32767	32767
32767	32767
32767	32767
32767	32767
32767	32767
32767	32767
32767	32767
32767	32767
32767	32767
32767	32767
32767	32767
32767	32767
32767	32767
32767	32767
32767	32767
32767	32767
32767	32767
32767	32767
32767	32767
32767	32767
32767	32767
32767	32767
32767	32767
32767	32767
32767	32767
32767	32767
32767	32767
32767	32767
32767	32767
32767	32767
32767	32767
32767	32767
32767	32767
32767	32767
32767	32767
32767	32767
32767	32767
32767	32767
32767	32767
32767	32767
32767	32767
32767	32767
32767	32767
32767	32767
32767	32767
32767	32767
32767	32767
32767	32767
32767	32767
32767	32767
32767	32767
32767	32767
32767	32767
32767	32767
32767	32767
32767	32767
32767	32767
32767	32767
32767	32767
32767	32767
32767	32767
32767	32767
32767	32767
32767	32767
32767	32767
32767	32767
32767	32767
32767	32767
32767	32767
32767	32767
32767	32767
32767	32767
32767	32767
32767	32767
32767	32767
32767	32767
32767	32767
32767	32767
32767	32767
32767	32767
32767	32767
32767	32767
32767	32767
32767	32767
32767	32767
32767	32767
32767	32767
32767	32767
32767	32767
32767	32767
32767	32767
32767	32767
32767	32767
32767	32767
32767	32767
32767	32767
32767	32767
32767	32767
32767	32767
32767	32767
32767	32767
32767	32767
32767	32767
32767	32767
32767	32767
32767	32767
32767	32767
32767	32767
32767	32767
32767	32767
32767	32767
32767	32767
32767	32767
32767	32767
32767	32767
32767	32767
32767	32767
32767	32767
32767	32767
32767	32767
32767	32767
32767	32767
32767	32767
32767	32767
32767	32767
32767	32767
32767	32767
32767	32767
32767	32767
32767	32767
32767	32767
32767	32767
32767	32767
32767	32767
32767	32767
32767	32767
32767	32767
32767	32767
32767	32767
32767	32767
32767	32767
32767	32767
32767	32767
32767	32767
32767	32767
32767	32767
32767	32767
32767	32767
32767	32767
32767	32767
32767	32767
32767	32767
32767	32767
32767	32767
32767	32767
32767	32767
32767	32767
32767	32767
32767	32767
32767	32767
32767	32767
32767	32767
32767	32767
32767	32767
32767	32767
32767	32767
32767	32767
32767	32767
32767	32767
32767	32767
32767	32767
32767	32767
32767	32767
32767	32767
32767	32767
32767	32767
32767	32767
32767	32767
32767	32767
32767	32767
32767	32767
32767	32767
32767	32767
32767	32767
32767	32767
32767	32767
32767	32767
32767	32767
32767	32767
32767	32767
32767	32767
32767	32767
32767	32767
32767	32767
32767	32767
32767	32767
32767	32767
32767	32767
32767	32767
32767	32767
32767	32767
32767	32767
32767	32767
32767	32767
32767	32767
32767	32767
32767	32767
32767	32767
32767	32767
32767	32767
32767	32767
32767	32767
32767	32767
32767	32767
32767	32767
32767	32767
32767	32767
32767	32767
32767	32767
32767	32767
32767	32767
32767	32767
32767	32767
32767	32767
32767	32767
32767	32767
32767	32767
32767	32767
32767	32767
32767	32767
32767	32767
32767	32767
32767	32767
32767	32767
32767	32767
32767	32767
32767	32767
32767	32767
32767	32767
32767	32767
32767	32767
32767	32767
32767	32767
32767	32767
32767	32767
32767	32767
32767	32767
32767	32767
32767	32767
32767	32767
32767	32767
32767	32767
32767	32767
32767	32767
32767	32767
32767	32767
32767	32767
32767	32767
32767	32767
32767	32767
32767	32767
32767	32767
32767	32767
32767	32767
32767	32767
32767	32767
32767	32767
32767	32767
32767	32767
32767	32767
32767	32767
32767	32767
32767	32767
32767	32767
32767	32767
32767	32767
32767	32767
32767	32767
32767	32767
32767	32767
32767	32767
32767	32767
32767	32767
32767	32767
32767	32767
32767	32767
32767	32767
32767	32767
32767	32767
32767	32767
32767	32767
32767	32767
32767	32767
32767	32767
32767	32767
32767	32767
32767	32767
32767	32767
32767	32767
32767	32767
32767	32767
32767	32767
32767	32767
32767	32767
32767	32767
32767	32767
32767	32767
32767	32767
32767	32767
32767	32767
32767	32767
32767	32767
32767	32767
32767	32767
32767	32767
32767	32767
32767	32767
32767	32767
32767	32767
32767	32767
32767	32767
32767	32767
32767	32767
32767	32767
32767	32767
32767	32767
32767	32767
32767	32767
32767	32767
32767	32767
32767	32767
32767	32767
32767	32767
32767	32767
32767	32767
32767	32767
32767	32767
32767	32767
32767	32767
32767	32767
32767	32767
32767	32767
32767	32767
32767	32767
32767	32767
32767	32767
32767	32767
32767	32767
32767	32767
32767	32767
32767	32767
32767	32767
32767	32767
32767	32767
32767	32767
32767	32767
32767	32767
32767	32767
32767	32767
32767	32767
32767	32767
32767	32767
32767	32767
32767	32767
32767	32767
32767	32767
32767	32767
32767	32767
32767	32767
32767	32767
32767	32767
32767	32767
32767	32767
32767	32767
32767	32767
32767	32767
32767	32767
32767	32767
32767	32767
32767	32767
32767	32767
32767	32767
32767	32767
32767	32767
32767	32767
32767	32767
32767	32767
32767	32767
32767	32767
32767	32767
32767	32767
32767	32767
32767	32767
32767	32767
32767	32767
32767	32767
32767	32767
32767	32767
32767	32767
32767	32767
32767	32767
32767	32767
32767	32767
32767	32767
32767	32767
32767	32767
32767	32767
32767	32767
32767	32767
32767	32767
32767	32767
32767	32767
32767	32767
32767	32767
32767	32767
32767	32767
32767	32767
32767	32767
32767	32767
32767	32767
32767	32767
32767	32767
32767	32767
32767	32767
32767	32767
32767	32767
32767	32767
32767	32767
32767	32767
32767	32767
32767	32767
32767	32767
32767	32767
32767	32767
32767	32767
32767	32767
32767	32767
32767	32767
32767	32767
32767	32767
32767	32767
32767	32767
32767	32767
32767	32767
32767	32767
32767	32767
32767	32767
32767	32767
32767	32767
32767	32767
32767	32767
32767	32767
32767	32767
32767	32767
32767	32767
32767	32767
32767	32767
32767	32767
32767	32767
32767	32767
32767	32767
32767	32767
32767	32767
32767	32767
32767	32767
32767	32767
32767	32767
32767	32767
32767	32767
32767	32767
32767	32767
32767	32767
32767	32767
32767	32767
32767	32767
32767	32767
32767	32767
32767	32767
32767	32767
32767	32767
32767	32767
32767	32767
32767	32767
32767	32767
32767	32767
32767	32767
32767	32767
32767	32767
32767	32767
32767	32767
32767	32767
32767	32767
32767	32767
32767	32767
32767	32767
32767	32767
32767	32767
32767	32767
32767	32767
32767	32767
32767	32767
32767	32767
32767	32767
32767	32767
32767	32767
32767	32767
32767	32767
32767	32767
32767	32767
32767	32767
32767	32767
32767	32767
32767	32767
32767	32767
32767	32767
32767	32767
32767	32767
32767	32767
32767	32767
32767	32767
32767	32767
32767	32767
32767	32767
32767	32767
32767	32767
32767	32767
32767	32767
32767	32767
32767	32767
32767	32767
32767	32767
32767	32767
32767	32767
32767	32767
32767	32767
32767	32767
32767	32767
32767	32767
32767	32767
32767	32767
32767	32767
32767	32767
32767	32767
32767	32767
32767	32767
32767	32767
32767	32767
32767	32767
32767	32767
32767	32767
32767	32767
32767	32767
32767	32767
32767	32767
32767	32767
32767	32767
32767	32767
32767	32767
32767	32767
32767	32767
32767	32767
32767	32767
32767	32767
32767	32767
32767	32767
32767	32767
32767	32767
32767	32767
32767	32767
32767	32767
32767	32767
32767	32767
32767	32767
32767	32767
32767	32767
32767	32767
32767	32767
32767	32767
32767	32767
32767	32767
32767	32767
32767	32767
32767	32767
32767	32767
32767	32767
32767	32767
32767	32767
32767	32767
32767	32767
32767	32767
32767	32767
32767	32767
32767	32767
32767	32767
32767	32767
32767	32767
32767	32767
32767	32767
32767	32767
32767	32767
32767	32767
32767	32767
32767	32767
32767	32767
32767	32767
32767	32767
32767	32767
32767	32767
32767	32767
32767	32767
32767	32767
32767	32767
32767	32767
32767	32767
32767	32767
32767	32767
32767	32767
32767	32767
32767	32767
32767	32767
32767	32767
32767	32767
32767	32767
32767	32767
32767	32767
32767	32767
32767	32767
32767	32767
32767	32767
32767	32767
32767	32767
32767	32767
32767	32767
32767	32767
32767	32767
32767	32767
32767	32767
32767	32767
32767	32767
32767	32767
32767	32767
32767	32767
32767	32767
32767	32767
32767	32767
32767	32767
32767	32767
32767	32767
32767	32767
32767	32767
32767	32767
32767	32767
32767	32767
32767	32767
32767	32767
32767	32767
32767	32767
32767	32767
32767	32767
32767	32767
32767	32767
32767	32767
32767	32767
32767	32767
32767	32767
32767	32767
32767	32767
32767	32767
32767	32767
32767	32767
32767	32767
32767	32767
32767	32767
32767	32767
32767	32767
32767	32767
32767	32767
32767	32767
32767	32767
32767	32767
32767	32767
32767	32767
32767	32767
32767	32767
32767	32767
32767	32767
32767	32767
32767	32767
32767	32767
32767	32767
32767	32767
32767	32767
32767	32767
32767	32767
32767	32767
32767	32767
32767	32767
32767	32767
32767	32767
32767	32767
32767	32767
32767	32767
32767	32767
32767	32767
32767	32767
32767	32767
32767	32767
32767	32767
32767	32767
32767	32767
32767	32767
32767	32767
32767	32767
32767	32767
32767	32767
32767	32767
32767	32767
32767	32767
32767	32767
32767	32767
32767	32767
32767	32767
32767	32767
32767	32767
32767	32767
32767	32767
32767	32767
32767	32767
32767	32767
32767	32767
32767	32767
32767	32767
32767	32767
32767	32767
32767	32767
32767	32767
32767	32767
32767	32767
32767	32767
32767	32767
32767	32767
32767	32767
32767	32767
32767	32767
32767	32767
32767	32767
32767	32767
32767	32767
32767	32767
32767	32767
32767	32767
32767	32767
32767	32767
32767	32767
32767	32767
32767	32767
32767	32767
32767	32767
32767	32767
32767	32767
32767	32767
32767	32767
32767	32767
32767	32767
32767	32767
32767	32767
32767	32767
32767	32767
32767	32767
32767	32767
32767	32767
32767	32767
32767	32767
32767	32767
32767	32767
32767	32767
32767	32767
32767	32767
32767	32767
32767	32767
32767	32767
32767	32767
32767	32767
32767	32767
32767	32767
32767	32767
32767	32767
32767	32767
32767	32767
32767	32767
32767	32767
32767	32767
32767	32767
32767	32767
32767	32767
32767	32767
32767	32767
32767	32767
32767	32767
32767	32767
32767	32767
32767	32767
32767	32767
32767	32767
32767	32767
32767	32767
32767	32767
32767	32767
32767	32767
32767	32767
32767	32767
32767	32767
32767	32767
32767	32767
32767	32767
32767	32767
32767	32767
32767	32767
32767	32767
32767	32767
32767	32767
32767	32767
32767	32767
32767	32767
32767	32767
32767	32767
32767	32767
32767	32767
32767	32767
32767	32767
32767	32767
32767	32767
32767	32767
32767	32767
32767	32767
32767	32767
32767	32767
32767	32767
32767	32767
32767	32767
32767	32767
32767	32767
32767	32767
32767	32767
32767	32767
32767	32767
32767	32767
32767	32767
32767	32767
32767	32767
32767	32767
32767	32767
32767	32767
32767	32767
32767	32767
32767	32767
32767	32767
32767	32767
32767	32767
32767	32767
32767	32767
32767	32767
32767	32767
32767	32767
32767	32767
32767	32767
32767	32767
32767	32767
32767	32767
32767	32767
32767	32767
32767	32767
32767	32767
32767	32767
32767	32767
32767	32767
32767	32767
32767	32767
32767	32767
32767	32767
32767	32767
32767	32767
32767	32767
32767	32767
32767	32767
32767	32767
32767	32767
32767	32767
32767	32767
32767	32767
32767	32767
32767	32767
32767	32767
32767	32767
32767	32767
32767	32767
32767	32767
32767	32767
32767	32767
32767	32767
32767	32767
32767	32767
32767	32767
32767	32767
32767	32767
32767	32767
32767	32767
32767	32767
32767	32767
32767	32767
32767	32767
32767	32767
32767	32767
32767	32767
32767	32767
32767	32767
32767	32767
32767	32767
32767	32767
32767	32767
32767	32767
32767	32767
32767	32767
32767	32767
32767	32767
32767	32767
32767	32767
32767	32767
32767	32767
32767	32767
32767	32767
32767	32767
32767	32767
32767	32767
32767	32767
32767	32767
32767	32767
32767	32767
32767	32767
32767	32767
32767	32767
32767	32767
32767	32767
32767	32767
32767	32767
32767	32767
32767	32767
32767	32767
32767	32767
32767	32767
32767	32767
32767	32767
32767	32767
32767	32767
32767	32767
32767	32767
32767	32767
32767	32767
32767	32767
32767	32767
32767	32767
32767	32767
32767	32767
32767	32767
32767	32767
32767	32767
32767	32767
32767	32767
32767	32767
32767	32767
32767	32767
32767	32767
32767	32767
32767	32767
32767	32767
32767	32767
32767	32767
32767	32767
32767	32767
32767	32767
32767	32767
32767	32767
32767	32767
32767	32767
32767	32767
32767	32767
32767	32767
32767	32767
32767	32767
32767	32767
32767	32767
32767	32767
32767	32767
32767	32767
32767	32767
32767	32767
32767	32767
32767	32767
32767	32767
32767	32767
32767	32767
32767	32767
32767	32767
32767	32767
32767	32767
32767	32767
32767	32767
32767	32767
32767	32767
32767	32767
32767	32767
32767	32767
32767	32767
32767	32767
32767	32767
32767	32767
32767	32767
32767	32767
32767	32767
32767	32767
32767	32767
32767	32767
32767	32767
32767	32767
32767	32767
32767	32767
32767	32767
32767	32767
32767	32767
32767	32767
32767	32767
32767	32767
32767	32767
32767	32767
32767	32767
32767	32767
32767	32767
32767	32767
32767	32767
32767	32767
32767	32767
32767	32767
32767	32767
32767	32767
32767	32767
32767	32767
32767	32767
32767	32767
32767	32767
32767	32767
32767	32767
32767	32767
32767	32767
32767	32767
32767	32767
32767	32767
32767	32767
32767	32767
32767	32767
32767	32767
32767	32767
32767	32767
32767	32767
32767	32767
32767	32767
32767	32767
32767	32767
32767	32767
32767	32767
32767	32767
32767	32767
32767	32767
32767	32767
32767	32767
32767	32767
32767	32767
32767	32767
32767	32767
32767	32767
32767	32767
32767	32767
32767	32767
32767	32767
32767	32767
32767	32767
32767	32767
32767	32767
32767	32767
32767	32767
32767	32767
32767	32767
32767	32767
32767	32767
32767	32767
32767	32767
32767	32767
32767	32767
32767	32767
32767	32767
32767	32767
32767	32767
32767	32767
32767	32767
32767	32767
32767	32767
32767	32767
32767	32767
32767	32767
32767	32767
32767	32767
32767	32767
32767	32767
32767	32767
32767	32767
32767	32767
32767	32767
32767	32767
32767	32767
32767	32767
32767	32767
32767	32767
32767	32767
32767	32767
32767	32767
32767	32767
32767	32767
32767	32767
32767	32767
32767	32767
32767	32767
32767	32767
32767	32767
32767	32767
32767	32767
32767	32767
32767	32767
32767	32767
32767	32767
32767	32767
32767	32767
32767	32767
32767	32767
32767	32767
32767	32767
32767	32767
32767	32767
32767	32767
32767	32767
32767	32767
32767	32767
32767	32767
32767	32767
32767	32767
32767	32767
32767	32767
32767	32767
32767	32767
32767	32767
32767	32767
32767	32767
32767	32767
32767	32767
32767	32767
32767	32767
32767	32767
32767	32767
32767	32767
32767	32767
32767	32767
32767	32767
32767	32767
32767	32767
32767	32767
32767	32767
32767	32767
32767	32767
32767	32767
32767	32767
32767	32767
32767	32767
32767	32767
32767	32767
32767	32767
32767	32767
32767	32767
32767	32767
32767	32767
32767	32767
32767	32767
32767	32767
32767	32767
32767	32767
32767	32767
32767	32767
32767	32767
32767	32767
32767	32767
32767	32767
32767	32767
32767	32767
32767	32767
32767	32767
32767	32767
32767	32767
32767	32767
32767	32767
32767	32767
32767	32767
32767	32767
32767	32767
32767	32767
32767	32767
32767	32767
32767	32767
32767	32767
32767	32767
32767	32767
32767	32767
32767	32767
32767	32767
32767	32767
32767	32767
32767	32767
32767	32767
32767	32767
32767	32767
32767	32767
32767	32767
32767	32767
32767	32767
32767	32767
32767	32767
32767	32767
32767	32767
32767	32767
32767	32767
32767	32767
32767	32767
32767	32767
32767	32767
32767	32767
32767	32767
32767	32767
32767	32767
32767	32767
32767	32767
32767	32767
32767	32767
32767	32767
32767	32767
32767	32767
32767	32767
32767	32767
32767	32767
32767	32767
32767	32767
32767	32767
32767	32767
32767	32767
32767	32767
32767	32767
32767	32767
32767	32767
32767	32767
32767	32767
32767	32767
32767	32767
32767	32767
32767	32767
32767	32767
32767	32767
32767	32767
32767	32767
32767	32767
32767	32767
32767	32767
32767	32767
32767	32767
32767	32767
32767	32767
32767	32767
32767	32767
32767	32767
32767	32767
32767	32767
32767	32767
32767	32767
32767	32767
32767	32767
32767	32767
32767	32767
32767	32767
32767	32767
32767	32767
32767	32767
32767	32767
32767	32767
32767	32767
32767	32767
32767	32767
32767	32767
32767	32767
32767	32767
32767	32767
32767	32767
32767	32767
32767	32767
32767	32767
32767	32767
32767	32767
32767	32767
32767	32767
32767	32767
32767	32767
32767	32767
32767	32767
32767	32767
32767	32767
32767	32767
32767	32767
32767	32767
32767	32767
32767	32767
32767	32767
32767	32767
32767	32767
32767	32767
32767	32767
32767	32767
32767	32767
32767	32767
32767	32767
32767	32767
32767	32767
32767	32767
32767	32767
32767	32767
32767	32767
32767	32767
32767	32767
32767	32767
32767	32767
32767	32767
32767	32767
32767	32767
32767	32767
32767	32767
32767	32767
32767	32767
32767	32767
32767	32767
32767	32767
32767	32767
32767	32767
32767	32767
32767	32767
32767	32767
32767	32767
32767	32767
32767	32767
32767	32767
32767	32767
32767	32767
32767	32767
32767	32767
32767	32767
32767	32767
32767	32767
32767	32767
32767	32767
32767	32767
32767	32767
32767	32767
32767	32767
32767	32767
32767	32767
32767	32767
32767	32767
32767	32767
32767	32767
32767	32767
32767	32767
32767	32767
32767	32767
32767	32767
32767	32767
32767	32767
32767	32767
32767	32767
32767	32767
32767	32767
32767	32767
32767	32767
32767	32767
32767	32767
32767	32767
32767	32767
32767	32767
32767	32767
32767	32767
32767	32767
32767	32767
32767	32767
32767	32767
32767	32767
32767	32767
32767	32767
32767	32767
32767	32767
32767	32767
32767	32767
32767	32767
32767	32767
32767	32767
32767	32767
32767	32767
32767	32767
32767	32767
32767	32767
32767	32767
32767	32767
32767	32767
32767	32767
32767	32767
32767	32767
32767	32767
32767	32767
32767	32767
32767	32767
32767	32767
32767	32767
32767	32767
32767	32767
32767	32767
32767	32767
32767	32767
32767	32767
32767	32767
32767	32767
32767	32767
32767	32767
32767	32767
32767	32767
32767	32767
32767	32767
32767	32767
32767	32767
32767	32767
32767	32767
32767	32767
32767	32767
32767	32767
32767	32767
32767	32767
32767	32767
32767	32767
32767	32767
32767	32767
32767	32767
32767	32767
32767	32767
32767	32767
32767	32767
32767	32767
32767	32767
32767	32767
32767	32767
32767	32767
32767	32767
32767	32767
32767	32767
32767	32767
32767	32767
32767	32767
32767	32767
32767	32767
32767	32767
32767	32767
32767	32767
32767	32767
32767	32767
32767	32767
32767	32767
32767	32767
32767	32767
32767	32767
32767	32767
32767	32767
32767	32767
32767	32767
32767	32767
32767	32767
32767	32767
32767	32767
32767	32767
32767	32767
32767	32767
32767	32767
32767	32767
32767	32767
32767	32767
32767	32767
32767	32767
32767	32767
32767	32767
32767	32767
32767	32767
32767	32767
32767	32767
32767	32767
32767	32767
32767	32767
32767	32767
32767	32767
32767	32767
32767	32767
32767	32767
32767	32767
32767	32767
32767	32767
32767	32767
32767	32767
32767	32767
32767	32767
32767	32767
32767	32767
32767	32767
32767	32767
32767	32767
32767	32767
32767	32767
32767	32767
32767	32767
32767	32767
32767	32767
32767	32767
32767	32767
32767	32767
32767	32767
32767	32767
32767	32767
32767	32767
32767	32767
32767	32767
32767	32767
32767	32767
32767	32767
32767	32767
32767	32767
32767	32767
32767	32767
32767	32767
32767	32767
32767	32767
32767	32767
32767	32767
32767	32767
32767	32767
32767	32767
32767	32767
32767	32767
32767	32767
32767	32767
32767	32767
32767	32767
32767	32767
32767	32767
32767	32767
32767	32767
32767	32767
32767	32767
32767	32767
32767	32767
32767	32767
32767	32767
32767	32767
32767	32767
32767	32767
32767	32767
32767	32767
32767	32767
32767	32767
32767	32767
32767	32767
32767	32767
32767	32767
32767	32767
32767	32767
32767	32767
32767	32767
32767	32767
32767	32767
32767	32767
32767	32767
32767	32767
32767	32767
32767	32767
32767	32767
32767	32767
32767	32767
32767	32767
32767	32767
32767	32767
32767	32767
32767	32767
32767	32767
32767	32767
32767	32767
32767	32767
32767	32767
32767	32767
32767	32767
32767	32767
32767	32767
32767	32767
32767	32767
32767	32767
32767	32767
32767	32767
32767	32767
32767	32767
32767	32767
32767	32767
32767	32767
32767	32767
32767	32767
32767	32767
32767	32767
32767	32767
32767	32767
32767	32767
32767	32767
32767	32767
32767	32767
32767	32767
32767	32767
32767	32767
32767	32767
32767	32767
32767	32767
32767	32767
32767	32767
32767	32767
32767	32767
32767	32767
32767	32767
32767	32767
32767	32767
32767	32767
32767	32767
32767	32767
32767	32767
32767	32767
32767	32767
32767	32767
32767	32767
32767	32767
32767	32767
32767	32767
32767	32767
32767	32767
32767	32767
32767	32767
32767	32767
32767	32767
32767	32767
32767	32767
32767	32767
32767	32767
32767	32767
32767	32767
32767	32767
32767	32767
32767	32767
32767	32767
32767	32767
32767	32767
32767	32767
32767	32767
32767	32767
32767	32767
32767	32767
32767	32767
32767	32767
32767	32767
32767	32767
32767	32767
32767	32767
32767	32767
32767	32767
32767	32767
32767	32767
32767	32767
32767	32767
32767	32767
32767	32767
32767	32767
32767	32767
32767	32767
32767	32767
32767	32767
32767	32767
32767	32767
32767	32767
32767	32767
32767	32767
32767	32767
32767	32767
32767	32767
32767	32767
32767	32767
32767	32767
32767	32767
32767	32767
32767	32767
32767	32767
32767	32767
32767	32767
32767	32767
32767	32767
32767	32767
32767	32767
32767	32767
32767	32767
32767	32767
32767	32767
32767	32767
32767	32767
32767	32767
32767	32767
32767	32767
32767	32767
32767	32767
32767	32767
32767	32767
32767	32767
32767	32767
32767	32767
32767	32767
32767	32767
32767	32767
32767	32767
32767	32767
32767	32767
32767	32767
32767	32767
32767	32767
32767	32767
32767	32767
32767	32767
32767	32767
32767	32767
32767	32767
32767	32767
32767	32767
32767	32767
32767	32767
32767	32767
32767	32767
32767	32767
32767	32767
32767	32767
32767	32767
32767	32767
32767	32767
32767	32767
32767	32767
32767	32767
32767	32767
32767	32767
32767	32767
32767	32767
32767	32767
32767	32767
32767	32767
32767	32767
32767	32767
32767	32767
32767	32767
32767	32767
32767	32767
32767	32767
32767	32767
32767	32767
32767	32767
32767	32767
32767	32767
32767	32767
32767	32767
32767	32767
32767	32767
32767	32767
32767	32767
32767	32767
32767	32767
32767	32767
32767	32767
32767	32767
32767	32767
32767	32767
32767	32767
32767	32767
32767	32767
32767	32767
32767	32767
32767	32767
32767	32767
32767	32767
32767	32767
32767	32767
32767	32767
32767	32767
32767	32767
32767	32767
32767	32767
32767	32767
32767	32767
32767	32767
32767	32767
32767	32767
32767	32767
32767	32767
32767	32767
32767	32767
32767	32767
32767	32767
32767	32767
32767	32767
32767	32767
32767	32767
32767	32767
32767	32767
32767	32767
32767	32767
32767	32767
32767	32767
32767	32767
32767	32767
32767	32767
32767	32767
32767	32767
32767	32767
32767	32767
32767	32767
32767	32767
32767	32767
32767	32767
32767	32767
32767	32767
32767	32767
32767	32767
32767	32767
32767	32767
32767	32767
32767	32767
32767	32767
32767	32767
32767	32767
32767	32767
32767	32767
32767	32767
32767	32767
32767	32767
32767	32767
32767	32767
32767	32767
32767	32767
32767	32767
32767	32767
32767	32767
32767	32767
32767	32767
32767	32767
32767	32767
32767	32767
32767	32767
32767	32767
32767	32767
32767	32767
32767	32767
32767	32767
32767	32767
32767	32767
32767	32767
32767	32767
32767	32767
32767	32767
32767	32767
32767	32767
32767	32767
32767	32767
32767	32767
32767	32767
32767	32767
32767	32767
32767	32767
32767	32767
32767	32767
32767	32767
32767	32767
32767	32767
32767	32767
32767	32767
32767	32767
32767	32767
32767	32767
32767	32767
32767	32767
32767	32767
32767	32767
32767	32767
32767	32767
32767	32767
32767	32767
32767	32767
32767	32767
32767	32767
32767	32767
32767	32767
32767	32767
32767	32767
32767	32767
32767	32767
32767	32767
32767	32767
32767	32767
32767	32767
32767	32767
32767	32767
32767	32767
32767	32767
32767	32767
32767	32767
32767	32767
32767	32767
32767	32767
32767	32767
32767	32767
32767	32767
32767	32767
32767	32767
32767	32767
32767	32767
32767	32767
32767	32767
32767	32767
32767	32767
32767	32767
32767	32767
32767	32767
32767	32767
32767	32767
32767	32767
32767	32767
32767	32767
32767	32767
32767	32767
32767	32767
32767	32767
32767	32767
32767	32767
32767	32767
32767	32767
32767	32767
32767	32767
32767	32767
32767	32767
32767	32767
32767	32767
32767	32767
32767	32767
32767	32767
32767	32767
32767	32767
32767	32767
32767	32767
32767	32767
32767	32767
32767	32767
32767	32767
32767	32767
32767	32767
32767	32767
32767	32767
32767	32767
32767	32767
32767	32767
32767	32767
32767	32767
32767	32767
32767	32767
32767	32767
32767	32767
32767	32767
32767	32767
32767	32767
32767	32767
32767	32767
32767	32767
32767	32767
32767	32767
32767	32767
32767	32767
32767	32767
32767	32767
32767	32767
32767	32767
32767	32767
32767	32767
32767	32767
32767	32767
32767	32767
32767	32767
32767	32767
32767	32767
32767	32767
32767	32767
32767	32767
32767	32767
32767	32767
32767	32767
32767	32767
32767	32767
32767	32767
32767	32767
32767	32767
32767	32767
32767	32767
32767	32767
32767	32767
32767	32767
32767	32767
32767	32767
32767	32767
32767	32767
32767	32767
32767	32767
32767	32767
32767	32767
32767	32767
32767	32767
32767	32767
32767	32767
32767	32767
32767	32767
32767	32767
32767	32767
32767	32767
32767	32767
32767	32767
32767	32767
32767	32767
32767	32767
32767	32767
32767	32767
32767	32767
32767	32767
32767	32767
32767	32767
32767	32767
32767	32767
32767	32767
32767	32767
32767	32767
32767	32767
32767	32767
32767	32767
32767	32767
32767	32767
32767	32767
32767	32767
32767	32767
32767	32767
32767	32767
32767	32767
32767	32767
32767	32767
32767	32767
32767	32767
32767	32767
32767	32767
32767	32767
32767	32767
32767	32767
32767	32767
32767	32767
32767	32767
32767	32767
32767	32767
32767	32767
32767	32767
32767	32767
32767	32767
32767	32767
32767	32767
32767	32767
32767	32767
32767	32767
32767	32767
32767	32767
32767	32767
32767	32767
32767	32767
32767	32767
32767	32767
32767	32767
32767	32767
32767	32767
32767	32767
32767	32767
32767	32767
32767	32767
32767	32767
32767	32767
32767	32767
32767	32767
32767	32767
32767	32767
32767	32767
32767	32767
32767	32767
32767	32767
32767	32767
32767	32767
32767	32767
32767	32767
32767	32767
32767	32767
32767	32767
32767	32767
32767	32767
32767	32767
32767	32767
32767	32767
32767	32767
32767	32767
32767	32767
32767	32767
32767	32767
32767	32767
32767	32767
32767	32767
32767	32767
32767	32767
32767	32767
32767	32767
32767	32767
32767	32767
32767	32767
32767	32767
32767	32767
32767	32767
32767	32767
32767	32767
32767	32767
32767	32767
32767	32767
32767	32767
32767	32767
32767	32767
32767	32767
32767	32767
32767	32767
32767	32767
32767	32767
32767	32767
32767	32767
32767	32767
32767	32767
32767	32767
32767	32767
32767	32767
32767	32767
32767	32767
32767	32767
32767	32767
32767	32767
32767	32767
32767	32767
32767	32767
32767	32767
32767	32767
32767	32767
32767	32767
32767	32767
32767	32767
32767	32767
32767	32767
32767	32767
32767	32767
32767	32767
32767	32767
32767	32767
32767	32767
32767	32767
32767	32767
32767	32767
32767	32767
32767	32767
32767	32767
32767	32767
32767	32767
32767	32767
32767	32767
32767	32767
32767	32767
32767	32767
32767	32767
32767	32767
32767	32767
32767	32767
32767	32767
32767	32767
32767	32767
32767	32767
32767	32767
32767	32767
32767	32767
32767	32767
32767	32767
32767	32767
32767	32767
32767	32767
32767	32767
32767	32767
32767	32767
32767	32767
32767	32767
32767	32767
32767	32767
32767	32767
32767	32767
32767	32767
32767	32767
32767	32767
32767	32767
32767	32767
32767	32767
32767	32767
32767	32767
32767	32767
32767	32767
32767	32767
32767	32767
32767	32767
32767	32767
32767	32767
32767	32767
32767	32767
32767	32767
32767	32767
32767	32767
32767	32767
32767	32767
32767	32767
32767	32767
32767	32767
32767	32767
32767	32767
32767	32767
32767	32767
32767	32767
32767	32767
32767	32767
32767	32767
32767	32767
32767	32767
32767	32767
32767	32767
32767	32767
32767	32767
32767	32767
32767	32767
32767	32767
32767	32767
32767	32767
32767	32767
32767	32767
32767	32767
32767	32767
32767	32767
32767	32767
32767	32767
32767	32767
32767	32767
32767	32767
32767	32767
32767	32767
32767	32767
32767	32767
32767	32767
32767	32767
32767	32767
32767	32767
32767	32767
32767	32767
32767	32767
32767	32767
32767	32767
32767	32767
32767	32767
32767	32767
32767	32767
32767	32767
32767	32767
32767	32767
32767	32767
32767	32767
32767	32767
32767	32767
32767	32767
32767	32767
32767	32767
32767	32767
32767	32767
32767	32767
32767	32767
32767	32767
32767	32767
32767	32767
32767	32767
32767	32767
32767	32767
32767	32767
32767	32767
32767	32767
32767	32767
32767	32767
32767	32767
32767	32767
32767	32767
32767	32767
32767	32767
32767	32767
32767	32767
32767	32767
32767	32767
32767	32767
32767	32767
32767	32767
32767	32767
32767	32767
32767	32767
32767	32767
32767	32767
32767	32767
32767	32767
32767	32767
32767	32767
32767	32767
32767	32767
32767	32767
32767	32767
32767	32767
32767	32767
32767	32767
32767	32767
32767	32767
32767	32767
32767	32767
32767	32767
32767	32767
32767	32767
32767	32767
32767	32767
32767	32767
32767	32767
32767	32767
32767	32767
32767	32767
32767	32767
32767	32767
32767	32767
32767	32767
32767	32767
32767	32767
32767	32767
32767	32767
32767	32767
32767	32767
32767	32767
32767	32767
32767	32767
32767	32767
32767	32767
32767	32767
32767	32767
32767	32767
32767	32767
32767	32767
32767	32767
32767	32767
32767	32767
32767	32767
32767	32767
32767	32767
32767	32767
32767	32767
32767	32767
32767	32767
32767	32767
32767	32767
32767	32767
32767	32767
32767	32767
32767	32767
32767	32767
32767	32767
32767	32767
32767	32767
32767	32767
32767	32767
32767	32767
32767	32767
32767	32767
32767	32767
32767	32767
32767	32767
32767	32767
32767	32767
32767	32767
32767	32767
32767	32767
32767	32767
32767	32767
32767	32767
32767	32767
32767	32767
32767	32767
32767	32767
32767	32767
32767	32767
32767	32767
32767	32767
32767	32767
32767	32767
32767	32767
32767	32767
32767	32767
32767	32767
32767	32767
32767	32767
32767	32767
32767	32767
32767	32767
32767	32767
32767	32767
32767	32767
32767	32767
32767	32767
32767	32767
32767	32767
32767	32767
32767	32767
32767	32767
32767	32767
32767	32767
32767	32767
32767	32767
32767	32767
32767	32767
32767	32767
32767	32767
32767	32767
32767	32767
32767	32767
32767	32767
32767	32767
32767	32767
32767	32767
32767	32767
32767	32767
32767	32767
32767	32767
32767	32767
32767	32767
32767	32767
32767	32767
32767	32767
32767	32767
32767	32767
32767	32767
32767	32767
32767	32767
32767	32767
32767	32767
32767	32767
32767	32767
32767	32767
32767	32767
32767	32767
32767	32767
32767	32767
32767	32767
32767	32767
32767	32767
32767	32767
32767	32767
32767	32767
32767	32767
32767	32767
32767	32767
32767	32767
32767	32767
32767	32767
32767	32767
32767	32767
32767	32767
32767	32767
32767	32767
32767	32767
32767	32767
32767	32767
32767	32767
32767	32767
32767	32767
32767	32767
32767	32767
32767	32767
32767	32767
32767	32767
32767	32767
32767	32767
32767	32767
32767	32767
32767	32767
32767	32767
32767	32767
32767	32767
32767	32767
32767	32767
32767	32767
32767	32767
32767	32767
32767	32767
32767	32767
32767	32767
32767	32767
32767	32767
32767	32767
32767	32767
32767	32767
32767	32767
32767	32767
32767	32767
32767	32767
32767	32767
32767	32767
32767	32767
32767	32767
32767	32767
32767	32767
32767	32767
32767	32767
32767	32767
32767	32767
32767	32767
32767	32767
32767	32767
32767	32767
32767	32767
32767	32767
32767	32767
32767	32767
32767	32767
32767	32767
32767	32767
32767	32767
32767	32767
32767	32767
32767	32767
32767	32767
32767	32767
32767	32767
32767	32767
32767	32767
32767	32767
32767	32767
32767	32767
32767	32767
32767	32767
32767	32767
32767	32767
32767	32767
32767	32767
32767	32767
32767	32767
32767	32767
32767	32767
32767	32767
32767	32767
32767	32767
32767	32767
32767	32767
32767	32767
32767	32767
32767	32767
32767	32767
32767	32767
32767	32767
32767	32767
32767	32767
32767	32767
32767	32767
32767	32767
32767	32767
32767	32767
32767	32767
32767	32767
32767	32767
32767	32767
32767	32767
32767	32767
32767	32767
32767	32767
32767	32767
32767	32767
32767	32767
32767	32767
32767	32767
32767	32767
32767	32767
32767	32767
32767	32767
32767	32767
32767	32767
32767	32767
32767	32767
32767	32767
32767	32767
32767	32767
32767	32767
32767	32767
32767	32767
32767	32767
32767	32767
32767	32767
32767	32767
32767	32767
32767	32767
32767	32767
32767	32767
32767	32767
32767	32767
32767	32767
32767	32767
32767	32767
32767	32767
32767	32767
32767	32767
32767	32767
32767	32767
32767	32767
32767	32767
32767	32767
32767	32767
32767	32767
32767	32767
32767	32767
32767	32767
32767	32767
32767	32767
32767	32767
32767	32767
32767	32767
32767	32767
32767	32767
32767	32767
32767	32767
32767	32767
32767	32767
32767	32767
32767	32767
32767	32767
32767	32767
32767	32767
32767	32767
32767	32767
32767	32767
32767	32767
32767	32767
32767	32767
32767	32767
32767	32767
32767	32767
32767	32767
32767	32767
32767	32767
32767	32767
32767	32767
32767	32767
32767	32767
32767	32767
32767	32767
32767	32767
32767	32767
32767	32767
32767	32767
32767	32767
32767	32767
32767	32767
32767	32767
32767	32767
32767	32767
32767	32767
32767	32767
32767	32767
32767	32767
32767	32767
32767	32767
32767	32767
32767	32767
32767	32767
32767	32767
32767	32767
32767	32767
32767	32767
32767	32767
32767	32767
32767	32767
32767	32767
32767	32767
32767	32767
32767	32767
32767	32767
32767	32767
32767	32767
32767	32767
32767	32767
32767	32767
32767	32767
32767	32767
32767	32767
32767	32767
32767	32767
32767	32767
32767	32767
32767	32767
32767	32767
32767	32767
32767	32767
32767	32767
32767	32767
32767	32767
32767	32767
32767	32767
32767	32767
32767	32767
32767	32767
32767	32767
32767	32767
32767	32767
32767	32767
32767	32767
32767	32767
32767	32767
32767	32767
32767	32767
32767	32767
32767	32767
32767	32767
32767	32767
32767	32767
32767	32767
32767	32767
32767	32767
32767	32767
32767	32767
32767	32767
32767	32767
32767	32767
32767	32767
32767	32767
32767	32767
32767	32767
32767	32767
32767	32767
32767	32767
32767	32767
32767	32767
32767	32767
32767	32767
32767	32767
32767	32767
32767	32767
32767	32767
32767	32767
32767	32767
32767	32767
32767	32767
32767	32767
32767	32767
32767	32767
32767	32767
32767	32767
32767	32767
32767	32767
32767	32767
32767	32767
32767	32767
32767	32767
32767	32767
32767	32767
32767	32767
32767	32767
32767	32767
32767	32767
32767	32767
32767	32767
32767	32767
32767	32767
32767	32767
32767	32767
32767	32767
32767	32767
32767	32767
32767	32767
32767	32767
32767	32767
32767	32767
32767	32767
32767	32767
32767	32767
32767	32767
32767	32767
32767	32767
32767	32767
32767	32767
32767	32767
32767	32767
32767	32767
32767	32767
32767	32767
32767	32767
32767	32767
32767	32767
32767	32767
32767	32767
32767	32767
32767	32767
32767	32767
32767	32767
32767	32767
32767	32767
32767	32767
32767	32767
32767	32767
32767	32767
32767	32767
32767	32767
32767	32767
32767	32767
32767	32767
32767	32767
32767	32767
32767	32767
32767	32767
32767	32767
32767	32767
32767	32767
32767	32767
32767	32767
32767	32767
32767	32767
32767	32767
32767	32767
32767	32767
32767	32767
32767	32767
32767	32767
32767	32767
32767	32767
32767	32767
32767	32767
32767	32767
32767	32767
32767	32767
32767	32767
32767	32767
32767	32767
32767	32767
32767	32767
32767	32767
32767	32767
32767	32767
32767	32767
32767	32767
32767	32767
32767	32767
32767	32767
32767	32767
32767	32767
32767	32767
32767	32767
32767	32767
32767	32767
32767	32767
32767	32767
32767	32767
32767	32767
32767	32767
32767	32767
32767	32767
32767	32767
32767	32767
32767	32767
32767	32767
32767	32767
32767	32767
32767	32767
32767	32767
32767	32767
32767	32767
32767	32767
32767	32767
32767	32767
32767	32767
32767	32767
32767	32767
32767	32767
32767	32767
32767	32767
32767	32767
32767	32767
32767	32767
32767	32767
32767	32767
32767	32767
32767	32767
32767	32767
32767	32767
32767	32767
32767	32767
32767	32767
32767	32767
32767	32767
32767	32767
32767	32767
32767	32767
32767	32767
32767	32767
32767	32767
32767	32767
32767	32767
32767	32767
32767	32767
32767	32767
32767	32767
32767	32767
32767	32767
32767	32767
32767	32767
32767	32767
32767	32767
32767	32767
32767	32767
32767	32767
32767	32767
32767	32767
32767	32767
32767	32767
32767	32767
32767	32767
32767	32767
32767	32767
32767	32767
32767	32767
32767	32767
32767	32767
32767	32767
32767	32767
32767	32767
32767	32767
32767	32767
32767	32767
32767	32767
32767	32767
32767	32767
32767	32767
32767	32767
32767	32767
32767	32767
32767	32767
32767	32767
32767	32767
32767	32767
32767	32767
32767	32767
32767	32767
32767	32767
32767	32767
32767	32767
32767	32767
32767	32767
32767	32767
32767	32767
32767	32767
32767	32767
32767	32767
32767	32767
32767	32767
32767	32767
32767	32767
32767	32767
32767	32767
32767	32767
32767	32767
32767	32767
32767	32767
32767	32767
32767	32767
32767	32767
32767	32767
32767	32767
32767	32767
32767	32767
32767	32767
32767	32767
32767	32767
32767	32767
32767	32767
32767	32767
32767	32767
32767	32767
32767	32767
32767	32767
32767	32767
32767	32767
32767	32767
32767	32767
32767	32767
32767	32767
32767	32767
32767	32767
32767	32767
32767	32767
32767	32767
32767	32767
32767	32767
32767	32767
32767	32767
32767	32767
32767	32767
32767	32767
32767	32767
32767	32767
32767	32767
32767	32767
32767	32767
32767	32767
32767	32767
32767	32767
32767	32767
32767	32767
32767	32767
32767	32767
32767	32767
32767	32767
32767	32767
32767	32767
32767	32767
32767	32767
32767	32767
32767	32767
32767	32767
32767	32767
32767	32767
32767	32767
32767	32767
32767	32767
32767	32767
32767	32767
32767	32767
32767	32767
32767	32767
32767	32767
32767	32767
32767	32767
32767	32767
32767	32767
32767	32767
32767	32767
32767	32767
32767	32767
32767	32767
32767	32767
32767	32767
32767	32767
32767	32767
32767	32767
32767	32767
32767	32767
32767	32767
32767	32767
32767	32767
32767	32767
32767	32767
32767	32767
32767	32767
32767	32767
32767	32767
32767	32767
32767	32767
32767	32767
32767	32767
32767	32767
32767	32767
32767	32767
32767	32767
32767	32767
32767	32767
32767	32767
32767	32767
32767	32767
32767	32767
32767	32767
32767	32767
32767	32767
32767	32767
32767	32767
32767	32767
32767	32767
32767	32767
32767	32767
32767	32767
32767	32767
32767	32767
32767	32767
32767	32767
32767	32767
32767	32767
32767	32767
32767	32767
32767	32767
32767	32767
32767	32767
32767	32767
32767	32767
32767	32767
32767	32767
32767	32767
32767	32767
32767	32767
32767	32767
32767	32767
32767	32767
32767	32767
32767	32767
32767	32767
32767	32767
32767	32767
32767	32767
32767	32767
32767	32767
32767	32767
32767	32767
32767	32767
32767	32767
32767	32767
32767	32767
32767	32767
32767	32767
32767	32767
32767	32767
32767	32767
32767	32767
32767	32767
32767	32767
32767	32767
32767	32767
32767	32767
32767	32767
32767	32767
32767	32767
32767	32767
32767	32767
32767	32767
32767	32767
32767	32767
32767	32767
32767	32767
32767	32767
32767	32767
32767	32767
32767	32767
32767	32767
32767	32767
32767	32767
32767	32767
32767	32767
32767	32767
32767	32767
32767	32767
32767	32767
32767	32767
32767	32767
32767	32767
32767	32767
32767	32767
32767	32767
32767	32767
32767	32767
32767	32767
32767	32767
32767	32767
32767	32767
32767	32767
32767	32767
32767	32767
32767	32767
32767	32767
32767	32767
32767	32767
32767	32767
32767	32767
32767	32767
32767	32767
32767	32767
32767	32767
32767	32767
32767	32767
32767	32767
32767	32767
32767	32767
32767	32767
32767	32767
32767	32767
32767	32767
32767	32767
32767	32767
32767	32767
32767	32767
32767	32767
32767	32767
32767	32767
32767	32767
32767	32767
32767	32767
32767	32767
32767	32767
32767	32767
32767	32767
32767	32767
32767	32767
32767	32767
32767	32767
32767	32767
32767	32767
32767	32767
32767	32767
32767	32767
32767	32767
32767	32767
32767	32767
32767	32767
32767	32767
32767	32767
32767	32767
32767	32767
32767	32767
32767	32767
32767	32767
32767	32767
32767	32767
32767	32767
32767	32767
32767	32767
32767	32767
32767	32767
32767	32767
32767	32767
32767	32767
32767	32767
32767	32767
32767	32767
32767	32767
32767	32767
32767	32767
32767	32767
32767	32767
32767	32767
32767	32767
32767	32767
32767	32767
32767	32767
32767	32767
32767	32767
32767	32767
32767	32767
32767	32767
32767	32767
32767	32767
32767	32767
32767	32767
32767	32767
32767	32767
32767	32767
32767	32767
32767	32767
32767	32767
32767	32767
32767	32767
32767	32767
32767	32767
32767	32767
32767	32767
32767	32767
32767	32767
32767	32767
32767	32767
32767	32767
32767	32767
32767	32767
32767	32767
32767	32767
32767	32767
32767	32767
32767	32767
32767	32767
32767	32767
32767	32767
32767	32767
32767	32767
32767	32767
32767	32767
32767	32767
32767	32767
32767	32767
32767	32767
32767	32767
32767	32767
32767	32767
32767	32767
32767	32767
32767	32767
32767	32767
32767	32767
32767	32767
32767	32767
32767	32767
32767	32767
32767	32767
32767	32767
32767	32767
32767	32767
32767	32767
32767	32767
32767	32767
32767	32767
32767	32767
32767	32767
32767	32767
32767	32767
32767	32767
32767	32767
32767	32767
32767	32767
32767	32767
32767	32767
32767	32767
32767	32767
32767	32767
32767	32767
32767	32767
32767	32767
32767	32767
32767	32767
32767	32767
32767	32767
32767	32767
32767	32767
32767	32767
32767	32767
32767	32767
32767	32767
32767	32767
32767	32767
32767	32767
32767	32767
32767	32767
32767	32767
32767	32767
32767	32767
32767	32767
32767	32767
32767	32767
32767	32767
32767	32767
32767	32767
32767	32767
32767	32767
32767	32767
32767	32767
32767	32767
32767	32767
32767	32767
32767	32767
32767	32767
32767	32767
32767	32767
32767	32767
32767	32767
32767	32767
32767	32767
32767	32767
32767	32767
32767	32767
32767	32767
32767	32767
32767	32767
32767	32767
32767	32767
32767	32767
32767	32767
32767	32767
32767	32767
32767	32767
32767	32767
32767	32767
32767	32767
32767	32767
32767	32767
32767	32767
32767	32767
32767	32767
32767	32767
32767	32767
32767	32767
32767	32767
32767	32767
32767	32767
32767	32767
32767	32767
32767	32767
32767	32767
32767	32767
32767	32767
32767	32767
32767	32767
32767	32767
32767	32767
32767	32767
32767	32767
32767	32767
32767	32767
32767	32767
32767	32767
32767	32767
32767	32767
32767	32767
32767	32767
32767	32767
32767	32767
32767	32767
32767	32767
32767	32767
32767	32767
32767	32767
32767	32767
32767	32767
32767	32767
32767	32767
32767	32767
32767	32767
32767	32767
32767	32767
32767	32767
32767	32767
32767	32767
32767	32767
32767	32767
32767	32767
32767	32767
32767	32767
32767	32767
32767	32767
32767	32767
32767	32767
32767	32767
32767	32767
32767	32767
32767	32767
32767	32767
32767	32767
32767	32767
32767	32767
32767	32767
32767	32767
32767	32767
32767	32767
32767	32767
32767	32767
32767	32767
32767	32767
32767	32767
32767	32767
32767	32767
32767	32767
32767	32767
32767	32767
32767	32767
32767	32767
32767	32767
32767	32767
32767	32767
32767	32767
32767	32767
32767	32767
32767	32767
32767	32767
32767	32767
32767	32767
32767	32767
32767	32767
32767	32767
32767	32767
32767	32767
32767	32767
32767	32767
32767	32767
32767	32767
32767	32767
32767	32767
32767	32767
32767	32767
32767	32767
32767	32767
32767	32767
32767	32767
32767	32767
32767	32767
32767	32767
32767	32767
32767	32767
32767	32767
32767	32767
32767	32767
32767	32767
32767	32767
32767	32767
32767	32767
32767	32767
32767	32767
32767	32767
32767	32767
32767	32767
32767	32767
32767	32767
32767	32767
32767	32767
32767	32767
32767	32767
32767	32767
32767	32767
32767	32767
32767	32767
32767	32767
32767	32767
32767	32767
32767	32767
32767	32767
32767	32767
32767	32767
32767	32767
32767	32767
32767	32767
32767	32767
32767	32767
32767	32767
32767	32767
32767	32767
32767	32767
32767	32767
32767	32767
32767	32767
32767	32767
32767	32767
32767	32767
32767	32767
32767	32767
32767	32767
32767	32767
32767	32767
32767	32767
32767	32767
32767	32767
32767	32767
32767	32767
32767	32767
32767	32767
32767	32767
32767	32767
32767	32767
32767	32767
32767	32767
32767	32767
32767	32767
32767	32767
32767	32767
32767	32767
32767	32767
32767	32767
32767	32767
32767	32767
32767	32767
32767	32767
32767	32767
32767	32767
32767	32767
32767	32767
32767	32767
32767	32767
32767	32767
32767	32767
32767	32767
32767	32767
32767	32767
32767	32767
32767	32767
32767	32767
32767	32767
32767	32767
32767	32767
32767	32767
32767	32767
32767	32767
32767	32767
32767	32767
32767	32767
32767	32767
32767	32767
32767	32767
32767	32767
32767	32767
32767	32767
32767	32767
32767	32767
32767	32767
32767	32767
32767	32767
32767	32767
32767	32767
32767	32767
32767	32767
32767	32767
32767	32767
32767	32767
32767	32767
32767	32767
32767	32767
32767	32767
32767	32767
32767	32767
32767	32767
32767	32767
32767	32767
32767	32767
32767	32767
32767	32767
32767	32767
32767	32767
32767	32767
32767	32767
32767	32767
32767	32767
32767	32767
32767	32767
32767	32767
32767	32767
32767	32767
32767	32767
32767	32767
32767	32767
32767	32767
32767	32767
32767	32767
32767	32767
32767	32767
32767	32767
32767	32767
32767	32767
32767	32767
32767	32767
32767	32767
32767	32767
32767	32767
32767	32767
32767	32767
32767	32767
32767	32767
32767	32767
32767	32767
32767	32767
32767	32767
32767	32767
32767	32767
32767	32767
32767	32767
32767	32767
32767	32767
32767	32767
32767	32767
32767	32767
32767	32767
32767	32767
32767	32767
32767	32767
32767	32767
32767	32767
32767	32767
32767	32767
32767	32767
32767	32767
32767	32767
32767	32767
32767	32767
32767	32767
32767	32767
32767	32767
32767	32767
32767	32767
32767	32767
32767	32767
32767	32767
32767	32767
32767	32767
32767	32767
32767	32767
32767	32767
32767	32767
32767	32767
32767	32767
32767	32767
32767	32767
32767	32767
32767	32767
32767	32767
32767	32767
32767	32767
32767	32767
32767	32767
32767	32767
32767	32767
32767	32767
32767	32767
32767	32767
32767	32767
32767	32767
32767	32767
32767	32767
32767	32767
32767	32767
32767	32767
32767	32767
32767	32767
32767	32767
32767	32767
32767	32767
32767	32767
32767	32767
32767	32767
32767	32767
32767	32767
32767	32767
32767	32767
32767	32767
32767	32767
32767	32767
32767	32767
32767	32767
32767	32767
32767	32767
32767	32767
32767	32767
32767	32767
32767	32767
32767	32767
32767	32767
32767	32767
32767	32767
32767	32767
32767	32767
32767	32767
32767	32767
32767	32767
32767	32767
32767	32767
32767	32767
32767	32767
32767	32767
32767	32767
32767	32767
32767	32767
32767	32767
32767	32767
32767	32767
32767	32767
32767	32767
32767	32767
32767	32767
32767	32767
32767	32767
32767	32767
32767	32767
32767	32767
32767	32767
32767	32767
32767	32767
32767	32767
32767	32767
32767	32767
32767	32767
32767	32767
32767	32767
32767	32767
32767	32767
32767	32767
32767	32767
32767	32767
32767	32767
32767	32767
32767	32767
32767	32767
32767	32767
32767	32767
32767	32767
32767	32767
32767	32767
32767	32767
32767	32767
32767	32767
32767	32767
32767	32767
32767	32767
32767	32767
32767	32767
32767	32767
32767	32767
32767	32767
32767	32767
32767	32767
32767	32767
32767	32767
32767	32767
32767	32767
32767	32767
32767	32767
32767	32767
32767	32767
32767	32767
32767	32767
32767	32767
32767	32767
32767	32767
32767	32767
32767	32767
32767	32767
32767	32767
32767	32767
32767	32767
32767	32767
32767	32767
32767	32767
32767	32767
32767	32767
32767	32767
32767	32767
32767	32767
32767	32767
32767	32767
32767	32767
32767	32767
32767	32767
32767	32767
32767	32767
32767	32767
32767	32767
32767	32767
32767	32767
32767	32767
32767	32767
32767	32767
32767	32767
32767	32767
32767	32767
32767	32767
32767	32767
32767	32767
32767	32767
32767	32767
32767	32767
32767	32767
32767	32767
32767	32767
32767	32767
32767	32767
32767	32767
32767	32767
32767	32767
32767	32767
32767	32767
32767	32767
32767	32767
32767	32767
32767	32767
32767	32767
32767	32767
32767	32767
32767	32767
32767	32767
32767	32767
32767	32767
32767	32767
32767	32767
32767	32767
32767	32767
32767	32767
32767	32767
32767	32767
32767	32767
32767	32767
32767	32767
32767	32767
32767	32767
32767	32767
32767	32767
32767	32767
32767	32767
32767	32767
32767	32767
32767	32767
32767	32767
32767	32767
32767	32767
32767	32767
32767	32767
32767	32767
32767	32767
32767	32767
32767	32767
32767	32767
32767	32767
32767	32767
32767	32767
32767	32767
32767	32767
32767	32767
32767	32767
32767	32767
32767	32767
32767	32767
32767	32767
32767	32767
32767	32767
32767	32767
32767	32767
32767	32767
32767	32767
32767	32767
32767	32767
32767	32767
32767	32767
32767	32767
32767	32767
32767	32767
32767	32767
32767	32767
32767	32767
32767	32767
32767	32767
32767	32767
32767	32767
32767	32767
32767	32767
32767	32767
32767	32767
32767	32767
32767	32767
32767	32767
32767	32767
32767	32767
32767	32767
32767	32767
32767	32767
32767	32767
32767	32767
32767	32767
32767	32767
32767	32767
32767	32767
32767	32767
32767	32767
32767	32767
32767	32767
32767	32767
32767	32767
32767	32767
32767	32767
32767	32767
32767	32767
32767	32767
32767	32767
32767	32767
32767	32767
32767	32767
32767	32767
32767	32767
32767	32767
32767	32767
32767	32767
32767	32767
32767	32767
32767	32767
32767	32767
32767	32767
32767	32767
32767	32767
32767	32767
32767	32767
32767	32767
32767	32767
32767	32767
32767	32767
32767	32767
32767	32767
32767	32767
32767	32767
32767	32767
32767	32767
32767	32767
32767	32767
32767	32767
32767	32767
32767	32767
32767	32767
32767	32767
32767	32767
32767	32767
32767	32767
32767	32767
32767	32767
32767	32767
32767	32767
32767	32767
32767	32767
32767	32767
32767	32767
32767	32767
32767	32767
32767	32767
32767	32767
32767	32767
32767	32767
32767	32767
32767	32767
32767	32767
32767	32767
32767	32767
32767	32767
32767	32767
32767	32767
32767	32767
32767	32767
32767	32767
32767	32767
32767	32767
32767	32767
32767	32767
32767	32767
32767	32767
32767	32767
32767	32767
32767	32767
32767	32767
32767	32767
32767	32767
32767	32767
32767	32767
32767	32767
32767	32767
32767	32767
32767	32767
32767	32767
32767	32767
32767	32767
32767	32767
32767	32767
32767	32767
32767	32767
32767	32767
32767	32767
32767	32767
32767	32767
32767	32767
32767	32767
32767	32767
32767	32767
32767	32767
32767	32767
32767	32767
32767	32767
32767	32767
32767	32767
32767	32767
32767	32767
32767	32767
32767	32767
32767	32767
32767	32767
32767	32767
32767	32767
32767	32767
32767	32767
32767	32767
32767	32767
32767	32767
32767	32767
32767	32767
32767	32767
32767	32767
32767	32767
32767	32767
32767	32767
32767	32767
32767	32767
32767	32767
32767	32767
32767	32767
32767	32767
32767	32767
32767	32767
32767	32767
32767	32767
32767	32767
32767	32767
32767	32767
32767	32767
32767	32767
32767	32767
32767	32767
32767	32767
32767	32767
32767	32767
32767	32767
32767	32767
32767	32767
32767	32767
32767	32767
32767	32767
32767	32767
32767	32767
32767	32767
32767	32767
32767	32767
32767	32767
32767	32767
32767	32767
32767	32767
32767	32767
32767	32767
32767	32767
32767	32767
32767	32767
32767	32767
32767	32767
32767	32767
32767	32767
32767	32767
32767	32767
32767	32767
32767	32767
32767	32767
32767	32767
32767	32767
32767	32767
32767	32767
32767	32767
32767	32767
32767	32767
32767	32767
32767	32767
32767	32767
32767	32767
32767	32767
32767	32767
32767	32767
32767	32767
32767	32767
32767	32767
32767	32767
32767	32767
32767	32767
32767	32767
32767	32767
32767	32767
32767	32767
32767	32767
32767	32767
32767	32767
32767	32767
32767	32767
32767	32767
32767	32767
32767	32767
32767	32767
32767	32767
32767	32767
32767	32767
32767	32767
32767	32767
32767	32767
32767	32767
32767	32767
32767	32767
32767	32767
32767	32767
32767	32767
32767	32767
32767	32767
32767	32767
32767	32767
32767	32767
32767	32767
32767	32767
32767	32767
32767	32767
32767	32767
32767	32767
32767	32767
32767	32767
32767	32767
32767	32767
32767	32767
32767	32767
32767	32767
32767	32767
32767	32767
32767	32767
32767	32767
32767	32767
32767	32767
32767	32767
32767	32767
32767	32767
32767	32767
32767	32767
32767	32767
32767	32767
32767	32767
32767	32767
32767	32767
32767	32767
32767	32767
32767	32767
32767	32767
32767	32767
32767	32767
32767	32767
32767	32767
32767	32767
32767	32767
32767	32767
32767	32767
32767	32767
32767	32767
32767	32767
32767	32767
32767	32767
32767	32767
32767	32767
32767	32767
32767	32767
32767	32767
32767	32767
32767	32767
32767	32767
32767	32767
32767	32767
32767	32767
32767	32767
32767	32767
32767	32767
32767	32767
32767	32767
32767	32767
32767	32767
32767	32767
32767	32767
32767	32767
32767	32767
32767	32767
32767	32767
32767	32767
32767	32767
32767	32767
32767	32767
32767	32767
32767	32767
32767	32767
32767	32767
32767	32767
32767	32767
32767	32767
32767	32767
32767	32767
32767	32767
32767	32767
32767	32767
32767	32767
32767	32767
32767	32767
32767	32767
32767	32767
32767	32767
32767	32767
32767	32767
32767	32767
32767	32767
32767	32767
32767	32767
32767	32767
32767	32767
32767	32767
32767	32767
32767	32767
32767	32767
32767	32767
32767	32767
32767	32767
32767	32767
32767	32767
32767	32767
32767	32767
32767	32767
32767	32767
32767	32767
32767	32767
32767	32767
32767	32767
32767	32767
32767	32767
32767	32767
32767	32767
32767	32767
32767	32767
32767	32767
32767	32767
32767	32767
32767	32767
32767	32767
32767	32767
32767	32767
32767	32767
32767	32767
32767	32767
32767	32767
32767	32767
32767	32767
32767	32767
32767	32767
32767	32767
32767	32767
32767	32767
32767	32767
32767	32767
32767	32767
32767	32767
32767	32767
32767	32767
32767	32767
32767	32767
32767	32767
32767	32767
32767	32767
32767	32767
32767	32767
32767	32767
32767	32767
32767	32767
32767	32767
32767	32767
32767	32767
32767	32767
32767	32767
32767	32767
32767	32767
32767	32767
32767	32767
32767	32767
32767	32767
32767	32767
32767	32767
32767	32767
32767	32767
32767	32767
32767	32767
32767	32767
32767	32767
32767	32767
32767	32767
32767	32767
32767	32767
32767	32767
32767	32767
32767	32767
32767	32767
32767	32767
32767	32767
32767	32767
32767	32767
32767	32767
32767	32767
32767	32767
32767	32767
32767	32767
32767	32767
32767	32767
32767	32767
32767	32767
32767	32767
32767	32767
32767	32767
32767	32767
32767	32767
32767	32767
32767	32767
32767	32767
32767	32767
32767	32767
32767	32767
32767	32767
32767	32767
32767	32767
32767	32767
32767	32767
32767	32767
32767	32767
32767	32767
32767	32767
32767	32767
32767	32767
32767	32767
32767	32767
32767	32767
32767	32767
32767	32767
32767	32767
32767	32767
32767	32767
32767	32767
32767	32767
32767	32767
32767	32767
32767	32767
32767	32767
32767	32767
32767	32767
32767	32767
32767	32767
32767	32767
32767	32767
32767	32767
32767	32767
32767	32767
32767	32767
32767	32767
32767	32767
32767	32767
32767	32767
32767	32767
32767	32767
32767	32767
32767	32767
32767	32767
32767	32767
32767	32767
32767	32767
32767	32767
32767	32767
32767	32767
32767	32767
32767	32767
32767	32767
32767	32767
32767	32767
32767	32767
32767	32767
32767	32767
32767	32767
32767	32767
32767	32767
32767	32767
32767	32767
32767	32767
32767	32767
32767	32767
32767	32767
32767	32767
32767	32767
32767	32767
32767	32767
32767	32767
32767	32767
32767	32767
32767	32767
32767	32767
32767	32767
32767	32767
32767	32767
32767	32767
32767	32767
32767	32767
32767	32767
32767	32767
32767	32767
32767	32767
32767	32767
32767	32767
32767	32767
32767	32767
32767	32767
32767	32767
32767	32767
32767	32767
32767	32767
32767	32767
32767	32767
32767	32767
32767	32767
32767	32767
32767	32767
32767	32767
32767	32767
32767	32767
32767	32767
32767	32767
32767	32767
32767	32767
32767	32767
32767	32767
32767	32767
32767	32767
32767	32767
32767	32767
32767	32767
32767	32767
32767	32767
32767	32767
32767	32767
32767	32767
32767	32767
32767	32767
32767	32767
32767	32767
32767	32767
32767	32767
32767	32767
32767	32767
32767	32767
32767	32767
32767	32767
32767	32767
32767	32767
32767	32767
32767	32767
32767	32767
32767	32767
32767	32767
32767	32767
32767	32767
32767	32767
32767	32767
32767	32767
32767	32767
32767	32767
32767	32767
32767	32767
32767	32767
32767	32767
32767	32767
32767	32767
32767	32767
32767	32767
32767	32767
32767	32767
32767	32767
32767	32767
32767	32767
32767	32767
32767	32767
32767	32767
32767	32767
32767	32767
32767	32767
32767	32767
32767	32767
32767	32767
32767	32767
32767	32767
32767	32767
32767	32767
32767	32767
32767	32767
32767	32767
32767	32767
32767	32767
32767	32767
32767	32767
32767	32767
32767	32767
32767	32767
32767	32767
32767	32767
32767	32767
32767	32767
32767	32767
32767	32767
32767	32767
32767	32767
32767	32767
32767	32767
32767	32767
32767	32767
32767	32767
32767	32767
32767	32767
32767	32767
32767	32767
32767	32767
32767	32767
32767	32767
32767	32767
32767	32767
32767	32767
32767	32767
32767	32767
32767	32767
32767	32767
32767	32767
32767	32767
32767	32767
32767	32767
32767	32767
32767	32767
32767	32767
32767	32767
32767	32767
32767	32767
32767	32767
32767	32767
32767	32767
32767	32767
32767	32767
32767	32767
32767	32767
32767	32767
32767	32767
32767	32767
32767	32767
32767	32767
32767	32767
32767	32767
32767	32767
32767	32767
32767	32767
32767	32767
32767	32767
32767	32767
32767	32767
32767	32767
32767	32767
32767	32767
32767	32767
32767	32767
32767	32767
32767	32767
32767	32767
32767	32767
32767	32767
32767	32767
32767	32767
32767	32767
32767	32767
32767	32767
32767	32767
32767	32767
32767	32767
32767	32767
32767	32767
32767	32767
32767	32767
32767	32767
32767	32767
32767	32767
32767	32767
32767	32767
32767	32767
32767	32767
32767	32767
32767	32767
32767	32767
32767	32767
32767	32767
32767	32767
32767	32767
32767	32767
32767	32767
32767	32767
32767	32767
32767	32767
32767	32767
32767	32767
32767	32767
32767	32767
32767	32767
32767	32767
32767	32767
32767	32767
32767	32767
32767	32767
32767	32767
32767	32767
32767	32767
32767	32767
32767	32767
32767	32767
32767	32767
32767	32767
32767	32767
32767	32767
32767	32767
32767	32767
32767	32767
32767	32767
32767	32767
32767	32767
32767	32767
32767	32767
32767	32767
32767	32767
32767	32767
32767	32767
32767	32767
32767	32767
32767	32767
32767	32767
32767	32767
32767	32767
32767	32767
32767	32767
32767	32767
32767	32767
32767	32767
32767	32767
32767	32767
32767	32767
32767	32767
32767	32767
32767	32767
32767	32767
32767	32767
32767	32767
32767	32767
32767	32767
32767	32767
32767	32767
32767	32767
32767	32767
32767	32767
32767	32767
32767	32767
32767	32767
32767	32767
32767	32767
32767	32767
32767	32767
32767	32767
32767	32767
32767	32767
32767	32767
32767	32767
32767	32767
32767	32767
32767	32767
32767	32767
32767	32767
32767	32767
32767	32767
32767	32767
32767	32767
32767	32767
32767	32767
32767	32767
32767	32767
32767	32767
32767	32767
32767	32767
32767	32767
32767	32767
32767	32767
32767	32767
32767	32767
32767	32767
32767	32767
32767	32767
32767	32767
32767	32767
32767	32767
32767	32767
32767	32767
32767	32767
32767	32767
32767	32767
32767	32767
32767	32767
32767	32767
32767	32767
32767	32767
32767	32767
32767	32767
32767	32767
32767	32767
32767	32767
32767	32767
32767	32767
32767	32767
32767	32767
32767	32767
32767	32767
32767	32767
32767	32767
32767	32767
32767	32767
32767	32767
32767	32767
32767	32767
32767	32767
32767	32767
32767	32767
32767	32767
32767	32767
32767	32767
32767	32767
32767	32767
32767	32767
32767	32767
32767	32767
32767	32767
32767	32767
32767	32767
32767	32767
32767	32767
32767	32767
32767	32767
32767	32767
32767	32767
32767	32767
32767	32767
32767	32767
32767	32767
32767	32767
32767	32767
32767	32767
32767	32767
32767	32767
32767	32767
32767	32767
32767	32767
32767	32767
32767	32767
32767	32767
32767	32767
32767	32767
32767	32767
32767	32767
32767	32767
32767	32767
32767	32767
32767	32767
32767	32767
32767	32767
32767	32767
32767	32767
32767	32767
32767	32767
32767	32767
32767	32767
32767	32767
32767	32767
32767	32767
32767	32767
32767	32767
32767	32767
32767	32767
32767	32767
32767	32767
32767	32767
32767	32767
32767	32767
32767	32767
32767	32767
32767	32767
32767	32767
32767	32767
32767	32767
32767	32767
32767	32767
32767	32767
32767	32767
32767	32767
32767	32767
32767	32767
32767	32767
32767	32767
32767	32767
32767	32767
32767	32767
32767	32767
32767	32767
32767	32767
32767	32767
32767	32767
32767	32767
32767	32767
32767	32767
32767	32767
32767	32767
32767	32767
32767	32767
32767	32767
32767	32767
32767	32767
32767	32767
32767	32767
32767	32767
32767	32767
32767	32767
32767	32767
32767	32767
32767	32767
32767	32767
32767	32767
32767	32767
32767	32767
32767	32767
32767	32767
32767	32767
32767	32767
32767	32767
32767	32767
32767	32767
32767	32767
32767	32767
32767	32767
32767	32767
32767	32767
32767	32767
32767	32767
32767	32767
32767	32767
32767	32767
32767	32767
32767	32767
32767	32767
32767	32767
32767	32767
32767	32767
32767	32767
32767	32767
32767	32767
32767	32767
32767	32767
32767	32767
32767	32767
32767	32767
32767	32767
32767	32767
32767	32767
32767	32767
32767	32767
32767	32767
32767	32767
32767	32767
32767	32767
32767	32767
32767	32767
32767	32767
32767	32767
32767	32767
32767	32767
32767	32767
32767	32767
32767	32767
32767	32767
32767	32767
32767	32767
32767	32767
32767	32767
32767	32767
32767	32767
32767	32767
32767	32767
32767	32767
32767	32767
32767	32767
32767	32767
32767	32767
32767	32767
32767	32767
32767	32767
32767	32767
32767	32767
32767	32767
32767	32767
32767	32767
32767	32767
32767	32767
32767	32767
32767	32767
32767	32767
32767	32767
32767	32767
32767	32767
32767	32767
32767	32767
32767	32767
32767	32767
32767	32767
32767	32767
32767	32767
32767	32767
32767	32767
32767	32767
32767	32767
32767	32767
32767	32767
32767	32767
32767	32767
32767	32767
32767	32767
32767	32767
32767	32767
32767	32767
32767	32767
32767	32767
32767	32767
32767	32767
32767	32767
32767	32767
32767	32767
32767	32767
32767	32767
32767	32767
32767	32767
32767	32767
32767	32767
32767	32767
32767	32767
32767	32767
32767	32767
32767	32767
32767	32767
32767	32767
32767	32767
32767	32767
32767	32767
32767	32767
32767	32767
32767	32767
32767	32767
32767	32767
32767	32767
32767	32767
32767	32767
32767	32767
32767	32767
32767	32767
32767	32767
32767	32767
32767	32767
32767	32767
32767	32767
32767	32767
32767	32767
32767	32767
32767	32767
32767	32767
32767	32767
32767	32767
32767	32767
32767	32767
32767	32767
32767	32767
32767	32767
32767	32767
32767	32767
32767	32767
32767	32767
32767	32767
32767	32767
32767	32767
32767	32767
32767	32767
32767	32767
32767	32767
32767	32767
32767	32767
32767	32767
32767	32767
32767	32767
32767	32767
32767	32767
32767	32767
32767	32767
32767	32767
32767	32767
32767	32767
32767	32767
32767	32767
32767	32767
32767	32767
32767	32767
32767	32767
32767	32767
32767	32767
32767	32767
32767	32767
32767	32767
32767	32767
32767	32767
32767	32767
32767	32767
32767	32767
32767	32767
32767	32767
32767	32767
32767	32767
32767	32767
32767	32767
32767	32767
32767	32767
32767	32767
32767	32767
32767	32767
32767	32767
32767	32767
32767	32767
32767	32767
32767	32767
32767	32767
32767	32767
32767	32767
32767	32767
32767	32767
32767	32767
32767	32767
32767	32767
32767	32767
32767	32767
32767	32767
32767	32767
32767	32767
32767	32767
32767	32767
32767	32767
32767	32767
32767	32767
32767	32767
32767	32767
32767	32767
32767	32767
32767	32767
32767	32767
32767	32767
32767	32767
32767	32767
32767	32767
32767	32767
32767	32767
32767	32767
32767	32767
32767	32767
32767	32767
32767	32767
32767	32767
32767	32767
32767	32767
32767	32767
32767	32767
32767	32767
32767	32767
32767	32767
32767	32767
32767	32767
32767	32767
32767	32767
32767	32767
32767	32767
32767	32767
32767	32767
32767	32767
32767	32767
32767	32767
32767	32767
32767	32767
32767	32767
32767	32767
32767	32767
32767	32767
32767	32767
32767	32767
32767	32767
32767	32767
32767	32767
32767	32767
32767	32767
32767	32767
32767	32767
32767	32767
32767	32767
32767	32767
32767	32767
32767	32767
32767	32767
32767	32767
32767	32767
32767	32767
32767	32767
32767	32767
32767	32767
32767	32767
32767	32767
32767	32767
32767	32767
32767	32767
32767	32767
32767	32767
32767	32767
32767	32767
32767	32767
32767	32767
32767	32767
32767	32767
32767	32767
32767	32767
32767	32767
32767	32767
32767	32767
32767	32767
32767	32767
32767	32767
32767	32767
32767	32767
32767	32767
32767	32767
32767	32767
32767	32767
32767	32767
32767	32767
32767	32767
32767	32767
32767	32767
32767	32767
32767	32767
32767	32767
32767	32767
32767	32767
32767	32767
32767	32767
32767	32767
32767	32767
32767	32767
32767	32767
32767	32767
32767	32767
32767	32767
32767	32767
32767	32767
32767	32767
32767	32767
32767	32767
32767	32767
32767	32767
32767	32767
32767	32767
32767	32767
32767	32767
32767	32767
32767	32767
32767	32767
32767	32767
32767	32767
32767	32767
32767	32767
32767	32767
32767	32767
32767	32767
32767	32767
32767	32767
32767	32767
32767	32767
32767	32767
32767	32767
32767	32767
32767	32767
32767	32767
32767	32767
32767	32767
32767	32767
32767	32767
32767	32767
32767	32767
32767	32767
32767	32767
32767	32767
32767	32767
32767	32767
32767	32767
32767	32767
32767	32767
32767	32767
32767	32767
32767	32767
32767	32767
32767	32767
32767	32767
32767	32767
32767	32767
32767	32767
32767	32767
32767	32767
32767	32767
32767	32767
32767	32767
32767	32767
32767	32767
32767	32767
32767	32767
32767	32767
32767	32767
32767	32767
32767	32767
32767	32767
32767	32767
32767	32767
32767	32767
32767	32767
32767	32767
32767	32767
32767	32767
32767	32767
32767	32767
32767	32767
32767	32767
32767	32767
32767	32767
32767	32767
32767	32767
32767	32767
32767	32767
32767	32767
32767	32767
32767	32767
32767	32767
32767	32767
32767	32767
32767	32767
32767	32767
32767	32767
32767	32767
32767	32767
32767	32767
32767	32767
32767	32767
32767	32767
32767	32767
32767	32767
32767	32767
32767	32767
32767	32767
32767	32767
32767	32767
32767	32767
32767	32767
32767	32767
32767	32767
32767	32767
32767	32767
32767	32767
32767	32767
32767	32767
32767	32767
32767	32767
32767	32767
32767	32767
32767	32767
32767	32767
32767	32767
32767	32767
32767	32767
32767	32767
32767	32767
32767	32767
32767	32767
32767	32767
32767	32767
32767	32767
32767	32767
32767	32767
32767	32767
32767	32767
32767	32767
32767	32767
32767	32767
32767	32767
32767	32767
32767	32767
32767	32767
32767	32767
32767	32767
32767	32767
32767	32767
32767	32767
32767	32767
32767	32767
32767	32767
32767	32767
32767	32767
32767	32767
32767	32767
32767	32767
32767	32767
32767	32767
32767	32767
32767	32767
32767	32767
32767	32767
32767	32767
32767	32767
32767	32767
32767	32767
32767	32767
32767	32767
32767	32767
32767	32767
32767	32767
32767	32767
32767	32767
32767	32767
32767	32767
32767	32767
32767	32767
32767	32767
32767	32767
32767	32767
32767	32767
32767	32767
32767	32767
32767	32767
32767	32767
32767	32767
32767	32767
32767	32767
32767	32767
32767	32767
32767	32767
32767	32767
32767	32767
32767	32767
32767	32767
32767	32767
32767	32767
32767	32767
32767	32767
32767	32767
32767	32767
32767	32767
32767	32767
32767	32767
32767	32767
32767	32767
32767	32767
32767	32767
32767	32767
32767	32767
32767	32767
32767	32767
32767	32767
32767	32767
32767	32767
32767	32767
32767	32767
32767	32767
32767	32767
32767	32767
32767	32767
32767	32767
32767	32767
32767	32767
32767	32767
32767	32767
32767	32767
32767	32767
32767	32767
32767	32767
32767	32767
32767	32767
32767	32767
32767	32767
32767	32767
32767	32767
32767	32767
32767	32767
32767	32767
32767	32767
32767	32767
32767	32767
32767	32767
32767	32767
32767	32767
32767	32767
32767	32767
32767	32767
32767	32767
32767	32767
32767	32767
32767	32767
32767	32767
32767	32767
32767	32767
32767	32767
32767	32767
32767	32767
32767	32767
32767	32767
32767	32767
32767	32767
32767	32767
32767	32767
32767	32767
32767	32767
32767	32767
32767	32767
32767	32767
32767	32767
32767	32767
32767	32767
32767	32767
32767	32767
32767	32767
32767	32767
32767	32767
32767	32767
32767	32767
32767	32767
32767	32767
32767	32767
32767	32767
32767	32767
32767	32767
32767	32767
32767	32767
32767	32767
32767	32767
32767	32767
32767	32767
32767	32767
32767	32767
32767	32767
32767	32767
32767	32767
32767	32767
32767	32767
32767	32767
32767	32767
32767	32767
32767	32767
32767	32767
32767	32767
32767	32767
32767	32767
32767	32767
32767	32767
32767	32767
32767	32767
32767	32767
32767	32767
32767	32767
32767	32767
32767	32767
32767	32767
32767	32767
32767	32767
32767	32767
32767	32767
32767	32767
32767	32767
32767	32767
32767	32767
32767	32767
32767	32767
32767	32767
32767	32767
32767	32767
32767	32767
32767	32767
32767	32767
32767	32767
32767	32767
32767	32767
32767	32767
32767	32767
32767	32767
32767	32767
32767	32767
32767	32767
32767	32767
32767	32767
32767	32767
32767	32767
32767	32767
32767	32767
32767	32767
32767	32767
32767	32767
32767	32767
32767	32767
32767	32767
32767	32767
32767	32767
32767	32767
32767	32767
32767	32767
32767	32767
32767	32767
32767	32767
32767	32767
32767	32767
32767	32767
32767	32767
32767	32767
32767	32767
32767	32767
32767	32767
32767	32767
32767	32767
32767	32767
32767	32767
32767	32767
32767	32767
32767	32767
32767	32767
32767	32767
32767	32767
32767	32767
32767	32767
32767	32767
32767	32767
32767	32767
32767	32767
32767	32767
32767	32767
32767	32767
32767	32767
32767	32767
32767	32767
32767	32767
32767	32767
32767	32767
32767	32767
32767	32767
32767	32767
32767	32767
32767	32767
32767	32767
32767	32767
32767	32767
32767	32767
32767	32767
32767	32767
32767	32767
32767	32767
32767	32767
32767	32767
32767	32767
32767	32767
32767	32767
32767	32767
32767	32767
32767	32767
32767	32767
32767	32767
32767	32767
32767	32767
32767	32767
32767	32767
32767	32767
32767	32767
32767	32767
32767	32767
32767	32767
32767	32767
32767	32767
32767	32767
32767	32767
32767	32767
32767	32767
32767	32767
32767	32767
32767	32767
32767	32767
32767	32767
32767	32767
32767	32767
32767	32767
32767	32767
32767	32767
32767	32767
32767	32767
32767	32767
32767	32767
32767	32767
32767	32767
32767	32767
32767	32767
32767	32767
32767	32767
32767	32767
32767	32767
32767	32767
32767	32767
32767	32767
32767	32767
32767	32767
32767	32767
32767	32767
32767	32767
32767	32767
32767	32767
32767	32767
32767	32767
32767	32767
32767	32767
32767	32767
32767	32767
32767	32767
32767	32767
32767	32767
32767	32767
32767	32767
32767	32767
32767	32767
32767	32767
32767	32767
32767	32767
32767	32767
32767	32767
32767	32767
32767	32767
32767	32767
32767	32767
32767	32767
32767	32767
32767	32767
32767	32767
32767	32767
32767	32767
32767	32767
32767	32767
32767	32767
32767	32767
32767	32767
32767	32767
32767	32767
32767	32767
32767	32767
32767	32767
32767	32767
32767	32767
32767	32767
32767	32767
32767	32767
32767	32767
32767	32767
32767	32767
32767	32767
32767	32767
32767	32767
32767	32767
32767	32767
32767	32767
32767	32767
32767	32767
32767	32767
32767	32767
32767	32767
32767	32767
32767	32767
32767	32767
32767	32767
32767	32767
32767	32767
32767	32767
32767	32767
32767	32767
32767	32767
32767	32767
32767	32767
32767	32767
32767	32767
32767	32767
32767	32767
32767	32767
32767	32767
32767	32767
32767	32767
32767	32767
32767	32767
32767	32767
32767	32767
32767	32767
32767	32767
32767	32767
32767	32767
32767	32767
32767	32767
32767	32767
32767	32767
32767	32767
32767	32767
32767	32767
32767	32767
32767	32767
32767	32767
32767	32767
32767	32767
32767	32767
32767	32767
32767	32767
32767	32767
32767	32767
32767	32767
32767	32767
32767	32767
32767	32767
32767	32767
32767	32767
32767	32767
32767	32767
32767	32767
32767	32767
32767	32767
32767	32767
32767	32767
32767	32767
32767	32767
32767	32767
32767	32767
32767	32767
32767	32767
32767	32767
32767	32767
32767	32767
32767	32767
32767	32767
32767	32767
32767	32767
32767	32767
32767	32767
32767	32767
32767	32767
32767	32767
32767	32767
32767	32767
32767	32767
32767	32767
32767	32767
32767	32767
32767	32767
32767	32767
32767	32767
32767	32767
32767	32767
32767	32767
32767	32767
32767	32767
32767	32767
32767	32767
32767	32767
32767	32767
32767	32767
32767	32767
32767	32767
32767	32767
32767	32767
32767	32767
32767	32767
32767	32767
32767	32767
32767	32767
32767	32767
32767	32767
32767	32767
32767	32767
32767	32767
32767	32767
32767	32767
32767	32767
32767	32767
32767	32767
32767	32767
32767	32767
32767	32767
32767	32767
32767	32767
32767	32767
32767	32767
32767	32767
32767	32767
32767	32767
32767	32767
32767	32767
32767	32767
32767	32767
32767	32767
32767	32767
32767	32767
32767	32767
32767	32767
32767	32767
32767	32767
32767	32767
32767	32767
32767	32767
32767	32767
32767	32767
32767	32767
32767	32767
32767	32767
32767	32767
32767	32767
32767	32767
32767	32767
32767	32767
32767	32767
32767	32767
32767	32767
32767	32767
32767	32767
32767	32767
32767	32767
32767	32767
32767	32767
32767	32767
32767	32767
32767	32767
32767	32767
32767	32767
32767	32767
32767	32767
32767	32767
32767	32767
32767	32767
32767	32767
32767	32767
32767	32767
32767	32767
32767	32767
32767	32767
32767	32767
32767	32767
32767	32767
32767	32767
32767	32767
32767	32767
32767	32767
32767	32767
32767	32767
32767	32767
32767	32767
32767	32767
32767	32767
32767	32767
32767	32767
32767	32767
32767	32767
32767	32767
32767	32767
32767	32767
32767	32767
32767	32767
32767	32767
32767	32767
32767	32767
32767	32767
32767	32767
32767	32767
32767	32767
32767	32767
32767	32767
32767	32767
32767	32767
32767	32767
32767	32767
32767	32767
32767	32767
32767	32767
32767	32767
32767	32767
32767	32767
32767	32767
32767	32767
32767	32767
32767	32767
32767	32767
32767	32767
32767	32767
32767	32767
32767	32767
32767	32767
32767	32767
32767	32767
32767	32767
32767	32767
32767	32767
32767	32767
32767	32767
32767	32767
32767	32767
32767	32767
32767	32767
32767	32767
32767	32767
32767	32767
32767	32767
32767	32767
32767	32767
32767	32767
32767	32767
32767	32767
32767	32767
32767	32767
32767	32767
32767	32767
32767	32767
32767	32767
32767	32767
32767	32767
32767	32767
32767	32767
32767	32767
32767	32767
32767	32767
32767	32767
32767	32767
32767	32767
32767	32767
32767	32767
32767	32767
32767	32767
32767	32767
32767	32767
32767	32767
32767	32767
32767	32767
32767	32767
32767	32767
32767	32767
32767	32767
32767	32767
32767	32767
32767	32767
32767	32767
32767	32767
32767	32767
32767	32767
32767	32767
32767	32767
32767	32767
32767	32767
32767	32767
32767	32767
32767	32767
32767	32767
32767	32767
32767	32767
32767	32767
32767	32767
32767	32767
32767	32767
32767	32767
32767	32767
32767	32767
32767	32767
32767	32767
32767	32767
32767	32767
32767	32767
32767	32767
32767	32767
32767	32767
32767	32767
32767	32767
32767	32767
32767	32767
32767	32767
32767	32767
32767	32767
32767	32767
32767	32767
32767	32767
32767	32767
32767	32767
32767	32767
32767	32767
32767	32767
32767	32767
32767	32767
32767	32767
32767	32767
32767	32767
32767	32767
32767	32767
32767	32767
32767	32767
32767	32767
32767	32767
32767	32767
32767	32767
32767	32767
32767	32767
32767	32767
32767	32767
32767	32767
32767	32767
32767	32767
32767	32767
32767	32767
32767	32767
32767	32767
32767	32767
32767	32767
32767	32767
32767	32767
32767	32767
32767	32767
32767	32767
32767	32767
32767	32767
32767	32767
32767	32767
32767	32767
32767	32767
32767	32767
32767	32767
32767	32767
32767	32767
32767	32767
32767	32767
32767	32767
32767	32767
32767	32767
32767	32767
32767	32767
32767	32767
32767	32767
32767	32767
32767	32767
32767	32767
32767	32767
32767	32767
32767	32767
32767	32767
32767	32767
32767	32767
32767	32767
32767	32767
32767	32767
32767	32767
32767	32767
32767	32767
32767	32767
32767	32767
32767	32767
32767	32767
32767	32767
32767	32767
32767	32767
32767	32767
32767	32767
32767	32767
32767	32767
32767	32767
32767	32767
32767	32767
32767	32767
32767	32767
32767	32767
32767	32767
32767	32767
32767	32767
32767	32767
32767	32767
32767	32767
32767	32767
32767	32767
32767	32767
32767	32767
32767	32767
32767	32767
32767	32767
32767	32767
32767	32767
32767	32767
32767	32767
32767	32767
32767	32767
32767	32767
32767	32767
32767	32767
32767	32767
32767	32767
32767	32767
32767	32767
32767	32767
32767	32767
32767	32767
32767	32767
32767	32767
32767	32767
32767	32767
32767	32767
32767	32767
32767	32767
32767	32767
32767	32767
32767	32767
32767	32767
32767	32767
32767	32767
32767	32767
32767	32767
32767	32767
32767	32767
32767	32767
32767	32767
32767	32767
32767	32767
32767	32767
32767	32767
32767	32767
32767	32767
32767	32767
32767	32767
32767	32767
32767	32767
32767	32767
32767	32767
32767	32767
32767	32767
32767	32767
32767	32767
32767	32767
32767	32767
32767	32767
32767	32767
32767	32767
32767	32767
32767	32767
32767	32767
32767	32767
32767	32767
32767	32767
32767	32767
32767	32767
32767	32767
32767	32767
32767	32767
32767	32767
32767	32767
32767	32767
32767	32767
32767	32767
32767	32767
32767	32767
32767	32767
32767	32767
32767	32767
32767	32767
32767	32767
32767	32767
32767	32767
32767	32767
32767	32767
32767	32767
32767	32767
32767	32767
32767	32767
32767	32767
32767	32767
32767	32767
32767	32767
32767	32767
32767	32767
32767	32767
32767	32767
32767	32767
32767	32767
32767	32767
32767	32767
32767	32767
32767	32767
32767	32767
32767	32767
32767	32767
32767	32767
32767	32767
32767	32767
32767	32767
32767	32767
32767	32767
32767	32767
32767	32767
32767	32767
32767	32767
32767	32767
32767	32767
32767	32767
32767	32767
32767	32767
32767	32767
32767	32767
32767	32767
32767	32767
32767	32767
32767	32767
32767	32767
32767	32767
32767	32767
32767	32767
32767	32767
32767	32767
32767	32767
32767	32767
32767	32767
32767	32767
32767	32767
32767	32767
32767	32767
32767	32767
32767	32767
32767	32767
32767	32767
32767	32767
32767	32767
32767	32767
32767	32767
32767	32767
32767	32767
32767	32767
32767	32767
32767	32767
32767	32767
32767	32767
32767	32767
32767	32767
32767	32767
32767	32767
32767	32767
32767	32767
32767	32767
32767	32767
32767	32767
32767	32767
32767	32767
32767	32767
32767	32767
32767	32767
32767	32767
32767	32767
32767	32767
32767	32767
32767	32767
32767	32767
32767	32767
32767	32767
32767	32767
32767	32767
32767	32767
32767	32767
32767	32767
32767	32767
32767	32767
32767	32767
32767	32767
32767	32767
32767	32767
32767	32767
32767	32767
32767	32767
32767	32767
32767	32767
32767	32767
32767	32767
32767	32767
32767	32767
32767	32767
32767	32767
32767	32767
32767	32767
32767	32767
32767	32767
32767	32767
32767	32767
32767	32767
32767	32767
32767	32767
32767	32767
32767	32767
32767	32767
32767	32767
32767	32767
32767	32767
32767	32767
32767	32767
32767	32767
32767	32767
32767	32767
32767	32767
32767	32767
32767	32767
32767	32767
32767	32767
32767	32767
32767	32767
32767	32767
32767	32767
32767	32767
32767	32767
32767	32767
32767	32767
32767	32767
32767	32767
32767	32767
32767	32767
32767	32767
32767	32767
32767	32767
32767	32767
32767	32767
32767	32767
32767	32767
32767	32767
32767	32767
32767	32767
32767	32767
32767	32767
32767	32767
32767	32767
32767	32767
32767	32767
32767	32767
32767	32767
32767	32767
32767	32767
32767	32767
32767	32767
32767	32767
32767	32767
32767	32767
32767	32767
32767	32767
32767	32767
32767	32767
32767	32767
32767	32767
32767	32767
32767	32767
32767	32767
32767	32767
32767	32767
32767	32767
32767	32767
32767	32767
32767	32767
32767	32767
32767	32767
32767	32767
32767	32767
32767	32767
32767	32767
32767	32767
32767	32767
32767	32767
32767	32767
32767	32767
32767	32767
32767	32767
32767	32767
32767	32767
32767	32767
32767	32767
32767	32767
32767	32767
32767	32767
32767	32767
32767	32767
32767	32767
32767	32767
32767	32767
32767	32767
32767	32767
32767	32767
32767	32767
32767	32767
32767	32767
32767	32767
32767	32767
32767	32767
32767	32767
32767	32767
32767	32767
32767	32767
32767	32767
32767	32767
32767	32767
32767	32767
32767	32767
32767	32767
32767	32767
32767	32767
32767	32767
32767	32767
32767	32767
32767	32767
32767	32767
32767	32767
32767	32767
32767	32767
32767	32767
32767	32767
32767	32767
32767	32767
32767	32767
32767	32767
32767	32767
32767	32767
32767	32767
32767	32767
32767	32767
32767	32767
32767	32767
32767	32767
32767	32767
32767	32767
32767	32767
32767	32767
32767	32767
32767	32767
32767	32767
32767	32767
32767	32767
32767	32767
32767	32767
32767	32767
32767	32767
32767	32767
32767	32767
32767	32767
32767	32767
32767	32767
32767	32767
32767	32767
32767	32767
32767	32767
32767	32767
32767	32767
32767	32767
32767	32767
32767	32767
32767	32767
32767	32767
32767	32767
32767	32767
32767	32767
32767	32767
32767	32767
32767	32767
32767	32767
32767	32767
32767	32767
32767	32767
32767	32767
32767	32767
32767	32767
32767	32767
32767	32767
32767	32767
32767	32767
32767	32767
32767	32767
32767	32767
32767	32767
32767	32767
32767	32767
32767	32767
32767	32767
32767	32767
32767	32767
32767	32767
32767	32767
32767	32767
32767	32767
32767	32767
32767	32767
32767	32767
32767	32767
32767	32767
32767	32767
32767	32767
32767	32767
32767	32767
32767	32767
32767	32767
32767	32767
32767	32767
32767	32767
32767	32767
32767	32767
32767	32767
32767	32767
32767	32767
32767	32767
32767	32767
32767	32767
32767	32767
32767	32767
32767	32767
32767	32767
32767	32767
32767	32767
32767	32767
32767	32767
32767	32767
32767	32767
32767	32767
32767	32767
32767	32767
32767	32767
32767	32767
32767	32767
32767	32767
32767	32767
32767	32767
32767	32767
32767	32767
32767	32767
32767	32767
32767	32767
32767	32767
32767	32767
32767	32767
32767	32767
32767	32767
32767	32767
32767	32767
32767	32767
32767	32767
32767	32767
32767	32767
32767	32767
32767	32767
32767	32767
32767	32767
32767	32767
32767	32767
32767	32767
32767	32767
32767	32767
32767	32767
32767	32767
32767	32767
32767	32767
32767	32767
32767	32767
32767	32767
32767	32767
32767	32767
32767	32767
32767	32767
32767	32767
32767	32767
32767	32767
32767	32767
32767	32767
32767	32767
32767	32767
32767	32767
32767	32767
32767	32767
32767	32767
32767	32767
32767	32767
32767	32767
32767	32767
32767	32767
32767	32767
32767	32767
32767	32767
32767	32767
32767	32767
32767	32767
32767	32767
32767	32767
32767	32767
32767	32767
32767	32767
32767	32767
32767	32767
32767	32767
32767	32767
32767	32767
32767	32767
32767	32767
32767	32767
32767	32767
32767	32767
32767	32767
32767	32767
32767	32767
32767	32767
32767	32767
32767	32767
32767	32767
32767	32767
32767	32767
32767	32767
32767	32767
32767	32767
32767	32767
32767	32767
32767	32767
32767	32767
32767	32767
32767	32767
32767	32767
32767	32767
32767	32767
32767	32767
32767	32767
32767	32767
32767	32767
32767	32767
32767	32767
32767	32767
32767	32767
32767	32767
32767	32767
32767	32767
32767	32767
32767	32767
32767	32767
32767	32767
32767	32767
32767	32767
32767	32767
32767	32767
32767	32767
32767	32767
32767	32767
32767	32767
32767	32767
32767	32767
32767	32767
32767	32767
32767	32767
32767	32767
32767	32767
32767	32767
32767	32767
32767	32767
32767	32767
32767	32767
32767	32767
32767	32767
32767	32767
32767	32767
32767	32767
32767	32767
32767	32767
32767	32767
32767	32767
32767	32767
32767	32767
32767	32767
32767	32767
32767	32767
32767	32767
32767	32767
32767	32767
32767	32767
32767	32767
32767	32767
32767	32767
32767	32767
32767	32767
32767	32767
32767	32767
32767	32767
32767	32767
32767	32767
32767	32767
32767	32767
32767	32767
32767	32767
32767	32767
32767	32767
32767	32767
32767	32767
32767	32767
32767	32767
32767	32767
32767	32767
32767	32767
32767	32767
32767	32767
32767	32767
32767	32767
32767	32767
32767	32767
32767	32767
32767	32767
32767	32767
32767	32767
32767	32767
32767	32767
32767	32767
32767	32767
32767	32767
32767	32767
32767	32767
32767	32767
32767	32767
32767	32767
32767	32767
32767	32767
32767	32767
32767	32767
32767	32767
32767	32767
32767	32767
32767	32767
32767	32767
32767	32767
32767	32767
32767	32767
32767	32767
32767	32767
32767	32767
32767	32767
32767	32767
32767	32767
32767	32767
32767	32767
32767	32767
32767	32767
32767	32767
32767	32767
32767	32767
32767	32767
32767	32767
32767	32767
32767	32767
32767	32767
32767	32767
32767	32767
32767	32767
32767	32767
32767	32767
32767	32767
32767	32767
32767	32767
32767	32767
32767	32767
32767	32767
32767	32767
32767	32767
32767	32767
32767	32767
32767	32767
32767	32767
32767	32767
32767	32767
32767	32767
32767	32767
32767	32767
32767	32767
32767	32767
32767	32767
32767	32767
32767	32767
32767	32767
32767	32767
32767	32767
32767	32767
32767	32767
32767	32767
32767	32767
32767	32767
32767	32767
32767	32767
32767	32767
32767	32767
32767	32767
32767	32767
32767	32767
32767	32767
32767	32767
32767	32767
32767	32767
32767	32767
32767	32767
32767	32767
32767	32767
32767	32767
32767	32767
32767	32767
32767	32767
32767	32767
32767	32767
32767	32767
32767	32767
32767	32767
32767	32767
32767	32767
32767	32767
32767	32767
32767	32767
32767	32767
32767	32767
32767	32767
32767	32767
32767	32767
32767	32767
32767	32767
32767	32767
32767	32767
32767	32767
32767	32767
32767	32767
32767	32767
32767	32767
32767	32767
32767	32767
32767	32767
32767	32767
32767	32767
32767	32767
32767	32767
32767	32767
32767	32767
32767	32767
32767	32767
32767	32767
32767	32767
32767	32767
32767	32767
32767	32767
32767	32767
32767	32767
32767	32767
32767	32767
32767	32767
32767	32767
32767	32767
32767	32767
32767	32767
32767	32767
32767	32767
32767	32767
32767	32767
32767	32767
32767	32767
32767	32767
32767	32767
32767	32767
32767	32767
32767	32767
32767	32767
32767	32767
32767	32767
32767	32767
32767	32767
32767	32767
32767	32767
32767	32767
32767	32767
32767	32767
32767	32767
32767	32767
32767	32767
32767	32767
32767	32767
32767	32767
32767	32767
32767	32767
32767	32767
32767	32767
32767	32767
32767	32767
32767	32767
32767	32767
32767	32767
32767	32767
32767	32767
32767	32767
32767	32767
32767	32767
32767	32767
32767	32767
32767	32767
32767	32767
32767	32767
32767	32767
32767	32767
32767	32767
32767	32767
32767	32767
32767	32767
32767	32767
32767	32767
32767	32767
32767	32767
32767	32767
32767	32767
32767	32767
32767	32767
32767	32767
32767	32767
32767	32767
32767	32767
32767	32767
32767	32767
32767	32767
32767	32767
32767	32767
32767	32767
32767	32767
32767	32767
32767	32767
32767	32767
32767	32767
32767	32767
32767	32767
32767	32767
32767	32767
32767	32767
32767	32767
32767	32767
32767	32767
32767	32767
32767	32767
32767	32767
32767	32767
32767	32767
32767	32767
32767	32767
32767	32767
32767	32767
32767	32767
32767	32767
32767	32767
32767	32767
32767	32767
32767	32767
32767	32767
32767	32767
32767	32767
32767	32767
32767	32767
32767	32767
32767	32767
32767	32767
32767	32767
32767	32767
32767	32767
32767	32767
32767	32767
32767	32767
32767	32767
32767	32767
32767	32767
32767	32767
32767	32767
32767	32767
32767	32767
32767	32767
32767	32767
32767	32767
32767	32767
32767	32767
32767	32767
32767	32767
32767	32767
32767	32767
32767	32767
32767	32767
32767	32767
32767	32767
32767	32767
32767	32767
32767	32767
32767	32767
32767	32767
32767	32767
32767	32767
32767	32767
32767	32767
32767	32767
32767	32767
32767	32767
32767	32767
32767	32767
32767	32767
32767	32767
32767	32767
32767	32767
32767	32767
32767	32767
32767	32767
32767	32767
32767	32767
32767	32767
32767	32767
32767	32767
32767	32767
32767	32767
32767	32767
32767	32767
32767	32767
32767	32767
32767	32767
32767	32767
32767	32767
32767	32767
32767	32767
32767	32767
32767	32767
32767	32767
32767	32767
32767	32767
32767	32767
32767	32767
32767	32767
32767	32767
32767	32767
32767	32767
32767	32767
32767	32767
32767	32767
32767	32767
32767	32767
32767	32767
32767	32767
32767	32767
32767	32767
32767	32767
32767	32767
32767	32767
32767	32767
32767	32767
32767	32767
32767	32767
32767	32767
32767	32767
32767	32767
32767	32767
32767	32767
32767	32767
32767	32767
32767	32767
32767	32767
32767	32767
32767	32767
32767	32767
32767	32767
32767	32767
32767	32767
32767	32767
32767	32767
32767	32767
32767	32767
32767	32767
32767	32767
32767	32767
32767	32767
32767	32767
32767	32767
32767	32767
32767	32767
32767	32767
32767	32767
32767	32767
32767	32767
32767	32767
32767	32767
32767	32767
32767	32767
32767	32767
32767	32767
32767	32767
32767	32767
32767	32767
32767	32767
32767	32767
32767	32767
32767	32767
32767	32767
32767	32767
32767	32767
32767	32767
32767	32767
32767	32767
32767	32767
32767	32767
32767	32767
32767	32767
32767	32767
32767	32767
32767	32767
32767	32767
32767	32767
32767	32767
32767	32767
32767	32767
32767	32767
32767	32767
32767	32767
32767	32767
32767	32767
32767	32767
32767	32767
32767	32767
32767	32767
32767	32767
32767	32767
32767	32767
32767	32767
32767	32767
32767	32767
32767	32767
32767	32767
32767	32767
32767	32767
32767	32767
32767	32767
32767	32767
32767	32767
32767	32767
32767	32767
32767	32767
32767	32767
32767	32767
32767	32767
32767	32767
32767	32767
32767	32767
32767	32767
32767	32767
32767	32767
32767	32767
32767	32767
32767	32767
32767	32767
32767	32767
32767	32767
32767	32767
32767	32767
32767	32767
32767	32767
32767	32767
32767	32767
32767	32767
32767	32767
32767	32767
32767	32767
32767	32767
32767	32767
32767	32767
32767	32767
32767	32767
32767	32767
32767	32767
32767	32767
32767	32767
32767	32767
32767	32767
32767	32767
32767	32767
32767	32767
32767	32767
32767	32767
32767	32767
32767	32767
32767	32767
32767	32767
32767	32767
32767	32767
32767	32767
32767	32767
32767	32767
32767	32767
32767	32767
32767	32767
32767	32767
32767	32767
32767	32767
32767	32767
32767	32767
32767	32767
32767	32767
32767	32767
32767	32767
32767	32767
32767	32767
32767	32767
32767	32767
32767	32767
32767	32767
32767	32767
32767	32767
32767	32767
32767	32767
32767	32767
32767	32767
32767	32767
32767	32767
32767	32767
32767	32767
32767	32767
32767	32767
32767	32767
32767	32767
32767	32767
32767	32767
32767	32767
32767	32767
32767	32767
32767	32767
32767	32767
32767	32767
32767	32767
32767	32767
32767	32767
32767	32767
32767	32767
32767	32767
32767	32767
32767	32767
32767	32767
32767	32767
32767	32767
32767	32767
32767	32767
32767	32767
32767	32767
32767	32767
32767	32767
32767	32767
32767	32767
32767	32767
32767	32767
32767	32767
32767	32767
32767	32767
32767	32767
32767	32767
32767	32767
32767	32767
32767	32767
32767	32767
32767	32767
32767	32767
32767	32767
32767	32767
32767	32767
32767	32767
32767	32767
32767	32767
32767	32767
32767	32767
32767	32767
32767	32767
32767	32767
32767	32767
32767	32767
32767	32767
32767	32767
32767	32767
32767	32767
32767	32767
32767	32767
32767	32767
32767	32767
32767	32767
32767	32767
32767	32767
32767	32767
32767	32767
32767	32767
32767	32767
32767	32767
32767	32767
32767	32767
32767	32767
32767	32767
32767	32767
32767	32767
32767	32767
32767	32767
32767	32767
32767	32767
32767	32767
32767	32767
32767	32767
32767	32767
32767	32767
32767	32767
32767	32767
32767	32767
32767	32767
32767	32767
32767	32767
32767	32767
32767	32767
32767	32767
32767	32767
32767	32767
32767	32767
32767	32767
32767	32767
32767	32767
32767	32767
32767	32767
32767	32767
32767	32767
32767	32767
32767	32767
32767	32767
32767	32767
32767	32767
32767	32767
32767	32767
32767	32767
32767	32767
32767	32767
32767	32767
32767	32767
32767	32767
32767	32767
32767	32767
32767	32767
32767	32767
32767	32767
32767	32767
32767	32767
32767	32767
32767	32767
32767	32767
32767	32767
32767	32767
32767	32767
32767	32767
32767	32767
32767	32767
32767	32767
32767	32767
32767	32767
32767	32767
32767	32767
32767	32767
32767	32767
32767	32767
32767	32767
32767	32767
32767	32767
32767	32767
32767	32767
32767	32767
32767	32767
32767	32767
32767	32767
32767	32767
32767	32767
32767	32767
32767	32767
32767	32767
32767	32767
32767	32767
32767	32767
32767	32767
32767	32767
32767	32767
32767	32767
32767	32767
32767	32767
32767	32767
32767	32767
32767	32767
32767	32767
32767	32767
32767	32767
32767	32767
32767	32767
32767	32767
32767	32767
32767	32767
32767	32767
32767	32767
32767	32767
32767	32767
32767	32767
32767	32767
32767	32767
32767	32767
32767	32767
32767	32767
32767	32767
32767	32767
32767	32767
32767	32767
32767	32767
32767	32767
32767	32767
32767	32767
32767	32767
32767	32767
32767	32767
32767	32767
32767	32767
32767	32767
32767	32767
32767	32767
32767	32767
32767	32767
32767	32767
32767	32767
32767	32767
32767	32767
32767	32767
32767	32767
32767	32767
32767	32767
32767	32767
32767	32767
32767	32767
32767	32767
32767	32767
32767	32767
32767	32767
32767	32767
32767	32767
32767	32767
32767	32767
32767	32767
32767	32767
32767	32767
32767	32767
32767	32767
32767	32767
32767	32767
32767	32767
32767	32767
32767	32767
32767	32767
32767	32767
32767	32767
32767	32767
32767	32767
32767	32767
32767	32767
32767	32767
32767	32767
32767	32767
32767	32767
32767	32767
32767	32767
32767	32767
32767	32767
32767	32767
32767	32767
32767	32767
32767	32767
32767	32767
32767	32767
32767	32767
32767	32767
32767	32767
32767	32767
32767	32767
32767	32767
32767	32767
32767	32767
32767	32767
32767	32767
32767	32767
32767	32767
32767	32767
32767	32767
32767	32767
32767	32767
32767	32767
32767	32767
32767	32767
32767	32767
32767	32767
32767	32767
32767	32767
32767	32767
32767	32767
32767	32767
32767	32767
32767	32767
32767	32767
32767	32767
32767	32767
32767	32767
32767	32767
32767	32767
32767	32767
32767	32767
32767	32767
32767	32767
32767	32767
32767	32767
32767	32767
32767	32767
32767	32767
32767	32767
32767	32767
32767	32767
32767	32767
32767	32767
32767	32767
32767	32767
32767	32767
32767	32767
32767	32767
32767	32767
32767	32767
32767	32767
32767	32767
32767	32767
32767	32767
32767	32767
32767	32767
32767	32767
32767	32767
32767	32767
32767	32767
32767	32767
32767	32767
32767	32767
32767	32767
32767	32767
32767	32767
32767	32767
32767	32767
32767	32767
32767	32767
32767	32767
32767	32767
32767	32767
32767	32767
32767	32767
32767	32767
32767	32767
32767	32767
32767	32767
32767	32767
32767	32767
32767	32767
32767	32767
32767	32767
32767	32767
32767	32767
32767	32767
32767	32767
32767	32767
32767	32767
32767	32767
32767	32767
32767	32767
32767	32767
32767	32767
32767	32767
32767	32767
32767	32767
32767	32767
32767	32767
32767	32767
32767	32767
32767	32767
32767	32767
32767	32767
32767	32767
32767	32767
32767	32767
32767	32767
32767	32767
32767	32767
32767	32767
32767	32767
32767	32767
32767	32767
32767	32767
32767	32767
32767	32767
32767	32767
32767	32767
32767	32767
32767	32767
32767	32767
32767	32767
32767	32767
32767	32767
32767	32767
32767	32767
32767	32767
32767	32767
32767	32767
32767	32767
32767	32767
32767	32767
32767	32767
32767	32767
32767	32767
32767	32767
32767	32767
32767	32767
32767	32767
32767	32767
32767	32767
32767	32767
32767	32767
32767	32767
32767	32767
32767	32767
32767	32767
32767	32767
32767	32767
32767	32767
32767	32767
32767	32767
32767	32767
32767	32767
32767	32767
32767	32767
32767	32767
32767	32767
32767	32767
32767	32767
32767	32767
32767	32767
32767	32767
32767	32767
32767	32767
32767	32767
32767	32767
32767	32767
32767	32767
32767	32767
32767	32767
32767	32767
32767	32767
32767	32767
32767	32767
32767	32767
32767	32767
32767	32767
32767	32767
32767	32767
32767	32767
32767	32767
32767	32767
32767	32767
32767	32767
32767	32767
32767	32767
32767	32767
32767	32767
32767	32767
32767	32767
32767	32767
32767	32767
32767	32767
32767	32767
32767	32767
32767	32767
32767	32767
32767	32767
32767	32767
32767	32767
32767	32767
32767	32767
32767	32767
32767	32767
32767	32767
32767	32767
32767	32767
32767	32767
32767	32767
32767	32767
32767	32767
32767	32767
32767	32767
32767	32767
32767	32767
32767	32767
32767	32767
32767	32767
32767	32767
32767	32767
32767	32767
32767	32767
32767	32767
32767	32767
32767	32767
32767	32767
32767	32767
32767	32767
32767	32767
32767	32767
32767	32767
32767	32767
32767	32767
32767	32767
32767	32767
32767	32767
32767	32767
32767	32767
32767	32767
32767	32767
32767	32767
32767	32767
32767	32767
32767	32767
32767	32767
32767	32767
32767	32767
32767	32767
32767	32767
32767	32767
32767	32767
32767	32767
32767	32767
32767	32767
32767	32767
32767	32767
32767	32767
32767	32767
32767	32767
32767	32767
32767	32767
32767	32767
32767	32767
32767	32767
32767	32767
32767	32767
32767	32767
32767	32767
32767	32767
32767	32767
32767	32767
32767	32767
32767	32767
32767	32767
32767	32767
32767	32767
32767	32767
32767	32767
32767	32767
32767	32767
32767	32767
32767	32767
32767	32767
32767	32767
32767	32767
32767	32767
32767	32767
32767	32767
32767	32767
32767	32767
32767	32767
32767	32767
32767	32767
32767	32767
32767	32767
32767	32767
32767	32767
32767	32767
32767	32767
32767	32767
32767	32767
32767	32767
32767	32767
32767	32767
32767	32767
32767	32767
32767	32767
32767	32767
32767	32767
32767	32767
32767	32767
32767	32767
32767	32767
32767	32767
32767	32767
32767	32767
32767	32767
32767	32767
32767	32767
32767	32767
32767	32767
32767	32767
32767	32767
32767	32767
32767	32767
32767	32767
32767	32767
32767	32767
32767	32767
32767	32767
32767	32767
32767	32767
32767	32767
32767	32767
32767	32767
32767	32767
32767	32767
32767	32767
32767	32767
32767	32767
32767	32767
32767	32767
32767	32767
32767	32767
32767	32767
32767	32767
32767	32767
32767	32767
32767	32767
32767	32767
32767	32767
32767	32767
32767	32767
32767	32767
32767	32767
32767	32767
32767	32767
32767	32767
32767	32767
32767	32767
32767	32767
32767	32767
32767	32767
32767	32767
32767	32767
32767	32767
32767	32767
32767	32767
32767	32767
32767	32767
32767	32767
32767	32767
32767	32767
32767	32767
32767	32767
32767	32767
32767	32767
32767	32767
32767	32767
32767	32767
32767	32767
32767	32767
32767	32767
32767	32767
32767	32767
32767	32767
32767	32767
32767	32767
32767	32767
32767	32767
32767	32767
32767	32767
32767	32767
32767	32767
32767	32767
32767	32767
32767	32767
32767	32767
32767	32767
32767	32767
32767	32767
32767	32767
32767	32767
32767	32767
32767	32767
32767	32767
32767	32767
32767	32767
32767	32767
32767	32767
32767	32767
32767	32767
32767	32767
32767	32767
32767	32767
32767	32767
32767	32767
32767	32767
32767	32767
32767	32767
32767	32767
32767	32767
32767	32767
32767	32767
32767	32767
32767	32767
32767	32767
32767	32767
32767	32767
32767	32767
32767	32767
32767	32767
32767	32767
32767	32767
32767	32767
32767	32767
32767	32767
32767	32767
32767	32767
32767	32767
32767	32767
32767	32767
32767	32767
32767	32767
32767	32767
32767	32767
32767	32767
32767	32767
32767	32767
32767	32767
32767	32767
32767	32767
32767	32767
32767	32767
32767	32767
32767	32767
32767	32767
32767	32767
32767	32767
32767	32767
32767	32767
32767	32767
32767	32767
32767	32767
32767	32767
32767	32767
32767	32767
32767	32767
32767	32767
32767	32767
32767	32767
32767	32767
32767	32767
32767	32767
32767	32767
32767	32767
32767	32767
32767	32767
32767	32767
32767	32767
32767	32767
32767	32767
32767	32767
32767	32767
32767	32767
32767	32767
32767	32767
32767	32767
32767	32767
32767	32767
32767	32767
32767	32767
32767	32767
32767	32767
32767	32767
32767	32767
32767	32767
32767	32767
32767	32767
32767	32767
32767	32767
32767	32767
32767	32767
32767	32767
32767	32767
32767	32767
32767	32767
32767	32767
32767	32767
32767	32767
32767	32767
32767	32767
32767	32767
32767	32767
32767	32767
32767	32767
32767	32767
32767	32767
32767	32767
32767	32767
32767	32767
32767	32767
32767	32767
32767	32767
32767	32767
32767	32767
32767	32767
32767	32767
32767	32767
32767	32767
32767	32767
32767	32767
32767	32767
32767	32767
32767	32767
32767	32767
32767	32767
32767	32767
32767	32767
32767	32767
32767	32767
32767	32767
32767	32767
32767	32767
32767	32767
32767	32767
32767	32767
32767	32767
32767	32767
32767	32767
32767	32767
32767	32767
32767	32767
32767	32767
32767	32767
32767	32767
32767	32767
32767	32767
32767	32767
32767	32767
32767	32767
32767	32767
32767	32767
32767	32767
32767	32767
32767	32767
32767	32767
32767	32767
32767	32767
32767	32767
32767	32767
32767	32767
32767	32767
32767	32767
32767	32767
32767	32767
32767	32767
32767	32767
32767	32767
32767	32767
32767	32767
32767	32767
32767	32767
32767	32767
32767	32767
32767	32767
32767	32767
32767	32767
32767	32767
32767	32767
32767	32767
32767	32767
32767	32767
32767	32767
32767	32767
32767	32767
32767	32767
32767	32767
32767	32767
32767	32767
32767	32767
32767	32767
32767	32767
32767	32767
32767	32767
32767	32767
32767	32767
32767	32767
32767	32767
32767	32767
32767	32767
32767	32767
32767	32767
32767	32767
32767	32767
32767	32767
32767	32767
32767	32767
32767	32767
32767	32767
32767	32767
32767	32767
32767	32767
32767	32767
32767	32767
32767	32767
32767	32767
32767	32767
32767	32767
32767	32767
32767	32767
32767	32767
32767	32767
32767	32767
32767	32767
32767	32767
32767	32767
32767	32767
32767	32767
32767	32767
32767	32767
32767	32767
32767	32767
32767	32767
32767	32767
32767	32767
32767	32767
32767	32767
32767	32767
32767	32767
32767	32767
32767	32767
32767	32767
32767	32767
32767	32767
32767	32767
32767	32767
32767	32767
32767	32767
32767	32767
32767	32767
32767	32767
32767	32767
32767	32767
32767	32767
32767	32767
32767	32767
32767	32767
32767	32767
32767	32767
32767	32767
32767	32767
32767	32767
32767	32767
32767	32767
32767	32767
32767	32767
32767	32767
32767	32767
32767	32767
32767	32767
32767	32767
32767	32767
32767	32767
32767	32767
32767	32767
32767	32767
32767	32767
32767	32767
32767	32767
32767	32767
32767	32767
32767	32767
32767	32767
32767	32767
32767	32767
32767	32767
32767	32767
32767	32767
32767	32767
32767	32767
32767	32767
32767	32767
32767	32767
32767	32767
32767	32767
32767	32767
32767	32767
32767	32767
32767	32767
32767	32767
32767	32767
32767	32767
32767	32767
32767	32767
32767	32767
32767	32767
32767	32767
32767	32767
32767	32767
32767	32767
32767	32767
32767	32767
32767	32767
32767	32767
32767	32767
32767	32767
32767	32767
32767	32767
32767	32767
32767	32767
32767	32767
32767	32767
32767	32767
32767	32767
32767	32767
32767	32767
32767	32767
32767	32767
32767	32767
32767	32767
32767	32767
32767	32767
32767	32767
32767	32767
32767	32767
32767	32767
32767	32767
32767	32767
32767	32767
32767	32767
32767	32767
32767	32767
32767	32767
32767	32767
32767	32767
32767	32767
32767	32767
32767	32767
32767	32767
32767	32767
32767	32767
32767	32767
32767	32767
32767	32767
32767	32767
32767	32767
32767	32767
32767	32767
32767	32767
32767	32767
32767	32767
32767	32767
32767	32767
32767	32767
32767	32767
32767	32767
32767	32767
32767	32767
32767	32767
32767	32767
32767	32767
32767	32767
32767	32767
32767	32767
32767	32767
32767	32767
32767	32767
32767	32767
32767	32767
32767	32767
32767	32767
32767	32767
32767	32767
32767	32767
32767	32767
32767	32767
32767	32767
32767	32767
32767	32767
32767	32767
32767	32767
32767	32767
32767	32767
32767	32767
32767	32767
32767	32767
32767	32767
32767	32767
32767	32767
32767	32767
32767	32767
32767	32767
32767	32767
32767	32767
32767	32767
32767	32767
32767	32767
32767	32767
32767	32767
32767	32767
32767	32767
32767	32767
32767	32767
32767	32767
32767	32767
32767	32767
32767	32767
32767	32767
32767	32767
32767	32767
32767	32767
32767	32767
32767	32767
32767	32767
32767	32767
32767	32767
32767	32767
32767	32767
32767	32767
32767	32767
32767	32767
32767	32767
32767	32767
32767	32767
32767	32767
32767	32767
32767	32767
32767	32767
32767	32767
32767	32767
32767	32767
32767	32767
32767	32767
32767	32767
32767	32767
32767	32767
32767	32767
32767	32767
32767	32767
32767	32767
32767	32767
32767	32767
32767	32767
32767	32767
32767	32767
32767	32767
32767	32767
32767	32767
32767	32767
32767	32767
32767	32767
32767	32767
32767	32767
32767	32767
32767	32767
32767	32767
32767	32767
32767	32767
32767	32767
32767	32767
32767	32767
32767	32767
32767	32767
32767	32767
32767	32767
32767	32767
32767	32767
32767	32767
32767	32767
32767	32767
32767	32767
32767	32767
32767	32767
32767	32767
32767	32767
32767	32767
32767	32767
32767	32767
32767	32767
32767	32767
32767	32767
32767	32767
32767	32767
32767	32767
32767	32767
32767	32767
32767	32767
32767	32767
32767	32767
32767	32767
32767	32767
32767	32767
32767	32767
32767	32767
32767	32767
32767	32767
32767	32767
32767	32767
32767	32767
32767	32767
32767	32767
32767	32767
32767	32767
32767	32767
32767	32767
32767	32767
32767	32767
32767	32767
32767	32767
32767	32767
32767	32767
32767	32767
32767	32767
32767	32767
32767	32767
32767	32767
32767	32767
32767	32767
32767	32767
32767	32767
32767	32767
32767	32767
32767	32767
32767	32767
32767	32767
32767	32767
32767	32767
32767	32767
32767	32767
32767	32767
32767	32767
32767	32767
32767	32767
32767	32767
32767	32767
32767	32767
32767	32767
32767	32767
32767	32767
32767	32767
32767	32767
32767	32767
32767	32767
32767	32767
32767	32767
32767	32767
32767	32767
32767	32767
32767	32767
32767	32767
32767	32767
32767	32767
32767	32767
32767	32767
32767	32767
32767	32767
32767	32767
32767	32767
32767	32767
32767	32767
32767	32767
32767	32767
32767	32767
32767	32767
32767	32767
32767	32767
32767	32767
32767	32767
32767	32767
32767	32767
32767	32767
32767	32767
32767	32767
32767	32767
32767	32767
32767	32767
32767	32767
32767	32767
32767	32767
32767	32767
32767	32767
32767	32767
32767	32767
32767	32767
32767	32767
32767	32767
32767	32767
32767	32767
32767	32767
32767	32767
32767	32767
32767	32767
32767	32767
32767	32767
32767	32767
32767	32767
32767	32767
32767	32767
32767	32767
32767	32767
32767	32767
32767	32767
32767	32767
32767	32767
32767	32767
32767	32767
32767	32767
32767	32767
32767	32767
32767	32767
32767	32767
32767	32767
32767	32767
32767	32767
32767	32767
32767	32767
32767	32767
32767	32767
32767	32767
32767	32767
32767	32767
32767	32767
32767	32767
32767	32767
32767	32767
32767	32767
32767	32767
32767	32767
32767	32767
32767	32767
32767	32767
32767	32767
32767	32767
32767	32767
32767	32767
32767	32767
32767	32767
32767	32767
32767	32767
32767	32767
32767	32767
32767	32767
32767	32767
32767	32767
32767	32767
32767	32767
32767	32767
32767	32767
32767	32767
32767	32767
32767	32767
32767	32767
32767	32767
32767	32767
32767	32767
32767	32767
32767	32767
32767	32767
32767	32767
32767	32767
32767	32767
32767	32767
32767	32767
32767	32767
32767	32767
32767	32767
32767	32767
32767	32767
32767	32767
32767	32767
32767	32767
32767	32767
32767	32767
32767	32767
32767	32767
32767	32767
32767	32767
32767	32767
32767	32767
32767	32767
32767	32767
32767	32767
32767	32767
32767	32767
32767	32767
32767	32767
32767	32767
32767	32767
32767	32767
32767	32767
32767	32767
32767	32767
32767	32767
32767	32767
32767	32767
32767	32767
32767	32767
32767	32767
32767	32767
32767	32767
32767	32767
32767	32767
32767	32767
32767	32767
32767	32767
32767	32767
32767	32767
32767	32767
32767	32767
32767	32767
32767	32767
32767	32767
32767	32767
32767	32767
32767	32767
32767	32767
32767	32767
32767	32767
