16368	16368
16368	16368
16368	16368
16368	16368
16368	16368
16368	16368
16368	16368
16368	16368
16368	16368
16368	16368
16368	16368
16368	16368
16368	16368
16368	16368
16368	16368
16368	16368
16368	16368
16368	16368
16368	16368
16368	16368
16368	16368
16368	16368
16368	16368
16368	16368
16368	16368
16368	16368
16368	16368
16368	16368
16368	16368
16368	16368
16368	16368
16368	16368
16368	16368
16368	16368
16368	16368
16368	16368
16368	16368
16368	16368
16368	16368
16368	16368
16368	16368
16368	16368
16368	16368
16368	16368
16368	16368
16368	16368
16368	16368
16368	16368
16368	16368
16368	16368
16368	16368
16368	16368
16368	16368
16368	16368
16368	16368
16368	16368
16368	16368
16368	16368
16368	16368
16368	16368
16368	16368
16368	16368
16368	16368
16368	16368
16368	16368
16368	16368
16368	16368
16368	16368
16368	16368
16368	16368
16368	16368
16368	16368
16368	16368
16368	16368
16368	16368
16368	16368
16368	16368
16368	16368
16368	16368
16368	16368
16368	16368
16368	16368
16368	16368
16368	16368
16368	16368
16368	16368
16368	16368
16368	16368
16368	16368
16368	16368
16368	16368
16368	16368
16368	16368
16368	16368
16368	16368
16368	16368
16368	16368
16368	16368
16368	16368
16368	16368
16368	16368
16368	16368
16368	16368
16368	16368
16368	16368
16368	16368
16368	16368
16368	16368
16368	16368
16368	16368
16368	16368
16368	16368
16368	16368
16368	16368
16368	16368
16368	16368
16368	16368
16368	16368
16368	16368
16368	16368
16368	16368
16368	16368
16368	16368
16368	16368
16368	16368
16368	16368
16368	16368
16368	16368
16368	16368
16368	16368
16368	16368
16368	16368
16368	16368
16368	16368
16368	16368
16368	16368
16368	16368
16368	16368
16368	16368
16368	16368
16368	16368
16368	16368
16368	16368
16368	16368
16368	16368
16368	16368
16368	16368
16368	16368
16368	16368
16368	16368
16368	16368
16368	16368
16368	16368
16368	16368
16368	16368
16368	16368
16368	16368
16368	16368
16368	16368
16368	16368
16368	16368
16368	16368
16368	16368
16368	16368
16368	16368
16368	16368
16368	16368
16368	16368
16368	16368
16368	16368
16368	16368
16368	16368
16368	16368
16368	16368
16368	16368
16368	16368
16368	16368
16368	16368
16368	16368
16368	16368
16368	16368
16368	16368
16368	16368
16368	16368
16368	16368
16368	16368
16368	16368
16368	16368
16368	16368
16368	16368
16368	16368
16368	16368
16368	16368
16368	16368
16368	16368
16368	16368
16368	16368
16368	16368
16368	16368
16368	16368
16368	16368
16368	16368
16368	16368
16368	16368
16368	16368
16368	16368
16368	16368
16368	16368
16368	16368
16368	16368
16368	16368
16368	16368
16368	16368
16368	16368
16368	16368
16368	16368
16368	16368
16368	16368
16368	16368
16368	16368
16368	16368
16368	16368
16368	16368
16368	16368
16368	16368
16368	16368
16368	16368
16368	16368
16368	16368
16368	16368
16368	16368
16368	16368
16368	16368
16368	16368
16368	16368
16368	16368
16368	16368
16368	16368
16368	16368
16368	16368
16368	16368
16368	16368
16368	16368
16368	16368
16368	16368
16368	16368
16368	16368
16368	16368
16368	16368
16368	16368
16368	16368
16368	16368
16368	16368
16368	16368
16368	16368
16368	16368
16368	16368
16368	16368
16368	16368
16368	16368
16368	16368
16368	16368
16368	16368
16368	16368
16368	16368
16368	16368
16368	16368
16368	16368
16368	16368
16368	16368
16368	16368
16368	16368
16368	16368
16368	16368
16368	16368
16368	16368
16368	16368
16368	16368
16368	16368
16368	16368
16368	16368
16368	16368
16368	16368
16368	16368
16368	16368
16368	16368
16368	16368
16368	16368
16368	16368
16368	16368
16368	16368
16368	16368
16368	16368
16368	16368
16368	16368
16368	16368
16368	16368
16368	16368
16368	16368
16368	16368
16368	16368
16368	16368
16368	16368
16368	16368
16368	16368
16368	16368
16368	16368
16368	16368
16368	16368
16368	16368
16368	16368
16368	16368
16368	16368
16368	16368
16368	16368
16368	16368
16368	16368
16368	16368
16368	16368
16368	16368
16368	16368
16368	16368
16368	16368
16368	16368
16368	16368
16368	16368
16368	16368
16368	16368
16368	16368
16368	16368
16368	16368
16368	16368
16368	16368
16368	16368
16368	16368
16368	16368
16368	16368
16368	16368
16368	16368
16368	16368
16368	16368
16368	16368
16368	16368
16368	16368
16368	16368
16368	16368
16368	16368
16368	16368
16368	16368
16368	16368
16368	16368
16368	16368
16368	16368
16368	16368
16368	16368
16368	16368
16368	16368
16368	16368
16368	16368
16368	16368
16368	16368
16368	16368
16368	16368
16368	16368
16368	16368
16368	16368
16368	16368
16368	16368
16368	16368
16368	16368
16368	16368
16368	16368
16368	16368
16368	16368
16368	16368
16368	16368
16368	16368
16368	16368
16368	16368
16368	16368
16368	16368
16368	16368
16368	16368
16368	16368
16368	16368
16368	16368
16368	16368
16368	16368
16368	16368
16368	16368
16368	16368
16368	16368
16368	16368
16368	16368
16368	16368
16368	16368
16368	16368
16368	16368
16368	16368
16368	16368
16368	16368
16368	16368
16368	16368
16368	16368
16368	16368
16368	16368
16368	16368
16368	16368
16368	16368
16368	16368
16368	16368
16368	16368
16368	16368
16368	16368
16368	16368
16368	16368
16368	16368
16368	16368
16368	16368
16368	16368
16368	16368
16368	16368
16368	16368
16368	16368
16368	16368
16368	16368
16368	16368
16368	16368
16368	16368
16368	16368
16368	16368
16368	16368
16368	16368
16368	16368
16368	16368
16368	16368
16368	16368
16368	16368
16368	16368
16368	16368
16368	16368
16368	16368
16368	16368
16368	16368
16368	16368
16368	16368
16368	16368
16368	16368
16368	16368
16368	16368
16368	16368
16368	16368
16368	16368
16368	16368
16368	16368
16368	16368
16368	16368
16368	16368
16368	16368
16368	16368
16368	16368
16368	16368
16368	16368
16368	16368
16368	16368
16368	16368
16368	16368
16368	16368
16368	16368
16368	16368
16368	16368
16368	16368
16368	16368
16368	16368
16368	16368
16368	16368
16368	16368
16368	16368
16368	16368
16368	16368
16368	16368
16368	16368
16368	16368
16368	16368
16368	16368
16368	16368
16368	16368
16368	16368
16368	16368
16368	16368
16368	16368
16368	16368
16368	16368
16368	16368
16368	16368
16368	16368
16368	16368
16368	16368
16368	16368
16368	16368
16368	16368
16368	16368
16368	16368
16368	16368
16368	16368
16368	16368
16368	16368
16368	16368
16368	16368
16368	16368
16368	16368
16368	16368
16368	16368
16368	16368
16368	16368
16368	16368
16368	16368
16368	16368
16368	16368
16368	16368
16368	16368
16368	16368
16368	16368
16368	16368
16368	16368
16368	16368
16368	16368
16368	16368
16368	16368
16368	16368
16368	16368
16368	16368
16368	16368
16368	16368
16368	16368
16368	16368
16368	16368
16368	16368
16368	16368
16368	16368
16368	16368
16368	16368
16368	16368
16368	16368
16368	16368
16368	16368
16368	16368
16368	16368
16368	16368
16368	16368
16368	16368
16368	16368
16368	16368
16368	16368
16368	16368
16368	16368
16368	16368
16368	16368
16368	16368
16368	16368
16368	16368
16368	16368
16368	16368
16368	16368
16368	16368
16368	16368
16368	16368
16368	16368
16368	16368
16368	16368
16368	16368
16368	16368
16368	16368
16368	16368
16368	16368
16368	16368
16368	16368
16368	16368
16368	16368
16368	16368
16368	16368
16368	16368
16368	16368
16368	16368
16368	16368
16368	16368
16368	16368
16368	16368
16368	16368
16368	16368
16368	16368
16368	16368
16368	16368
16368	16368
16368	16368
16368	16368
16368	16368
16368	16368
16368	16368
16368	16368
16368	16368
16368	16368
16368	16368
16368	16368
16368	16368
16368	16368
16368	16368
16368	16368
16368	16368
16368	16368
16368	16368
16368	16368
16368	16368
16368	16368
16368	16368
16368	16368
16368	16368
16368	16368
16368	16368
16368	16368
16368	16368
16368	16368
16368	16368
16368	16368
16368	16368
16368	16368
16368	16368
16368	16368
16368	16368
16368	16368
16368	16368
16368	16368
16368	16368
16368	16368
16368	16368
16368	16368
16368	16368
16368	16368
16368	16368
16368	16368
16368	16368
16368	16368
16368	16368
16368	16368
16368	16368
16368	16368
16368	16368
16368	16368
16368	16368
16368	16368
16368	16368
16368	16368
16368	16368
16368	16368
16368	16368
16368	16368
16368	16368
16368	16368
16368	16368
16368	16368
16368	16368
16368	16368
16368	16368
16368	16368
16368	16368
16368	16368
16368	16368
16368	16368
16368	16368
16368	16368
16368	16368
16368	16368
16368	16368
16368	16368
16368	16368
16368	16368
16368	16368
16368	16368
16368	16368
16368	16368
16368	16368
16368	16368
16368	16368
16368	16368
16368	16368
16368	16368
16368	16368
16368	16368
16368	16368
16368	16368
16368	16368
16368	16368
16368	16368
16368	16368
16368	16368
16368	16368
16368	16368
16368	16368
16368	16368
16368	16368
16368	16368
16368	16368
16368	16368
16368	16368
16368	16368
16368	16368
16368	16368
16368	16368
16368	16368
16368	16368
16368	16368
16368	16368
16368	16368
16368	16368
16368	16368
16368	16368
16368	16368
16368	16368
16368	16368
16368	16368
16368	16368
16368	16368
16368	16368
16368	16368
16368	16368
16368	16368
16368	16368
16368	16368
16368	16368
16368	16368
16368	16368
16368	16368
16368	16368
16368	16368
16368	16368
16368	16368
16368	16368
16368	16368
16368	16368
16368	16368
16368	16368
16368	16368
16368	16368
16368	16368
16368	16368
16368	16368
16368	16368
16368	16368
16368	16368
16368	16368
16368	16368
16368	16368
16368	16368
16368	16368
16368	16368
16368	16368
16368	16368
16368	16368
16368	16368
16368	16368
16368	16368
16368	16368
16368	16368
16368	16368
16368	16368
16368	16368
16368	16368
16368	16368
16368	16368
16368	16368
16368	16368
16368	16368
16368	16368
16368	16368
16368	16368
16368	16368
16368	16368
16368	16368
16368	16368
16368	16368
16368	16368
16368	16368
16368	16368
16368	16368
16368	16368
16368	16368
16368	16368
16368	16368
16368	16368
16368	16368
16368	16368
16368	16368
16368	16368
16368	16368
16368	16368
16368	16368
16368	16368
16368	16368
16368	16368
16368	16368
16368	16368
16368	16368
16368	16368
16368	16368
16368	16368
16368	16368
16368	16368
16368	16368
16368	16368
16368	16368
16368	16368
16368	16368
16368	16368
16368	16368
16368	16368
16368	16368
16368	16368
16368	16368
16368	16368
16368	16368
16368	16368
16368	16368
16368	16368
16368	16368
16368	16368
16368	16368
16368	16368
16368	16368
16368	16368
16368	16368
16368	16368
16368	16368
16368	16368
16368	16368
16368	16368
16368	16368
16368	16368
16368	16368
16368	16368
16368	16368
16368	16368
16368	16368
16368	16368
16368	16368
16368	16368
16368	16368
16368	16368
16368	16368
16368	16368
16368	16368
16368	16368
16368	16368
16368	16368
16368	16368
16368	16368
16368	16368
16368	16368
16368	16368
16368	16368
16368	16368
16368	16368
16368	16368
16368	16368
16368	16368
16368	16368
16368	16368
16368	16368
16368	16368
16368	16368
16368	16368
16368	16368
16368	16368
16368	16368
16368	16368
16368	16368
16368	16368
16368	16368
16368	16368
16368	16368
16368	16368
16368	16368
16368	16368
16368	16368
16368	16368
16368	16368
16368	16368
16368	16368
16368	16368
16368	16368
16368	16368
16368	16368
16368	16368
16368	16368
16368	16368
16368	16368
16368	16368
16368	16368
16368	16368
16368	16368
16368	16368
16368	16368
16368	16368
16368	16368
16368	16368
16368	16368
16368	16368
16368	16368
16368	16368
16368	16368
16368	16368
16368	16368
16368	16368
16368	16368
16368	16368
16368	16368
16368	16368
16368	16368
16368	16368
16368	16368
16368	16368
16368	16368
16368	16368
16368	16368
16368	16368
16368	16368
16368	16368
16368	16368
16368	16368
16368	16368
16368	16368
16368	16368
16368	16368
16368	16368
16368	16368
16368	16368
16368	16368
16368	16368
16368	16368
16368	16368
16368	16368
16368	16368
16368	16368
16368	16368
16368	16368
16368	16368
16368	16368
16368	16368
16368	16368
16368	16368
16368	16368
16368	16368
16368	16368
16368	16368
16368	16368
16368	16368
16368	16368
16368	16368
16368	16368
16368	16368
16368	16368
16368	16368
16368	16368
16368	16368
16368	16368
16368	16368
16368	16368
16368	16368
16368	16368
16368	16368
16368	16368
16368	16368
16368	16368
16368	16368
16368	16368
16368	16368
16368	16368
16368	16368
16368	16368
16368	16368
16368	16368
16368	16368
16368	16368
16368	16368
16368	16368
16368	16368
16368	16368
16368	16368
16368	16368
16368	16368
16368	16368
16368	16368
16368	16368
16368	16368
16368	16368
16368	16368
16368	16368
16368	16368
16368	16368
16368	16368
16368	16368
16368	16368
16368	16368
16368	16368
16368	16368
16368	16368
16368	16368
16368	16368
16368	16368
16368	16368
16368	16368
16368	16368
16368	16368
16368	16368
16368	16368
16368	16368
16368	16368
16368	16368
16368	16368
16368	16368
16368	16368
16368	16368
16368	16368
16368	16368
16368	16368
16368	16368
16368	16368
16368	16368
16368	16368
16368	16368
16368	16368
16368	16368
16368	16368
16368	16368
16368	16368
16368	16368
16368	16368
16368	16368
16368	16368
16368	16368
16368	16368
16368	16368
16368	16368
16368	16368
16368	16368
16368	16368
16368	16368
16368	16368
16368	16368
16368	16368
16368	16368
16368	16368
16368	16368
16368	16368
16368	16368
16368	16368
16368	16368
16368	16368
16368	16368
16368	16368
16368	16368
16368	16368
16368	16368
16368	16368
16368	16368
16368	16368
16368	16368
16368	16368
16368	16368
16368	16368
16368	16368
16368	16368
16368	16368
16368	16368
16368	16368
16368	16368
16368	16368
16368	16368
16368	16368
16368	16368
16368	16368
16368	16368
16368	16368
16368	16368
16368	16368
16368	16368
16368	16368
16368	16368
16368	16368
16368	16368
16368	16368
16368	16368
16368	16368
16368	16368
16368	16368
16368	16368
16368	16368
16368	16368
16368	16368
16368	16368
16368	16368
16368	16368
16368	16368
16368	16368
16368	16368
16368	16368
16368	16368
16368	16368
16368	16368
16368	16368
16368	16368
16368	16368
16368	16368
16368	16368
16368	16368
16368	16368
16368	16368
16368	16368
16368	16368
16368	16368
16368	16368
16368	16368
16368	16368
16368	16368
16368	16368
16368	16368
16368	16368
16368	16368
16368	16368
16368	16368
16368	16368
16368	16368
16368	16368
16368	16368
16368	16368
16368	16368
16368	16368
16368	16368
16368	16368
16368	16368
16368	16368
16368	16368
16368	16368
16368	16368
16368	16368
16368	16368
16368	16368
16368	16368
16368	16368
16368	16368
16368	16368
16368	16368
16368	16368
16368	16368
16368	16368
16368	16368
16368	16368
16368	16368
16368	16368
16368	16368
16368	16368
16368	16368
16368	16368
16368	16368
16368	16368
16368	16368
16368	16368
16368	16368
16368	16368
16368	16368
16368	16368
16368	16368
16368	16368
16368	16368
16368	16368
16368	16368
16368	16368
16368	16368
16368	16368
16368	16368
16368	16368
16368	16368
16368	16368
16368	16368
16368	16368
16368	16368
16368	16368
16368	16368
16368	16368
16368	16368
16368	16368
16368	16368
16368	16368
16368	16368
16368	16368
16368	16368
16368	16368
16368	16368
16368	16368
16368	16368
16368	16368
16368	16368
16368	16368
16368	16368
16368	16368
16368	16368
16368	16368
16368	16368
16368	16368
16368	16368
16368	16368
16368	16368
16368	16368
16368	16368
16368	16368
16368	16368
16368	16368
16368	16368
16368	16368
16368	16368
16368	16368
16368	16368
16368	16368
16368	16368
16368	16368
16368	16368
16368	16368
16368	16368
16368	16368
16368	16368
16368	16368
16368	16368
16368	16368
16368	16368
16368	16368
16368	16368
16368	16368
16368	16368
16368	16368
16368	16368
16368	16368
16368	16368
16368	16368
16368	16368
16368	16368
16368	16368
16368	16368
16368	16368
16368	16368
16368	16368
16368	16368
16368	16368
16368	16368
16368	16368
16368	16368
16368	16368
16368	16368
16368	16368
16368	16368
16368	16368
16368	16368
16368	16368
16368	16368
16368	16368
16368	16368
16368	16368
16368	16368
16368	16368
16368	16368
16368	16368
16368	16368
16368	16368
16368	16368
16368	16368
16368	16368
16368	16368
16368	16368
16368	16368
16368	16368
16368	16368
16368	16368
16368	16368
16368	16368
16368	16368
16368	16368
16368	16368
16368	16368
16368	16368
16368	16368
16368	16368
16368	16368
16368	16368
16368	16368
16368	16368
16368	16368
16368	16368
16368	16368
16368	16368
16368	16368
16368	16368
16368	16368
16368	16368
16368	16368
16368	16368
16368	16368
16368	16368
16368	16368
16368	16368
16368	16368
16368	16368
16368	16368
16368	16368
16368	16368
16368	16368
16368	16368
16368	16368
16368	16368
16368	16368
16368	16368
16368	16368
16368	16368
16368	16368
16368	16368
16368	16368
16368	16368
16368	16368
16368	16368
16368	16368
16368	16368
16368	16368
16368	16368
16368	16368
16368	16368
16368	16368
16368	16368
16368	16368
16368	16368
16368	16368
16368	16368
16368	16368
16368	16368
16368	16368
16368	16368
16368	16368
16368	16368
16368	16368
16368	16368
16368	16368
16368	16368
16368	16368
16368	16368
16368	16368
16368	16368
16368	16368
16368	16368
16368	16368
16368	16368
16368	16368
16368	16368
16368	16368
16368	16368
16368	16368
16368	16368
16368	16368
16368	16368
16368	16368
16368	16368
16368	16368
16368	16368
16368	16368
16368	16368
16368	16368
16368	16368
16368	16368
16368	16368
16368	16368
16368	16368
16368	16368
16368	16368
16368	16368
16368	16368
16368	16368
16368	16368
16368	16368
16368	16368
16368	16368
16368	16368
16368	16368
16368	16368
16368	16368
16368	16368
16368	16368
16368	16368
16368	16368
16368	16368
16368	16368
16368	16368
16368	16368
16368	16368
16368	16368
16368	16368
16368	16368
16368	16368
16368	16368
16368	16368
16368	16368
16368	16368
16368	16368
16368	16368
16368	16368
16368	16368
16368	16368
16368	16368
16368	16368
16368	16368
16368	16368
16368	16368
16368	16368
16368	16368
16368	16368
16368	16368
16368	16368
16368	16368
16368	16368
16368	16368
16368	16368
16368	16368
16368	16368
16368	16368
16368	16368
16368	16368
16368	16368
16368	16368
16368	16368
16368	16368
16368	16368
16368	16368
16368	16368
16368	16368
16368	16368
16368	16368
16368	16368
16368	16368
16368	16368
16368	16368
16368	16368
16368	16368
16368	16368
16368	16368
16368	16368
16368	16368
16368	16368
16368	16368
16368	16368
16368	16368
16368	16368
16368	16368
16368	16368
16368	16368
16368	16368
16368	16368
16368	16368
16368	16368
16368	16368
16368	16368
16368	16368
16368	16368
16368	16368
16368	16368
16368	16368
16368	16368
16368	16368
16368	16368
16368	16368
16368	16368
16368	16368
16368	16368
16368	16368
16368	16368
16368	16368
16368	16368
16368	16368
16368	16368
16368	16368
16368	16368
16368	16368
16368	16368
16368	16368
16368	16368
16368	16368
16368	16368
16368	16368
16368	16368
16368	16368
16368	16368
16368	16368
16368	16368
16368	16368
16368	16368
16368	16368
16368	16368
16368	16368
16368	16368
16368	16368
16368	16368
16368	16368
16368	16368
16368	16368
16368	16368
16368	16368
16368	16368
16368	16368
16368	16368
16368	16368
16368	16368
16368	16368
16368	16368
16368	16368
16368	16368
16368	16368
16368	16368
16368	16368
16368	16368
16368	16368
16368	16368
16368	16368
16368	16368
16368	16368
16368	16368
16368	16368
16368	16368
16368	16368
16368	16368
16368	16368
16368	16368
16368	16368
16368	16368
16368	16368
16368	16368
16368	16368
16368	16368
16368	16368
16368	16368
16368	16368
16368	16368
16368	16368
16368	16368
16368	16368
16368	16368
16368	16368
16368	16368
16368	16368
16368	16368
16368	16368
16368	16368
16368	16368
16368	16368
16368	16368
16368	16368
16368	16368
16368	16368
16368	16368
16368	16368
16368	16368
16368	16368
16368	16368
16368	16368
16368	16368
16368	16368
16368	16368
16368	16368
16368	16368
16368	16368
16368	16368
16368	16368
16368	16368
16368	16368
16368	16368
16368	16368
16368	16368
16368	16368
16368	16368
16368	16368
16368	16368
16368	16368
16368	16368
16368	16368
16368	16368
16368	16368
16368	16368
16368	16368
16368	16368
16368	16368
16368	16368
16368	16368
16368	16368
16368	16368
16368	16368
16368	16368
16368	16368
16368	16368
16368	16368
16368	16368
16368	16368
16368	16368
16368	16368
16368	16368
16368	16368
16368	16368
16368	16368
16368	16368
16368	16368
16368	16368
16368	16368
16368	16368
16368	16368
16368	16368
16368	16368
16368	16368
16368	16368
16368	16368
16368	16368
16368	16368
16368	16368
16368	16368
16368	16368
16368	16368
16368	16368
16368	16368
16368	16368
16368	16368
16368	16368
16368	16368
16368	16368
16368	16368
16368	16368
16368	16368
16368	16368
16368	16368
16368	16368
16368	16368
16368	16368
16368	16368
16368	16368
16368	16368
16368	16368
16368	16368
16368	16368
16368	16368
16368	16368
16368	16368
16368	16368
16368	16368
16368	16368
16368	16368
16368	16368
16368	16368
16368	16368
16368	16368
16368	16368
16368	16368
16368	16368
16368	16368
16368	16368
16368	16368
16368	16368
16368	16368
16368	16368
16368	16368
16368	16368
16368	16368
16368	16368
16368	16368
16368	16368
16368	16368
16368	16368
16368	16368
16368	16368
16368	16368
16368	16368
16368	16368
16368	16368
16368	16368
16368	16368
16368	16368
16368	16368
16368	16368
16368	16368
16368	16368
16368	16368
16368	16368
16368	16368
16368	16368
16368	16368
16368	16368
16368	16368
16368	16368
16368	16368
16368	16368
16368	16368
16368	16368
16368	16368
16368	16368
16368	16368
16368	16368
16368	16368
16368	16368
16368	16368
16368	16368
16368	16368
16368	16368
16368	16368
16368	16368
16368	16368
16368	16368
16368	16368
16368	16368
16368	16368
16368	16368
16368	16368
16368	16368
16368	16368
16368	16368
16368	16368
16368	16368
16368	16368
16368	16368
16368	16368
16368	16368
16368	16368
16368	16368
16368	16368
16368	16368
16368	16368
16368	16368
16368	16368
16368	16368
16368	16368
16368	16368
16368	16368
16368	16368
16368	16368
16368	16368
16368	16368
16368	16368
16368	16368
16368	16368
16368	16368
16368	16368
16368	16368
16368	16368
16368	16368
16368	16368
16368	16368
16368	16368
16368	16368
16368	16368
16368	16368
16368	16368
16368	16368
16368	16368
16368	16368
16368	16368
16368	16368
16368	16368
16368	16368
16368	16368
16368	16368
16368	16368
16368	16368
16368	16368
16368	16368
16368	16368
16368	16368
16368	16368
16368	16368
16368	16368
16368	16368
16368	16368
16368	16368
16368	16368
16368	16368
16368	16368
16368	16368
16368	16368
16368	16368
16368	16368
16368	16368
16368	16368
16368	16368
16368	16368
16368	16368
16368	16368
16368	16368
16368	16368
16368	16368
16368	16368
16368	16368
16368	16368
16368	16368
16368	16368
16368	16368
16368	16368
16368	16368
16368	16368
16368	16368
16368	16368
16368	16368
16368	16368
16368	16368
16368	16368
16368	16368
16368	16368
16368	16368
16368	16368
16368	16368
16368	16368
16368	16368
16368	16368
16368	16368
16368	16368
16368	16368
16368	16368
16368	16368
16368	16368
16368	16368
16368	16368
16368	16368
16368	16368
16368	16368
16368	16368
16368	16368
16368	16368
16368	16368
16368	16368
16368	16368
16368	16368
16368	16368
16368	16368
16368	16368
16368	16368
16368	16368
16368	16368
16368	16368
16368	16368
16368	16368
16368	16368
16368	16368
16368	16368
16368	16368
16368	16368
16368	16368
16368	16368
16368	16368
16368	16368
16368	16368
16368	16368
16368	16368
16368	16368
16368	16368
16368	16368
16368	16368
16368	16368
16368	16368
16368	16368
16368	16368
16368	16368
16368	16368
16368	16368
16368	16368
16368	16368
16368	16368
16368	16368
16368	16368
16368	16368
16368	16368
16368	16368
16368	16368
16368	16368
16368	16368
16368	16368
16368	16368
16368	16368
16368	16368
16368	16368
16368	16368
16368	16368
16368	16368
16368	16368
16368	16368
16368	16368
16368	16368
16368	16368
16368	16368
16368	16368
16368	16368
16368	16368
16368	16368
16368	16368
16368	16368
16368	16368
16368	16368
16368	16368
16368	16368
16368	16368
16368	16368
16368	16368
16368	16368
16368	16368
16368	16368
16368	16368
16368	16368
16368	16368
16368	16368
16368	16368
16368	16368
16368	16368
16368	16368
16368	16368
16368	16368
16368	16368
16368	16368
16368	16368
16368	16368
16368	16368
16368	16368
16368	16368
16368	16368
16368	16368
16368	16368
16368	16368
16368	16368
16368	16368
16368	16368
16368	16368
16368	16368
16368	16368
16368	16368
16368	16368
16368	16368
16368	16368
16368	16368
16368	16368
16368	16368
16368	16368
16368	16368
16368	16368
16368	16368
16368	16368
16368	16368
16368	16368
16368	16368
16368	16368
16368	16368
16368	16368
16368	16368
16368	16368
16368	16368
16368	16368
16368	16368
16368	16368
16368	16368
16368	16368
16368	16368
16368	16368
16368	16368
16368	16368
16368	16368
16368	16368
16368	16368
16368	16368
16368	16368
16368	16368
16368	16368
16368	16368
16368	16368
16368	16368
16368	16368
16368	16368
16368	16368
16368	16368
16368	16368
16368	16368
16368	16368
16368	16368
16368	16368
16368	16368
16368	16368
16368	16368
16368	16368
16368	16368
16368	16368
16368	16368
16368	16368
16368	16368
16368	16368
16368	16368
16368	16368
16368	16368
16368	16368
16368	16368
16368	16368
16368	16368
16368	16368
16368	16368
16368	16368
16368	16368
16368	16368
16368	16368
16368	16368
16368	16368
16368	16368
16368	16368
16368	16368
16368	16368
16368	16368
16368	16368
16368	16368
16368	16368
16368	16368
16368	16368
16368	16368
16368	16368
16368	16368
16368	16368
16368	16368
16368	16368
16368	16368
16368	16368
16368	16368
16368	16368
16368	16368
16368	16368
16368	16368
16368	16368
16368	16368
16368	16368
16368	16368
16368	16368
16368	16368
16368	16368
16368	16368
16368	16368
16368	16368
16368	16368
16368	16368
16368	16368
16368	16368
16368	16368
16368	16368
16368	16368
16368	16368
16368	16368
16368	16368
16368	16368
16368	16368
16368	16368
16368	16368
16368	16368
16368	16368
16368	16368
16368	16368
16368	16368
16368	16368
16368	16368
16368	16368
16368	16368
16368	16368
16368	16368
16368	16368
16368	16368
16368	16368
16368	16368
16368	16368
16368	16368
16368	16368
16368	16368
16368	16368
16368	16368
16368	16368
16368	16368
16368	16368
16368	16368
16368	16368
16368	16368
16368	16368
16368	16368
16368	16368
16368	16368
16368	16368
16368	16368
16368	16368
16368	16368
16368	16368
16368	16368
16368	16368
16368	16368
16368	16368
16368	16368
16368	16368
16368	16368
16368	16368
16368	16368
16368	16368
16368	16368
16368	16368
16368	16368
16368	16368
16368	16368
16368	16368
16368	16368
16368	16368
16368	16368
16368	16368
16368	16368
16368	16368
16368	16368
16368	16368
16368	16368
16368	16368
16368	16368
16368	16368
16368	16368
16368	16368
16368	16368
16368	16368
16368	16368
16368	16368
16368	16368
16368	16368
16368	16368
16368	16368
16368	16368
16368	16368
16368	16368
16368	16368
16368	16368
16368	16368
16368	16368
16368	16368
16368	16368
16368	16368
16368	16368
16368	16368
16368	16368
16368	16368
16368	16368
16368	16368
16368	16368
16368	16368
16368	16368
16368	16368
16368	16368
16368	16368
16368	16368
16368	16368
16368	16368
16368	16368
16368	16368
16368	16368
16368	16368
16368	16368
16368	16368
16368	16368
16368	16368
16368	16368
16368	16368
16368	16368
16368	16368
16368	16368
16368	16368
16368	16368
16368	16368
16368	16368
16368	16368
16368	16368
16368	16368
16368	16368
16368	16368
16368	16368
16368	16368
16368	16368
16368	16368
16368	16368
16368	16368
16368	16368
16368	16368
16368	16368
16368	16368
16368	16368
16368	16368
16368	16368
16368	16368
16368	16368
16368	16368
16368	16368
16368	16368
16368	16368
16368	16368
16368	16368
16368	16368
16368	16368
16368	16368
16368	16368
16368	16368
16368	16368
16368	16368
16368	16368
16368	16368
16368	16368
16368	16368
16368	16368
16368	16368
16368	16368
16368	16368
16368	16368
16368	16368
16368	16368
16368	16368
16368	16368
16368	16368
16368	16368
16368	16368
16368	16368
16368	16368
16368	16368
16368	16368
16368	16368
16368	16368
16368	16368
16368	16368
16368	16368
16368	16368
16368	16368
16368	16368
16368	16368
16368	16368
16368	16368
16368	16368
16368	16368
16368	16368
16368	16368
16368	16368
16368	16368
16368	16368
16368	16368
16368	16368
16368	16368
16368	16368
16368	16368
16368	16368
16368	16368
16368	16368
16368	16368
16368	16368
16368	16368
16368	16368
16368	16368
16368	16368
16368	16368
16368	16368
16368	16368
16368	16368
16368	16368
16368	16368
16368	16368
16368	16368
16368	16368
16368	16368
16368	16368
16368	16368
16368	16368
16368	16368
16368	16368
16368	16368
16368	16368
16368	16368
16368	16368
16368	16368
16368	16368
16368	16368
16368	16368
16368	16368
16368	16368
16368	16368
16368	16368
16368	16368
16368	16368
16368	16368
16368	16368
16368	16368
16368	16368
16368	16368
16368	16368
16368	16368
16368	16368
16368	16368
16368	16368
16368	16368
16368	16368
16368	16368
16368	16368
16368	16368
16368	16368
16368	16368
16368	16368
16368	16368
16368	16368
16368	16368
16368	16368
16368	16368
16368	16368
16368	16368
16368	16368
16368	16368
16368	16368
16368	16368
16368	16368
16368	16368
16368	16368
16368	16368
16368	16368
16368	16368
16368	16368
16368	16368
16368	16368
16368	16368
16368	16368
16368	16368
16368	16368
16368	16368
16368	16368
16368	16368
16368	16368
16368	16368
16368	16368
16368	16368
16368	16368
16368	16368
16368	16368
16368	16368
16368	16368
16368	16368
16368	16368
16368	16368
16368	16368
16368	16368
16368	16368
16368	16368
16368	16368
16368	16368
16368	16368
16368	16368
16368	16368
16368	16368
16368	16368
16368	16368
16368	16368
16368	16368
16368	16368
16368	16368
16368	16368
16368	16368
16368	16368
16368	16368
16368	16368
16368	16368
16368	16368
16368	16368
16368	16368
16368	16368
16368	16368
16368	16368
16368	16368
16368	16368
16368	16368
16368	16368
16368	16368
16368	16368
16368	16368
16368	16368
16368	16368
16368	16368
16368	16368
16368	16368
16368	16368
16368	16368
16368	16368
16368	16368
16368	16368
16368	16368
16368	16368
16368	16368
16368	16368
16368	16368
16368	16368
16368	16368
16368	16368
16368	16368
16368	16368
16368	16368
16368	16368
16368	16368
16368	16368
16368	16368
16368	16368
16368	16368
16368	16368
16368	16368
16368	16368
16368	16368
16368	16368
16368	16368
16368	16368
16368	16368
16368	16368
16368	16368
16368	16368
16368	16368
16368	16368
16368	16368
16368	16368
16368	16368
16368	16368
16368	16368
16368	16368
16368	16368
16368	16368
16368	16368
16368	16368
16368	16368
16368	16368
16368	16368
16368	16368
16368	16368
16368	16368
16368	16368
16368	16368
16368	16368
16368	16368
16368	16368
16368	16368
16368	16368
16368	16368
16368	16368
16368	16368
16368	16368
16368	16368
16368	16368
16368	16368
16368	16368
16368	16368
16368	16368
16368	16368
16368	16368
16368	16368
16368	16368
16368	16368
16368	16368
16368	16368
16368	16368
16368	16368
16368	16368
16368	16368
16368	16368
16368	16368
16368	16368
16368	16368
16368	16368
16368	16368
16368	16368
16368	16368
16368	16368
16368	16368
16368	16368
16368	16368
16368	16368
16368	16368
16368	16368
16368	16368
16368	16368
16368	16368
16368	16368
16368	16368
16368	16368
16368	16368
16368	16368
16368	16368
16368	16368
16368	16368
16368	16368
16368	16368
16368	16368
16368	16368
16368	16368
16368	16368
16368	16368
16368	16368
16368	16368
16368	16368
16368	16368
16368	16368
16368	16368
16368	16368
16368	16368
16368	16368
16368	16368
16368	16368
16368	16368
16368	16368
16368	16368
16368	16368
16368	16368
16368	16368
16368	16368
16368	16368
16368	16368
16368	16368
16368	16368
16368	16368
16368	16368
16368	16368
16368	16368
16368	16368
16368	16368
16368	16368
16368	16368
16368	16368
16368	16368
16368	16368
16368	16368
16368	16368
16368	16368
16368	16368
16368	16368
16368	16368
16368	16368
16368	16368
16368	16368
16368	16368
16368	16368
16368	16368
16368	16368
16368	16368
16368	16368
16368	16368
16368	16368
16368	16368
16368	16368
16368	16368
16368	16368
16368	16368
16368	16368
16368	16368
16368	16368
16368	16368
16368	16368
16368	16368
16368	16368
16368	16368
16368	16368
16368	16368
16368	16368
16368	16368
16368	16368
16368	16368
16368	16368
16368	16368
16368	16368
16368	16368
16368	16368
16368	16368
16368	16368
16368	16368
16368	16368
16368	16368
16368	16368
16368	16368
16368	16368
16368	16368
16368	16368
16368	16368
16368	16368
16368	16368
16368	16368
16368	16368
16368	16368
16368	16368
16368	16368
16368	16368
16368	16368
16368	16368
16368	16368
16368	16368
16368	16368
16368	16368
16368	16368
16368	16368
16368	16368
16368	16368
16368	16368
16368	16368
16368	16368
16368	16368
16368	16368
16368	16368
16368	16368
16368	16368
16368	16368
16368	16368
16368	16368
16368	16368
16368	16368
16368	16368
16368	16368
16368	16368
16368	16368
16368	16368
16368	16368
16368	16368
16368	16368
16368	16368
16368	16368
16368	16368
16368	16368
16368	16368
16368	16368
16368	16368
16368	16368
16368	16368
16368	16368
16368	16368
16368	16368
16368	16368
16368	16368
16368	16368
16368	16368
16368	16368
16368	16368
16368	16368
16368	16368
16368	16368
16368	16368
16368	16368
16368	16368
16368	16368
16368	16368
16368	16368
16368	16368
16368	16368
16368	16368
16368	16368
16368	16368
16368	16368
16368	16368
16368	16368
16368	16368
16368	16368
16368	16368
16368	16368
16368	16368
16368	16368
16368	16368
16368	16368
16368	16368
16368	16368
16368	16368
16368	16368
16368	16368
16368	16368
16368	16368
16368	16368
16368	16368
16368	16368
16368	16368
16368	16368
16368	16368
16368	16368
16368	16368
16368	16368
16368	16368
16368	16368
16368	16368
16368	16368
16368	16368
16368	16368
16368	16368
16368	16368
16368	16368
16368	16368
16368	16368
16368	16368
16368	16368
16368	16368
16368	16368
16368	16368
16368	16368
16368	16368
16368	16368
16368	16368
16368	16368
16368	16368
16368	16368
16368	16368
16368	16368
16368	16368
16368	16368
16368	16368
16368	16368
16368	16368
16368	16368
16368	16368
16368	16368
16368	16368
16368	16368
16368	16368
16368	16368
16368	16368
16368	16368
16368	16368
16368	16368
16368	16368
16368	16368
16368	16368
16368	16368
16368	16368
16368	16368
16368	16368
16368	16368
16368	16368
16368	16368
16368	16368
16368	16368
16368	16368
16368	16368
16368	16368
16368	16368
16368	16368
16368	16368
16368	16368
16368	16368
16368	16368
16368	16368
16368	16368
16368	16368
16368	16368
16368	16368
16368	16368
16368	16368
16368	16368
16368	16368
16368	16368
16368	16368
16368	16368
16368	16368
16368	16368
16368	16368
16368	16368
16368	16368
16368	16368
16368	16368
16368	16368
16368	16368
16368	16368
16368	16368
16368	16368
16368	16368
16368	16368
16368	16368
16368	16368
16368	16368
16368	16368
16368	16368
16368	16368
16368	16368
16368	16368
16368	16368
16368	16368
16368	16368
16368	16368
16368	16368
16368	16368
16368	16368
16368	16368
16368	16368
16368	16368
16368	16368
16368	16368
16368	16368
16368	16368
16368	16368
16368	16368
16368	16368
16368	16368
16368	16368
16368	16368
16368	16368
16368	16368
16368	16368
16368	16368
16368	16368
16368	16368
16368	16368
16368	16368
16368	16368
16368	16368
16368	16368
16368	16368
16368	16368
16368	16368
16368	16368
16368	16368
16368	16368
16368	16368
16368	16368
16368	16368
16368	16368
16368	16368
16368	16368
16368	16368
16368	16368
16368	16368
16368	16368
16368	16368
16368	16368
16368	16368
16368	16368
16368	16368
16368	16368
16368	16368
16368	16368
16368	16368
16368	16368
16368	16368
16368	16368
16368	16368
16368	16368
16368	16368
16368	16368
16368	16368
16368	16368
16368	16368
16368	16368
16368	16368
16368	16368
16368	16368
16368	16368
16368	16368
16368	16368
16368	16368
16368	16368
16368	16368
16368	16368
16368	16368
16368	16368
16368	16368
16368	16368
16368	16368
16368	16368
16368	16368
16368	16368
16368	16368
16368	16368
16368	16368
16368	16368
16368	16368
16368	16368
16368	16368
16368	16368
16368	16368
16368	16368
16368	16368
16368	16368
16368	16368
16368	16368
16368	16368
16368	16368
16368	16368
16368	16368
16368	16368
16368	16368
16368	16368
16368	16368
16368	16368
16368	16368
16368	16368
16368	16368
16368	16368
16368	16368
16368	16368
16368	16368
16368	16368
16368	16368
16368	16368
16368	16368
16368	16368
16368	16368
16368	16368
16368	16368
16368	16368
16368	16368
16368	16368
16368	16368
16368	16368
16368	16368
16368	16368
16368	16368
16368	16368
16368	16368
16368	16368
16368	16368
16368	16368
16368	16368
16368	16368
16368	16368
16368	16368
16368	16368
16368	16368
16368	16368
16368	16368
16368	16368
16368	16368
16368	16368
16368	16368
16368	16368
16368	16368
16368	16368
16368	16368
16368	16368
16368	16368
16368	16368
16368	16368
16368	16368
16368	16368
16368	16368
16368	16368
16368	16368
16368	16368
16368	16368
16368	16368
16368	16368
16368	16368
16368	16368
16368	16368
16368	16368
16368	16368
16368	16368
16368	16368
16368	16368
16368	16368
16368	16368
16368	16368
16368	16368
16368	16368
16368	16368
16368	16368
16368	16368
16368	16368
16368	16368
16368	16368
16368	16368
16368	16368
16368	16368
16368	16368
16368	16368
16368	16368
16368	16368
16368	16368
16368	16368
16368	16368
16368	16368
16368	16368
16368	16368
16368	16368
16368	16368
16368	16368
16368	16368
16368	16368
16368	16368
16368	16368
16368	16368
16368	16368
16368	16368
16368	16368
16368	16368
16368	16368
16368	16368
16368	16368
16368	16368
16368	16368
16368	16368
16368	16368
16368	16368
16368	16368
16368	16368
16368	16368
16368	16368
16368	16368
16368	16368
16368	16368
16368	16368
16368	16368
16368	16368
16368	16368
16368	16368
16368	16368
16368	16368
16368	16368
16368	16368
16368	16368
16368	16368
16368	16368
16368	16368
16368	16368
16368	16368
16368	16368
16368	16368
16368	16368
16368	16368
16368	16368
16368	16368
16368	16368
16368	16368
16368	16368
16368	16368
16368	16368
16368	16368
16368	16368
16368	16368
16368	16368
16368	16368
16368	16368
16368	16368
16368	16368
16368	16368
16368	16368
16368	16368
16368	16368
16368	16368
16368	16368
16368	16368
16368	16368
16368	16368
16368	16368
16368	16368
16368	16368
16368	16368
16368	16368
16368	16368
16368	16368
16368	16368
16368	16368
16368	16368
16368	16368
16368	16368
16368	16368
16368	16368
16368	16368
16368	16368
16368	16368
16368	16368
16368	16368
16368	16368
16368	16368
16368	16368
16368	16368
16368	16368
16368	16368
16368	16368
16368	16368
16368	16368
16368	16368
16368	16368
16368	16368
16368	16368
16368	16368
16368	16368
16368	16368
16368	16368
16368	16368
16368	16368
16368	16368
16368	16368
16368	16368
16368	16368
16368	16368
16368	16368
16368	16368
16368	16368
16368	16368
16368	16368
16368	16368
16368	16368
16368	16368
16368	16368
16368	16368
16368	16368
16368	16368
16368	16368
16368	16368
16368	16368
16368	16368
16368	16368
16368	16368
16368	16368
16368	16368
16368	16368
16368	16368
16368	16368
16368	16368
16368	16368
16368	16368
16368	16368
16368	16368
16368	16368
16368	16368
16368	16368
16368	16368
16368	16368
16368	16368
16368	16368
16368	16368
16368	16368
16368	16368
16368	16368
16368	16368
16368	16368
16368	16368
16368	16368
16368	16368
16368	16368
16368	16368
16368	16368
16368	16368
16368	16368
16368	16368
16368	16368
16368	16368
16368	16368
16368	16368
16368	16368
16368	16368
16368	16368
16368	16368
16368	16368
16368	16368
16368	16368
16368	16368
16368	16368
16368	16368
16368	16368
16368	16368
16368	16368
16368	16368
16368	16368
16368	16368
16368	16368
16368	16368
16368	16368
16368	16368
16368	16368
16368	16368
16368	16368
16368	16368
16368	16368
16368	16368
16368	16368
16368	16368
16368	16368
16368	16368
16368	16368
16368	16368
16368	16368
16368	16368
16368	16368
16368	16368
16368	16368
16368	16368
16368	16368
16368	16368
16368	16368
16368	16368
16368	16368
16368	16368
16368	16368
16368	16368
16368	16368
16368	16368
16368	16368
16368	16368
16368	16368
16368	16368
16368	16368
16368	16368
16368	16368
16368	16368
16368	16368
16368	16368
16368	16368
16368	16368
16368	16368
16368	16368
16368	16368
16368	16368
16368	16368
16368	16368
16368	16368
16368	16368
16368	16368
16368	16368
16368	16368
16368	16368
16368	16368
16368	16368
16368	16368
16368	16368
16368	16368
16368	16368
16368	16368
16368	16368
16368	16368
16368	16368
16368	16368
16368	16368
16368	16368
16368	16368
16368	16368
16368	16368
16368	16368
16368	16368
16368	16368
16368	16368
16368	16368
16368	16368
16368	16368
16368	16368
16368	16368
16368	16368
16368	16368
16368	16368
16368	16368
16368	16368
16368	16368
16368	16368
16368	16368
16368	16368
16368	16368
16368	16368
16368	16368
16368	16368
16368	16368
16368	16368
16368	16368
16368	16368
16368	16368
16368	16368
16368	16368
16368	16368
16368	16368
16368	16368
16368	16368
16368	16368
16368	16368
16368	16368
16368	16368
16368	16368
16368	16368
16368	16368
16368	16368
16368	16368
16368	16368
16368	16368
16368	16368
16368	16368
16368	16368
16368	16368
16368	16368
16368	16368
16368	16368
16368	16368
16368	16368
16368	16368
16368	16368
16368	16368
16368	16368
16368	16368
16368	16368
16368	16368
16368	16368
16368	16368
16368	16368
16368	16368
16368	16368
16368	16368
16368	16368
16368	16368
16368	16368
16368	16368
16368	16368
16368	16368
16368	16368
16368	16368
16368	16368
16368	16368
16368	16368
16368	16368
16368	16368
16368	16368
16368	16368
16368	16368
16368	16368
16368	16368
16368	16368
16368	16368
16368	16368
16368	16368
16368	16368
16368	16368
16368	16368
16368	16368
16368	16368
16368	16368
16368	16368
16368	16368
16368	16368
16368	16368
16368	16368
16368	16368
16368	16368
16368	16368
16368	16368
16368	16368
16368	16368
16368	16368
16368	16368
16368	16368
16368	16368
16368	16368
16368	16368
16368	16368
16368	16368
16368	16368
16368	16368
16368	16368
16368	16368
16368	16368
16368	16368
16368	16368
16368	16368
16368	16368
16368	16368
16368	16368
16368	16368
16368	16368
16368	16368
16368	16368
16368	16368
16368	16368
16368	16368
16368	16368
16368	16368
16368	16368
16368	16368
16368	16368
16368	16368
16368	16368
16368	16368
16368	16368
16368	16368
16368	16368
16368	16368
16368	16368
16368	16368
16368	16368
16368	16368
16368	16368
16368	16368
16368	16368
16368	16368
16368	16368
16368	16368
16368	16368
16368	16368
16368	16368
16368	16368
16368	16368
16368	16368
16368	16368
16368	16368
16368	16368
16368	16368
16368	16368
16368	16368
16368	16368
16368	16368
16368	16368
16368	16368
16368	16368
16368	16368
16368	16368
16368	16368
16368	16368
16368	16368
16368	16368
16368	16368
16368	16368
16368	16368
16368	16368
16368	16368
16368	16368
16368	16368
16368	16368
16368	16368
16368	16368
16368	16368
16368	16368
16368	16368
16368	16368
16368	16368
16368	16368
16368	16368
16368	16368
16368	16368
16368	16368
16368	16368
16368	16368
16368	16368
16368	16368
16368	16368
16368	16368
16368	16368
16368	16368
16368	16368
16368	16368
16368	16368
16368	16368
16368	16368
16368	16368
16368	16368
16368	16368
16368	16368
16368	16368
16368	16368
16368	16368
16368	16368
16368	16368
16368	16368
16368	16368
16368	16368
16368	16368
16368	16368
16368	16368
16368	16368
16368	16368
16368	16368
16368	16368
16368	16368
16368	16368
16368	16368
16368	16368
16368	16368
16368	16368
16368	16368
16368	16368
16368	16368
16368	16368
16368	16368
16368	16368
16368	16368
16368	16368
16368	16368
16368	16368
16368	16368
16368	16368
16368	16368
16368	16368
16368	16368
16368	16368
16368	16368
16368	16368
16368	16368
16368	16368
16368	16368
16368	16368
16368	16368
16368	16368
16368	16368
16368	16368
16368	16368
16368	16368
16368	16368
16368	16368
16368	16368
16368	16368
16368	16368
16368	16368
16368	16368
16368	16368
16368	16368
16368	16368
16368	16368
16368	16368
16368	16368
16368	16368
16368	16368
16368	16368
16368	16368
16368	16368
16368	16368
16368	16368
16368	16368
16368	16368
16368	16368
16368	16368
16368	16368
16368	16368
16368	16368
16368	16368
16368	16368
16368	16368
16368	16368
16368	16368
16368	16368
16368	16368
16368	16368
16368	16368
16368	16368
16368	16368
16368	16368
16368	16368
16368	16368
16368	16368
16368	16368
16368	16368
16368	16368
16368	16368
16368	16368
16368	16368
16368	16368
16368	16368
16368	16368
16368	16368
16368	16368
16368	16368
16368	16368
16368	16368
16368	16368
16368	16368
16368	16368
16368	16368
16368	16368
16368	16368
16368	16368
16368	16368
16368	16368
16368	16368
16368	16368
16368	16368
16368	16368
16368	16368
16368	16368
16368	16368
16368	16368
16368	16368
16368	16368
16368	16368
16368	16368
16368	16368
16368	16368
16368	16368
16368	16368
16368	16368
16368	16368
16368	16368
16368	16368
16368	16368
16368	16368
16368	16368
16368	16368
16368	16368
16368	16368
16368	16368
16368	16368
16368	16368
16368	16368
16368	16368
16368	16368
16368	16368
16368	16368
16368	16368
16368	16368
16368	16368
16368	16368
16368	16368
16368	16368
16368	16368
16368	16368
16368	16368
16368	16368
16368	16368
16368	16368
16368	16368
16368	16368
16368	16368
16368	16368
16368	16368
16368	16368
16368	16368
16368	16368
16368	16368
16368	16368
16368	16368
16368	16368
16368	16368
16368	16368
16368	16368
16368	16368
16368	16368
16368	16368
16368	16368
16368	16368
16368	16368
16368	16368
16368	16368
16368	16368
16368	16368
16368	16368
16368	16368
16368	16368
16368	16368
16368	16368
16368	16368
16368	16368
16368	16368
16368	16368
16368	16368
16368	16368
16368	16368
16368	16368
16368	16368
16368	16368
16368	16368
16368	16368
16368	16368
16368	16368
16368	16368
16368	16368
16368	16368
16368	16368
16368	16368
16368	16368
16368	16368
16368	16368
16368	16368
16368	16368
16368	16368
16368	16368
16368	16368
16368	16368
16368	16368
16368	16368
16368	16368
16368	16368
16368	16368
16368	16368
16368	16368
16368	16368
16368	16368
16368	16368
16368	16368
16368	16368
16368	16368
16368	16368
16368	16368
16368	16368
16368	16368
16368	16368
16368	16368
16368	16368
16368	16368
16368	16368
16368	16368
16368	16368
16368	16368
16368	16368
16368	16368
16368	16368
16368	16368
16368	16368
16368	16368
16368	16368
16368	16368
16368	16368
16368	16368
16368	16368
16368	16368
16368	16368
16368	16368
16368	16368
16368	16368
16368	16368
16368	16368
16368	16368
16368	16368
16368	16368
16368	16368
16368	16368
16368	16368
16368	16368
16368	16368
16368	16368
16368	16368
16368	16368
16368	16368
16368	16368
16368	16368
16368	16368
16368	16368
16368	16368
16368	16368
16368	16368
16368	16368
16368	16368
16368	16368
16368	16368
16368	16368
16368	16368
16368	16368
16368	16368
16368	16368
16368	16368
16368	16368
16368	16368
16368	16368
16368	16368
16368	16368
16368	16368
16368	16368
16368	16368
16368	16368
16368	16368
16368	16368
16368	16368
16368	16368
16368	16368
16368	16368
16368	16368
16368	16368
16368	16368
16368	16368
16368	16368
16368	16368
16368	16368
16368	16368
16368	16368
16368	16368
16368	16368
16368	16368
16368	16368
16368	16368
16368	16368
16368	16368
16368	16368
16368	16368
16368	16368
16368	16368
16368	16368
16368	16368
16368	16368
16368	16368
16368	16368
16368	16368
16368	16368
16368	16368
16368	16368
16368	16368
16368	16368
16368	16368
16368	16368
16368	16368
16368	16368
16368	16368
16368	16368
16368	16368
16368	16368
16368	16368
16368	16368
16368	16368
16368	16368
16368	16368
16368	16368
16368	16368
16368	16368
16368	16368
16368	16368
16368	16368
16368	16368
16368	16368
16368	16368
16368	16368
16368	16368
16368	16368
16368	16368
16368	16368
16368	16368
16368	16368
16368	16368
16368	16368
16368	16368
16368	16368
16368	16368
16368	16368
16368	16368
16368	16368
16368	16368
16368	16368
16368	16368
16368	16368
16368	16368
16368	16368
16368	16368
16368	16368
16368	16368
16368	16368
16368	16368
16368	16368
16368	16368
16368	16368
16368	16368
16368	16368
16368	16368
16368	16368
16368	16368
16368	16368
16368	16368
16368	16368
16368	16368
16368	16368
16368	16368
16368	16368
16368	16368
16368	16368
16368	16368
16368	16368
16368	16368
16368	16368
16368	16368
16368	16368
16368	16368
16368	16368
16368	16368
16368	16368
16368	16368
16368	16368
16368	16368
16368	16368
16368	16368
16368	16368
16368	16368
16368	16368
16368	16368
16368	16368
16368	16368
16368	16368
16368	16368
16368	16368
16368	16368
16368	16368
16368	16368
16368	16368
16368	16368
16368	16368
16368	16368
16368	16368
16368	16368
16368	16368
16368	16368
16368	16368
16368	16368
16368	16368
16368	16368
16368	16368
16368	16368
16368	16368
16368	16368
16368	16368
16368	16368
16368	16368
16368	16368
16368	16368
16368	16368
16368	16368
16368	16368
16368	16368
16368	16368
16368	16368
16368	16368
16368	16368
16368	16368
16368	16368
16368	16368
16368	16368
16368	16368
16368	16368
16368	16368
16368	16368
16368	16368
16368	16368
16368	16368
16368	16368
16368	16368
16368	16368
16368	16368
16368	16368
16368	16368
16368	16368
16368	16368
16368	16368
16368	16368
16368	16368
16368	16368
16368	16368
16368	16368
16368	16368
16368	16368
16368	16368
16368	16368
16368	16368
16368	16368
16368	16368
16368	16368
16368	16368
16368	16368
16368	16368
16368	16368
16368	16368
16368	16368
16368	16368
16368	16368
16368	16368
16368	16368
16368	16368
16368	16368
16368	16368
16368	16368
16368	16368
16368	16368
16368	16368
16368	16368
16368	16368
16368	16368
16368	16368
16368	16368
16368	16368
16368	16368
16368	16368
16368	16368
16368	16368
16368	16368
16368	16368
16368	16368
16368	16368
16368	16368
16368	16368
16368	16368
16368	16368
16368	16368
16368	16368
16368	16368
16368	16368
16368	16368
16368	16368
16368	16368
16368	16368
16368	16368
16368	16368
16368	16368
16368	16368
16368	16368
16368	16368
16368	16368
16368	16368
16368	16368
16368	16368
16368	16368
16368	16368
16368	16368
16368	16368
16368	16368
16368	16368
16368	16368
16368	16368
16368	16368
16368	16368
16368	16368
16368	16368
16368	16368
16368	16368
16368	16368
16368	16368
16368	16368
16368	16368
16368	16368
16368	16368
16368	16368
16368	16368
16368	16368
16368	16368
16368	16368
16368	16368
16368	16368
16368	16368
16368	16368
16368	16368
16368	16368
16368	16368
16368	16368
16368	16368
16368	16368
16368	16368
16368	16368
16368	16368
16368	16368
16368	16368
16368	16368
16368	16368
16368	16368
16368	16368
16368	16368
16368	16368
16368	16368
16368	16368
16368	16368
16368	16368
16368	16368
16368	16368
16368	16368
16368	16368
16368	16368
16368	16368
16368	16368
16368	16368
16368	16368
16368	16368
16368	16368
16368	16368
16368	16368
16368	16368
16368	16368
16368	16368
16368	16368
16368	16368
16368	16368
16368	16368
16368	16368
16368	16368
16368	16368
16368	16368
16368	16368
16368	16368
16368	16368
16368	16368
16368	16368
16368	16368
16368	16368
16368	16368
16368	16368
16368	16368
16368	16368
16368	16368
16368	16368
16368	16368
16368	16368
16368	16368
16368	16368
16368	16368
16368	16368
16368	16368
16368	16368
16368	16368
16368	16368
16368	16368
16368	16368
16368	16368
16368	16368
16368	16368
16368	16368
16368	16368
16368	16368
16368	16368
16368	16368
16368	16368
16368	16368
16368	16368
16368	16368
16368	16368
16368	16368
16368	16368
16368	16368
16368	16368
16368	16368
16368	16368
16368	16368
16368	16368
16368	16368
16368	16368
16368	16368
16368	16368
16368	16368
16368	16368
16368	16368
16368	16368
16368	16368
16368	16368
16368	16368
16368	16368
16368	16368
16368	16368
16368	16368
16368	16368
16368	16368
16368	16368
16368	16368
16368	16368
16368	16368
16368	16368
16368	16368
16368	16368
16368	16368
16368	16368
16368	16368
16368	16368
16368	16368
16368	16368
16368	16368
16368	16368
16368	16368
16368	16368
16368	16368
16368	16368
16368	16368
16368	16368
16368	16368
16368	16368
16368	16368
16368	16368
16368	16368
16368	16368
16368	16368
16368	16368
16368	16368
16368	16368
16368	16368
16368	16368
16368	16368
16368	16368
16368	16368
16368	16368
16368	16368
16368	16368
16368	16368
16368	16368
16368	16368
16368	16368
16368	16368
16368	16368
16368	16368
16368	16368
16368	16368
16368	16368
16368	16368
16368	16368
16368	16368
16368	16368
16368	16368
16368	16368
16368	16368
16368	16368
16368	16368
16368	16368
16368	16368
16368	16368
16368	16368
16368	16368
16368	16368
16368	16368
16368	16368
16368	16368
16368	16368
16368	16368
16368	16368
16368	16368
16368	16368
16368	16368
16368	16368
16368	16368
16368	16368
16368	16368
16368	16368
16368	16368
16368	16368
16368	16368
16368	16368
16368	16368
16368	16368
16368	16368
16368	16368
16368	16368
16368	16368
16368	16368
16368	16368
16368	16368
16368	16368
16368	16368
16368	16368
16368	16368
16368	16368
16368	16368
16368	16368
16368	16368
16368	16368
16368	16368
16368	16368
16368	16368
16368	16368
16368	16368
16368	16368
16368	16368
16368	16368
16368	16368
16368	16368
16368	16368
16368	16368
16368	16368
16368	16368
16368	16368
16368	16368
16368	16368
16368	16368
16368	16368
16368	16368
16368	16368
16368	16368
16368	16368
16368	16368
16368	16368
16368	16368
16368	16368
16368	16368
16368	16368
16368	16368
16368	16368
16368	16368
16368	16368
16368	16368
16368	16368
16368	16368
16368	16368
16368	16368
16368	16368
16368	16368
16368	16368
16368	16368
16368	16368
16368	16368
16368	16368
16368	16368
16368	16368
16368	16368
16368	16368
16368	16368
16368	16368
16368	16368
16368	16368
16368	16368
16368	16368
16368	16368
16368	16368
16368	16368
16368	16368
16368	16368
16368	16368
16368	16368
16368	16368
16368	16368
16368	16368
16368	16368
16368	16368
16368	16368
16368	16368
16368	16368
16368	16368
16368	16368
16368	16368
16368	16368
16368	16368
16368	16368
16368	16368
16368	16368
16368	16368
16368	16368
16368	16368
16368	16368
16368	16368
16368	16368
16368	16368
16368	16368
16368	16368
16368	16368
16368	16368
16368	16368
16368	16368
16368	16368
16368	16368
16368	16368
16368	16368
16368	16368
16368	16368
16368	16368
16368	16368
16368	16368
16368	16368
16368	16368
16368	16368
16368	16368
16368	16368
16368	16368
16368	16368
16368	16368
16368	16368
16368	16368
16368	16368
16368	16368
16368	16368
16368	16368
16368	16368
16368	16368
16368	16368
16368	16368
16368	16368
16368	16368
16368	16368
16368	16368
16368	16368
16368	16368
16368	16368
16368	16368
16368	16368
16368	16368
16368	16368
16368	16368
16368	16368
16368	16368
16368	16368
16368	16368
16368	16368
16368	16368
16368	16368
16368	16368
16368	16368
16368	16368
16368	16368
16368	16368
16368	16368
16368	16368
16368	16368
16368	16368
16368	16368
16368	16368
16368	16368
16368	16368
16368	16368
16368	16368
16368	16368
16368	16368
16368	16368
16368	16368
16368	16368
16368	16368
16368	16368
16368	16368
16368	16368
16368	16368
16368	16368
16368	16368
16368	16368
16368	16368
16368	16368
16368	16368
16368	16368
16368	16368
16368	16368
16368	16368
16368	16368
16368	16368
16368	16368
16368	16368
16368	16368
16368	16368
16368	16368
16368	16368
16368	16368
16368	16368
16368	16368
16368	16368
16368	16368
16368	16368
16368	16368
16368	16368
16368	16368
16368	16368
16368	16368
16368	16368
16368	16368
16368	16368
16368	16368
16368	16368
16368	16368
16368	16368
16368	16368
16368	16368
16368	16368
16368	16368
16368	16368
16368	16368
16368	16368
16368	16368
16368	16368
16368	16368
16368	16368
16368	16368
16368	16368
16368	16368
16368	16368
16368	16368
16368	16368
16368	16368
16368	16368
16368	16368
16368	16368
16368	16368
16368	16368
16368	16368
16368	16368
16368	16368
16368	16368
16368	16368
16368	16368
16368	16368
16368	16368
16368	16368
16368	16368
16368	16368
16368	16368
16368	16368
16368	16368
16368	16368
16368	16368
16368	16368
16368	16368
16368	16368
16368	16368
16368	16368
16368	16368
16368	16368
16368	16368
16368	16368
16368	16368
16368	16368
16368	16368
16368	16368
16368	16368
16368	16368
16368	16368
16368	16368
16368	16368
16368	16368
16368	16368
16368	16368
16368	16368
16368	16368
16368	16368
16368	16368
16368	16368
16368	16368
16368	16368
16368	16368
16368	16368
16368	16368
16368	16368
16368	16368
16368	16368
16368	16368
16368	16368
16368	16368
16368	16368
16368	16368
16368	16368
16368	16368
16368	16368
16368	16368
16368	16368
16368	16368
16368	16368
16368	16368
16368	16368
16368	16368
16368	16368
16368	16368
16368	16368
16368	16368
16368	16368
16368	16368
16368	16368
16368	16368
16368	16368
16368	16368
16368	16368
16368	16368
16368	16368
16368	16368
16368	16368
16368	16368
16368	16368
16368	16368
16368	16368
16368	16368
16368	16368
16368	16368
16368	16368
16368	16368
16368	16368
16368	16368
16368	16368
16368	16368
16368	16368
16368	16368
16368	16368
16368	16368
16368	16368
16368	16368
16368	16368
16368	16368
16368	16368
16368	16368
16368	16368
16368	16368
16368	16368
16368	16368
16368	16368
16368	16368
16368	16368
16368	16368
16368	16368
16368	16368
16368	16368
16368	16368
16368	16368
16368	16368
16368	16368
16368	16368
16368	16368
16368	16368
16368	16368
16368	16368
16368	16368
16368	16368
16368	16368
16368	16368
16368	16368
16368	16368
16368	16368
16368	16368
16368	16368
16368	16368
16368	16368
16368	16368
16368	16368
16368	16368
16368	16368
16368	16368
16368	16368
16368	16368
16368	16368
16368	16368
16368	16368
16368	16368
16368	16368
16368	16368
16368	16368
16368	16368
16368	16368
16368	16368
16368	16368
16368	16368
16368	16368
16368	16368
16368	16368
16368	16368
16368	16368
16368	16368
16368	16368
16368	16368
16368	16368
16368	16368
16368	16368
16368	16368
16368	16368
16368	16368
16368	16368
16368	16368
16368	16368
16368	16368
16368	16368
16368	16368
16368	16368
16368	16368
16368	16368
16368	16368
16368	16368
16368	16368
16368	16368
16368	16368
16368	16368
16368	16368
16368	16368
16368	16368
16368	16368
16368	16368
16368	16368
16368	16368
16368	16368
16368	16368
16368	16368
16368	16368
16368	16368
16368	16368
16368	16368
16368	16368
16368	16368
16368	16368
16368	16368
16368	16368
16368	16368
16368	16368
16368	16368
16368	16368
16368	16368
16368	16368
16368	16368
16368	16368
16368	16368
16368	16368
16368	16368
16368	16368
16368	16368
16368	16368
16368	16368
16368	16368
16368	16368
16368	16368
16368	16368
16368	16368
16368	16368
16368	16368
16368	16368
16368	16368
16368	16368
16368	16368
16368	16368
16368	16368
16368	16368
16368	16368
16368	16368
16368	16368
16368	16368
16368	16368
16368	16368
16368	16368
16368	16368
16368	16368
16368	16368
16368	16368
16368	16368
16368	16368
16368	16368
16368	16368
16368	16368
16368	16368
16368	16368
16368	16368
16368	16368
16368	16368
16368	16368
16368	16368
16368	16368
16368	16368
16368	16368
16368	16368
16368	16368
16368	16368
16368	16368
16368	16368
16368	16368
16368	16368
16368	16368
16368	16368
16368	16368
16368	16368
16368	16368
16368	16368
16368	16368
16368	16368
16368	16368
16368	16368
16368	16368
16368	16368
16368	16368
16368	16368
16368	16368
16368	16368
16368	16368
16368	16368
16368	16368
16368	16368
16368	16368
16368	16368
16368	16368
16368	16368
16368	16368
16368	16368
16368	16368
16368	16368
16368	16368
16368	16368
16368	16368
16368	16368
16368	16368
16368	16368
16368	16368
16368	16368
16368	16368
16368	16368
16368	16368
16368	16368
16368	16368
16368	16368
16368	16368
16368	16368
16368	16368
16368	16368
16368	16368
16368	16368
16368	16368
16368	16368
16368	16368
16368	16368
16368	16368
16368	16368
16368	16368
16368	16368
16368	16368
16368	16368
16368	16368
16368	16368
16368	16368
16368	16368
16368	16368
16368	16368
16368	16368
16368	16368
16368	16368
16368	16368
16368	16368
16368	16368
16368	16368
16368	16368
16368	16368
16368	16368
16368	16368
16368	16368
16368	16368
16368	16368
16368	16368
16368	16368
16368	16368
16368	16368
16368	16368
16368	16368
16368	16368
16368	16368
16368	16368
16368	16368
16368	16368
16368	16368
16368	16368
16368	16368
16368	16368
16368	16368
16368	16368
16368	16368
16368	16368
16368	16368
16368	16368
16368	16368
16368	16368
16368	16368
16368	16368
16368	16368
16368	16368
16368	16368
16368	16368
16368	16368
16368	16368
16368	16368
16368	16368
16368	16368
16368	16368
16368	16368
16368	16368
16368	16368
16368	16368
16368	16368
16368	16368
16368	16368
16368	16368
16368	16368
16368	16368
16368	16368
16368	16368
16368	16368
16368	16368
16368	16368
16368	16368
16368	16368
16368	16368
16368	16368
16368	16368
16368	16368
16368	16368
16368	16368
16368	16368
16368	16368
16368	16368
16368	16368
16368	16368
16368	16368
16368	16368
16368	16368
16368	16368
16368	16368
16368	16368
16368	16368
16368	16368
16368	16368
16368	16368
16368	16368
16368	16368
16368	16368
16368	16368
16368	16368
16368	16368
16368	16368
16368	16368
16368	16368
16368	16368
16368	16368
16368	16368
16368	16368
16368	16368
16368	16368
16368	16368
16368	16368
16368	16368
16368	16368
16368	16368
16368	16368
16368	16368
16368	16368
16368	16368
16368	16368
16368	16368
16368	16368
16368	16368
16368	16368
16368	16368
16368	16368
16368	16368
16368	16368
16368	16368
16368	16368
16368	16368
16368	16368
16368	16368
16368	16368
16368	16368
16368	16368
16368	16368
16368	16368
16368	16368
16368	16368
16368	16368
16368	16368
16368	16368
16368	16368
16368	16368
16368	16368
16368	16368
16368	16368
16368	16368
16368	16368
16368	16368
16368	16368
16368	16368
16368	16368
16368	16368
16368	16368
16368	16368
16368	16368
16368	16368
16368	16368
16368	16368
16368	16368
16368	16368
16368	16368
16368	16368
16368	16368
16368	16368
16368	16368
16368	16368
16368	16368
16368	16368
16368	16368
16368	16368
16368	16368
16368	16368
16368	16368
16368	16368
16368	16368
16368	16368
16368	16368
16368	16368
16368	16368
16368	16368
16368	16368
16368	16368
16368	16368
16368	16368
16368	16368
16368	16368
16368	16368
16368	16368
16368	16368
16368	16368
16368	16368
16368	16368
16368	16368
16368	16368
16368	16368
16368	16368
16368	16368
16368	16368
16368	16368
16368	16368
16368	16368
16368	16368
16368	16368
16368	16368
16368	16368
16368	16368
16368	16368
16368	16368
16368	16368
16368	16368
16368	16368
16368	16368
16368	16368
16368	16368
16368	16368
16368	16368
16368	16368
16368	16368
16368	16368
16368	16368
16368	16368
16368	16368
16368	16368
16368	16368
16368	16368
16368	16368
16368	16368
16368	16368
16368	16368
16368	16368
16368	16368
16368	16368
16368	16368
16368	16368
16368	16368
16368	16368
16368	16368
16368	16368
16368	16368
16368	16368
16368	16368
16368	16368
16368	16368
16368	16368
16368	16368
16368	16368
16368	16368
16368	16368
16368	16368
16368	16368
16368	16368
16368	16368
16368	16368
16368	16368
16368	16368
16368	16368
16368	16368
16368	16368
16368	16368
16368	16368
16368	16368
16368	16368
16368	16368
16368	16368
16368	16368
16368	16368
16368	16368
16368	16368
16368	16368
16368	16368
16368	16368
16368	16368
16368	16368
16368	16368
16368	16368
16368	16368
16368	16368
16368	16368
16368	16368
16368	16368
16368	16368
16368	16368
16368	16368
16368	16368
16368	16368
16368	16368
16368	16368
16368	16368
16368	16368
16368	16368
16368	16368
16368	16368
16368	16368
16368	16368
16368	16368
16368	16368
16368	16368
16368	16368
16368	16368
16368	16368
16368	16368
16368	16368
16368	16368
16368	16368
16368	16368
16368	16368
16368	16368
16368	16368
16368	16368
16368	16368
16368	16368
16368	16368
16368	16368
16368	16368
16368	16368
16368	16368
16368	16368
16368	16368
16368	16368
16368	16368
16368	16368
16368	16368
16368	16368
16368	16368
16368	16368
16368	16368
16368	16368
16368	16368
16368	16368
16368	16368
16368	16368
16368	16368
16368	16368
16368	16368
16368	16368
16368	16368
16368	16368
16368	16368
16368	16368
16368	16368
16368	16368
16368	16368
16368	16368
16368	16368
16368	16368
16368	16368
16368	16368
16368	16368
16368	16368
16368	16368
16368	16368
16368	16368
16368	16368
16368	16368
16368	16368
16368	16368
16368	16368
16368	16368
16368	16368
16368	16368
16368	16368
16368	16368
16368	16368
16368	16368
16368	16368
16368	16368
16368	16368
16368	16368
16368	16368
16368	16368
16368	16368
16368	16368
16368	16368
16368	16368
16368	16368
16368	16368
16368	16368
16368	16368
16368	16368
16368	16368
16368	16368
16368	16368
16368	16368
16368	16368
16368	16368
16368	16368
16368	16368
16368	16368
16368	16368
16368	16368
16368	16368
16368	16368
16368	16368
16368	16368
16368	16368
16368	16368
16368	16368
16368	16368
16368	16368
16368	16368
16368	16368
16368	16368
16368	16368
16368	16368
16368	16368
16368	16368
16368	16368
16368	16368
16368	16368
16368	16368
16368	16368
16368	16368
16368	16368
16368	16368
16368	16368
16368	16368
16368	16368
16368	16368
16368	16368
16368	16368
16368	16368
16368	16368
16368	16368
16368	16368
16368	16368
16368	16368
16368	16368
16368	16368
16368	16368
16368	16368
16368	16368
16368	16368
16368	16368
16368	16368
16368	16368
16368	16368
16368	16368
16368	16368
16368	16368
16368	16368
16368	16368
16368	16368
16368	16368
16368	16368
16368	16368
16368	16368
16368	16368
16368	16368
16368	16368
16368	16368
16368	16368
16368	16368
16368	16368
16368	16368
16368	16368
16368	16368
16368	16368
16368	16368
16368	16368
16368	16368
16368	16368
16368	16368
16368	16368
16368	16368
16368	16368
16368	16368
16368	16368
16368	16368
16368	16368
16368	16368
16368	16368
16368	16368
16368	16368
16368	16368
16368	16368
16368	16368
16368	16368
16368	16368
16368	16368
16368	16368
16368	16368
16368	16368
16368	16368
16368	16368
16368	16368
16368	16368
16368	16368
16368	16368
16368	16368
16368	16368
16368	16368
16368	16368
16368	16368
16368	16368
16368	16368
16368	16368
16368	16368
16368	16368
16368	16368
16368	16368
16368	16368
16368	16368
16368	16368
16368	16368
16368	16368
16368	16368
16368	16368
16368	16368
16368	16368
16368	16368
16368	16368
16368	16368
16368	16368
16368	16368
16368	16368
16368	16368
16368	16368
16368	16368
16368	16368
16368	16368
16368	16368
16368	16368
16368	16368
16368	16368
16368	16368
16368	16368
16368	16368
16368	16368
16368	16368
16368	16368
16368	16368
16368	16368
16368	16368
16368	16368
16368	16368
16368	16368
16368	16368
16368	16368
16368	16368
16368	16368
16368	16368
16368	16368
16368	16368
16368	16368
16368	16368
16368	16368
16368	16368
16368	16368
16368	16368
16368	16368
16368	16368
16368	16368
16368	16368
16368	16368
16368	16368
16368	16368
16368	16368
16368	16368
16368	16368
16368	16368
16368	16368
16368	16368
16368	16368
16368	16368
16368	16368
16368	16368
16368	16368
16368	16368
16368	16368
16368	16368
16368	16368
16368	16368
16368	16368
16368	16368
16368	16368
16368	16368
16368	16368
16368	16368
16368	16368
16368	16368
16368	16368
16368	16368
16368	16368
16368	16368
16368	16368
16368	16368
16368	16368
16368	16368
16368	16368
16368	16368
16368	16368
16368	16368
16368	16368
16368	16368
16368	16368
16368	16368
16368	16368
16368	16368
16368	16368
16368	16368
16368	16368
16368	16368
16368	16368
16368	16368
16368	16368
16368	16368
16368	16368
16368	16368
16368	16368
16368	16368
16368	16368
16368	16368
16368	16368
16368	16368
16368	16368
16368	16368
16368	16368
16368	16368
16368	16368
16368	16368
16368	16368
16368	16368
16368	16368
16368	16368
16368	16368
16368	16368
16368	16368
16368	16368
16368	16368
16368	16368
16368	16368
16368	16368
16368	16368
16368	16368
16368	16368
16368	16368
16368	16368
16368	16368
16368	16368
16368	16368
16368	16368
16368	16368
16368	16368
16368	16368
16368	16368
16368	16368
16368	16368
16368	16368
16368	16368
16368	16368
16368	16368
16368	16368
16368	16368
16368	16368
16368	16368
16368	16368
16368	16368
16368	16368
16368	16368
16368	16368
16368	16368
16368	16368
16368	16368
16368	16368
16368	16368
16368	16368
16368	16368
16368	16368
16368	16368
16368	16368
16368	16368
16368	16368
16368	16368
16368	16368
16368	16368
16368	16368
16368	16368
16368	16368
16368	16368
16368	16368
16368	16368
16368	16368
16368	16368
16368	16368
16368	16368
16368	16368
16368	16368
16368	16368
16368	16368
16368	16368
16368	16368
16368	16368
16368	16368
16368	16368
16368	16368
16368	16368
16368	16368
16368	16368
16368	16368
16368	16368
16368	16368
16368	16368
16368	16368
16368	16368
16368	16368
16368	16368
16368	16368
16368	16368
16368	16368
16368	16368
16368	16368
16368	16368
16368	16368
16368	16368
16368	16368
16368	16368
16368	16368
16368	16368
16368	16368
16368	16368
16368	16368
16368	16368
16368	16368
16368	16368
16368	16368
16368	16368
16368	16368
16368	16368
16368	16368
16368	16368
16368	16368
16368	16368
16368	16368
16368	16368
16368	16368
16368	16368
16368	16368
16368	16368
16368	16368
16368	16368
16368	16368
16368	16368
16368	16368
16368	16368
16368	16368
16368	16368
16368	16368
16368	16368
16368	16368
16368	16368
16368	16368
16368	16368
16368	16368
16368	16368
16368	16368
16368	16368
16368	16368
16368	16368
16368	16368
16368	16368
16368	16368
16368	16368
16368	16368
16368	16368
16368	16368
16368	16368
16368	16368
16368	16368
16368	16368
16368	16368
16368	16368
16368	16368
16368	16368
16368	16368
16368	16368
16368	16368
16368	16368
16368	16368
16368	16368
16368	16368
16368	16368
16368	16368
16368	16368
16368	16368
16368	16368
16368	16368
16368	16368
16368	16368
16368	16368
16368	16368
16368	16368
16368	16368
16368	16368
16368	16368
16368	16368
16368	16368
16368	16368
16368	16368
16368	16368
16368	16368
16368	16368
16368	16368
16368	16368
16368	16368
16368	16368
16368	16368
16368	16368
16368	16368
16368	16368
16368	16368
16368	16368
16368	16368
16368	16368
16368	16368
16368	16368
16368	16368
16368	16368
16368	16368
16368	16368
16368	16368
16368	16368
16368	16368
16368	16368
16368	16368
16368	16368
16368	16368
16368	16368
16368	16368
16368	16368
16368	16368
16368	16368
16368	16368
16368	16368
16368	16368
16368	16368
16368	16368
16368	16368
16368	16368
16368	16368
16368	16368
16368	16368
16368	16368
16368	16368
16368	16368
16368	16368
16368	16368
16368	16368
16368	16368
16368	16368
16368	16368
16368	16368
16368	16368
16368	16368
16368	16368
16368	16368
16368	16368
16368	16368
16368	16368
16368	16368
16368	16368
16368	16368
16368	16368
16368	16368
16368	16368
16368	16368
16368	16368
16368	16368
16368	16368
16368	16368
16368	16368
16368	16368
16368	16368
16368	16368
16368	16368
16368	16368
16368	16368
16368	16368
16368	16368
16368	16368
16368	16368
16368	16368
16368	16368
16368	16368
16368	16368
16368	16368
16368	16368
16368	16368
16368	16368
16368	16368
16368	16368
16368	16368
16368	16368
16368	16368
16368	16368
16368	16368
16368	16368
16368	16368
16368	16368
16368	16368
16368	16368
16368	16368
16368	16368
16368	16368
16368	16368
16368	16368
16368	16368
16368	16368
16368	16368
16368	16368
16368	16368
16368	16368
16368	16368
16368	16368
16368	16368
16368	16368
16368	16368
16368	16368
16368	16368
16368	16368
16368	16368
16368	16368
16368	16368
16368	16368
16368	16368
16368	16368
16368	16368
16368	16368
16368	16368
16368	16368
16368	16368
16368	16368
16368	16368
16368	16368
16368	16368
16368	16368
16368	16368
16368	16368
16368	16368
16368	16368
16368	16368
16368	16368
16368	16368
16368	16368
16368	16368
16368	16368
16368	16368
16368	16368
16368	16368
16368	16368
16368	16368
16368	16368
16368	16368
16368	16368
16368	16368
16368	16368
16368	16368
16368	16368
16368	16368
16368	16368
16368	16368
16368	16368
16368	16368
16368	16368
16368	16368
16368	16368
16368	16368
16368	16368
16368	16368
16368	16368
16368	16368
16368	16368
16368	16368
16368	16368
16368	16368
16368	16368
16368	16368
16368	16368
16368	16368
16368	16368
16368	16368
16368	16368
16368	16368
16368	16368
16368	16368
16368	16368
16368	16368
16368	16368
16368	16368
16368	16368
16368	16368
16368	16368
16368	16368
16368	16368
16368	16368
16368	16368
16368	16368
16368	16368
16368	16368
16368	16368
16368	16368
16368	16368
16368	16368
16368	16368
16368	16368
16368	16368
16368	16368
16368	16368
16368	16368
16368	16368
16368	16368
16368	16368
16368	16368
16368	16368
16368	16368
16368	16368
16368	16368
16368	16368
16368	16368
16368	16368
16368	16368
16368	16368
16368	16368
16368	16368
16368	16368
16368	16368
16368	16368
16368	16368
16368	16368
16368	16368
16368	16368
16368	16368
16368	16368
16368	16368
16368	16368
16368	16368
16368	16368
16368	16368
16368	16368
16368	16368
16368	16368
16368	16368
16368	16368
16368	16368
16368	16368
16368	16368
16368	16368
16368	16368
16368	16368
16368	16368
16368	16368
16368	16368
16368	16368
16368	16368
16368	16368
16368	16368
16368	16368
16368	16368
16368	16368
16368	16368
16368	16368
16368	16368
16368	16368
16368	16368
16368	16368
16368	16368
16368	16368
16368	16368
16368	16368
16368	16368
16368	16368
16368	16368
16368	16368
16368	16368
16368	16368
16368	16368
16368	16368
16368	16368
16368	16368
16368	16368
16368	16368
16368	16368
16368	16368
16368	16368
16368	16368
16368	16368
16368	16368
16368	16368
16368	16368
16368	16368
16368	16368
16368	16368
16368	16368
16368	16368
16368	16367
16368	16367
16368	16367
16368	16367
16368	16367
16368	16367
16368	16367
16368	16367
16368	16367
16368	16367
16368	16368
16368	16368
16368	16368
16368	16368
16368	16368
16368	16368
16368	16368
16368	16368
16368	16368
16368	16368
16368	16368
16368	16368
16368	16368
16368	16368
16368	16368
16368	16367
16368	16367
16368	16366
16368	16366
16368	16367
16368	16367
16368	16368
16368	16368
16368	16368
16368	16368
16368	16368
16368	16368
16368	16368
16368	16368
16368	16368
16368	16368
16368	16368
16368	16368
16368	16368
16368	16368
16368	16368
16368	16368
16368	16368
16368	16368
16368	16368
16368	16368
16368	16368
16368	16368
16368	16368
16368	16368
16368	16368
16368	16368
16368	16368
16368	16368
16368	16368
16368	16368
16368	16368
16368	16368
16368	16367
16368	16367
16368	16367
16368	16366
16368	16366
16368	16366
16368	16366
16368	16366
16368	16366
16368	16366
16368	16366
16368	16366
16368	16366
16368	16366
16368	16366
16368	16366
16368	16366
16368	16366
16368	16366
16368	16366
16368	16366
16368	16366
16368	16366
16368	16366
16368	16366
16368	16366
16368	16366
16368	16366
16368	16366
16368	16366
16368	16366
16368	16366
16368	16366
16368	16366
16368	16366
16368	16366
16368	16366
16368	16366
16368	16366
16368	16366
16368	16366
16368	16366
16368	16366
16368	16366
16368	16366
16368	16366
16368	16366
16368	16366
16368	16366
16368	16366
16368	16366
16368	16366
16368	16366
16368	16366
16368	16366
16368	16366
16368	16366
16368	16366
16368	16366
16368	16366
16368	16366
16368	16366
16368	16366
16368	16366
16367	16364
16366	16362
16365	16360
16365	16359
16365	16359
16365	16359
16365	16359
16365	16359
16365	16359
16365	16360
16366	16362
16367	16364
16368	16366
16368	16366
16368	16366
16368	16366
16368	16367
16368	16367
16368	16367
16368	16367
16368	16367
16368	16367
16368	16367
16368	16367
16368	16367
16367	16365
16366	16363
16365	16359
16364	16357
16364	16357
16365	16359
16366	16363
16367	16366
16368	16368
16368	16368
16368	16368
16368	16368
16368	16368
16368	16368
16368	16368
16368	16368
16368	16368
16368	16368
16368	16368
16368	16368
16368	16368
16368	16368
16368	16368
16368	16368
16368	16368
16368	16368
16368	16368
16368	16368
16368	16368
16368	16368
16368	16368
16368	16368
16368	16368
16368	16368
16368	16368
16368	16368
16368	16368
16368	16368
16367	16366
16366	16364
16365	16360
16364	16358
16364	16356
16364	16356
16364	16356
16364	16356
16364	16356
16364	16356
16364	16356
16364	16356
16364	16356
16364	16356
16364	16356
16364	16356
16364	16356
16364	16356
16364	16356
16364	16356
16364	16356
16364	16356
16364	16356
16364	16356
16364	16356
16364	16356
16364	16356
16364	16356
16364	16356
16364	16356
16364	16356
16364	16356
16364	16356
16364	16356
16364	16356
16364	16356
16364	16356
16364	16356
16364	16356
16364	16356
16364	16356
16364	16356
16364	16356
16364	16356
16364	16356
16364	16356
16364	16356
16364	16356
16364	16356
16364	16356
16364	16356
16364	16356
16364	16356
16364	16356
16364	16356
16364	16356
16364	16356
16364	16356
16364	16356
16364	16356
16364	16356
16364	16356
16363	16356
16363	16356
16361	16353
16358	16348
16354	16341
16351	16337
16349	16333
16349	16333
16349	16332
16349	16332
16349	16333
16349	16333
16351	16337
16354	16341
16357	16347
16361	16352
16363	16355
16363	16356
16364	16357
16365	16359
16365	16360
16366	16362
16366	16362
16366	16363
16366	16363
16366	16363
16366	16363
16365	16361
16363	16358
16358	16351
16351	16342
16347	16336
16347	16336
16351	16342
16358	16352
16363	16359
16368	16368
16368	16368
16368	16368
16368	16368
16368	16368
16368	16368
16368	16368
16368	16368
16368	16368
16368	16368
16368	16368
16368	16368
16368	16368
16368	16368
16368	16368
16368	16368
16368	16368
16368	16368
16368	16368
16368	16368
16368	16368
16368	16368
16368	16368
16368	16368
16368	16368
16368	16368
16368	16368
16368	16368
16368	16368
16368	16368
16365	16364
16361	16358
16354	16350
16349	16343
16347	16338
16346	16336
16345	16335
16345	16335
16345	16335
16345	16335
16345	16335
16345	16335
16345	16335
16345	16335
16345	16335
16345	16335
16345	16335
16345	16335
16345	16335
16345	16335
16345	16335
16345	16335
16345	16335
16345	16335
16345	16335
16345	16335
16345	16335
16345	16335
16345	16335
16345	16335
16346	16336
16346	16337
16346	16338
16347	16340
16347	16340
16347	16340
16347	16340
16347	16341
16347	16341
16347	16341
16347	16341
16347	16341
16347	16341
16347	16341
16347	16341
16347	16341
16347	16341
16347	16341
16347	16341
16347	16341
16347	16341
16347	16341
16347	16341
16347	16341
16347	16341
16347	16341
16347	16341
16347	16341
16347	16341
16347	16341
16347	16341
16347	16340
16347	16340
16346	16339
16343	16335
16336	16328
16327	16317
16320	16308
16315	16302
16314	16300
16314	16299
16314	16300
16314	16301
16315	16302
16320	16307
16326	16313
16333	16321
16340	16328
16345	16334
16347	16338
16349	16342
16352	16346
16355	16350
16356	16352
16357	16354
16358	16353
16357	16352
16357	16351
16357	16350
16355	16346
16350	16339
16342	16332
16333	16324
16327	16319
16328	16319
16334	16325
16344	16335
16354	16346
16368	16368
16368	16368
16368	16368
16368	16368
16368	16368
16368	16368
16368	16368
16368	16368
16368	16368
16368	16368
16368	16368
16368	16368
16368	16368
16368	16368
16368	16368
16368	16368
16368	16368
16368	16368
16368	16368
16368	16368
16368	16368
16368	16368
16368	16368
16368	16368
16368	16368
16368	16368
16368	16368
16368	16368
16368	16368
16368	16368
16364	16364
16358	16359
16348	16351
16340	16343
16336	16338
16334	16337
16332	16335
16332	16335
16332	16335
16332	16335
16332	16335
16332	16335
16332	16335
16332	16335
16332	16335
16332	16335
16332	16335
16332	16335
16332	16335
16332	16335
16332	16335
16332	16335
16332	16335
16332	16335
16332	16335
16332	16335
16332	16335
16332	16335
16332	16335
16332	16335
16334	16337
16335	16338
16337	16341
16339	16343
16340	16345
16341	16347
16341	16347
16341	16347
16341	16347
16341	16347
16341	16347
16341	16347
16341	16347
16341	16347
16341	16347
16341	16347
16341	16347
16341	16347
16341	16347
16341	16347
16341	16347
16341	16347
16341	16347
16341	16347
16341	16347
16341	16347
16341	16347
16341	16347
16341	16347
16341	16347
16341	16347
16341	16347
16340	16347
16338	16343
16334	16338
16325	16328
16313	16315
16302	16302
16295	16295
16292	16292
16292	16292
16293	16294
16293	16295
16296	16297
16300	16301
16305	16305
16313	16312
16321	16319
16329	16329
16335	16337
16340	16342
16344	16345
16349	16349
16350	16351
16350	16350
16349	16349
16348	16347
16347	16346
16344	16343
16338	16335
16331	16326
16323	16318
16316	16313
16313	16312
16314	16313
16319	16316
16328	16323
16337	16332
16368	16368
16368	16368
16368	16368
16368	16368
16368	16368
16368	16368
16368	16368
16368	16368
16368	16368
16368	16368
16368	16368
16368	16368
16368	16368
16368	16368
16368	16368
16368	16368
16368	16368
16368	16368
16368	16368
16368	16368
16368	16368
16368	16368
16368	16368
16368	16368
16368	16368
16368	16368
16368	16368
16368	16368
16368	16368
16368	16368
16365	16366
16362	16364
16356	16360
16350	16357
16347	16356
16345	16355
16345	16355
16345	16355
16345	16355
16345	16355
16345	16355
16345	16355
16345	16355
16345	16355
16345	16355
16345	16355
16345	16355
16345	16355
16345	16355
16345	16355
16345	16355
16345	16355
16345	16355
16345	16355
16345	16355
16345	16355
16345	16355
16345	16355
16345	16355
16345	16355
16345	16355
16347	16356
16348	16357
16352	16359
16353	16361
16355	16362
16356	16363
16356	16364
16356	16364
16356	16364
16356	16364
16356	16364
16356	16364
16356	16364
16356	16364
16356	16364
16356	16364
16356	16364
16356	16364
16356	16364
16356	16364
16356	16364
16356	16364
16356	16364
16356	16364
16356	16364
16356	16364
16356	16364
16356	16364
16356	16364
16356	16364
16356	16363
16355	16361
16351	16357
16343	16348
16332	16337
16318	16324
16307	16312
16300	16306
16298	16304
16298	16305
16301	16308
16301	16309
16304	16310
16307	16312
16310	16317
16315	16322
16324	16331
16333	16339
16341	16346
16345	16349
16348	16352
16351	16355
16353	16356
16353	16356
16352	16353
16348	16349
16346	16345
16342	16341
16336	16335
16326	16329
16320	16323
16316	16321
16315	16321
16315	16320
16318	16321
16323	16326
16330	16331
16368	16368
16368	16368
16368	16368
16368	16368
16368	16368
16368	16368
16368	16368
16368	16368
16368	16368
16368	16368
16368	16368
16368	16368
16368	16368
16368	16368
16368	16368
16368	16368
16368	16368
16368	16368
16368	16368
16368	16368
16368	16368
16368	16368
16368	16368
16368	16368
16368	16368
16368	16368
16368	16368
16368	16368
16368	16368
16368	16368
16368	16368
16366	16367
16364	16367
16363	16366
16362	16366
16362	16366
16362	16366
16362	16366
16362	16366
16362	16366
16362	16366
16362	16366
16362	16366
16362	16366
16362	16366
16362	16366
16362	16366
16362	16366
16362	16366
16362	16366
16362	16366
16362	16366
16362	16366
16362	16366
16362	16366
16362	16366
16362	16366
16362	16366
16362	16366
16362	16366
16362	16366
16362	16366
16363	16366
16364	16367
16365	16367
16366	16368
16366	16368
16366	16368
16366	16368
16366	16368
16366	16368
16366	16368
16366	16368
16366	16368
16366	16368
16366	16368
16366	16368
16366	16368
16366	16368
16366	16368
16366	16368
16366	16368
16366	16368
16366	16368
16366	16368
16366	16368
16366	16368
16366	16368
16366	16368
16366	16368
16366	16368
16366	16368
16364	16366
16361	16363
16352	16356
16341	16346
16329	16337
16320	16330
16314	16326
16314	16325
16314	16325
16315	16326
16316	16326
16318	16327
16320	16329
16325	16333
16331	16340
16339	16346
16346	16352
16350	16356
16353	16357
16355	16359
16359	16363
16360	16364
16359	16362
16354	16355
16347	16346
16342	16339
16338	16335
16334	16332
16330	16331
16327	16329
16326	16327
16324	16325
16323	16323
16324	16323
16328	16328
16334	16334
16368	16368
16368	16368
16368	16368
16368	16368
16368	16368
16368	16368
16368	16368
16368	16368
16368	16368
16368	16368
16368	16368
16368	16368
16368	16368
16368	16368
16368	16368
16368	16368
16368	16368
16368	16368
16368	16368
16368	16368
16368	16368
16368	16368
16368	16368
16368	16368
16368	16368
16368	16368
16368	16368
16368	16368
16368	16368
16368	16368
16368	16368
16368	16367
16368	16367
16367	16366
16367	16366
16367	16366
16367	16366
16367	16366
16367	16366
16367	16366
16367	16366
16367	16366
16367	16366
16367	16366
16367	16366
16367	16366
16367	16366
16367	16366
16367	16366
16367	16366
16367	16366
16367	16366
16367	16366
16367	16366
16367	16366
16367	16366
16367	16366
16367	16366
16367	16366
16367	16366
16367	16366
16367	16366
16367	16366
16368	16366
16368	16366
16368	16366
16368	16366
16368	16366
16368	16366
16368	16366
16368	16366
16368	16366
16368	16366
16368	16366
16368	16366
16368	16366
16368	16366
16368	16366
16368	16366
16368	16366
16368	16366
16368	16366
16368	16366
16368	16366
16368	16366
16368	16366
16368	16366
16368	16366
16368	16366
16368	16366
16368	16366
16368	16366
16367	16366
16365	16365
16360	16362
16354	16360
16347	16356
16341	16350
16338	16348
16337	16346
16337	16345
16337	16345
16337	16345
16337	16345
16338	16347
16342	16350
16347	16353
16353	16357
16357	16361
16360	16363
16362	16364
16364	16365
16365	16365
16366	16365
16363	16362
16355	16354
16344	16343
16338	16337
16333	16333
16331	16331
16331	16331
16330	16330
16328	16327
16324	16322
16319	16317
16320	16317
16326	16325
16335	16336
16368	16368
16368	16368
16368	16368
16368	16368
16368	16368
16368	16368
16368	16368
16368	16368
16368	16368
16368	16368
16368	16368
16368	16368
16368	16368
16368	16368
16368	16368
16368	16368
16368	16368
16368	16368
16368	16368
16368	16368
16368	16368
16368	16368
16368	16368
16368	16368
16368	16368
16368	16368
16368	16368
16368	16368
16368	16368
16368	16368
16367	16366
16366	16364
16365	16359
16364	16356
16363	16355
16363	16354
16363	16354
16363	16354
16363	16354
16363	16354
16363	16354
16363	16354
16363	16354
16363	16354
16363	16354
16363	16354
16363	16354
16363	16354
16363	16354
16363	16354
16363	16354
16363	16354
16363	16354
16363	16354
16363	16354
16363	16354
16363	16354
16363	16354
16363	16354
16363	16354
16363	16354
16363	16354
16363	16354
16363	16354
16363	16354
16363	16354
16363	16354
16363	16354
16363	16354
16363	16354
16363	16354
16363	16354
16363	16354
16363	16354
16363	16354
16363	16354
16363	16354
16363	16354
16363	16354
16363	16354
16363	16354
16363	16354
16363	16354
16363	16354
16363	16354
16363	16354
16363	16354
16363	16354
16363	16354
16363	16354
16363	16354
16363	16354
16363	16354
16363	16355
16363	16356
16361	16358
16360	16360
16357	16360
16354	16357
16353	16356
16351	16355
16351	16355
16351	16355
16351	16355
16353	16356
16355	16357
16358	16360
16360	16360
16362	16358
16363	16356
16362	16355
16362	16354
16363	16354
16362	16354
16359	16351
16352	16347
16342	16339
16336	16335
16333	16332
16331	16331
16331	16331
16330	16330
16327	16328
16322	16324
16317	16318
16317	16319
16326	16329
16339	16342
16368	16368
16368	16368
16368	16368
16368	16368
16368	16368
16368	16368
16368	16368
16368	16368
16368	16368
16368	16368
16368	16368
16368	16368
16368	16368
16368	16368
16368	16368
16368	16368
16368	16368
16368	16368
16368	16368
16368	16368
16368	16368
16368	16368
16368	16368
16368	16368
16368	16368
16368	16368
16368	16368
16368	16368
16368	16368
16368	16367
16365	16364
16360	16356
16353	16346
16348	16339
16345	16335
16344	16332
16344	16332
16344	16332
16344	16332
16344	16333
16344	16335
16344	16336
16344	16336
16344	16336
16344	16336
16344	16336
16344	16336
16344	16336
16344	16336
16344	16336
16344	16336
16344	16336
16344	16336
16344	16336
16344	16336
16344	16336
16344	16336
16344	16336
16344	16335
16344	16335
16344	16335
16344	16335
16344	16333
16344	16331
16343	16327
16343	16326
16343	16328
16344	16331
16344	16333
16344	16335
16344	16336
16344	16336
16344	16335
16344	16335
16344	16334
16344	16334
16344	16335
16344	16335
16344	16335
16344	16334
16344	16332
16343	16330
16343	16328
16343	16329
16344	16331
16344	16333
16344	16333
16343	16330
16343	16327
16342	16324
16342	16324
16343	16327
16344	16331
16344	16333
16347	16335
16350	16337
16354	16340
16357	16344
16357	16347
16357	16350
16357	16351
16357	16351
16357	16351
16357	16351
16357	16351
16357	16350
16357	16349
16355	16345
16351	16339
16347	16334
16344	16329
16342	16324
16342	16322
16342	16324
16341	16328
16340	16331
16335	16331
16332	16328
16331	16323
16328	16316
16328	16312
16328	16311
16326	16312
16323	16313
16321	16316
16322	16320
16332	16331
16343	16343
16368	16368
16368	16368
16368	16368
16368	16368
16368	16368
16368	16368
16368	16368
16368	16368
16368	16368
16368	16368
16368	16368
16368	16368
16368	16368
16368	16368
16368	16368
16368	16368
16368	16368
16368	16368
16368	16368
16368	16368
16368	16368
16368	16368
16368	16368
16368	16368
16368	16368
16368	16368
16368	16368
16368	16368
16368	16368
16367	16366
16363	16361
16352	16349
16340	16332
16330	16316
16322	16305
16318	16296
16316	16291
16316	16291
16319	16297
16322	16306
16327	16315
16330	16320
16331	16322
16331	16323
16332	16326
16332	16328
16332	16327
16331	16324
16330	16319
16330	16316
16330	16316
16330	16317
16330	16319
16331	16322
16331	16323
16331	16325
16332	16325
16331	16323
16328	16320
16327	16317
16327	16315
16327	16313
16322	16303
16311	16279
16300	16252
16295	16243
16301	16258
16312	16284
16323	16309
16329	16323
16332	16328
16332	16326
16329	16319
16326	16307
16322	16297
16322	16294
16324	16297
16327	16302
16327	16303
16323	16298
16317	16287
16308	16270
16303	16260
16305	16267
16316	16290
16323	16310
16322	16307
16311	16279
16296	16243
16286	16219
16288	16221
16298	16247
16312	16279
16320	16297
16320	16295
16315	16279
16312	16266
16315	16269
16323	16287
16333	16308
16339	16322
16340	16327
16341	16328
16340	16326
16338	16322
16336	16319
16335	16317
16331	16312
16324	16301
16314	16283
16302	16256
16288	16224
16280	16207
16287	16223
16304	16264
16319	16300
16323	16310
16315	16292
16297	16252
16276	16202
16259	16161
16254	16151
16264	16174
16279	16216
16295	16257
16310	16289
16326	16312
16342	16332
16368	16368
16368	16368
16368	16368
16368	16368
16368	16368
16368	16368
16368	16368
16368	16368
16368	16368
16368	16368
16368	16368
16368	16368
16368	16368
16368	16368
16368	16368
16368	16368
16368	16368
16368	16368
16368	16368
16368	16368
16368	16368
16368	16368
16368	16368
16368	16368
16368	16368
16368	16368
16368	16368
16368	16368
16368	16368
16366	16365
16358	16354
16342	16333
16320	16305
16301	16283
16287	16271
16275	16263
16269	16259
16269	16262
16277	16268
16288	16274
16296	16271
16298	16261
16298	16254
16302	16263
16311	16284
16319	16300
16317	16293
16303	16262
16285	16222
16274	16196
16272	16194
16279	16207
16287	16227
16295	16246
16303	16263
16309	16276
16311	16283
16310	16285
16304	16280
16299	16275
16296	16269
16291	16262
16276	16249
16243	16222
16207	16195
16197	16191
16221	16219
16261	16261
16297	16297
16319	16316
16325	16316
16316	16294
16295	16253
16267	16203
16243	16156
16230	16125
16228	16112
16233	16109
16239	16121
16242	16149
16241	16181
16229	16197
16218	16202
16232	16221
16269	16259
16297	16285
16292	16276
16247	16227
16189	16163
16149	16120
16153	16120
16192	16158
16240	16207
16269	16237
16266	16236
16240	16213
16221	16195
16225	16201
16253	16229
16285	16259
16306	16279
16314	16289
16315	16293
16311	16294
16308	16293
16304	16294
16302	16294
16296	16288
16280	16270
16252	16237
16210	16190
16163	16144
16139	16124
16164	16153
16227	16215
16281	16266
16297	16281
16269	16253
16209	16196
16132	16122
16071	16062
16054	16047
16091	16084
16156	16144
16217	16197
16257	16220
16282	16233
16308	16263
16368	16368
16368	16368
16368	16368
16368	16368
16368	16368
16368	16368
16368	16368
16368	16368
16368	16368
16368	16368
16368	16368
16368	16368
16368	16368
16368	16368
16368	16368
16368	16368
16368	16368
16368	16368
16368	16368
16368	16368
16368	16368
16368	16368
16368	16368
16368	16368
16368	16368
16368	16368
16368	16368
16368	16368
16368	16368
16364	16362
16349	16343
16320	16305
16285	16259
16260	16225
16251	16211
16249	16210
16253	16219
16260	16235
16268	16252
16266	16259
16252	16248
16230	16228
16215	16214
16227	16224
16255	16248
16276	16257
16262	16233
16214	16186
16156	16137
16122	16113
16121	16117
16143	16136
16171	16159
16196	16177
16217	16188
16234	16198
16245	16205
16252	16214
16252	16221
16247	16226
16243	16229
16239	16231
16233	16232
16224	16232
16217	16230
16221	16227
16241	16224
16267	16220
16287	16215
16297	16200
16287	16178
16253	16134
16196	16070
16127	15997
16062	15925
16012	15865
15983	15821
15972	15794
15986	15792
16033	15827
16100	15886
16151	15948
16180	15991
16199	16003
16219	15990
16227	15967
16214	15949
16180	15947
16138	15955
16108	15959
16104	15949
16121	15930
16148	15922
16169	15937
16179	15978
16176	16029
16171	16069
16176	16094
16190	16103
16207	16105
16220	16109
16230	16123
16242	16151
16256	16190
16271	16230
16282	16263
16290	16279
16286	16278
16269	16258
16235	16225
16194	16193
16164	16180
16157	16184
16179	16190
16212	16181
16235	16164
16237	16150
16221	16150
16195	16164
16159	16183
16132	16200
16128	16214
16153	16229
16189	16240
16209	16235
16199	16210
16191	16195
16224	16225
16368	16368
16368	16368
16368	16368
16368	16368
16368	16368
16368	16368
16368	16368
16368	16368
16368	16368
16368	16368
16368	16368
16368	16368
16368	16368
16368	16368
16368	16368
16368	16368
16368	16368
16368	16368
16368	16368
16368	16368
16368	16368
16368	16368
16368	16368
16368	16368
16368	16368
16368	16368
16368	16368
16368	16368
16366	16365
16360	16358
16338	16336
16295	16297
16241	16245
16195	16196
16168	16157
16156	16123
16158	16102
16176	16105
16206	16138
16234	16186
16248	16231
16249	16261
16247	16274
16254	16277
16260	16269
16246	16239
16213	16201
16182	16187
16167	16200
16167	16217
16174	16213
16180	16185
16179	16139
16171	16084
16158	16029
16147	15982
16145	15950
16151	15935
16163	15932
16179	15934
16190	15934
16197	15925
16195	15899
16183	15849
16156	15772
16119	15669
16070	15544
16012	15401
15951	15248
15889	15089
15824	14935
15752	14785
15669	14639
15580	14493
15491	14347
15408	14205
15336	14072
15277	13950
15231	13837
15207	13739
15214	13682
15253	13696
15296	13740
15296	13728
15246	13641
15185	13549
15166	13535
15209	13634
15287	13792
15337	13894
15326	13883
15268	13789
15221	13710
15244	13767
15369	14043
15567	14527
15770	15073
15907	15483
15965	15688
15975	15772
15984	15826
16009	15897
16059	15984
16122	16078
16188	16160
16235	16212
16257	16229
16254	16219
16230	16191
16195	16158
16170	16142
16168	16151
16180	16171
16174	16169
16137	16134
16092	16088
16066	16065
16076	16077
16118	16123
16173	16175
16219	16212
16242	16220
16251	16212
16252	16210
16249	16223
16236	16244
16234	16268
16263	16301
16368	16368
16368	16368
16368	16368
16368	16368
16368	16368
16368	16368
16368	16368
16368	16368
16368	16368
16368	16368
16368	16368
16368	16368
16368	16368
16368	16368
16368	16368
16368	16368
16368	16368
16368	16368
16368	16368
16368	16368
16368	16368
16368	16368
16368	16368
16368	16368
16368	16368
16368	16368
16368	16368
16368	16368
16365	16365
16356	16357
16339	16341
16307	16317
16267	16287
16227	16253
16182	16209
16131	16156
16085	16103
16066	16076
16088	16090
16142	16134
16201	16180
16244	16206
16262	16202
16263	16181
16248	16145
16212	16088
16174	16023
16162	15971
16173	15922
16171	15840
16122	15691
16024	15466
15893	15183
15744	14868
15598	14550
15461	14238
15341	13943
15240	13670
15155	13418
15079	13188
15006	12980
14931	12788
14842	12598
14724	12386
14571	12150
14389	11896
14178	11626
13940	11335
13680	11020
13415	10698
13154	10388
12908	10097
12677	9823
12451	9560
12229	9303
12010	9049
11803	8806
11614	8586
11441	8398
11292	8252
11206	8191
11221	8241
11278	8326
11265	8322
11155	8207
11042	8091
11040	8108
11196	8309
11426	8594
11582	8790
11578	8798
11457	8673
11360	8573
11459	8702
11910	9251
12728	10264
13697	11493
14471	12537
14922	13240
15174	13746
15377	14213
15583	14679
15785	15109
15957	15457
16082	15704
16151	15856
16173	15943
16168	16001
16148	16045
16131	16085
16128	16118
16147	16150
16175	16173
16185	16188
16171	16195
16151	16206
16145	16223
16158	16243
16187	16256
16210	16254
16212	16231
16188	16186
16158	16141
16151	16126
16178	16152
16223	16206
16274	16267
16317	16317
16368	16368
16368	16368
16368	16368
16368	16368
16368	16368
16368	16368
16368	16368
16368	16368
16368	16368
16368	16368
16368	16368
16368	16368
16368	16368
16368	16368
16368	16368
16368	16368
16368	16368
16368	16368
16368	16368
16368	16368
16368	16368
16368	16368
16368	16368
16368	16368
16368	16368
16368	16368
16368	16368
16368	16368
16365	16365
16359	16360
16344	16345
16321	16319
16286	16270
16244	16200
16194	16116
16141	16044
16100	16007
16092	16014
16113	16039
16143	16041
16156	15993
16134	15882
16068	15693
15963	15404
15823	15022
15653	14587
15461	14124
15262	13643
15048	13156
14799	12666
14482	12146
14075	11556
13592	10891
13066	10198
12535	9524
12021	8907
11541	8366
11100	7907
10701	7526
10345	7213
10034	6957
9761	6741
9503	6533
9233	6301
8947	6050
8665	5808
8393	5587
8113	5373
7819	5154
7526	4943
7248	4749
6990	4573
6750	4412
6521	4258
6296	4105
6071	3952
5856	3802
5663	3668
5507	3567
5410	3526
5406	3566
5501	3687
5615	3814
5630	3847
5531	3781
5432	3715
5469	3772
5693	3995
6003	4295
6222	4512
6249	4559
6140	4482
6051	4420
6182	4530
6705	4929
7660	5620
8833	6463
9890	7257
10709	7946
11412	8619
12124	9354
12851	10141
13532	10919
14105	11633
14549	12274
14888	12870
15167	13470
15426	14094
15671	14706
15876	15226
16019	15601
16099	15830
16133	15954
16150	16028
16171	16090
16205	16150
16242	16205
16270	16242
16280	16261
16276	16269
16255	16268
16215	16251
16175	16230
16156	16216
16171	16223
16214	16247
16268	16283
16315	16320
16368	16368
16368	16368
16368	16368
16368	16368
16368	16368
16368	16368
16368	16368
16368	16368
16368	16368
16368	16368
16368	16368
16368	16368
16368	16368
16368	16368
16368	16368
16368	16368
16368	16368
16368	16368
16368	16368
16368	16368
16368	16368
16368	16367
16368	16367
16368	16367
16368	16367
16368	16367
16368	16367
16368	16366
16366	16363
16360	16356
16346	16336
16314	16292
16248	16202
16142	16056
16012	15866
15894	15662
15813	15450
15764	15207
15704	14887
15578	14453
15365	13910
15065	13283
14653	12564
14087	11718
13389	10778
12629	9834
11862	8950
11108	8144
10384	7420
9709	6778
9060	6183
8378	5585
7653	4974
6930	4394
6266	3894
5705	3512
5269	3255
4953	3113
4742	3062
4607	3063
4523	3091
4458	3121
4381	3124
4265	3092
4113	3031
3959	2963
3821	2907
3691	2858
3564	2812
3447	2770
3344	2734
3253	2702
3171	2670
3092	2636
3012	2606
2932	2578
2854	2553
2783	2528
2730	2507
2717	2499
2766	2526
2875	2598
2993	2687
3042	2747
3016	2766
2995	2792
3067	2871
3265	3024
3521	3209
3711	3356
3773	3427
3740	3443
3716	3464
3802	3537
4048	3669
4422	3821
4850	3955
5257	4066
5645	4186
6076	4361
6599	4627
7211	4990
7877	5439
8569	5966
9290	6585
10076	7335
10962	8248
11942	9310
12930	10424
13798	11469
14485	12411
15000	13295
15385	14118
15667	14804
15870	15318
16019	15685
16123	15940
16189	16102
16226	16192
16250	16241
16268	16272
16277	16292
16277	16305
16276	16313
16280	16318
16289	16319
16305	16321
16326	16333
16368	16368
16368	16368
16368	16368
16368	16368
16368	16367
16367	16365
16367	16362
16367	16361
16367	16359
16367	16361
16367	16363
16367	16365
16367	16365
16367	16362
16367	16361
16367	16361
16367	16363
16368	16365
16368	16366
16367	16364
16366	16361
16365	16353
16363	16347
16363	16345
16363	16346
16363	16347
16361	16337
16357	16308
16346	16255
16323	16166
16275	16015
16180	15776
16016	15421
15769	14947
15445	14353
15054	13644
14586	12820
14012	11884
13309	10861
12484	9799
11578	8751
10636	7753
9676	6820
8692	5955
7722	5173
6832	4508
6077	3996
5463	3637
4969	3394
4549	3200
4161	3013
3774	2827
3397	2662
3061	2543
2799	2481
2624	2470
2534	2494
2506	2525
2517	2545
2537	2532
2550	2489
2554	2428
2540	2359
2513	2294
2483	2249
2466	2244
2468	2278
2479	2327
2490	2372
2496	2398
2495	2402
2483	2385
2465	2354
2446	2321
2430	2299
2424	2289
2424	2296
2427	2309
2424	2320
2415	2318
2415	2310
2443	2314
2501	2348
2569	2420
2633	2518
2699	2614
2778	2687
2873	2727
2976	2754
3069	2797
3143	2872
3207	2971
3273	3070
3347	3146
3422	3191
3477	3211
3498	3208
3490	3183
3484	3153
3520	3156
3628	3214
3815	3323
4068	3462
4381	3611
4769	3781
5276	4014
5942	4358
6770	4848
7702	5468
8666	6191
9682	7061
10827	8158
12055	9465
13200	10862
14150	12220
14904	13460
15478	14509
15872	15299
16103	15814
16218	16094
16268	16217
16293	16264
16308	16286
16323	16303
16330	16316
16328	16322
16329	16326
16335	16334
16366	16357
16366	16354
16365	16352
16365	16351
16363	16347
16356	16335
16347	16315
16339	16296
16335	16287
16339	16294
16347	16313
16355	16330
16354	16330
16347	16315
16340	16297
16339	16294
16346	16308
16355	16321
16357	16326
16354	16321
16343	16301
16320	16254
16298	16200
16290	16168
16295	16148
16288	16088
16241	15921
16129	15602
15934	15109
15644	14440
15238	13609
14703	12659
14033	11647
13249	10627
12350	9600
11338	8536
10233	7446
9093	6402
7985	5487
6972	4748
6090	4190
5334	3775
4685	3449
4119	3167
3628	2906
3220	2672
2920	2496
2734	2403
2635	2377
2565	2370
2491	2353
2421	2343
2380	2358
2382	2412
2429	2496
2505	2591
2585	2676
2643	2726
2662	2727
2630	2677
2554	2582
2454	2463
2346	2334
2243	2211
2171	2124
2161	2109
2207	2162
2277	2240
2338	2303
2366	2326
2359	2306
2322	2258
2271	2196
2221	2141
2183	2103
2164	2080
2165	2073
2179	2080
2201	2106
2220	2151
2230	2197
2237	2227
2262	2254
2333	2310
2441	2400
2548	2492
2610	2544
2615	2545
2597	2525
2609	2533
2677	2594
2790	2690
2899	2781
2967	2828
2984	2826
2978	2803
2966	2787
2946	2781
2932	2794
2947	2834
3008	2904
3100	2988
3193	3060
3261	3092
3305	3087
3362	3072
3484	3092
3715	3186
4067	3373
4530	3639
5120	3971
5896	4402
6932	5067
8267	6131
9825	7584
11442	9244
12945	10938
14204	12558
15142	13973
15739	15038
16052	15698
16184	16028
16234	16156
16259	16195
16281	16221
16300	16251
16311	16274
16318	16279
16334	16289
16319	16253
16309	16229
16309	16232
16311	16252
16302	16265
16278	16254
16250	16230
16235	16208
16241	16204
16265	16218
16289	16239
16293	16250
16273	16233
16246	16202
16237	16177
16243	16155
16244	16115
16236	16073
16232	16065
16217	16059
16153	15970
16049	15765
15934	15451
15787	14984
15519	14282
15053	13321
14370	12176
13469	10928
12377	9627
11151	8330
9886	7113
8693	6059
7655	5233
6755	4606
5921	4090
5124	3632
4411	3252
3840	2978
3437	2818
3182	2747
3024	2719
2905	2691
2778	2631
2629	2535
2472	2429
2358	2365
2325	2391
2360	2486
2407	2576
2432	2623
2452	2644
2491	2667
2554	2705
2633	2749
2707	2780
2761	2786
2773	2753
2737	2680
2655	2569
2536	2436
2402	2298
2265	2167
2140	2057
2057	1992
2050	1997
2108	2064
2189	2149
2249	2208
2267	2223
2241	2196
2189	2150
2135	2112
2094	2092
2071	2089
2055	2088
2045	2081
2043	2074
2066	2091
2127	2154
2206	2241
2261	2305
2291	2329
2324	2338
2377	2358
2437	2389
2482	2427
2501	2467
2511	2510
2536	2553
2587	2597
2651	2634
2707	2658
2728	2660
2717	2651
2698	2650
2696	2671
2714	2715
2757	2777
2817	2844
2885	2907
2954	2958
3000	2990
3014	2996
2996	2982
2968	2967
2964	2968
3007	3001
3111	3071
3265	3168
3442	3273
3661	3394
4051	3617
4790	4068
5904	4806
7286	5818
8863	7120
10608	8742
12386	10614
13949	12525
15087	14165
15748	15272
16031	15818
16112	15994
16136	16027
16168	16059
16206	16117
16222	16169
16246	16231
16188	16168
16150	16129
16157	16135
16199	16179
16236	16224
16248	16247
16236	16250
16217	16238
16199	16220
16194	16208
16205	16206
16212	16195
16194	16145
16151	16071
16106	16004
16052	15937
15966	15826
15876	15659
15823	15448
15748	15108
15518	14495
15056	13551
14365	12344
13422	10943
12198	9415
10767	7887
9311	6537
7974	5474
6809	4689
5813	4120
4972	3692
4297	3366
3797	3136
3443	2977
3169	2853
2938	2741
2752	2641
2629	2562
2570	2513
2559	2488
2568	2486
2572	2494
2553	2509
2513	2527
2471	2560
2475	2638
2562	2776
2701	2938
2810	3040
2849	3048
2838	2990
2815	2910
2798	2830
2785	2760
2767	2694
2729	2626
2663	2547
2569	2455
2453	2353
2324	2250
2201	2152
2089	2065
2001	1995
1956	1959
1974	1982
2049	2060
2137	2150
2199	2216
2215	2233
2192	2214
2154	2184
2130	2170
2128	2180
2144	2210
2159	2239
2162	2254
2156	2254
2166	2257
2213	2276
2280	2306
2327	2325
2339	2321
2334	2307
2333	2300
2348	2311
2383	2344
2434	2397
2493	2460
2546	2515
2587	2555
2609	2572
2615	2571
2610	2563
2608	2567
2627	2602
2672	2663
2733	2727
2797	2782
2860	2829
2915	2877
2961	2921
2991	2962
3005	2998
3009	3028
3014	3057
3030	3089
3063	3125
3116	3167
3182	3205
3245	3233
3312	3253
3427	3301
3676	3444
4135	3745
4850	4236
5847	4919
7161	5838
8842	7161
10852	9043
12888	11266
14489	13301
15426	14738
15816	15508
15918	15804
15964	15918
16045	16022
16137	16135
16247	16256
16192	16204
16154	16156
16147	16128
16172	16126
16205	16154
16233	16197
16250	16235
16254	16255
16250	16264
16245	16267
16236	16257
16198	16203
16105	16074
15984	15897
15886	15706
15785	15443
15588	14966
15222	14185
14663	13098
13841	11720
12670	10093
11185	8347
9558	6700
7967	5340
6543	4369
5375	3771
4514	3453
3938	3283
3560	3149
3303	3020
3115	2921
2980	2875
2898	2877
2855	2902
2823	2925
2779	2921
2716	2877
2642	2798
2569	2700
2510	2609
2478	2549
2478	2536
2514	2578
2578	2666
2672	2791
2803	2942
2969	3100
3125	3222
3201	3259
3172	3199
3073	3076
2947	2929
2822	2786
2709	2660
2615	2561
2534	2488
2459	2432
2385	2381
2310	2335
2239	2295
2171	2251
2104	2196
2039	2126
1999	2068
2015	2066
2087	2125
2174	2204
2239	2261
2257	2275
2240	2255
2213	2226
2204	2218
2222	2235
2260	2275
2299	2318
2324	2348
2331	2356
2323	2343
2316	2321
2312	2296
2303	2271
2284	2245
2267	2225
2260	2216
2271	2227
2303	2258
2355	2309
2416	2370
2471	2425
2511	2463
2526	2475
2520	2466
2510	2454
2518	2460
2559	2497
2624	2551
2679	2591
2717	2607
2746	2616
2781	2642
2828	2688
2881	2756
2942	2840
3002	2931
3061	3017
3111	3085
3151	3130
3181	3148
3194	3138
3183	3098
3163	3056
3182	3081
3307	3243
3547	3486
3859	3673
4230	3786
4757	3992
5688	4560
7267	5725
9414	7544
11703	9818
13645	12112
14934	13942
15590	15101
15880	15713
16033	15999
16143	16128
16223	16141
16163	16085
16113	16066
16075	16054
16060	16044
16086	16059
16142	16090
16191	16112
16216	16119
16231	16132
16241	16133
16224	16070
16138	15867
15944	15469
15626	14823
15179	13893
14529	12676
13572	11213
12269	9572
10692	7863
8968	6240
7249	4867
5700	3849
4471	3209
3647	2901
3221	2842
3094	2926
3111	3045
3129	3120
3075	3118
2975	3074
2911	3050
2920	3073
2974	3125
3036	3177
3080	3213
3092	3223
3056	3190
2975	3116
2866	3017
2760	2920
2684	2848
2661	2824
2697	2851
2786	2924
2909	3023
3045	3117
3161	3175
3228	3176
3220	3127
3139	3037
3013	2924
2873	2803
2738	2697
2626	2615
2546	2565
2496	2540
2463	2528
2436	2515
2413	2502
2390	2486
2362	2459
2311	2407
2230	2318
2151	2223
2125	2182
2166	2210
2233	2264
2280	2297
2284	2286
2255	2243
2220	2194
2203	2166
2216	2167
2251	2195
2292	2229
2320	2253
2326	2259
2313	2251
2291	2242
2267	2233
2240	2217
2212	2192
2190	2168
2180	2155
2187	2159
2215	2185
2264	2229
2325	2286
2378	2335
2413	2365
2422	2371
2409	2357
2396	2341
2398	2338
2424	2354
2462	2376
2480	2383
2478	2368
2474	2355
2490	2369
2539	2417
2618	2503
2720	2619
2835	2748
2944	2869
3027	2960
3073	3008
3082	3014
3057	2989
3009	2952
2970	2945
3025	3029
3233	3243
3495	3488
3618	3592
3580	3526
3576	3429
3839	3473
4557	3805
5890	4633
7874	6134
10236	8242
12470	10600
14179	12750
15250	14329
15794	15276
16032	15779
16071	16074
16029	16042
16056	16083
16090	16130
16093	16134
16080	16098
16058	16034
16024	15942
15990	15827
15966	15670
15895	15365
15659	14762
15163	13786
14362	12459
13218	10847
11735	9050
10030	7264
8309	5728
6718	4548
5320	3689
4184	3104
3386	2776
2937	2657
2754	2664
2735	2724
2798	2806
2897	2910
3009	3044
3117	3200
3203	3341
3252	3428
3266	3435
3262	3380
3260	3319
3267	3283
3277	3267
3274	3254
3246	3233
3190	3202
3119	3167
3052	3139
3005	3122
2989	3121
3010	3136
3061	3164
3121	3190
3166	3191
3164	3142
3110	3053
3028	2955
2938	2870
2844	2795
2752	2728
2677	2681
2628	2655
2605	2647
2599	2648
2596	2646
2587	2632
2571	2605
2547	2566
2513	2519
2455	2453
2363	2366
2269	2285
2227	2255
2249	2278
2291	2313
2309	2315
2282	2271
2221	2194
2156	2114
2113	2059
2103	2039
2122	2051
2149	2075
2170	2096
2177	2105
2178	2115
2188	2142
2202	2177
2202	2192
2181	2176
2158	2150
2143	2134
2143	2134
2164	2152
2202	2184
2252	2226
2296	2263
2322	2287
2326	2288
2311	2272
2292	2252
2285	2246
2299	2264
2319	2293
2322	2306
2307	2301
2295	2296
2308	2313
2357	2361
2442	2443
2561	2551
2693	2672
2815	2784
2906	2869
2955	2918
2964	2934
2950	2937
2942	2962
2976	3037
3078	3138
3242	3219
3411	3274
3509	3340
3498	3402
3415	3396
3346	3330
3421	3299
3834	3438
4787	3902
6387	4891
8535	6536
10854	8673
12860	10891
14312	12862
15272	14436
16141	16193
16095	16106
16093	16027
16103	15975
16094	15933
16050	15849
15948	15636
15755	15201
15441	14490
14964	13497
14227	12222
13125	10693
11654	9001
9939	7308
8152	5790
6470	4587
5063	3757
4049	3278
3413	3049
3044	2953
2830	2895
2714	2836
2667	2778
2669	2767
2727	2852
2852	3065
3041	3363
3258	3652
3448	3835
3567	3868
3588	3770
3523	3605
3413	3439
3317	3319
3258	3250
3226	3214
3207	3193
3193	3181
3183	3179
3180	3185
3181	3192
3185	3199
3194	3204
3204	3206
3215	3206
3217	3196
3189	3157
3117	3081
3011	2977
2910	2879
2832	2804
2771	2749
2723	2706
2691	2680
2675	2667
2674	2666
2674	2666
2668	2659
2645	2637
2608	2598
2556	2543
2495	2478
2425	2407
2347	2331
2282	2275
2266	2264
2291	2292
2320	2318
2311	2302
2255	2239
2166	2145
2077	2052
2015	1989
1991	1968
2001	1984
2027	2015
2050	2044
2061	2059
2077	2078
2115	2115
2163	2164
2185	2187
2173	2173
2144	2141
2126	2121
2125	2117
2142	2135
2170	2163
2207	2196
2240	2224
2259	2242
2259	2242
2243	2223
2222	2200
2218	2193
2243	2221
2287	2276
2318	2325
2330	2357
2340	2386
2365	2422
2412	2468
2481	2524
2570	2586
2666	2652
2759	2715
2833	2770
2879	2814
2903	2847
2924	2885
2977	2956
3079	3066
3170	3147
3175	3122
3122	3018
3131	2964
3220	3022
3303	3147
3321	3261
3304	3315
3309	3292
3428	3242
3869	3315
4878	3764
6541	4850
8702	6720
11075	9256
13292	11972
16186	16128
16050	15947
15895	15703
15755	15403
15601	14971
15331	14280
14815	13246
13954	11873
12734	10263
11234	8580
9587	6999
7941	5652
6426	4600
5152	3847
4190	3375
3565	3147
3227	3084
3082	3081
3028	3072
3007	3056
2984	3049
2948	3053
2926	3093
2968	3207
3129	3418
3419	3726
3774	4060
4067	4301
4197	4363
4137	4236
3937	3991
3696	3737
3495	3550
3367	3444
3303	3398
3269	3376
3247	3354
3230	3323
3217	3286
3206	3242
3194	3192
3178	3141
3163	3094
3150	3061
3141	3042
3130	3029
3096	3006
3029	2955
2936	2878
2844	2797
2771	2726
2712	2666
2667	2618
2638	2584
2625	2569
2624	2570
2629	2588
2632	2614
2623	2638
2599	2648
2557	2643
2502	2614
2434	2553
2352	2453
2285	2350
2265	2297
2287	2301
2311	2318
2295	2299
2229	2236
2134	2144
2044	2059
1986	2010
1976	2009
2001	2045
2042	2096
2078	2138
2098	2165
2114	2179
2145	2197
2183	2215
2196	2215
2177	2191
2144	2157
2121	2131
2117	2125
2132	2139
2160	2163
2191	2191
2218	2216
2235	2232
2232	2228
2211	2204
2182	2173
2170	2154
2193	2165
2246	2207
2305	2262
2355	2321
2403	2381
2451	2438
2496	2483
2538	2514
2575	2531
2608	2540
2640	2549
2675	2568
2712	2602
2755	2651
2809	2712
2884	2781
2983	2859
3064	2937
3065	2992
2986	2991
2898	2918
2884	2837
2977	2848
3135	2976
3258	3138
3281	3244
3212	3244
3132	3168
3233	3152
3833	3466
5282	4478
7686	6503
10622	9326
16015	15747
15724	15196
15290	14377
14679	13288
13802	11925
12575	10312
11020	8567
9296	6895
7615	5496
6160	4487
5030	3863
4229	3522
3684	3322
3317	3160
3093	3031
3014	2988
3037	3031
3080	3094
3095	3138
3103	3184
3132	3254
3187	3347
3276	3462
3419	3605
3627	3778
3889	3969
4147	4138
4312	4230
4319	4203
4169	4064
3932	3861
3710	3671
3565	3540
3493	3467
3467	3434
3453	3417
3430	3392
3391	3352
3332	3291
3258	3213
3176	3126
3093	3036
3020	2950
2964	2879
2928	2823
2909	2784
2890	2757
2854	2735
2801	2713
2744	2698
2691	2686
2643	2668
2600	2639
2562	2603
2542	2579
2548	2588
2582	2642
2645	2750
2723	2900
2800	3065
2862	3222
2885	3322
2839	3300
2703	3108
2528	2826
2404	2596
2366	2488
2361	2448
2335	2402
2268	2331
2179	2246
2102	2174
2060	2135
2065	2135
2103	2167
2158	2214
2204	2258
2234	2288
2247	2303
2252	2302
2254	2296
2244	2285
2220	2268
2188	2245
2162	2224
2153	2209
2159	2204
2175	2204
2197	2211
2217	2223
2232	2235
2229	2241
2211	2238
2185	2229
2166	2219
2164	2208
2185	2204
2223	2213
2276	2242
2334	2286
2393	2337
2438	2387
2469	2430
2482	2467
2487	2495
2492	2520
2506	2546
2540	2577
2589	2614
2644	2643
2692	2655
2734	2649
2795	2663
2886	2730
2957	2813
2931	2832
2834	2783
2779	2751
2851	2822
3027	3002
3206	3214
3292	3346
3286	3398
3300	3465
3497	3617
4144	4001
5661	5015
8061	6776
15143	14002
14172	12572
12855	10876
11281	9064
9579	7328
7896	5858
6370	4755
5116	4006
4203	3544
3634	3293
3346	3178
3230	3139
3172	3129
3103	3119
3038	3124
3036	3180
3103	3280
3185	3373
3251	3443
3319	3504
3406	3579
3513	3671
3632	3770
3762	3875
3898	3971
4025	4045
4119	4082
4152	4072
4108	4014
3989	3912
3822	3765
3639	3582
3480	3396
3370	3252
3309	3170
3276	3129
3250	3102
3216	3076
3169	3043
3112	3003
3043	2952
2967	2892
2888	2824
2810	2752
2739	2680
2680	2618
2640	2575
2627	2567
2636	2594
2665	2641
2694	2685
2709	2708
2699	2707
2671	2692
2650	2689
2667	2730
2745	2834
2895	3003
3102	3218
3339	3450
3565	3656
3719	3780
3704	3731
3459	3456
3077	3056
2757	2726
2590	2562
2521	2506
2469	2482
2405	2453
2334	2419
2273	2388
2238	2366
2229	2354
2244	2352
2274	2356
2304	2361
2328	2367
2341	2375
2344	2387
2343	2403
2342	2419
2339	2430
2328	2428
2312	2411
2290	2378
2268	2336
2247	2291
2232	2255
2229	2234
2237	2234
2254	2253
2270	2281
2285	2310
2288	2322
2271	2299
2242	2251
2219	2207
2220	2189
2244	2206
2289	2256
2349	2339
2422	2447
2499	2565
2570	2676
2627	2756
2668	2797
2690	2795
2696	2755
2681	2688
2645	2606
2589	2515
2543	2429
2542	2367
2578	2348
2620	2392
2659	2507
2729	2686
2865	2904
3064	3130
3266	3323
3403	3460
3483	3557
3566	3638
3678	3715
3896	3838
4501	4154
5573	4665
12287	10179
10526	8350
8736	6750
7039	5425
5576	4407
4489	3747
3808	3418
3442	3292
3265	3242
3181	3206
3142	3174
3139	3177
3166	3231
3215	3332
3292	3473
3406	3642
3533	3802
3632	3907
3688	3943
3721	3941
3761	3932
3811	3930
3871	3938
3934	3950
3986	3955
4013	3941
4007	3899
3964	3830
3891	3746
3793	3646
3659	3524
3484	3366
3296	3200
3150	3071
3069	3002
3030	2968
3006	2943
2980	2913
2950	2876
2912	2833
2865	2784
2812	2736
2756	2691
2699	2655
2646	2625
2599	2606
2571	2598
2571	2611
2600	2638
2637	2663
2665	2672
2673	2666
2667	2656
2665	2661
2688	2702
2760	2788
2884	2909
3044	3037
3213	3135
3359	3177
3456	3150
3470	3050
3355	2873
3087	2633
2751	2395
2499	2243
2398	2212
2395	2259
2425	2335
2454	2412
2474	2477
2485	2523
2488	2551
2483	2558
2470	2545
2450	2516
2429	2480
2413	2452
2414	2452
2437	2490
2475	2550
2511	2602
2531	2627
2529	2620
2504	2582
2457	2517
2394	2438
2328	2353
2271	2277
2233	2220
2219	2190
2229	2188
2257	2210
2291	2242
2306	2267
2284	2266
2233	2244
2185	2213
2166	2196
2185	2207
2245	2261
2348	2364
2484	2510
2635	2677
2769	2827
2859	2928
2890	2953
2855	2902
2770	2790
2656	2648
2539	2515
2435	2409
2341	2321
2254	2232
2203	2168
2241	2194
2391	2346
2629	2599
2902	2887
3154	3149
3355	3359
3506	3522
3621	3653
3710	3751
3772	3815
3845	3870
3983	3922
4150	3927
8001	6097
6394	4905
5175	4129
4311	3692
3756	3519
3486	3544
3424	3657
3432	3729
3413	3687
3346	3556
3268	3412
3242	3340
3298	3378
3427	3516
3616	3728
3835	3973
4031	4188
4145	4303
4165	4303
4124	4229
4067	4132
4012	4036
3969	3953
3933	3885
3898	3823
3848	3755
3781	3675
3696	3585
3603	3495
3507	3407
3399	3316
3266	3205
3123	3086
3015	2984
2951	2910
2911	2851
2877	2794
2836	2741
2794	2700
2751	2670
2710	2651
2673	2639
2646	2632
2628	2629
2619	2628
2618	2628
2626	2628
2644	2634
2671	2653
2696	2686
2710	2728
2713	2765
2711	2789
2719	2800
2753	2810
2821	2833
2913	2871
2993	2903
3030	2905
3003	2862
2906	2768
2751	2635
2559	2482
2361	2332
2198	2214
2114	2150
2117	2145
2177	2178
2262	2227
2347	2280
2423	2329
2481	2371
2521	2407
2539	2430
2537	2445
2516	2446
2485	2441
2465	2443
2476	2472
2529	2537
2606	2620
2668	2685
2693	2706
2678	2686
2630	2631
2554	2552
2460	2452
2360	2346
2267	2245
2194	2163
2151	2112
2141	2097
2157	2112
2192	2154
2240	2237
2290	2364
2329	2489
2335	2539
2310	2496
2287	2415
2303	2361
2375	2376
2505	2467
2673	2623
2840	2801
2960	2955
3006	3043
2967	3050
2862	2986
2724	2879
2592	2765
2488	2660
2401	2561
2308	2459
2236	2386
2253	2398
2393	2523
2629	2730
2899	2958
3145	3152
3339	3296
3492	3407
3621	3512
3723	3607
3795	3688
3854	3764
3877	3791
3836	3753
4683	3807
3946	3420
3551	3278
3434	3348
3523	3576
3734	3875
3942	4121
4030	4211
3954	4121
3771	3927
3579	3738
3476	3644
3500	3676
3636	3809
3845	3990
4077	4165
4270	4286
4360	4319
4335	4261
4236	4146
4111	4012
3991	3890
3890	3792
3809	3719
3741	3662
3672	3610
3595	3552
3515	3491
3437	3434
3364	3376
3289	3313
3196	3234
3090	3131
2983	3009
2882	2871
2788	2734
2702	2618
2638	2544
2604	2524
2600	2552
2616	2610
2639	2671
2656	2712
2661	2717
2653	2687
2631	2629
2602	2553
2572	2476
2565	2435
2604	2467
2681	2567
2766	2688
2824	2779
2841	2813
2827	2797
2805	2756
2790	2719
2784	2701
2776	2697
2754	2698
2708	2692
2639	2671
2550	2627
2449	2560
2354	2483
2288	2413
2253	2356
2238	2304
2231	2253
2228	2206
2231	2168
2241	2149
2259	2149
2282	2166
2310	2200
2336	2242
2361	2287
2392	2333
2437	2384
2506	2441
2584	2501
2641	2543
2657	2556
2637	2538
2584	2494
2507	2427
2412	2342
2307	2248
2207	2158
2125	2087
2077	2046
2063	2040
2080	2062
2134	2128
2254	2275
2455	2524
2666	2784
2757	2900
2692	2818
2547	2632
2419	2455
2369	2358
2415	2370
2549	2486
2735	2672
2922	2880
3062	3059
3129	3173
3123	3216
3063	3197
2972	3130
2866	3027
2752	2907
2642	2801
2575	2750
2594	2783
2709	2897
2880	3038
3048	3146
3167	3183
3231	3159
3278	3131
3340	3147
3422	3219
3516	3334
3619	3473
3663	3547
3648	3560
3402	3347
3218	3269
3194	3277
3332	3402
3599	3631
3911	3900
4153	4111
4242	4191
4168	4144
4010	4041
3868	3970
3820	3977
3880	4061
4009	4178
4145	4257
4231	4251
4248	4166
4202	4052
4112	3937
3994	3825
3869	3719
3759	3634
3680	3579
3628	3556
3597	3554
3570	3555
3540	3552
3506	3542
3470	3526
3427	3500
3376	3455
3302	3380
3195	3262
3052	3098
2879	2903
2704	2709
2563	2557
2484	2477
2477	2480
2536	2556
2629	2669
2722	2777
2781	2839
2782	2829
2724	2748
2624	2622
2506	2485
2393	2374
2331	2322
2352	2343
2452	2426
2582	2537
2690	2640
2748	2720
2759	2779
2745	2828
2731	2875
2729	2912
2733	2921
2731	2884
2714	2798
2678	2680
2626	2559
2565	2463
2500	2399
2443	2362
2388	2336
2333	2312
2275	2285
2216	2258
2171	2233
2141	2218
2131	2213
2140	2216
2168	2229
2206	2245
2248	2263
2290	2278
2327	2290
2362	2295
2396	2301
2420	2309
2431	2316
2421	2314
2387	2292
2334	2252
2263	2197
2183	2132
2106	2071
2051	2032
2025	2023
2031	2040
2063	2081
2136	2155
2287	2288
2537	2491
2795	2695
2906	2779
2824	2710
2636	2559
2453	2418
2350	2344
2351	2360
2458	2464
2638	2630
2845	2816
3033	2983
3164	3103
3231	3166
3234	3173
3184	3137
3092	3066
2983	2983
2896	2923
2868	2920
2924	2991
3041	3110
3160	3215
3219	3244
3187	3171
3089	3034
3001	2913
2981	2881
3052	2959
3194	3128
3374	3340
3483	3481
3527	3549
3499	3723
3492	3769
3495	3764
3569	3784
3727	3869
3922	3991
4078	4092
4140	4131
4115	4116
4064	4096
4048	4112
4093	4170
4183	4245
4270	4288
4292	4255
4213	4133
4062	3957
3906	3796
3782	3678
3683	3597
3600	3537
3542	3501
3514	3495
3516	3516
3538	3554
3561	3590
3578	3614
3586	3630
3584	3634
3569	3619
3526	3568
3441	3467
3308	3319
3133	3147
2938	2978
2751	2828
2608	2715
2535	2655
2541	2653
2612	2701
2718	2770
2815	2829
2864	2848
2842	2811
2750	2724
2621	2619
2501	2545
2433	2544
2429	2607
2469	2678
2532	2726
2604	2759
2683	2806
2772	2886
2876	3010
2995	3168
3113	3332
3197	3449
3208	3467
3121	3348
2942	3108
2714	2802
2495	2506
2336	2287
2254	2171
2231	2139
2239	2166
2261	2223
2288	2290
2310	2351
2328	2403
2341	2443
2349	2467
2352	2473
2349	2463
2338	2439
2323	2406
2307	2369
2289	2331
2266	2286
2248	2246
2238	2224
2241	2220
2243	2223
2232	2219
2204	2197
2160	2160
2108	2116
2061	2077
2035	2059
2038	2068
2067	2100
2115	2153
2184	2216
2283	2282
2414	2341
2533	2378
2576	2382
2529	2356
2439	2323
2362	2308
2340	2329
2382	2392
2486	2489
2629	2609
2780	2729
2914	2837
3011	2918
3059	2966
3067	2985
3043	2981
2997	2963
2947	2935
2912	2905
2918	2898
2990	2945
3101	3035
3196	3119
3215	3144
3135	3086
2997	2981
2882	2899
2859	2904
2950	3008
3135	3190
3356	3389
3501	3507
3580	3564
3899	3950
3969	3994
3956	3976
3944	3969
3986	4012
4063	4084
4128	4143
4150	4166
4141	4164
4139	4172
4169	4206
4223	4250
4269	4270
4264	4229
4187	4126
4046	3983
3879	3837
3734	3721
3636	3645
3572	3598
3531	3571
3513	3562
3521	3573
3551	3599
3591	3634
3630	3665
3656	3684
3668	3688
3666	3674
3641	3636
3574	3553
3453	3418
3294	3257
3142	3133
3021	3071
2930	3044
2863	3027
2821	3001
2805	2967
2810	2924
2822	2871
2823	2812
2801	2747
2752	2687
2680	2637
2615	2613
2597	2642
2661	2747
2780	2892
2882	3005
2924	3053
2934	3057
2948	3051
3001	3065
3106	3120
3257	3216
3420	3334
3543	3433
3569	3469
3462	3409
3229	3250
2924	3025
2616	2775
2367	2544
2213	2371
2154	2277
2169	2258
2226	2285
2298	2327
2368	2371
2429	2410
2477	2446
2512	2479
2527	2504
2524	2520
2508	2530
2484	2536
2452	2527
2408	2496
2352	2439
2295	2373
2258	2322
2246	2301
2248	2301
2246	2298
2227	2280
2192	2244
2150	2205
2117	2172
2101	2154
2107	2155
2139	2179
2191	2226
2248	2277
2290	2308
2301	2296
2282	2255
2258	2217
2246	2207
2248	2216
2267	2237
2308	2270
2371	2317
2455	2378
2550	2457
2654	2556
2756	2674
2848	2799
2921	2919
2973	3020
3002	3090
3007	3115
2984	3082
2935	2998
2889	2901
2890	2847
2943	2860
3013	2916
3053	2971
3034	2995
2981	2999
2951	3016
2986	3078
3096	3184
3256	3309
3411	3413
3483	3453
3508	3466
3867	3726
3865	3704
3860	3745
3898	3856
3983	4001
4082	4128
4152	4198
4175	4199
4170	4155
4167	4107
4187	4082
4215	4079
4217	4074
4166	4041
4064	3971
3936	3878
3816	3788
3729	3729
3678	3707
3650	3705
3636	3709
3632	3711
3639	3707
3651	3698
3667	3687
3682	3673
3687	3656
3677	3634
3653	3604
3607	3566
3523	3498
3388	3388
3241	3275
3152	3218
3140	3233
3162	3275
3177	3297
3162	3277
3110	3211
3025	3105
2921	2974
2813	2844
2719	2741
2654	2677
2623	2658
2629	2681
2685	2744
2799	2847
2938	2969
3051	3069
3107	3131
3115	3152
3099	3140
3080	3101
3075	3050
3097	3006
3143	2983
3195	2983
3230	2996
3223	3011
3163	3018
3053	3002
2906	2952
2737	2868
2580	2768
2470	2678
2417	2609
2400	2557
2393	2508
2389	2459
2389	2422
2398	2398
2417	2393
2444	2406
2475	2433
2511	2473
2545	2514
2564	2546
2554	2550
2507	2522
2439	2470
2384	2420
2359	2391
2354	2380
2352	2380
2338	2379
2310	2370
2276	2351
2246	2324
2223	2295
2214	2273
2227	2270
2261	2287
2302	2316
2324	2335
2310	2324
2268	2288
2229	2247
2210	2214
2204	2183
2202	2154
2209	2132
2231	2132
2273	2161
2341	2228
2446	2339
2585	2489
2747	2670
2915	2859
3064	3028
3168	3145
3202	3180
3156	3131
3044	3024
2916	2908
2830	2831
2816	2821
2861	2869
2930	2950
2990	3032
3037	3103
3090	3172
3164	3243
3255	3310
3342	3364
3406	3404
3434	3431
3469	3498
3625	3641
3638	3724
3740	3859
3909	4020
4086	4162
4214	4240
4254	4229
4208	4142
4108	4011
4000	3882
3926	3793
3891	3757
3888	3768
3888	3802
3868	3825
3819	3812
3761	3777
3729	3759
3734	3779
3758	3816
3780	3846
3787	3852
3774	3826
3742	3775
3700	3708
3653	3640
3611	3580
3577	3541
3552	3523
3530	3516
3490	3499
3419	3457
3345	3411
3314	3391
3334	3406
3368	3428
3380	3429
3348	3395
3276	3324
3165	3226
3036	3115
2912	3011
2817	2934
2764	2895
2752	2893
2778	2920
2836	2972
2923	3039
3023	3116
3112	3189
3176	3249
3209	3288
3204	3293
3162	3255
3089	3177
3007	3080
2936	2981
2884	2897
2861	2844
2868	2830
2893	2849
2921	2891
2938	2939
2933	2985
2905	3012
2859	3005
2799	2960
2730	2890
2658	2807
2582	2720
2517	2639
2465	2569
2433	2514
2421	2480
2426	2462
2445	2455
2472	2458
2497	2469
2510	2491
2508	2515
2482	2515
2438	2459
2388	2362
2354	2278
2347	2259
2364	2307
2387	2384
2393	2434
2374	2419
2333	2344
2287	2248
2263	2187
2272	2196
2307	2268
2342	2350
2343	2380
2309	2346
2258	2281
2208	2217
2158	2158
2107	2103
2070	2064
2058	2049
2083	2069
2148	2127
2256	2217
2400	2335
2569	2473
2747	2614
2903	2739
3009	2826
3043	2865
3008	2862
2937	2839
2870	2825
2838	2836
2856	2882
2919	2960
3009	3058
3101	3156
3184	3248
3255	3323
3315	3377
3360	3410
3392	3429
3418	3447
3437	3448
3516	3503
3768	3927
3926	4133
4044	4208
4126	4187
4171	4124
4164	4040
4103	3951
4003	3869
3892	3813
3799	3789
3746	3797
3740	3828
3773	3875
3827	3927
3868	3962
3869	3965
3846	3943
3833	3932
3852	3941
3883	3952
3903	3951
3898	3925
3861	3873
3796	3800
3716	3717
3638	3638
3575	3577
3536	3543
3523	3532
3524	3535
3516	3529
3486	3499
3446	3455
3427	3432
3436	3440
3455	3461
3457	3473
3431	3462
3376	3427
3297	3374
3211	3315
3133	3262
3077	3229
3055	3224
3064	3245
3095	3278
3137	3312
3185	3335
3234	3354
3288	3384
3339	3426
3379	3464
3389	3477
3358	3452
3283	3380
3181	3278
3071	3163
2971	3057
2902	2983
2874	2951
2888	2962
2931	3005
2991	3068
3058	3140
3109	3201
3122	3221
3087	3193
3021	3132
2938	3052
2848	2965
2761	2876
2681	2791
2613	2715
2563	2653
2526	2605
2501	2568
2487	2542
2488	2535
2514	2555
2556	2594
2566	2594
2485	2497
2339	2349
2228	2286
2235	2412
2365	2714
2547	3069
2668	3296
2654	3275
2507	3010
2300	2617
2144	2275
2115	2116
2209	2157
2343	2300
2413	2399
2386	2400
2317	2350
2252	2300
2197	2262
2152	2231
2121	2210
2108	2201
2121	2206
2162	2228
2224	2260
2306	2302
2400	2352
2497	2405
2585	2459
2656	2517
2707	2586
2743	2656
2764	2712
2785	2751
2819	2794
2881	2858
2967	2949
3070	3059
3179	3179
3282	3299
3369	3403
3431	3480
3464	3524
3479	3543
3492	3550
3469	3510
3469	3454
4042	4081
4255	4261
4282	4254
4187	4139
4058	4008
3940	3910
3858	3869
3820	3886
3829	3949
3870	4032
3927	4103
3979	4146
4018	4156
4046	4142
4057	4120
4050	4101
4034	4088
4023	4079
4018	4063
4007	4031
3981	3981
3933	3913
3866	3835
3785	3750
3702	3670
3628	3602
3573	3554
3541	3527
3533	3520
3536	3525
3531	3522
3500	3497
3456	3460
3432	3440
3440	3446
3463	3468
3484	3492
3488	3508
3474	3509
3445	3501
3411	3488
3382	3477
3370	3477
3379	3494
3407	3524
3442	3553
3463	3566
3465	3553
3456	3531
3465	3528
3497	3554
3533	3590
3549	3605
3525	3581
3457	3511
3354	3406
3235	3285
3128	3177
3051	3104
3020	3076
3033	3088
3075	3132
3140	3197
3214	3272
3278	3339
3304	3367
3281	3350
3226	3299
3152	3228
3067	3149
2980	3065
2893	2979
2812	2896
2742	2820
2685	2755
2638	2700
2603	2658
2587	2634
2596	2632
2615	2637
2595	2608
2498	2520
2395	2461
2441	2588
2739	2995
3249	3623
3792	4268
4128	4660
4100	4623
3707	4158
3108	3444
2544	2747
2202	2284
2130	2123
2230	2182
2343	2299
2384	2372
2372	2395
2348	2392
2328	2382
2311	2372
2298	2363
2291	2358
2290	2352
2296	2347
2305	2342
2315	2338
2330	2334
2348	2335
2374	2346
2422	2388
2502	2471
2599	2580
2677	2666
2726	2714
2769	2752
2832	2812
2925	2906
3043	3032
3176	3179
3313	3335
3437	3478
3532	3591
3589	3658
3613	3689
3618	3693
3570	3647
3485	3567
4056	4014
4179	4078
4161	4071
4075	4037
3993	4022
3952	4042
3968	4101
4032	4187
4126	4278
4216	4348
4273	4371
4284	4344
4252	4275
4194	4187
4138	4109
4105	4068
4093	4054
4085	4042
4060	4007
4013	3947
3944	3871
3865	3789
3780	3709
3699	3638
3625	3579
3567	3534
3528	3505
3506	3491
3502	3489
3507	3494
3510	3501
3498	3502
3474	3495
3459	3489
3463	3486
3478	3492
3500	3505
3518	3522
3531	3535
3535	3544
3534	3549
3534	3552
3539	3558
3556	3569
3581	3583
3603	3596
3609	3602
3596	3602
3578	3608
3580	3632
3607	3670
3644	3708
3657	3722
3631	3693
3560	3617
3449	3506
3327	3384
3222	3281
3152	3215
3127	3191
3141	3206
3185	3249
3248	3303
3318	3359
3378	3401
3405	3415
3391	3397
3342	3352
3275	3292
3201	3224
3122	3154
3040	3080
2959	3004
2883	2932
2815	2864
2754	2800
2704	2746
2675	2710
2670	2705
2676	2721
2654	2716
2579	2657
2531	2602
2657	2670
3045	2939
3637	3372
4240	3820
4602	4084
4559	4039
4114	3685
3429	3153
2760	2639
2306	2297
2139	2183
2187	2240
2305	2350
2390	2429
2425	2460
2428	2456
2419	2438
2407	2419
2397	2402
2389	2393
2383	2387
2377	2389
2373	2397
2370	2412
2370	2434
2374	2455
2384	2479
2422	2520
2501	2590
2605	2672
2682	2726
2721	2746
2749	2758
2801	2801
2893	2892
3027	3031
3192	3210
3367	3403
3528	3583
3654	3722
3732	3807
3767	3845
3772	3849
3733	3822
3686	3810
3994	4020
4027	4049
4039	4083
4055	4123
4087	4171
4142	4220
4212	4264
4285	4298
4346	4311
4374	4296
4359	4250
4304	4179
4218	4098
4124	4018
4044	3953
3999	3910
3977	3879
3956	3842
3911	3791
3847	3726
3772	3661
3698	3606
3634	3567
3583	3542
3542	3527
3514	3520
3499	3518
3492	3514
3489	3510
3493	3510
3501	3517
3513	3532
3520	3546
3518	3546
3512	3531
3506	3513
3508	3502
3514	3499
3523	3502
3531	3507
3536	3514
3541	3518
3544	3518
3547	3514
3549	3505
3550	3495
3560	3508
3585	3561
3631	3650
3688	3744
3744	3819
3787	3866
3801	3881
3771	3851
3693	3775
3583	3665
3462	3547
3359	3444
3294	3377
3271	3353
3287	3366
3325	3400
3368	3430
3399	3433
3410	3411
3403	3376
3377	3345
3337	3310
3286	3270
3230	3227
3169	3180
3104	3127
3038	3071
2972	3013
2906	2953
2844	2895
2787	2838
2748	2795
2738	2773
2755	2774
2764	2781
2729	2773
2676	2757
2691	2769
2829	2831
3072	2933
3326	3033
3470	3078
3423	3036
3192	2910
2854	2734
2533	2561
2325	2435
2265	2381
2318	2395
2404	2444
2468	2491
2489	2509
2478	2493
2448	2459
2418	2423
2393	2396
2382	2385
2381	2393
2396	2422
2426	2469
2466	2530
2514	2601
2563	2674
2607	2736
2654	2792
2713	2843
2769	2881
2796	2884
2791	2860
2787	2840
2818	2859
2905	2941
3049	3085
3238	3279
3445	3495
3639	3696
3789	3854
3882	3949
3919	3985
3921	3982
3903	3967
3910	3970
4086	4161
4125	4197
4169	4232
4207	4252
4237	4256
4253	4241
4255	4208
4241	4161
4210	4104
4159	4034
4090	3957
4018	3881
3949	3814
3891	3764
3844	3723
3804	3683
3762	3638
3716	3589
3662	3540
3605	3499
3556	3472
3527	3472
3519	3498
3527	3540
3540	3584
3555	3620
3565	3642
3566	3644
3558	3634
3552	3620
3553	3611
3564	3609
3574	3604
3567	3585
3543	3547
3512	3507
3490	3476
3479	3461
3481	3464
3487	3477
3495	3493
3502	3506
3502	3507
3491	3493
3470	3465
3452	3437
3466	3446
3540	3522
3661	3650
3782	3777
3868	3868
3920	3919
3934	3930
3903	3898
3827	3822
3720	3713
3603	3597
3500	3494
3433	3425
3406	3398
3417	3409
3447	3438
3465	3453
3447	3427
3397	3369
3346	3314
3311	3282
3283	3266
3257	3253
3227	3240
3196	3224
3157	3199
3111	3167
3062	3128
3012	3084
2960	3036
2906	2987
2858	2939
2820	2888
2794	2838
2783	2803
2797	2818
2833	2883
2881	2961
2928	3010
2963	3016
2974	2989
2961	2950
2926	2923
2869	2906
2792	2884
2699	2832
2599	2742
2513	2633
2469	2545
2471	2509
2503	2518
2521	2534
2509	2529
2480	2514
2450	2501
2430	2495
2424	2502
2439	2525
2478	2566
2535	2624
2607	2693
2689	2769
2770	2842
2842	2909
2904	2974
2956	3037
2988	3081
2983	3081
2946	3040
2912	2989
2919	2981
2991	3042
3134	3181
3330	3376
3547	3596
3751	3804
3913	3966
4008	4060
4041	4090
4033	4076
4013	4052
3998	4025
4214	4230
4217	4175
4225	4144
4226	4132
4215	4127
4191	4119
4153	4103
4105	4082
4048	4046
3977	3987
3893	3900
3805	3792
3723	3680
3656	3580
3602	3501
3556	3446
3513	3408
3473	3381
3439	3362
3416	3359
3415	3381
3446	3436
3503	3522
3577	3620
3650	3714
3705	3786
3737	3828
3743	3836
3729	3819
3706	3788
3684	3750
3662	3710
3636	3668
3600	3618
3552	3562
3502	3510
3466	3473
3451	3461
3460	3474
3481	3507
3509	3546
3532	3577
3539	3587
3524	3570
3489	3531
3453	3487
3449	3465
3506	3488
3612	3551
3722	3629
3805	3699
3853	3742
3862	3749
3826	3709
3748	3625
3637	3510
3517	3389
3414	3285
3346	3218
3320	3195
3332	3210
3364	3247
3384	3279
3368	3286
3323	3270
3282	3256
3263	3255
3260	3265
3262	3278
3264	3291
3261	3298
3251	3299
3230	3290
3201	3272
3165	3244
3121	3207
3076	3166
3032	3125
2977	3069
2907	2987
2848	2905
2847	2875
2905	2913
2982	2980
3029	3035
3031	3057
2998	3049
2960	3033
2940	3021
2941	3016
2939	3000
2907	2960
2832	2888
2725	2791
2623	2691
2562	2618
2546	2580
2550	2572
2554	2585
2559	2611
2569	2645
2586	2680
2607	2714
2637	2746
2676	2777
2724	2809
2778	2844
2833	2875
2885	2901
2936	2929
2997	2984
3077	3080
3148	3183
3165	3226
3124	3194
3062	3124
3036	3087
3087	3127
3219	3253
3414	3445
3635	3665
3844	3874
4007	4035
4101	4127
4127	4151
4112	4138
4093	4135
4072	4140
4205	4152
4092	4008
4024	3913
4003	3878
4010	3888
4030	3927
4052	3975
4065	4010
4054	4010
4006	3964
3917	3874
3796	3757
3663	3637
3543	3538
3451	3466
3391	3421
3358	3392
3337	3366
3325	3345
3330	3340
3363	3365
3431	3425
3529	3516
3641	3621
3746	3720
3825	3796
3871	3838
3879	3843
3859	3816
3821	3773
3775	3732
3732	3707
3691	3698
3646	3683
3597	3654
3550	3623
3516	3606
3509	3608
3529	3631
3567	3665
3608	3696
3637	3708
3642	3693
3619	3657
3576	3611
3527	3562
3488	3517
3475	3481
3492	3467
3538	3491
3595	3540
3634	3577
3635	3566
3587	3502
3494	3393
3374	3265
3252	3148
3154	3067
3095	3029
3080	3031
3100	3055
3139	3091
3181	3131
3212	3172
3228	3209
3241	3236
3254	3254
3271	3264
3287	3273
3302	3280
3312	3285
3318	3291
3318	3299
3314	3306
3299	3309
3273	3304
3241	3289
3208	3267
3151	3217
3061	3127
2960	3021
2909	2958
2929	2967
2993	3028
3064	3105
3120	3174
3149	3221
3159	3236
3150	3221
3122	3174
3075	3103
3009	3021
2926	2938
2835	2858
2745	2784
2668	2717
2620	2672
2608	2666
2630	2696
2671	2739
2715	2774
2755	2788
2784	2785
2804	2777
2821	2777
2842	2796
2864	2829
2885	2862
2896	2880
2909	2892
2953	2934
3059	3033
3185	3163
3253	3244
3236	3245
3173	3200
3133	3174
3168	3214
3290	3331
3475	3506
3689	3706
3888	3889
4044	4033
4132	4116
4157	4141
4150	4142
4164	4166
4198	4209
4103	4089
3955	3945
3846	3831
3794	3767
3794	3758
3835	3792
3890	3841
3926	3867
3917	3840
3860	3763
3766	3659
3665	3566
3583	3510
3534	3503
3514	3528
3502	3559
3483	3573
3453	3561
3419	3530
3397	3499
3399	3483
3436	3495
3502	3533
3585	3584
3664	3636
3725	3675
3756	3693
3752	3682
3720	3647
3675	3603
3642	3575
3648	3590
3679	3633
3702	3672
3702	3688
3694	3699
3695	3718
3712	3748
3738	3779
3765	3802
3778	3805
3767	3784
3730	3741
3683	3696
3637	3659
3596	3631
3554	3595
3508	3545
3478	3500
3491	3500
3535	3539
3566	3564
3543	3529
3458	3430
3330	3289
3194	3147
3085	3045
3025	3002
3016	3011
3038	3045
3068	3075
3094	3089
3121	3103
3158	3137
3202	3184
3232	3217
3243	3224
3242	3211
3237	3197
3229	3180
3227	3169
3228	3168
3239	3181
3259	3206
3280	3238
3297	3271
3306	3299
3300	3313
3265	3295
3185	3236
3087	3158
3026	3106
3029	3101
3076	3126
3139	3159
3191	3182
3222	3185
3221	3166
3194	3128
3138	3075
3067	3015
2991	2953
2923	2901
2864	2856
2809	2815
2759	2783
2729	2773
2737	2795
2774	2837
2810	2864
2817	2846
2788	2780
2737	2689
2690	2613
2674	2586
2702	2621
2761	2700
2821	2787
2863	2851
2889	2891
2929	2933
3016	3005
3128	3096
3208	3161
3223	3183
3202	3182
3199	3198
3249	3261
3364	3376
3529	3532
3712	3702
3879	3858
4009	3979
4085	4052
4113	4085
4121	4101
4148	4128
4176	4141
4113	4151
3965	3988
3849	3873
3784	3816
3773	3808
3802	3836
3844	3869
3858	3876
3816	3831
3723	3733
3605	3612
3505	3507
3452	3445
3455	3441
3502	3493
3574	3592
3637	3702
3667	3778
3660	3802
3636	3793
3615	3772
3609	3751
3618	3734
3638	3722
3659	3711
3675	3699
3676	3684
3661	3668
3632	3649
3595	3628
3568	3602
3565	3580
3584	3563
3605	3554
3619	3554
3637	3568
3666	3592
3701	3621
3735	3647
3758	3668
3765	3679
3750	3679
3722	3673
3694	3672
3677	3676
3663	3677
3633	3651
3577	3592
3517	3524
3501	3495
3526	3507
3541	3511
3500	3466
3396	3362
3252	3223
3112	3087
3014	2990
2975	2948
2986	2948
3017	2966
3039	2976
3045	2974
3053	2985
3092	3041
3153	3125
3197	3189
3205	3207
3191	3197
3172	3181
3153	3164
3140	3153
3138	3153
3151	3168
3178	3195
3215	3232
3256	3273
3295	3316
3322	3350
3322	3362
3287	3345
3231	3306
3188	3262
3168	3224
3168	3187
3167	3151
3161	3119
3143	3091
3115	3068
3080	3047
3036	3023
2988	2991
2939	2947
2890	2893
2845	2837
2806	2789
2783	2765
2789	2773
2822	2808
2866	2848
2886	2860
2853	2825
2771	2741
2662	2634
2575	2547
2543	2512
2579	2544
2662	2623
2757	2716
2834	2799
2885	2856
2927	2902
2990	2958
3062	3021
3117	3068
3138	3091
3147	3106
3177	3143
3247	3217
3363	3333
3515	3480
3677	3638
3827	3787
3946	3911
4024	3997
4066	4051
4090	4087
4121	4125
4128	4135
4183	4205
4004	4021
3890	3910
3842	3867
3837	3861
3860	3880
3891	3903
3897	3912
3860	3891
3777	3840
3672	3767
3575	3701
3516	3659
3505	3658
3556	3706
3665	3803
3796	3924
3898	4021
3944	4071
3947	4080
3927	4059
3892	4012
3850	3945
3805	3866
3759	3787
3716	3715
3684	3666
3667	3649
3663	3658
3663	3678
3650	3687
3622	3673
3585	3642
3557	3615
3545	3598
3546	3586
3552	3568
3560	3545
3567	3520
3575	3503
3583	3502
3594	3517
3609	3544
3630	3578
3651	3607
3660	3618
3640	3603
3587	3566
3525	3524
3494	3502
3496	3499
3491	3485
3441	3433
3340	3338
3207	3217
3079	3098
2984	3007
2935	2952
2921	2922
2922	2907
2919	2890
2910	2876
2928	2899
3003	2989
3115	3125
3204	3236
3238	3286
3236	3295
3224	3291
3212	3287
3205	3286
3210	3295
3228	3315
3254	3341
3289	3372
3328	3406
3368	3442
3403	3471
3418	3482
3408	3465
3373	3415
3318	3337
3250	3236
3175	3127
3104	3025
3048	2954
3017	2926
3008	2937
3012	2971
3016	3006
3005	3020
2968	2994
2908	2931
2837	2851
2776	2774
2739	2717
2734	2688
2757	2689
2787	2703
2794	2704
2758	2670
2681	2602
2583	2516
2501	2442
2465	2404
2489	2418
2558	2477
2650	2562
2735	2648
2800	2721
2850	2782
2906	2842
2966	2901
3011	2948
3039	2982
3062	3015
3104	3063
3182	3142
3296	3252
3437	3385
3591	3531
3738	3677
3866	3809
3965	3919
4032	4001
4081	4066
4128	4125
4147	4154
4239	4304
4066	4167
3962	4077
3919	4028
3906	3998
3909	3978
3921	3965
3930	3961
3927	3966
3910	3978
3884	3995
3861	4017
3852	4043
3867	4075
3910	4108
3981	4144
4061	4176
4130	4203
4168	4222
4175	4223
4151	4194
4093	4128
4006	4026
3900	3900
3789	3771
3695	3662
3631	3590
3613	3569
3631	3593
3669	3642
3700	3692
3712	3730
3708	3753
3699	3769
3687	3772
3666	3748
3625	3694
3570	3615
3511	3530
3466	3464
3450	3439
3465	3457
3501	3503
3543	3551
3572	3577
3580	3578
3567	3564
3548	3556
3532	3559
3524	3560
3516	3547
3493	3515
3442	3466
3360	3399
3256	3323
3153	3241
3067	3164
3006	3098
2963	3042
2931	2993
2901	2949
2880	2920
2902	2935
2999	3023
3144	3158
3265	3272
3327	3336
3346	3365
3354	3384
3360	3401
3369	3418
3381	3436
3402	3458
3427	3480
3453	3501
3481	3523
3509	3544
3530	3557
3531	3545
3497	3491
3420	3391
3312	3258
3184	3110
3048	2963
2928	2840
2854	2771
2835	2766
2866	2817
2929	2901
2994	2987
3031	3041
3020	3045
2961	2997
2878	2918
2790	2825
2711	2733
2656	2660
2634	2619
2632	2604
2624	2590
2592	2558
2533	2505
2458	2439
2391	2380
2353	2344
2358	2343
2404	2375
2480	2440
2566	2523
2648	2615
2720	2696
2786	2761
2843	2806
2888	2842
2925	2878
2966	2925
3022	2982
3099	3056
3202	3148
3325	3261
3464	3389
3605	3524
3739	3658
3857	3784
3957	3900
4037	3999
4110	4086
4156	4147
4409	4537
4327	4521
4260	4480
4202	4416
4147	4335
4092	4245
4045	4158
4015	4096
4013	4074
4039	4096
4086	4150
4140	4215
4191	4269
4229	4302
4251	4308
4253	4293
4246	4272
4241	4253
4241	4239
4230	4214
4194	4164
4120	4081
4008	3964
3875	3836
3740	3709
3627	3604
3554	3537
3532	3515
3556	3534
3607	3577
3664	3626
3715	3671
3757	3713
3792	3760
3814	3802
3801	3809
3746	3767
3657	3686
3560	3593
3488	3527
3465	3514
3494	3561
3554	3639
3611	3708
3637	3734
3629	3717
3606	3681
3599	3661
3605	3657
3605	3644
3581	3607
3541	3558
3495	3516
3448	3488
3399	3470
3346	3445
3282	3398
3214	3332
3145	3251
3080	3173
3024	3106
2986	3059
2988	3046
3051	3077
3154	3136
3247	3196
3304	3240
3338	3275
3365	3310
3392	3345
3419	3380
3445	3414
3468	3440
3487	3462
3505	3478
3521	3491
3536	3501
3541	3500
3520	3472
3453	3403
3341	3291
3197	3157
3044	3019
2901	2892
2790	2798
2733	2756
2740	2771
2803	2837
2900	2932
2995	3023
3057	3083
3071	3097
3033	3064
2962	3001
2873	2921
2781	2842
2705	2776
2657	2730
2632	2695
2611	2665
2577	2629
2528	2588
2473	2544
2422	2501
2387	2467
2378	2450
2399	2461
2455	2509
2538	2590
2634	2692
2720	2778
2775	2819
2799	2818
2820	2814
2849	2832
2894	2876
2952	2931
3020	2992
3100	3058
3198	3139
3313	3237
3439	3353
3571	3480
3703	3617
3831	3753
3948	3883
4049	3996
4126	4085
4657	4736
4697	4805
4684	4817
4623	4772
4526	4678
4407	4552
4289	4417
4196	4306
4151	4240
4156	4224
4198	4244
4250	4270
4288	4276
4300	4258
4292	4235
4277	4236
4268	4257
4255	4261
4230	4228
4187	4161
4120	4073
4027	3970
3910	3860
3794	3760
3687	3680
3601	3618
3546	3581
3526	3565
3536	3567
3565	3576
3592	3577
3614	3570
3641	3575
3689	3620
3750	3696
3784	3755
3768	3761
3701	3713
3620	3640
3565	3593
3569	3606
3632	3682
3727	3785
3805	3867
3831	3888
3803	3846
3750	3775
3712	3722
3692	3690
3663	3650
3611	3587
3555	3525
3517	3493
3507	3501
3516	3536
3519	3565
3492	3559
3432	3507
3345	3417
3255	3318
3181	3239
3130	3187
3104	3156
3103	3135
3117	3119
3144	3121
3174	3143
3210	3181
3249	3226
3293	3277
3336	3327
3375	3371
3408	3408
3432	3436
3450	3458
3462	3467
3466	3467
3459	3455
3430	3425
3367	3371
3271	3295
3160	3214
3049	3139
2952	3074
2879	3028
2848	3008
2865	3019
2922	3054
3000	3099
3072	3137
3116	3155
3121	3142
3086	3101
3028	3045
2963	2990
2900	2941
2849	2897
2804	2845
2760	2786
2718	2732
2681	2694
2649	2673
2619	2658
2585	2634
2550	2599
2524	2565
2524	2555
2565	2589
2647	2672
2754	2781
2840	2871
2870	2899
2847	2869
2823	2837
2831	2841
2868	2875
2921	2921
2974	2964
3027	3002
3088	3045
3168	3106
3269	3192
3391	3306
3527	3438
3668	3581
3805	3725
3929	3853
4026	3954
4752	4707
4819	4754
4853	4801
4837	4822
4768	4791
4657	4712
4528	4603
4412	4498
4336	4425
4305	4389
4302	4369
4296	4333
4265	4266
4211	4180
4173	4126
4192	4159
4248	4243
4275	4287
4234	4241
4142	4131
4032	4006
3922	3894
3821	3805
3744	3747
3691	3713
3654	3697
3632	3688
3620	3678
3613	3664
3605	3641
3585	3607
3554	3566
3543	3551
3585	3592
3672	3683
3749	3765
3771	3791
3731	3753
3660	3678
3611	3625
3623	3632
3699	3698
3801	3787
3877	3846
3885	3835
3826	3758
3740	3662
3680	3610
3649	3594
3608	3560
3539	3490
3473	3420
3448	3395
3474	3432
3532	3508
3586	3582
3598	3613
3554	3580
3464	3495
3361	3397
3281	3318
3231	3271
3203	3249
3178	3237
3156	3230
3152	3238
3173	3267
3214	3313
3266	3367
3322	3425
3378	3480
3425	3527
3463	3567
3493	3596
3513	3616
3522	3625
3519	3623
3505	3610
3474	3581
3428	3538
3371	3488
3317	3452
3275	3433
3243	3424
3220	3416
3208	3404
3207	3385
3212	3355
3215	3314
3211	3269
3193	3217
3159	3163
3110	3107
3056	3052
3004	2998
2955	2940
2902	2869
2835	2781
2758	2688
2693	2614
2655	2577
2644	2571
2641	2576
2626	2568
2591	2537
2552	2497
2534	2474
2563	2498
2644	2577
2757	2693
2855	2801
2891	2854
2872	2857
2848	2849
2856	2865
2889	2898
2929	2934
2960	2960
2984	2978
3010	2993
3053	3020
3124	3076
3228	3166
3357	3287
3500	3428
3647	3575
3776	3702
3876	3799
4614	4500
4648	4548
4710	4628
4761	4691
4760	4700
4708	4653
4623	4582
4540	4523
4486	4496
4457	4485
4427	4457
4371	4389
4276	4277
4164	4150
4096	4073
4129	4092
4225	4174
4276	4222
4233	4190
4125	4110
4005	4024
3901	3948
3823	3881
3774	3827
3747	3790
3739	3773
3738	3775
3730	3777
3711	3762
3679	3729
3638	3685
3600	3650
3589	3646
3630	3678
3710	3728
3780	3767
3800	3769
3760	3739
3692	3696
3646	3676
3652	3698
3708	3754
3780	3814
3818	3836
3789	3799
3702	3718
3610	3643
3573	3624
3574	3638
3550	3611
3474	3517
3392	3406
3355	3338
3386	3343
3466	3412
3555	3506
3606	3586
3597	3617
3534	3596
3450	3543
3377	3479
3328	3424
3309	3397
3312	3409
3335	3458
3372	3532
3421	3610
3471	3664
3517	3689
3560	3694
3600	3698
3640	3720
3678	3759
3711	3807
3738	3849
3753	3879
3757	3895
3750	3900
3726	3884
3685	3843
3635	3789
3603	3748
3589	3727
3584	3705
3569	3661
3539	3592
3492	3499
3426	3396
3349	3293
3272	3203
3200	3127
3134	3062
3074	3003
3016	2945
2958	2884
2891	2818
2807	2742
2710	2659
2613	2577
2540	2514
2504	2481
2499	2474
2508	2481
2504	2480
2479	2465
2445	2441
2422	2430
2443	2451
2518	2514
2631	2609
2739	2703
2804	2766
2823	2787
2828	2787
2847	2796
2881	2827
2923	2884
2961	2958
2992	3030
3011	3078
3030	3099
3066	3109
3132	3132
3231	3184
3357	3274
3494	3395
3621	3523
3716	3625
4389	4311
4483	4449
4585	4568
4644	4620
4636	4592
4575	4513
4503	4435
4464	4404
4463	4422
4474	4448
4455	4435
4383	4362
4263	4241
4133	4112
4048	4024
4045	3999
4095	4014
4128	4024
4114	4018
4077	4015
4042	4022
4004	4021
3950	3991
3889	3935
3835	3877
3808	3853
3815	3875
3834	3919
3836	3946
3806	3928
3759	3871
3721	3818
3712	3782
3721	3758
3730	3734
3730	3710
3719	3694
3703	3694
3696	3718
3716	3763
3762	3823
3825	3885
3879	3928
3893	3942
3861	3921
3798	3882
3748	3855
3746	3861
3760	3867
3720	3812
3602	3683
3458	3523
3351	3393
3319	3333
3363	3356
3459	3443
3563	3558
3641	3661
3672	3724
3655	3736
3605	3699
3541	3631
3498	3577
3505	3576
3572	3647
3679	3768
3783	3888
3841	3947
3839	3924
3798	3853
3760	3791
3760	3789
3807	3851
3875	3944
3941	4031
3989	4089
4018	4120
4032	4134
4025	4128
3987	4096
3931	4045
3884	3997
3847	3955
3800	3893
3718	3789
3600	3642
3462	3474
3323	3316
3207	3190
3116	3105
3050	3043
2992	2990
2935	2928
2874	2861
2814	2798
2756	2746
2701	2707
2646	2672
2590	2637
2544	2601
2514	2572
2503	2554
2504	2550
2505	2549
2499	2548
2491	2549
2491	2559
2515	2583
2564	2620
2634	2670
2705	2731
2759	2794
2779	2834
2768	2825
2754	2788
2770	2779
2841	2839
2955	2962
3076	3105
3162	3207
3189	3235
3170	3197
3142	3134
3142	3100
3190	3126
3291	3220
3425	3366
3538	3484
4276	4283
4439	4450
4568	4571
4612	4604
4569	4553
4478	4457
4396	4375
4368	4349
4391	4373
4422	4401
4410	4383
4335	4305
4214	4184
4091	4071
4004	3992
3967	3957
3958	3941
3946	3915
3932	3884
3940	3879
3968	3905
3991	3940
3985	3953
3948	3940
3909	3923
3904	3943
3951	4014
4025	4112
4078	4190
4074	4203
4012	4142
3928	4033
3853	3921
3795	3839
3756	3802
3733	3794
3726	3801
3737	3820
3769	3845
3815	3873
3865	3899
3911	3917
3943	3930
3953	3938
3945	3940
3927	3940
3916	3939
3920	3939
3915	3924
3858	3867
3736	3767
3584	3645
3457	3539
3392	3482
3402	3486
3474	3535
3576	3611
3675	3682
3742	3730
3760	3741
3731	3713
3668	3661
3613	3616
3608	3610
3672	3666
3791	3772
3911	3882
3966	3933
3939	3913
3866	3861
3814	3838
3831	3888
3917	4003
4032	4134
4128	4232
4184	4272
4201	4264
4199	4233
4183	4193
4148	4141
4103	4085
4062	4047
4026	4022
3968	3983
3867	3903
3721	3777
3550	3622
3390	3471
3264	3350
3178	3263
3115	3195
3054	3124
2981	3039
2903	2949
2834	2876
2784	2833
2754	2815
2729	2798
2700	2771
2665	2729
2630	2685
2605	2651
2591	2628
2585	2614
2583	2605
2586	2603
2595	2610
2618	2629
2648	2659
2695	2710
2766	2804
2866	2952
2951	3095
2966	3145
2915	3088
2871	3007
2891	2976
2984	3012
3105	3085
3193	3142
3211	3147
3166	3103
3096	3044
3059	3026
3092	3078
3196	3200
3354	3369
3472	3482
4319	4369
4468	4487
4573	4565
4589	4563
4528	4492
4430	4394
4352	4322
4331	4308
4356	4336
4379	4353
4354	4318
4269	4229
4152	4118
4049	4030
3990	3994
3971	4003
3964	4013
3931	3979
3880	3906
3851	3847
3862	3837
3895	3860
3918	3884
3919	3892
3919	3899
3954	3940
4041	4028
4154	4146
4249	4247
4279	4289
4225	4248
4107	4138
3977	4012
3890	3936
3866	3931
3878	3966
3901	4005
3922	4031
3935	4032
3938	4012
3932	3978
3923	3942
3917	3922
3920	3921
3931	3939
3945	3961
3951	3972
3945	3956
3919	3916
3866	3866
3791	3813
3705	3762
3630	3716
3586	3683
3581	3665
3605	3659
3643	3657
3678	3654
3698	3644
3694	3627
3666	3601
3626	3575
3596	3567
3600	3591
3654	3655
3749	3745
3844	3827
3890	3865
3882	3866
3858	3864
3872	3912
3958	4029
4098	4189
4239	4331
4327	4402
4343	4387
4303	4310
4238	4212
4165	4111
4083	4004
4007	3911
3963	3863
3949	3861
3932	3870
3882	3851
3784	3786
3654	3686
3522	3575
3411	3481
3326	3405
3257	3339
3179	3261
3085	3163
2985	3059
2910	2977
2876	2945
2877	2949
2873	2948
2844	2920
2797	2866
2744	2803
2699	2744
2663	2694
2636	2656
2620	2631
2614	2622
2618	2629
2636	2648
2667	2681
2723	2741
2837	2864
3024	3071
3218	3287
3299	3386
3242	3332
3131	3208
3054	3103
3037	3051
3061	3040
3084	3037
3077	3022
3038	2990
2998	2966
3000	2988
3073	3073
3211	3216
3385	3386
3490	3482
4414	4431
4496	4486
4545	4509
4524	4471
4444	4383
4348	4293
4285	4243
4281	4249
4309	4282
4321	4290
4280	4244
4189	4155
4086	4062
4016	4009
4005	4018
4038	4066
4066	4096
4028	4045
3933	3925
3845	3813
3810	3764
3824	3775
3848	3809
3862	3832
3869	3846
3908	3881
3991	3957
4103	4059
4204	4154
4252	4205
4224	4189
4132	4118
4028	4039
3974	4010
3992	4044
4047	4118
4103	4187
4135	4229
4132	4229
4096	4188
4040	4122
3988	4062
3957	4025
3954	4020
3974	4040
4001	4069
4011	4073
3983	4030
3925	3957
3871	3895
3837	3867
3813	3861
3790	3853
3763	3827
3731	3781
3692	3715
3651	3641
3613	3574
3579	3521
3550	3485
3529	3467
3519	3470
3535	3509
3586	3591
3673	3703
3767	3809
3839	3874
3868	3892
3868	3889
3885	3913
3956	3998
4096	4150
4265	4319
4398	4433
4443	4445
4394	4359
4283	4222
4159	4084
4042	3972
3932	3886
3843	3831
3808	3828
3827	3876
3862	3936
3873	3973
3840	3969
3772	3929
3688	3873
3614	3820
3553	3777
3496	3733
3423	3666
3325	3570
3213	3452
3118	3334
3063	3233
3044	3161
3027	3101
2989	3042
2929	2973
2856	2893
2784	2810
2719	2737
2670	2680
2640	2647
2632	2639
2641	2650
2664	2677
2700	2716
2760	2775
2880	2881
3079	3050
3289	3225
3386	3308
3338	3271
3221	3175
3115	3088
3051	3038
3024	3013
3009	3000
2990	2986
2967	2972
2957	2973
2990	3006
3077	3082
3211	3195
3369	3336
3456	3420
4410	4354
4452	4394
4456	4386
4403	4324
4313	4234
4230	4165
4196	4148
4216	4185
4255	4235
4265	4247
4216	4199
4128	4116
4048	4046
4012	4026
4035	4057
4083	4094
4095	4074
4016	3961
3872	3792
3745	3657
3693	3617
3717	3663
3771	3750
3816	3826
3843	3874
3882	3919
3949	3982
4043	4066
4132	4151
4185	4206
4179	4206
4123	4157
4060	4099
4045	4085
4093	4134
4175	4218
4256	4302
4307	4364
4315	4388
4282	4374
4221	4331
4162	4282
4124	4247
4115	4235
4132	4243
4156	4259
4155	4249
4101	4194
4017	4110
3949	4042
3922	4009
3918	3998
3913	3981
3884	3942
3825	3871
3740	3774
3642	3665
3554	3567
3488	3494
3448	3449
3431	3430
3441	3442
3496	3502
3602	3621
3740	3771
3855	3892
3916	3949
3925	3954
3919	3946
3945	3973
4036	4063
4187	4204
4344	4340
4432	4395
4408	4343
4293	4207
4137	4048
4002	3927
3912	3866
3864	3858
3857	3893
3900	3966
3978	4061
4058	4153
4113	4217
4128	4242
4110	4235
4076	4209
4041	4185
4014	4168
3983	4146
3925	4095
3831	4005
3706	3877
3562	3716
3411	3524
3269	3330
3155	3172
3069	3061
2989	2972
2904	2884
2817	2795
2738	2715
2679	2656
2644	2624
2637	2621
2652	2641
2683	2680
2726	2730
2784	2787
2870	2855
2996	2935
3122	3010
3180	3043
3156	3032
3093	3002
3039	2984
3012	2985
3006	2998
3006	3014
3003	3024
3000	3030
3004	3038
3032	3057
3088	3091
3175	3152
3294	3255
3383	3354
4280	4215
4321	4249
4308	4229
4241	4160
4155	4080
4099	4038
4102	4059
4156	4133
4220	4209
4238	4236
4194	4197
4116	4125
4057	4079
4053	4092
4093	4144
4116	4164
4064	4092
3916	3920
3726	3716
3590	3577
3563	3561
3639	3661
3762	3813
3870	3950
3941	4034
3990	4081
4047	4123
4120	4177
4199	4241
4252	4288
4254	4290
4208	4247
4147	4190
4128	4166
4167	4194
4244	4259
4329	4339
4401	4420
4446	4489
4459	4535
4443	4554
4415	4552
4389	4539
4373	4521
4369	4503
4369	4485
4352	4461
4304	4429
4235	4388
4175	4344
4137	4297
4107	4242
4068	4174
4010	4093
3928	3996
3825	3892
3714	3786
3614	3693
3538	3622
3491	3575
3471	3552
3480	3551
3533	3591
3648	3685
3795	3810
3913	3913
3966	3960
3967	3963
3960	3958
3988	3988
4074	4071
4201	4183
4311	4269
4340	4275
4263	4183
4119	4045
3971	3921
3875	3860
3846	3863
3866	3901
3917	3950
3999	4018
4096	4102
4185	4178
4246	4224
4268	4230
4258	4204
4230	4162
4204	4128
4188	4105
4170	4082
4123	4036
4037	3951
3910	3825
3743	3662
3536	3461
3321	3255
3145	3084
3022	2961
2925	2860
2834	2766
2746	2677
2666	2602
2610	2553
2585	2537
2589	2551
2621	2594
2670	2654
2728	2720
2788	2784
2840	2831
2885	2858
2918	2870
2933	2876
2935	2887
2933	2902
2941	2922
2961	2947
2989	2976
3015	3003
3035	3029
3050	3049
3060	3067
3074	3083
3095	3100
3137	3133
3226	3217
3344	3357
4179	4174
4189	4146
4154	4092
4083	4017
4012	3960
3986	3952
4024	4008
4114	4107
4201	4197
4235	4233
4203	4205
4140	4152
4107	4132
4137	4176
4206	4259
4236	4310
4167	4261
3988	4098
3776	3888
3633	3742
3623	3733
3737	3849
3906	4021
4053	4165
4137	4238
4173	4254
4192	4246
4219	4244
4259	4256
4291	4267
4290	4262
4257	4244
4214	4225
4194	4221
4216	4242
4269	4287
4343	4354
4431	4444
4521	4547
4600	4652
4656	4741
4686	4800
4688	4820
4669	4803
4636	4760
4599	4709
4572	4679
4560	4689
4554	4715
4529	4707
4472	4642
4391	4534
4291	4406
4184	4275
4075	4152
3968	4044
3871	3955
3792	3888
3731	3839
3688	3804
3660	3775
3647	3752
3665	3745
3725	3766
3815	3813
3895	3868
3936	3907
3944	3924
3945	3934
3979	3969
4057	4040
4155	4124
4224	4178
4212	4156
4116	4062
3990	3952
3898	3890
3878	3910
3919	3986
3971	4062
4015	4116
4067	4164
4131	4214
4187	4247
4208	4243
4189	4198
4141	4128
4082	4055
4032	3991
3997	3939
3962	3888
3907	3817
3819	3719
3694	3591
3537	3437
3353	3264
3168	3092
3011	2946
2892	2831
2792	2731
2694	2637
2606	2553
2537	2489
2495	2455
2488	2457
2514	2490
2566	2548
2635	2623
2711	2704
2781	2783
2833	2846
2860	2888
2870	2911
2878	2927
2893	2941
2911	2950
2929	2953
2945	2952
2964	2954
2983	2962
3007	2981
3034	3010
3060	3046
3085	3082
3107	3114
3141	3154
3225	3245
3392	3433
4190	4212
4116	4090
4034	3984
3966	3934
3937	3959
3963	4044
4040	4145
4135	4217
4207	4235
4226	4209
4196	4169
4155	4144
4148	4151
4194	4189
4278	4247
4343	4305
4325	4311
4195	4226
4005	4081
3870	3979
3861	3984
3974	4090
4134	4228
4264	4335
4320	4378
4318	4373
4293	4353
4272	4331
4260	4308
4249	4279
4236	4252
4232	4253
4242	4291
4266	4350
4299	4405
4341	4448
4396	4481
4473	4528
4573	4603
4690	4712
4803	4836
4889	4942
4926	5001
4917	5013
4874	4986
4821	4950
4795	4934
4817	4956
4859	4992
4862	4992
4793	4927
4669	4800
4518	4633
4362	4447
4216	4263
4095	4108
4003	3997
3945	3939
3910	3922
3889	3925
3870	3931
3846	3921
3821	3889
3805	3844
3812	3821
3846	3844
3889	3903
3921	3956
3942	3982
3970	3991
4022	4007
4085	4034
4122	4049
4097	4023
4011	3953
3919	3874
3877	3837
3919	3874
4018	3974
4123	4095
4203	4205
4267	4296
4316	4357
4334	4376
4310	4350
4251	4298
4173	4238
4099	4187
4032	4135
3966	4060
3889	3949
3790	3803
3669	3641
3530	3478
3375	3319
3207	3163
3043	3013
2902	2885
2792	2780
2697	2697
2611	2629
2538	2576
2485	2541
2459	2524
2464	2527
2497	2546
2552	2583
2624	2639
2707	2714
2793	2802
2869	2891
2930	2970
2971	3024
2992	3043
2999	3032
2992	3006
2978	2981
2964	2969
2956	2971
2957	2978
2970	2987
2995	2997
3029	3015
3069	3044
3109	3087
3161	3154
3262	3271
3469	3488
4229	4242
4070	4071
3952	3965
3934	3984
4027	4121
4174	4299
4294	4416
4326	4407
4271	4291
4185	4156
4125	4076
4115	4074
4140	4116
4167	4154
4194	4175
4232	4206
4252	4230
4209	4209
4119	4156
4061	4130
4087	4172
4185	4270
4303	4375
4388	4450
4424	4490
4433	4517
4434	4544
4431	4564
4412	4552
4368	4499
4322	4435
4319	4417
4374	4473
4464	4578
4546	4677
4591	4725
4599	4712
4603	4679
4638	4672
4723	4728
4844	4836
4964	4957
5045	5052
5082	5111
5085	5141
5077	5167
5080	5194
5096	5213
5112	5218
5103	5205
5047	5159
4931	5054
4755	4878
4539	4643
4310	4382
4109	4147
3968	3985
3904	3914
3903	3924
3938	3978
3974	4037
3985	4065
3955	4038
3895	3965
3848	3898
3866	3907
3942	3983
4014	4057
4038	4074
4021	4036
3993	3983
3979	3943
3970	3917
3943	3879
3883	3818
3813	3743
3768	3684
3781	3680
3858	3731
3972	3822
4097	3932
4212	4056
4299	4172
4342	4263
4343	4322
4327	4364
4311	4404
4303	4438
4276	4430
4194	4335
4041	4141
3836	3879
3613	3600
3414	3360
3248	3180
3107	3052
2984	2955
2877	2873
2790	2802
2721	2750
2675	2723
2650	2722
2640	2732
2634	2733
2627	2718
2624	2690
2630	2667
2659	2668
2718	2706
2802	2776
2895	2867
2985	2957
3044	3014
3053	3014
3020	2967
2977	2919
2954	2902
2960	2929
2987	2980
3011	3024
3020	3040
3014	3031
3008	3014
3021	3020
3064	3066
3145	3162
3280	3304
3496	3502
4266	4328
4108	4194
4037	4169
4088	4239
4233	4357
4391	4461
4478	4497
4436	4433
4292	4289
4132	4127
4035	4012
4027	3983
4082	4042
4152	4154
4212	4275
4263	4367
4289	4398
4267	4366
4218	4309
4203	4286
4252	4334
4350	4434
4456	4547
4537	4640
4587	4708
4633	4772
4681	4836
4717	4881
4710	4877
4651	4814
4572	4719
4535	4660
4574	4679
4676	4768
4782	4874
4831	4925
4807	4897
4748	4821
4709	4756
4735	4751
4821	4810
4933	4902
5031	4990
5101	5061
5151	5129
5203	5204
5256	5280
5288	5326
5296	5336
5286	5326
5250	5293
5156	5206
4984	5051
4747	4833
4482	4591
4245	4375
4079	4230
4010	4172
4025	4192
4086	4254
4151	4319
4184	4351
4157	4317
4070	4213
3980	4090
3961	4027
4011	4033
4067	4054
4073	4048
4034	4023
3983	3997
3943	3978
3909	3948
3856	3875
3773	3762
3679	3644
3612	3573
3605	3582
3649	3645
3718	3715
3802	3779
3914	3871
4050	4002
4187	4151
4306	4290
4402	4403
4485	4489
4539	4533
4533	4514
4425	4405
4210	4205
3923	3950
3621	3686
3362	3456
3171	3277
3043	3135
2952	3019
2879	2922
2818	2848
2776	2803
2761	2789
2771	2800
2790	2817
2794	2818
2772	2793
2729	2742
2685	2685
2661	2645
2676	2639
2730	2673
2809	2738
2892	2812
2944	2860
2940	2857
2892	2814
2846	2774
2839	2775
2879	2821
2946	2895
3006	2966
3036	3010
3037	3032
3030	3049
3047	3084
3104	3156
3207	3265
3346	3392
3512	3521
4443	4617
4338	4536
4351	4570
4423	4621
4490	4619
4519	4561
4497	4485
4420	4407
4297	4320
4147	4198
4018	4061
3959	3967
4005	3982
4147	4127
4327	4344
4467	4530
4515	4610
4479	4587
4411	4519
4380	4480
4421	4514
4521	4608
4640	4726
4746	4837
4829	4929
4909	5018
4985	5101
5039	5160
5036	5157
4965	5084
4859	4972
4783	4889
4786	4888
4866	4967
4971	5077
5026	5135
4996	5105
4907	5005
4818	4897
4783	4835
4811	4837
4878	4880
4952	4937
5022	5002
5099	5084
5194	5185
5282	5270
5327	5296
5325	5262
5301	5212
5266	5168
5191	5106
5060	5005
4877	4867
4675	4719
4501	4595
4389	4526
4357	4518
4385	4559
4449	4624
4513	4686
4542	4712
4500	4666
4376	4525
4216	4331
4100	4169
4052	4070
4035	4019
4019	3997
4015	4018
4028	4075
4045	4133
4026	4133
3937	4038
3793	3873
3655	3724
3588	3668
3624	3737
3725	3878
3820	4003
3885	4073
3955	4121
4056	4180
4175	4253
4287	4322
4370	4361
4418	4360
4426	4320
4385	4249
4287	4157
4136	4061
3960	3975
3788	3904
3631	3831
3485	3725
3328	3556
3161	3343
3014	3142
2906	2990
2842	2890
2814	2834
2812	2810
2821	2801
2816	2789
2787	2760
2736	2709
2674	2652
2625	2607
2607	2589
2628	2608
2680	2653
2745	2708
2788	2745
2787	2747
2753	2719
2720	2692
2722	2692
2769	2731
2843	2799
2919	2875
2978	2943
3020	3004
3061	3063
3117	3136
3202	3232
3313	3344
3428	3449
3526	3527
4830	5045
4771	5009
4804	5023
4811	4970
4726	4806
4587	4599
4466	4452
4401	4408
4360	4419
4281	4386
4146	4266
4017	4113
3986	4028
4102	4089
4326	4286
4545	4519
4667	4687
4676	4738
4620	4706
4581	4672
4605	4692
4690	4765
4801	4858
4904	4945
4993	5021
5082	5099
5168	5180
5227	5241
5228	5249
5156	5191
5049	5100
4973	5041
4979	5063
5068	5163
5184	5287
5247	5353
5215	5321
5109	5212
4987	5086
4908	5000
4890	4975
4915	4989
4958	5018
5013	5058
5089	5117
5182	5190
5251	5233
5243	5194
5168	5082
5086	4971
5029	4900
4977	4854
4908	4808
4817	4759
4724	4714
4653	4684
4621	4679
4635	4700
4681	4738
4740	4781
4795	4821
4817	4837
4770	4794
4626	4663
4419	4466
4226	4271
4091	4120
4011	4025
3988	4003
4034	4069
4137	4206
4235	4340
4259	4393
4169	4323
4002	4168
3852	4031
3812	4005
3908	4116
4076	4289
4213	4409
4275	4436
4293	4421
4319	4431
4366	4484
4415	4556
4435	4598
4402	4569
4321	4466
4214	4322
4113	4193
4046	4116
4017	4093
4009	4092
3988	4072
3907	3990
3739	3836
3509	3626
3277	3399
3087	3185
2946	3001
2849	2858
2791	2760
2761	2704
2738	2669
2708	2643
2667	2614
2622	2591
2593	2587
2591	2609
2617	2651
2663	2702
2709	2741
2737	2760
2738	2759
2718	2742
2695	2721
2689	2708
2713	2714
2766	2745
2833	2799
2907	2871
2979	2953
3057	3044
3145	3145
3247	3251
3355	3354
3453	3447
3526	3525
5232	5367
5212	5357
5199	5310
5085	5152
4859	4893
4611	4634
4455	4482
4434	4474
4487	4553
4498	4598
4403	4536
4240	4384
4109	4222
4101	4149
4243	4221
4469	4413
4670	4629
4767	4760
4766	4794
4747	4800
4769	4837
4832	4899
4907	4956
4970	4991
5020	5012
5080	5049
5154	5116
5220	5194
5245	5246
5212	5249
5147	5216
5110	5199
5146	5238
5253	5339
5378	5454
5443	5513
5414	5485
5309	5392
5187	5289
5109	5232
5088	5231
5101	5251
5120	5261
5138	5256
5170	5250
5213	5253
5228	5239
5163	5159
5033	5024
4903	4890
4820	4796
4773	4744
4742	4719
4721	4719
4711	4733
4710	4746
4714	4748
4725	4736
4740	4717
4755	4695
4769	4678
4773	4666
4740	4643
4639	4581
4482	4479
4313	4357
4167	4235
4069	4143
4045	4115
4121	4184
4274	4334
4435	4504
4518	4612
4477	4608
4349	4516
4233	4427
4220	4425
4332	4528
4489	4663
4575	4722
4558	4678
4511	4607
4513	4593
4590	4671
4704	4808
4791	4923
4788	4938
4681	4827
4506	4636
4342	4455
4238	4342
4192	4288
4162	4242
4107	4158
4006	4033
3867	3897
3696	3749
3493	3564
3270	3332
3049	3085
2864	2867
2729	2708
2648	2615
2606	2572
2584	2560
2573	2564
2572	2583
2595	2624
2641	2687
2701	2757
2758	2816
2792	2844
2802	2845
2797	2837
2783	2825
2762	2805
2740	2775
2728	2742
2735	2728
2770	2746
2837	2809
2926	2908
3032	3031
3147	3157
3254	3269
3351	3359
3441	3448
3527	3543
5442	5463
5428	5425
5351	5323
5171	5150
4919	4940
4679	4751
4541	4637
4535	4619
4614	4673
4677	4736
4653	4747
4531	4675
4365	4532
4240	4378
4236	4302
4372	4361
4572	4516
4721	4663
4787	4758
4832	4842
4895	4940
4965	5027
5012	5066
5018	5050
5007	5014
5024	5016
5091	5087
5188	5214
5278	5350
5324	5446
5327	5481
5319	5472
5346	5465
5422	5503
5516	5566
5564	5599
5537	5572
5460	5513
5386	5472
5362	5489
5390	5551
5425	5605
5432	5607
5399	5548
5349	5453
5307	5358
5258	5271
5169	5170
5039	5050
4909	4927
4810	4826
4751	4767
4730	4755
4748	4792
4783	4853
4810	4895
4805	4896
4768	4847
4711	4764
4652	4677
4604	4603
4574	4558
4554	4535
4528	4526
4481	4514
4412	4486
4327	4435
4247	4369
4210	4319
4255	4330
4382	4415
4543	4552
4665	4678
4696	4739
4646	4728
4586	4694
4588	4692
4675	4754
4791	4853
4848	4921
4808	4906
4724	4818
4675	4727
4718	4714
4835	4786
4943	4865
4953	4861
4837	4742
4643	4563
4476	4430
4390	4397
4367	4429
4340	4445
4255	4375
4114	4220
3961	4034
3804	3841
3611	3624
3368	3374
3108	3118
2877	2896
2711	2744
2618	2668
2586	2651
2586	2666
2603	2690
2632	2718
2679	2755
2743	2804
2811	2853
2863	2888
2881	2889
2872	2870
2861	2857
2853	2853
2835	2841
2797	2800
2751	2746
2719	2707
2727	2713
2792	2785
2905	2920
3047	3085
3189	3248
3308	3376
3395	3464
3479	3540
3575	3625
5447	5423
5367	5297
5248	5165
5103	5058
4963	4989
4842	4937
4758	4885
4720	4826
4731	4792
4776	4813
4819	4873
4805	4912
4708	4864
4547	4712
4407	4531
4384	4438
4476	4466
4601	4561
4715	4685
4839	4836
4974	5002
5081	5130
5121	5179
5090	5147
5036	5086
5030	5073
5111	5161
5269	5341
5453	5563
5599	5750
5661	5834
5639	5801
5590	5710
5578	5647
5607	5635
5622	5628
5595	5601
5553	5579
5547	5604
5602	5695
5697	5819
5771	5910
5771	5911
5686	5809
5547	5636
5402	5450
5276	5288
5157	5153
5038	5033
4921	4924
4826	4839
4774	4797
4778	4816
4838	4898
4928	5013
5001	5116
5021	5164
4978	5141
4889	5059
4785	4959
4698	4868
4640	4805
4610	4760
4596	4723
4588	4693
4578	4680
4552	4665
4496	4617
4432	4537
4401	4464
4436	4447
4535	4508
4656	4618
4741	4718
4765	4769
4748	4764
4736	4734
4766	4726
4840	4761
4911	4817
4918	4830
4833	4752
4711	4630
4656	4573
4695	4618
4758	4698
4754	4720
4649	4643
4495	4520
4401	4452
4415	4480
4490	4554
4532	4579
4464	4481
4287	4268
4063	4015
3832	3770
3597	3540
3352	3316
3117	3114
2923	2957
2800	2874
2754	2862
2759	2892
2786	2928
2811	2946
2826	2940
2841	2923
2860	2905
2880	2889
2887	2864
2867	2820
2834	2777
2821	2761
2826	2771
2819	2774
2783	2745
2730	2700
2692	2673
2706	2702
2793	2808
2948	2984
3139	3194
3324	3391
3463	3540
3553	3632
3619	3690
3683	3733
5435	5505
5280	5357
5141	5220
5059	5139
5038	5122
5035	5133
5008	5125
4943	5076
4879	5014
4872	4985
4928	5007
4988	5041
4973	5024
4841	4923
4656	4777
4533	4676
4521	4660
4585	4697
4696	4771
4851	4895
5029	5062
5180	5229
5253	5344
5242	5376
5189	5350
5171	5327
5245	5367
5420	5500
5650	5705
5862	5919
5972	6062
5947	6073
5832	5967
5720	5816
5653	5674
5610	5566
5576	5509
5575	5527
5634	5624
5757	5779
5905	5942
6010	6057
6017	6079
5913	5997
5729	5836
5526	5650
5352	5499
5219	5409
5119	5366
5031	5328
4960	5275
4923	5228
4940	5208
5016	5233
5129	5295
5240	5370
5305	5422
5303	5432
5242	5395
5153	5329
5069	5253
5001	5180
4938	5096
4869	4991
4807	4902
4784	4879
4780	4896
4739	4872
4642	4767
4532	4627
4469	4529
4495	4526
4594	4614
4704	4722
4768	4782
4761	4757
4707	4668
4655	4574
4647	4533
4679	4555
4696	4600
4646	4613
4563	4605
4543	4632
4615	4711
4716	4791
4759	4812
4711	4762
4615	4683
4557	4640
4573	4645
4613	4651
4589	4588
4442	4414
4196	4160
3934	3910
3703	3705
3500	3528
3308	3366
3140	3227
3022	3139
2974	3116
2992	3147
3040	3195
3076	3220
3080	3198
3046	3133
2992	3047
2938	2959
2885	2877
2830	2798
2765	2715
2708	2645
2688	2617
2700	2623
2707	2627
2686	2611
2654	2595
2646	2611
2699	2692
2826	2839
3014	3028
3227	3220
3420	3382
3565	3502
3654	3585
3709	3646
3741	3687
5610	5690
5495	5610
5368	5496
5268	5382
5223	5307
5220	5281
5225	5291
5211	5308
5175	5311
5139	5291
5116	5250
5097	5195
5057	5128
4979	5051
4889	4985
4836	4952
4834	4952
4851	4959
4884	4977
4962	5032
5100	5139
5268	5285
5418	5432
5500	5537
5514	5586
5496	5598
5505	5618
5588	5689
5749	5824
5950	6000
6119	6166
6181	6258
6109	6218
5928	6029
5705	5747
5516	5494
5424	5364
5450	5385
5578	5519
5752	5696
5923	5858
6043	5977
6088	6041
6048	6050
5938	6007
5804	5939
5708	5904
5688	5946
5724	6036
5742	6086
5706	6049
5630	5946
5552	5816
5496	5692
5473	5598
5478	5537
5493	5508
5500	5498
5482	5488
5443	5472
5385	5443
5312	5397
5212	5310
5082	5172
4973	5044
4953	5013
4998	5068
5001	5097
4906	5029
4754	4887
4630	4752
4602	4691
4667	4715
4756	4769
4794	4785
4745	4725
4625	4599
4502	4461
4441	4381
4470	4409
4562	4531
4658	4685
4731	4822
4800	4919
4858	4961
4877	4935
4840	4856
4768	4774
4703	4730
4683	4740
4697	4778
4696	4790
4623	4729
4454	4579
4220	4366
3987	4133
3792	3919
3623	3732
3475	3578
3355	3464
3284	3399
3270	3382
3298	3395
3330	3407
3331	3385
3283	3317
3191	3210
3079	3086
2968	2966
2870	2865
2778	2772
2685	2681
2606	2606
2567	2571
2568	2570
2567	2563
2550	2538
2541	2521
2575	2551
2676	2647
2833	2793
3008	2943
3162	3063
3282	3146
3368	3212
3443	3289
3521	3389
3582	3475
5728	5758
5678	5743
5583	5685
5472	5596
5381	5505
5336	5438
5338	5416
5370	5438
5405	5486
5419	5532
5397	5545
5341	5508
5257	5415
5158	5281
5064	5132
4999	5010
4975	4950
4987	4973
5027	5060
5096	5163
5184	5240
5283	5283
5380	5309
5466	5352
5540	5438
5610	5571
5693	5736
5802	5907
5936	6051
6079	6152
6209	6224
6291	6271
6267	6248
6085	6083
5785	5800
5505	5535
5354	5390
5362	5395
5483	5497
5640	5621
5778	5719
5882	5794
5957	5856
6002	5917
6017	5967
6012	6006
6028	6058
6102	6150
6208	6256
6258	6296
6210	6244
6089	6130
5938	5996
5794	5872
5669	5757
5573	5648
5504	5543
5462	5451
5439	5390
5434	5376
5443	5412
5449	5476
5412	5515
5302	5480
5171	5384
5111	5293
5133	5236
5152	5187
5100	5109
4980	4997
4846	4874
4763	4785
4749	4759
4777	4796
4794	4850
4752	4856
4637	4766
4485	4589
4368	4412
4360	4338
4471	4407
4643	4564
4811	4738
4931	4873
4979	4940
4952	4937
4877	4893
4810	4856
4793	4864
4833	4923
4895	4999
4926	5040
4880	5005
4748	4881
4542	4677
4293	4415
4040	4135
3819	3890
3647	3703
3529	3575
3459	3495
3432	3454
3429	3434
3422	3409
3384	3359
3306	3274
3194	3164
3071	3049
2957	2951
2864	2875
2784	2816
2710	2763
2649	2726
2628	2720
2631	2728
2621	2711
2582	2656
2545	2596
2549	2569
2617	2600
2731	2680
2850	2768
2942	2839
3009	2895
3072	2962
3161	3064
3283	3199
3389	3319
5810	5874
5849	5982
5850	6059
5800	6069
5717	6004
5627	5889
5562	5765
5544	5683
5576	5666
5633	5705
5671	5749
5652	5740
5556	5647
5391	5471
5195	5258
5022	5066
4938	4975
4975	5024
5105	5178
5242	5334
5313	5405
5311	5383
5273	5315
5273	5287
5360	5362
5537	5541
5764	5775
5976	5985
6117	6107
6178	6135
6193	6119
6203	6116
6177	6101
6038	5997
5798	5812
5577	5653
5470	5597
5487	5640
5577	5719
5663	5765
5712	5757
5736	5722
5765	5699
5813	5716
5872	5763
5933	5830
6010	5922
6119	6055
6232	6190
6281	6263
6242	6254
6158	6212
6070	6181
5995	6159
5913	6115
5802	6008
5659	5828
5505	5610
5382	5414
5331	5305
5367	5315
5470	5423
5582	5565
5632	5652
5590	5631
5475	5499
5331	5318
5194	5159
5074	5039
4953	4910
4825	4737
4715	4534
4666	4379
4710	4367
4818	4502
4902	4692
4876	4804
4713	4754
4497	4589
4363	4449
4379	4424
4507	4509
4670	4646
4810	4778
4893	4864
4914	4895
4896	4889
4882	4884
4904	4905
4965	4954
5039	5007
5075	5023
5038	4975
4920	4858
4725	4683
4475	4472
4205	4250
3963	4045
3773	3872
3638	3732
3544	3627
3486	3552
3448	3495
3406	3437
3344	3359
3253	3260
3144	3150
3040	3056
2961	2995
2908	2963
2871	2946
2838	2930
2819	2916
2820	2914
2825	2907
2798	2867
2731	2788
2653	2707
2607	2664
2618	2679
2675	2741
2743	2803
2795	2842
2838	2863
2895	2894
2996	2969
3132	3089
3258	3212
5919	5902
6091	6112
6251	6340
6331	6492
6298	6501
6163	6366
5979	6138
5820	5906
5732	5748
5727	5688
5757	5695
5754	5698
5675	5649
5516	5535
5321	5389
5150	5267
5075	5227
5131	5286
5283	5418
5437	5554
5515	5642
5504	5664
5444	5643
5411	5623
5460	5641
5598	5707
5782	5797
5942	5876
6026	5915
6036	5926
6028	5958
6048	6046
6072	6145
6020	6155
5894	6076
5790	5999
5774	5993
5833	6041
5898	6078
5905	6044
5840	5930
5744	5793
5672	5692
5656	5664
5692	5707
5762	5795
5869	5921
6023	6089
6181	6253
6278	6349
6293	6367
6286	6362
6295	6375
6313	6393
6293	6369
6187	6255
5979	6033
5709	5742
5451	5456
5286	5261
5258	5203
5344	5264
5470	5361
5538	5396
5493	5327
5355	5193
5197	5078
5093	5045
5031	5051
4913	4960
4669	4673
4317	4212
3989	3748
3855	3508
3979	3600
4271	3947
4562	4359
4698	4635
4663	4713
4570	4676
4526	4633
4567	4648
4669	4723
4783	4815
4862	4884
4891	4910
4888	4906
4880	4897
4890	4897
4917	4903
4942	4902
4931	4869
4865	4794
4750	4683
4602	4562
4446	4456
4293	4362
4143	4258
3995	4134
3859	4003
3744	3884
3655	3788
3582	3702
3505	3610
3413	3499
3301	3374
3188	3255
3101	3168
3050	3125
3036	3122
3035	3131
3026	3122
3008	3094
2993	3058
2968	3013
2914	2945
2829	2863
2758	2811
2739	2830
2787	2927
2877	3063
2953	3167
2985	3199
2978	3161
2966	3096
2992	3061
3078	3104
3191	3207
5811	5669
6016	5825
6283	6094
6495	6343
6555	6453
6439	6377
6196	6154
5922	5874
5708	5635
5600	5496
5583	5459
5598	5480
5587	5507
5531	5515
5455	5511
5402	5529
5408	5581
5469	5649
5569	5725
5681	5814
5777	5916
5843	6016
5874	6090
5877	6116
5867	6087
5853	6016
5842	5930
5834	5860
5831	5830
5855	5872
5949	6028
6133	6304
6329	6592
6409	6724
6354	6671
6265	6546
6231	6454
6239	6404
6232	6345
6153	6230
6007	6067
5851	5919
5755	5850
5750	5897
5830	6034
5957	6218
6111	6403
6279	6563
6422	6663
6486	6673
6471	6599
6429	6490
6397	6381
6371	6279
6311	6163
6181	6014
5966	5827
5694	5614
5429	5417
5245	5278
5181	5227
5224	5257
5305	5330
5337	5385
5279	5370
5160	5275
5061	5163
5054	5122
5092	5146
5035	5120
4770	4944
4319	4615
3846	4260
3581	4060
3645	4103
3969	4334
4370	4602
4651	4759
4749	4783
4736	4756
4710	4755
4727	4794
4789	4856
4865	4921
4924	4975
4951	5008
4954	5022
4948	5030
4946	5036
4944	5039
4930	5029
4889	5000
4817	4945
4720	4872
4623	4787
4543	4704
4474	4618
4388	4520
4276	4409
4152	4292
4036	4183
3938	4087
3844	3989
3738	3871
3609	3726
3467	3566
3338	3423
3247	3322
3207	3280
3209	3281
3220	3291
3208	3273
3166	3221
3111	3156
3050	3087
2973	3010
2897	2941
2869	2932
2929	3021
3076	3201
3259	3416
3394	3573
3430	3617
3368	3542
3253	3400
3164	3280
3168	3259
3260	3346
5531	5461
5611	5456
5843	5623
6097	5847
6243	6003
6218	6026
6044	5917
5797	5728
5565	5530
5414	5385
5361	5317
5380	5322
5432	5374
5487	5450
5544	5540
5621	5655
5713	5782
5798	5898
5870	5994
5951	6085
6051	6180
6162	6268
6249	6332
6285	6358
6255	6343
6171	6297
6067	6244
5983	6208
5954	6206
6010	6267
6197	6440
6523	6740
6858	7044
7010	7166
6936	7062
6766	6864
6620	6692
6518	6573
6422	6469
6286	6342
6126	6200
5999	6106
5974	6117
6075	6255
6273	6486
6508	6747
6719	6968
6866	7103
6922	7130
6875	7053
6743	6888
6562	6663
6369	6410
6183	6166
6013	5964
5859	5826
5721	5756
5597	5730
5492	5714
5413	5681
5371	5620
5370	5548
5411	5499
5471	5494
5491	5499
5421	5449
5294	5354
5215	5287
5210	5276
5209	5287
5132	5263
4962	5187
4767	5086
4654	5014
4676	4998
4785	5015
4884	5014
4891	4958
4823	4878
4776	4842
4798	4872
4857	4927
4919	4972
4975	5013
5023	5056
5063	5102
5096	5148
5120	5191
5142	5228
5157	5259
5165	5285
5159	5305
5134	5315
5089	5299
5013	5230
4902	5085
4769	4895
4637	4720
4517	4591
4410	4493
4311	4406
4220	4322
4121	4223
3993	4091
3833	3917
3655	3721
3494	3541
3381	3413
3331	3351
3326	3343
3334	3349
3315	3333
3262	3291
3198	3242
3133	3194
3062	3136
3002	3078
3000	3069
3094	3138
3279	3291
3495	3479
3658	3625
3706	3677
3638	3633
3504	3541
3387	3469
3366	3471
3448	3547
5491	5598
5412	5463
5498	5470
5663	5567
5804	5680
5860	5753
5815	5755
5696	5695
5547	5593
5415	5486
5334	5396
5312	5347
5341	5344
5407	5387
5506	5475
5636	5604
5790	5769
5948	5962
6092	6160
6211	6320
6297	6407
6337	6404
6345	6346
6343	6305
6354	6341
6389	6470
6445	6652
6504	6819
6554	6919
6608	6953
6717	6972
6911	7021
7106	7062
7150	7007
7016	6852
6819	6688
6667	6590
6575	6561
6506	6549
6414	6508
6307	6436
6239	6380
6265	6395
6405	6506
6631	6693
6881	6904
7089	7090
7216	7217
7244	7269
7175	7237
7019	7120
6794	6932
6527	6704
6269	6483
6070	6329
5973	6289
5980	6358
6041	6476
6091	6551
6069	6504
5950	6303
5765	5996
5579	5677
5456	5448
5401	5344
5369	5324
5339	5337
5323	5339
5322	5313
5316	5257
5282	5185
5217	5109
5131	5034
5051	4961
4998	4902
4976	4883
4971	4918
4967	5000
4962	5086
4969	5128
4986	5117
5005	5081
5018	5054
5036	5047
5068	5061
5113	5096
5166	5147
5220	5206
5269	5262
5311	5314
5351	5366
5392	5420
5431	5471
5442	5493
5379	5429
5209	5246
4973	4991
4763	4770
4628	4636
4541	4560
4467	4497
4391	4426
4292	4327
4157	4187
3972	3998
3763	3787
3566	3587
3422	3439
3349	3358
3335	3333
3341	3332
3334	3328
3310	3321
3287	3328
3267	3341
3225	3322
3169	3264
3132	3196
3156	3161
3250	3185
3383	3251
3495	3323
3546	3373
3541	3409
3517	3459
3519	3538
3560	3623
3626	3678
5722	5807
5533	5562
5473	5451
5521	5478
5615	5571
5691	5641
5708	5641
5674	5591
5605	5535
5532	5509
5468	5506
5420	5507
5400	5515
5429	5562
5509	5648
5625	5745
5776	5848
5969	5988
6194	6203
6408	6478
6541	6724
6543	6818
6450	6755
6374	6654
6414	6655
6597	6819
6862	7075
7092	7284
7211	7365
7217	7334
7156	7245
7083	7136
6997	7011
6866	6858
6703	6705
6580	6603
6540	6585
6570	6635
6614	6696
6615	6713
6566	6670
6508	6603
6496	6569
6566	6610
6709	6732
6884	6903
7053	7084
7191	7237
7270	7326
7271	7325
7191	7250
7058	7163
6907	7105
6773	7089
6700	7111
6714	7160
6809	7220
6924	7261
6972	7233
6874	7084
6605	6798
6217	6416
5822	6028
5542	5739
5414	5578
5385	5497
5377	5418
5332	5292
5236	5126
5120	4973
5023	4884
4967	4881
4944	4931
4922	4983
4898	5008
4903	5037
4972	5112
5103	5243
5235	5364
5281	5382
5227	5286
5140	5158
5072	5064
5040	5014
5037	5005
5060	5025
5107	5073
5167	5141
5235	5226
5303	5317
5369	5400
5424	5449
5462	5447
5459	5382
5374	5247
5188	5059
4947	4861
4746	4705
4626	4608
4558	4541
4497	4468
4419	4364
4309	4232
4164	4082
3988	3933
3802	3810
3635	3724
3511	3662
3433	3604
3391	3536
3363	3456
3341	3382
3334	3354
3366	3393
3411	3469
3417	3504
3360	3455
3264	3340
3175	3217
3135	3138
3146	3121
3186	3150
3237	3207
3308	3291
3411	3407
3543	3542
3654	3644
3688	3654
5892	6064
5610	5805
5472	5660
5478	5612
5557	5613
5610	5631
5591	5636
5523	5601
5459	5529
5446	5460
5484	5439
5544	5497
5618	5625
5715	5779
5822	5910
5903	5987
5950	6017
6018	6055
6199	6217
6535	6586
6923	7066
7167	7425
7187	7542
7087	7474
7026	7370
7101	7345
7263	7386
7379	7400
7388	7358
7333	7315
7271	7314
7210	7330
7128	7313
7005	7223
6862	7082
6755	6950
6718	6874
6743	6858
6785	6870
6793	6862
6744	6811
6671	6738
6627	6694
6662	6736
6794	6881
6990	7100
7198	7326
7364	7487
7438	7538
7404	7484
7313	7395
7256	7368
7281	7439
7366	7562
7459	7657
7507	7661
7492	7575
7429	7451
7321	7326
7154	7197
6912	7040
6606	6827
6280	6564
5995	6279
5783	6014
5619	5785
5461	5580
5275	5371
5075	5173
4921	5041
4867	5017
4918	5095
5027	5220
5124	5318
5177	5352
5206	5344
5255	5339
5344	5366
5422	5392
5403	5346
5281	5224
5137	5094
5035	5018
4991	5004
4993	5039
5026	5095
5082	5157
5156	5221
5252	5297
5360	5389
5454	5474
5492	5505
5446	5443
5311	5289
5125	5091
4939	4922
4789	4802
4681	4703
4597	4602
4517	4495
4420	4381
4289	4250
4136	4102
3983	3956
3865	3847
3809	3805
3806	3825
3813	3853
3785	3835
3693	3742
3557	3586
3425	3427
3362	3340
3401	3370
3499	3482
3563	3573
3533	3576
3426	3498
3296	3393
3209	3321
3186	3308
3217	3334
3273	3372
3345	3405
3428	3429
3519	3458
3584	3484
3576	3482
6312	6526
6129	6422
6003	6327
5870	6135
5740	5887
5696	5760
5755	5844
5823	6046
5802	6189
5675	6144
5530	5945
5489	5757
5588	5691
5748	5749
5894	5879
6000	6034
6067	6180
6138	6321
6309	6506
6659	6785
7123	7139
7511	7474
7698	7702
7695	7787
7598	7753
7510	7659
7459	7561
7411	7499
7371	7502
7381	7578
7449	7700
7524	7798
7539	7811
7456	7713
7300	7533
7138	7341
7023	7195
6973	7120
6963	7093
6946	7074
6898	7033
6832	6976
6794	6942
6838	6977
6984	7102
7199	7289
7416	7476
7558	7593
7595	7629
7554	7629
7507	7646
7520	7706
7601	7774
7687	7794
7716	7729
7650	7591
7523	7452
7408	7387
7343	7415
7306	7481
7243	7503
7105	7421
6882	7225
6596	6957
6306	6677
6050	6422
5830	6192
5619	5958
5424	5733
5297	5569
5272	5499
5337	5516
5436	5566
5496	5586
5486	5544
5425	5463
5365	5391
5343	5360
5332	5342
5274	5279
5168	5175
5071	5097
5036	5101
5074	5189
5155	5318
5240	5428
5297	5470
5323	5439
5339	5365
5371	5304
5416	5287
5441	5304
5407	5319
5300	5295
5151	5231
5014	5141
4897	5020
4769	4855
4625	4671
4489	4528
4384	4456
4290	4432
4186	4398
4064	4309
3939	4161
3850	3999
3811	3869
3798	3792
3773	3752
3699	3711
3570	3625
3417	3482
3311	3341
3316	3285
3414	3325
3512	3395
3545	3435
3511	3435
3450	3418
3413	3420
3414	3445
3436	3476
3451	3492
3444	3483
3424	3458
3407	3434
3408	3430
3428	3464
6650	6728
6582	6654
6515	6589
6317	6419
6015	6128
5804	5860
5852	5838
6166	6196
6562	6828
6782	7404
6709	7624
6420	7385
6100	6852
5923	6351
5945	6106
6106	6146
6328	6395
6557	6733
6773	7030
6975	7213
7191	7334
7441	7519
7699	7811
7890	8112
7958	8294
7902	8299
7795	8193
7732	8116
7768	8133
7876	8205
8007	8287
8100	8354
8105	8369
7995	8282
7802	8100
7591	7890
7425	7718
7330	7616
7291	7569
7270	7544
7235	7508
7183	7452
7144	7394
7155	7368
7241	7396
7379	7467
7519	7548
7609	7601
7651	7640
7695	7706
7772	7812
7866	7918
7921	7962
7884	7904
7749	7754
7569	7579
7434	7466
7419	7477
7520	7596
7657	7739
7732	7817
7686	7784
7524	7656
7296	7487
7057	7307
6820	7102
6570	6842
6288	6520
5999	6175
5762	5876
5624	5675
5577	5580
5580	5553
5576	5545
5538	5530
5483	5521
5450	5549
5458	5615
5462	5657
5396	5589
5273	5440
5187	5327
5208	5342
5330	5474
5493	5651
5618	5779
5640	5782
5544	5633
5375	5386
5214	5142
5127	4993
5126	4973
5186	5058
5248	5181
5272	5278
5239	5305
5133	5242
4958	5100
4768	4945
4644	4863
4622	4886
4667	4969
4696	5020
4635	4957
4466	4764
4242	4501
4036	4253
3906	4088
3855	4023
3841	4012
3787	3974
3648	3846
3464	3650
3331	3469
3285	3348
3292	3282
3302	3246
3308	3236
3319	3250
3351	3292
3401	3354
3457	3429
3500	3503
3525	3563
3532	3602
3531	3616
3531	3623
3567	3662
6849	7065
6745	6936
6651	6786
6496	6608
6245	6381
5968	6133
5879	6013
6204	6240
6943	6918
7813	7908
8405	8828
8406	9211
7833	8828
7022	7850
6373	6792
6145	6218
6358	6328
6815	6869
7247	7438
7480	7754
7568	7846
7715	7950
8021	8217
8396	8581
8669	8882
8734	8994
8645	8954
8555	8902
8532	8883
8532	8844
8531	8783
8562	8775
8596	8813
8551	8798
8403	8685
8213	8529
8053	8394
7956	8313
7909	8272
7880	8238
7835	8182
7763	8087
7676	7963
7601	7836
7560	7725
7554	7644
7566	7587
7572	7545
7588	7519
7639	7526
7730	7564
7821	7614
7860	7654
7820	7665
7716	7650
7596	7621
7521	7590
7527	7566
7598	7538
7676	7494
7703	7421
7651	7326
7549	7235
7442	7177
7334	7135
7183	7055
6950	6896
6636	6654
6287	6375
5978	6122
5763	5949
5653	5862
5618	5831
5609	5817
5608	5805
5627	5815
5695	5878
5803	5988
5872	6061
5806	5998
5634	5819
5494	5661
5486	5631
5607	5726
5779	5878
5901	5987
5890	5973
5713	5800
5425	5517
5137	5233
4951	5047
4912	5004
5004	5087
5154	5233
5293	5371
5370	5462
5360	5493
5284	5484
5199	5475
5171	5499
5218	5549
5291	5573
5306	5516
5205	5347
4980	5094
4701	4823
4444	4592
4268	4424
4178	4309
4140	4221
4091	4131
3981	4021
3810	3887
3629	3735
3474	3590
3364	3481
3300	3428
3280	3429
3296	3465
3339	3523
3404	3600
3488	3697
3578	3801
3651	3870
3686	3874
3683	3815
3675	3760
3715	3775
7336	7557
7192	7403
6988	7170
6762	6921
6537	6698
6326	6505
6198	6357
6301	6351
6805	6688
7753	7527
8877	8715
9653	9748
9618	10065
8694	9406
7389	8149
6504	7092
6429	6746
6947	7065
7589	7661
7989	8122
8112	8310
8174	8364
8347	8444
8620	8584
8872	8734
8999	8835
9025	8903
9052	9000
9094	9107
9077	9140
9007	9099
8977	9077
8999	9099
8994	9110
8916	9067
8799	8997
8701	8936
8641	8899
8609	8872
8571	8830
8501	8747
8383	8612
8225	8433
8051	8231
7883	8033
7743	7861
7637	7732
7556	7645
7494	7576
7448	7500
7421	7422
7420	7375
7458	7403
7529	7519
7618	7690
7690	7841
7703	7889
7633	7779
7485	7522
7292	7196
7098	6888
6939	6661
6839	6525
6796	6449
6784	6406
6757	6382
6684	6358
6548	6308
6380	6236
6227	6168
6128	6131
6083	6124
6067	6118
6040	6083
5999	6020
5973	5971
6004	5980
6092	6055
6159	6135
6110	6127
5953	6027
5807	5920
5765	5885
5834	5935
5959	6033
6052	6108
6043	6106
5901	6007
5667	5847
5434	5699
5286	5622
5258	5625
5327	5680
5437	5732
5530	5742
5584	5710
5609	5677
5636	5694
5689	5771
5755	5864
5799	5904
5767	5841
5632	5664
5406	5424
5144	5194
4914	5037
4743	4957
4615	4896
4491	4795
4353	4635
4210	4463
4087	4342
3982	4270
3864	4179
3738	4053
3645	3942
3611	3881
3630	3865
3681	3881
3754	3937
3854	4057
3991	4255
4135	4485
4227	4649
4212	4660
4095	4507
3966	4296
3906	4122
7667	7687
7500	7512
7275	7319
7055	7168
6862	7043
6668	6860
6476	6627
6395	6497
6636	6690
7379	7339
8511	8335
9604	9344
10164	10029
9903	10181
8985	9758
7952	8927
7312	8087
7284	7669
7685	7740
8124	8014
8366	8221
8439	8287
8452	8258
8473	8205
8516	8186
8572	8233
8658	8352
8797	8530
8948	8717
9034	8859
9048	8938
9062	8989
9097	9031
9126	9066
9123	9092
9101	9106
9076	9110
9056	9100
9030	9069
8979	9011
8888	8921
8751	8796
8574	8645
8373	8476
8173	8309
8003	8168
7884	8080
7820	8054
7778	8057
7713	8033
7620	7966
7547	7892
7555	7866
7674	7939
7873	8096
8059	8260
8125	8324
7991	8193
7670	7865
7257	7433
6870	7020
6591	6721
6417	6528
6287	6373
6181	6240
6121	6163
6107	6146
6095	6145
6068	6127
6040	6101
6030	6085
6034	6077
6029	6055
5988	6004
5922	5932
5871	5891
5887	5921
5979	6032
6086	6157
6126	6210
6081	6175
6018	6123
5998	6113
6039	6151
6111	6201
6162	6218
6157	6187
6093	6135
6009	6106
5958	6135
5965	6221
6011	6310
6052	6338
6037	6261
5948	6084
5808	5862
5688	5676
5656	5587
5719	5598
5810	5649
5850	5671
5784	5618
5618	5493
5411	5344
5246	5240
5178	5233
5191	5302
5210	5372
5156	5364
5012	5263
4847	5134
4752	5066
4716	5062
4651	5041
4529	4973
4394	4890
4289	4817
4211	4741
4161	4669
4172	4659
4295	4777
4550	5052
4865	5395
5101	5623
5131	5586
4932	5265
4624	4818
4330	4428
7694	7742
7525	7604
7362	7457
7284	7417
7250	7467
7123	7448
6893	7289
6727	7086
6838	7041
7344	7325
8163	7951
9051	8767
9804	9598
10285	10265
10308	10532
9763	10217
8885	9434
8161	8562
7842	7915
7824	7581
7891	7474
7914	7450
7867	7429
7805	7429
7800	7505
7896	7691
8078	7940
8296	8176
8507	8366
8687	8535
8820	8677
8897	8761
8929	8784
8955	8804
8992	8852
9032	8908
9056	8945
9050	8942
9011	8899
8947	8834
8864	8763
8766	8698
8659	8645
8546	8596
8435	8551
8344	8511
8292	8487
8295	8491
8330	8525
8356	8581
8342	8616
8285	8585
8222	8488
8207	8382
8265	8326
8359	8329
8401	8339
8294	8263
8013	8050
7624	7737
7238	7405
6949	7145
6762	6970
6618	6837
6498	6741
6441	6708
6441	6738
6452	6781
6443	6801
6417	6795
6387	6768
6355	6718
6301	6627
6218	6494
6122	6342
6062	6229
6085	6204
6191	6268
6306	6356
6338	6375
6285	6330
6231	6307
6234	6347
6276	6407
6302	6414
6273	6331
6195	6190
6122	6072
6111	6052
6196	6157
6341	6334
6461	6469
6478	6469
6350	6304
6121	6054
5874	5839
5678	5696
5552	5571
5489	5434
5459	5307
5434	5208
5384	5131
5294	5049
5188	4946
5110	4842
5101	4775
5158	4757
5224	4765
5236	4761
5177	4726
5095	4695
5061	4715
5092	4805
5140	4939
5184	5104
5237	5294
5290	5478
5305	5606
5289	5678
5310	5773
5453	5986
5748	6345
6087	6736
6264	6929
6112	6748
5628	6187
5013	5446
4520	4808
7808	7801
7719	7766
7580	7652
7546	7622
7650	7744
7748	7908
7694	7938
7472	7746
7253	7461
7301	7380
7756	7708
8541	8414
9428	9250
10133	9875
10427	10081
10211	9851
9558	9262
8681	8455
7863	7652
7319	7078
7087	6811
7044	6773
7084	6873
7188	7078
7380	7381
7666	7751
7969	8096
8196	8317
8329	8402
8434	8431
8532	8440
8586	8422
8596	8388
8613	8389
8671	8449
8744	8540
8798	8624
8808	8667
8772	8662
8716	8633
8666	8606
8637	8608
8633	8643
8644	8700
8658	8749
8658	8761
8641	8725
8617	8661
8617	8613
8662	8615
8714	8643
8702	8635
8596	8557
8445	8441
8319	8332
8257	8260
8229	8201
8160	8102
7994	7926
7741	7688
7464	7439
7238	7244
7082	7128
6968	7067
6891	7041
6875	7037
6917	7048
6974	7064
7020	7084
7043	7105
7035	7106
6982	7057
6865	6936
6685	6749
6479	6533
6307	6359
6227	6274
6245	6285
6303	6322
6319	6312
6302	6279
6334	6330
6433	6480
6528	6620
6527	6639
6402	6497
6200	6261
6030	6055
5983	5987
6086	6070
6268	6225
6394	6313
6362	6232
6158	5981
5896	5686
5723	5509
5647	5459
5554	5408
5386	5277
5194	5105
5034	4943
4919	4802
4813	4663
4685	4507
4534	4338
4397	4187
4299	4074
4241	3996
4202	3941
4173	3907
4182	3926
4265	4041
4427	4241
4637	4477
4872	4716
5129	4956
5374	5168
5553	5316
5675	5401
5817	5494
6078	5684
6491	6021
6949	6437
7234	6770
7164	6864
6699	6646
5971	6122
5217	5421
7691	7534
7694	7553
7624	7533
7616	7562
7738	7687
7912	7867
7997	8013
7898	8052
7697	8009
7624	7993
7852	8109
8382	8384
9022	8738
9491	9011
9595	9033
9306	8724
8721	8168
8008	7569
7351	7082
6885	6749
6654	6574
6629	6554
6762	6694
7033	6983
7408	7385
7833	7831
8210	8226
8445	8486
8523	8586
8499	8556
8422	8430
8308	8248
8202	8075
8161	7997
8217	8046
8332	8186
8460	8358
8552	8500
8595	8583
8597	8608
8591	8604
8608	8606
8657	8626
8719	8646
8761	8629
8745	8547
8672	8417
8573	8297
8493	8227
8461	8214
8463	8242
8464	8286
8444	8324
8408	8348
8370	8349
8325	8320
8249	8248
8111	8114
7903	7923
7651	7688
7408	7451
7229	7259
7150	7168
7159	7195
7204	7276
7215	7300
7170	7223
7100	7090
7045	6959
7018	6862
6999	6791
6950	6722
6848	6643
6696	6555
6535	6485
6423	6465
6395	6505
6436	6575
6465	6595
6401	6498
6307	6359
6328	6340
6492	6484
6671	6666
6725	6756
6609	6707
6389	6565
6192	6423
6111	6352
6162	6354
6260	6371
6283	6313
6143	6126
5850	5827
5521	5506
5305	5280
5233	5192
5215	5195
5170	5217
5083	5207
4967	5133
4824	4996
4663	4828
4500	4678
4359	4584
4260	4556
4202	4572
4162	4585
4117	4559
4071	4495
4066	4434
4146	4421
4309	4466
4498	4544
4679	4627
4844	4701
4973	4742
5033	4723
5024	4631
4990	4491
5008	4358
5142	4300
5385	4358
5664	4532
5881	4775
5934	4995
5730	5054
5259	4863
7425	7428
7454	7493
7487	7585
7557	7701
7697	7862
7900	8089
8122	8367
8301	8630
8391	8775
8393	8727
8355	8507
8345	8227
8397	8020
8472	7939
8443	7897
8185	7742
7737	7446
7276	7124
6921	6859
6676	6659
6532	6528
6509	6494
6633	6590
6904	6819
7291	7155
7723	7543
8118	7914
8397	8205
8535	8388
8540	8458
8431	8415
8238	8273
8041	8104
7943	8012
7989	8053
8147	8202
8345	8393
8517	8565
8620	8668
8650	8691
8632	8654
8596	8586
8559	8498
8499	8367
8389	8175
8218	7922
8026	7668
7888	7498
7848	7465
7900	7563
8006	7737
8119	7909
8201	8020
8234	8050
8222	8019
8184	7974
8131	7950
8057	7944
7943	7923
7776	7841
7565	7681
7348	7468
7201	7280
7177	7188
7236	7192
7264	7212
7198	7176
7056	7059
6885	6872
6717	6642
6571	6419
6460	6255
6395	6187
6373	6211
6394	6300
6453	6406
6533	6493
6603	6527
6602	6495
6503	6404
6375	6308
6342	6284
6443	6352
6596	6471
6710	6594
6743	6689
6712	6749
6658	6776
6614	6767
6573	6713
6508	6607
6376	6439
6164	6224
5897	5994
5636	5798
5454	5684
5386	5662
5406	5702
5452	5746
5463	5745
5399	5667
5262	5520
5095	5351
4961	5221
4903	5174
4923	5204
4984	5271
5028	5312
5009	5287
4925	5183
4800	5016
4673	4813
4575	4613
4516	4449
4490	4332
4478	4242
4452	4158
4384	4062
4263	3944
4091	3797
3905	3638
3761	3502
3714	3429
3793	3455
3988	3581
4233	3775
4417	3977
4441	4128
7536	7658
7660	7838
7817	8045
7981	8256
8168	8481
8409	8741
8700	9020
8968	9232
9082	9255
8932	8999
8542	8514
8070	7980
7704	7601
7550	7475
7535	7506
7480	7491
7307	7344
7081	7131
6871	6931
6695	6764
6568	6642
6520	6586
6581	6612
6752	6720
7017	6903
7336	7140
7664	7412
7956	7695
8184	7964
8335	8195
8388	8349
8337	8403
8234	8374
8165	8324
8184	8306
8291	8341
8440	8413
8576	8488
8659	8531
8671	8529
8626	8492
8551	8442
8449	8372
8295	8250
8065	8044
7771	7758
7470	7439
7251	7171
7177	7022
7256	7021
7433	7137
7623	7302
7757	7453
7808	7557
7799	7610
7775	7635
7777	7654
7809	7681
7840	7715
7828	7743
7742	7751
7593	7722
7428	7650
7305	7541
7252	7436
7245	7379
7225	7348
7134	7268
6944	7086
6675	6813
6392	6514
6182	6279
6096	6164
6132	6174
6244	6252
6357	6323
6417	6332
6402	6265
6327	6157
6233	6061
6169	6022
6170	6063
6236	6162
6340	6275
6455	6369
6563	6434
6654	6486
6720	6540
6750	6603
6730	6659
6649	6668
6501	6591
6301	6420
6087	6197
5920	6009
5848	5931
5868	5967
5932	6051
5979	6107
5962	6095
5868	6000
5708	5835
5528	5637
5385	5460
5316	5338
5318	5276
5353	5248
5365	5209
5317	5133
5201	5010
5028	4854
4813	4680
4591	4495
4386	4307
4210	4116
4058	3928
3922	3758
3802	3625
3694	3531
3592	3473
3494	3443
3412	3432
3367	3441
3382	3481
3466	3556
3605	3666
3787	3818
3985	4006
7698	7606
7887	7735
8104	7908
8351	8172
8639	8534
8946	8923
9219	9224
9361	9330
9287	9201
8968	8893
8495	8539
8051	8297
7801	8252
7780	8353
7843	8402
7776	8194
7529	7755
7232	7315
7000	7023
6836	6863
6725	6778
6668	6742
6671	6741
6725	6760
6829	6801
6985	6886
7196	7041
7462	7291
7766	7622
8068	7986
8313	8299
8451	8485
8474	8518
8424	8438
8353	8311
8305	8189
8287	8095
8285	8027
8280	7976
8261	7940
8241	7933
8233	7967
8226	8019
8171	8036
8031	7963
7793	7783
7491	7518
7195	7226
6974	6980
6880	6834
6910	6810
7030	6898
7193	7064
7357	7266
7489	7451
7568	7567
7595	7598
7593	7583
7603	7584
7659	7670
7764	7859
7880	8089
7931	8229
7854	8158
7694	7924
7559	7695
7484	7555
7402	7463
7246	7352
7013	7199
6750	7022
6525	6845
6385	6692
6333	6565
6328	6448
6315	6331
6255	6203
6150	6082
6033	5989
5950	5954
5949	6000
6041	6136
6186	6307
6313	6428
6370	6442
6360	6358
6328	6251
6339	6217
6426	6311
6568	6509
6692	6717
6710	6813
6581	6735
6345	6509
6109	6241
5985	6052
5995	5997
6077	6046
6151	6129
6161	6180
6089	6149
5933	6016
5719	5795
5495	5528
5301	5260
5152	5025
5041	4830
4942	4671
4832	4536
4710	4414
4581	4307
4457	4213
4329	4121
4183	4016
4013	3894
3834	3767
3668	3651
3541	3565
3467	3526
3450	3540
3477	3603
3530	3692
3595	3791
3672	3893
3761	3990
3863	4084
3987	4178
4130	4275
7421	7252
7436	7141
7519	7116
7770	7321
8197	7771
8676	8304
9035	8705
9146	8834
9017	8737
8784	8598
8608	8590
8601	8767
8755	9045
8934	9227
8911	9100
8523	8569
7884	7808
7303	7161
6962	6811
6819	6703
6778	6723
6786	6794
6807	6864
6818	6891
6820	6874
6849	6863
6957	6930
7189	7142
7542	7506
7955	7951
8316	8342
8513	8540
8521	8520
8399	8370
8229	8188
8064	8023
7929	7890
7824	7783
7743	7691
7690	7627
7686	7607
7738	7648
7823	7725
7879	7778
7847	7751
7708	7622
7479	7417
7222	7204
7002	7045
6875	6982
6857	7020
6942	7130
7105	7279
7304	7438
7491	7584
7615	7701
7664	7788
7672	7871
7708	7986
7839	8163
8074	8390
8343	8596
8486	8640
8366	8410
8037	7980
7707	7571
7503	7323
7405	7233
7352	7241
7306	7300
7242	7352
7144	7339
6998	7221
6805	6995
6585	6708
6370	6433
6194	6233
6078	6137
6036	6146
6063	6230
6160	6352
6309	6473
6460	6555
6540	6568
6510	6505
6387	6391
6251	6280
6196	6233
6279	6282
6474	6413
6694	6567
6822	6673
6794	6685
6617	6590
6361	6396
6118	6131
5973	5895
5956	5797
6037	5853
6128	5967
6146	6029
6049	5969
5834	5777
5542	5484
5221	5141
4917	4803
4660	4511
4456	4285
4301	4125
4186	4018
4092	3931
4002	3837
3913	3750
3840	3713
3788	3742
3751	3814
3725	3897
3712	3972
3721	4038
3762	4104
3837	4178
3932	4254
4030	4322
4121	4375
4201	4406
4267	4420
4328	4441
4393	4484
7178	7207
6974	6961
6859	6800
6998	6876
7410	7199
7921	7605
8305	7891
8426	7950
8348	7854
8278	7805
8377	7937
8648	8219
8954	8495
9084	8569
8867	8320
8280	7782
7525	7140
6913	6640
6605	6406
6550	6405
6635	6551
6779	6762
6910	6952
6969	7043
6947	7018
6904	6943
6930	6919
7111	7058
7469	7391
7931	7851
8344	8281
8551	8515
8529	8529
8385	8429
8228	8324
8101	8255
8005	8210
7921	8162
7837	8092
7762	8004
7718	7929
7722	7890
7761	7884
7781	7867
7730	7793
7593	7645
7397	7457
7220	7303
7122	7241
7130	7278
7224	7380
7355	7496
7482	7592
7592	7678
7697	7789
7817	7962
7970	8208
8158	8496
8364	8758
8563	8923
8717	8948
8776	8815
8649	8503
8281	8019
7770	7479
7326	7059
7076	6848
7009	6818
7069	6910
7201	7069
7337	7230
7393	7318
7315	7277
7097	7103
6801	6853
6516	6607
6318	6434
6242	6366
6278	6395
6384	6480
6499	6560
6564	6576
6561	6521
6508	6439
6433	6373
6358	6335
6298	6312
6269	6280
6270	6222
6296	6150
6339	6087
6386	6069
6422	6107
6415	6160
6307	6126
6057	5918
5761	5611
5588	5394
5600	5353
5707	5416
5784	5470
5753	5442
5591	5309
5322	5081
4995	4797
4660	4499
4366	4227
4134	4009
3979	3857
3882	3763
3805	3695
3719	3632
3650	3597
3659	3655
3766	3820
3937	4046
4117	4280
4270	4478
4388	4630
4479	4744
4552	4831
4610	4891
4645	4917
4648	4893
4616	4818
4569	4725
4547	4668
4578	4691
7280	7328
7032	7095
6881	6984
6919	7011
7131	7115
7374	7187
7499	7138
7443	6965
7295	6759
7227	6662
7341	6746
7591	6961
7828	7185
7888	7284
7687	7183
7271	6911
6790	6570
6420	6301
6262	6193
6307	6264
6499	6475
6758	6755
6987	7003
7100	7123
7068	7078
6953	6932
6876	6804
6958	6833
7253	7075
7695	7482
8133	7915
8409	8227
8485	8370
8452	8405
8407	8412
8392	8432
8393	8457
8375	8452
8316	8395
8218	8288
8115	8170
8043	8088
8008	8049
7973	8022
7894	7963
7753	7849
7579	7710
7447	7603
7389	7535
7396	7469
7434	7387
7480	7330
7542	7362
7652	7532
7840	7852
8126	8282
8482	8734
8832	9095
9082	9266
9150	9190
9010	8890
8694	8437
8238	7911
7698	7388
7189	6961
6842	6720
6705	6667
6722	6721
6819	6806
6954	6888
7084	6953
7160	6991
7146	6994
7040	6956
6873	6883
6698	6787
6560	6684
6485	6593
6475	6532
6511	6514
6553	6532
6554	6565
6513	6596
6458	6611
6418	6602
6390	6550
6353	6452
6283	6313
6167	6149
6029	5989
5906	5863
5847	5796
5870	5790
5932	5812
5930	5795
5772	5678
5508	5485
5289	5300
5197	5170
5187	5081
5180	5001
5129	4907
5011	4791
4830	4647
4603	4477
4361	4292
4127	4102
3926	3926
3776	3775
3675	3658
3610	3575
3565	3528
3565	3536
3654	3626
3836	3785
4067	3975
4297	4158
4494	4318
4657	4463
4790	4607
4906	4759
5003	4907
5057	5018
5045	5057
4968	5014
4861	4931
4793	4880
4821	4929
7345	7385
7122	7161
7035	7040
7040	6975
7051	6894
6986	6757
6820	6568
6583	6366
6364	6205
6265	6144
6327	6202
6517	6358
6741	6555
6894	6718
6894	6767
6733	6665
6482	6459
6266	6272
6180	6191
6250	6240
6450	6399
6717	6621
6958	6831
7078	6953
7037	6948
6888	6853
6745	6744
6734	6722
6916	6836
7258	7078
7653	7390
7979	7696
8180	7936
8275	8084
8321	8157
8353	8190
8375	8191
8362	8152
8294	8063
8181	7944
8064	7839
7989	7780
7967	7779
7965	7802
7942	7811
7871	7785
7782	7749
7710	7721
7635	7656
7493	7480
7292	7213
7136	7004
7144	6997
7378	7254
7817	7726
8355	8272
8851	8724
9168	8948
9222	8890
9008	8586
8594	8136
8082	7657
7572	7238
7130	6929
6820	6754
6688	6713
6703	6764
6777	6834
6839	6875
6871	6885
6882	6894
6896	6926
6918	6977
6933	7019
6926	7030
6882	6994
6802	6917
6700	6821
6605	6729
6551	6666
6561	6671
6642	6770
6758	6929
6849	7056
6861	7075
6771	6955
6596	6734
6387	6488
6195	6290
6047	6162
5950	6089
5889	6026
5845	5939
5798	5822
5731	5694
5632	5581
5506	5484
5365	5375
5222	5248
5082	5115
4951	4987
4824	4859
4701	4730
4573	4600
4443	4486
4309	4398
4174	4332
4035	4262
3897	4158
3760	4009
3640	3837
3557	3690
3537	3617
3598	3639
3718	3729
3854	3827
3974	3893
4077	3940
4184	3996
4318	4095
4487	4240
4671	4413
4828	4569
4917	4670
4922	4703
4884	4712
4881	4768
4975	4923
7469	7576
7248	7385
7057	7149
6891	6913
6732	6713
6579	6574
6444	6504
6341	6486
6279	6498
6274	6525
6330	6562
6435	6616
6573	6684
6695	6748
6736	6762
6651	6693
6478	6562
6316	6439
6240	6378
6262	6377
6365	6429
6521	6520
6684	6631
6806	6737
6856	6813
6841	6854
6801	6863
6786	6857
6834	6859
6962	6898
7165	7006
7421	7194
7673	7422
7858	7612
7954	7722
7984	7761
7966	7745
7901	7677
7795	7573
7677	7465
7583	7384
7542	7350
7550	7356
7583	7381
7609	7402
7614	7412
7618	7438
7632	7487
7600	7502
7440	7397
7182	7190
6971	7014
6956	6992
7183	7154
7588	7437
8032	7718
8357	7874
8455	7837
8305	7622
7975	7307
7570	6993
7196	6757
6921	6641
6769	6645
6730	6725
6764	6818
6824	6879
6870	6897
6888	6890
6905	6900
6947	6959
7024	7067
7113	7182
7166	7246
7160	7236
7103	7173
7024	7104
6949	7055
6886	7020
6831	6970
6820	6932
6896	6963
7039	7060
7156	7139
7162	7122
7030	6989
6804	6778
6564	6560
6380	6401
6266	6303
6199	6235
6120	6141
5993	5988
5823	5785
5643	5570
5493	5380
5384	5238
5287	5140
5195	5084
5115	5071
5042	5068
4950	5028
4827	4935
4692	4815
4586	4729
4543	4731
4555	4809
4567	4887
4512	4873
4359	4723
4136	4463
3918	4194
3787	4011
3771	3954
3837	3985
3909	4017
3936	4003
3936	3960
3942	3932
3995	3961
4099	4047
4228	4146
4342	4217
4409	4237
4433	4220
4461	4225
4560	4325
4762	4534
7675	7759
7544	7697
7324	7530
7084	7330
6884	7163
6768	7068
6731	7040
6745	7048
6773	7053
6788	7032
6790	6987
6791	6939
6804	6904
6822	6887
6822	6880
6780	6873
6707	6860
6636	6844
6596	6829
6587	6819
6603	6814
6643	6814
6700	6820
6766	6831
6825	6844
6868	6853
6885	6850
6876	6834
6858	6812
6854	6800
6902	6819
7021	6880
7192	6981
7354	7102
7470	7220
7534	7317
7546	7374
7507	7378
7429	7338
7340	7276
7271	7218
7236	7183
7231	7166
7236	7149
7235	7122
7233	7097
7261	7120
7340	7219
7408	7339
7373	7372
7237	7305
7106	7219
7078	7191
7171	7228
7323	7272
7436	7247
7428	7111
7273	6870
7012	6595
6737	6375
6529	6276
6435	6312
6465	6449
6585	6631
6743	6803
6873	6932
6936	6990
6931	6966
6889	6883
6861	6796
6892	6763
6988	6817
7111	6936
7198	7054
7219	7130
7188	7156
7147	7157
7124	7153
7099	7137
7045	7080
6982	7005
6971	6964
7018	6966
7050	6952
7007	6874
6867	6723
6670	6536
6480	6369
6343	6257
6265	6200
6204	6151
6107	6062
5945	5904
5730	5686
5495	5437
5270	5191
5097	4992
4991	4876
4960	4859
4996	4921
5051	5013
5066	5072
5019	5078
4941	5056
4897	5066
4945	5157
5069	5311
5183	5446
5193	5468
5046	5330
4773	5056
4474	4741
4253	4488
4151	4351
4134	4299
4117	4249
4053	4157
3974	4054
3931	4000
3962	4030
4056	4128
4156	4230
4207	4278
4192	4254
4134	4183
4097	4131
4165	4178
4356	4354
7830	7881
7818	7893
7711	7835
7567	7747
7445	7673
7374	7629
7347	7607
7336	7582
7311	7533
7250	7443
7163	7322
7066	7188
6988	7068
6937	6980
6919	6936
6932	6943
6961	6982
6986	7025
6995	7047
6989	7047
6971	7026
6941	6978
6902	6908
6860	6827
6822	6748
6787	6685
6762	6645
6742	6632
6733	6642
6733	6666
6743	6684
6762	6686
6805	6695
6888	6754
7009	6876
7136	7025
7236	7154
7284	7234
7281	7258
7245	7243
7202	7217
7172	7196
7149	7177
7117	7141
7069	7084
7024	7025
7033	7006
7131	7065
7267	7162
7340	7216
7320	7197
7269	7158
7246	7138
7249	7130
7226	7087
7120	6964
6909	6751
6635	6501
6376	6293
6226	6213
6227	6290
6365	6484
6566	6703
6750	6859
6886	6939
6983	6999
7030	7039
6994	7000
6873	6854
6720	6650
6615	6482
6618	6435
6723	6527
6874	6702
7010	6882
7095	7012
7133	7079
7149	7103
7140	7106
7097	7100
7037	7087
6990	7057
6955	6999
6893	6894
6776	6739
6611	6555
6429	6377
6282	6243
6192	6170
6154	6145
6120	6121
6040	6045
5887	5898
5672	5687
5420	5441
5162	5188
4949	4978
4823	4855
4809	4836
4879	4894
4983	4983
5068	5067
5116	5134
5146	5204
5208	5310
5340	5473
5516	5664
5664	5815
5697	5855
5571	5744
5303	5488
4974	5148
4693	4847
4540	4700
4491	4697
4456	4723
4374	4689
4268	4597
4195	4500
4198	4449
4266	4452
4348	4485
4393	4522
4386	4552
4347	4588
4328	4642
4382	4712
4531	4782
7912	7921
7927	7933
7900	7931
7863	7932
7836	7938
7818	7947
7805	7948
7778	7929
7719	7877
7615	7778
7475	7636
7317	7465
7164	7286
7037	7120
6952	6984
6921	6899
6935	6864
6967	6864
6992	6882
7001	6897
6981	6888
6930	6844
6848	6766
6748	6671
6652	6577
6578	6509
6538	6484
6540	6507
6577	6567
6628	6642
6664	6696
6667	6711
6666	6717
6720	6774
6843	6896
7000	7048
7140	7183
7232	7267
7268	7303
7269	7312
7258	7316
7253	7329
7246	7343
7221	7342
7170	7313
7106	7260
7058	7193
7047	7120
7052	7031
7030	6916
6970	6784
6911	6675
6881	6619
6876	6617
6856	6639
6774	6636
6624	6583
6448	6503
6311	6438
6286	6438
6392	6524
6589	6669
6784	6799
6892	6852
6927	6857
6966	6895
7013	6961
6985	6955
6832	6811
6597	6568
6385	6336
6301	6230
6377	6287
6560	6461
6764	6665
6917	6817
6994	6890
7020	6912
7040	6948
7083	7043
7135	7163
7146	7216
7079	7151
6940	6989
6753	6779
6551	6567
6372	6389
6248	6271
6185	6212
6165	6190
6141	6161
6066	6082
5920	5940
5719	5753
5492	5558
5268	5384
5085	5255
4977	5176
4949	5136
4973	5114
5022	5102
5076	5105
5139	5144
5229	5237
5364	5385
5547	5571
5741	5753
5885	5880
5927	5917
5833	5842
5597	5636
5258	5321
4952	5029
4829	4934
4890	5046
4996	5208
5023	5276
4954	5215
4829	5067
4712	4898
4638	4766
4614	4700
4639	4717
4712	4821
4833	5006
4978	5223
5075	5370
5052	5329
7918	7908
7933	7942
7950	7972
7974	8003
8001	8033
8025	8063
8043	8092
8044	8116
8012	8119
7936	8079
7809	7977
7635	7810
7434	7592
7231	7357
7047	7129
6901	6932
6808	6791
6771	6723
6776	6714
6794	6731
6795	6742
6766	6727
6707	6692
6631	6644
6558	6602
6511	6580
6505	6595
6546	6646
6622	6723
6709	6806
6773	6870
6802	6905
6822	6935
6883	7000
7000	7109
7138	7230
7253	7323
7322	7370
7347	7384
7358	7392
7374	7416
7406	7464
7444	7527
7472	7587
7481	7628
7453	7633
7391	7597
7294	7519
7153	7380
6968	7165
6761	6900
6584	6656
6482	6500
6473	6466
6533	6545
6609	6680
6661	6812
6674	6895
6663	6916
6658	6892
6686	6847
6738	6801
6778	6753
6774	6705
6765	6692
6816	6761
6905	6865
6921	6899
6796	6796
6566	6590
6338	6381
6221	6268
6261	6289
6412	6406
6591	6548
6724	6648
6782	6691
6800	6710
6852	6775
6986	6928
7155	7111
7239	7203
7177	7144
7004	6975
6787	6767
6577	6574
6407	6421
6294	6317
6234	6256
6205	6214
6167	6163
6084	6081
5949	5960
5785	5826
5632	5718
5522	5672
5460	5675
5418	5669
5368	5611
5296	5497
5218	5362
5164	5258
5167	5229
5249	5298
5398	5438
5573	5592
5730	5709
5826	5765
5850	5764
5792	5715
5628	5598
5360	5400
5109	5207
5036	5153
5159	5244
5321	5349
5384	5356
5310	5244
5142	5064
4953	4885
4803	4760
4727	4704
4743	4725
4855	4822
5056	4990
5301	5205
5498	5403
5512	5452
7902	7894
7961	7974
7997	8006
8019	8003
8034	7989
8053	7989
8087	8019
8135	8086
8179	8167
8181	8216
8114	8184
7959	8047
7729	7807
7463	7516
7199	7227
6973	6995
6811	6843
6726	6767
6708	6746
6719	6752
6734	6765
6736	6773
6722	6776
6701	6779
6688	6786
6690	6804
6717	6828
6766	6860
6828	6895
6893	6924
6941	6945
6973	6966
7008	7004
7076	7076
7180	7179
7284	7277
7358	7344
7390	7370
7393	7369
7399	7374
7428	7405
7488	7468
7567	7554
7650	7646
7715	7722
7747	7766
7744	7777
7701	7748
7589	7650
7373	7442
7080	7145
6788	6838
6584	6611
6520	6523
6594	6581
6755	6741
6932	6932
7059	7078
7098	7135
7056	7101
6960	6997
6845	6870
6741	6758
6671	6700
6672	6723
6756	6813
6865	6910
6902	6934
6813	6849
6637	6698
6457	6551
6356	6468
6361	6459
6439	6500
6535	6548
6602	6581
6631	6609
6659	6656
6735	6747
6884	6875
7049	6992
7124	7032
7066	6975
6915	6852
6734	6713
6570	6591
6444	6494
6353	6420
6289	6358
6237	6301
6179	6239
6100	6170
5999	6092
5897	6025
5833	5992
5836	6012
5879	6062
5895	6076
5833	6011
5693	5863
5522	5682
5387	5541
5342	5498
5404	5567
5533	5694
5659	5793
5731	5811
5733	5753
5696	5666
5643	5597
5565	5544
5444	5486
5324	5433
5283	5413
5320	5406
5338	5349
5262	5202
5101	4996
4911	4799
4761	4670
4680	4627
4663	4639
4692	4674
4761	4720
4871	4784
5018	4871
5161	4957
5183	4929
7882	7859
7970	7936
7983	7916
7945	7836
7894	7757
7868	7720
7893	7748
7975	7845
8087	7977
8174	8081
8175	8093
8051	7974
7807	7726
7495	7406
7196	7116
6981	6941
6868	6886
6823	6889
6809	6890
6806	6879
6810	6867
6819	6863
6830	6871
6848	6888
6866	6909
6885	6920
6897	6915
6900	6888
6896	6842
6881	6785
6869	6737
6873	6721
6912	6761
6995	6857
7107	6988
7212	7114
7282	7204
7312	7245
7316	7255
7322	7262
7352	7287
7411	7338
7494	7414
7580	7492
7653	7554
7694	7584
7698	7571
7656	7507
7547	7382
7342	7188
7065	6945
6778	6701
6560	6517
6467	6440
6510	6479
6656	6609
6840	6779
6994	6940
7078	7057
7083	7119
7024	7139
6939	7128
6863	7105
6832	7084
6862	7081
6933	7096
6997	7101
6991	7056
6900	6954
6768	6834
6649	6739
6583	6689
6567	6671
6574	6657
6581	6637
6592	6634
6624	6679
6700	6779
6806	6896
6905	6969
6962	6970
6958	6928
6900	6871
6812	6814
6722	6769
6645	6738
6584	6712
6530	6678
6473	6625
6413	6558
6351	6490
6294	6441
6245	6417
6209	6418
6194	6416
6201	6393
6216	6350
6204	6299
6137	6227
5998	6109
5829	5970
5704	5879
5683	5892
5773	6009
5906	6151
5982	6209
5950	6129
5830	5949
5688	5752
5587	5620
5541	5571
5524	5569
5519	5590
5526	5624
5511	5632
5424	5561
5243	5389
5015	5156
4804	4930
4676	4777
4639	4713
4657	4713
4694	4746
4735	4803
4787	4888
4859	4987
4918	5057
4862	4987
7813	7736
7861	7743
7791	7611
7673	7463
7590	7414
7583	7492
7654	7653
7776	7820
7906	7927
7986	7930
7968	7823
7827	7624
7574	7366
7270	7104
7016	6924
6904	6898
6923	7000
6983	7124
7010	7190
6998	7187
6965	7132
6932	7051
6907	6964
6898	6897
6902	6861
6903	6848
6887	6837
6844	6804
6773	6735
6684	6632
6599	6520
6558	6437
6586	6441
6698	6562
6863	6779
7031	7011
7154	7181
7214	7257
7225	7257
7222	7235
7239	7240
7288	7296
7365	7394
7445	7496
7503	7564
7523	7579
7494	7539
7416	7458
7289	7337
7110	7171
6901	6975
6700	6793
6556	6673
6505	6648
6554	6714
6679	6840
6837	6985
6994	7122
7131	7242
7239	7347
7324	7448
7381	7530
7398	7565
7366	7523
7306	7424
7245	7317
7188	7225
7107	7129
6997	7026
6890	6936
6817	6883
6785	6870
6774	6879
6758	6887
6734	6886
6733	6897
6784	6940
6888	7018
6999	7096
7049	7132
7023	7110
6963	7059
6909	7015
6874	6992
6864	6997
6870	7028
6875	7050
6854	7027
6790	6934
6693	6783
6598	6630
6541	6542
6543	6561
6586	6666
6619	6767
6585	6772
6497	6687
6411	6598
6341	6541
6250	6480
6149	6418
6099	6406
6151	6485
6293	6630
6435	6752
6466	6744
6339	6575
6104	6305
5866	6050
5716	5901
5665	5858
5667	5858
5690	5864
5733	5886
5763	5901
5719	5852
5569	5705
5341	5481
5100	5229
4912	5015
4807	4879
4779	4833
4814	4877
4904	5005
5041	5194
5195	5393
5286	5494
5188	5359
7636	7530
7592	7438
7407	7243
7249	7099
7253	7137
7433	7366
7700	7683
7918	7929
7992	7985
7895	7817
7667	7487
7383	7119
7112	6827
6907	6677
6827	6699
6902	6871
7086	7120
7271	7345
7376	7475
7389	7496
7318	7418
7187	7262
7030	7071
6898	6910
6819	6821
6799	6813
6808	6848
6804	6869
6754	6834
6654	6735
6523	6600
6409	6485
6387	6472
6521	6618
6786	6893
7073	7186
7279	7390
7360	7463
7344	7437
7301	7391
7301	7394
7371	7476
7498	7615
7626	7753
7710	7834
7723	7840
7678	7794
7602	7734
7495	7655
7336	7518
7137	7325
6951	7131
6833	7000
6815	6967
6889	7018
7011	7110
7135	7200
7235	7257
7308	7285
7369	7299
7437	7324
7502	7358
7535	7381
7497	7357
7400	7289
7294	7211
7205	7145
7119	7084
7036	7027
6969	6986
6937	6973
6943	6992
6976	7035
7015	7089
7048	7141
7075	7178
7104	7203
7139	7216
7175	7222
7194	7223
7190	7215
7166	7200
7134	7181
7113	7166
7120	7165
7153	7181
7178	7194
7147	7163
7026	7051
6827	6859
6616	6642
6489	6497
6511	6495
6663	6637
6839	6833
6919	6974
6892	7034
6847	7073
6829	7124
6808	7149
6774	7125
6768	7073
6823	7031
6923	7027
7000	7051
6974	7059
6815	7014
6575	6902
6345	6741
6197	6572
6136	6435
6114	6350
6096	6309
6082	6279
6053	6222
5967	6108
5802	5930
5575	5702
5323	5458
5099	5235
4948	5072
4893	5003
4945	5042
5094	5181
5310	5389
5531	5612
5644	5767
5516	5758
7446	7405
7313	7248
7152	7147
7048	7082
7079	7072
7268	7157
7548	7335
7784	7526
7844	7595
7659	7430
7279	7052
6854	6608
6538	6285
6429	6207
6536	6382
6791	6704
7090	7042
7332	7295
7464	7426
7487	7444
7412	7380
7263	7256
7087	7119
6947	7026
6886	7007
6906	7054
6962	7118
6991	7135
6950	7073
6842	6944
6711	6815
6626	6761
6647	6812
6796	6942
7032	7100
7267	7241
7425	7335
7480	7372
7462	7378
7434	7387
7454	7433
7540	7516
7668	7619
7784	7697
7843	7727
7838	7712
7797	7695
7772	7719
7744	7762
7658	7749
7496	7648
7312	7493
7166	7338
7092	7216
7089	7141
7126	7106
7168	7098
7191	7099
7194	7098
7187	7098
7189	7097
7201	7097
7212	7099
7201	7095
7166	7081
7119	7052
7072	7010
7032	6979
7002	6969
6989	6985
6996	7017
7021	7050
7058	7073
7100	7084
7141	7097
7179	7124
7214	7174
7241	7231
7245	7255
7221	7217
7182	7145
7157	7103
7149	7106
7141	7109
7127	7080
7116	7034
7109	7006
7091	7010
7032	7024
6913	7001
6752	6919
6614	6795
6565	6679
6626	6622
6766	6656
6918	6784
7057	6973
7189	7165
7308	7312
7370	7376
7338	7332
7214	7179
7054	6971
6934	6806
6913	6767
6994	6884
7113	7087
7171	7237
7099	7227
6901	7040
6669	6780
6512	6604
6459	6552
6442	6553
6392	6519
6279	6422
6105	6267
5890	6068
5656	5849
5436	5630
5260	5444
5163	5319
5167	5279
5265	5326
5434	5443
5642	5622
5862	5885
6060	6259
7421	7500
7263	7359
7212	7335
7171	7282
7096	7133
7053	6964
7101	6878
7218	6904
7284	6946
7159	6861
6822	6601
6407	6264
6104	6021
6058	6010
6280	6254
6653	6652
7028	7057
7299	7356
7432	7508
7456	7551
7407	7523
7313	7458
7213	7384
7157	7343
7164	7349
7220	7386
7274	7413
7270	7382
7181	7275
7034	7124
6904	7008
6872	6994
6934	7065
7027	7122
7097	7120
7143	7093
7178	7087
7211	7125
7250	7202
7305	7298
7376	7391
7456	7462
7529	7508
7573	7528
7582	7536
7573	7547
7585	7588
7657	7678
7760	7793
7816	7876
7780	7886
7666	7812
7511	7663
7346	7472
7204	7278
7101	7124
7049	7043
7039	7033
7053	7070
7073	7114
7082	7137
7077	7130
7069	7117
7069	7118
7065	7123
7035	7086
6982	7009
6942	6942
6941	6934
6983	6991
7044	7078
7091	7145
7103	7158
7084	7121
7063	7070
7072	7056
7129	7107
7213	7201
7264	7274
7232	7267
7149	7206
7107	7179
7121	7202
7128	7206
7083	7151
7011	7069
6969	7024
6991	7060
7063	7155
7115	7232
7088	7214
6964	7065
6778	6815
6603	6554
6530	6410
6621	6470
6833	6695
7048	6932
7190	7088
7238	7149
7200	7148
7086	7111
6935	7062
6817	7033
6790	7034
6876	7051
7023	7062
7131	7041
7124	6981
6987	6891
6795	6789
6656	6693
6605	6613
6593	6554
6560	6494
6476	6408
6337	6280
6156	6114
5951	5925
5740	5728
5552	5549
5410	5411
5340	5333
5344	5321
5416	5369
5558	5481
5815	5694
6249	6076
7628	7779
7521	7706
7489	7641
7392	7481
7166	7193
6892	6846
6687	6542
6609	6356
6601	6274
6549	6233
6390	6182
6177	6116
6026	6077
6050	6134
6287	6339
6679	6692
7102	7108
7430	7463
7618	7691
7695	7818
7701	7872
7664	7871
7606	7829
7561	7770
7541	7717
7542	7679
7534	7643
7482	7585
7375	7500
7242	7409
7153	7360
7166	7387
7241	7448
7272	7447
7222	7364
7148	7268
7122	7234
7171	7291
7276	7409
7400	7536
7499	7623
7556	7654
7577	7650
7586	7652
7607	7693
7650	7770
7713	7853
7788	7908
7864	7936
7930	7969
7958	7996
7912	7969
7779	7848
7576	7647
7352	7413
7169	7216
7070	7110
7065	7105
7123	7169
7188	7238
7218	7268
7210	7256
7196	7249
7212	7291
7232	7346
7192	7322
7088	7203
6987	7071
6957	7011
7013	7051
7116	7157
7204	7258
7228	7301
7189	7272
7123	7203
7086	7147
7114	7144
7196	7194
7278	7264
7302	7309
7282	7325
7281	7343
7306	7362
7301	7349
7245	7304
7173	7264
7145	7271
7188	7326
7277	7385
7327	7374
7269	7247
7074	7001
6780	6693
6486	6414
6313	6255
6353	6277
6576	6474
6850	6775
7073	7093
7212	7350
7280	7509
7309	7577
7329	7590
7355	7591
7368	7583
7335	7541
7238	7445
7102	7295
6971	7123
6876	6962
6798	6807
6693	6627
6557	6429
6433	6263
6337	6139
6237	6025
6112	5894
5957	5744
5785	5590
5612	5445
5455	5325
5340	5249
5281	5228
5282	5264
5334	5343
5432	5448
5591	5575
5871	5768
7916	8009
7870	7977
7764	7849
7549	7612
7225	7290
6840	6902
6466	6485
6173	6103
6001	5837
5949	5743
5981	5809
6049	5961
6119	6110
6204	6219
6364	6340
6658	6571
7044	6910
7407	7264
7676	7558
7859	7790
7972	7959
8015	8050
7993	8056
7928	8002
7853	7922
7788	7852
7738	7810
7695	7799
7652	7812
7618	7839
7610	7866
7635	7873
7653	7834
7606	7733
7495	7598
7387	7484
7351	7442
7407	7483
7519	7574
7629	7655
7687	7683
7685	7654
7657	7606
7651	7590
7704	7638
7805	7740
7907	7852
7959	7922
7969	7953
7983	7976
8007	7997
7984	7973
7875	7871
7683	7697
7455	7490
7260	7313
7151	7205
7138	7175
7188	7192
7241	7209
7256	7195
7235	7160
7239	7172
7318	7281
7422	7429
7431	7483
7317	7400
7169	7263
7085	7167
7099	7153
7190	7211
7292	7295
7351	7360
7343	7376
7287	7349
7223	7294
7190	7246
7200	7219
7238	7218
7279	7233
7310	7251
7332	7258
7337	7246
7316	7220
7290	7212
7293	7249
7342	7332
7411	7411
7439	7416
7364	7296
7165	7055
6880	6762
6590	6505
6364	6352
6252	6308
6264	6334
6408	6424
6685	6607
7047	6888
7398	7227
7647	7531
7749	7706
7728	7717
7655	7615
7594	7505
7572	7482
7558	7540
7494	7580
7340	7494
7103	7237
6817	6872
6532	6511
6288	6233
6105	6038
5967	5884
5838	5736
5695	5580
5547	5426
5409	5294
5294	5205
5215	5164
5188	5182
5216	5256
5297	5382
5414	5535
5541	5684
5660	5803
5808	5924
8047	8043
8024	8031
7913	7987
7707	7870
7426	7661
7061	7337
6626	6904
6182	6425
5831	6005
5666	5748
5702	5692
5864	5785
6042	5936
6167	6070
6273	6190
6456	6354
6741	6585
7060	6851
7356	7119
7616	7377
7828	7607
7962	7772
8006	7854
7978	7867
7917	7841
7861	7815
7841	7823
7869	7884
7936	7992
8020	8113
8077	8198
8070	8199
7988	8112
7849	7965
7696	7807
7575	7677
7519	7605
7540	7600
7602	7644
7660	7695
7673	7722
7639	7711
7586	7676
7556	7638
7580	7623
7655	7644
7755	7707
7847	7800
7916	7897
7961	7956
7978	7956
7944	7907
7849	7825
7705	7726
7542	7626
7398	7539
7300	7466
7250	7400
7223	7329
7190	7242
7136	7148
7081	7068
7088	7049
7202	7124
7367	7257
7458	7360
7425	7391
7330	7364
7244	7311
7206	7255
7219	7215
7265	7206
7318	7232
7357	7283
7366	7333
7344	7359
7302	7351
7257	7313
7221	7259
7200	7208
7186	7168
7172	7143
7150	7122
7122	7095
7118	7075
7163	7085
7249	7131
7324	7183
7321	7182
7194	7086
6956	6897
6684	6676
6472	6502
6382	6442
6405	6499
6475	6610
6532	6666
6576	6601
6665	6487
6870	6500
7171	6722
7450	7078
7597	7413
7580	7599
7482	7626
7436	7584
7487	7555
7563	7558
7545	7549
7352	7458
7016	7245
6646	6926
6333	6574
6096	6268
5913	6034
5742	5839
5570	5652
5406	5478
5276	5341
5197	5264
5182	5257
5232	5319
5341	5441
5496	5604
5673	5783
5833	5937
5940	6020
6027	6060
8016	7975
8022	8009
8086	8198
8101	8359
7988	8347
7713	8128
7295	7745
6807	7271
6340	6779
5984	6323
5787	5970
5749	5771
5826	5753
5964	5885
6123	6090
6293	6279
6477	6424
6676	6554
6893	6705
7122	6887
7342	7085
7522	7271
7639	7421
7698	7522
7716	7577
7723	7610
7755	7651
7835	7732
7960	7854
8097	7992
8201	8099
8227	8141
8164	8100
8036	7992
7882	7846
7742	7703
7652	7603
7630	7573
7667	7617
7738	7719
7806	7840
7848	7941
7849	7986
7812	7958
7756	7871
7710	7771
7715	7727
7792	7786
7899	7899
7957	7956
7937	7916
7871	7838
7805	7793
7764	7813
7746	7877
7732	7942
7700	7959
7629	7902
7522	7776
7392	7616
7262	7461
7157	7329
7093	7214
7087	7108
7135	7048
7219	7089
7309	7219
7366	7345
7361	7384
7296	7316
7202	7181
7131	7058
7119	7012
7171	7065
7261	7190
7344	7329
7389	7428
7381	7462
7332	7435
7270	7381
7222	7344
7207	7351
7204	7372
7177	7344
7117	7237
7056	7088
7026	6957
7029	6897
7037	6905
6998	6926
6890	6906
6733	6820
6586	6685
6509	6558
6540	6494
6644	6510
6705	6539
6606	6479
6386	6300
6240	6102
6329	6056
6671	6308
7157	6866
7606	7572
7877	8165
7927	8410
7815	8282
7663	7962
7569	7706
7542	7645
7477	7663
7245	7505
6865	7125
6488	6705
6206	6380
5985	6138
5786	5931
5605	5746
5460	5598
5377	5507
5365	5482
5420	5522
5532	5612
5681	5739
5844	5874
5978	5977
6032	6009
6033	5995
7916	7827
7978	7909
8279	8281
8568	8656
8650	8819
8502	8766
8184	8557
7761	8223
7266	7759
6731	7182
6234	6594
5891	6157
5778	5973
5884	6025
6101	6194
6292	6341
6402	6402
6470	6414
6557	6448
6695	6558
6879	6755
7086	6999
7272	7232
7407	7389
7479	7450
7508	7449
7538	7441
7605	7487
7717	7600
7851	7749
7961	7871
8004	7910
7965	7862
7864	7774
7736	7688
7612	7618
7524	7572
7499	7560
7547	7591
7660	7670
7806	7778
7938	7883
8012	7950
7999	7952
7908	7889
7787	7801
7726	7762
7781	7819
7897	7917
7948	7949
7894	7880
7810	7794
7785	7780
7850	7870
7982	8035
8113	8208
8182	8317
8151	8318
8029	8212
7855	8035
7678	7839
7520	7658
7363	7487
7189	7313
7051	7171
7043	7127
7165	7177
7304	7244
7355	7254
7288	7197
7148	7104
7018	7032
6969	7030
7032	7114
7179	7266
7350	7433
7487	7569
7553	7647
7551	7657
7511	7622
7485	7588
7507	7599
7543	7630
7514	7598
7373	7447
7151	7191
6930	6910
6797	6706
6780	6636
6837	6684
6887	6779
6865	6829
6752	6778
6576	6617
6398	6376
6269	6122
6214	5956
6202	5951
6159	6044
6045	6119
5977	6234
6196	6622
6829	7432
7769	8572
8676	9675
9157	10293
9075	10249
8630	9730
8179	9128
7982	8756
7959	8572
7796	8283
7394	7766
6925	7177
6544	6681
6262	6329
6044	6096
5868	5949
5732	5850
5642	5775
5605	5733
5629	5752
5707	5840
5821	5968
5933	6077
6004	6113
6005	6065
5986	6014
7737	7691
7814	7727
8183	8000
8581	8360
8816	8664
8882	8863
8814	8937
8600	8852
8211	8585
7663	8155
7071	7655
6609	7227
6383	6974
6366	6901
6451	6917
6512	6890
6497	6772
6441	6619
6419	6527
6503	6561
6708	6728
6985	6974
7247	7209
7409	7349
7448	7378
7412	7351
7378	7341
7414	7405
7540	7549
7713	7726
7853	7865
7896	7919
7850	7908
7794	7907
7773	7955
7781	8029
7793	8089
7798	8112
7800	8093
7810	8047
7834	7998
7867	7958
7894	7935
7899	7925
7877	7920
7848	7921
7847	7944
7903	7989
7969	8028
7969	8013
7891	7941
7809	7876
7800	7876
7893	7963
8061	8110
8242	8265
8366	8370
8386	8385
8297	8303
8127	8145
7922	7956
7731	7783
7576	7665
7460	7610
7373	7571
7305	7485
7246	7334
7186	7164
7125	7037
7075	6989
7057	7024
7082	7117
7153	7238
7265	7366
7402	7485
7537	7587
7647	7672
7716	7735
7731	7762
7696	7742
7646	7694
7629	7656
7632	7623
7585	7541
7431	7366
7165	7078
6849	6732
6584	6427
6456	6271
6489	6329
6637	6574
6798	6904
6883	7200
6833	7353
6636	7301
6338	7073
6094	6854
6073	6877
6282	7205
6600	7726
7026	8371
7699	9167
8692	10098
9876	11027
10923	11721
11463	11954
11365	11696
10815	11144
10164	10581
9694	10181
9353	9828
8874	9232
8161	8346
7386	7413
6743	6670
6308	6201
6070	5979
5967	5926
5924	5938
5881	5936
5846	5923
5875	5969
5990	6105
6150	6287
6270	6422
6280	6425
6179	6302
6073	6168
7707	7753
7667	7641
7784	7600
8060	7776
8423	8164
8752	8601
8958	8935
9005	9121
8890	9162
8633	9056
8275	8804
7893	8436
7603	8083
7481	7887
7455	7810
7363	7673
7147	7415
6906	7150
6748	6980
6719	6920
6805	6933
6954	6976
7101	7015
7192	7044
7230	7087
7260	7183
7330	7341
7452	7531
7613	7702
7764	7818
7875	7894
7944	7977
7995	8094
8066	8226
8166	8359
8276	8475
8359	8564
8396	8612
8379	8614
8319	8568
8236	8487
8154	8388
8088	8289
8043	8201
8016	8129
8004	8078
8015	8059
8046	8073
8074	8104
8067	8120
8025	8117
7992	8122
8008	8154
8083	8216
8196	8284
8300	8326
8355	8318
8339	8259
8251	8163
8116	8057
7970	7969
7847	7915
7776	7899
7756	7895
7727	7852
7618	7722
7419	7509
7197	7278
7034	7100
6972	7016
7012	7027
7117	7101
7243	7201
7364	7300
7466	7391
7553	7474
7632	7559
7702	7646
7750	7715
7761	7748
7740	7750
7703	7736
7651	7701
7541	7611
7335	7421
7020	7116
6646	6744
6319	6411
6167	6252
6274	6364
6631	6754
7133	7319
7639	7918
8010	8422
8169	8788
8143	9055
8095	9303
8240	9586
8634	9889
9169	10155
9745	10352
10334	10495
10900	10593
11352	10619
11565	10514
11440	10229
11029	9819
10524	9432
10135	9214
9930	9172
9702	9077
9130	8628
8205	7833
7242	7017
6515	6426
6086	6095
5906	5965
5891	5963
5941	6022
5976	6081
5995	6129
6059	6202
6196	6321
6372	6465
6507	6588
6528	6635
6432	6594
6308	6494
7799	7817
7640	7659
7497	7486
7574	7470
7927	7705
8411	8148
8864	8679
9201	9155
9379	9462
9370	9518
9157	9317
8770	8929
8348	8488
8059	8125
7895	7859
7715	7620
7472	7400
7257	7260
7144	7231
7113	7271
7108	7304
7088	7288
7048	7223
7016	7153
7044	7148
7172	7259
7385	7471
7619	7712
7799	7897
7892	7988
7943	8038
8039	8137
8196	8303
8364	8466
8501	8580
8605	8657
8688	8723
8745	8782
8768	8823
8748	8829
8684	8786
8583	8692
8461	8562
8336	8417
8223	8280
8135	8173
8086	8115
8089	8116
8126	8162
8167	8217
8198	8265
8231	8306
8275	8342
8317	8365
8340	8355
8324	8301
8261	8204
8165	8090
8064	7992
7987	7944
7959	7962
7977	8032
8014	8113
8027	8144
7972	8092
7829	7960
7622	7769
7400	7562
7217	7378
7106	7244
7076	7172
7105	7156
7167	7180
7242	7231
7320	7300
7405	7388
7500	7491
7599	7593
7675	7658
7707	7662
7710	7640
7719	7667
7744	7764
7736	7874
7636	7915
7411	7822
7089	7593
6764	7300
6567	7058
6607	6978
6901	7095
7372	7358
7894	7675
8380	7999
8847	8399
9365	8956
9884	9556
10250	9928
10358	9913
10235	9584
9973	9100
9683	8625
9440	8274
9266	8092
9112	8028
8912	7986
8657	7904
8430	7798
8317	7727
8325	7709
8288	7670
7985	7487
7434	7177
6881	6890
6499	6704
6284	6589
6188	6507
6174	6455
6213	6447
6272	6485
6336	6541
6405	6595
6489	6637
6588	6689
6690	6766
6763	6861
6780	6929
6696	6857
7758	7574
7654	7570
7521	7522
7429	7387
7486	7264
7793	7378
8323	7814
8905	8428
9335	8975
9475	9254
9328	9248
9008	9078
8634	8838
8266	8539
7923	8193
7616	7846
7384	7571
7275	7422
7297	7413
7393	7502
7486	7621
7521	7711
7485	7739
7414	7706
7378	7664
7439	7680
7604	7782
7816	7943
7996	8104
8101	8219
8166	8301
8266	8400
8411	8512
8535	8586
8606	8607
8646	8607
8688	8625
8742	8670
8793	8726
8818	8763
8796	8755
8716	8689
8591	8577
8445	8446
8308	8326
8206	8250
8158	8233
8175	8277
8232	8349
8291	8398
8329	8408
8354	8395
8370	8379
8372	8363
8345	8336
8279	8284
8180	8209
8071	8129
7987	8069
7961	8059
8005	8109
8101	8205
8204	8306
8254	8365
8219	8354
8109	8275
7946	8142
7759	7977
7578	7801
7426	7643
7321	7521
7269	7446
7264	7424
7296	7445
7357	7504
7445	7589
7550	7685
7645	7764
7687	7782
7650	7708
7591	7609
7614	7608
7765	7760
7976	8007
8150	8251
8194	8390
8081	8377
7845	8222
7586	7997
7407	7794
7356	7663
7405	7590
7493	7533
7603	7490
7813	7527
8207	7722
8689	8022
9006	8265
9007	8326
8739	8207
8332	7973
7930	7721
7645	7539
7530	7476
7546	7515
7597	7581
7605	7607
7555	7564
7480	7474
7419	7372
7356	7273
7238	7168
7090	7085
6984	7063
6936	7077
6882	7045
6791	6934
6688	6781
6621	6658
6618	6611
6654	6622
6683	6633
6690	6619
6703	6613
6761	6662
6871	6784
6981	6920
6929	6897
7263	6915
7373	7101
7428	7236
7299	7160
7059	6907
6983	6703
7249	6773
7806	7189
8432	7818
8887	8416
9088	8807
9100	8960
8999	8936
8808	8827
8539	8683
8229	8508
7936	8300
7719	8071
7613	7868
7618	7752
7701	7753
7817	7852
7909	7985
7942	8082
7932	8126
7931	8146
7984	8183
8092	8256
8221	8349
8331	8435
8421	8512
8513	8591
8597	8657
8630	8670
8610	8628
8578	8578
8576	8568
8613	8601
8669	8656
8710	8693
8708	8683
8649	8618
8548	8521
8439	8430
8351	8375
8313	8378
8338	8446
8414	8554
8499	8648
8534	8668
8505	8602
8446	8501
8394	8420
8364	8384
8350	8389
8331	8414
8301	8434
8264	8446
8235	8448
8236	8457
8278	8483
8351	8526
8432	8578
8489	8622
8497	8639
8446	8610
8342	8530
8197	8407
8034	8257
7878	8113
7754	7998
7677	7932
7652	7920
7674	7955
7732	8019
7810	8088
7891	8145
7947	8169
7936	8131
7837	8015
7709	7867
7665	7779
7768	7806
7979	7938
8213	8116
8383	8267
8435	8342
8360	8324
8210	8249
8059	8174
7947	8127
7865	8099
7783	8059
7692	7989
7644	7922
7706	7912
7870	7978
8036	8076
8122	8157
8098	8185
7987	8153
7842	8084
7724	8014
7676	7972
7698	7968
7740	7975
7751	7961
7702	7895
7595	7777
7462	7620
7321	7445
7189	7273
7101	7138
7082	7076
7097	7049
7057	6983
6923	6837
6737	6642
6575	6470
6495	6375
6487	6359
6493	6374
6483	6391
6482	6412
6531	6465
6650	6561
6789	6660
6795	6672
6723	6903
6870	6841
7013	6871
7004	6876
6822	6791
6583	6593
6486	6402
6712	6440
7246	6795
7885	7344
8379	7835
8594	8058
8572	8017
8489	7920
8462	7954
8486	8146
8472	8357
8337	8405
8109	8262
7909	8072
7827	7964
7879	7974
8010	8066
8142	8176
8232	8274
8291	8362
8345	8450
8412	8539
8482	8606
8535	8635
8580	8643
8638	8667
8691	8705
8700	8709
8656	8676
8609	8646
8601	8659
8639	8710
8693	8764
8719	8774
8687	8710
8601	8587
8492	8448
8406	8349
8375	8326
8415	8389
8518	8517
8651	8665
8751	8767
8757	8766
8665	8667
8540	8535
8444	8441
8410	8421
8439	8471
8502	8560
8569	8657
8620	8731
8648	8775
8662	8794
8674	8802
8693	8812
8722	8831
8751	8855
8767	8870
8752	8862
8693	8816
8588	8727
8455	8611
8326	8500
8229	8426
8183	8413
8198	8461
8256	8552
8333	8644
8395	8698
8422	8694
8407	8635
8336	8533
8209	8396
8055	8250
7935	8128
7900	8063
7954	8074
8066	8143
8177	8220
8243	8261
8246	8247
8210	8198
8180	8160
8180	8158
8201	8187
8208	8213
8176	8205
8117	8177
8080	8165
8091	8190
8146	8247
8222	8320
8288	8408
8327	8495
8333	8563
8316	8593
8291	8583
8266	8537
8235	8458
8181	8354
8088	8220
7951	8058
7779	7871
7583	7674
7383	7480
7209	7297
7089	7137
7005	6998
6905	6868
6760	6739
6587	6608
6432	6491
6340	6412
6322	6393
6356	6439
6409	6528
6462	6609
6513	6644
6557	6616
6580	6536
6562	6461
7565	8670
7119	7740
6897	7156
6820	6880
6783	6788
6660	6714
6462	6570
6361	6406
6495	6345
6854	6492
7262	6793
7496	7076
7487	7183
7384	7118
7397	7061
7645	7228
8013	7606
8259	7974
8290	8198
8224	8323
8177	8401
8174	8430
8201	8408
8239	8357
8291	8329
8375	8371
8492	8489
8616	8642
8707	8758
8728	8789
8706	8750
8691	8695
8695	8661
8690	8639
8672	8636
8670	8668
8714	8745
8786	8839
8843	8900
8834	8877
8736	8749
8567	8541
8385	8317
8256	8155
8224	8103
8293	8165
8433	8305
8587	8456
8691	8552
8691	8555
8597	8480
8478	8388
8403	8338
8399	8354
8465	8430
8568	8534
8673	8631
8752	8703
8801	8745
8826	8772
8842	8803
8860	8839
8884	8880
8913	8925
8934	8962
8933	8974
8898	8950
8822	8884
8722	8801
8631	8729
8586	8709
8607	8760
8694	8875
8813	9018
8920	9133
8966	9170
8932	9110
8832	8978
8699	8828
8564	8714
8446	8644
8352	8601
8299	8579
8303	8595
8357	8647
8414	8691
8428	8680
8375	8588
8276	8442
8189	8305
8147	8223
8152	8206
8173	8225
8183	8247
8191	8284
8237	8360
8314	8459
8392	8530
8458	8568
8538	8620
8641	8712
8740	8812
8796	8868
8787	8837
8705	8716
8576	8541
8420	8356
8251	8188
8075	8043
7896	7912
7722	7788
7559	7658
7393	7491
7208	7268
7019	7026
6863	6844
6757	6754
6679	6720
6607	6682
6542	6628
6515	6597
6568	6649
6679	6774
6779	6877
6785	6852
6673	6667
6484	6398
6344	6213
10095	11670
8731	10080
7741	8733
7148	7755
6872	7178
6772	6933
6688	6847
6528	6729
6358	6552
6341	6465
6553	6593
6890	6914
7142	7241
7165	7368
7057	7303
7085	7250
7341	7338
7694	7546
8021	7812
8297	8105
8509	8378
8614	8576
8602	8660
8512	8632
8419	8546
8399	8473
8472	8458
8603	8503
8720	8575
8765	8622
8730	8617
8657	8561
8591	8492
8559	8467
8575	8507
8639	8596
8741	8706
8849	8806
8912	8865
8884	8848
8750	8740
8531	8555
8291	8341
8109	8169
8038	8090
8084	8115
8206	8207
8337	8301
8416	8346
8417	8336
8361	8292
8301	8258
8281	8268
8318	8329
8402	8427
8501	8521
8583	8587
8634	8611
8660	8612
8685	8615
8721	8646
8772	8703
8836	8787
8911	8895
8976	9001
9010	9066
8999	9069
8945	9018
8870	8943
8811	8885
8806	8875
8869	8926
8994	9037
9141	9168
9255	9266
9281	9286
9209	9213
9063	9081
8921	8972
8848	8959
8845	9023
8856	9074
8859	9071
8873	9049
8909	9041
8933	9038
8907	9015
8805	8949
8651	8849
8503	8750
8411	8684
8384	8658
8402	8653
8427	8648
8463	8649
8526	8674
8596	8709
8631	8718
8632	8700
8653	8698
8717	8728
8794	8760
8822	8744
8756	8640
8598	8459
8400	8258
8216	8097
8087	8014
8009	8004
7958	8021
7893	7991
7772	7845
7567	7571
7280	7217
6983	6873
6766	6613
6666	6470
6638	6406
6615	6372
6571	6342
6544	6345
6604	6427
6739	6573
6844	6689
6808	6678
6597	6515
6313	6300
6133	6181
13182	14420
11646	13167
10103	11684
8776	10178
7833	8910
7329	8077
7139	7673
7043	7509
6918	7397
6818	7267
6846	7165
7047	7190
7333	7364
7542	7608
7609	7813
7588	7899
7562	7859
7577	7753
7659	7656
7827	7642
8061	7742
8309	7939
8508	8166
8604	8340
8590	8411
8508	8385
8420	8312
8373	8259
8388	8269
8438	8337
8473	8405
8453	8410
8402	8376
8396	8379
8458	8446
8558	8534
8652	8598
8726	8634
8769	8652
8769	8661
8711	8643
8590	8585
8436	8491
8299	8400
8228	8352
8239	8367
8304	8425
8360	8474
8375	8482
8346	8443
8302	8389
8282	8362
8312	8391
8394	8479
8504	8599
8603	8711
8660	8777
8665	8784
8639	8749
8617	8707
8627	8695
8674	8717
8764	8782
8890	8885
9023	8999
9110	9081
9126	9108
9080	9076
9003	9008
8932	8928
8901	8868
8923	8851
8997	8880
9093	8941
9173	9000
9189	9020
9132	8991
9033	8936
8970	8909
9008	8961
9109	9047
9165	9068
9130	8992
9054	8878
8995	8797
8974	8787
8981	8851
8997	8972
9008	9114
9009	9236
9001	9305
8980	9309
8938	9247
8876	9138
8819	9016
8792	8919
8793	8858
8792	8830
8779	8820
8771	8822
8772	8816
8760	8783
8698	8699
8567	8554
8380	8367
8189	8177
8046	8032
7987	7964
8006	7969
8049	7994
8017	7937
7825	7699
7481	7312
7077	6895
6711	6547
6429	6279
6238	6086
6128	5968
6079	5929
6075	5961
6123	6053
6236	6186
6387	6325
6509	6429
6536	6467
6460	6450
6362	6443
6340	6508
15277	15768
14413	15266
13222	14482
11800	13391
10387	12105
9263	10850
8552	9812
8166	9050
7930	8521
7706	8137
7485	7849
7364	7673
7420	7645
7636	7774
7910	8019
8109	8285
8151	8449
8040	8419
7845	8202
7667	7904
7583	7635
7620	7475
7750	7441
7907	7515
8035	7658
8111	7828
8152	7996
8190	8142
8254	8260
8341	8352
8414	8409
8428	8427
8404	8434
8412	8465
8471	8516
8530	8543
8554	8525
8548	8479
8536	8438
8538	8425
8541	8433
8521	8430
8472	8409
8420	8389
8402	8401
8439	8465
8518	8571
8591	8676
8619	8729
8584	8705
8516	8621
8463	8540
8469	8516
8545	8572
8669	8690
8798	8832
8890	8952
8921	9016
8898	9022
8857	8991
8823	8950
8814	8911
8829	8873
8865	8834
8916	8809
8967	8820
9001	8861
8998	8888
8951	8868
8870	8796
8788	8699
8732	8613
8721	8570
8749	8570
8793	8605
8824	8651
8831	8693
8816	8719
8814	8738
8847	8755
8881	8747
8848	8667
8736	8519
8603	8363
8524	8271
8543	8290
8668	8438
8879	8694
9132	9007
9359	9303
9511	9522
9561	9629
9514	9622
9392	9525
9227	9358
9053	9150
8910	8956
8832	8838
8816	8809
8828	8820
8832	8822
8798	8776
8706	8672
8557	8511
8365	8309
8167	8098
8001	7911
7900	7781
7866	7710
7854	7666
7763	7561
7508	7321
7119	6971
6726	6626
6419	6357
6193	6161
6034	6026
5948	5960
5944	5977
6013	6068
6133	6208
6273	6359
6396	6489
6475	6571
6500	6602
6497	6613
6531	6670
6643	6801
15980	16023
15731	15914
15334	15789
14688	15527
13753	14993
12592	14116
11355	12952
10220	11675
9319	10498
8702	9595
8335	9020
8137	8706
8052	8539
8070	8447
8213	8465
8477	8659
8736	8947
8814	9114
8641	9043
8304	8782
7929	8428
7616	8068
7423	7767
7377	7574
7461	7514
7640	7574
7854	7712
8050	7877
8194	8022
8284	8136
8337	8229
8382	8332
8442	8451
8513	8563
8569	8629
8574	8624
8521	8552
8441	8453
8375	8368
8348	8330
8351	8328
8357	8333
8352	8328
8352	8332
8385	8368
8468	8452
8590	8571
8707	8674
8770	8721
8747	8690
8655	8602
8558	8508
8511	8457
8544	8476
8651	8560
8796	8687
8931	8817
9023	8918
9056	8973
9045	8986
9008	8971
8957	8934
8888	8871
8800	8773
8722	8682
8704	8655
8747	8698
8798	8755
8801	8766
8740	8715
8638	8617
8536	8517
8471	8451
8456	8436
8487	8468
8546	8535
8615	8615
8673	8685
8716	8743
8741	8781
8720	8767
8615	8655
8432	8442
8231	8189
8087	7975
8059	7868
8172	7901
8410	8072
8725	8341
9046	8649
9308	8933
9470	9148
9524	9272
9483	9312
9362	9275
9185	9177
9004	9058
8885	8965
8842	8907
8830	8850
8796	8756
8712	8606
8568	8405
8378	8175
8161	7945
7946	7738
7758	7572
7621	7460
7540	7394
7487	7355
7393	7299
7203	7180
6925	6993
6637	6770
6392	6541
6192	6324
6044	6144
5964	6034
5971	6017
6062	6095
6212	6252
6387	6449
6553	6653
6677	6828
6754	6960
6806	7063
6893	7176
7019	7284
16016	16044
15957	15989
15964	16014
15927	16053
15702	16004
15180	15766
14328	15273
13214	14501
11997	13503
10878	12403
10009	11350
9434	10468
9084	9809
8855	9364
8752	9131
8847	9113
9083	9230
9277	9352
9306	9389
9182	9344
8947	9227
8645	9040
8318	8791
8019	8500
7794	8206
7669	7952
7650	7782
7715	7722
7834	7769
7976	7893
8129	8069
8296	8269
8465	8471
8609	8639
8690	8742
8690	8759
8618	8703
8515	8611
8425	8527
8379	8480
8370	8462
8364	8437
8346	8393
8332	8350
8354	8339
8422	8376
8515	8428
8581	8443
8591	8410
8547	8366
8481	8335
8416	8324
8381	8327
8394	8339
8449	8362
8541	8397
8638	8446
8728	8506
8793	8573
8834	8643
8856	8711
8860	8771
8832	8798
8765	8781
8693	8743
8672	8728
8707	8746
8752	8764
8756	8747
8707	8695
8624	8627
8541	8576
8495	8564
8496	8593
8538	8650
8606	8713
8679	8764
8738	8792
8784	8805
8819	8810
8806	8781
8692	8668
8467	8459
8185	8190
7919	7921
7738	7708
7685	7598
7770	7607
7968	7731
8238	7946
8524	8212
8780	8486
8977	8732
9104	8926
9159	9046
9147	9087
9094	9066
9030	9014
8958	8936
8854	8809
8697	8619
8481	8367
8226	8088
7964	7819
7729	7597
7544	7445
7418	7363
7346	7330
7313	7326
7303	7333
7287	7343
7243	7348
7147	7323
6992	7232
6789	7077
6572	6894
6382	6728
6255	6620
6225	6598
6293	6667
6447	6812
6651	7002
6869	7201
7066	7381
7227	7526
7354	7637
7470	7724
7542	7748
16114	16170
16046	16090
16036	16042
16065	16033
16074	16033
15988	15995
15753	15902
15337	15747
14714	15480
13880	15005
12879	14265
11821	13303
10869	12284
10165	11408
9754	10763
9563	10292
9482	9920
9424	9617
9356	9381
9289	9225
9225	9146
9150	9123
9035	9107
8852	9030
8605	8864
8327	8622
8077	8366
7918	8174
7878	8097
7948	8135
8096	8253
8284	8397
8481	8541
8657	8683
8778	8803
8820	8864
8789	8860
8717	8813
8648	8761
8604	8720
8574	8680
8528	8609
8451	8496
8370	8374
8318	8281
8312	8237
8320	8209
8290	8151
8228	8080
8193	8071
8216	8151
8271	8268
8319	8362
8338	8389
8326	8351
8304	8279
8294	8219
8318	8210
8379	8268
8477	8384
8593	8538
8708	8694
8790	8814
8819	8872
8808	8873
8796	8850
8787	8817
8770	8769
8727	8703
8666	8634
8614	8589
8595	8592
8619	8644
8680	8728
8753	8810
8809	8860
8832	8858
8819	8812
8788	8752
8756	8705
8708	8669
8611	8610
8445	8504
8231	8362
8006	8202
7812	8047
7681	7921
7639	7847
7694	7841
7843	7909
8060	8046
8311	8227
8561	8425
8774	8604
8914	8718
8960	8741
8935	8704
8884	8665
8819	8639
8710	8587
8533	8468
8297	8288
8037	8080
7791	7885
7603	7739
7487	7657
7439	7625
7428	7611
7427	7587
7427	7548
7433	7525
7457	7542
7473	7578
7436	7569
7333	7493
7196	7379
7073	7273
6998	7207
6994	7203
7065	7267
7199	7389
7365	7541
7531	7698
7678	7839
7792	7953
7870	8027
7914	8053
7894	8009
16180	16156
16078	16012
15998	15888
15959	15848
15951	15880
15937	15917
15912	15932
15894	15947
15844	15966
15662	15942
15257	15807
14614	15505
13799	15011
12936	14336
12107	13519
11341	12636
10662	11780
10107	11042
9690	10451
9400	9983
9226	9619
9152	9369
9128	9210
9079	9092
8959	8971
8770	8834
8561	8696
8402	8596
8344	8561
8387	8594
8481	8648
8564	8673
8631	8681
8714	8725
8814	8811
8886	8884
8902	8909
8876	8893
8837	8859
8799	8818
8745	8754
8651	8643
8511	8483
8355	8310
8229	8166
8156	8078
8108	8024
8042	7965
7982	7928
8008	7990
8140	8160
8308	8363
8436	8511
8472	8555
8419	8500
8319	8392
8228	8295
8200	8265
8254	8322
8381	8448
8552	8614
8725	8776
8858	8898
8924	8954
8923	8952
8892	8921
8842	8878
8777	8818
8698	8741
8622	8662
8577	8608
8584	8598
8644	8642
8735	8720
8820	8796
8862	8834
8845	8818
8785	8763
8722	8728
8702	8757
8715	8830
8711	8874
8660	8847
8571	8768
8459	8665
8339	8555
8224	8450
8131	8361
8078	8292
8074	8250
8119	8233
8203	8238
8312	8259
8416	8282
8478	8290
8476	8280
8444	8280
8444	8330
8478	8422
8496	8496
8452	8507
8343	8445
8197	8340
8054	8231
7948	8149
7889	8100
7859	8061
7822	7996
7752	7878
7661	7730
7591	7616
7589	7592
7629	7625
7624	7609
7538	7488
7400	7301
7264	7107
7166	6956
7135	6880
7177	6898
7290	7010
7453	7201
7640	7446
7826	7710
7994	7967
8116	8177
8169	8293
8135	8295
16128	16123
15944	15948
15790	15812
15766	15810
15861	15922
15959	16024
15994	16053
15993	16038
16001	16036
16028	16073
16033	16118
15950	16112
15718	16012
15300	15795
14695	15445
13938	14950
13122	14353
12347	13716
11647	13049
10998	12319
10394	11529
9877	10747
9475	10056
9188	9511
8995	9133
8866	8910
8779	8795
8723	8734
8692	8691
8685	8647
8681	8608
8667	8584
8662	8599
8706	8664
8791	8756
8861	8824
8885	8842
8866	8816
8827	8771
8780	8714
8707	8637
8589	8517
8424	8353
8245	8180
8099	8043
8010	7963
7959	7925
7916	7899
7905	7912
7994	8013
8186	8204
8404	8412
8562	8561
8611	8610
8563	8574
8468	8504
8387	8457
8372	8472
8434	8551
8553	8665
8697	8779
8825	8867
8917	8922
8959	8948
8962	8961
8952	8979
8934	8998
8899	8995
8836	8954
8758	8882
8688	8803
8651	8739
8661	8714
8708	8730
8770	8769
8804	8802
8800	8812
8770	8807
8768	8828
8841	8907
8951	8999
9006	9016
8959	8919
8844	8754
8713	8583
8593	8448
8499	8372
8438	8356
8401	8388
8383	8449
8369	8508
8351	8540
8325	8531
8295	8494
8268	8456
8263	8455
8301	8512
8394	8620
8516	8735
8607	8801
8627	8786
8570	8691
8465	8549
8356	8413
8276	8314
8225	8257
8178	8203
8090	8105
7940	7939
7750	7730
7601	7557
7554	7489
7574	7488
7540	7438
7389	7277
7160	7045
6925	6811
6735	6627
6629	6531
6633	6546
6752	6677
6974	6912
7271	7229
7606	7588
7942	7953
8235	8291
8426	8552
8482	8686
16148	16192
16032	16137
15957	16120
15970	16137
16041	16158
16091	16156
16091	16142
16083	16145
16100	16181
16143	16223
16178	16238
16167	16207
16100	16143
15980	16063
15806	15972
15554	15853
15227	15708
14832	15526
14338	15252
13682	14795
12860	14126
11943	13287
11032	12350
10219	11391
9574	10501
9128	9773
8858	9243
8705	8885
8608	8650
8536	8496
8486	8405
8472	8378
8512	8417
8602	8513
8705	8632
8779	8732
8802	8786
8780	8793
8733	8764
8674	8707
8593	8619
8470	8494
8313	8342
8154	8198
8031	8093
7965	8041
7940	8026
7932	8021
7953	8033
8047	8092
8206	8193
8374	8290
8488	8342
8521	8340
8494	8317
8460	8318
8464	8386
8529	8523
8644	8696
8768	8851
8864	8946
8915	8973
8932	8954
8936	8930
8951	8929
8987	8955
9029	8991
9047	9014
9029	9013
8976	8992
8907	8967
8846	8951
8811	8950
8812	8968
8838	8991
8865	9003
8876	8990
8874	8958
8882	8912
8912	8855
8934	8779
8885	8676
8749	8550
8565	8421
8387	8296
8250	8177
8180	8084
8189	8050
8276	8122
8428	8318
8599	8596
8740	8866
8808	9039
8802	9077
8764	9037
8757	9015
8811	9055
8906	9127
8987	9175
9008	9153
8940	9045
8793	8866
8606	8654
8435	8464
8314	8328
8244	8244
8183	8170
8079	8054
7907	7872
7691	7644
7503	7445
7413	7337
7389	7283
7322	7187
7158	7006
6943	6795
6741	6625
6602	6541
6554	6554
6604	6648
6749	6807
6979	7017
7273	7268
7606	7551
7952	7865
8304	8235
8650	8720
8925	9243
16236	16262
16215	16245
16218	16247
16229	16252
16230	16255
16219	16255
16209	16262
16222	16280
16256	16303
16282	16316
16283	16310
16252	16289
16204	16261
16150	16229
16086	16181
16004	16106
15919	16029
15848	15986
15742	15952
15506	15853
15089	15648
14499	15333
13748	14873
12849	14222
11880	13418
10969	12572
10204	11762
9597	11001
9132	10297
8790	9677
8550	9161
8406	8763
8362	8519
8421	8461
8551	8565
8696	8743
8811	8910
8873	9017
8876	9042
8825	8987
8725	8865
8587	8707
8436	8546
8303	8413
8211	8331
8169	8290
8152	8261
8133	8214
8115	8152
8125	8114
8159	8105
8185	8098
8177	8068
8141	8028
8115	8011
8149	8059
8270	8193
8467	8398
8691	8622
8878	8803
8979	8896
8990	8903
8950	8862
8904	8825
8884	8821
8892	8841
8912	8872
8930	8908
8948	8954
8971	9013
9006	9088
9053	9167
9106	9235
9150	9276
9171	9278
9157	9235
9108	9154
9028	9043
8917	8903
8774	8728
8621	8550
8496	8432
8424	8405
8393	8446
8358	8479
8271	8422
8134	8259
8011	8068
8005	7987
8188	8140
8535	8510
8916	8950
9183	9278
9265	9388
9215	9334
9169	9262
9189	9254
9241	9272
9256	9253
9203	9166
9072	9011
8881	8809
8667	8594
8476	8407
8336	8267
8241	8166
8152	8070
8020	7934
7826	7740
7590	7506
7376	7274
7235	7078
7138	6917
7006	6762
6814	6604
6614	6471
6476	6400
6438	6409
6498	6487
6622	6602
6782	6737
6965	6895
7177	7096
7426	7355
7724	7692
8139	8189
8812	9056
9667	10237
16264	16253
16244	16228
16238	16216
16240	16217
16247	16228
16260	16247
16278	16272
16302	16298
16321	16320
16330	16331
16324	16330
16311	16322
16295	16310
16276	16298
16245	16279
16190	16248
16129	16208
16085	16167
16049	16124
15986	16068
15891	16016
15766	15980
15571	15932
15232	15812
14747	15603
14174	15314
13534	14927
12796	14380
11979	13679
11151	12890
10372	12069
9689	11257
9181	10558
8931	10098
8926	9887
9047	9808
9173	9740
9241	9629
9226	9471
9130	9271
8973	9054
8790	8845
8621	8671
8491	8543
8411	8462
8367	8409
8323	8355
8247	8272
8151	8171
8082	8096
8058	8064
8052	8062
8043	8065
8025	8067
8023	8072
8065	8091
8167	8139
8320	8218
8489	8314
8629	8410
8706	8488
8725	8546
8718	8603
8731	8687
8781	8805
8853	8939
8928	9072
9009	9199
9091	9312
9171	9395
9243	9436
9299	9431
9327	9384
9320	9305
9277	9206
9202	9100
9105	9000
8998	8914
8876	8839
8733	8762
8587	8678
8487	8596
8465	8547
8511	8551
8561	8572
8521	8537
8364	8406
8160	8225
8051	8115
8174	8205
8527	8503
8969	8893
9309	9203
9435	9323
9380	9278
9293	9190
9253	9133
9234	9095
9181	9027
9065	8903
8888	8723
8672	8505
8451	8286
8261	8095
8119	7948
8014	7833
7914	7722
7781	7584
7598	7406
7374	7191
7127	6949
6879	6695
6662	6475
6507	6349
6428	6334
6408	6396
6432	6487
6487	6575
6557	6636
6630	6676
6720	6741
6862	6907
7098	7253
7455	7819
7938	8586
8605	9541
9661	10784
11067	12241
16243	16242
16214	16211
16198	16192
16198	16190
16211	16204
16234	16227
16260	16254
16289	16281
16312	16305
16327	16324
16335	16336
16331	16339
16323	16334
16311	16322
16294	16300
16271	16267
16241	16231
16212	16209
16185	16206
16155	16213
16130	16214
16117	16203
16103	16175
16058	16129
15976	16075
15860	16025
15682	15972
15391	15883
14975	15734
14453	15499
13832	15140
13113	14639
12392	14060
11803	13510
11387	13032
11054	12575
10720	12087
10362	11560
9991	11022
9632	10501
9307	10026
9034	9612
8817	9268
8657	8992
8543	8778
8463	8621
8398	8523
8334	8476
8266	8450
8204	8402
8157	8324
8128	8246
8113	8190
8108	8164
8105	8149
8099	8122
8092	8080
8102	8038
8139	8024
8207	8067
8304	8174
8419	8333
8552	8520
8703	8716
8873	8910
9049	9095
9217	9267
9376	9427
9502	9545
9573	9596
9574	9567
9506	9460
9388	9306
9243	9133
9098	8972
8970	8848
8876	8771
8817	8744
8796	8774
8797	8851
8783	8909
8723	8876
8636	8756
8577	8639
8554	8572
8512	8521
8408	8437
8257	8310
8148	8191
8188	8167
8399	8265
8693	8433
8934	8574
9030	8621
8991	8581
8920	8532
8875	8510
8839	8483
8773	8412
8655	8285
8482	8107
8274	7900
8062	7691
7873	7510
7725	7367
7601	7258
7482	7162
7344	7063
7179	6949
6989	6824
6788	6698
6587	6583
6422	6488
6333	6423
6331	6391
6394	6401
6489	6455
6584	6562
6664	6734
6748	6999
6899	7408
7209	8024
7769	8891
8621	10001
9713	11270
10946	12554
12278	13750
13593	14757
16251	16269
16221	16243
16203	16227
16199	16222
16210	16230
16232	16246
16256	16266
16280	16286
16301	16301
16319	16316
16335	16330
16343	16341
16343	16346
16333	16341
16308	16320
16261	16274
16212	16218
16184	16182
16192	16174
16217	16193
16237	16217
16234	16228
16204	16218
16154	16186
16102	16147
16072	16123
16068	16127
16074	16143
16054	16135
15968	16069
15786	15952
15503	15823
15156	15696
14791	15548
14426	15356
14027	15106
13570	14790
13047	14402
12474	13943
11877	13422
11285	12853
10720	12249
10203	11627
9746	11014
9360	10442
9058	9951
8862	9579
8768	9326
8722	9146
8648	8966
8522	8765
8390	8584
8299	8470
8261	8437
8251	8450
8231	8456
8178	8417
8102	8333
8046	8241
8049	8192
8134	8218
8290	8324
8488	8479
8690	8642
8874	8784
9038	8899
9182	8989
9312	9068
9405	9128
9439	9154
9401	9139
9300	9091
9164	9028
9018	8969
8892	8925
8802	8907
8760	8915
8769	8956
8841	9051
8974	9199
9089	9320
9074	9306
8935	9154
8776	8980
8676	8865
8619	8810
8552	8759
8441	8665
8308	8522
8213	8367
8191	8239
8220	8142
8245	8054
8222	7953
8159	7842
8112	7749
8088	7677
8050	7599
7959	7489
7815	7344
7627	7176
7421	7002
7225	6849
7062	6728
6946	6654
6875	6627
6833	6638
6807	6674
6780	6723
6746	6765
6707	6791
6665	6794
6615	6770
6556	6732
6499	6721
6483	6802
6553	7049
6760	7515
7140	8215
7714	9123
8487	10178
9452	11303
10569	12419
11771	13455
12955	14347
14012	15048
14875	15554
15512	15893
16292	16314
16271	16297
16257	16287
16253	16284
16259	16287
16269	16294
16283	16302
16296	16309
16305	16313
16315	16316
16324	16321
16333	16326
16341	16331
16343	16335
16331	16331
16300	16316
16255	16287
16211	16247
16184	16210
16179	16192
16195	16197
16217	16216
16229	16229
16218	16219
16192	16191
16172	16169
16171	16168
16172	16172
16139	16143
16050	16062
15943	15969
15892	15939
15899	15985
15901	16043
15846	16062
15731	16034
15563	15973
15349	15888
15080	15777
14746	15620
14333	15384
13831	15046
13241	14597
12591	14061
11927	13483
11309	12910
10770	12352
10316	11793
9925	11240
9574	10728
9261	10280
9007	9902
8840	9605
8773	9408
8772	9292
8781	9214
8746	9128
8657	9011
8543	8872
8448	8747
8413	8666
8445	8637
8527	8640
8616	8637
8681	8604
8717	8546
8734	8480
8750	8431
8772	8413
8800	8439
8830	8514
8867	8636
8917	8795
8979	8973
9048	9146
9117	9293
9184	9405
9252	9485
9341	9551
9457	9612
9539	9635
9499	9574
9350	9441
9183	9307
9077	9226
9033	9200
9002	9190
8927	9142
8787	9024
8600	8835
8399	8606
8208	8366
8033	8144
7867	7941
7702	7753
7545	7568
7404	7394
7278	7240
7155	7105
7028	6980
6896	6861
6775	6758
6674	6680
6602	6626
6564	6596
6561	6594
6592	6625
6655	6697
6739	6804
6825	6934
6900	7090
6961	7287
7018	7549
7102	7911
7278	8414
7616	9096
8177	9959
8974	10957
9965	12010
11063	13027
12164	13919
13169	14630
14027	15150
14721	15511
15249	15757
15629	15923
15883	16038
16050	16125
16327	16325
16314	16312
16306	16305
16304	16305
16306	16308
16311	16315
16316	16321
16321	16326
16323	16330
16322	16329
16321	16325
16319	16318
16320	16312
16321	16307
16318	16294
16305	16274
16283	16247
16253	16219
16225	16198
16208	16191
16208	16195
16217	16202
16216	16198
16193	16176
16154	16141
16129	16121
16134	16130
16157	16162
16164	16193
16128	16196
16069	16169
16039	16140
16064	16137
16112	16158
16152	16189
16165	16207
16156	16211
16135	16210
16104	16209
16045	16191
15930	16144
15739	16055
15468	15928
15136	15779
14774	15621
14397	15446
13977	15209
13473	14858
12901	14405
12327	13919
11796	13439
11306	12960
10860	12475
10484	12007
10185	11574
9946	11185
9737	10832
9534	10500
9335	10179
9155	9877
9010	9604
8908	9380
8830	9209
8748	9077
8639	8957
8510	8814
8377	8646
8264	8476
8197	8350
8203	8304
8294	8357
8461	8496
8681	8696
8922	8920
9150	9126
9333	9278
9458	9366
9528	9401
9563	9405
9579	9406
9567	9406
9512	9393
9421	9364
9334	9329
9284	9304
9274	9298
9279	9301
9257	9297
9175	9252
9017	9147
8802	8980
8563	8779
8335	8580
8133	8408
7958	8262
7791	8120
7624	7966
7462	7794
7303	7609
7147	7421
7002	7257
6882	7141
6799	7085
6750	7090
6735	7158
6761	7290
6833	7497
6963	7778
7143	8120
7370	8512
7667	8991
8079	9611
8628	10368
9310	11201
10117	12068
11041	12952
12025	13803
12987	14541
13848	15111
14567	15518
15125	15795
15525	15975
15785	16088
15941	16152
16033	16182
16090	16194
16136	16209
16189	16238
16313	16300
16296	16281
16289	16272
16291	16275
16297	16283
16306	16297
16317	16310
16327	16325
16334	16336
16336	16341
16331	16339
16322	16328
16311	16314
16297	16296
16276	16271
16242	16231
16202	16185
16170	16152
16153	16137
16152	16140
16163	16154
16178	16175
16188	16197
16187	16215
16175	16224
16167	16226
16174	16228
16197	16235
16222	16245
16232	16250
16219	16245
16200	16234
16189	16223
16191	16214
16200	16207
16205	16198
16204	16193
16208	16197
16217	16205
16221	16209
16205	16204
16172	16193
16129	16185
16084	16186
16043	16191
15987	16187
15880	16147
15685	16056
15411	15925
15110	15790
14801	15657
14465	15494
14084	15268
13663	14974
13220	14626
12778	14249
12344	13860
11917	13469
11490	13069
11067	12659
10665	12257
10319	11898
10064	11623
9909	11446
9809	11323
9681	11171
9493	10949
9272	10679
9072	10412
8944	10188
8902	10033
8942	9939
9042	9894
9163	9869
9268	9836
9328	9773
9335	9677
9306	9570
9274	9492
9273	9474
9309	9524
9358	9610
9394	9690
9405	9727
9391	9712
9369	9665
9353	9619
9350	9605
9338	9617
9290	9619
9190	9585
9052	9513
8906	9421
8775	9337
8663	9266
8546	9193
8406	9109
8241	9018
8069	8944
7913	8916
7806	8963
7773	9098
7824	9318
7959	9606
8171	9950
8464	10348
8841	10805
9297	11317
9809	11865
10350	12417
10954	12989
11663	13605
12438	14217
13178	14722
13836	15096
14439	15395
14986	15654
15438	15869
15760	16018
15963	16110
16086	16169
16164	16216
16216	16256
16246	16276
16252	16269
16241	16239
16236	16212
16247	16204
16300	16312
16279	16293
16269	16283
16271	16282
16279	16291
16294	16304
16309	16318
16326	16333
16339	16344
16345	16351
16345	16352
16335	16344
16322	16333
16306	16320
16283	16305
16248	16282
16209	16255
16180	16235
16170	16229
16174	16232
16186	16238
16204	16249
16225	16263
16247	16277
16261	16288
16266	16292
16264	16289
16263	16286
16266	16289
16270	16295
16271	16300
16264	16294
16251	16281
16235	16261
16220	16247
16209	16238
16204	16236
16206	16237
16208	16234
16203	16224
16191	16210
16183	16202
16186	16207
16203	16227
16229	16254
16247	16277
16236	16275
16190	16245
16126	16206
16079	16190
16051	16197
16002	16197
15898	16161
15733	16085
15518	15979
15276	15863
15030	15755
14787	15659
14541	15568
14285	15468
14019	15354
13766	15228
13543	15087
13351	14916
13168	14716
12961	14501
12710	14275
12424	14035
12127	13782
11852	13536
11614	13307
11420	13103
11261	12919
11117	12747
10973	12577
10815	12404
10645	12231
10484	12073
10364	11948
10313	11872
10338	11857
10415	11893
10500	11948
10541	11973
10516	11944
10449	11876
10383	11806
10358	11778
10378	11797
10414	11840
10428	11877
10407	11888
10363	11877
10320	11869
10298	11887
10291	11935
10299	12016
10324	12123
10390	12267
10522	12469
10737	12739
11033	13065
11389	13421
11770	13769
12155	14086
12540	14369
12937	14632
13354	14887
13778	15137
14188	15368
14587	15577
14987	15769
15352	15932
15625	16047
15796	16114
15912	16157
16006	16187
16079	16201
16125	16199
16153	16198
16182	16211
16222	16243
16264	16280
16283	16297
16265	16279
16219	16232
16176	16188
16155	16165
16330	16347
16317	16339
16306	16333
16307	16332
16313	16337
16323	16343
16333	16348
16344	16355
16353	16360
16358	16363
16358	16364
16353	16360
16347	16357
16338	16353
16330	16349
16318	16344
16302	16338
16291	16330
16284	16326
16284	16323
16287	16323
16292	16325
16299	16329
16306	16332
16312	16335
16314	16336
16312	16335
16311	16334
16314	16337
16321	16343
16326	16347
16322	16343
16309	16334
16294	16324
16283	16318
16278	16316
16278	16316
16278	16317
16275	16316
16270	16316
16260	16315
16257	16315
16261	16318
16274	16324
16294	16333
16311	16340
16310	16340
16292	16332
16268	16320
16261	16317
16270	16319
16277	16322
16267	16320
16238	16310
16197	16296
16154	16283
16119	16274
16097	16271
16081	16271
16060	16269
16027	16261
15978	16243
15903	16207
15787	16147
15641	16070
15489	15995
15342	15927
15194	15865
15040	15801
14887	15736
14740	15674
14603	15615
14476	15559
14355	15506
14238	15455
14120	15403
14005	15352
13900	15304
13807	15254
13734	15203
13690	15154
13683	15122
13695	15105
13696	15088
13666	15059
13612	15022
13558	14986
13534	14968
13546	14973
13581	14996
13618	15025
13641	15053
13654	15076
13668	15102
13707	15144
13780	15212
13881	15296
13996	15377
14123	15449
14279	15524
14472	15609
14694	15705
14928	15805
15146	15896
15335	15973
15491	16035
15626	16087
15749	16134
15868	16180
15971	16218
16058	16249
16129	16271
16185	16288
16223	16299
16248	16309
16268	16320
16279	16328
16281	16330
16271	16326
16264	16323
16270	16326
16290	16335
16313	16345
16324	16350
16312	16344
16281	16332
16252	16319
16236	16312
16359	16365
16355	16364
16352	16362
16351	16362
16354	16363
16357	16365
16359	16365
16362	16366
16364	16367
16366	16368
16367	16368
16365	16367
16364	16367
16362	16366
16361	16366
16359	16365
16357	16364
16354	16364
16350	16362
16348	16361
16347	16361
16348	16361
16349	16362
16351	16362
16351	16362
16352	16362
16352	16362
16352	16362
16354	16363
16356	16364
16359	16365
16357	16365
16352	16362
16347	16361
16344	16360
16344	16359
16344	16359
16344	16360
16345	16360
16346	16361
16348	16363
16350	16364
16351	16364
16353	16364
16356	16365
16358	16365
16357	16365
16355	16364
16351	16364
16349	16363
16349	16362
16348	16362
16347	16361
16345	16361
16340	16360
16337	16358
16334	16358
16334	16358
16334	16358
16333	16357
16331	16356
16324	16353
16308	16345
16280	16333
16245	16317
16215	16305
16192	16297
16174	16293
16157	16290
16140	16288
16122	16284
16106	16282
16091	16279
16075	16276
16061	16274
16047	16271
16032	16268
16017	16265
15996	16258
15968	16246
15934	16230
15904	16212
15879	16192
15857	16174
15830	16154
15803	16136
15780	16120
15766	16111
15768	16111
15783	16120
15805	16136
15829	16155
15856	16175
15882	16196
15918	16219
15967	16247
16021	16277
16066	16298
16097	16310
16120	16316
16144	16320
16170	16324
16197	16328
16221	16332
16242	16335
16258	16339
16273	16341
16287	16344
16301	16347
16313	16351
16322	16353
16329	16355
16333	16357
16338	16358
16341	16359
16347	16361
16352	16363
16355	16364
16355	16365
16355	16365
16356	16366
16359	16367
16362	16367
16363	16367
16362	16367
16358	16367
16355	16366
16353	16366
16367	16368
16367	16368
16366	16368
16366	16368
16366	16368
16367	16368
16367	16368
16367	16368
16368	16368
16368	16368
16368	16368
16368	16368
16368	16368
16367	16368
16367	16368
16367	16368
16367	16368
16367	16368
16366	16368
16366	16368
16366	16368
16366	16368
16366	16368
16366	16368
16366	16368
16366	16368
16366	16368
16366	16368
16366	16368
16367	16368
16367	16368
16367	16368
16366	16368
16366	16368
16366	16368
16366	16368
16366	16368
16366	16368
16366	16368
16366	16368
16366	16368
16367	16368
16367	16368
16367	16368
16367	16368
16367	16368
16367	16368
16367	16368
16367	16368
16367	16368
16366	16368
16366	16368
16366	16368
16366	16368
16366	16368
16366	16368
16366	16368
16365	16368
16365	16368
16365	16368
16365	16367
16364	16367
16361	16366
16355	16364
16348	16362
16342	16360
16339	16359
16339	16359
16339	16359
16339	16359
16338	16358
16338	16358
16337	16358
16337	16358
16337	16358
16337	16358
16336	16358
16336	16358
16334	16358
16330	16356
16324	16354
16317	16351
16306	16347
16295	16344
16284	16340
16274	16336
16265	16332
16259	16330
16259	16330
16266	16332
16274	16336
16284	16340
16296	16344
16308	16347
16320	16352
16332	16357
16346	16363
16354	16366
16359	16367
16360	16367
16360	16367
16361	16367
16361	16367
16361	16367
16361	16367
16362	16367
16362	16367
16363	16367
16364	16367
16364	16367
16365	16367
16365	16367
16365	16368
16365	16368
16366	16368
16366	16368
16366	16368
16367	16368
16367	16368
16368	16368
16368	16368
16368	16368
16368	16368
16368	16368
16368	16368
16368	16368
16368	16368
16368	16368
16368	16368
16368	16368
16368	16368
16368	16368
16368	16368
16368	16368
16368	16368
16368	16368
16368	16368
16368	16368
16368	16368
16368	16368
16368	16368
16368	16368
16368	16368
16368	16368
16368	16368
16368	16368
16368	16368
16368	16368
16368	16368
16368	16368
16368	16368
16368	16368
16368	16368
16368	16368
16368	16368
16368	16368
16368	16368
16368	16368
16368	16368
16368	16368
16368	16368
16368	16368
16368	16368
16368	16368
16368	16368
16368	16368
16368	16368
16368	16368
16368	16368
16368	16368
16368	16368
16368	16368
16368	16368
16368	16368
16368	16368
16368	16368
16368	16368
16368	16368
16368	16368
16368	16368
16368	16368
16368	16368
16368	16368
16368	16368
16368	16368
16368	16368
16368	16368
16368	16368
16368	16368
16368	16368
16368	16368
16367	16368
16366	16368
16366	16368
16366	16368
16366	16368
16366	16368
16366	16368
16366	16368
16366	16368
16366	16368
16366	16368
16366	16368
16366	16368
16366	16368
16366	16368
16364	16365
16363	16360
16360	16354
16358	16350
16357	16350
16357	16354
16358	16360
16359	16364
16359	16367
16359	16367
16359	16367
16359	16367
16359	16364
16358	16360
16357	16354
16357	16350
16358	16350
16361	16354
16365	16360
16367	16365
16368	16368
16368	16368
16368	16368
16368	16368
16368	16368
16368	16368
16368	16368
16368	16368
16368	16368
16368	16368
16368	16368
16368	16368
16368	16368
16368	16368
16368	16368
16368	16368
16368	16368
16368	16368
16368	16368
16368	16368
16368	16368
16368	16368
16368	16368
16368	16368
16368	16368
16368	16368
16368	16368
16368	16368
16368	16368
16368	16368
16368	16368
16368	16368
16368	16368
16368	16368
16368	16368
16368	16368
16368	16368
16368	16368
16368	16368
16368	16368
16368	16368
16368	16368
16368	16368
16368	16368
16368	16368
16368	16368
16368	16368
16368	16368
16368	16368
16368	16368
16368	16368
16368	16368
16368	16368
16368	16368
16368	16368
16368	16368
16368	16368
16368	16368
16368	16368
16368	16368
16368	16368
16368	16368
16368	16368
16368	16368
16368	16368
16368	16368
16368	16368
16368	16368
16368	16368
16368	16368
16368	16368
16368	16368
16368	16368
16368	16368
16368	16368
16368	16368
16368	16368
16368	16368
16368	16368
16368	16368
16368	16368
16368	16368
16368	16368
16368	16368
16368	16368
16368	16368
16368	16368
16368	16368
16368	16368
16368	16368
16368	16368
16368	16368
16368	16368
16368	16368
16368	16368
16368	16368
16368	16368
16368	16368
16368	16368
16368	16368
16368	16368
16368	16368
16368	16368
16368	16368
16368	16368
16368	16368
16368	16368
16367	16367
16364	16364
16357	16357
16348	16348
16342	16342
16342	16342
16348	16348
16357	16357
16364	16364
16367	16367
16368	16368
16368	16368
16367	16367
16364	16364
16357	16357
16348	16348
16342	16342
16342	16342
16348	16348
16357	16357
16364	16364
16367	16367
16368	16368
16368	16368
16368	16368
16368	16368
16368	16368
16368	16368
16368	16368
16368	16368
16368	16368
16368	16368
16368	16368
16368	16368
16368	16368
16368	16368
16368	16368
16368	16368
16368	16368
16368	16368
16368	16368
16368	16368
16368	16368
16368	16368
16368	16368
16368	16368
16368	16368
16368	16368
16368	16368
16368	16368
16368	16368
16368	16368
16368	16368
16368	16368
16368	16368
16368	16368
16368	16368
16368	16368
16368	16368
16368	16368
16368	16368
16368	16368
16368	16368
16368	16368
16368	16368
16368	16368
16368	16368
16368	16368
16368	16368
16368	16368
16368	16368
16368	16368
16368	16368
16368	16368
16368	16368
16368	16368
16368	16368
16368	16368
16368	16368
16368	16368
16368	16368
16368	16368
16368	16368
16368	16368
16368	16368
16368	16368
16368	16368
16368	16368
16368	16368
16368	16368
16368	16368
16368	16368
16368	16368
16368	16368
16368	16368
16368	16368
16368	16368
16368	16368
16368	16368
16368	16368
16368	16368
16368	16368
16368	16368
16368	16368
16368	16368
16368	16368
16368	16368
16368	16368
16368	16368
16368	16368
16368	16368
16368	16368
16368	16368
16368	16368
16368	16368
16368	16368
16368	16368
16368	16368
16368	16368
16368	16368
16368	16368
16368	16368
16368	16368
16368	16368
16368	16368
16368	16368
16368	16368
16368	16368
16368	16368
16365	16366
16360	16364
16354	16360
16350	16358
16351	16358
16354	16361
16360	16365
16365	16367
16368	16368
16368	16368
16368	16368
16368	16368
16365	16367
16360	16365
16354	16361
16351	16358
16350	16358
16354	16360
16360	16364
16365	16366
16368	16368
16368	16368
16368	16368
16368	16368
16368	16368
16368	16368
16368	16368
16368	16368
16368	16368
16368	16368
16368	16368
16368	16368
16368	16368
16368	16368
16368	16368
16368	16368
16368	16368
16368	16368
16368	16368
16368	16368
16368	16368
16368	16368
16368	16368
16368	16368
16368	16368
16368	16368
16368	16368
16368	16368
16368	16368
16368	16368
16368	16368
16368	16368
16368	16368
16368	16368
16368	16368
16368	16368
16368	16368
16368	16368
16368	16368
16368	16368
16368	16368
16368	16368
16368	16368
16368	16368
16368	16368
16368	16368
16368	16368
16368	16368
16368	16368
16368	16368
16368	16368
16368	16368
16368	16368
16368	16368
16368	16368
16368	16368
16368	16368
16368	16368
16368	16368
16368	16368
16368	16368
16368	16368
16368	16368
16368	16368
16368	16368
16368	16368
16368	16368
16368	16368
16368	16368
16368	16368
16368	16368
16368	16368
16368	16368
16368	16368
16368	16368
16368	16368
16368	16368
16368	16368
16368	16368
16368	16368
16368	16368
16368	16368
16368	16368
16368	16368
16368	16368
16368	16368
16368	16368
16368	16368
16368	16368
16368	16368
16368	16368
16368	16368
16368	16368
16368	16368
16368	16368
16368	16368
16368	16368
16368	16368
16368	16368
16368	16368
16368	16368
16368	16368
16368	16368
16368	16368
16368	16368
16368	16368
16368	16368
16367	16367
16366	16362
16362	16354
16357	16346
16355	16341
16356	16344
16360	16352
16365	16360
16367	16365
16368	16368
16368	16368
16368	16368
16368	16368
16367	16365
16365	16360
16360	16352
16356	16344
16355	16341
16357	16346
16362	16354
16366	16362
16367	16367
16368	16368
16368	16368
16368	16368
16368	16368
16368	16368
16368	16368
16368	16368
16368	16368
16368	16368
16368	16368
16368	16368
16368	16368
16368	16368
16368	16368
16368	16368
16368	16368
16368	16368
16368	16368
16368	16368
16368	16368
16368	16368
16368	16368
16368	16368
16368	16368
16368	16368
16368	16368
16368	16368
16368	16368
16368	16368
16368	16368
16368	16368
16368	16368
16368	16368
16368	16368
16368	16368
16368	16368
16368	16368
16368	16368
16368	16368
16368	16368
16368	16368
16368	16368
16368	16368
16368	16368
16368	16368
16368	16368
16368	16368
16368	16368
16368	16368
16368	16368
16368	16368
16368	16368
16368	16368
16368	16368
16368	16368
16368	16368
16368	16368
16368	16368
16368	16368
16368	16368
16368	16368
16368	16368
16368	16368
16368	16368
16368	16368
16368	16368
16368	16368
16368	16368
16368	16368
16368	16368
16368	16368
16368	16368
16368	16368
16368	16368
16368	16368
16368	16368
16368	16368
16368	16368
16368	16368
16368	16368
16368	16368
16368	16368
16368	16368
16368	16368
16368	16368
16368	16368
16368	16368
16368	16368
16368	16368
16368	16368
16368	16368
16368	16368
16368	16368
16368	16368
16368	16368
16368	16368
16368	16368
16368	16368
16368	16368
16368	16368
16368	16368
16368	16368
16368	16368
16368	16368
16368	16368
16368	16368
16366	16366
16359	16359
16347	16347
16333	16333
16327	16327
16332	16332
16344	16344
16356	16356
16363	16363
16367	16367
16368	16368
16368	16368
16367	16367
16363	16363
16356	16356
16344	16344
16332	16332
16327	16327
16333	16333
16347	16347
16359	16359
16366	16366
16368	16368
16368	16368
16368	16368
16368	16368
16368	16368
16368	16368
16368	16368
16368	16368
16368	16368
16368	16368
16368	16368
16368	16368
16368	16368
16368	16368
16368	16368
16368	16368
16368	16368
16368	16368
16368	16368
16368	16368
16368	16368
16368	16368
16368	16368
16368	16368
16368	16368
16368	16368
16368	16368
16368	16368
16368	16368
16368	16368
16368	16368
16368	16368
16368	16368
16368	16368
16368	16368
16368	16368
16368	16368
16368	16368
16368	16368
16368	16368
16368	16368
16368	16368
16368	16368
16368	16368
16368	16368
16368	16368
16368	16368
16368	16368
16368	16368
16368	16368
16368	16368
16368	16368
16368	16368
16368	16368
16368	16368
16368	16368
16368	16368
16368	16368
16368	16368
16368	16368
16368	16368
16368	16368
16368	16368
16368	16368
16368	16368
16368	16368
16368	16368
16368	16368
16368	16368
16368	16368
16368	16368
16368	16368
16368	16368
16368	16368
16368	16368
16368	16368
16368	16368
16368	16368
16368	16368
16368	16368
16368	16368
16368	16368
16368	16368
16368	16368
16368	16368
16368	16368
16368	16368
16368	16368
16368	16368
16368	16368
16368	16368
16368	16368
16368	16368
16368	16368
16368	16368
16368	16368
16368	16368
16368	16368
16368	16368
16368	16368
16368	16368
16368	16368
16368	16368
16368	16368
16368	16368
16368	16368
16367	16367
16362	16366
16354	16362
16346	16358
16341	16357
16344	16358
16352	16361
16360	16365
16365	16367
16368	16368
16368	16368
16368	16368
16368	16368
16365	16367
16360	16365
16352	16361
16344	16358
16341	16357
16346	16358
16354	16362
16362	16366
16367	16367
16368	16368
16368	16368
16368	16368
16368	16368
16368	16368
16368	16368
16368	16368
16368	16368
16368	16368
16368	16368
16368	16368
16368	16368
16368	16368
16368	16368
16368	16368
16368	16368
16368	16368
16368	16368
16368	16368
16368	16368
16368	16368
16368	16368
16368	16368
16368	16368
16368	16368
16368	16368
16368	16368
16368	16368
16368	16368
16368	16368
16368	16368
16368	16368
16368	16368
16368	16368
16368	16368
16368	16368
16368	16368
16368	16368
16368	16368
16368	16368
16368	16368
16368	16368
16368	16368
16368	16368
16368	16368
16368	16368
16368	16368
16368	16368
16368	16368
16368	16368
16368	16368
16368	16368
16368	16368
16368	16368
16368	16368
16368	16368
16368	16368
16368	16368
16368	16368
16368	16368
16368	16368
16368	16368
16368	16368
16368	16368
16368	16368
16368	16368
16368	16368
16368	16368
16368	16368
16368	16368
16368	16368
16368	16368
16368	16368
16368	16368
16368	16368
16368	16368
16368	16368
16368	16368
16368	16368
16368	16368
16368	16368
16368	16368
16368	16368
16368	16368
16368	16368
16368	16368
16368	16368
16368	16368
16368	16368
16368	16368
16368	16368
16368	16368
16368	16368
16368	16368
16368	16368
16368	16368
16368	16368
16368	16368
16368	16368
16368	16368
16368	16368
16368	16368
16368	16368
16368	16368
16368	16368
16368	16368
16368	16368
16367	16368
16366	16368
16365	16368
16365	16367
16365	16368
16366	16368
16367	16368
16368	16368
16368	16368
16368	16368
16368	16368
16368	16368
16368	16368
16367	16368
16366	16368
16365	16368
16365	16367
16365	16368
16366	16368
16367	16368
16368	16368
16368	16368
16368	16368
16368	16368
16368	16368
16368	16368
16368	16368
16368	16368
16368	16368
16368	16368
16368	16368
16368	16368
16368	16368
16368	16368
16368	16368
16368	16368
16368	16368
16368	16368
16368	16368
16368	16368
16368	16368
16368	16368
16368	16368
16368	16368
16368	16368
16368	16368
16368	16368
16368	16368
16368	16368
16368	16368
16368	16368
16368	16368
16368	16368
16368	16368
16368	16368
16368	16368
16368	16368
16368	16368
16368	16368
16368	16368
16368	16368
16368	16368
16368	16368
16368	16368
16368	16368
16368	16368
16368	16368
16368	16368
16368	16368
16368	16368
16368	16368
16368	16368
16368	16368
16368	16368
16368	16368
16368	16368
16368	16368
16368	16368
16368	16368
16368	16368
16368	16368
16368	16368
16368	16368
16368	16368
16368	16368
16368	16368
16368	16368
16368	16368
16368	16368
16368	16368
16368	16368
16368	16368
16368	16368
16368	16368
16368	16368
16368	16368
16368	16368
16368	16368
16368	16368
16368	16368
16368	16368
16368	16368
16368	16368
16368	16368
16368	16368
16368	16368
16368	16368
16368	16368
16368	16368
16368	16368
16368	16368
16368	16368
16368	16368
16368	16368
16368	16368
16368	16368
16368	16368
16368	16368
16368	16368
16368	16368
16368	16368
16368	16368
16368	16368
16368	16368
16368	16368
16368	16368
16368	16368
16368	16368
16368	16368
16368	16368
16368	16368
16368	16368
16368	16368
16368	16368
16368	16368
16368	16368
16368	16368
16368	16368
16368	16368
16368	16368
16368	16368
16368	16368
16368	16368
16368	16368
16368	16368
16368	16368
16368	16368
16368	16368
16368	16368
16368	16368
16368	16368
16368	16368
16368	16368
16368	16368
16368	16368
16368	16368
16368	16368
16368	16368
16368	16368
16368	16368
16368	16368
16368	16368
16368	16368
16368	16368
16368	16368
16368	16368
16368	16368
16368	16368
16368	16368
16368	16368
16368	16368
16368	16368
16368	16368
16368	16368
16368	16368
16368	16368
16368	16368
16368	16368
16368	16368
16368	16368
16368	16368
16368	16368
16368	16368
16368	16368
16368	16368
16368	16368
16368	16368
16368	16368
16368	16368
16368	16368
16368	16368
16368	16368
16368	16368
16368	16368
16368	16368
16368	16368
16368	16368
16368	16368
16368	16368
16368	16368
16368	16368
16368	16368
16368	16368
16368	16368
16368	16368
16368	16368
16368	16368
16368	16368
16368	16368
16368	16368
16368	16368
16368	16368
16368	16368
16368	16368
16368	16368
16368	16368
16368	16368
16368	16368
16368	16368
16368	16368
16368	16368
16368	16368
16368	16368
16368	16368
16368	16368
16368	16368
16368	16368
16368	16368
16368	16368
16368	16368
16368	16368
16368	16368
16368	16368
16368	16368
16368	16368
16368	16368
16368	16368
16368	16368
16368	16368
16368	16368
16368	16368
16368	16368
16368	16368
16368	16368
16368	16368
16368	16368
16368	16368
16368	16368
16368	16368
16368	16368
16368	16368
16368	16368
16368	16368
16368	16368
16368	16368
16368	16368
16368	16368
16368	16368
16368	16368
16368	16368
16368	16368
16368	16368
16368	16368
16368	16368
16368	16368
16368	16368
16368	16368
16368	16368
16368	16368
16368	16368
16368	16368
16368	16368
16368	16368
16368	16368
16368	16368
16368	16368
16368	16368
16368	16368
16368	16368
16368	16368
16368	16368
16368	16368
16368	16368
16368	16368
16368	16368
16368	16368
16368	16368
16368	16368
16368	16368
16368	16368
16368	16368
16368	16368
16368	16368
16368	16368
16368	16368
16368	16368
16368	16368
16368	16368
16368	16368
16368	16368
16368	16368
16368	16368
16368	16368
16368	16368
16368	16368
16368	16368
16368	16368
16368	16368
16368	16368
16368	16368
16368	16368
16368	16368
16368	16368
16368	16368
16368	16368
16368	16368
16368	16368
16368	16368
16368	16368
16368	16368
16368	16368
16368	16368
16368	16368
16368	16368
16368	16368
16368	16368
16368	16368
16368	16368
16368	16368
16368	16368
16368	16368
16368	16368
16368	16368
16368	16368
16368	16368
16368	16368
16368	16368
16368	16368
16368	16368
16368	16368
16368	16368
16368	16368
16368	16368
16368	16368
16368	16368
16368	16368
16368	16368
16368	16368
16368	16368
16368	16368
16368	16368
16368	16368
16368	16368
16368	16368
16368	16368
16368	16368
16368	16368
16368	16368
16368	16368
16368	16368
16368	16368
16368	16368
16368	16368
16368	16368
16368	16368
16368	16368
16368	16368
16368	16368
16368	16368
16368	16368
16368	16368
16368	16368
16368	16368
16368	16368
16368	16368
16368	16368
16368	16368
16368	16368
16368	16368
16368	16368
16368	16368
16368	16368
16368	16368
16368	16368
16368	16368
16368	16368
16368	16368
16368	16368
16368	16368
16368	16368
16368	16368
16368	16368
16368	16368
16368	16368
16368	16368
16368	16368
16368	16368
16368	16368
16368	16368
16368	16368
16368	16368
16368	16368
16368	16368
16368	16368
16368	16368
16368	16368
16368	16368
16368	16368
16368	16368
16368	16368
16368	16368
16368	16368
16368	16368
16368	16368
16368	16368
16368	16368
16368	16368
16368	16368
16368	16368
16368	16368
16368	16368
16368	16368
16368	16368
16368	16368
16368	16368
16368	16368
16368	16368
16368	16368
16368	16368
16368	16368
16368	16368
16368	16368
16368	16368
16368	16368
16368	16368
16368	16368
16368	16368
16368	16368
16368	16368
16368	16368
16368	16368
16368	16368
16368	16368
16368	16368
16368	16368
16368	16368
16368	16368
16368	16368
16368	16368
16368	16368
16368	16368
16368	16368
16368	16368
16368	16368
16368	16368
16368	16368
16368	16368
16368	16368
16368	16368
16368	16368
16368	16368
16368	16368
16368	16368
16368	16368
16368	16368
16368	16368
16368	16368
16368	16368
16368	16368
16368	16368
16368	16368
16368	16368
16368	16368
16368	16368
16368	16368
16368	16368
16368	16368
16368	16368
16368	16368
16368	16368
16368	16368
16368	16368
16368	16368
16368	16368
16368	16368
16368	16368
16368	16368
16368	16368
16368	16368
16368	16368
16368	16368
16368	16368
16368	16368
16368	16368
16368	16368
16368	16368
16368	16368
16368	16368
16368	16368
16368	16368
16368	16368
16368	16368
16368	16368
16368	16368
16368	16368
16368	16368
16368	16368
16368	16368
16368	16368
16368	16368
16368	16368
16368	16368
16368	16368
16368	16368
16368	16368
16368	16368
16368	16368
16368	16368
16368	16368
16368	16368
16368	16368
16368	16368
16368	16368
16368	16368
16368	16368
16368	16368
16368	16368
16368	16368
16368	16368
16368	16368
16368	16368
16368	16368
16368	16368
16368	16368
16368	16368
16368	16368
16368	16368
16368	16368
16368	16368
16368	16368
16368	16368
16368	16368
16368	16368
16368	16368
16368	16368
16368	16368
16368	16368
16368	16368
16368	16368
16368	16368
16368	16368
16368	16368
16368	16368
16368	16368
16368	16368
16368	16368
16368	16368
16368	16368
16368	16368
16368	16368
16368	16368
16368	16368
16368	16368
16368	16368
16368	16368
16368	16368
16368	16368
16368	16368
16368	16368
16368	16368
16368	16368
16368	16368
16368	16368
16368	16368
16368	16368
16368	16368
16368	16368
16368	16368
16368	16368
16368	16368
16368	16368
16368	16368
16368	16368
16368	16368
16368	16368
16368	16368
16368	16368
16368	16368
16368	16368
16368	16368
16368	16368
16368	16368
16368	16368
16368	16368
16368	16368
16368	16368
16368	16368
16368	16368
16368	16368
16368	16368
16368	16368
16368	16368
16368	16368
16368	16368
16368	16368
16368	16368
16368	16368
16368	16368
16368	16368
16368	16368
16368	16368
16368	16368
16368	16368
16368	16368
16368	16368
16368	16368
16368	16368
16368	16368
16368	16368
16368	16368
16368	16368
16368	16368
16368	16368
16368	16368
16368	16368
16368	16368
16368	16368
16368	16368
16368	16368
16368	16368
16368	16368
16368	16368
16368	16368
16368	16368
16368	16368
16368	16368
16368	16368
16368	16368
16368	16368
16368	16368
16368	16368
16368	16368
16368	16368
16368	16368
16368	16368
16368	16368
16368	16368
16368	16368
16368	16368
16368	16368
16368	16368
16368	16368
16368	16368
16368	16368
16368	16368
16368	16368
16368	16368
16368	16368
16368	16368
16368	16368
16368	16368
16368	16368
16368	16368
16368	16368
16368	16368
16368	16368
16368	16368
16368	16368
16368	16368
16368	16368
16368	16368
16368	16368
16368	16368
16368	16368
16368	16368
16368	16368
16368	16368
16368	16368
16368	16368
16368	16368
16368	16368
16368	16368
16368	16368
16368	16368
16368	16368
16368	16368
16368	16368
16368	16368
16368	16368
16368	16368
16368	16368
16368	16368
16368	16368
16368	16368
16368	16368
16368	16368
16368	16368
16368	16368
16368	16368
16368	16368
16368	16368
16368	16368
16368	16368
16368	16368
16368	16368
16368	16368
16368	16368
16368	16368
16368	16368
16368	16368
16368	16368
16368	16368
16368	16368
16368	16368
16368	16368
16368	16368
16368	16368
16368	16368
16368	16368
16368	16368
16368	16368
16368	16368
16368	16368
16368	16368
16368	16368
16368	16368
16368	16368
16368	16368
16368	16368
16368	16368
16368	16368
16368	16368
16368	16368
16368	16368
16368	16368
16368	16368
16368	16368
16368	16368
16368	16368
16368	16368
16368	16368
16368	16368
16368	16368
16368	16368
16368	16368
16368	16368
16368	16368
16368	16368
16368	16368
16368	16368
16368	16368
16368	16368
16368	16368
16368	16368
16368	16368
16368	16368
16368	16368
16368	16368
16368	16368
16368	16368
16368	16368
16368	16368
16368	16368
16368	16368
16368	16368
16368	16368
16368	16368
16368	16368
16368	16368
16368	16368
16368	16368
16368	16368
16368	16368
16368	16368
16368	16368
16368	16368
16368	16368
16368	16368
16368	16368
16368	16368
16368	16368
16368	16368
16368	16368
16368	16368
16368	16368
16368	16368
16368	16368
16368	16368
16368	16368
16368	16368
16368	16368
16368	16368
16368	16368
16368	16368
16368	16368
16368	16368
16368	16368
16368	16368
16368	16368
16368	16368
16368	16368
16368	16368
16368	16368
16368	16368
16368	16368
16368	16368
16368	16368
16368	16368
16368	16368
16368	16368
16368	16368
16368	16368
16368	16368
16368	16368
16368	16368
16368	16368
16368	16368
16368	16368
16368	16368
16368	16368
16368	16368
16368	16368
16368	16368
16368	16368
16368	16368
16368	16368
16368	16368
16368	16368
16368	16368
16368	16368
16368	16368
16368	16368
16368	16368
16368	16368
16368	16368
16368	16368
16368	16368
16368	16368
16368	16368
16368	16368
16368	16368
16368	16368
16368	16368
16368	16368
16368	16368
16368	16368
16368	16368
16368	16368
16368	16368
16368	16368
16368	16368
16368	16368
16368	16368
16368	16368
16368	16368
16368	16368
16368	16368
16368	16368
16368	16368
16368	16368
16368	16368
16368	16368
16368	16368
16368	16368
16368	16368
16368	16368
16368	16368
16368	16368
16368	16368
16368	16368
16368	16368
16368	16368
16368	16368
16368	16368
16368	16368
16368	16368
16368	16368
16368	16368
16368	16368
16368	16368
16368	16368
16368	16368
16368	16368
16368	16368
16368	16368
16368	16368
16368	16368
16368	16368
16368	16368
16368	16368
16368	16368
16368	16368
16368	16368
16368	16368
16368	16368
16368	16368
16368	16368
16368	16368
16368	16368
16368	16368
16368	16368
16368	16368
16368	16368
16368	16368
16368	16368
16368	16368
16368	16368
16368	16368
16368	16368
16368	16368
16368	16368
16368	16368
16368	16368
16368	16368
16368	16368
16368	16368
16368	16368
16368	16368
16368	16368
16368	16368
16368	16368
16368	16368
16368	16368
16368	16368
16368	16368
16368	16368
16368	16368
16368	16368
16368	16368
16368	16368
16368	16368
16368	16368
16368	16368
16368	16368
16368	16368
16368	16368
16368	16368
16368	16368
16368	16368
16368	16368
16368	16368
16368	16368
16368	16368
16368	16368
16368	16368
16368	16368
16368	16368
16368	16368
16368	16368
16368	16368
16368	16368
16368	16368
16368	16368
16368	16368
16368	16368
16368	16368
16368	16368
16368	16368
16368	16368
16368	16368
16368	16368
16368	16368
16368	16368
16368	16368
16368	16368
16368	16368
16368	16368
16368	16368
16368	16368
16368	16368
16368	16368
16368	16368
16368	16368
16368	16368
16368	16368
16368	16368
16368	16368
16368	16368
16368	16368
16368	16368
16368	16368
16368	16368
16368	16368
16368	16368
16368	16368
16368	16368
16368	16368
16368	16368
16368	16368
16368	16368
16368	16368
16368	16368
16368	16368
16368	16368
16368	16368
16368	16368
16368	16368
16368	16368
16368	16368
16368	16368
16368	16368
16368	16368
16368	16368
16368	16368
16368	16368
16368	16368
16368	16368
16368	16368
16368	16368
16368	16368
16368	16368
16368	16368
16368	16368
16368	16368
16368	16368
16368	16368
16368	16368
16368	16368
16368	16368
16368	16368
16368	16368
16368	16368
16368	16368
16368	16368
16368	16368
16368	16368
16368	16368
16368	16368
16368	16368
16368	16368
16368	16368
16368	16368
16368	16368
16368	16368
16368	16368
16368	16368
16368	16368
16368	16368
16368	16368
16368	16368
16368	16368
16368	16368
16368	16368
16368	16368
16368	16368
16368	16368
16368	16368
16368	16368
16368	16368
16368	16368
16368	16368
16368	16368
16368	16368
16368	16368
16368	16368
16368	16368
16368	16368
16368	16368
16368	16368
16368	16368
16368	16368
16368	16368
16368	16368
16368	16368
16368	16368
16368	16368
16368	16368
16368	16368
16368	16368
16368	16368
16368	16368
16368	16368
16368	16368
16368	16368
16368	16368
16368	16368
16368	16368
16368	16368
16368	16368
16368	16368
16368	16368
16368	16368
16368	16368
16368	16368
16368	16368
16368	16368
16368	16368
16368	16368
16368	16368
16368	16368
16368	16368
16368	16368
16368	16368
16368	16368
16368	16368
16368	16368
16368	16368
16368	16368
16368	16368
16368	16368
16368	16368
16368	16368
16368	16368
16368	16368
16368	16368
16368	16368
16368	16368
16368	16368
16368	16368
16368	16368
16368	16368
16368	16368
16368	16368
16368	16368
16368	16368
16368	16368
16368	16368
16368	16368
16368	16368
16368	16368
16368	16368
16368	16368
16368	16368
16368	16368
16368	16368
16368	16368
16368	16368
16368	16368
16368	16368
16368	16368
16368	16368
16368	16368
16368	16368
16368	16368
16368	16368
16368	16368
16368	16368
16368	16368
16368	16368
16368	16368
16368	16368
16368	16368
16368	16368
16368	16368
16368	16368
16368	16368
16368	16368
16368	16368
16368	16368
16368	16368
16368	16368
16368	16368
16368	16368
16368	16368
16368	16368
16368	16368
16368	16368
16368	16368
16368	16368
16368	16368
16368	16368
16368	16368
16368	16368
16368	16368
16368	16368
16368	16368
16368	16368
16368	16368
16368	16368
16368	16368
16368	16368
16368	16368
16368	16368
16368	16368
16368	16368
16368	16368
16368	16368
16368	16368
16368	16368
16368	16368
16368	16368
16368	16368
16368	16368
16368	16368
16368	16368
16368	16368
16368	16368
16368	16368
16368	16368
16368	16368
16368	16368
16368	16368
16368	16368
16368	16368
16368	16368
16368	16368
16368	16368
16368	16368
16368	16368
16368	16368
16368	16368
16368	16368
16368	16368
16368	16368
16368	16368
16368	16368
16368	16368
16368	16368
16368	16368
16368	16368
16368	16368
16368	16368
16368	16368
16368	16368
16368	16368
16368	16368
16368	16368
16368	16368
16368	16368
16368	16368
16368	16368
16368	16368
16368	16368
16368	16368
16368	16368
16368	16368
16368	16368
16368	16368
16368	16368
16368	16368
16368	16368
16368	16368
16368	16368
16368	16368
16368	16368
16368	16368
16368	16368
16368	16368
16368	16368
16368	16368
16368	16368
16368	16368
16368	16368
16368	16368
16368	16368
16368	16368
16368	16368
16368	16368
16368	16368
16368	16368
16368	16368
16368	16368
16368	16368
16368	16368
16368	16368
16368	16368
16368	16368
16368	16368
16368	16368
16368	16368
16368	16368
16368	16368
16368	16368
16368	16368
16368	16368
16368	16368
16368	16368
16368	16368
16368	16368
16368	16368
16368	16368
16368	16368
16368	16368
16368	16368
16368	16368
16368	16368
16368	16368
16368	16368
16368	16368
16368	16368
16368	16368
16368	16368
16368	16368
16368	16368
16368	16368
16368	16368
16368	16368
16368	16368
16368	16368
16368	16368
16368	16368
16368	16368
16368	16368
16368	16368
16368	16368
16368	16368
16368	16368
16368	16368
16368	16368
16368	16368
16368	16368
16368	16368
16368	16368
16368	16368
16368	16368
16368	16368
16368	16368
16368	16368
16368	16368
16368	16368
16368	16368
16368	16368
16368	16368
16368	16368
16368	16368
16368	16368
16368	16368
16368	16368
16368	16368
16368	16368
16368	16368
16368	16368
16368	16368
16368	16368
16368	16368
16368	16368
16368	16368
16368	16368
16368	16368
16368	16368
16368	16368
16368	16368
16368	16368
16368	16368
16368	16368
16368	16368
16368	16368
16368	16368
16368	16368
16368	16368
16368	16368
16368	16368
16368	16368
16368	16368
16368	16368
16368	16368
16368	16368
16368	16368
16368	16368
16368	16368
16368	16368
16368	16368
16368	16368
16368	16368
16368	16368
16368	16368
16368	16368
16368	16368
16368	16368
16368	16368
16368	16368
16368	16368
16368	16368
16368	16368
16368	16368
16368	16368
16368	16368
16368	16368
16368	16368
16368	16368
16368	16368
16368	16368
16368	16368
16368	16368
16368	16368
16368	16368
16368	16368
16368	16368
16368	16368
16368	16368
16368	16368
16368	16368
16368	16368
16368	16368
16368	16368
16368	16368
16368	16368
16368	16368
16368	16368
16368	16368
16368	16368
16368	16368
16368	16368
16368	16368
16368	16368
16368	16368
16368	16368
16368	16368
16368	16368
16368	16368
16368	16368
16368	16368
16368	16368
16368	16368
16368	16368
16368	16368
16368	16368
16368	16368
16368	16368
16368	16368
16368	16368
16368	16368
16368	16368
16368	16368
16368	16368
16368	16368
16368	16368
16368	16368
16368	16368
16368	16368
16368	16368
16368	16368
16368	16368
16368	16368
16368	16368
16368	16368
16368	16368
16368	16368
16368	16368
16368	16368
16368	16368
16368	16368
16368	16368
16368	16368
16368	16368
16368	16368
16368	16368
16368	16368
16368	16368
16368	16368
16368	16368
16368	16368
16368	16368
16368	16368
16368	16368
16368	16368
16368	16368
16368	16368
16368	16368
16368	16368
16368	16368
16368	16368
16368	16368
16368	16368
16368	16368
16368	16368
16368	16368
16368	16368
16368	16368
16368	16368
16368	16368
16368	16368
16368	16368
16368	16368
16368	16368
16368	16368
16368	16368
16368	16368
16368	16368
16368	16368
16368	16368
16368	16368
16368	16368
16368	16368
16368	16368
16368	16368
16368	16368
16368	16368
16368	16368
16368	16368
16368	16368
16368	16368
16368	16368
16368	16368
16368	16368
16368	16368
16368	16368
16368	16368
16368	16368
16368	16368
16368	16368
16368	16368
16368	16368
16368	16368
16368	16368
16368	16368
16368	16368
16368	16368
16368	16368
16368	16368
16368	16368
16368	16368
16368	16368
16368	16368
16368	16368
16368	16368
16368	16368
16368	16368
16368	16368
16368	16368
16368	16368
16368	16368
16368	16368
16368	16368
16368	16368
16368	16368
16368	16368
16368	16368
16368	16368
16368	16368
16368	16368
16368	16368
16368	16368
16368	16368
16368	16368
16368	16368
16368	16368
16368	16368
16368	16368
16368	16368
16368	16368
16368	16368
16368	16368
16368	16368
16368	16368
16368	16368
16368	16368
16368	16368
16368	16368
16368	16368
16368	16368
16368	16368
16368	16368
16368	16368
16368	16368
16368	16368
16368	16368
16368	16368
16368	16368
16368	16368
16368	16368
16368	16368
16368	16368
16368	16368
16368	16368
16368	16368
16368	16368
16368	16368
16368	16368
16368	16368
16368	16368
16368	16368
16368	16368
16368	16368
16368	16368
16368	16368
16368	16368
16368	16368
16368	16368
16368	16368
16368	16368
16368	16368
16368	16368
16368	16368
16368	16368
16368	16368
16368	16368
16368	16368
16368	16368
16368	16368
16368	16368
16368	16368
16368	16368
16368	16368
16368	16368
16368	16368
16368	16368
16368	16368
16368	16368
16368	16368
16368	16368
16368	16368
16368	16368
16368	16368
16368	16368
16368	16368
16368	16368
16368	16368
16368	16368
16368	16368
16368	16368
16368	16368
16368	16368
16368	16368
16368	16368
16368	16368
16368	16368
16368	16368
16368	16368
16368	16368
16368	16368
16368	16368
16368	16368
16368	16368
16368	16368
16368	16368
16368	16368
16368	16368
16368	16368
16368	16368
16368	16368
16368	16368
16368	16368
16368	16368
16368	16368
16368	16368
16368	16368
16368	16368
16368	16368
16368	16368
16368	16368
16368	16368
16368	16368
16368	16368
16368	16368
16368	16368
16368	16368
16368	16368
16368	16368
16368	16368
16368	16368
16368	16368
16368	16368
16368	16368
16368	16368
16368	16368
16368	16368
16368	16368
16368	16368
16368	16368
16368	16368
16368	16368
16368	16368
16368	16368
16368	16368
16368	16368
16368	16368
16368	16368
16368	16368
16368	16368
16368	16368
16368	16368
16368	16368
16368	16368
16368	16368
16368	16368
16368	16368
16368	16368
16368	16368
16368	16368
16368	16368
16368	16368
16368	16368
16368	16368
16368	16368
16368	16368
16368	16368
16368	16368
16368	16368
16368	16368
16368	16368
16368	16368
16368	16368
16368	16368
16368	16368
16368	16368
16368	16368
16368	16368
16368	16368
16368	16368
16368	16368
16368	16368
16368	16368
16368	16368
16368	16368
16368	16368
16368	16368
16368	16368
16368	16368
16368	16368
16368	16368
16368	16368
16368	16368
16368	16368
16368	16368
16368	16368
16368	16368
16368	16368
16368	16368
16368	16368
16368	16368
16368	16368
16368	16368
16368	16368
16368	16368
16368	16368
16368	16368
16368	16368
16368	16368
16368	16368
16368	16368
16368	16368
16368	16368
16368	16368
16368	16368
16368	16368
16368	16368
16368	16368
16368	16368
16368	16368
16368	16368
16368	16368
16368	16368
16368	16368
16368	16368
16368	16368
16368	16368
16368	16368
16368	16368
16368	16368
16368	16368
16368	16368
16368	16368
16368	16368
16368	16368
16368	16368
16368	16368
16368	16368
16368	16368
16368	16368
16368	16368
16368	16368
16368	16368
16368	16368
16368	16368
16368	16368
16368	16368
16368	16368
16368	16368
16368	16368
16368	16368
16368	16368
16368	16368
16368	16368
16368	16368
16368	16368
16368	16368
16368	16368
16368	16368
16368	16368
16368	16368
16368	16368
16368	16368
16368	16368
16368	16368
16368	16368
16368	16368
16368	16368
16368	16368
16368	16368
16368	16368
16368	16368
16368	16368
16368	16368
16368	16368
16368	16368
16368	16368
16368	16368
16368	16368
16368	16368
16368	16368
16368	16368
16368	16368
16368	16368
16368	16368
16368	16368
16368	16368
16368	16368
16368	16368
16368	16368
16368	16368
16368	16368
16368	16368
16368	16368
16368	16368
16368	16368
16368	16368
16368	16368
16368	16368
16368	16368
16368	16368
16368	16368
16368	16368
16368	16368
16368	16368
16368	16368
16368	16368
16368	16368
16368	16368
16368	16368
16368	16368
16368	16368
16368	16368
16368	16368
16368	16368
16368	16368
16368	16368
16368	16368
16368	16368
16368	16368
16368	16368
16368	16368
16368	16368
16368	16368
16368	16368
16368	16368
16368	16368
16368	16368
16368	16368
16368	16368
16368	16368
16368	16368
16368	16368
16368	16368
16368	16368
16368	16368
16368	16368
16368	16368
16368	16368
16368	16368
16368	16368
16368	16368
16368	16368
16368	16368
16368	16368
16368	16368
16368	16368
16368	16368
16368	16368
16368	16368
16368	16368
16368	16368
16368	16368
16368	16368
16368	16368
16368	16368
16368	16368
16368	16368
16368	16368
16368	16368
16368	16368
16368	16368
16368	16368
16368	16368
16368	16368
16368	16368
16368	16368
16368	16368
16368	16368
16368	16368
16368	16368
16368	16368
16368	16368
16368	16368
16368	16368
16368	16368
16368	16368
16368	16368
16368	16368
16368	16368
16368	16368
16368	16368
16368	16368
16368	16368
16368	16368
16368	16368
16368	16368
16368	16368
16368	16368
16368	16368
16368	16368
16368	16368
16368	16368
16368	16368
16368	16368
16368	16368
16368	16368
16368	16368
16368	16368
16368	16368
16368	16368
16368	16368
16368	16368
16368	16368
16368	16368
16368	16368
16368	16368
16368	16368
16368	16368
16368	16368
16368	16368
16368	16368
16368	16368
16368	16368
16368	16368
16368	16368
16368	16368
16368	16368
16368	16368
16368	16368
16368	16368
16368	16368
16368	16368
16368	16368
16368	16368
16368	16368
16368	16368
16368	16368
16368	16368
16368	16368
16368	16368
16368	16368
16368	16368
16368	16368
16368	16368
16368	16368
16368	16368
16368	16368
16368	16368
16368	16368
16368	16368
16368	16368
16368	16368
16368	16368
16368	16368
16368	16368
16368	16368
16368	16368
16368	16368
16368	16368
16368	16368
16368	16368
16368	16368
16368	16368
16368	16368
16368	16368
16368	16368
16368	16368
16368	16368
16368	16368
16368	16368
16368	16368
16368	16368
16368	16368
16368	16368
16368	16368
16368	16368
16368	16368
16368	16368
16368	16368
16368	16368
16368	16368
16368	16368
16368	16368
16368	16368
16368	16368
16368	16368
16368	16368
16368	16368
16368	16368
16368	16368
16368	16368
16368	16368
16368	16368
16368	16368
16368	16368
16368	16368
16368	16368
16368	16368
16368	16368
16368	16368
16368	16368
16368	16368
16368	16368
16368	16368
16368	16368
16368	16368
16368	16368
16368	16368
16368	16368
16368	16368
16368	16368
16368	16368
16368	16368
16368	16368
16368	16368
16368	16368
16368	16368
16368	16368
16368	16368
16368	16368
16368	16368
16368	16368
16368	16368
16368	16368
16368	16368
16368	16368
16368	16368
16368	16368
16368	16368
16368	16368
16368	16368
16368	16368
16368	16368
16368	16368
16368	16368
16368	16368
16368	16368
16368	16368
16368	16368
16368	16368
16368	16368
16368	16368
16368	16368
16368	16368
16368	16368
16368	16368
16368	16368
16368	16368
16368	16368
16368	16368
16368	16368
16368	16368
16368	16368
16368	16368
16368	16368
16368	16368
16368	16368
16368	16368
16368	16368
16368	16368
16368	16368
16368	16368
16368	16368
16368	16368
16368	16368
16368	16368
16368	16368
16368	16368
16368	16368
16368	16368
16368	16368
16368	16368
16368	16368
16368	16368
16368	16368
16368	16368
16368	16368
16368	16368
16368	16368
16368	16368
16368	16368
16368	16368
16368	16368
16368	16368
16368	16368
16368	16368
16368	16368
16368	16368
16368	16368
16368	16368
16368	16368
16368	16368
16368	16368
16368	16368
16368	16368
16368	16368
16368	16368
16368	16368
16368	16368
16368	16368
16368	16368
16368	16368
16368	16368
16368	16368
16368	16368
16368	16368
16368	16368
16368	16368
16368	16368
16368	16368
16368	16368
16368	16368
16368	16368
16368	16368
16368	16368
16368	16368
16368	16368
16368	16368
16368	16368
16368	16368
16368	16368
16368	16368
16368	16368
16368	16368
16368	16368
16368	16368
16368	16368
16368	16368
16368	16368
16368	16368
16368	16368
16368	16368
16368	16368
16368	16368
16368	16368
16368	16368
16368	16368
16368	16368
16368	16368
16368	16368
16368	16368
16368	16368
16368	16368
16368	16368
16368	16368
16368	16368
16368	16368
16368	16368
16368	16368
16368	16368
16368	16368
16368	16368
16368	16368
16368	16368
16368	16368
16368	16368
16368	16368
16368	16368
16368	16368
16368	16368
16368	16368
16368	16368
16368	16368
16368	16368
16368	16368
16368	16368
16368	16368
16368	16368
16368	16368
16368	16368
16368	16368
16368	16368
16368	16368
16368	16368
16368	16368
16368	16368
16368	16368
16368	16368
16368	16368
16368	16368
16368	16368
16368	16368
16368	16368
16368	16368
16368	16368
16368	16368
16368	16368
16368	16368
16368	16368
16368	16368
16368	16368
16368	16368
16368	16368
16368	16368
16368	16368
16368	16368
16368	16368
16368	16368
16368	16368
16368	16368
16368	16368
16368	16368
16368	16368
16368	16368
16368	16368
16368	16368
16368	16368
16368	16368
16368	16368
16368	16368
16368	16368
16368	16368
16368	16368
16368	16368
16368	16368
16368	16368
16368	16368
16368	16368
16368	16368
16368	16368
16368	16368
16368	16368
16368	16368
16368	16368
16368	16368
16368	16368
16368	16368
16368	16368
16368	16368
16368	16368
16368	16368
16368	16368
16368	16368
16368	16368
16368	16368
16368	16368
16368	16368
16368	16368
16368	16368
16368	16368
16368	16368
16368	16368
16368	16368
16368	16368
16368	16368
16368	16368
16368	16368
16368	16368
16368	16368
16368	16368
16368	16368
16368	16368
16368	16368
16368	16368
16368	16368
16368	16368
16368	16368
16368	16368
16368	16368
16368	16368
16368	16368
16368	16368
16368	16368
16368	16368
16368	16368
16368	16368
16368	16368
16368	16368
16368	16368
16368	16368
16368	16368
16368	16368
16368	16368
16368	16368
16368	16368
16368	16368
16368	16368
16368	16368
16368	16368
16368	16368
16368	16368
16368	16368
16368	16368
16368	16368
16368	16368
16368	16368
16368	16368
16368	16368
16368	16368
16368	16368
16368	16368
16368	16368
16368	16368
16368	16368
16368	16368
16368	16368
16368	16368
16368	16368
16368	16368
16368	16368
16368	16368
16368	16368
16368	16368
16368	16368
16368	16368
16368	16368
16368	16368
16368	16368
16368	16368
16368	16368
16368	16368
16368	16368
16368	16368
16368	16368
16368	16368
16368	16368
16368	16368
16368	16368
16368	16368
16368	16368
16368	16368
16368	16368
16368	16368
16368	16368
16368	16368
16368	16368
16368	16368
16368	16368
16368	16368
16368	16368
16368	16368
16368	16368
16368	16368
16368	16368
16368	16368
16368	16368
16368	16368
16368	16368
16368	16368
16368	16368
16368	16368
16368	16368
16368	16368
16368	16368
16368	16368
16368	16368
16368	16368
16368	16368
16368	16368
16368	16368
16368	16368
16368	16368
16368	16368
16368	16368
16368	16368
16368	16368
16368	16368
16368	16368
16368	16368
16368	16368
16368	16368
16368	16368
16368	16368
16368	16368
16368	16368
16368	16368
16368	16368
16368	16368
16368	16368
16368	16368
16368	16368
16368	16368
16368	16368
16368	16368
16368	16368
16368	16368
16368	16368
16368	16368
16368	16368
16368	16368
16368	16368
16368	16368
16368	16368
16368	16368
16368	16368
16368	16368
16368	16368
16368	16368
16368	16368
16368	16368
16368	16368
16368	16368
16368	16368
16368	16368
16368	16368
16368	16368
16368	16368
16368	16368
16368	16368
16368	16368
16368	16368
16368	16368
16368	16368
16368	16368
16368	16368
16368	16368
16368	16368
16368	16368
16368	16368
16368	16368
16368	16368
16368	16368
16368	16368
16368	16368
16368	16368
16368	16368
16368	16368
16368	16368
16368	16368
16368	16368
16368	16368
16368	16368
16368	16368
16368	16368
16368	16368
16368	16368
16368	16368
16368	16368
16368	16368
16368	16368
16368	16368
16368	16368
16368	16368
16368	16368
16368	16368
16368	16368
16368	16368
16368	16368
16368	16368
16368	16368
16368	16368
16368	16368
16368	16368
16368	16368
16368	16368
16368	16368
16368	16368
16368	16368
16368	16368
16368	16368
16368	16368
16368	16368
16368	16368
16368	16368
16368	16368
16368	16368
16368	16368
16368	16368
16368	16368
16368	16368
16368	16368
16368	16368
16368	16368
16368	16368
16368	16368
16368	16368
16368	16368
16368	16368
16368	16368
16368	16368
16368	16368
16368	16368
16368	16368
16368	16368
16368	16368
16368	16368
16368	16368
16368	16368
16368	16368
16368	16368
16368	16368
16368	16368
16368	16368
16368	16368
16368	16368
16368	16368
16368	16368
16368	16368
16368	16368
16368	16368
16368	16368
16368	16368
16368	16368
16368	16368
16368	16368
16368	16368
16368	16368
16368	16368
16368	16368
16368	16368
16368	16368
16368	16368
16368	16368
16368	16368
16368	16368
16368	16368
16368	16368
16368	16368
16368	16368
16368	16368
16368	16368
16368	16368
16368	16368
16368	16368
16368	16368
16368	16368
16368	16368
16368	16368
16368	16368
16368	16368
16368	16368
16368	16368
16368	16368
16368	16368
16368	16368
16368	16368
16368	16368
16368	16368
16368	16368
16368	16368
16368	16368
16368	16368
16368	16368
16368	16368
16368	16368
16368	16368
16368	16368
16368	16368
16368	16368
16368	16368
16368	16368
16368	16368
16368	16368
16368	16368
16368	16368
16368	16368
16368	16368
16368	16368
16368	16368
16368	16368
16368	16368
16368	16368
16368	16368
16368	16368
16368	16368
16368	16368
16368	16368
16368	16368
16368	16368
16368	16368
16368	16368
16368	16368
16368	16368
16368	16368
16368	16368
16368	16368
16368	16368
16368	16368
16368	16368
16368	16368
16368	16368
16368	16368
16368	16368
16368	16368
16368	16368
16368	16368
16368	16368
16368	16368
16368	16368
16368	16368
16368	16368
16368	16368
16368	16368
16368	16368
16368	16368
16368	16368
16368	16368
16368	16368
16368	16368
16368	16368
16368	16368
16368	16368
16368	16368
16368	16368
16368	16368
16368	16368
16368	16368
16368	16368
16368	16368
16368	16368
16368	16368
16368	16368
16368	16368
16368	16368
16368	16368
16368	16368
16368	16368
16368	16368
16368	16368
16368	16368
16368	16368
16368	16368
16368	16368
16368	16368
16368	16368
16368	16368
16368	16368
16368	16368
16368	16368
16368	16368
16368	16368
16368	16368
16368	16368
16368	16368
16368	16368
16368	16368
16368	16368
16368	16368
16368	16368
16368	16368
16368	16368
16368	16368
16368	16368
16368	16368
16368	16368
16368	16368
16368	16368
16368	16368
16368	16368
16368	16368
16368	16368
16368	16368
16368	16368
16368	16368
16368	16368
16368	16368
16368	16368
16368	16368
16368	16368
16368	16368
16368	16368
16368	16368
16368	16368
16368	16368
16368	16368
16368	16368
16368	16368
16368	16368
16368	16368
16368	16368
16368	16368
16368	16368
16368	16368
16368	16368
16368	16368
16368	16368
16368	16368
16368	16368
16368	16368
16368	16368
16368	16368
16368	16368
16368	16368
16368	16368
16368	16368
16368	16368
16368	16368
16368	16368
16368	16368
16368	16368
16368	16368
16368	16368
16368	16368
16368	16368
16368	16368
16368	16368
16368	16368
16368	16368
16368	16368
16368	16368
16368	16368
16368	16368
16368	16368
16368	16368
16368	16368
16368	16368
16368	16368
16368	16368
16368	16368
16368	16368
16368	16368
16368	16368
16368	16368
16368	16368
16368	16368
16368	16368
16368	16368
16368	16368
16368	16368
16368	16368
16368	16368
16368	16368
16368	16368
16368	16368
16368	16368
16368	16368
16368	16368
16368	16368
16368	16368
16368	16368
16368	16368
16368	16368
16368	16368
16368	16368
16368	16368
16368	16368
16368	16368
16368	16368
16368	16368
16368	16368
16368	16368
16368	16368
16368	16368
16368	16368
16368	16368
16368	16368
16368	16047
16368	16368
16368	16368
16368	16368
16368	16368
16368	16368
16368	16368
16368	16368
16368	16368
16368	16368
16368	16368
16368	16368
16368	16368
16368	16368
16368	16368
16368	16368
16368	16368
16368	16368
16368	16368
16368	16368
16368	16368
16368	16368
16368	16368
16368	16368
16368	16368
16368	16368
16368	16368
16368	16368
16368	16368
16368	16368
16368	16368
16368	16368
16368	16368
16368	16368
16368	16368
16368	16368
16368	16368
16368	16368
16368	16368
16368	16368
16368	16368
16368	16368
16368	16368
16368	16368
16368	16368
16368	16368
16368	16368
16368	16368
16368	16368
16368	16368
16368	16368
16368	16368
16368	16368
16368	16368
16368	16368
16368	16368
16368	16368
16368	16368
16368	16368
16368	16368
16368	16368
16368	16368
16368	16368
16368	16368
16368	16368
16368	16368
16368	16368
16368	16368
16368	16368
16368	16368
16368	16368
16368	16368
16368	16368
16368	16368
16368	16368
16368	16368
16368	16368
16368	16368
16368	16368
16368	16368
16368	16368
16368	16368
16368	16368
16368	16368
16368	16368
16368	16368
16368	16368
16368	16368
16368	16368
16368	16368
16368	16368
16368	16368
16368	16368
16368	16368
16368	16368
16368	16368
16368	16368
16368	16368
16368	16368
16368	16368
16368	16368
16368	16368
16368	16368
16368	16368
16368	16368
16368	16368
16368	16368
16368	16368
16368	16368
16368	16368
16368	16368
16368	16368
16368	16368
16368	16368
16368	16368
16368	16368
16368	16368
16368	16368
16368	16368
16368	16368
16368	16368
16368	16368
16368	16368
16368	16368
16368	16368
16368	16368
16368	16368
16368	16368
16368	10799
