2708	2692
2708	2696
2708	2704
2740	2736
2804	2792
2868	2852
2932	2916
2981	2969
3013	3009
3061	3057
3125	3113
3190	3173
3254	3237
3302	3282
3334	3306
3350	3322
3350	3330
3350	3334
3350	3334
3350	3334
3350	3334
3334	3318
3302	3286
3254	3237
3190	3173
3125	3109
3061	3045
2980	2964
2884	2868
2812	2796
2765	2749
2702	2689
2622	2617
2544	2544
2468	2468
2398	2398
2334	2334
2253	2257
2157	2169
2109	2121
2109	2113
2125	2125
2157	2157
2205	2205
2269	2269
2318	2322
2350	2362
2382	2398
2414	2430
2430	2446
2430	2446
2446	2458
2478	2482
2494	2494
2494	2494
2510	2510
2542	2542
2559	2559
2559	2559
2559	2559
2559	2559
2559	2563
2559	2571
2607	2619
2703	2707
2751	2751
2751	2751
2751	2751
2751	2751
2751	2751
2751	2751
2767	2767
2799	2799
2816	2816
2816	2816
2832	2832
2864	2864
2880	2880
2880	2880
2896	2896
2928	2928
2944	2944
2944	2944
2944	2940
2944	2932
2928	2916
2896	2892
2864	2864
2832	2832
2816	2816
2816	2816
2816	2816
2816	2816
2799	2803
2767	2779
2733	2741
2699	2691
2686	2674
2696	2692
2717	2717
2749	2749
2781	2777
2813	2801
2813	2801
2781	2777
2749	2749
2717	2717
2686	2686
2656	2656
2625	2625
2593	2593
2593	2593
2625	2625
2609	2609
2545	2545
2460	2460
2354	2354
2253	2253
2157	2157
2073	2073
2001	2001
1933	1933
1869	1869
1837	1837
1837	1837
1824	1824
1800	1800
1823	1823
1895	1895
1947	1947
1979	1979
2027	2027
2091	2091
2156	2152
2660	2644
2672	2656
2696	2680
2728	2708
2768	2740
2820	2788
2884	2852
2945	2912
3001	2968
3049	3017
3089	3057
3141	3105
3205	3161
3242	3189
3250	3189
3266	3201
3290	3225
3302	3237
3302	3237
3302	3237
3302	3237
3286	3225
3254	3201
3205	3157
3141	3093
3077	3028
3013	2964
2932	2888
2836	2800
2764	2728
2716	2672
2665	2629
2609	2597
2544	2544
2468	2468
2398	2398
2334	2334
2265	2273
2193	2217
2145	2173
2121	2141
2125	2141
2157	2173
2205	2221
2269	2285
2330	2346
2386	2402
2430	2446
2462	2478
2478	2494
2478	2494
2482	2498
2490	2506
2494	2510
2494	2510
2510	2522
2542	2546
2559	2563
2559	2571
2559	2575
2559	2575
2571	2587
2595	2611
2643	2655
2715	2719
2751	2751
2751	2751
2751	2751
2751	2751
2751	2751
2751	2751
2767	2767
2799	2799
2816	2816
2816	2816
2832	2832
2864	2864
2880	2880
2880	2880
2896	2896
2928	2928
2944	2940
2944	2932
2932	2916
2908	2892
2892	2880
2884	2880
2864	2868
2832	2844
2816	2828
2816	2820
2816	2816
2816	2816
2811	2816
2803	2816
2758	2772
2675	2684
2650	2655
2684	2686
2717	2718
2749	2750
2769	2766
2777	2766
2777	2766
2769	2766
2749	2750
2717	2718
2686	2682
2656	2644
2625	2609
2593	2577
2593	2581
2625	2621
2609	2609
2545	2545
2460	2460
2354	2354
2253	2253
2157	2157
2073	2069
2001	1989
1933	1921
1869	1865
1837	1833
1837	1825
1824	1812
1800	1796
1823	1823
1895	1895
1947	1947
1979	1979
2027	2023
2091	2079
2144	2128
2644	2644
2648	2644
2656	2644
2676	2660
2708	2692
2756	2736
2820	2792
2872	2836
2912	2868
2961	2912
3017	2968
3065	3009
3105	3033
3125	3049
3125	3057
3129	3061
3137	3061
3141	3061
3141	3061
3141	3061
3141	3061
3137	3061
3129	3061
3093	3028
3029	2964
2964	2900
2900	2836
2832	2771
2760	2707
2688	2640
2616	2568
2581	2545
2581	2569
2544	2544
2468	2468
2398	2402
2334	2346
2281	2301
2241	2269
2205	2241
2173	2217
2173	2221
2205	2253
2253	2297
2317	2353
2370	2398
2410	2430
2446	2462
2478	2494
2494	2510
2494	2510
2506	2522
2530	2546
2542	2563
2542	2571
2546	2575
2554	2575
2571	2591
2595	2623
2607	2639
2607	2639
2611	2639
2619	2639
2655	2667
2719	2723
2751	2751
2751	2751
2751	2751
2751	2751
2751	2751
2751	2751
2767	2767
2799	2799
2816	2816
2816	2816
2832	2832
2864	2864
2880	2880
2880	2880
2896	2892
2928	2916
2932	2916
2908	2892
2892	2880
2884	2880
2880	2880
2880	2880
2876	2880
2868	2880
2852	2868
2828	2844
2816	2832
2816	2832
2816	2828
2816	2820
2783	2792
2717	2745
2689	2722
2699	2722
2720	2738
2752	2770
2768	2786
2768	2786
2768	2782
2768	2774
2752	2754
2720	2722
2676	2673
2620	2609
2577	2561
2545	2529
2557	2541
2613	2597
2609	2593
2545	2529
2460	2448
2354	2350
2253	2253
2157	2157
2061	2057
1965	1953
1897	1885
1857	1853
1825	1821
1801	1789
1788	1776
1788	1784
1823	1823
1895	1895
1947	1943
1979	1967
2015	1999
2055	2039
2104	2092
2644	2644
2644	2644
2644	2644
2660	2660
2692	2692
2728	2720
2768	2744
2804	2772
2836	2804
2872	2832
2912	2856
2937	2872
2945	2880
2961	2896
2985	2920
2997	2932
2997	2932
2997	2932
2997	2932
2997	2932
2997	2932
2997	2932
2997	2932
2964	2904
2900	2848
2836	2788
2772	2724
2707	2659
2643	2595
2583	2539
2528	2492
2521	2493
2561	2541
2544	2536
2468	2476
2410	2430
2370	2398
2333	2366
2301	2334
2281	2318
2273	2318
2285	2334
2317	2366
2353	2398
2393	2430
2430	2462
2462	2494
2494	2526
2526	2558
2542	2575
2542	2575
2546	2575
2554	2575
2571	2591
2595	2623
2607	2639
2607	2639
2623	2651
2655	2675
2671	2691
2671	2699
2671	2703
2671	2703
2691	2715
2731	2739
2751	2751
2751	2751
2751	2751
2751	2751
2751	2751
2751	2751
2767	2767
2799	2799
2816	2816
2816	2816
2832	2832
2864	2864
2880	2880
2880	2880
2884	2876
2892	2868
2892	2868
2884	2876
2880	2880
2880	2880
2880	2880
2880	2880
2880	2880
2880	2880
2876	2880
2868	2880
2864	2880
2864	2880
2852	2868
2828	2844
2800	2822
2769	2803
2754	2793
2754	2793
2770	2809
2802	2841
2818	2857
2818	2857
2806	2841
2782	2809
2754	2773
2722	2733
2673	2681
2609	2617
2561	2568
2529	2536
2533	2532
2573	2556
2561	2536
2497	2472
2424	2400
2342	2321
2253	2234
2157	2137
2057	2043
1953	1950
1885	1884
1853	1844
1821	1808
1789	1776
1776	1763
1784	1768
1823	1807
1895	1879
1935	1919
1943	1927
1975	1959
2031	2015
2092	2075
2644	2660
2644	2660
2644	2660
2660	2672
2692	2696
2712	2708
2720	2708
2740	2720
2772	2744
2792	2756
2800	2756
2816	2768
2840	2792
2856	2808
2864	2816
2868	2816
2868	2808
2868	2804
2868	2804
2868	2808
2868	2816
2868	2820
2868	2820
2848	2804
2808	2772
2756	2723
2692	2659
2627	2595
2563	2531
2507	2476
2459	2431
2460	2433
2509	2483
2520	2504
2492	2497
2462	2482
2430	2458
2398	2434
2366	2410
2350	2398
2350	2398
2366	2410
2398	2434
2430	2462
2462	2494
2494	2522
2526	2546
2558	2579
2590	2619
2607	2639
2607	2639
2607	2639
2607	2639
2623	2651
2655	2675
2671	2691
2671	2699
2675	2703
2683	2703
2699	2715
2723	2739
2735	2755
2735	2763
2739	2763
2747	2755
2751	2751
2751	2751
2751	2751
2751	2751
2751	2751
2751	2751
2767	2767
2799	2799
2816	2816
2816	2816
2832	2832
2864	2864
2880	2880
2880	2880
2868	2864
2844	2832
2844	2828
2868	2852
2880	2864
2880	2864
2880	2868
2880	2876
2880	2880
2880	2880
2880	2880
2880	2880
2880	2880
2880	2880
2876	2884
2868	2892
2858	2900
2846	2908
2841	2913
2841	2913
2857	2929
2889	2961
2905	2973
2905	2965
2889	2945
2857	2913
2813	2865
2757	2801
2697	2736
2632	2672
2584	2624
2552	2592
2540	2564
2548	2540
2520	2499
2455	2443
2378	2367
2287	2271
2194	2174
2098	2078
2015	1997
1946	1932
1884	1872
1828	1816
1784	1771
1751	1739
1736	1723
1738	1723
1775	1759
1847	1831
1895	1883
1919	1915
1951	1947
1991	1979
2043	2027
2692	2721
2692	2721
2692	2721
2696	2717
2704	2709
2708	2705
2708	2705
2712	2705
2720	2705
2724	2705
2724	2705
2728	2705
2736	2705
2752	2717
2776	2741
2776	2737
2752	2705
2740	2693
2740	2701
2752	2717
2776	2741
2788	2753
2788	2753
2772	2737
2740	2705
2691	2660
2627	2604
2563	2544
2499	2480
2446	2429
2406	2393
2412	2401
2463	2453
2490	2483
2492	2490
2490	2494
2482	2494
2474	2498
2466	2506
2462	2510
2462	2510
2466	2510
2474	2510
2494	2526
2526	2558
2546	2575
2554	2575
2587	2603
2643	2659
2671	2687
2671	2687
2671	2691
2671	2699
2675	2703
2683	2703
2699	2715
2723	2739
2735	2755
2735	2763
2739	2767
2747	2767
2763	2779
2787	2803
2787	2799
2763	2767
2751	2751
2751	2751
2751	2751
2751	2751
2751	2751
2751	2751
2767	2767
2799	2799
2816	2816
2816	2816
2832	2832
2864	2864
2880	2880
2880	2880
2864	2864
2832	2832
2820	2816
2828	2816
2832	2816
2832	2816
2844	2828
2868	2852
2880	2868
2880	2876
2880	2880
2880	2880
2880	2884
2880	2892
2892	2908
2916	2932
2948	2986
2989	3072
3009	3114
3009	3113
3025	3124
3057	3148
3061	3148
3037	3124
3009	3096
2977	3064
2929	3015
2865	2951
2800	2887
2736	2823
2688	2770
2656	2730
2604	2652
2532	2537
2475	2459
2435	2419
2367	2350
2271	2254
2174	2158
2078	2062
1989	1974
1908	1895
1848	1836
1808	1796
1771	1764
1739	1739
1723	1726
1723	1724
1759	1759
1831	1831
1883	1879
1915	1903
1947	1935
1979	1975
2027	2027
2747	2761
2747	2761
2747	2761
2735	2748
2711	2724
2699	2712
2699	2712
2699	2708
2699	2700
2699	2696
2699	2696
2699	2696
2699	2696
2703	2696
2711	2696
2699	2680
2667	2648
2663	2644
2687	2668
2703	2684
2711	2692
2715	2696
2715	2696
2699	2680
2667	2648
2630	2616
2590	2584
2538	2535
2474	2471
2425	2423
2391	2393
2401	2400
2453	2445
2483	2474
2490	2487
2494	2494
2494	2494
2506	2510
2530	2542
2542	2563
2542	2571
2542	2575
2542	2575
2558	2587
2590	2611
2607	2623
2607	2623
2627	2639
2667	2671
2687	2691
2687	2699
2699	2715
2723	2739
2735	2751
2735	2751
2739	2755
2747	2763
2763	2779
2787	2803
2799	2816
2799	2816
2803	2816
2811	2816
2799	2799
2767	2767
2751	2751
2751	2751
2751	2751
2751	2751
2751	2751
2751	2751
2767	2767
2799	2799
2816	2816
2816	2816
2832	2832
2864	2864
2880	2880
2880	2880
2864	2859
2832	2819
2816	2803
2816	2811
2816	2816
2816	2816
2820	2816
2828	2816
2844	2832
2868	2864
2880	2884
2880	2892
2892	2908
2916	2932
2932	2945
2940	2948
3015	3040
3159	3222
3228	3310
3223	3304
3224	3302
3232	3302
3232	3303
3224	3305
3204	3286
3172	3246
3123	3194
3059	3130
2995	3065
2931	3001
2870	2941
2814	2885
2710	2765
2556	2581
2451	2454
2395	2385
2318	2302
2222	2206
2126	2110
2030	2014
1952	1942
1894	1894
1837	1838
1781	1774
1749	1742
1741	1742
1733	1733
1726	1715
1759	1743
1831	1815
1871	1855
1879	1863
1911	1899
1967	1963
2027	2027
2761	2722
2761	2722
2761	2722
2756	2722
2748	2722
2744	2722
2744	2722
2732	2710
2708	2686
2696	2674
2696	2674
2696	2674
2696	2674
2696	2674
2696	2674
2680	2654
2648	2614
2636	2594
2644	2594
2660	2610
2684	2642
2696	2658
2696	2658
2680	2650
2648	2634
2616	2614
2584	2590
2535	2553
2471	2505
2425	2471
2398	2453
2399	2452
2428	2469
2455	2490
2481	2514
2494	2526
2494	2526
2510	2534
2542	2550
2571	2571
2595	2595
2607	2602
2607	2594
2611	2590
2619	2590
2623	2590
2623	2590
2639	2618
2671	2674
2699	2715
2723	2739
2739	2751
2747	2751
2751	2751
2751	2751
2763	2763
2787	2787
2803	2799
2811	2799
2816	2799
2816	2799
2816	2799
2816	2799
2799	2787
2767	2763
2751	2751
2751	2751
2751	2751
2751	2751
2751	2751
2751	2751
2767	2763
2799	2787
2816	2799
2816	2799
2832	2811
2864	2835
2880	2847
2880	2847
2851	2827
2795	2787
2779	2779
2803	2803
2816	2816
2816	2816
2816	2816
2816	2816
2832	2836
2864	2876
2892	2916
2916	2956
2932	2984
2940	3000
2948	3018
2957	3038
3061	3142
3260	3329
3359	3423
3357	3423
3356	3424
3356	3424
3360	3423
3367	3422
3342	3389
3286	3325
3226	3265
3162	3209
3097	3147
3033	3079
2981	3029
2941	2996
2817	2876
2611	2667
2469	2519
2390	2432
2302	2331
2206	2215
2110	2105
2014	2001
1942	1917
1894	1853
1838	1793
1774	1737
1742	1709
1742	1709
1725	1693
1691	1659
1711	1683
1783	1763
1831	1819
1855	1851
1899	1895
1963	1951
2027	2011
2646	2608
2646	2608
2646	2608
2646	2608
2646	2608
2646	2608
2646	2608
2642	2608
2634	2608
2630	2608
2630	2608
2630	2608
2630	2608
2630	2608
2630	2608
2602	2576
2546	2512
2518	2484
2518	2492
2534	2508
2566	2532
2582	2544
2582	2544
2590	2560
2606	2592
2610	2608
2602	2608
2589	2608
2573	2608
2562	2612
2556	2620
2558	2631
2569	2647
2578	2651
2586	2643
2590	2639
2590	2639
2582	2627
2566	2603
2563	2587
2571	2579
2562	2562
2538	2538
2526	2526
2526	2526
2526	2522
2526	2514
2578	2570
2682	2690
2739	2751
2747	2751
2751	2751
2751	2751
2751	2751
2751	2751
2755	2751
2763	2751
2767	2751
2767	2751
2767	2751
2767	2751
2767	2751
2767	2751
2763	2751
2755	2751
2751	2751
2751	2751
2751	2751
2751	2751
2751	2751
2751	2751
2755	2751
2763	2751
2767	2751
2767	2751
2771	2751
2779	2751
2783	2751
2783	2751
2787	2767
2795	2799
2803	2816
2811	2816
2816	2816
2816	2816
2816	2820
2816	2828
2844	2860
2900	2916
2956	2976
3012	3040
3064	3109
3112	3181
3154	3239
3190	3283
3282	3364
3429	3483
3503	3546
3503	3553
3504	3556
3504	3556
3493	3540
3471	3507
3427	3464
3363	3409
3311	3362
3271	3322
3213	3262
3137	3182
3083	3127
3051	3095
2939	2987
2747	2803
2605	2664
2512	2568
2388	2433
2234	2260
2097	2110
1977	1981
1869	1861
1773	1749
1705	1677
1665	1645
1645	1629
1645	1629
1636	1624
1619	1615
1659	1659
1755	1755
1819	1819
1851	1851
1887	1887
1927	1927
1979	1979
2608	2608
2608	2608
2608	2608
2608	2608
2608	2608
2608	2608
2608	2608
2608	2608
2608	2608
2608	2608
2608	2608
2608	2608
2608	2608
2608	2608
2608	2608
2576	2580
2512	2524
2492	2508
2516	2532
2532	2544
2540	2544
2544	2548
2544	2556
2560	2572
2592	2596
2608	2608
2608	2608
2608	2612
2608	2620
2620	2636
2644	2660
2671	2699
2703	2755
2707	2767
2683	2735
2671	2719
2671	2719
2667	2719
2659	2719
2643	2703
2619	2671
2602	2655
2594	2655
2590	2655
2590	2655
2578	2639
2554	2607
2594	2631
2698	2711
2751	2751
2751	2751
2751	2751
2751	2751
2751	2751
2751	2751
2751	2751
2751	2751
2751	2751
2751	2751
2751	2751
2751	2751
2751	2751
2751	2751
2751	2751
2751	2751
2751	2751
2751	2751
2751	2751
2751	2751
2751	2751
2751	2751
2751	2751
2751	2751
2751	2751
2751	2751
2751	2751
2751	2751
2751	2751
2751	2751
2767	2767
2799	2799
2816	2816
2816	2816
2816	2816
2816	2816
2828	2832
2852	2864
2884	2900
2924	2940
2976	2992
3040	3056
3117	3137
3205	3233
3271	3303
3315	3347
3388	3415
3492	3509
3553	3570
3572	3597
3581	3611
3581	3611
3565	3599
3532	3577
3499	3552
3464	3525
3418	3479
3362	3414
3294	3344
3214	3268
3159	3210
3127	3170
3019	3057
2836	2870
2696	2728
2600	2632
2465	2501
2293	2337
2142	2186
2014	2050
1893	1930
1781	1826
1709	1758
1677	1726
1661	1704
1661	1693
1657	1689
1647	1693
1683	1729
1763	1799
1819	1851
1851	1883
1895	1927
1951	1983
2011	2043
2608	2608
2608	2608
2608	2608
2608	2608
2608	2608
2608	2608
2608	2608
2608	2608
2608	2608
2608	2608
2608	2608
2608	2608
2608	2608
2608	2608
2608	2608
2588	2592
2548	2560
2532	2544
2540	2544
2544	2548
2544	2556
2556	2572
2580	2596
2596	2608
2604	2608
2608	2612
2608	2620
2620	2636
2644	2660
2660	2672
2668	2672
2715	2728
2803	2840
2831	2884
2799	2860
2783	2848
2783	2848
2783	2844
2783	2836
2767	2819
2735	2795
2719	2779
2719	2771
2719	2767
2719	2767
2703	2755
2671	2731
2679	2731
2727	2755
2751	2767
2751	2767
2751	2767
2751	2767
2751	2767
2751	2767
2751	2767
2751	2767
2751	2767
2751	2767
2751	2767
2751	2767
2751	2767
2751	2767
2751	2767
2751	2767
2751	2767
2751	2767
2751	2767
2751	2767
2751	2767
2751	2767
2751	2767
2751	2767
2751	2767
2751	2767
2751	2767
2751	2767
2751	2767
2751	2767
2767	2779
2799	2803
2816	2816
2816	2816
2816	2816
2816	2816
2832	2836
2864	2876
2908	2924
2964	2980
3024	3044
3088	3116
3169	3201
3265	3297
3335	3366
3379	3408
3446	3474
3536	3565
3597	3628
3629	3662
3645	3681
3645	3686
3643	3697
3641	3713
3624	3706
3594	3676
3546	3627
3479	3561
3412	3491
3344	3418
3282	3350
3226	3286
3100	3158
2906	2968
2760	2825
2664	2728
2541	2606
2393	2457
2242	2307
2090	2154
1970	2034
1882	1946
1822	1886
1790	1854
1757	1820
1725	1784
1723	1782
1751	1813
1799	1862
1865	1929
1915	1975
1947	1999
1983	2027
2023	2059
2075	2108
2608	2616
2608	2616
2608	2616
2608	2616
2608	2616
2608	2616
2608	2616
2608	2616
2608	2616
2608	2616
2608	2616
2608	2616
2608	2616
2608	2616
2608	2616
2592	2604
2560	2580
2544	2568
2544	2568
2556	2580
2580	2604
2596	2616
2604	2616
2608	2620
2608	2628
2620	2644
2644	2668
2660	2680
2668	2680
2672	2684
2672	2692
2736	2758
2864	2882
2924	2944
2916	2944
2912	2944
2912	2944
2900	2928
2876	2896
2859	2880
2851	2880
2835	2864
2811	2832
2799	2816
2799	2816
2795	2816
2787	2816
2787	2811
2795	2803
2799	2799
2799	2799
2799	2799
2799	2799
2799	2799
2799	2799
2799	2799
2799	2799
2799	2799
2799	2799
2799	2799
2799	2799
2799	2799
2799	2799
2799	2799
2799	2799
2799	2799
2799	2799
2799	2799
2799	2799
2799	2799
2799	2799
2799	2799
2799	2799
2799	2799
2799	2799
2799	2799
2799	2799
2799	2799
2799	2799
2803	2803
2811	2811
2816	2816
2816	2816
2816	2816
2816	2816
2844	2844
2900	2900
2948	2952
2988	3000
3052	3068
3140	3156
3233	3249
3329	3345
3397	3416
3435	3460
3502	3532
3597	3629
3662	3695
3696	3730
3721	3763
3736	3794
3761	3828
3794	3864
3797	3870
3770	3845
3724	3802
3659	3740
3582	3658
3491	3558
3414	3476
3350	3413
3230	3299
3056	3133
2921	3001
2825	2905
2694	2774
2530	2610
2379	2459
2243	2323
2122	2203
2018	2099
1950	2027
1918	1987
1892	1962
1872	1952
1868	1946
1878	1944
1919	1980
1991	2054
2031	2091
2039	2091
2059	2108
2091	2140
2140	2184
2632	2641
2632	2641
2632	2641
2632	2641
2632	2641
2632	2641
2632	2641
2632	2641
2632	2641
2632	2641
2632	2641
2632	2641
2632	2641
2632	2641
2632	2641
2628	2641
2620	2641
2616	2641
2616	2641
2620	2641
2628	2641
2632	2645
2632	2653
2644	2669
2669	2693
2685	2710
2693	2718
2697	2722
2697	2722
2709	2734
2733	2758
2795	2809
2894	2888
2944	2924
2944	2916
2944	2912
2944	2912
2928	2900
2896	2876
2880	2859
2880	2851
2864	2835
2832	2811
2816	2799
2816	2799
2816	2795
2816	2787
2803	2771
2779	2747
2767	2735
2767	2735
2767	2735
2767	2735
2767	2735
2767	2735
2767	2735
2767	2735
2767	2735
2767	2735
2767	2735
2767	2735
2767	2735
2767	2735
2767	2735
2767	2735
2767	2735
2767	2735
2767	2735
2767	2735
2767	2735
2767	2735
2767	2735
2767	2735
2767	2735
2767	2735
2767	2735
2767	2735
2767	2735
2767	2735
2779	2751
2803	2783
2816	2799
2816	2799
2816	2799
2816	2799
2836	2819
2876	2859
2936	2924
3016	3012
3092	3092
3164	3164
3249	3249
3345	3345
3424	3427
3485	3493
3564	3576
3662	3673
3728	3740
3762	3776
3806	3830
3860	3904
3899	3956
3924	3987
3925	3988
3902	3960
3861	3918
3802	3861
3721	3777
3617	3665
3535	3581
3476	3523
3363	3414
3197	3253
3065	3130
2969	3044
2846	2927
2698	2778
2547	2624
2395	2463
2275	2343
2187	2263
2115	2195
2059	2139
2028	2106
2023	2095
2017	2089
2011	2088
2044	2117
2118	2174
2155	2207
2155	2216
2172	2232
2204	2256
2240	2284
2641	2641
2641	2641
2641	2641
2641	2641
2641	2641
2641	2641
2641	2641
2641	2641
2641	2641
2641	2641
2641	2641
2641	2641
2641	2641
2641	2641
2641	2641
2641	2641
2641	2641
2641	2641
2641	2641
2641	2645
2641	2653
2653	2669
2677	2693
2693	2706
2701	2706
2718	2722
2742	2754
2754	2770
2754	2770
2758	2770
2766	2770
2801	2789
2864	2828
2884	2831
2860	2799
2848	2783
2848	2783
2844	2783
2836	2783
2819	2767
2795	2735
2779	2719
2771	2719
2767	2719
2767	2719
2755	2703
2731	2671
2715	2659
2707	2667
2703	2671
2703	2671
2703	2671
2703	2671
2703	2671
2703	2671
2703	2671
2703	2671
2703	2671
2703	2671
2703	2671
2703	2671
2703	2671
2703	2671
2703	2671
2703	2671
2703	2671
2703	2671
2703	2671
2703	2671
2703	2671
2703	2671
2703	2671
2703	2671
2703	2671
2703	2671
2703	2671
2703	2671
2703	2671
2703	2671
2719	2687
2751	2719
2767	2735
2767	2735
2767	2735
2767	2735
2795	2767
2851	2831
2916	2900
2988	2972
3068	3056
3156	3152
3249	3249
3345	3345
3424	3419
3486	3471
3566	3547
3664	3647
3732	3719
3771	3762
3836	3834
3927	3936
3999	4019
4052	4084
4059	4100
4020	4067
3973	4018
3918	3952
3828	3857
3704	3735
3613	3645
3556	3588
3452	3492
3303	3356
3195	3256
3130	3193
3015	3079
2851	2915
2688	2752
2528	2592
2407	2472
2327	2392
2267	2332
2227	2292
2194	2258
2168	2232
2162	2226
2177	2241
2197	2257
2223	2275
2248	2296
2272	2320
2288	2333
2296	2333
2316	2345
2641	2641
2641	2641
2641	2641
2641	2641
2641	2641
2641	2641
2641	2641
2641	2641
2641	2641
2641	2641
2641	2641
2641	2641
2641	2641
2641	2641
2641	2641
2641	2641
2641	2641
2641	2645
2641	2653
2653	2669
2677	2693
2693	2706
2701	2706
2706	2710
2706	2718
2722	2734
2754	2758
2770	2770
2770	2770
2770	2770
2770	2770
2773	2757
2779	2731
2767	2707
2735	2683
2719	2671
2719	2671
2719	2667
2719	2659
2703	2643
2671	2619
2655	2602
2655	2594
2655	2590
2655	2590
2639	2578
2607	2554
2603	2562
2627	2602
2639	2623
2639	2623
2639	2623
2639	2623
2639	2623
2639	2623
2639	2623
2639	2623
2639	2623
2639	2623
2639	2623
2639	2623
2639	2623
2639	2623
2639	2623
2639	2623
2639	2623
2639	2623
2639	2623
2639	2623
2639	2623
2639	2623
2639	2623
2639	2623
2639	2623
2639	2623
2639	2623
2639	2623
2639	2623
2639	2623
2655	2635
2687	2659
2703	2671
2703	2671
2703	2675
2703	2683
2735	2719
2799	2783
2876	2860
2964	2948
3056	3040
3152	3136
3249	3233
3345	3329
3411	3396
3446	3434
3517	3506
3624	3612
3701	3692
3750	3747
3826	3830
3930	3942
4016	4032
4083	4099
4111	4131
4100	4129
4051	4080
3963	3983
3865	3881
3759	3775
3677	3692
3620	3633
3532	3555
3412	3456
3312	3362
3233	3271
3119	3157
2971	3020
2816	2870
2656	2710
2536	2586
2456	2500
2388	2425
2332	2363
2298	2332
2288	2332
2282	2328
2281	2322
2297	2338
2331	2376
2352	2396
2360	2396
2365	2397
2365	2397
2369	2397
2641	2652
2641	2652
2641	2652
2641	2652
2641	2652
2641	2652
2641	2652
2641	2652
2641	2652
2641	2652
2641	2652
2641	2652
2641	2652
2641	2652
2641	2652
2641	2656
2641	2664
2653	2680
2677	2705
2693	2713
2701	2705
2706	2701
2706	2701
2718	2709
2742	2725
2758	2733
2766	2733
2770	2733
2770	2733
2770	2733
2770	2733
2741	2709
2683	2662
2651	2639
2643	2639
2639	2635
2639	2627
2627	2611
2603	2587
2587	2571
2579	2563
2562	2546
2538	2522
2526	2506
2526	2498
2522	2494
2514	2494
2538	2522
2594	2578
2623	2607
2623	2607
2623	2607
2623	2607
2623	2607
2623	2607
2623	2607
2623	2607
2623	2607
2623	2607
2623	2607
2623	2607
2623	2607
2623	2607
2623	2607
2623	2607
2623	2607
2623	2607
2623	2607
2623	2607
2623	2607
2623	2607
2623	2607
2623	2607
2623	2607
2623	2607
2623	2607
2623	2607
2623	2607
2623	2607
2627	2611
2635	2619
2639	2623
2639	2623
2651	2631
2675	2647
2719	2679
2783	2728
2852	2788
2924	2860
3008	2949
3104	3053
3201	3158
3297	3262
3375	3348
3433	3416
3512	3503
3613	3608
3693	3687
3753	3740
3846	3825
3971	3940
4066	4021
4132	4070
4161	4086
4154	4071
4105	4023
4013	3942
3906	3841
3783	3718
3690	3626
3628	3564
3561	3507
3490	3457
3406	3384
3307	3288
3193	3180
3061	3060
2915	2927
2753	2782
2623	2661
2522	2564
2443	2487
2385	2429
2359	2403
2364	2408
2365	2412
2363	2413
2378	2428
2411	2458
2428	2468
2428	2461
2429	2453
2429	2445
2429	2433
2675	2687
2675	2687
2675	2687
2675	2687
2675	2687
2675	2687
2675	2687
2675	2687
2675	2687
2675	2687
2675	2687
2675	2687
2675	2687
2675	2687
2675	2687
2687	2703
2711	2735
2727	2751
2735	2751
2727	2739
2703	2715
2691	2699
2691	2691
2683	2675
2667	2651
2659	2639
2659	2639
2659	2635
2659	2627
2659	2623
2659	2623
2662	2639
2668	2671
2671	2687
2671	2687
2659	2671
2635	2639
2619	2623
2611	2623
2595	2607
2571	2575
2554	2559
2546	2559
2530	2542
2506	2510
2494	2494
2494	2494
2514	2510
2554	2542
2575	2559
2575	2559
2575	2559
2575	2559
2575	2559
2575	2559
2575	2559
2575	2559
2575	2559
2575	2559
2575	2559
2575	2559
2575	2559
2575	2559
2575	2563
2576	2573
2577	2577
2577	2575
2577	2574
2577	2574
2577	2574
2577	2574
2577	2574
2577	2574
2577	2574
2577	2574
2577	2574
2577	2574
2577	2574
2577	2574
2589	2586
2613	2610
2625	2622
2625	2622
2617	2606
2601	2574
2601	2558
2617	2558
2669	2606
2758	2703
2862	2811
2983	2932
3103	3056
3224	3185
3317	3283
3384	3351
3478	3445
3598	3564
3675	3638
3709	3667
3767	3710
3848	3766
3897	3799
3913	3807
3908	3795
3881	3763
3836	3717
3771	3658
3686	3581
3581	3484
3499	3407
3442	3350
3394	3310
3356	3286
3296	3237
3213	3164
3120	3083
3016	2995
2907	2903
2794	2807
2700	2726
2625	2662
2556	2597
2494	2533
2464	2501
2466	2501
2468	2501
2471	2501
2487	2517
2516	2548
2518	2547
2494	2512
2470	2479
2446	2447
2410	2402
2687	2703
2687	2703
2687	2703
2687	2703
2687	2703
2687	2703
2687	2703
2687	2703
2687	2703
2687	2703
2687	2703
2687	2703
2687	2703
2687	2703
2687	2703
2703	2719
2735	2751
2751	2767
2751	2767
2747	2763
2739	2755
2723	2739
2699	2715
2683	2703
2675	2703
2671	2699
2671	2691
2659	2675
2635	2651
2623	2639
2623	2639
2639	2651
2671	2675
2687	2683
2687	2675
2671	2659
2639	2635
2623	2623
2623	2623
2607	2611
2575	2587
2559	2571
2559	2563
2542	2546
2510	2522
2494	2510
2494	2510
2510	2530
2542	2570
2559	2591
2559	2591
2559	2591
2559	2591
2559	2591
2559	2591
2559	2591
2559	2591
2559	2591
2559	2591
2559	2591
2559	2591
2559	2591
2559	2591
2571	2599
2597	2617
2607	2622
2602	2615
2599	2612
2599	2612
2599	2612
2599	2612
2599	2612
2599	2612
2599	2612
2599	2612
2599	2612
2599	2612
2599	2612
2599	2612
2603	2612
2611	2612
2615	2612
2615	2612
2599	2595
2566	2563
2550	2551
2550	2559
2599	2607
2695	2695
2796	2788
2900	2884
3017	2993
3145	3113
3245	3211
3317	3285
3404	3356
3506	3425
3576	3481
3615	3525
3654	3566
3694	3606
3727	3639
3751	3663
3747	3663
3715	3639
3667	3594
3605	3530
3526	3450
3429	3354
3350	3277
3288	3221
3254	3197
3246	3205
3208	3177
3140	3113
3071	3048
2999	2984
2915	2904
2818	2808
2738	2727
2673	2663
2609	2603
2545	2547
2513	2519
2513	2519
2509	2513
2501	2501
2517	2517
2556	2560
2555	2560
2515	2516
2479	2479
2447	2447
2410	2414
2735	2767
2735	2767
2735	2767
2735	2767
2735	2767
2735	2767
2735	2767
2735	2767
2735	2767
2735	2767
2735	2767
2735	2767
2735	2767
2735	2767
2735	2767
2751	2779
2783	2803
2799	2816
2799	2816
2787	2803
2763	2779
2747	2767
2739	2767
2735	2763
2735	2755
2723	2739
2699	2715
2683	2699
2675	2691
2671	2687
2671	2687
2675	2683
2683	2675
2675	2659
2651	2635
2635	2623
2627	2623
2623	2623
2623	2623
2619	2623
2611	2623
2595	2611
2571	2587
2554	2575
2546	2575
2542	2575
2542	2575
2570	2607
2626	2671
2655	2703
2655	2703
2655	2703
2655	2703
2655	2703
2655	2703
2655	2703
2655	2703
2655	2703
2655	2703
2655	2703
2655	2703
2655	2703
2655	2703
2647	2687
2633	2657
2622	2638
2615	2631
2612	2628
2612	2628
2612	2628
2612	2628
2612	2628
2612	2628
2612	2628
2612	2628
2612	2628
2612	2628
2612	2628
2612	2628
2612	2628
2612	2628
2612	2624
2612	2616
2595	2599
2563	2575
2559	2575
2583	2599
2631	2644
2703	2708
2788	2784
2884	2872
2985	2965
3089	3061
3179	3142
3253	3208
3300	3236
3320	3224
3353	3240
3396	3284
3446	3334
3502	3390
3535	3422
3543	3430
3543	3430
3535	3422
3498	3390
3434	3334
3354	3261
3257	3173
3189	3113
3149	3081
3141	3085
3165	3125
3145	3113
3081	3049
3016	2984
2952	2920
2872	2844
2776	2756
2695	2683
2631	2627
2579	2583
2539	2551
2519	2535
2519	2535
2513	2529
2501	2517
2517	2529
2560	2564
2560	2564
2516	2528
2479	2495
2447	2463
2414	2430
2799	2832
2799	2832
2799	2832
2799	2832
2799	2832
2799	2832
2799	2832
2799	2832
2799	2832
2799	2832
2799	2832
2799	2832
2799	2832
2799	2832
2799	2832
2803	2828
2811	2820
2816	2816
2816	2816
2811	2816
2803	2816
2799	2816
2799	2816
2787	2799
2763	2767
2747	2751
2739	2751
2723	2735
2699	2703
2687	2687
2687	2687
2675	2671
2651	2639
2635	2623
2627	2623
2623	2623
2623	2623
2623	2627
2623	2635
2623	2639
2623	2639
2619	2639
2611	2639
2607	2639
2607	2639
2607	2639
2607	2639
2639	2671
2703	2735
2735	2767
2735	2767
2735	2767
2735	2767
2735	2767
2735	2767
2735	2767
2735	2767
2735	2767
2735	2767
2735	2767
2735	2767
2735	2767
2735	2767
2719	2752
2689	2722
2671	2704
2663	2698
2660	2695
2660	2695
2660	2695
2660	2695
2660	2695
2660	2695
2660	2695
2660	2695
2660	2695
2660	2695
2660	2695
2660	2695
2660	2695
2660	2695
2648	2679
2624	2647
2607	2631
2599	2631
2599	2635
2607	2643
2644	2675
2708	2731
2776	2787
2848	2844
2933	2916
3029	3004
3102	3068
3152	3108
3163	3111
3136	3075
3144	3075
3187	3111
3229	3145
3270	3177
3302	3205
3326	3229
3326	3229
3302	3205
3270	3177
3229	3145
3173	3101
3101	3045
3049	3000
3017	2968
3029	2984
3085	3048
3081	3053
3017	2997
2952	2936
2888	2872
2820	2808
2748	2744
2691	2695
2651	2663
2615	2635
2583	2611
2567	2599
2567	2599
2561	2597
2549	2593
2553	2593
2572	2596
2572	2592
2552	2580
2527	2559
2495	2527
2462	2495
2864	2880
2864	2880
2864	2880
2864	2880
2864	2880
2864	2880
2864	2880
2864	2880
2864	2880
2864	2880
2864	2880
2864	2880
2864	2880
2864	2880
2864	2880
2852	2864
2828	2832
2816	2816
2816	2816
2816	2811
2816	2803
2816	2799
2816	2799
2799	2787
2767	2763
2751	2747
2751	2739
2735	2723
2703	2699
2687	2687
2687	2687
2671	2671
2639	2639
2623	2623
2623	2623
2623	2623
2623	2623
2635	2639
2659	2671
2671	2687
2671	2687
2671	2687
2671	2687
2671	2691
2671	2699
2671	2703
2671	2703
2703	2731
2767	2787
2799	2816
2799	2816
2799	2816
2799	2816
2799	2816
2799	2816
2799	2816
2799	2816
2799	2816
2799	2816
2799	2816
2799	2816
2799	2816
2799	2816
2784	2804
2754	2782
2738	2771
2736	2771
2735	2771
2735	2771
2735	2771
2735	2771
2735	2771
2735	2771
2735	2771
2735	2771
2735	2771
2735	2771
2735	2771
2735	2771
2735	2771
2735	2771
2719	2759
2687	2735
2671	2723
2671	2723
2683	2735
2707	2759
2739	2787
2779	2819
2819	2851
2859	2883
2915	2923
2988	2971
3042	3013
3078	3047
3079	3051
3043	3023
3035	3015
3055	3027
3081	3045
3113	3069
3133	3081
3141	3081
3141	3081
3133	3081
3113	3069
3081	3045
3045	3021
3005	2997
2968	2968
2936	2936
2952	2948
3016	3004
3029	3017
2989	2985
2936	2936
2872	2872
2808	2812
2744	2756
2695	2711
2663	2679
2643	2663
2635	2663
2631	2667
2631	2675
2637	2689
2650	2710
2650	2706
2636	2676
2624	2656
2612	2645
2591	2627
2559	2603
2527	2575
2880	2864
2880	2864
2880	2864
2880	2864
2880	2864
2880	2864
2880	2864
2880	2864
2880	2864
2880	2864
2880	2864
2880	2864
2880	2864
2880	2864
2880	2864
2864	2847
2832	2815
2816	2799
2816	2799
2803	2787
2779	2763
2767	2747
2767	2739
2763	2735
2755	2735
2739	2723
2715	2699
2699	2683
2691	2675
2687	2671
2687	2671
2671	2659
2639	2635
2623	2623
2623	2623
2623	2627
2623	2635
2639	2651
2671	2675
2687	2691
2687	2699
2687	2703
2687	2703
2699	2715
2723	2739
2735	2751
2735	2751
2755	2767
2795	2799
2816	2816
2816	2816
2816	2816
2816	2816
2816	2816
2816	2816
2816	2816
2816	2816
2816	2816
2816	2816
2816	2816
2816	2816
2816	2816
2816	2816
2812	2816
2806	2818
2803	2819
2803	2819
2803	2819
2803	2819
2803	2819
2803	2819
2803	2819
2803	2819
2803	2819
2803	2819
2803	2819
2803	2819
2803	2819
2803	2819
2803	2823
2803	2831
2799	2835
2791	2835
2787	2839
2787	2847
2791	2851
2799	2851
2819	2863
2851	2887
2883	2911
2915	2935
2939	2952
2955	2960
2981	2977
3015	3003
3027	3019
3015	3023
3015	3030
3027	3038
3037	3043
3045	3043
3049	3043
3049	3043
3049	3043
3049	3043
3045	3043
3037	3043
3029	3043
3021	3043
3000	3031
2968	3007
2972	3003
3012	3019
3017	3011
2985	2979
2936	2935
2872	2878
2820	2834
2780	2802
2743	2770
2711	2738
2695	2726
2695	2734
2707	2754
2731	2786
2754	2810
2774	2826
2762	2808
2717	2754
2689	2721
2677	2709
2667	2708
2659	2716
2639	2703
2832	2816
2832	2816
2832	2816
2832	2816
2832	2816
2832	2816
2832	2816
2832	2816
2832	2816
2832	2816
2832	2816
2832	2816
2832	2816
2832	2816
2832	2816
2815	2799
2783	2767
2767	2751
2767	2751
2763	2747
2755	2739
2739	2723
2715	2699
2703	2683
2703	2675
2699	2671
2691	2671
2675	2659
2651	2635
2639	2623
2639	2623
2635	2623
2627	2623
2623	2623
2623	2623
2635	2639
2659	2671
2675	2687
2683	2687
2699	2703
2723	2735
2735	2751
2735	2751
2739	2755
2747	2763
2751	2767
2751	2767
2767	2779
2799	2803
2816	2816
2816	2816
2816	2816
2816	2816
2816	2816
2816	2816
2816	2816
2816	2816
2816	2816
2816	2816
2816	2816
2816	2816
2816	2816
2816	2816
2816	2820
2818	2830
2819	2835
2819	2835
2819	2835
2819	2835
2819	2835
2819	2835
2819	2835
2819	2835
2819	2835
2819	2835
2819	2835
2819	2835
2819	2835
2819	2835
2831	2851
2855	2883
2867	2899
2867	2899
2879	2915
2903	2947
2915	2964
2915	2964
2919	2964
2927	2964
2935	2964
2943	2964
2960	2976
2984	3000
3001	3011
3011	3011
3027	3031
3047	3071
3059	3087
3062	3078
3063	3074
3063	3074
3063	3074
3063	3074
3063	3074
3063	3074
3063	3078
3063	3086
3063	3090
3063	3090
3059	3090
3051	3090
3039	3070
3023	3030
2999	2994
2967	2962
2931	2929
2891	2897
2854	2865
2822	2833
2790	2805
2758	2781
2754	2785
2778	2817
2806	2849
2838	2881
2858	2903
2866	2915
2843	2888
2787	2823
2753	2785
2741	2773
2748	2784
2772	2816
2767	2816
2816	2767
2816	2771
2816	2779
2816	2783
2816	2783
2816	2783
2816	2783
2816	2787
2816	2795
2816	2799
2816	2799
2816	2799
2816	2799
2816	2803
2816	2811
2799	2799
2767	2767
2751	2751
2751	2751
2739	2735
2715	2703
2699	2687
2691	2687
2675	2671
2651	2639
2639	2623
2639	2623
2635	2619
2627	2611
2623	2607
2623	2607
2623	2615
2623	2631
2623	2639
2623	2639
2639	2655
2671	2687
2687	2703
2687	2703
2703	2719
2735	2751
2751	2767
2751	2767
2763	2783
2787	2815
2799	2832
2799	2832
2803	2832
2811	2832
2816	2832
2816	2832
2816	2832
2816	2832
2816	2832
2816	2832
2816	2832
2816	2832
2816	2832
2816	2832
2816	2828
2816	2820
2816	2816
2816	2816
2828	2829
2854	2857
2867	2870
2867	2870
2867	2870
2867	2870
2867	2870
2867	2870
2867	2870
2867	2870
2867	2870
2867	2870
2867	2870
2867	2870
2867	2870
2867	2870
2883	2886
2915	2919
2931	2935
2931	2935
2947	2947
2979	2971
2996	2987
2996	2995
2996	2999
2996	2999
2996	2999
2996	2999
3000	3003
3008	3011
3008	3010
3002	2999
3031	3028
3095	3096
3114	3116
3087	3089
3074	3076
3074	3076
3074	3076
3074	3076
3074	3076
3074	3076
3086	3088
3110	3112
3122	3124
3122	3124
3122	3124
3122	3124
3094	3096
3038	3040
2994	3000
2962	2976
2929	2947
2897	2915
2865	2887
2833	2863
2813	2851
2805	2851
2817	2859
2849	2875
2881	2895
2913	2919
2943	2945
2971	2972
2945	2949
2863	2875
2817	2833
2805	2821
2816	2832
2848	2864
2848	2872
2671	2623
2683	2639
2707	2671
2719	2687
2719	2687
2719	2687
2719	2687
2731	2703
2755	2735
2767	2751
2767	2751
2767	2751
2767	2751
2779	2767
2803	2799
2799	2799
2767	2767
2751	2751
2751	2751
2735	2735
2703	2703
2687	2687
2687	2687
2671	2671
2639	2639
2623	2623
2623	2623
2611	2611
2587	2587
2575	2571
2575	2563
2599	2591
2647	2655
2671	2691
2671	2699
2687	2715
2719	2739
2735	2751
2735	2751
2751	2767
2783	2799
2799	2816
2799	2816
2815	2832
2847	2864
2864	2880
2864	2880
2864	2880
2864	2880
2864	2880
2864	2880
2864	2880
2864	2880
2864	2880
2864	2880
2864	2880
2864	2880
2864	2880
2864	2880
2852	2868
2828	2844
2816	2832
2816	2832
2823	2832
2838	2833
2846	2834
2846	2834
2846	2834
2846	2834
2846	2834
2846	2834
2846	2834
2846	2834
2846	2834
2846	2834
2846	2834
2846	2834
2846	2834
2846	2834
2862	2850
2894	2882
2910	2898
2910	2898
2914	2898
2922	2898
2938	2914
2963	2946
2975	2963
2975	2963
2975	2963
2975	2963
2987	2979
3011	3011
3015	3019
3001	3004
3020	3019
3072	3063
3093	3084
3084	3082
3080	3082
3080	3082
3080	3082
3080	3082
3080	3082
3080	3082
3084	3082
3092	3082
3096	3082
3096	3082
3096	3082
3096	3082
3076	3066
3036	3034
3012	3018
3004	3018
2983	3001
2951	2969
2931	2953
2923	2953
2919	2953
2919	2953
2911	2937
2895	2905
2891	2889
2899	2889
2907	2889
2916	2891
2900	2877
2859	2848
2833	2832
2821	2832
2832	2848
2864	2880
2888	2908
2623	2623
2639	2639
2671	2671
2687	2687
2687	2687
2687	2687
2687	2687
2703	2703
2735	2735
2751	2751
2751	2751
2751	2751
2751	2751
2767	2767
2799	2799
2799	2799
2767	2767
2751	2751
2751	2751
2735	2735
2703	2703
2687	2687
2687	2687
2671	2675
2639	2651
2623	2635
2623	2627
2619	2623
2611	2623
2595	2611
2571	2587
2591	2607
2655	2671
2699	2715
2723	2739
2739	2751
2747	2751
2751	2751
2751	2751
2767	2767
2799	2799
2816	2816
2816	2816
2832	2828
2864	2852
2880	2864
2880	2864
2880	2868
2880	2876
2880	2880
2880	2880
2880	2880
2880	2880
2880	2880
2880	2880
2880	2880
2880	2880
2880	2880
2880	2880
2876	2880
2868	2880
2864	2880
2864	2880
2856	2868
2841	2845
2834	2834
2834	2834
2834	2834
2834	2834
2834	2834
2834	2834
2834	2834
2834	2834
2834	2834
2834	2834
2834	2834
2834	2834
2834	2834
2834	2834
2850	2850
2882	2882
2898	2898
2898	2898
2898	2898
2898	2898
2914	2914
2946	2946
2963	2963
2963	2963
2963	2963
2963	2963
2979	2979
3011	3011
3021	3022
3010	3012
3026	3030
3070	3074
3089	3092
3084	3085
3082	3082
3082	3082
3082	3082
3082	3082
3082	3082
3082	3082
3082	3082
3082	3082
3082	3082
3082	3082
3082	3082
3082	3082
3066	3066
3034	3034
3018	3018
3018	3018
3001	3001
2969	2969
2953	2953
2953	2953
2953	2953
2953	2953
2937	2937
2905	2905
2889	2889
2889	2889
2891	2892
2896	2899
2880	2885
2841	2849
2832	2844
2853	2868
2880	2896
2912	2928
2932	2945
2623	2623
2639	2639
2671	2671
2687	2687
2687	2687
2687	2687
2687	2687
2703	2703
2735	2735
2751	2751
2751	2751
2751	2751
2751	2751
2767	2767
2799	2799
2799	2799
2767	2767
2751	2751
2751	2751
2735	2735
2703	2703
2687	2687
2687	2687
2683	2687
2675	2687
2659	2675
2635	2651
2623	2639
2623	2639
2619	2639
2611	2639
2639	2667
2703	2723
2739	2751
2747	2751
2751	2751
2751	2751
2751	2755
2751	2763
2767	2779
2799	2803
2816	2816
2816	2816
2820	2816
2828	2816
2832	2816
2832	2816
2844	2828
2868	2852
2880	2864
2880	2864
2880	2864
2880	2864
2880	2868
2880	2876
2880	2880
2880	2880
2880	2880
2880	2880
2880	2880
2880	2880
2880	2880
2880	2880
2868	2872
2845	2857
2834	2850
2834	2850
2834	2850
2834	2850
2834	2850
2834	2850
2834	2850
2834	2850
2834	2850
2834	2850
2834	2850
2834	2850
2834	2850
2834	2850
2850	2862
2882	2886
2898	2898
2898	2898
2898	2898
2898	2898
2914	2914
2946	2946
2963	2963
2963	2963
2963	2963
2963	2963
2979	2979
3011	3011
3022	3022
3012	3012
3030	3030
3074	3074
3092	3092
3085	3085
3082	3082
3082	3082
3082	3082
3082	3082
3082	3082
3082	3082
3082	3082
3082	3082
3082	3082
3082	3082
3082	3082
3082	3082
3066	3066
3034	3034
3018	3018
3018	3018
3001	3001
2969	2969
2953	2953
2953	2953
2953	2953
2953	2953
2937	2937
2905	2905
2889	2889
2889	2889
2892	2892
2899	2899
2893	2901
2873	2897
2868	2896
2876	2896
2896	2908
2928	2932
2945	2945
2623	2623
2639	2639
2671	2671
2687	2687
2687	2687
2687	2687
2687	2687
2703	2703
2735	2735
2751	2751
2751	2751
2751	2751
2751	2751
2767	2767
2799	2799
2799	2795
2767	2755
2751	2735
2751	2735
2735	2727
2703	2711
2687	2703
2687	2703
2687	2703
2687	2703
2683	2703
2675	2703
2671	2703
2671	2703
2671	2703
2671	2703
2691	2719
2731	2751
2751	2767
2751	2767
2751	2767
2751	2767
2763	2779
2787	2803
2803	2816
2811	2816
2816	2811
2816	2803
2816	2799
2816	2799
2816	2799
2816	2799
2820	2799
2828	2799
2832	2803
2832	2811
2832	2816
2832	2816
2844	2828
2868	2852
2880	2868
2880	2876
2880	2884
2880	2892
2880	2896
2880	2896
2880	2896
2880	2896
2880	2895
2881	2893
2882	2892
2882	2892
2882	2892
2882	2892
2882	2892
2882	2892
2882	2892
2882	2892
2882	2892
2882	2892
2882	2892
2882	2892
2882	2892
2882	2892
2886	2892
2894	2892
2898	2892
2898	2892
2898	2892
2898	2892
2914	2908
2946	2940
2963	2957
2963	2957
2963	2957
2963	2957
2979	2973
3011	3005
3022	3017
3012	3011
3030	3030
3074	3074
3092	3093
3085	3088
3082	3085
3082	3085
3082	3085
3082	3085
3082	3085
3082	3085
3082	3085
3082	3085
3082	3085
3082	3085
3082	3085
3082	3085
3066	3069
3034	3037
3018	3021
3018	3021
3001	3005
2969	2972
2953	2956
2953	2956
2953	2956
2953	2956
2937	2940
2905	2908
2889	2892
2889	2892
2892	2895
2899	2900
2909	2913
2922	2934
2928	2940
2928	2932
2932	2928
2940	2928
2945	2928
2623	2623
2639	2639
2671	2671
2687	2687
2687	2687
2687	2687
2687	2687
2703	2703
2735	2735
2751	2751
2751	2751
2751	2751
2751	2751
2767	2767
2799	2799
2787	2783
2731	2719
2703	2687
2703	2687
2711	2703
2727	2735
2735	2751
2735	2751
2735	2751
2735	2751
2735	2755
2735	2763
2735	2767
2735	2767
2735	2767
2735	2767
2751	2779
2783	2803
2799	2816
2799	2816
2799	2816
2799	2816
2803	2816
2811	2816
2816	2811
2816	2803
2803	2787
2779	2763
2767	2751
2767	2751
2767	2751
2767	2751
2767	2751
2767	2751
2779	2763
2803	2787
2816	2803
2816	2811
2820	2816
2828	2816
2844	2832
2868	2864
2892	2896
2916	2928
2928	2944
2928	2944
2928	2948
2928	2956
2916	2938
2892	2896
2880	2875
2880	2875
2880	2875
2880	2875
2880	2875
2880	2875
2880	2875
2880	2875
2880	2875
2880	2875
2880	2875
2880	2875
2880	2875
2880	2875
2880	2875
2880	2875
2880	2875
2880	2875
2880	2875
2880	2875
2896	2891
2928	2923
2945	2939
2945	2939
2945	2939
2945	2939
2961	2955
2993	2987
3009	3005
3008	3009
3030	3031
3074	3070
3095	3091
3093	3094
3092	3096
3092	3096
3092	3096
3092	3096
3092	3096
3092	3096
3092	3096
3092	3096
3092	3096
3092	3096
3092	3096
3092	3096
3076	3080
3044	3048
3028	3032
3028	3032
3012	3016
2980	2984
2964	2968
2964	2968
2964	2968
2964	2968
2948	2951
2915	2919
2899	2903
2899	2903
2900	2903
2902	2903
2913	2909
2934	2922
2932	2916
2908	2892
2896	2876
2896	2868
2896	2864
2623	2623
2639	2639
2671	2671
2687	2687
2687	2687
2687	2687
2687	2687
2703	2703
2735	2735
2751	2751
2751	2751
2751	2751
2751	2751
2767	2767
2799	2799
2783	2783
2719	2719
2687	2687
2687	2687
2703	2703
2735	2735
2751	2751
2751	2751
2751	2755
2751	2763
2763	2779
2787	2803
2799	2816
2799	2816
2799	2820
2799	2828
2803	2832
2811	2832
2816	2832
2816	2832
2816	2828
2816	2820
2816	2816
2816	2816
2803	2799
2779	2767
2763	2751
2755	2751
2751	2751
2751	2751
2751	2747
2751	2739
2751	2739
2751	2747
2755	2751
2763	2751
2779	2763
2803	2787
2816	2803
2816	2811
2832	2832
2864	2864
2896	2896
2928	2928
2944	2948
2944	2956
2956	2972
2980	2996
2962	2978
2904	2920
2875	2891
2875	2891
2875	2891
2875	2891
2875	2891
2875	2891
2875	2891
2875	2891
2875	2891
2875	2891
2875	2891
2875	2891
2875	2891
2875	2891
2875	2887
2875	2879
2875	2875
2875	2875
2875	2875
2875	2875
2891	2891
2923	2923
2939	2939
2939	2939
2939	2939
2939	2939
2955	2955
2987	2987
3007	3008
3015	3018
3034	3035
3063	3060
3083	3078
3091	3090
3096	3096
3096	3096
3096	3096
3096	3096
3096	3096
3096	3096
3096	3096
3096	3096
3096	3096
3096	3096
3096	3096
3096	3096
3080	3080
3048	3048
3032	3032
3032	3032
3016	3016
2984	2984
2968	2968
2968	2968
2968	2968
2968	2968
2951	2951
2919	2919
2903	2903
2903	2903
2903	2903
2903	2903
2901	2897
2897	2885
2892	2876
2884	2868
2868	2848
2844	2816
2832	2800
2623	2619
2639	2635
2671	2667
2687	2683
2687	2683
2687	2683
2687	2683
2703	2699
2735	2731
2751	2747
2751	2747
2751	2747
2751	2747
2767	2763
2799	2796
2783	2780
2719	2715
2687	2683
2687	2683
2703	2699
2735	2731
2751	2747
2751	2747
2763	2763
2787	2796
2803	2812
2811	2812
2816	2816
2816	2824
2828	2840
2852	2864
2864	2876
2864	2876
2864	2877
2864	2879
2852	2864
2828	2832
2816	2815
2816	2813
2799	2796
2767	2763
2751	2747
2751	2747
2751	2743
2751	2735
2739	2719
2715	2695
2715	2695
2739	2719
2751	2735
2751	2743
2755	2747
2763	2747
2779	2763
2803	2796
2832	2828
2864	2860
2896	2892
2928	2924
2956	2956
2980	2988
2996	3004
3004	3004
2986	2989
2944	2959
2923	2945
2923	2945
2923	2945
2923	2945
2923	2945
2923	2945
2923	2945
2923	2945
2923	2945
2923	2945
2923	2945
2923	2945
2923	2945
2923	2945
2911	2928
2887	2896
2875	2880
2875	2880
2875	2880
2875	2880
2891	2896
2923	2928
2939	2945
2939	2945
2939	2945
2939	2945
2955	2961
2987	2993
3008	3012
3018	3016
3035	3034
3060	3063
3078	3083
3090	3091
3096	3096
3096	3096
3096	3096
3096	3096
3096	3096
3096	3096
3096	3096
3096	3096
3096	3096
3096	3096
3096	3096
3096	3096
3080	3080
3048	3048
3032	3032
3032	3032
3016	3016
2984	2984
2968	2968
2968	2968
2968	2968
2968	2968
2951	2951
2919	2919
2903	2903
2903	2903
2903	2903
2903	2903
2897	2894
2885	2878
2868	2853
2844	2821
2816	2789
2784	2757
2768	2741
2611	2581
2627	2597
2659	2629
2675	2649
2675	2657
2675	2665
2675	2673
2691	2694
2724	2726
2740	2750
2740	2766
2740	2778
2740	2786
2756	2802
2788	2826
2772	2814
2708	2766
2675	2742
2675	2742
2691	2754
2724	2778
2740	2790
2740	2790
2756	2802
2788	2826
2804	2838
2804	2838
2816	2850
2840	2874
2856	2886
2864	2886
2868	2882
2868	2874
2871	2874
2877	2882
2864	2873
2832	2849
2813	2834
2807	2826
2788	2811
2756	2787
2740	2771
2740	2763
2728	2742
2703	2708
2687	2688
2679	2680
2679	2684
2687	2700
2703	2724
2728	2756
2740	2778
2740	2789
2756	2811
2788	2843
2820	2867
2852	2883
2884	2898
2916	2914
2948	2930
2981	2947
2997	2949
2997	2936
2987	2946
2967	2978
2957	2989
2957	2977
2957	2963
2957	2947
2957	2935
2957	2927
2957	2919
2957	2911
2957	2907
2957	2907
2957	2911
2957	2919
2957	2923
2957	2923
2940	2915
2908	2898
2892	2890
2892	2890
2892	2890
2892	2890
2908	2906
2940	2939
2957	2955
2957	2955
2957	2955
2957	2955
2973	2971
3005	3003
3018	3017
3014	3012
3031	3026
3070	3059
3091	3075
3094	3072
3096	3075
3096	3083
3096	3087
3096	3087
3096	3087
3096	3087
3096	3091
3096	3099
3096	3103
3096	3103
3096	3103
3096	3103
3080	3087
3048	3055
3032	3035
3032	3027
3016	3011
2984	2987
2968	2975
2968	2975
2968	2971
2968	2963
2951	2947
2919	2922
2903	2910
2903	2910
2903	2910
2903	2910
2889	2887
2862	2842
2833	2803
2801	2771
2769	2739
2737	2707
2721	2687
2529	2501
2545	2517
2577	2549
2605	2581
2629	2613
2653	2645
2677	2677
2705	2709
2738	2741
2778	2790
2826	2854
2862	2902
2886	2934
2902	2950
2910	2950
2906	2954
2890	2962
2882	2966
2882	2966
2886	2966
2894	2966
2898	2966
2898	2966
2902	2966
2910	2966
2914	2966
2914	2966
2918	2966
2926	2966
2930	2966
2930	2966
2918	2950
2894	2920
2886	2907
2893	2912
2893	2911
2885	2903
2877	2896
2870	2891
2863	2888
2855	2887
2839	2875
2815	2851
2785	2826
2750	2802
2720	2778
2696	2754
2708	2774
2756	2838
2796	2887
2828	2919
2861	2954
2894	2993
2927	3025
2959	3049
2967	3049
2951	3025
2934	2997
2918	2964
2902	2927
2886	2885
2859	2846
2821	2810
2866	2864
2995	3010
3041	3064
3006	3024
2964	2976
2916	2920
2880	2872
2855	2832
2831	2795
2807	2763
2795	2747
2795	2747
2807	2763
2831	2795
2843	2811
2843	2811
2851	2828
2868	2860
2876	2876
2876	2876
2876	2876
2876	2876
2892	2892
2924	2924
2940	2940
2940	2940
2940	2940
2940	2940
2956	2956
2988	2988
3007	3007
3012	3012
3020	3015
3031	3015
3033	3013
3026	3008
3035	3022
3059	3054
3071	3070
3071	3070
3071	3070
3071	3070
3083	3086
3107	3118
3119	3134
3119	3134
3119	3134
3119	3134
3103	3114
3071	3074
3043	3042
3019	3018
3003	3002
2995	2994
2991	2990
2991	2990
2979	2974
2954	2941
2938	2925
2930	2925
2926	2925
2926	2925
2926	2925
2926	2925
2889	2888
2816	2812
2764	2758
2731	2726
2699	2690
2667	2650
2639	2614
2497	2511
2513	2527
2545	2559
2577	2588
2609	2612
2641	2640
2673	2672
2705	2708
2737	2748
2786	2796
2850	2852
2898	2893
2930	2917
2946	2933
2946	2941
2958	2961
2982	2993
2994	3009
2994	3009
2994	3009
2994	3009
2994	3009
2994	3009
2994	3009
2994	3009
2994	3009
2994	3009
2994	3009
2994	3009
2994	3009
2994	3009
2980	3007
2951	3003
2937	2997
2939	2989
2928	2965
2904	2925
2891	2901
2889	2893
2887	2887
2884	2883
2879	2889
2871	2905
2866	2927
2866	2954
2862	2972
2854	2980
2882	3016
2946	3081
2995	3125
3027	3149
3057	3173
3087	3198
3106	3211
3114	3211
3114	3211
3106	3211
3086	3195
3054	3163
3007	3111
2945	3040
2911	3003
2903	3002
2941	3020
3025	3056
3055	3067
3032	3051
3000	3024
2960	2984
2912	2931
2855	2867
2811	2823
2779	2799
2763	2783
2763	2775
2779	2787
2811	2819
2827	2835
2827	2835
2843	2851
2876	2883
2892	2900
2892	2900
2892	2900
2892	2900
2908	2916
2940	2948
2956	2964
2956	2964
2956	2964
2956	2964
2972	2980
3004	3012
3017	3023
3013	3013
3011	3009
3011	3009
3014	3014
3019	3024
3037	3045
3069	3077
3085	3093
3085	3093
3085	3093
3085	3093
3101	3109
3134	3141
3150	3158
3150	3158
3150	3158
3150	3158
3122	3125
3065	3061
3033	3029
3025	3029
3009	3013
2985	2981
2973	2965
2973	2965
2957	2953
2925	2929
2909	2913
2909	2905
2909	2901
2909	2901
2909	2901
2909	2901
2882	2884
2829	2850
2786	2817
2754	2785
2710	2736
2654	2672
2610	2620
2543	2576
2559	2588
2591	2612
2612	2628
2620	2636
2640	2656
2672	2688
2716	2732
2772	2788
2820	2833
2860	2865
2885	2881
2893	2881
2909	2897
2933	2929
2961	2965
2993	3005
3009	3025
3009	3025
3009	3025
3009	3025
3009	3025
3009	3025
3009	3025
3009	3025
3009	3025
3009	3025
3009	3025
3009	3025
3009	3025
3009	3025
3031	3059
3075	3127
3085	3146
3061	3114
3021	3065
2965	3001
2925	2953
2901	2921
2887	2903
2883	2899
2905	2933
2953	3005
3007	3083
3067	3167
3108	3233
3133	3282
3177	3334
3241	3390
3277	3422
3285	3430
3302	3442
3327	3459
3339	3472
3339	3480
3339	3480
3339	3472
3323	3448
3291	3408
3240	3356
3168	3292
3124	3248
3107	3223
3100	3193
3104	3157
3099	3131
3083	3116
3048	3076
2992	3012
2931	2947
2867	2883
2831	2847
2823	2839
2807	2823
2783	2799
2787	2799
2819	2823
2835	2835
2835	2835
2851	2851
2883	2883
2900	2900
2900	2900
2900	2900
2900	2900
2916	2916
2948	2948
2964	2964
2964	2964
2964	2964
2964	2964
2980	2980
3012	3012
3023	3023
3013	3013
3009	3009
3009	3009
3014	3014
3024	3024
3045	3045
3077	3077
3093	3093
3093	3093
3093	3093
3093	3093
3109	3109
3141	3141
3158	3158
3158	3158
3158	3158
3158	3158
3125	3133
3061	3085
3029	3061
3029	3061
3013	3045
2981	3013
2965	2997
2965	2997
2961	2993
2953	2985
2937	2969
2913	2945
2901	2933
2901	2933
2901	2933
2901	2933
2892	2924
2874	2906
2849	2881
2817	2849
2768	2801
2704	2737
2644	2672
2608	2640
2612	2640
2620	2640
2636	2656
2660	2688
2688	2716
2720	2740
2756	2768
2796	2800
2833	2833
2865	2865
2881	2881
2881	2881
2897	2897
2929	2929
2973	2977
3029	3041
3057	3074
3057	3074
3057	3074
3057	3074
3057	3074
3057	3074
3057	3074
3057	3074
3057	3074
3057	3074
3057	3074
3057	3074
3057	3074
3057	3074
3091	3108
3159	3176
3178	3194
3146	3162
3097	3114
3033	3050
2985	3005
2953	2981
2935	2971
2931	2975
2973	3030
3061	3134
3155	3244
3255	3360
3346	3462
3426	3551
3486	3615
3526	3655
3558	3687
3582	3711
3595	3723
3596	3724
3608	3737
3632	3761
3632	3757
3608	3725
3568	3677
3512	3612
3460	3556
3413	3509
3377	3473
3352	3448
3297	3378
3213	3262
3164	3195
3148	3177
3108	3132
3044	3059
2979	2991
2915	2927
2871	2879
2847	2846
2831	2830
2823	2830
2823	2830
2831	2830
2835	2830
2835	2830
2851	2846
2883	2879
2900	2895
2900	2895
2900	2895
2900	2895
2916	2911
2948	2943
2964	2959
2964	2959
2964	2959
2964	2959
2980	2975
3012	3007
3023	3019
3013	3012
3009	3009
3009	3009
3014	3014
3024	3024
3045	3045
3077	3077
3093	3093
3093	3093
3093	3093
3093	3093
3109	3109
3141	3141
3158	3158
3158	3158
3158	3158
3158	3158
3149	3166
3133	3182
3125	3190
3125	3190
3109	3177
3077	3153
3061	3137
3061	3129
3049	3113
3025	3089
3009	3077
3001	3077
2997	3073
2997	3065
2997	3061
2997	3061
2980	3036
2946	2986
2913	2945
2881	2913
2833	2865
2769	2801
2704	2736
2672	2704
2672	2704
2672	2704
2688	2716
2720	2740
2740	2756
2748	2764
2768	2780
2800	2804
2833	2833
2865	2865
2881	2881
2881	2881
2897	2893
2929	2917
2977	2961
3041	3025
3074	3057
3074	3057
3074	3057
3074	3057
3074	3057
3074	3057
3074	3057
3074	3057
3074	3057
3074	3057
3074	3057
3074	3057
3074	3057
3074	3057
3108	3087
3176	3147
3194	3166
3162	3142
3114	3106
3050	3058
3013	3038
3005	3046
3011	3068
3031	3104
3102	3182
3222	3303
3348	3433
3480	3573
3583	3675
3655	3739
3719	3804
3775	3868
3807	3900
3815	3900
3828	3908
3845	3925
3857	3934
3865	3934
3853	3918
3821	3886
3773	3837
3709	3773
3645	3705
3581	3633
3537	3585
3512	3560
3434	3478
3302	3338
3224	3251
3202	3218
3146	3157
3058	3069
2981	2993
2917	2929
2869	2877
2837	2837
2821	2817
2821	2817
2821	2817
2821	2817
2821	2817
2821	2817
2837	2833
2869	2865
2885	2881
2885	2881
2885	2881
2885	2881
2901	2897
2933	2929
2949	2945
2949	2945
2949	2945
2949	2945
2965	2961
2997	2993
3012	3009
3010	3009
3009	3010
3009	3013
3014	3018
3024	3025
3045	3045
3077	3077
3093	3093
3093	3093
3093	3093
3093	3093
3109	3109
3141	3141
3158	3158
3158	3158
3158	3158
3158	3158
3182	3194
3230	3266
3254	3302
3254	3302
3249	3302
3241	3302
3225	3286
3201	3254
3185	3238
3177	3238
3173	3238
3173	3238
3161	3222
3137	3190
3125	3174
3125	3174
3092	3133
3026	3051
2977	2994
2945	2962
2897	2913
2833	2849
2768	2789
2736	2770
2736	2770
2736	2770
2740	2770
2748	2770
2764	2782
2788	2806
2804	2822
2812	2830
2833	2846
2865	2870
2881	2882
2881	2882
2885	2882
2893	2882
2929	2914
2993	2978
3025	3011
3025	3011
3025	3011
3025	3011
3025	3011
3025	3011
3025	3011
3025	3011
3025	3011
3025	3011
3025	3011
3025	3011
3025	3011
3025	3011
3047	3020
3091	3040
3110	3053
3102	3061
3090	3070
3074	3078
3078	3106
3102	3154
3140	3208
3192	3268
3271	3347
3375	3443
3497	3554
3637	3678
3739	3772
3803	3836
3868	3900
3932	3964
3964	3997
3964	3997
3965	3993
3965	3985
3966	3982
3966	3982
3950	3966
3918	3934
3869	3885
3805	3821
3737	3753
3665	3681
3617	3629
3593	3597
3510	3514
3370	3382
3275	3291
3226	3242
3165	3186
3093	3122
3025	3053
2961	2981
2901	2917
2845	2861
2817	2829
2817	2821
2817	2817
2817	2817
2817	2817
2817	2817
2833	2833
2865	2865
2881	2881
2881	2881
2881	2881
2881	2881
2897	2897
2929	2929
2945	2945
2945	2945
2945	2945
2945	2945
2961	2961
2993	2993
3009	3009
3009	3009
3013	3014
3020	3024
3025	3029
3027	3029
3045	3045
3077	3077
3093	3093
3093	3093
3093	3093
3093	3093
3109	3109
3141	3141
3158	3158
3158	3158
3158	3158
3158	3158
3202	3202
3290	3290
3334	3334
3334	3334
3334	3330
3334	3322
3318	3306
3286	3282
3270	3270
3270	3270
3270	3266
3270	3258
3254	3242
3222	3218
3206	3206
3206	3206
3157	3157
3059	3059
2994	2994
2962	2962
2913	2917
2849	2861
2797	2817
2806	2824
2806	2824
2806	2824
2806	2824
2806	2824
2810	2828
2818	2836
2834	2852
2858	2876
2874	2888
2882	2888
2886	2888
2886	2888
2886	2888
2886	2888
2918	2916
2982	2972
3015	3000
3015	3000
3015	3000
3015	3000
3015	3000
3015	3000
3015	3000
3015	3000
3015	3000
3015	3000
3015	3000
3015	3000
3015	3000
3015	3000
3007	2984
2992	2952
2997	2953
3021	2985
3046	3025
3070	3073
3122	3146
3202	3242
3272	3325
3332	3393
3411	3471
3507	3559
3602	3642
3694	3718
3772	3780
3836	3828
3900	3888
3964	3960
3997	3997
3997	3997
3993	3993
3985	3985
3982	3982
3982	3982
3966	3962
3934	3922
3885	3869
3821	3805
3753	3737
3681	3665
3621	3605
3572	3556
3490	3482
3374	3382
3299	3315
3266	3282
3218	3234
3154	3170
3077	3093
2989	3005
2925	2941
2885	2901
2853	2865
2829	2833
2817	2817
2817	2817
2817	2817
2817	2817
2833	2833
2865	2865
2881	2881
2881	2881
2881	2881
2881	2881
2897	2897
2929	2929
2945	2945
2945	2945
2945	2945
2945	2945
2961	2961
2993	2993
3009	3009
3009	3009
3014	3014
3024	3024
3029	3029
3029	3029
3045	3045
3077	3077
3093	3093
3093	3093
3093	3093
3093	3093
3109	3109
3141	3141
3158	3158
3158	3158
3158	3158
3158	3158
3194	3182
3266	3230
3302	3254
3302	3254
3290	3242
3266	3218
3250	3201
3242	3193
3238	3189
3238	3189
3226	3173
3202	3141
3186	3125
3178	3125
3174	3125
3174	3125
3133	3096
3051	3038
2994	2994
2962	2962
2925	2929
2885	2897
2849	2865
2824	2834
2824	2834
2824	2834
2824	2834
2824	2834
2836	2846
2860	2870
2876	2886
2884	2894
2888	2898
2888	2898
2888	2902
2888	2910
2888	2914
2888	2914
2908	2922
2948	2938
2968	2946
2968	2946
2968	2946
2968	2946
2968	2946
2968	2946
2968	2946
2968	2946
2968	2946
2968	2946
2968	2946
2968	2946
2968	2946
2968	2946
2952	2935
2920	2915
2921	2921
2953	2953
3009	3009
3089	3089
3178	3174
3274	3262
3365	3349
3449	3433
3527	3507
3599	3571
3674	3637
3750	3705
3796	3743
3812	3751
3864	3808
3952	3912
3997	3960
3997	3952
3993	3945
3985	3937
3982	3929
3982	3921
3954	3889
3898	3833
3837	3777
3773	3721
3705	3661
3633	3597
3581	3557
3548	3540
3490	3480
3406	3376
3339	3298
3290	3244
3234	3194
3170	3146
3101	3097
3029	3049
2965	3001
2909	2953
2865	2917
2833	2893
2817	2881
2817	2881
2817	2881
2817	2881
2833	2889
2865	2905
2881	2913
2881	2913
2881	2913
2881	2913
2897	2925
2929	2949
2945	2961
2945	2961
2945	2961
2945	2961
2961	2973
2993	2997
3009	3009
3009	3009
3014	3014
3024	3024
3029	3029
3029	3029
3045	3045
3077	3077
3093	3093
3093	3093
3093	3093
3093	3093
3109	3109
3141	3141
3158	3158
3158	3158
3158	3158
3158	3158
3166	3158
3182	3158
3190	3158
3190	3158
3186	3158
3178	3158
3161	3145
3137	3121
3125	3105
3125	3097
3109	3081
3077	3057
3061	3041
3061	3033
3061	3029
3061	3029
3048	3020
3022	3002
2994	2982
2962	2958
2929	2933
2897	2909
2865	2885
2854	2849
2854	2849
2854	2849
2854	2853
2854	2861
2858	2865
2866	2865
2882	2881
2906	2913
2918	2929
2918	2929
2930	2941
2955	2965
2967	2977
2967	2977
2959	2965
2942	2941
2934	2929
2934	2929
2934	2929
2934	2929
2934	2929
2934	2929
2934	2929
2934	2929
2934	2929
2934	2929
2934	2929
2934	2929
2934	2929
2934	2929
2935	2935
2936	2947
2953	2969
2985	3001
3025	3034
3073	3066
3134	3114
3206	3178
3276	3240
3345	3300
3411	3359
3475	3415
3533	3469
3585	3521
3623	3559
3647	3583
3719	3655
3840	3775
3888	3819
3864	3787
3848	3768
3841	3760
3825	3741
3801	3709
3769	3676
3729	3644
3689	3612
3649	3580
3605	3549
3557	3517
3533	3501
3532	3500
3452	3411
3294	3233
3192	3127
3145	3091
3114	3074
3098	3074
3081	3074
3065	3074
3049	3074
3033	3074
3021	3074
3013	3074
3009	3074
3009	3074
3009	3074
3009	3074
3001	3062
2985	3038
2977	3026
2977	3026
2977	3026
2977	3026
2981	3026
2989	3026
2993	3026
2993	3026
2993	3026
2993	3026
2997	3026
3005	3026
3009	3026
3009	3026
3014	3026
3024	3028
3029	3029
3029	3029
3045	3045
3077	3077
3093	3093
3093	3093
3093	3097
3093	3105
3109	3121
3141	3145
3158	3158
3158	3158
3158	3158
3158	3158
3158	3162
3158	3170
3158	3170
3158	3162
3158	3158
3158	3158
3153	3158
3145	3158
3129	3141
3105	3109
3089	3093
3081	3093
3065	3081
3041	3057
3029	3045
3029	3045
3012	3024
2978	2982
2958	2962
2950	2962
2941	2962
2933	2962
2925	2962
2817	2801
2817	2801
2817	2801
2829	2813
2853	2837
2865	2853
2865	2861
2881	2877
2913	2901
2929	2917
2929	2925
2933	2929
2941	2929
2945	2929
2945	2929
2941	2929
2933	2929
2929	2929
2929	2929
2929	2929
2929	2929
2929	2929
2929	2929
2929	2929
2929	2929
2929	2929
2929	2929
2929	2929
2929	2929
2929	2929
2929	2929
2935	2935
2947	2947
2969	2969
3001	3001
3034	3034
3066	3066
3114	3110
3178	3166
3240	3224
3300	3284
3351	3331
3391	3363
3445	3412
3513	3480
3551	3518
3559	3526
3615	3567
3719	3639
3755	3663
3723	3639
3703	3623
3696	3616
3677	3596
3645	3564
3612	3532
3580	3500
3548	3472
3516	3448
3492	3428
3477	3413
3461	3397
3444	3380
3355	3301
3193	3162
3103	3089
3083	3082
3074	3078
3074	3078
3074	3078
3074	3078
3074	3078
3074	3078
3074	3078
3074	3078
3074	3078
3074	3078
3074	3078
3074	3078
3070	3078
3062	3078
3058	3078
3058	3078
3058	3078
3058	3078
3058	3078
3058	3078
3058	3078
3058	3078
3058	3078
3058	3078
3058	3078
3058	3078
3058	3078
3058	3078
3050	3070
3036	3053
3029	3045
3029	3045
3045	3057
3077	3081
3093	3093
3093	3093
3105	3109
3129	3141
3145	3158
3153	3158
3158	3162
3158	3170
3158	3174
3158	3174
3170	3186
3194	3210
3194	3210
3170	3186
3158	3174
3158	3174
3158	3170
3158	3162
3141	3145
3109	3121
3093	3109
3093	3109
3089	3105
3081	3097
3077	3093
3077	3093
3056	3072
3014	3030
2994	3010
2994	3010
2994	3010
2994	3010
2994	3010
2801	2801
2801	2801
2801	2801
2805	2801
2813	2801
2829	2817
2853	2849
2869	2865
2877	2865
2893	2877
2917	2901
2929	2917
2929	2925
2929	2929
2929	2929
2929	2929
2929	2929
2929	2929
2929	2929
2929	2929
2929	2929
2929	2929
2929	2929
2929	2929
2929	2929
2929	2929
2929	2929
2929	2929
2929	2929
2929	2929
2929	2929
2935	2935
2947	2947
2969	2969
3001	3001
3034	3030
3066	3054
3102	3082
3142	3114
3192	3156
3252	3208
3299	3250
3331	3282
3372	3320
3424	3364
3462	3398
3486	3422
3511	3434
3535	3434
3543	3434
3535	3434
3527	3431
3519	3423
3500	3403
3468	3371
3436	3339
3404	3307
3384	3291
3376	3291
3356	3276
3324	3244
3308	3228
3307	3227
3251	3186
3139	3104
3084	3066
3087	3073
3088	3081
3088	3089
3088	3093
3088	3093
3088	3093
3088	3093
3088	3097
3088	3105
3088	3109
3088	3109
3088	3109
3088	3109
3088	3105
3088	3097
3088	3093
3088	3093
3088	3093
3088	3093
3088	3093
3088	3093
3088	3093
3088	3093
3088	3093
3088	3093
3088	3093
3088	3093
3088	3093
3088	3093
3085	3093
3079	3093
3077	3093
3077	3093
3081	3093
3089	3093
3093	3097
3093	3105
3109	3121
3141	3145
3158	3162
3158	3170
3170	3186
3194	3210
3206	3222
3206	3222
3210	3226
3218	3234
3218	3238
3210	3238
3206	3238
3206	3238
3194	3222
3170	3190
3153	3174
3145	3174
3141	3170
3141	3162
3129	3145
3105	3121
3093	3109
3093	3109
3072	3092
3030	3058
3010	3042
3010	3042
3010	3042
3010	3042
3010	3042
2801	2804
2801	2804
2801	2804
2801	2808
2801	2816
2817	2832
2849	2856
2865	2868
2865	2868
2869	2872
2877	2880
2893	2896
2917	2920
2929	2932
2929	2932
2929	2932
2929	2932
2929	2932
2929	2932
2929	2932
2929	2932
2929	2932
2929	2932
2929	2932
2929	2932
2929	2932
2929	2932
2929	2932
2929	2932
2929	2931
2929	2929
2935	2935
2947	2947
2969	2965
3001	2989
3022	3005
3030	3013
3050	3030
3082	3054
3116	3080
3152	3108
3186	3134
3218	3158
3256	3192
3300	3236
3326	3257
3334	3257
3338	3253
3338	3245
3338	3241
3338	3241
3334	3238
3327	3230
3307	3215
3275	3191
3243	3167
3211	3143
3195	3126
3195	3118
3187	3111
3172	3103
3155	3091
3139	3075
3106	3053
3056	3027
3034	3018
3041	3025
3057	3041
3081	3065
3093	3081
3093	3089
3093	3093
3093	3093
3105	3109
3129	3141
3141	3158
3141	3158
3141	3158
3141	3158
3129	3141
3105	3109
3093	3093
3093	3093
3093	3093
3093	3093
3093	3093
3093	3093
3093	3093
3093	3093
3093	3093
3093	3093
3093	3093
3093	3093
3093	3093
3093	3093
3093	3093
3093	3093
3093	3097
3093	3105
3093	3109
3093	3109
3105	3121
3129	3145
3145	3162
3153	3170
3170	3186
3194	3210
3210	3222
3218	3222
3222	3222
3222	3222
3234	3242
3258	3282
3270	3302
3270	3302
3270	3298
3270	3290
3254	3274
3222	3250
3206	3238
3206	3238
3194	3222
3170	3190
3153	3174
3145	3174
3141	3174
3141	3174
3132	3169
3114	3159
3106	3154
3106	3154
3106	3154
3106	3154
3106	3154
2812	2832
2812	2832
2812	2832
2824	2848
2848	2880
2864	2896
2872	2896
2876	2896
2876	2896
2888	2912
2912	2944
2928	2960
2936	2960
2940	2960
2940	2960
2940	2956
2940	2948
2940	2944
2940	2944
2940	2944
2940	2944
2940	2944
2940	2944
2940	2944
2940	2944
2940	2944
2940	2944
2940	2944
2940	2944
2937	2941
2931	2935
2935	2938
2947	2950
2957	2955
2965	2953
2981	2965
3005	2989
3022	3001
3030	3001
3048	3011
3076	3031
3094	3046
3102	3054
3128	3075
3171	3111
3193	3129
3193	3129
3181	3117
3157	3093
3145	3081
3145	3081
3141	3077
3134	3070
3127	3066
3119	3066
3111	3066
3103	3066
3086	3054
3062	3030
3046	3014
3039	3007
3035	3007
3034	3014
3029	3013
3019	3003
3018	3006
3025	3021
3033	3029
3041	3029
3057	3045
3081	3077
3093	3097
3093	3105
3109	3121
3141	3145
3158	3162
3158	3170
3158	3174
3158	3174
3141	3149
3109	3101
3093	3077
3093	3077
3093	3077
3093	3077
3093	3077
3093	3077
3093	3077
3093	3077
3093	3077
3093	3077
3093	3077
3093	3077
3093	3077
3093	3077
3093	3085
3093	3101
3105	3121
3129	3145
3141	3158
3141	3158
3145	3162
3153	3170
3170	3186
3194	3210
3210	3222
3218	3222
3222	3226
3222	3234
3222	3238
3222	3238
3250	3270
3306	3334
3334	3362
3334	3354
3322	3338
3298	3314
3282	3302
3274	3302
3270	3298
3270	3290
3254	3274
3222	3250
3206	3238
3206	3238
3206	3238
3206	3238
3201	3233
3191	3223
3186	3219
3186	3219
3186	3219
3186	3219
3186	3219
2864	2896
2864	2896
2864	2896
2880	2912
2912	2944
2928	2960
2928	2960
2928	2960
2928	2960
2944	2976
2976	3008
2992	3024
2992	3024
2992	3024
2992	3024
2980	3004
2956	2964
2944	2944
2944	2944
2944	2944
2944	2944
2944	2944
2944	2944
2944	2944
2944	2944
2944	2944
2944	2944
2944	2944
2944	2944
2943	2944
2941	2944
2946	2950
2958	2962
2961	2964
2955	2956
2957	2953
2965	2953
2969	2953
2969	2953
2971	2947
2975	2935
2990	2941
3014	2965
3035	2983
3055	2995
3065	3000
3065	3000
3061	3004
3053	3012
3049	3017
3049	3017
3045	3017
3037	3017
3034	3018
3034	3018
3034	3018
3034	3018
3030	3018
3022	3018
3014	3014
3007	3007
3007	3007
3014	3014
3005	3001
2979	2967
2981	2965
3013	2997
3029	3017
3029	3025
3045	3045
3077	3077
3105	3109
3129	3141
3145	3158
3153	3158
3170	3174
3194	3206
3206	3222
3206	3222
3165	3169
3085	3065
3045	3013
3045	3013
3045	3013
3045	3013
3045	3013
3045	3013
3045	3013
3045	3013
3045	3013
3045	3013
3045	3013
3045	3013
3045	3013
3045	3013
3069	3049
3117	3121
3145	3158
3153	3158
3158	3162
3158	3170
3170	3186
3194	3210
3210	3222
3218	3222
3222	3226
3222	3234
3234	3250
3258	3274
3270	3286
3270	3286
3302	3318
3366	3382
3386	3402
3362	3378
3346	3366
3338	3366
3334	3362
3334	3354
3322	3338
3298	3314
3282	3302
3274	3302
3270	3298
3270	3290
3270	3286
3270	3286
3265	3285
3255	3283
3251	3283
3251	3283
3251	3283
3251	3283
3251	3283
2928	2956
2928	2956
2928	2956
2944	2968
2976	2992
2992	3008
2992	3016
2992	3020
2992	3020
3008	3032
3040	3057
3056	3073
3056	3081
3056	3085
3056	3085
3028	3049
2972	2976
2944	2940
2944	2940
2944	2940
2944	2940
2944	2940
2944	2940
2944	2940
2944	2940
2944	2940
2944	2940
2944	2940
2944	2940
2944	2942
2944	2947
2950	2953
2962	2960
2964	2961
2956	2955
2953	2949
2953	2941
2953	2937
2953	2937
2939	2923
2911	2895
2901	2881
2909	2881
2919	2882
2930	2886
2936	2888
2936	2888
2948	2908
2972	2948
2985	2969
2985	2969
2993	2982
3009	3008
3018	3021
3018	3021
3018	3021
3018	3021
3018	3020
3018	3018
3014	3015
3007	3010
3007	3010
3014	3015
3001	3001
2967	2967
2957	2953
2973	2961
2993	2981
3017	3013
3045	3045
3077	3077
3109	3109
3141	3141
3158	3162
3158	3170
3174	3186
3206	3210
3222	3226
3222	3234
3161	3165
3041	3021
2981	2949
2981	2949
2981	2949
2981	2949
2981	2949
2981	2949
2981	2949
2981	2949
2981	2949
2981	2949
2981	2949
2981	2949
2981	2949
2981	2949
3025	3001
3113	3105
3158	3158
3158	3158
3170	3174
3194	3206
3210	3222
3218	3222
3222	3226
3222	3234
3234	3250
3258	3274
3274	3286
3282	3286
3286	3286
3286	3286
3318	3318
3382	3382
3410	3415
3402	3415
3398	3415
3398	3415
3386	3402
3362	3378
3346	3362
3338	3354
3334	3350
3334	3350
3322	3338
3298	3314
3286	3298
3286	3290
3293	3297
3307	3319
3315	3331
3315	3331
3315	3331
3315	3331
3315	3331
2981	3160
2981	3156
2981	3148
2985	3140
2993	3132
3009	3132
3033	3140
3045	3136
3045	3120
3049	3104
3057	3088
3073	3088
3097	3104
3109	3108
3109	3100
3065	3063
2977	2999
2932	2959
2932	2943
2932	2923
2932	2899
2932	2887
2932	2887
2932	2895
2932	2911
2932	2923
2932	2931
2932	2935
2932	2935
2940	2942
2954	2956
2960	2958
2958	2946
2955	2940
2953	2940
2941	2928
2917	2904
2905	2892
2905	2892
2899	2890
2887	2887
2881	2886
2881	2886
2874	2878
2862	2862
2856	2855
2856	2855
2884	2891
2940	2963
2969	3000
2969	3000
2984	3012
3014	3036
3029	3048
3029	3048
3029	3044
3029	3036
3026	3028
3020	3020
3017	3017
3015	3017
3015	3017
3017	3017
3001	3012
2967	3002
2953	2999
2961	3005
2981	3020
3013	3044
3045	3064
3077	3080
3109	3100
3141	3124
3170	3149
3194	3173
3210	3181
3218	3173
3234	3181
3258	3205
3181	3136
3005	2976
2917	2892
2917	2884
2917	2876
2917	2868
2917	2860
2917	2852
2917	2848
2917	2848
2917	2852
2917	2860
2917	2868
2917	2876
2917	2884
2917	2892
2977	2940
3097	3028
3158	3076
3158	3084
3174	3104
3206	3136
3222	3157
3222	3165
3234	3189
3258	3229
3274	3257
3282	3273
3286	3285
3286	3293
3286	3297
3286	3297
3318	3321
3382	3369
3415	3394
3415	3394
3415	3398
3415	3406
3410	3410
3402	3410
3386	3401
3362	3385
3350	3381
3350	3389
3346	3393
3338	3393
3322	3381
3298	3357
3297	3347
3319	3350
3331	3352
3331	3352
3331	3352
3331	3352
3331	3347
3493	3818
3481	3802
3457	3770
3433	3734
3409	3694
3377	3642
3336	3577
3292	3509
3244	3437
3196	3369
3148	3304
3116	3252
3100	3212
3080	3176
3056	3144
3043	3124
3043	3116
3019	3080
2971	3015
2911	2935
2839	2839
2803	2787
2803	2779
2827	2807
2875	2871
2911	2919
2935	2951
2947	2963
2947	2955
2949	2947
2954	2939
2946	2926
2924	2909
2914	2901
2914	2901
2910	2901
2902	2901
2898	2901
2898	2901
2897	2901
2896	2901
2896	2901
2896	2901
2893	2901
2888	2901
2885	2901
2885	2901
2929	2953
3017	3057
3062	3105
3062	3097
3066	3093
3074	3093
3078	3093
3078	3093
3066	3081
3042	3057
3026	3042
3019	3037
3015	3034
3015	3034
3015	3034
3015	3034
3034	3060
3072	3112
3091	3138
3093	3138
3098	3138
3106	3138
3102	3122
3086	3090
3082	3074
3090	3074
3099	3074
3107	3074
3099	3058
3075	3026
3067	3010
3075	3010
3030	2973
2934	2901
2874	2853
2850	2829
2826	2801
2802	2769
2778	2737
2754	2705
2742	2689
2742	2689
2754	2705
2778	2737
2802	2769
2826	2801
2850	2829
2874	2853
2890	2853
2898	2829
2914	2833
2938	2865
2966	2897
2998	2929
3027	2966
3051	3006
3091	3054
3147	3110
3199	3170
3247	3234
3283	3283
3307	3315
3319	3335
3319	3343
3327	3343
3343	3335
3352	3331
3352	3331
3364	3343
3388	3367
3400	3383
3400	3391
3408	3411
3424	3443
3444	3472
3468	3496
3480	3508
3480	3508
3476	3512
3468	3520
3446	3492
3411	3430
3394	3398
3394	3398
3394	3398
3394	3398
3381	3386
4136	4424
4120	4408
4088	4376
4044	4328
3987	4263
3927	4195
3863	4123
3787	4035
3698	3930
3622	3842
3557	3769
3497	3701
3441	3637
3397	3589
3365	3557
3305	3469
3216	3324
3140	3220
3076	3155
2995	3071
2899	2966
2839	2898
2815	2866
2835	2878
2899	2935
2947	2975
2979	2999
2983	2995
2959	2963
2935	2930
2911	2898
2899	2886
2900	2896
2901	2901
2901	2901
2901	2901
2901	2901
2901	2901
2901	2901
2901	2901
2901	2901
2901	2901
2901	2901
2901	2901
2901	2901
2901	2901
2901	2901
2961	2965
3081	3093
3129	3145
3105	3121
3093	3109
3093	3109
3093	3109
3093	3109
3089	3109
3081	3109
3076	3113
3074	3121
3073	3125
3073	3125
3073	3125
3073	3125
3089	3128
3121	3134
3138	3138
3138	3138
3138	3138
3138	3138
3122	3122
3090	3090
3074	3074
3074	3074
3074	3074
3074	3074
3058	3058
3026	3026
3010	3010
3010	3010
2965	2961
2877	2865
2829	2813
2821	2805
2801	2785
2769	2753
2737	2720
2705	2688
2689	2672
2689	2672
2705	2688
2737	2720
2769	2753
2801	2785
2821	2805
2829	2813
2829	2821
2821	2829
2833	2845
2865	2869
2897	2897
2929	2929
2974	2978
3030	3042
3078	3094
3118	3134
3170	3182
3234	3238
3283	3283
3315	3315
3343	3347
3367	3379
3367	3379
3343	3347
3331	3331
3331	3331
3335	3331
3343	3331
3359	3347
3383	3379
3411	3407
3443	3431
3464	3443
3472	3443
3476	3443
3476	3443
3488	3455
3512	3479
3484	3452
3405	3373
3366	3334
3366	3334
3366	3334
3366	3334
3362	3334
4684	4846
4668	4830
4635	4797
4587	4745
4523	4673
4447	4585
4358	4480
4254	4364
4133	4235
4029	4123
3940	4026
3864	3942
3800	3870
3752	3814
3720	3774
3616	3677
3439	3524
3318	3412
3254	3340
3162	3240
3041	3111
2965	3027
2932	2986
2937	2978
2977	3002
3001	3015
3009	3015
2997	2994
2965	2954
2932	2918
2900	2886
2888	2877
2896	2893
2901	2901
2901	2901
2901	2901
2901	2901
2901	2901
2901	2901
2901	2901
2901	2901
2901	2901
2901	2901
2901	2901
2901	2901
2901	2901
2901	2901
2965	2965
3093	3093
3153	3158
3145	3158
3141	3162
3141	3170
3141	3174
3141	3174
3141	3174
3141	3174
3153	3186
3177	3210
3189	3226
3189	3234
3189	3238
3189	3238
3176	3213
3150	3163
3138	3138
3138	3138
3138	3138
3138	3138
3122	3122
3090	3090
3074	3074
3074	3074
3074	3074
3074	3074
3058	3058
3026	3026
3010	3010
3010	3010
2961	2961
2865	2865
2805	2801
2781	2769
2753	2737
2721	2705
2688	2672
2656	2640
2640	2624
2640	2624
2656	2640
2688	2672
2721	2705
2753	2737
2781	2769
2805	2801
2829	2833
2853	2865
2869	2885
2877	2893
2897	2913
2929	2945
2978	2990
3042	3046
3102	3106
3158	3170
3206	3219
3246	3251
3283	3287
3315	3327
3347	3359
3379	3383
3379	3379
3347	3347
3331	3331
3331	3331
3331	3331
3331	3331
3347	3343
3379	3367
3399	3379
3407	3379
3411	3379
3411	3379
3411	3379
3411	3379
3415	3375
3423	3367
3395	3335
3333	3281
3302	3254
3302	3254
3302	3254
3302	3254
3302	3258
4910	4944
4894	4924
4862	4884
4802	4815
4713	4719
4609	4606
4489	4478
4364	4349
4236	4221
4123	4104
4027	4000
3934	3903
3846	3815
3774	3739
3718	3675
3653	3631
3581	3607
3501	3546
3412	3450
3304	3341
3176	3221
3083	3129
3027	3064
3002	3028
3010	3020
3015	3016
3015	3016
2986	2984
2930	2920
2886	2873
2854	2843
2853	2841
2885	2867
2901	2882
2901	2883
2901	2884
2901	2884
2901	2884
2901	2884
2901	2884
2901	2884
2901	2884
2901	2884
2901	2884
2901	2884
2901	2884
2901	2884
2965	2949
3093	3077
3158	3141
3158	3141
3170	3157
3194	3189
3206	3206
3206	3206
3206	3210
3206	3218
3210	3222
3218	3222
3234	3238
3258	3270
3270	3286
3270	3286
3237	3249
3171	3175
3138	3138
3138	3138
3138	3138
3138	3138
3122	3122
3090	3090
3074	3074
3074	3074
3074	3074
3074	3074
3058	3058
3026	3026
3010	3010
3010	3010
2961	2961
2865	2865
2801	2805
2769	2781
2737	2749
2705	2709
2672	2676
2640	2652
2624	2640
2624	2640
2640	2652
2672	2676
2705	2709
2737	2749
2769	2781
2801	2805
2833	2833
2865	2865
2893	2897
2917	2929
2945	2962
2977	2994
3014	3030
3054	3070
3106	3118
3170	3174
3219	3223
3251	3263
3295	3311
3351	3367
3383	3399
3391	3407
3379	3395
3347	3363
3331	3343
3331	3335
3331	3331
3331	3331
3335	3327
3343	3319
3347	3315
3347	3315
3347	3311
3347	3303
3347	3299
3347	3299
3335	3282
3311	3250
3271	3207
3217	3153
3190	3129
3190	3137
3190	3141
3190	3141
3202	3153
4946	4927
4918	4899
4862	4843
4785	4767
4689	4670
4576	4558
4448	4429
4319	4301
4191	4172
4066	4048
3946	3927
3849	3831
3777	3759
3709	3691
3645	3626
3609	3590
3601	3582
3548	3530
3452	3433
3351	3333
3247	3229
3163	3149
3099	3092
3054	3048
3030	3016
3018	3000
3018	3000
2986	2972
2922	2915
2877	2871
2852	2840
2840	2820
2841	2810
2844	2809
2849	2816
2852	2820
2852	2820
2852	2820
2852	2820
2852	2820
2852	2820
2852	2820
2852	2820
2852	2820
2852	2820
2852	2820
2852	2820
2916	2880
3045	3000
3109	3065
3109	3073
3125	3089
3157	3113
3174	3129
3174	3137
3186	3157
3210	3189
3222	3206
3222	3206
3238	3222
3270	3254
3286	3270
3286	3270
3249	3237
3175	3171
3138	3138
3138	3138
3138	3138
3138	3138
3122	3122
3090	3090
3074	3074
3074	3074
3074	3074
3074	3074
3058	3058
3026	3026
3010	3010
3010	3010
2961	2965
2865	2877
2813	2829
2805	2821
2773	2789
2717	2733
2684	2705
2676	2705
2672	2705
2672	2705
2676	2705
2684	2705
2717	2733
2773	2789
2805	2821
2813	2829
2833	2849
2865	2881
2897	2909
2929	2933
2962	2962
2994	2994
3038	3042
3094	3106
3142	3158
3182	3198
3231	3247
3287	3303
3335	3347
3375	3379
3407	3411
3431	3443
3427	3443
3395	3411
3367	3383
3343	3359
3331	3343
3331	3335
3319	3315
3295	3283
3283	3263
3283	3255
3271	3234
3247	3202
3235	3182
3235	3174
3218	3158
3186	3134
3143	3094
3088	3040
3073	3025
3097	3049
3109	3061
3109	3061
3113	3065
4888	4804
4868	4788
4827	4756
4759	4691
4663	4595
4551	4487
4422	4367
4294	4246
4165	4126
4049	4013
3944	3909
3848	3812
3759	3724
3683	3651
3619	3595
3575	3543
3550	3495
3490	3426
3394	3338
3286	3230
3165	3102
3085	3021
3045	2989
3008	2961
2976	2937
2960	2925
2960	2925
2940	2909
2900	2877
2856	2836
2807	2787
2781	2757
2776	2747
2777	2745
2784	2752
2788	2756
2788	2756
2788	2756
2788	2756
2788	2756
2788	2756
2788	2756
2788	2756
2788	2756
2788	2756
2788	2756
2788	2756
2840	2800
2944	2888
3009	2948
3033	2980
3049	2997
3057	2997
3073	3013
3097	3045
3125	3077
3157	3109
3174	3129
3174	3137
3190	3153
3222	3177
3238	3193
3238	3201
3213	3189
3163	3155
3138	3138
3138	3138
3138	3138
3138	3138
3122	3122
3090	3090
3074	3074
3074	3074
3074	3074
3074	3074
3058	3058
3026	3026
3010	3010
3010	3010
2973	2981
2901	2925
2853	2881
2829	2849
2797	2817
2757	2785
2737	2769
2737	2769
2737	2769
2737	2769
2737	2769
2737	2769
2757	2785
2797	2817
2829	2849
2853	2881
2881	2909
2913	2933
2933	2950
2941	2958
2962	2978
2994	3010
3042	3054
3106	3110
3166	3170
3222	3234
3271	3283
3311	3315
3347	3351
3379	3391
3411	3423
3443	3447
3443	3443
3411	3411
3391	3395
3383	3395
3367	3379
3343	3347
3315	3311
3283	3271
3255	3234
3231	3202
3202	3170
3170	3138
3142	3106
3118	3074
3102	3054
3094	3046
3062	3014
3008	2960
2985	2936
2993	2944
2997	2949
2997	2949
3009	2965
4676	4531
4660	4515
4627	4482
4563	4418
4467	4322
4367	4226
4262	4129
4158	4033
4053	3937
3941	3828
3820	3708
3724	3615
3652	3551
3595	3503
3555	3471
3495	3418
3415	3346
3338	3274
3266	3202
3166	3105
3037	2985
2957	2909
2925	2877
2905	2861
2897	2861
2893	2865
2893	2873
2877	2861
2845	2829
2812	2800
2779	2775
2749	2741
2723	2699
2713	2681
2720	2688
2724	2692
2724	2692
2724	2692
2724	2692
2724	2692
2724	2692
2724	2692
2724	2692
2724	2692
2724	2692
2724	2692
2724	2692
2760	2724
2832	2788
2884	2832
2916	2856
2933	2872
2933	2880
2949	2900
2981	2932
3013	2965
3045	2997
3073	3029
3097	3061
3113	3081
3121	3089
3137	3105
3161	3129
3165	3140
3147	3138
3138	3138
3138	3138
3138	3138
3138	3138
3122	3122
3090	3090
3074	3074
3074	3074
3074	3074
3074	3074
3058	3058
3026	3026
3010	3010
3010	3010
2989	2998
2949	2974
2913	2945
2881	2913
2849	2881
2817	2849
2801	2829
2801	2821
2801	2817
2801	2817
2801	2821
2801	2829
2817	2849
2849	2881
2881	2913
2913	2945
2933	2958
2941	2950
2958	2962
2982	2994
3010	3026
3042	3058
3078	3090
3118	3122
3170	3170
3234	3234
3283	3287
3315	3327
3359	3375
3415	3431
3447	3460
3455	3460
3443	3443
3411	3411
3395	3395
3395	3395
3379	3379
3347	3347
3303	3299
3247	3235
3202	3186
3170	3154
3138	3118
3106	3078
3074	3042
3042	3010
3014	2977
2990	2945
2950	2906
2895	2859
2880	2848
2904	2872
2917	2888
2917	2896
2933	2917
4370	4065
4354	4053
4322	4029
4258	3977
4161	3896
4065	3816
3969	3736
3873	3652
3776	3563
3676	3479
3571	3398
3487	3330
3423	3274
3375	3234
3342	3209
3314	3193
3290	3185
3234	3145
3146	3073
3049	3001
2945	2929
2877	2881
2845	2857
2829	2837
2829	2821
2841	2820
2865	2836
2861	2824
2829	2784
2800	2748
2775	2715
2733	2677
2675	2635
2649	2613
2656	2612
2660	2607
2660	2599
2660	2591
2660	2583
2660	2579
2660	2579
2660	2579
2660	2579
2660	2583
2660	2591
2660	2599
2660	2607
2692	2639
2756	2695
2792	2727
2800	2735
2816	2752
2840	2776
2868	2804
2900	2836
2933	2872
2965	2912
2997	2948
3029	2980
3057	3009
3081	3033
3097	3049
3105	3057
3116	3076
3130	3106
3138	3122
3138	3122
3138	3122
3138	3122
3122	3110
3090	3086
3074	3074
3074	3074
3074	3074
3074	3074
3058	3062
3026	3038
3010	3026
3010	3026
3006	3013
2998	2989
2977	2961
2945	2929
2913	2901
2881	2877
2853	2849
2829	2817
2817	2805
2817	2813
2829	2833
2853	2865
2881	2897
2913	2929
2945	2962
2977	2994
2982	2998
2958	2974
2962	2978
2994	3010
3026	3046
3058	3086
3090	3126
3122	3166
3170	3218
3234	3283
3295	3339
3351	3387
3399	3423
3439	3447
3460	3460
3460	3460
3443	3443
3411	3411
3395	3391
3395	3383
3379	3363
3347	3331
3299	3287
3235	3231
3186	3186
3154	3154
3110	3106
3054	3042
3010	2994
2978	2962
2945	2933
2913	2909
2881	2890
2851	2875
2840	2864
2848	2856
2864	2860
2888	2876
2917	2896
3615	3330
3611	3330
3603	3330
3575	3314
3527	3282
3479	3254
3430	3229
3370	3189
3298	3133
3238	3089
3190	3057
3146	3029
3105	3004
3081	2988
3073	2980
3057	2968
3033	2952
3009	2944
2985	2944
2961	2944
2937	2944
2921	2944
2913	2944
2885	2916
2837	2860
2804	2812
2788	2771
2752	2719
2696	2655
2643	2599
2594	2550
2573	2532
2579	2544
2573	2537
2555	2511
2535	2483
2511	2451
2487	2418
2463	2386
2451	2370
2451	2370
2451	2370
2451	2370
2463	2386
2487	2418
2511	2447
2535	2471
2567	2503
2607	2543
2639	2579
2663	2611
2680	2627
2688	2627
2708	2643
2740	2675
2784	2724
2840	2788
2884	2836
2916	2868
2937	2888
2945	2896
2961	2913
2985	2937
3020	2980
3066	3042
3090	3074
3090	3074
3090	3074
3090	3074
3086	3074
3078	3074
3074	3074
3074	3074
3074	3074
3074	3074
3070	3074
3062	3074
3058	3074
3058	3074
3021	3025
2949	2929
2897	2869
2865	2845
2845	2829
2837	2821
2817	2801
2785	2769
2781	2769
2805	2801
2833	2833
2865	2865
2897	2897
2929	2929
2962	2962
2994	2994
3006	3010
2998	3010
3010	3026
3042	3058
3086	3106
3142	3170
3198	3235
3254	3299
3315	3363
3379	3427
3419	3460
3435	3460
3447	3460
3455	3460
3460	3460
3460	3460
3443	3443
3411	3411
3383	3383
3359	3359
3331	3331
3299	3299
3263	3263
3223	3223
3186	3186
3154	3154
3106	3110
3042	3054
2994	3010
2962	2978
2941	2958
2933	2950
2930	2950
2932	2960
2920	2949
2896	2917
2876	2888
2860	2864
2856	2848
3208	3082
3208	3082
3208	3082
3192	3070
3160	3046
3140	3034
3132	3034
3108	3022
3068	2998
3032	2974
3000	2950
2980	2938
2972	2938
2956	2926
2931	2902
2927	2910
2944	2950
2952	2970
2952	2970
2952	2970
2952	2970
2952	2970
2952	2970
2932	2950
2891	2910
2843	2857
2787	2793
2727	2733
2662	2677
2614	2632
2583	2599
2555	2559
2530	2512
2504	2475
2479	2448
2451	2414
2419	2374
2386	2338
2354	2306
2338	2290
2338	2290
2338	2290
2338	2290
2354	2306
2386	2338
2407	2354
2415	2354
2447	2386
2503	2450
2547	2499
2579	2531
2595	2551
2595	2559
2611	2579
2643	2611
2692	2655
2756	2711
2804	2760
2836	2800
2864	2836
2888	2868
2905	2884
2913	2884
2956	2928
3034	3014
3074	3058
3074	3058
3074	3058
3074	3058
3074	3058
3074	3058
3074	3058
3074	3058
3074	3058
3074	3058
3074	3058
3074	3058
3074	3058
3074	3058
3025	3017
2929	2937
2877	2893
2869	2885
2853	2865
2829	2833
2801	2805
2769	2781
2769	2781
2801	2805
2833	2833
2865	2865
2897	2901
2929	2941
2962	2978
2994	3010
3010	3026
3010	3026
3026	3042
3058	3074
3106	3122
3170	3186
3235	3251
3299	3315
3363	3375
3427	3431
3460	3460
3460	3460
3460	3460
3460	3460
3460	3460
3460	3460
3443	3443
3411	3411
3391	3395
3383	3395
3363	3379
3331	3347
3287	3303
3231	3247
3186	3202
3154	3170
3118	3138
3078	3106
3042	3074
3010	3042
2982	3010
2958	2978
2950	2962
2960	2964
2949	2953
2917	2929
2896	2913
2888	2905
2872	2888
2952	2858
2952	2858
2952	2858
2948	2862
2940	2870
2936	2874
2936	2874
2932	2878
2924	2886
2916	2890
2908	2890
2904	2894
2904	2902
2900	2906
2892	2906
2916	2934
2972	2990
3000	3022
3000	3030
3000	3034
3000	3034
3000	3030
3000	3022
2972	2990
2916	2934
2855	2874
2791	2809
2739	2757
2699	2717
2652	2669
2598	2612
2544	2547
2490	2472
2448	2418
2418	2386
2374	2342
2318	2286
2274	2238
2242	2198
2226	2178
2226	2178
2226	2178
2226	2178
2242	2190
2274	2214
2290	2230
2290	2238
2322	2274
2386	2338
2435	2382
2467	2406
2495	2438
2519	2478
2547	2515
2579	2547
2615	2583
2655	2623
2704	2672
2760	2728
2804	2772
2836	2804
2852	2824
2852	2832
2895	2879
2982	2966
3026	3010
3026	3010
3026	3010
3026	3010
3026	3010
3026	3010
3026	3010
3026	3010
3026	3010
3026	3010
3026	3010
3026	3010
3026	3010
3026	3010
3001	2994
2953	2962
2917	2929
2893	2897
2865	2869
2833	2845
2813	2829
2805	2821
2805	2821
2813	2829
2833	2849
2865	2881
2909	2925
2965	2981
3010	3026
3042	3058
3058	3078
3058	3086
3074	3106
3106	3138
3154	3186
3218	3250
3283	3311
3347	3367
3399	3411
3439	3443
3460	3460
3460	3460
3460	3460
3460	3460
3460	3455
3460	3447
3443	3431
3411	3407
3395	3395
3395	3395
3379	3379
3347	3347
3311	3319
3271	3295
3234	3267
3202	3235
3170	3202
3138	3170
3106	3138
3074	3106
3042	3078
3010	3054
2986	3026
2972	2996
2961	2981
2953	2981
2937	2965
2913	2933
2896	2917
2800	2785
2800	2785
2800	2785
2812	2801
2836	2833
2848	2853
2848	2861
2860	2881
2885	2914
2897	2930
2897	2930
2909	2946
2933	2978
2945	2994
2945	2994
2965	3006
3005	3030
3037	3054
3061	3078
3073	3094
3073	3102
3061	3090
3037	3058
3005	3026
2965	2994
2913	2946
2848	2881
2788	2817
2732	2753
2684	2704
2644	2671
2568	2592
2458	2466
2386	2386
2354	2354
2318	2318
2278	2278
2230	2230
2174	2174
2146	2142
2146	2134
2146	2130
2146	2130
2150	2130
2158	2130
2174	2146
2198	2178
2242	2222
2306	2278
2342	2310
2350	2318
2382	2350
2438	2406
2483	2455
2515	2495
2559	2547
2615	2611
2664	2660
2704	2692
2740	2728
2772	2768
2800	2800
2824	2824
2879	2883
2966	2978
3010	3026
3010	3026
3010	3026
3010	3026
3010	3026
3010	3026
3010	3026
3010	3026
3010	3026
3010	3026
3010	3026
3010	3026
3010	3026
3010	3026
2994	3006
2962	2966
2929	2933
2897	2909
2877	2893
2869	2885
2853	2869
2829	2845
2829	2845
2853	2869
2881	2897
2913	2929
2949	2966
2989	3006
3026	3038
3058	3062
3086	3094
3110	3134
3138	3170
3170	3202
3218	3247
3282	3303
3335	3351
3375	3391
3411	3423
3443	3447
3460	3460
3460	3460
3460	3460
3460	3460
3447	3443
3423	3411
3407	3399
3399	3407
3395	3407
3395	3399
3379	3383
3347	3359
3327	3343
3319	3335
3299	3319
3267	3295
3234	3267
3202	3235
3170	3202
3138	3170
3118	3154
3110	3154
3082	3126
3036	3072
3013	3045
3013	3045
2997	3033
2965	3009
2949	2997
2811	2851
2811	2855
2811	2863
2827	2879
2859	2903
2887	2931
2911	2963
2940	2991
2972	3015
2988	3032
2988	3040
3004	3056
3036	3080
3052	3092
3052	3092
3056	3092
3064	3092
3072	3092
3080	3092
3096	3104
3120	3128
3116	3128
3084	3104
3052	3076
3020	3044
2972	2995
2908	2931
2843	2867
2779	2803
2730	2754
2695	2722
2617	2653
2495	2547
2418	2475
2386	2437
2342	2390
2286	2334
2238	2286
2198	2246
2166	2210
2142	2178
2130	2158
2130	2150
2130	2150
2130	2158
2146	2174
2178	2198
2214	2226
2254	2258
2286	2286
2310	2310
2342	2342
2382	2382
2431	2435
2487	2499
2547	2563
2611	2627
2660	2680
2692	2720
2736	2768
2792	2824
2824	2856
2832	2864
2891	2919
3002	3022
3058	3074
3058	3074
3058	3074
3058	3074
3058	3074
3058	3074
3058	3074
3058	3074
3058	3074
3058	3074
3058	3074
3058	3074
3058	3074
3058	3074
3030	3046
2974	2990
2941	2958
2933	2950
2917	2929
2893	2897
2877	2881
2869	2881
2869	2881
2877	2881
2897	2901
2929	2941
2974	2990
3030	3046
3062	3078
3070	3086
3102	3122
3158	3186
3202	3235
3234	3267
3271	3299
3311	3331
3359	3375
3415	3431
3447	3464
3455	3472
3460	3472
3460	3464
3460	3460
3460	3460
3443	3443
3411	3411
3407	3411
3431	3443
3431	3447
3407	3423
3391	3407
3383	3399
3367	3383
3343	3359
3327	3343
3319	3335
3299	3319
3267	3295
3234	3271
3202	3247
3186	3231
3186	3223
3159	3191
3104	3136
3077	3113
3077	3121
3073	3125
3065	3125
3061	3129
2903	2969
2915	2981
2939	3006
2955	3018
2963	3018
2983	3030
3015	3054
3035	3066
3043	3066
3060	3078
3084	3102
3100	3114
3108	3114
3112	3114
3112	3114
3112	3118
3112	3126
3112	3134
3112	3142
3116	3146
3124	3146
3124	3146
3116	3146
3096	3126
3064	3086
3015	3034
2951	2969
2887	2905
2823	2841
2778	2796
2754	2771
2701	2733
2621	2683
2556	2634
2507	2587
2462	2543
2422	2503
2374	2450
2318	2386
2274	2338
2242	2306
2214	2274
2190	2242
2190	2242
2214	2274
2230	2290
2238	2290
2258	2302
2290	2326
2310	2338
2318	2338
2350	2370
2406	2434
2467	2499
2531	2563
2595	2627
2659	2691
2720	2756
2776	2820
2824	2872
2864	2912
2896	2945
2920	2969
2968	3008
3038	3062
3074	3090
3074	3090
3074	3090
3074	3090
3074	3090
3074	3090
3074	3090
3074	3090
3074	3090
3074	3090
3074	3090
3074	3090
3074	3090
3074	3090
3054	3070
3014	3030
2982	2994
2958	2962
2929	2933
2897	2909
2881	2893
2881	2885
2881	2885
2881	2893
2909	2925
2965	2981
3014	3026
3054	3058
3086	3090
3110	3122
3154	3170
3218	3234
3267	3283
3299	3315
3331	3351
3363	3391
3399	3427
3439	3459
3472	3488
3496	3512
3496	3512
3472	3488
3460	3472
3460	3464
3443	3443
3411	3411
3411	3411
3443	3443
3455	3460
3447	3460
3431	3447
3407	3423
3391	3407
3383	3399
3367	3383
3343	3359
3327	3347
3319	3347
3311	3347
3303	3347
3287	3331
3263	3299
3223	3259
3169	3213
3153	3206
3177	3238
3189	3254
3189	3254
3201	3270
3050	3095
3054	3095
3062	3095
3066	3095
3066	3095
3070	3091
3078	3083
3082	3079
3082	3079
3086	3078
3094	3076
3098	3075
3098	3075
3098	3074
3098	3072
3110	3095
3134	3143
3158	3179
3183	3204
3195	3216
3195	3216
3195	3216
3195	3216
3167	3188
3110	3131
3050	3071
2986	3007
2922	2943
2857	2878
2808	2827
2773	2790
2748	2776
2734	2786
2710	2778
2676	2752
2631	2707
2575	2643
2514	2579
2450	2515
2402	2463
2370	2423
2338	2390
2306	2366
2306	2366
2338	2390
2354	2403
2354	2403
2358	2399
2366	2391
2370	2391
2370	2399
2402	2435
2466	2499
2531	2563
2595	2627
2659	2692
2723	2756
2788	2820
2852	2884
2912	2949
2968	3013
3001	3049
3009	3057
3040	3084
3094	3131
3122	3154
3122	3154
3122	3154
3122	3154
3122	3154
3122	3154
3122	3154
3122	3154
3122	3154
3122	3154
3122	3154
3122	3154
3122	3154
3122	3154
3094	3118
3038	3046
2994	2998
2962	2974
2941	2958
2933	2950
2917	2929
2893	2897
2893	2897
2917	2929
2949	2962
2989	2994
3026	3026
3058	3058
3090	3090
3122	3122
3170	3174
3234	3246
3283	3299
3315	3331
3359	3375
3415	3431
3459	3476
3491	3508
3512	3524
3520	3524
3520	3524
3512	3524
3496	3508
3472	3476
3443	3443
3411	3411
3411	3411
3443	3443
3460	3460
3460	3460
3455	3460
3447	3460
3431	3449
3407	3427
3391	3412
3383	3404
3379	3400
3379	3400
3379	3400
3379	3400
3363	3388
3331	3364
3299	3339
3269	3314
3270	3318
3302	3350
3318	3370
3318	3378
3334	3394
3104	3105
3104	3105
3104	3105
3104	3105
3104	3105
3092	3093
3068	3069
3056	3060
3056	3065
3053	3065
3048	3057
3045	3058
3045	3066
3041	3067
3035	3063
3071	3097
3152	3169
3196	3202
3204	3194
3208	3182
3208	3166
3208	3154
3208	3146
3188	3129
3148	3104
3095	3067
3031	3019
2967	2976
2903	2938
2854	2912
2822	2898
2817	2901
2839	2920
2839	2918
2815	2893
2771	2852
2707	2796
2643	2740
2579	2683
2519	2623
2463	2559
2430	2523
2422	2515
2422	2507
2430	2499
2435	2491
2435	2483
2423	2467
2399	2443
2399	2448
2423	2483
2467	2528
2531	2585
2595	2641
2659	2697
2724	2757
2788	2822
2852	2886
2916	2950
2981	3010
3045	3067
3089	3110
3113	3139
3141	3178
3171	3227
3186	3253
3186	3255
3186	3252
3186	3244
3186	3236
3186	3228
3186	3220
3186	3212
3186	3204
3186	3196
3186	3188
3186	3180
3186	3176
3186	3176
3142	3144
3054	3079
3006	3047
2998	3047
2982	3035
2958	3011
2929	2987
2897	2963
2897	2963
2929	2987
2962	3011
2994	3035
3026	3059
3058	3083
3090	3107
3122	3131
3182	3194
3270	3296
3331	3359
3363	3383
3399	3407
3439	3431
3476	3459
3508	3491
3524	3507
3524	3507
3524	3508
3524	3508
3508	3501
3476	3487
3443	3468
3411	3444
3411	3440
3443	3456
3460	3464
3460	3464
3460	3464
3460	3464
3459	3468
3458	3475
3446	3467
3422	3443
3410	3431
3410	3431
3410	3431
3410	3431
3406	3431
3398	3431
3379	3418
3349	3394
3350	3393
3382	3415
3410	3438
3434	3462
3450	3474
3097	3090
3097	3094
3097	3102
3097	3106
3097	3106
3093	3106
3085	3106
3090	3118
3107	3141
3112	3149
3105	3144
3114	3158
3138	3192
3152	3212
3157	3219
3171	3219
3195	3211
3196	3191
3172	3159
3136	3116
3088	3063
3052	3016
3028	2976
3010	2953
2999	2949
2986	2947
2970	2947
2970	2966
2985	3005
3000	3041
3017	3073
3026	3087
3028	3081
3014	3067
2985	3043
2950	3014
2909	2982
2869	2946
2829	2906
2777	2858
2713	2802
2669	2758
2645	2726
2621	2694
2597	2662
2573	2630
2549	2598
2533	2583
2525	2585
2540	2606
2579	2645
2619	2679
2659	2709
2699	2744
2739	2784
2792	2836
2856	2901
2920	2961
2984	3017
3037	3061
3077	3094
3110	3124
3135	3151
3198	3223
3299	3341
3354	3404
3360	3413
3352	3402
3328	3370
3304	3338
3280	3306
3256	3274
3232	3242
3208	3209
3183	3177
3159	3149
3135	3125
3123	3109
3123	3101
3123	3117
3123	3157
3123	3177
3123	3177
3119	3177
3111	3177
3103	3177
3095	3177
3095	3177
3103	3177
3111	3177
3119	3177
3127	3177
3135	3177
3143	3177
3151	3177
3211	3231
3323	3340
3383	3395
3391	3395
3399	3395
3407	3395
3427	3411
3459	3443
3475	3459
3475	3459
3476	3460
3476	3460
3487	3480
3510	3522
3518	3543
3510	3543
3498	3527
3482	3495
3474	3479
3474	3479
3474	3479
3474	3479
3475	3479
3477	3479
3475	3479
3467	3479
3463	3479
3463	3479
3463	3477
3463	3475
3463	3475
3463	3477
3458	3479
3450	3479
3447	3474
3448	3464
3452	3460
3460	3460
3464	3460
3083	3112
3095	3124
3119	3148
3131	3164
3131	3172
3131	3176
3131	3176
3143	3187
3166	3210
3176	3222
3174	3222
3192	3237
3228	3267
3248	3282
3250	3282
3239	3262
3216	3222
3188	3186
3155	3154
3123	3126
3090	3104
3046	3065
2990	3009
2958	2974
2952	2960
2949	2957
2949	2965
2966	2986
3001	3018
3034	3046
3067	3071
3082	3082
3080	3080
3075	3079
3067	3079
3046	3063
3014	3031
2970	2986
2914	2930
2866	2886
2826	2854
2790	2822
2758	2790
2726	2758
2694	2726
2662	2698
2630	2674
2617	2670
2624	2688
2645	2709
2679	2733
2709	2757
2734	2783
2775	2827
2832	2892
2892	2951
2956	3005
3008	3052
3048	3092
3084	3128
3117	3160
3151	3197
3188	3238
3254	3294
3351	3364
3404	3400
3413	3401
3402	3390
3370	3366
3338	3338
3306	3306
3274	3278
3242	3254
3209	3225
3177	3193
3157	3173
3149	3165
3133	3149
3109	3125
3125	3149
3181	3221
3209	3258
3209	3258
3209	3258
3209	3258
3209	3258
3209	3258
3209	3258
3209	3258
3209	3258
3209	3258
3209	3258
3209	3258
3209	3258
3209	3258
3256	3292
3348	3360
3395	3395
3395	3395
3395	3395
3395	3395
3411	3411
3443	3443
3459	3459
3459	3459
3460	3460
3460	3460
3480	3480
3522	3522
3543	3543
3543	3543
3527	3527
3495	3495
3479	3479
3479	3479
3479	3479
3479	3479
3479	3479
3479	3479
3479	3479
3479	3479
3479	3479
3479	3479
3475	3474
3468	3465
3468	3465
3475	3474
3479	3479
3479	3479
3474	3474
3464	3464
3460	3460
3460	3460
3460	3460
3176	3241
3180	3241
3188	3241
3204	3257
3228	3289
3240	3307
3240	3313
3252	3324
3274	3341
3286	3347
3286	3341
3293	3341
3307	3345
3314	3343
3314	3335
3286	3299
3230	3235
3186	3186
3154	3154
3126	3126
3104	3104
3073	3077
3033	3045
3000	3017
2974	2993
2973	2993
2997	3017
3025	3045
3058	3077
3078	3094
3086	3094
3087	3090
3081	3082
3079	3079
3079	3079
3063	3063
3031	3031
2994	3002
2954	2978
2918	2950
2886	2918
2854	2890
2822	2866
2790	2838
2758	2806
2738	2790
2730	2790
2742	2811
2776	2853
2797	2874
2805	2874
2824	2890
2854	2922
2901	2970
2965	3034
3014	3077
3047	3100
3092	3140
3148	3196
3192	3241
3224	3273
3261	3309
3303	3351
3342	3379
3380	3393
3392	3388
3377	3365
3366	3354
3358	3354
3338	3342
3306	3318
3286	3302
3278	3294
3257	3278
3225	3254
3197	3225
3173	3193
3157	3177
3149	3177
3189	3225
3277	3321
3322	3370
3322	3370
3322	3370
3322	3370
3322	3370
3322	3370
3322	3370
3322	3370
3322	3370
3322	3370
3322	3370
3322	3370
3322	3370
3322	3370
3340	3376
3376	3388
3395	3395
3395	3395
3395	3395
3395	3395
3411	3411
3443	3443
3459	3459
3459	3459
3460	3460
3460	3460
3480	3480
3522	3522
3543	3543
3543	3543
3527	3531
3495	3507
3479	3495
3479	3495
3479	3495
3479	3495
3479	3495
3479	3495
3479	3495
3479	3495
3479	3495
3479	3495
3474	3490
3465	3481
3465	3481
3474	3490
3479	3491
3479	3483
3474	3474
3464	3464
3460	3460
3460	3460
3460	3460
3305	3356
3305	3360
3305	3368
3321	3388
3353	3420
3377	3447
3394	3470
3406	3482
3411	3482
3406	3469
3389	3444
3380	3422
3379	3404
3367	3379
3343	3347
3299	3299
3235	3235
3186	3186
3154	3154
3126	3126
3104	3104
3077	3077
3045	3045
3025	3025
3017	3017
3017	3013
3025	3013
3045	3029
3077	3061
3094	3081
3094	3089
3090	3086
3082	3070
3079	3064
3079	3066
3063	3055
3031	3031
3010	3019
3002	3019
2982	3006
2950	2979
2930	2966
2922	2966
2902	2954
2870	2930
2854	2915
2854	2907
2875	2922
2917	2961
2938	2985
2938	2993
2954	3014
2986	3049
3034	3094
3098	3150
3142	3191
3165	3216
3196	3245
3236	3277
3273	3308
3305	3338
3341	3369
3383	3403
3403	3411
3401	3393
3388	3376
3365	3361
3354	3354
3354	3354
3350	3354
3342	3354
3326	3342
3302	3318
3286	3302
3278	3294
3257	3278
3225	3254
3209	3242
3209	3242
3257	3286
3353	3374
3402	3418
3402	3418
3402	3418
3402	3418
3402	3418
3402	3418
3402	3418
3402	3418
3402	3418
3402	3418
3402	3418
3402	3418
3402	3418
3402	3418
3400	3412
3396	3400
3395	3395
3395	3395
3395	3395
3395	3395
3411	3411
3443	3443
3459	3459
3459	3459
3460	3460
3460	3460
3480	3480
3522	3522
3543	3543
3543	3543
3539	3543
3531	3543
3527	3543
3527	3543
3527	3543
3527	3543
3527	3544
3527	3544
3527	3544
3527	3544
3527	3544
3527	3544
3523	3539
3513	3529
3513	3529
3523	3539
3515	3527
3491	3495
3474	3475
3464	3468
3460	3464
3460	3464
3460	3464
3394	3409
3406	3429
3430	3469
3458	3505
3490	3537
3518	3566
3541	3591
3552	3604
3552	3604
3537	3583
3507	3543
3468	3491
3419	3427
3379	3379
3347	3347
3299	3294
3235	3222
3186	3170
3154	3138
3126	3110
3104	3088
3077	3061
3045	3029
3017	2997
2993	2965
2981	2953
2981	2961
2997	2977
3029	3001
3057	3029
3081	3061
3077	3058
3046	3021
3034	3006
3041	3013
3040	3017
3032	3017
3028	3021
3028	3029
3021	3028
3006	3019
2998	3015
2998	3015
2994	3015
2986	3015
2971	3003
2947	2979
2952	2983
2986	3015
3015	3043
3040	3067
3072	3100
3111	3142
3150	3179
3190	3211
3225	3239
3255	3263
3286	3291
3319	3323
3347	3351
3373	3374
3394	3390
3411	3399
3403	3387
3369	3353
3352	3340
3353	3349
3354	3354
3354	3354
3354	3354
3354	3354
3350	3354
3342	3354
3326	3342
3302	3318
3286	3306
3278	3306
3274	3306
3274	3306
3310	3334
3382	3390
3418	3418
3418	3418
3418	3418
3418	3418
3418	3418
3418	3418
3418	3418
3418	3418
3418	3418
3418	3418
3418	3418
3418	3418
3418	3418
3418	3418
3412	3412
3400	3400
3395	3395
3395	3395
3395	3395
3395	3395
3411	3411
3443	3443
3459	3459
3459	3459
3460	3460
3460	3460
3480	3480
3522	3522
3543	3543
3543	3543
3543	3543
3543	3543
3543	3543
3543	3543
3543	3543
3543	3543
3544	3544
3544	3544
3544	3544
3544	3544
3544	3544
3544	3544
3539	3539
3529	3529
3529	3528
3539	3535
3527	3524
3495	3494
3477	3479
3475	3479
3474	3479
3474	3479
3474	3479
3399	3417
3427	3445
3483	3501
3527	3549
3560	3589
3591	3625
3621	3657
3636	3668
3636	3657
3607	3619
3551	3555
3491	3491
3427	3427
3379	3375
3347	3335
3286	3267
3198	3173
3138	3110
3106	3078
3078	3048
3056	3019
3029	2989
2997	2957
2965	2925
2933	2893
2929	2893
2953	2925
2969	2941
2977	2941
2997	2959
3029	2995
3028	2997
2996	2967
2981	2952
2983	2952
2985	2956
2985	2964
2997	2981
3021	3005
3028	3017
3019	3018
3015	3018
3015	3016
3015	3019
3015	3027
3011	3031
3003	3031
3015	3039
3047	3055
3067	3067
3075	3075
3100	3095
3142	3126
3179	3158
3211	3190
3231	3211
3239	3221
3259	3239
3291	3263
3318	3287
3341	3312
3357	3327
3367	3332
3363	3335
3345	3335
3340	3340
3349	3349
3354	3354
3354	3354
3354	3354
3354	3354
3354	3354
3354	3354
3350	3354
3342	3354
3338	3358
3338	3366
3338	3370
3338	3370
3358	3378
3398	3394
3418	3402
3418	3402
3418	3402
3418	3402
3418	3402
3418	3402
3418	3402
3418	3402
3418	3402
3418	3402
3418	3402
3418	3402
3418	3402
3418	3402
3412	3400
3400	3396
3395	3395
3395	3395
3395	3395
3395	3395
3411	3411
3443	3443
3459	3459
3459	3459
3460	3460
3460	3460
3480	3480
3522	3522
3543	3543
3543	3543
3543	3547
3543	3555
3543	3559
3543	3559
3543	3559
3543	3559
3544	3560
3544	3560
3544	3560
3544	3560
3544	3560
3544	3560
3539	3555
3529	3545
3526	3541
3528	3541
3517	3525
3491	3494
3479	3479
3479	3479
3479	3479
3479	3479
3479	3479
3461	3462
3481	3482
3521	3522
3569	3574
3625	3638
3669	3686
3701	3719
3701	3719
3668	3688
3619	3635
3555	3561
3491	3491
3427	3427
3367	3363
3311	3299
3238	3219
3148	3124
3088	3063
3056	3035
3019	2995
2978	2943
2941	2902
2909	2870
2877	2842
2845	2818
2845	2818
2877	2842
2893	2858
2893	2866
2915	2887
2959	2923
2965	2926
2935	2897
2920	2887
2920	2898
2932	2916
2956	2940
2973	2956
2981	2964
2995	2981
3017	3005
3025	3017
3018	3018
3027	3034
3051	3064
3063	3079
3063	3079
3055	3063
3039	3031
3043	3027
3067	3051
3085	3067
3095	3075
3116	3092
3148	3116
3180	3148
3211	3190
3231	3215
3239	3223
3257	3239
3287	3263
3300	3270
3295	3260
3303	3276
3325	3316
3340	3340
3349	3349
3354	3354
3354	3354
3354	3354
3354	3354
3354	3358
3354	3366
3354	3370
3354	3370
3366	3382
3390	3406
3402	3418
3402	3418
3394	3398
3378	3358
3370	3338
3370	3338
3370	3338
3370	3338
3370	3338
3370	3338
3370	3338
3370	3338
3370	3338
3370	3338
3370	3338
3370	3338
3370	3338
3370	3338
3376	3352
3388	3380
3395	3395
3395	3395
3395	3395
3395	3395
3411	3411
3443	3443
3459	3459
3459	3459
3460	3460
3460	3460
3480	3480
3522	3522
3543	3543
3543	3543
3555	3559
3579	3591
3591	3607
3591	3607
3591	3607
3591	3607
3592	3608
3592	3608
3592	3608
3592	3608
3592	3608
3592	3608
3587	3603
3577	3593
3573	3589
3573	3589
3549	3561
3502	3506
3479	3479
3479	3479
3479	3479
3479	3479
3479	3479
3420	3374
3448	3402
3505	3458
3565	3518
3629	3582
3677	3629
3709	3658
3723	3679
3717	3693
3667	3660
3571	3581
3491	3513
3427	3459
3363	3408
3299	3360
3211	3269
3100	3136
3035	3059
3016	3040
2976	2999
2916	2937
2870	2889
2838	2857
2818	2841
2810	2841
2810	2841
2818	2841
2834	2857
2858	2889
2875	2904
2887	2903
2880	2893
2852	2874
2855	2880
2887	2911
2908	2926
2916	2926
2932	2934
2956	2951
2973	2961
2981	2966
2995	2976
3017	2992
3041	3009
3066	3026
3079	3034
3079	3031
3063	3030
3031	3030
3019	3031
3027	3031
3043	3043
3067	3067
3084	3079
3092	3079
3116	3095
3158	3126
3191	3154
3215	3178
3231	3190
3239	3190
3238	3186
3228	3179
3252	3195
3308	3235
3340	3264
3349	3281
3354	3297
3354	3313
3354	3330
3354	3346
3366	3366
3390	3390
3402	3402
3402	3402
3406	3402
3414	3402
3418	3398
3418	3390
3390	3366
3334	3326
3306	3306
3306	3306
3306	3306
3306	3306
3306	3306
3306	3306
3306	3306
3306	3306
3306	3306
3306	3306
3306	3306
3306	3306
3306	3306
3306	3306
3328	3328
3372	3372
3395	3395
3395	3395
3395	3399
3395	3407
3411	3423
3443	3447
3459	3463
3459	3471
3460	3480
3460	3488
3480	3512
3522	3554
3543	3575
3543	3575
3559	3591
3591	3623
3607	3639
3607	3639
3607	3635
3607	3627
3608	3628
3608	3636
3608	3640
3608	3640
3608	3640
3608	3640
3603	3639
3593	3637
3589	3637
3589	3637
3561	3600
3506	3527
3479	3498
3479	3514
3479	3522
3479	3522
3479	3510
3322	3279
3342	3295
3382	3327
3434	3376
3498	3440
3541	3483
3565	3507
3590	3533
3616	3563
3616	3577
3589	3577
3558	3564
3523	3539
3498	3527
3482	3527
3393	3443
3231	3275
3136	3175
3108	3143
3065	3102
3006	3053
2961	3009
2929	2969
2913	2949
2913	2949
2913	2949
2913	2949
2929	2965
2961	2997
2974	3014
2969	3018
2965	3017
2963	3012
2964	3006
2969	2998
2972	2995
2972	2995
2964	2983
2948	2959
2947	2952
2961	2963
2960	2956
2944	2932
2939	2916
2944	2908
2944	2900
2937	2893
2966	2933
3030	3019
3063	3063
3063	3063
3067	3063
3075	3063
3079	3063
3079	3063
3085	3063
3095	3063
3104	3063
3112	3063
3116	3063
3116	3063
3115	3063
3113	3063
3107	3055
3099	3039
3111	3051
3144	3092
3185	3145
3233	3209
3282	3270
3330	3326
3358	3358
3366	3366
3370	3370
3370	3370
3370	3366
3370	3358
3358	3342
3334	3318
3326	3322
3334	3354
3338	3370
3338	3370
3338	3370
3338	3370
3338	3370
3338	3370
3338	3370
3338	3370
3338	3370
3338	3370
3338	3370
3338	3370
3338	3370
3338	3370
3352	3376
3380	3388
3395	3395
3395	3395
3407	3411
3431	3443
3447	3459
3455	3459
3471	3475
3495	3507
3520	3540
3544	3572
3576	3609
3618	3651
3639	3672
3639	3672
3655	3667
3687	3659
3703	3655
3703	3655
3691	3647
3667	3631
3668	3639
3692	3671
3704	3692
3704	3700
3704	3708
3704	3716
3711	3731
3726	3754
3733	3766
3733	3766
3678	3713
3568	3609
3537	3585
3586	3641
3610	3670
3610	3670
3574	3625
3247	3190
3263	3206
3295	3239
3344	3288
3408	3354
3454	3403
3483	3435
3510	3462
3533	3486
3545	3498
3545	3500
3532	3492
3507	3472
3495	3459
3495	3451
3419	3385
3267	3262
3175	3188
3143	3164
3110	3134
3078	3096
3033	3049
2977	2993
2949	2965
2949	2967
2949	2968
2949	2968
2965	2983
2997	3013
3025	3042
3049	3071
3048	3070
3022	3040
3005	3022
2998	3017
2995	3015
2995	3015
2991	3010
2983	3000
2976	2990
2971	2980
2964	2971
2956	2963
2940	2949
2916	2930
2902	2920
2900	2920
2932	2945
2998	2994
3031	3019
3031	3019
3031	3018
3031	3016
3031	3015
3031	3015
3031	3015
3031	3015
3031	3015
3031	3015
3031	3015
3031	3015
3031	3015
3031	3015
3039	3031
3055	3063
3083	3103
3124	3152
3177	3205
3241	3261
3294	3310
3334	3350
3366	3386
3390	3418
3402	3434
3402	3434
3390	3418
3366	3386
3350	3370
3342	3370
3354	3382
3386	3406
3402	3418
3402	3418
3402	3418
3402	3418
3402	3418
3402	3418
3402	3418
3402	3418
3402	3418
3402	3418
3402	3418
3402	3418
3402	3418
3402	3418
3400	3412
3396	3400
3395	3395
3395	3395
3411	3411
3443	3443
3459	3459
3459	3459
3475	3475
3507	3507
3540	3540
3572	3572
3609	3609
3651	3651
3672	3672
3672	3672
3627	3603
3539	3467
3495	3402
3495	3410
3503	3435
3519	3475
3543	3515
3575	3555
3604	3592
3628	3624
3652	3660
3676	3700
3699	3731
3722	3754
3734	3766
3734	3766
3705	3751
3649	3721
3641	3714
3681	3730
3702	3738
3702	3738
3665	3710
3110	3042
3126	3057
3158	3086
3209	3137
3278	3209
3329	3264
3361	3304
3392	3341
3421	3373
3438	3391
3444	3397
3443	3400
3435	3400
3419	3387
3395	3363
3342	3324
3260	3272
3216	3242
3208	3234
3172	3196
3109	3128
3057	3078
3017	3048
2999	3031
3005	3029
3008	3032
3008	3040
3020	3051
3045	3065
3066	3082
3083	3102
3083	3106
3066	3095
3057	3090
3056	3092
3056	3089
3056	3081
3041	3061
3010	3030
2993	3010
2990	3000
2976	2983
2952	2959
2943	2956
2949	2975
2952	2985
2952	2985
2971	2993
3009	3009
3028	3017
3028	3017
3025	3012
3018	3003
3015	2998
3015	2998
3015	2998
3015	2998
3015	2998
3015	2998
3015	2998
3015	2998
3015	2998
3015	2998
3031	3023
3063	3074
3111	3131
3177	3194
3229	3246
3269	3286
3318	3334
3374	3390
3418	3434
3450	3466
3466	3483
3466	3483
3450	3470
3418	3446
3402	3430
3402	3422
3406	3422
3414	3430
3418	3434
3418	3434
3418	3434
3418	3434
3418	3434
3418	3434
3418	3434
3418	3434
3418	3434
3418	3434
3418	3434
3418	3434
3418	3434
3418	3434
3412	3424
3400	3404
3395	3395
3395	3395
3411	3411
3443	3443
3459	3459
3459	3459
3475	3475
3507	3507
3540	3540
3572	3572
3609	3609
3651	3651
3672	3672
3672	3672
3595	3615
3442	3502
3378	3462
3402	3495
3443	3543
3499	3608
3555	3672
3611	3736
3656	3788
3688	3828
3732	3876
3788	3933
3828	3968
3851	3983
3862	3991
3862	3991
3850	3971
3825	3933
3804	3889
3788	3841
3780	3813
3780	3805
3760	3793
2987	2942
2999	2955
3024	2980
3073	3028
3144	3098
3208	3165
3264	3229
3309	3280
3341	3317
3357	3336
3359	3336
3363	3341
3368	3351
3365	3353
3355	3348
3332	3337
3296	3319
3266	3294
3242	3262
3204	3224
3152	3180
3112	3145
3085	3120
3061	3091
3039	3059
3040	3059
3064	3091
3075	3103
3073	3096
3090	3112
3126	3151
3138	3166
3127	3158
3122	3151
3124	3145
3113	3129
3089	3105
3071	3093
3061	3093
3041	3073
3010	3034
2991	3014
2983	3012
2988	3018
3007	3032
3017	3039
3017	3039
3009	3021
2993	2986
2985	2969
2985	2969
2980	2965
2970	2958
2966	2954
2966	2954
2966	2953
2966	2951
2966	2950
2966	2950
2966	2950
2966	2950
2966	2950
2966	2950
3009	3002
3096	3108
3161	3177
3204	3209
3254	3258
3310	3322
3358	3370
3398	3402
3434	3434
3466	3466
3483	3483
3483	3483
3478	3483
3470	3483
3454	3466
3430	3434
3430	3438
3454	3478
3466	3499
3466	3499
3466	3499
3466	3499
3466	3499
3466	3499
3466	3499
3466	3499
3466	3499
3466	3499
3466	3499
3466	3499
3466	3499
3466	3499
3448	3473
3412	3421
3395	3395
3395	3395
3411	3411
3443	3443
3459	3459
3459	3459
3475	3475
3507	3507
3540	3540
3572	3572
3609	3609
3651	3651
3672	3672
3672	3672
3663	3704
3647	3768
3655	3816
3687	3848
3736	3896
3800	3961
3864	4025
3929	4090
3989	4154
4045	4218
4093	4262
4133	4286
4153	4289
4152	4272
4151	4264
4151	4264
4116	4228
4045	4157
3969	4066
3889	3954
3837	3878
3813	3837
3809	3833
2906	2889
2922	2906
2955	2940
3004	2994
3070	3068
3135	3137
3199	3201
3255	3255
3303	3299
3326	3326
3326	3334
3334	3346
3348	3363
3351	3366
3341	3354
3338	3354
3341	3368
3326	3357
3294	3321
3256	3280
3212	3233
3177	3196
3153	3170
3123	3143
3089	3117
3089	3116
3121	3140
3135	3156
3133	3164
3147	3180
3176	3205
3190	3215
3187	3209
3175	3194
3153	3170
3137	3158
3129	3158
3125	3158
3125	3158
3108	3141
3073	3109
3053	3089
3046	3083
3045	3074
3050	3064
3052	3059
3052	3059
3031	3040
2989	3003
2969	2985
2969	2985
2967	2985
2965	2985
2964	2985
2964	2985
2960	2980
2953	2970
2950	2966
2950	2966
2950	2966
2950	2966
2950	2966
2950	2966
3002	3010
3108	3100
3177	3165
3209	3205
3258	3254
3322	3310
3370	3358
3402	3398
3434	3434
3466	3466
3483	3483
3483	3483
3483	3478
3483	3470
3466	3454
3434	3430
3446	3450
3502	3514
3531	3547
3531	3547
3531	3547
3531	3547
3531	3547
3531	3547
3531	3547
3531	3547
3531	3547
3531	3547
3531	3547
3531	3547
3531	3547
3531	3547
3497	3509
3429	3433
3395	3395
3395	3395
3411	3411
3443	3443
3459	3459
3459	3459
3475	3475
3507	3507
3540	3540
3572	3572
3609	3609
3651	3651
3672	3672
3672	3672
3736	3744
3864	3888
3944	3980
3976	4020
4025	4077
4089	4149
4154	4222
4218	4294
4282	4363
4346	4427
4382	4459
4390	4459
4378	4442
4344	4408
4328	4389
4328	4383
4308	4392
4270	4416
4178	4339
4034	4163
3934	4034
3878	3954
3865	3934
2889	2905
2905	2921
2938	2953
3000	3015
3091	3107
3169	3189
3233	3261
3279	3307
3307	3328
3334	3354
3358	3386
3379	3411
3395	3427
3398	3430
3386	3418
3387	3415
3400	3420
3386	3401
3345	3357
3297	3310
3244	3261
3202	3221
3172	3189
3151	3171
3141	3169
3140	3168
3148	3168
3164	3184
3188	3217
3212	3241
3236	3257
3241	3258
3224	3244
3209	3234
3196	3229
3190	3221
3190	3211
3190	3206
3190	3206
3173	3194
3141	3170
3124	3154
3122	3146
3105	3125
3074	3091
3059	3075
3059	3075
3048	3062
3027	3036
3017	3023
3017	3023
3017	3025
3017	3030
3017	3033
3017	3033
3012	3028
3003	3019
2998	3015
2998	3015
2998	3015
2998	3015
2998	3015
2998	3015
3027	3035
3084	3076
3141	3125
3197	3181
3246	3229
3286	3269
3334	3318
3390	3374
3434	3418
3466	3450
3483	3466
3483	3466
3470	3450
3446	3418
3430	3402
3422	3402
3450	3434
3514	3498
3547	3531
3547	3531
3547	3531
3547	3531
3547	3531
3547	3531
3547	3531
3547	3531
3547	3531
3547	3531
3547	3531
3547	3531
3547	3531
3547	3531
3509	3497
3433	3429
3395	3395
3395	3395
3411	3411
3443	3443
3459	3459
3459	3459
3475	3475
3507	3507
3540	3540
3572	3572
3609	3609
3651	3651
3672	3672
3672	3672
3728	3712
3840	3792
3924	3868
3980	3940
4053	4033
4141	4145
4230	4254
4318	4358
4395	4451
4459	4531
4491	4579
4491	4595
4482	4598
4465	4589
4448	4578
4431	4563
4480	4641
4595	4810
4548	4778
4340	4545
4179	4360
4066	4223
4038	4182
2937	2953
2953	2973
2985	3013
3039	3067
3115	3134
3197	3212
3285	3301
3340	3361
3360	3393
3386	3423
3418	3452
3443	3474
3459	3489
3462	3493
3450	3486
3439	3471
3428	3448
3401	3417
3357	3377
3318	3338
3285	3300
3253	3266
3221	3236
3203	3218
3201	3214
3200	3212
3200	3212
3217	3230
3252	3267
3268	3284
3266	3282
3266	3280
3268	3278
3268	3280
3267	3288
3252	3275
3221	3242
3206	3221
3206	3213
3202	3209
3194	3209
3178	3197
3154	3173
3133	3153
3115	3135
3107	3126
3107	3126
3081	3098
3030	3042
3004	3014
3004	3014
3011	3021
3025	3036
3033	3043
3033	3043
3028	3041
3019	3036
3015	3033
3015	3031
3015	3031
3015	3031
3015	3031
3015	3031
3035	3043
3076	3068
3117	3097
3157	3129
3205	3177
3261	3241
3310	3294
3350	3334
3386	3366
3418	3390
3434	3399
3434	3394
3418	3380
3386	3356
3370	3340
3370	3332
3402	3364
3466	3437
3499	3474
3499	3476
3499	3477
3499	3477
3499	3477
3499	3477
3499	3477
3499	3477
3499	3477
3499	3477
3499	3477
3499	3477
3499	3478
3499	3480
3473	3461
3421	3420
3395	3399
3395	3399
3411	3415
3443	3447
3459	3462
3459	3460
3475	3475
3507	3507
3540	3539
3572	3571
3609	3607
3651	3647
3672	3668
3672	3670
3696	3688
3744	3720
3812	3787
3900	3889
4017	4025
4161	4194
4294	4355
4414	4507
4531	4652
4643	4788
4723	4894
4772	4969
4791	5011
4782	5020
4778	5027
4780	5032
4874	5119
5059	5288
5027	5236
4778	4963
4577	4746
4424	4585
4368	4521
2953	3110
2981	3134
3037	3182
3098	3230
3163	3278
3233	3326
3308	3373
3372	3421
3425	3469
3463	3498
3487	3510
3504	3519
3515	3526
3522	3535
3525	3544
3510	3530
3480	3493
3449	3453
3417	3410
3369	3356
3305	3290
3260	3246
3234	3224
3217	3218
3209	3229
3205	3239
3205	3247
3224	3267
3262	3298
3289	3321
3305	3335
3300	3322
3274	3281
3271	3271
3289	3292
3290	3298
3273	3289
3253	3277
3229	3261
3217	3252
3217	3250
3213	3249
3205	3249
3184	3232
3151	3199
3134	3183
3134	3183
3114	3168
3074	3138
3054	3124
3054	3124
3056	3120
3061	3112
3063	3108
3063	3108
3066	3107
3071	3106
3070	3103
3065	3096
3063	3089
3063	3081
3063	3077
3063	3077
3059	3074
3052	3068
3065	3082
3097	3118
3145	3167
3209	3232
3270	3296
3326	3360
3358	3392
3366	3392
3362	3382
3348	3362
3337	3349
3329	3343
3313	3324
3289	3292
3321	3321
3410	3412
3457	3458
3462	3460
3465	3460
3465	3460
3465	3464
3465	3472
3465	3476
3465	3476
3465	3480
3465	3488
3465	3492
3465	3492
3468	3496
3475	3503
3461	3507
3426	3507
3409	3495
3409	3471
3425	3456
3457	3452
3469	3441
3462	3424
3475	3439
3507	3487
3539	3542
3571	3604
3605	3667
3639	3729
3660	3778
3668	3815
3688	3836
3720	3841
3793	3917
3908	4062
4058	4242
4243	4456
4436	4662
4637	4860
4813	5007
4966	5102
5090	5178
5185	5235
5256	5300
5302	5373
5323	5434
5319	5483
5377	5535
5497	5591
5405	5466
5100	5161
4867	4936
4706	4791
4642	4755
3424	3629
3432	3629
3448	3629
3464	3630
3480	3632
3490	3623
3496	3604
3507	3595
3523	3597
3527	3588
3521	3568
3519	3558
3521	3556
3530	3563
3544	3577
3530	3559
3489	3507
3431	3439
3357	3356
3299	3296
3255	3257
3225	3232
3207	3220
3224	3243
3275	3302
3313	3347
3337	3379
3358	3399
3374	3408
3378	3400
3370	3375
3344	3347
3299	3315
3282	3303
3295	3309
3298	3310
3290	3308
3294	3318
3310	3342
3315	3350
3308	3341
3305	3336
3305	3336
3297	3333
3281	3325
3273	3321
3273	3321
3260	3308
3236	3281
3224	3268
3224	3268
3212	3257
3188	3236
3176	3226
3176	3226
3165	3210
3143	3178
3130	3160
3125	3157
3111	3139
3087	3106
3075	3090
3075	3090
3088	3117
3115	3172
3150	3216
3192	3250
3245	3292
3309	3340
3373	3392
3438	3448
3470	3476
3470	3476
3459	3469
3437	3454
3417	3442
3398	3434
3373	3418
3340	3396
3364	3411
3443	3462
3478	3482
3469	3471
3464	3465
3463	3465
3475	3482
3499	3516
3511	3532
3511	3529
3523	3544
3548	3576
3560	3592
3560	3592
3561	3592
3563	3592
3597	3613
3661	3653
3657	3653
3585	3613
3510	3573
3433	3532
3378	3515
3345	3522
3368	3562
3449	3634
3549	3714
3671	3800
3793	3876
3916	3941
4022	4000
4111	4051
4132	4103
4085	4156
4158	4256
4352	4403
4576	4594
4832	4829
5033	5022
5178	5173
5232	5246
5195	5240
5157	5214
5118	5166
5143	5170
5231	5227
5359	5327
5525	5472
5595	5563
5568	5600
5418	5514
5145	5306
4952	5149
4840	5045
4860	5022
3725	3869
3725	3869
3725	3869
3728	3870
3735	3871
3725	3856
3697	3824
3686	3807
3691	3806
3680	3790
3652	3758
3636	3735
3631	3721
3634	3714
3644	3713
3615	3679
3547	3611
3477	3541
3407	3469
3346	3404
3295	3346
3268	3314
3264	3306
3277	3310
3308	3327
3339	3348
3371	3372
3392	3388
3401	3398
3387	3381
3349	3337
3331	3327
3331	3351
3332	3364
3332	3364
3336	3369
3342	3377
3350	3378
3358	3370
3357	3361
3348	3352
3344	3348
3344	3348
3340	3344
3333	3336
3329	3333
3329	3333
3311	3317
3274	3287
3256	3272
3256	3272
3257	3277
3258	3286
3258	3287
3258	3279
3242	3262
3210	3236
3193	3224
3192	3224
3174	3210
3139	3183
3122	3166
3122	3158
3160	3201
3238	3294
3282	3340
3294	3338
3308	3334
3324	3326
3352	3334
3392	3358
3412	3368
3412	3365
3412	3371
3414	3386
3426	3417
3450	3462
3461	3491
3459	3502
3462	3501
3469	3490
3471	3485
3467	3487
3465	3486
3465	3483
3484	3496
3523	3527
3538	3542
3529	3541
3541	3553
3574	3578
3590	3591
3590	3592
3590	3593
3590	3593
3555	3536
3484	3421
3485	3412
3557	3509
3645	3627
3749	3767
3853	3899
3956	4023
4020	4089
4044	4096
4035	4064
3993	3992
3916	3887
3805	3748
3710	3625
3633	3519
3748	3646
4054	4007
4210	4168
4217	4128
4295	4167
4446	4285
4629	4473
4844	4731
5047	5008
5239	5303
5350	5504
5380	5611
5384	5648
5359	5616
5339	5560
5324	5480
5440	5540
5687	5740
5755	5841
5643	5841
5527	5813
5406	5756
5241	5584
4062	4271
4062	4267
4062	4259
4055	4243
4040	4220
4016	4189
3984	4149
3960	4112
3943	4079
3918	4043
3886	4003
3855	3964
3825	3926
3802	3894
3786	3870
3751	3832
3699	3780
3629	3706
3541	3609
3468	3528
3411	3463
3370	3414
3346	3382
3342	3370
3359	3379
3372	3388
3380	3396
3388	3400
3398	3402
3381	3381
3337	3337
3335	3339
3375	3387
3399	3416
3405	3426
3410	3431
3413	3431
3402	3418
3378	3394
3361	3373
3352	3356
3348	3348
3348	3348
3344	3344
3336	3336
3333	3333
3333	3333
3328	3334
3320	3336
3316	3338
3316	3338
3317	3338
3321	3338
3311	3327
3287	3303
3269	3289
3258	3285
3252	3283
3252	3283
3248	3283
3239	3283
3222	3272
3198	3251
3238	3280
3341	3359
3389	3394
3384	3387
3370	3375
3346	3359
3338	3356
3346	3366
3345	3368
3336	3361
3345	3369
3371	3393
3413	3429
3472	3478
3508	3506
3523	3513
3528	3526
3524	3544
3526	3556
3532	3563
3530	3560
3519	3547
3518	3541
3528	3540
3544	3553
3565	3580
3580	3594
3588	3594
3595	3597
3600	3604
3603	3606
3603	3604
3557	3581
3465	3537
3435	3512
3467	3504
3517	3504
3585	3512
3654	3523
3723	3539
3769	3561
3790	3589
3800	3632
3797	3688
3787	3760
3770	3849
3744	3912
3709	3947
3799	3997
4015	4062
4128	4146
4136	4249
4209	4384
4347	4551
4555	4741
4834	4955
5127	5167
5435	5379
5678	5580
5857	5772
5963	5936
5995	6073
5988	6166
5940	6214
5863	6146
5759	5961
5771	5982
5899	6209
6007	6448
6096	6700
6052	6866
4496	4705
4484	4685
4459	4644
4436	4609
4413	4578
4374	4531
4317	4466
4265	4401
4216	4336
4163	4268
4107	4196
4060	4137
4022	4091
3991	4055
3966	4030
3920	3976
3852	3892
3770	3802
3674	3706
3585	3613
3503	3523
3446	3463
3414	3431
3395	3411
3387	3403
3396	3412
3420	3436
3424	3436
3410	3414
3381	3381
3337	3337
3339	3339
3387	3387
3416	3416
3426	3426
3431	3431
3431	3431
3426	3426
3418	3418
3398	3397
3364	3361
3348	3340
3348	3332
3344	3325
3336	3319
3333	3317
3333	3317
3334	3322
3336	3332
3338	3338
3338	3338
3338	3337
3338	3337
3335	3337
3327	3337
3321	3339
3317	3344
3315	3347
3315	3347
3315	3347
3315	3347
3315	3352
3315	3364
3327	3353
3348	3319
3355	3309
3346	3321
3349	3351
3365	3399
3389	3445
3420	3489
3437	3514
3439	3519
3445	3518
3453	3510
3465	3494
3481	3470
3484	3449
3474	3431
3496	3465
3549	3550
3577	3592
3579	3589
3576	3585
3568	3580
3563	3578
3563	3578
3571	3581
3586	3588
3594	3592
3594	3593
3597	3595
3604	3598
3604	3597
3597	3593
3609	3615
3639	3662
3642	3693
3618	3706
3586	3706
3546	3694
3507	3671
3469	3639
3465	3625
3493	3631
3560	3665
3664	3730
3806	3836
3985	3984
4128	4107
4233	4204
4239	4151
4148	3950
4224	4023
4467	4371
4692	4681
4898	4954
5032	5122
5095	5185
5129	5232
5135	5262
5211	5404
5355	5657
5568	6001
5849	6434
6094	6808
6303	7121
6387	7466
6347	7844
6475	8165
6770	8430
7135	8776
7570	9203
8025	9692
4897	5042
4869	5014
4813	4958
4762	4898
4715	4835
4659	4767
4595	4695
4522	4610
4441	4513
4356	4412
4268	4308
4193	4221
4131	4151
4087	4099
4063	4067
4000	3996
3900	3888
3802	3786
3706	3690
3613	3601
3523	3519
3463	3463
3431	3431
3419	3423
3427	3439
3436	3452
3444	3460
3436	3452
3414	3430
3381	3398
3337	3357
3339	3354
3387	3390
3416	3413
3426	3425
3431	3426
3431	3418
3418	3402
3394	3378
3370	3353
3348	3329
3324	3301
3300	3269
3287	3253
3285	3253
3285	3248
3285	3240
3298	3262
3324	3312
3338	3338
3338	3338
3336	3336
3334	3332
3333	3331
3333	3331
3344	3347
3367	3379
3379	3395
3379	3395
3379	3395
3379	3395
3384	3399
3396	3408
3358	3360
3272	3254
3256	3236
3311	3305
3379	3388
3459	3485
3524	3560
3573	3615
3599	3644
3601	3646
3590	3632
3566	3602
3518	3543
3445	3455
3401	3400
3384	3381
3433	3434
3548	3559
3600	3618
3592	3609
3587	3606
3585	3608
3584	3609
3584	3609
3585	3604
3588	3596
3590	3594
3593	3596
3591	3593
3586	3583
3585	3581
3591	3587
3598	3600
3608	3620
3665	3684
3768	3793
3864	3897
3954	3997
4015	4059
4047	4084
4043	4060
4001	3987
3949	3912
3884	3834
3850	3792
3845	3787
3849	3792
3860	3808
3733	3832
3468	3865
3543	4074
3959	4460
4351	4850
4721	5246
5013	5637
5226	6023
5475	6497
5758	7059
6160	7713
6679	8459
7235	9133
7830	9736
8307	10168
8669	10430
9384	11047
10452	12019
11054	12557
11190	12660
11372	12768
11600	12881
11866	12992
5138	5219
5118	5203
5078	5171
5019	5107
4939	5011
4855	4912
4767	4808
4667	4695
4553	4573
4436	4448
4316	4320
4221	4217
4151	4139
4091	4071
4042	4014
3964	3928
3856	3812
3754	3709
3658	3621
3577	3549
3511	3491
3463	3446
3431	3414
3423	3411
3439	3435
3460	3464
3484	3496
3485	3505
3462	3490
3433	3466
3397	3434
3385	3412
3395	3402
3408	3400
3423	3407
3418	3398
3394	3374
3378	3358
3370	3350
3345	3322
3305	3276
3269	3236
3237	3204
3221	3183
3221	3173
3208	3156
3184	3132
3213	3170
3296	3271
3338	3321
3338	3320
3336	3318
3332	3316
3331	3319
3331	3327
3347	3344
3379	3371
3395	3388
3395	3396
3395	3400
3395	3400
3397	3400
3402	3400
3358	3375
3267	3327
3248	3317
3303	3347
3379	3394
3475	3458
3554	3514
3615	3563
3649	3591
3654	3596
3644	3597
3619	3594
3571	3572
3498	3532
3448	3504
3420	3490
3466	3531
3586	3627
3644	3674
3641	3673
3642	3676
3648	3681
3651	3680
3651	3672
3638	3656
3614	3631
3602	3615
3603	3607
3599	3600
3589	3593
3583	3587
3582	3582
3620	3641
3697	3763
3751	3809
3781	3778
3805	3742
3824	3701
3805	3640
3748	3560
3676	3515
3588	3507
3555	3610
3578	3823
3662	4117
3808	4492
3936	4816
4049	5092
4451	5837
5142	7052
5616	7736
5873	7889
6178	8089
6530	8338
6996	8744
7574	9310
8297	10043
9165	10945
10065	11831
10999	12700
11695	13231
12152	13424
12389	13400
12405	13159
12457	12850
12545	12474
12673	12376
12841	12554
12965	12663
13046	12704
13070	12666
5283	5331
5267	5311
5235	5271
5163	5195
5052	5084
4936	4960
4816	4824
4695	4695
4573	4573
4448	4444
4320	4308
4209	4188
4115	4086
4039	4007
3982	3950
3888	3852
3756	3712
3653	3609
3581	3545
3516	3484
3459	3427
3414	3386
3382	3362
3386	3374
3427	3423
3464	3464
3496	3496
3513	3517
3515	3527
3499	3519
3466	3494
3436	3456
3410	3406
3390	3373
3377	3358
3366	3347
3358	3339
3342	3319
3318	3287
3285	3250
3242	3209
3204	3172
3172	3140
3141	3108
3111	3076
3092	3057
3084	3049
3133	3097
3237	3203
3288	3258
3285	3263
3283	3266
3283	3266
3295	3279
3319	3303
3339	3324
3355	3344
3376	3370
3400	3402
3412	3418
3412	3418
3409	3412
3403	3401
3411	3448
3435	3554
3443	3580
3435	3526
3432	3470
3432	3414
3441	3376
3460	3354
3470	3344
3472	3344
3490	3380
3525	3454
3547	3524
3555	3588
3570	3651
3591	3712
3629	3738
3682	3727
3708	3721
3706	3719
3706	3718
3708	3718
3697	3703
3673	3673
3657	3658
3649	3658
3633	3642
3609	3610
3596	3594
3593	3594
3590	3593
3587	3591
3663	3641
3817	3742
3857	3790
3783	3784
3707	3797
3629	3829
3566	3898
3517	4005
3577	4243
3746	4612
4077	5147
4570	5846
5157	6628
5839	7493
6432	8234
6937	8852
7992	9780
9596	11019
10434	11693
10506	11804
10584	11893
10668	11961
10884	12090
11231	12280
11737	12597
12401	13041
13010	13407
13563	13695
13744	13635
13551	13228
13200	12707
12691	12073
12227	11603
11807	11297
11664	11164
11799	11205
11862	11185
11854	11105
11781	11004
5363	5396
5335	5363
5279	5299
5203	5223
5108	5136
4984	5020
4832	4876
4695	4747
4573	4633
4436	4497
4284	4336
4156	4197
4054	4078
3974	3982
3918	3910
3820	3791
3680	3627
3577	3521
3513	3473
3452	3428
3394	3386
3362	3366
3354	3366
3374	3382
3423	3415
3464	3444
3496	3468
3517	3485
3527	3495
3527	3499
3519	3499
3473	3465
3390	3398
3349	3369
3350	3378
3339	3366
3315	3332
3287	3299
3255	3267
3218	3230
3176	3189
3140	3152
3108	3120
3084	3101
3068	3096
3049	3079
3025	3051
3064	3038
3168	3040
3231	3069
3254	3125
3266	3167
3266	3194
3271	3212
3279	3220
3300	3248
3336	3297
3370	3349
3402	3403
3418	3426
3418	3418
3410	3396
3396	3360
3487	3425
3684	3591
3728	3641
3618	3576
3510	3539
3406	3531
3318	3511
3247	3479
3212	3457
3212	3446
3268	3493
3380	3597
3501	3705
3630	3817
3747	3890
3853	3923
3858	3883
3761	3770
3712	3726
3711	3750
3711	3782
3711	3822
3698	3843
3671	3846
3658	3848
3658	3848
3642	3835
3610	3811
3594	3799
3594	3799
3593	3803
3593	3811
3574	3704
3538	3483
3606	3581
3781	3998
4013	4604
4302	5399
4638	6179
5023	6945
5512	7594
6107	8126
6820	8681
7653	9259
8531	9887
9455	10564
10224	11112
10837	11530
11203	11532
11322	11119
11515	11130
11782	11566
12016	11933
12217	12232
12363	12347
12457	12280
12623	12247
12863	12248
13020	12220
13095	12164
12907	11920
12456	11487
11921	10986
11303	10416
10977	10239
10945	10455
10876	10530
10773	10462
10632	10356
10456	10211
10336	10133
5428	5428
5395	5391
5331	5319
5255	5239
5168	5152
5068	5060
4956	4964
4851	4871
4754	4782
4625	4661
4465	4509
4309	4345
4159	4171
4031	4023
3926	3902
3767	3731
3555	3511
3441	3401
3425	3401
3412	3404
3403	3411
3398	3415
3398	3415
3399	3407
3399	3391
3404	3388
3412	3396
3421	3404
3430	3414
3435	3418
3434	3418
3433	3429
3430	3451
3434	3466
3443	3475
3428	3460
3391	3420
3356	3389
3324	3365
3287	3332
3246	3290
3209	3254
3177	3222
3160	3203
3158	3199
3147	3191
3127	3179
3017	3084
2819	2906
2772	2857
2877	2937
2969	3007
3050	3067
3103	3113
3127	3145
3169	3208
3228	3303
3307	3424
3406	3571
3443	3632
3419	3608
3370	3541
3295	3431
3264	3436
3275	3555
3321	3640
3400	3690
3556	3843
3789	4100
3953	4296
4050	4429
4081	4481
4047	4452
4055	4462
4103	4509
4135	4539
4151	4553
4081	4452
3923	4238
3814	4079
3755	3974
3762	3939
3834	3972
3930	4025
4051	4097
4140	4153
4197	4192
4226	4220
4226	4236
4221	4258
4213	4288
4209	4314
4209	4338
4221	4372
4246	4415
4032	4334
3579	4131
3714	4415
4436	5186
5572	6434
7122	8158
8522	9668
9770	10962
10487	11581
10671	11524
10730	11311
10665	10944
10695	10683
10820	10529
10899	10363
10931	10184
10768	9992
10410	9786
10539	9978
11155	10569
11644	10990
12007	11240
12042	11136
11750	10677
11468	10266
11196	9903
11008	9707
10903	9677
10675	9562
10323	9360
9902	9071
9412	8696
9387	8731
9829	9176
10124	9547
10273	9844
10355	10113
10371	10354
10393	10573
5396	5347
5351	5303
5263	5215
5175	5127
5088	5040
4996	4948
4900	4852
4807	4759
4718	4670
4605	4557
4469	4421
4305	4257
4114	4066
3958	3910
3837	3789
3683	3651
3495	3495
3401	3417
3401	3417
3404	3420
3411	3427
3415	3431
3415	3431
3407	3423
3391	3407
3396	3412
3420	3436
3436	3452
3446	3462
3450	3466
3450	3466
3453	3464
3459	3460
3466	3462
3475	3471
3460	3457
3420	3419
3397	3401
3389	3401
3364	3382
3322	3344
3286	3309
3254	3277
3231	3255
3219	3243
3211	3237
3207	3237
3236	3323
3299	3497
3322	3548
3306	3475
3280	3409
3243	3351
3241	3369
3273	3463
3367	3668
3522	3984
3699	4315
3898	4660
3994	4869
3986	4941
3911	4918
3768	4800
3941	4857
4430	5089
4598	5046
4445	4727
4401	4543
4465	4492
4537	4516
4617	4613
4658	4689
4661	4744
4713	4838
4815	4971
4917	5125
5021	5298
5006	5352
4870	5288
4677	5143
4428	4918
4257	4709
4164	4517
4065	4299
3960	4055
3882	3857
3831	3705
3830	3636
3878	3653
3946	3697
4034	3770
4114	3830
4186	3878
4254	3918
4317	3949
4613	4414
5140	5312
5685	5959
6249	6356
7189	7031
8507	7984
9618	8761
10520	9363
10876	9578
10686	9404
10425	9233
10094	9066
9850	8949
9691	8885
9504	8750
9288	8544
9203	8516
9247	8665
9449	8852
9810	9077
9971	9115
9932	8967
9628	8636
9061	8123
8641	7787
8370	7626
8319	7670
8487	7918
8580	8072
8598	8134
8494	8060
8268	7850
8269	7912
8497	8244
8799	8499
9177	8676
9631	9033
10161	9571
10673	10222
5283	5267
5247	5235
5175	5171
5095	5095
5007	5007
4916	4916
4820	4820
4727	4727
4638	4638
4517	4513
4364	4352
4200	4188
4026	4022
3878	3878
3757	3757
3635	3643
3511	3535
3449	3481
3449	3481
3452	3484
3459	3491
3463	3495
3463	3495
3455	3483
3439	3459
3436	3448
3444	3448
3452	3452
3462	3462
3466	3466
3466	3466
3462	3461
3454	3451
3455	3451
3464	3461
3452	3449
3418	3417
3401	3401
3401	3401
3386	3388
3356	3362
3325	3337
3293	3313
3275	3297
3271	3289
3269	3285
3269	3285
3345	3324
3499	3404
3532	3412
3444	3347
3396	3336
3389	3377
3495	3552
3715	3860
4113	4379
4689	5110
5271	5857
5857	6620
6258	7186
6475	7555
6565	7769
6527	7828
6183	7211
5533	5919
4984	4993
4536	4433
4269	4069
4182	3901
4232	3904
4419	4076
4576	4203
4701	4285
4835	4378
4979	4481
5161	4654
5382	4895
5492	5052
5492	5124
5476	5177
5444	5209
5295	5120
5031	4911
4726	4675
4382	4414
4077	4183
3812	3982
3640	3846
3559	3774
3511	3719
3495	3681
3463	3623
3414	3544
3364	3460
3310	3371
3738	3626
4647	4225
5237	4620
5508	4811
5958	5088
6587	5451
7098	5753
7491	5994
7685	6191
7678	6345
7736	6607
7857	6978
7982	7296
8110	7561
8100	7635
7952	7518
7932	7558
8040	7754
8186	7933
8370	8096
8423	8186
8346	8202
8160	8162
7865	8065
7702	8053
7670	8125
7759	8220
7970	8336
8040	8266
7968	8010
7769	7657
7442	7206
7659	7324
8419	8011
8646	8144
8340	7724
8320	7634
8585	7875
9220	8578
5299	5363
5267	5327
5203	5255
5127	5175
5040	5088
4948	4996
4852	4900
4759	4807
4670	4718
4545	4597
4385	4445
4221	4285
4054	4118
3910	3974
3789	3853
3675	3731
3567	3607
3513	3545
3513	3545
3516	3544
3523	3543
3527	3543
3527	3543
3507	3519
3467	3471
3448	3448
3448	3448
3452	3448
3462	3450
3466	3450
3466	3450
3461	3447
3451	3441
3451	3443
3461	3452
3449	3445
3417	3420
3401	3404
3401	3396
3388	3381
3362	3359
3345	3349
3337	3349
3321	3332
3297	3298
3285	3281
3285	3281
3260	3241
3211	3162
3187	3144
3187	3187
3230	3245
3316	3319
3539	3500
3898	3789
4468	4262
5247	4919
6074	5661
6949	6488
7652	7190
8182	7769
8532	8176
8703	8412
7942	7864
6248	6533
5073	5519
4417	4823
3943	4282
3651	3897
3531	3648
3583	3536
3571	3343
3496	3067
3465	2861
3478	2724
3602	2735
3838	2893
4032	3044
4185	3189
4245	3257
4213	3249
4183	3307
4156	3429
4146	3595
4152	3804
4175	4009
4215	4209
4255	4361
4295	4463
4320	4537
4329	4582
4311	4606
4266	4609
4206	4599
4131	4575
4077	4484
4044	4328
4106	4318
4263	4453
4419	4524
4576	4532
4726	4560
4871	4608
5097	4818
5405	5189
5849	5690
6428	6321
6891	6797
7236	7117
7353	7226
7242	7123
7393	7291
7808	7729
8095	7981
8255	8046
8402	8119
8535	8201
8642	8291
8723	8389
8840	8511
8993	8655
9051	8663
9016	8536
8752	8179
8259	7592
7722	6999
7141	6397
6907	6045
7020	5942
6993	6092
6826	6495
6975	7135
7441	8010
8296	9002
5459	5540
5415	5492
5327	5395
5239	5303
5152	5216
5060	5125
4964	5028
4871	4935
4782	4846
4669	4738
4533	4609
4381	4457
4215	4283
4071	4135
3950	4014
3811	3864
3655	3684
3577	3594
3577	3594
3569	3581
3551	3555
3543	3539
3543	3531
3519	3507
3471	3467
3448	3444
3448	3436
3440	3424
3426	3410
3418	3398
3418	3390
3419	3384
3421	3382
3426	3386
3435	3395
3436	3399
3428	3399
3412	3387
3388	3363
3369	3347
3355	3337
3349	3333
3349	3333
3330	3317
3292	3285
3273	3270
3273	3270
3268	3294
3257	3344
3284	3406
3348	3478
3382	3495
3386	3455
3436	3403
3532	3339
3762	3372
4126	3501
4617	3774
5236	4192
5802	4618
6316	5051
6700	5389
6954	5630
6978	5976
6773	6426
6331	6417
5652	5949
5088	5587
4638	5330
4254	5072
3937	4813
3518	4406
2998	3852
2565	3337
2219	2862
2050	2520
2060	2311
2089	2130
2137	1977
2214	1961
2318	2082
2490	2253
2729	2476
3022	2736
3370	3035
3684	3289
3965	3498
4162	3630
4276	3685
4369	3744
4440	3808
4508	3886
4574	3980
4639	4083
4703	4198
4849	4494
5078	4972
5256	5296
5382	5466
5403	5519
5320	5455
5254	5415
5206	5399
5353	5583
5696	5969
6130	6395
6655	6863
7014	7170
7206	7318
7256	7383
7162	7367
7250	7476
7518	7712
7591	7713
7469	7479
7338	7232
7199	6972
7107	6783
7063	6664
7065	6581
7113	6535
7057	6386
6897	6133
6548	5750
6010	5236
5485	4763
4974	4331
4737	4302
4775	4677
5440	5695
6732	7354
8113	8987
9583	10594
10695	11593
5604	5637
5556	5588
5460	5492
5368	5400
5281	5313
5189	5221
5093	5125
5000	5032
4911	4943
4802	4834
4674	4706
4514	4542
4323	4343
4167	4183
4046	4062
3888	3900
3692	3696
3594	3589
3594	3581
3581	3569
3555	3551
3531	3527
3507	3495
3483	3467
3459	3443
3436	3416
3412	3384
3400	3372
3402	3382
3390	3370
3366	3338
3344	3308
3326	3282
3321	3273
3330	3282
3335	3287
3335	3287
3331	3287
3323	3287
3314	3281
3305	3270
3301	3265
3301	3265
3293	3262
3277	3256
3270	3254
3270	3254
3321	3303
3425	3401
3510	3487
3578	3559
3583	3575
3527	3535
3403	3407
3210	3190
3090	3030
3043	2927
3132	2939
3357	3068
3638	3252
3975	3493
4243	3682
4440	3817
4856	4108
5490	4553
5776	4887
5714	5111
5779	5493
5972	6031
6100	6503
6164	6909
6006	7096
5627	7062
5177	6896
4654	6599
4144	6164
3644	5592
3166	4976
2708	4316
2499	3874
2540	3651
2597	3487
2671	3383
2739	3245
2800	3074
2823	2892
2807	2699
2762	2535
2689	2399
2663	2331
2684	2331
2739	2359
2826	2414
2933	2487
3060	2577
3418	2759
4009	3032
4438	3334
4707	3665
4873	3910
4937	4069
5042	4282
5186	4547
5508	4964
6007	5533
6485	6021
6943	6427
7266	6748
7452	6982
7609	7249
7737	7547
7971	7858
8313	8180
8348	8246
8078	8055
7802	7891
7521	7753
7318	7682
7193	7679
7061	7600
6922	7445
6650	7119
6244	6621
5784	6115
5270	5601
4832	5194
4469	4894
4741	5333
5649	6511
6856	7644
8362	8732
9758	9718
11043	10602
11697	11015
5637	5629
5588	5581
5492	5484
5400	5391
5313	5302
5221	5209
5125	5112
5032	5017
4943	4922
4834	4812
4706	4686
4542	4528
4343	4338
4183	4181
4062	4055
3900	3888
3696	3681
3581	3566
3557	3543
3544	3531
3543	3528
3527	3509
3495	3475
3459	3436
3419	3394
3384	3360
3352	3336
3340	3324
3350	3323
3338	3306
3306	3274
3276	3244
3250	3218
3241	3209
3250	3218
3255	3223
3255	3223
3255	3227
3255	3235
3247	3230
3233	3214
3225	3206
3225	3206
3224	3206
3222	3206
3222	3206
3222	3206
3239	3205
3273	3204
3334	3248
3423	3337
3471	3395
3479	3424
3415	3407
3279	3342
3191	3323
3152	3348
3196	3421
3325	3541
3461	3630
3606	3686
3706	3695
3761	3656
3730	3499
3613	3224
3750	3259
4142	3602
4727	4127
5506	4833
6280	5628
7049	6509
7675	7408
8156	8323
8496	9170
8695	9947
8582	10296
8156	10215
7562	9829
6800	9138
6085	8413
5416	7656
4925	7024
4611	6518
4255	5953
3855	5329
3495	4788
3174	4331
2947	4005
2815	3811
2749	3670
2749	3584
2747	3464
2744	3312
2745	3166
2748	3029
2514	2592
2042	1855
1984	1644
2340	1960
2629	2201
2852	2367
3135	2586
3481	2859
3952	3230
4549	3697
5003	3986
5314	4096
5616	4275
5909	4524
6303	4956
6799	5571
7136	5985
7314	6197
7405	6377
7411	6527
7498	6803
7666	7204
7874	7639
8123	8106
8200	8348
8105	8364
7793	8143
7263	7685
6741	7251
6227	6842
5848	6575
5606	6450
6077	6821
7262	7690
8058	8159
8464	8228
8869	8387
9271	8637
9548	8951
5613	5570
5565	5526
5469	5438
5373	5337
5279	5225
5184	5113
5087	5002
4986	4885
4880	4761
4767	4640
4645	4522
4499	4391
4329	4246
4176	4119
4040	4009
3865	3849
3652	3638
3543	3534
3540	3537
3528	3522
3506	3491
3475	3456
3435	3416
3399	3382
3366	3353
3346	3334
3338	3326
3323	3310
3301	3286
3274	3257
3241	3221
3212	3189
3186	3160
3177	3143
3186	3140
3191	3139
3191	3139
3203	3151
3227	3175
3230	3180
3214	3167
3206	3165
3206	3173
3206	3185
3206	3201
3206	3213
3206	3221
3202	3213
3196	3188
3229	3199
3301	3247
3348	3278
3371	3292
3382	3316
3382	3348
3426	3413
3516	3512
3613	3602
3717	3683
3757	3699
3733	3650
3648	3555
3502	3413
3414	3426
3386	3594
3412	3691
3491	3716
3691	3728
4013	3728
4545	3952
5289	4400
6295	5283
7564	6600
8917	8096
10354	9769
11306	11023
11771	11858
11779	12256
11328	12216
10859	12108
10371	11931
9785	11592
9103	11089
8339	10374
7495	9447
6772	8651
6169	7984
5708	7450
5386	7049
5096	6638
4836	6218
4509	5738
4116	5200
3752	4656
3418	4105
2992	3624
2473	3213
2317	3020
2524	3047
2623	3000
2615	2880
2634	2808
2682	2783
2797	2790
2980	2828
2971	2698
2773	2401
2725	2264
2830	2285
3209	2573
3864	3127
4404	3645
4828	4128
5162	4554
5404	4923
5807	5469
6369	6192
6977	6926
7630	7670
8045	8169
8221	8424
8169	8483
7888	8346
7647	8269
7446	8249
7372	8321
7424	8482
7565	8447
7794	8214
7947	8167
8023	8307
8274	8618
8700	9100
9225	9530
5500	5394
5464	5358
5392	5286
5283	5174
5138	5021
4996	4867
4857	4712
4714	4559
4566	4409
4433	4278
4316	4167
4202	4068
4089	3982
4009	3929
3963	3909
3840	3810
3641	3630
3539	3536
3532	3528
3514	3509
3484	3481
3452	3450
3417	3418
3384	3384
3353	3350
3326	3317
3302	3285
3286	3269
3278	3269
3254	3249
3214	3209
3176	3170
3140	3130
3108	3095
3080	3063
3067	3043
3067	3035
3071	3031
3079	3031
3080	3030
3075	3028
3084	3044
3108	3076
3144	3124
3193	3188
3229	3237
3253	3269
3236	3248
3179	3174
3158	3138
3174	3138
3184	3142
3189	3151
3208	3172
3240	3204
3283	3237
3338	3269
3389	3297
3437	3321
3453	3337
3437	3345
3416	3361
3390	3385
3534	3501
3849	3709
4096	3930
4276	4163
4237	4130
3980	3833
3849	3612
3843	3465
4371	3785
5431	4570
6705	5521
8191	6638
9448	7718
10476	8760
11260	9750
11802	10687
12161	11486
12338	12148
12443	12671
12476	13057
12057	12880
11186	12142
10425	11477
9775	10885
9233	10352
8799	9876
8298	9305
7730	8638
7152	8016
6566	7438
5879	6716
5090	5851
4489	5122
4076	4530
3755	4109
3528	3860
3331	3685
3162	3583
3106	3580
3162	3676
3207	3736
3241	3761
3166	3741
2982	3677
2890	3691
2891	3784
3048	3959
3361	4216
3710	4533
4095	4910
4553	5368
5083	5906
5790	6596
6674	7437
7486	8163
8226	8773
8721	9148
8971	9288
9084	9334
9060	9286
9115	9333
9251	9474
9420	9645
9624	9848
9467	9805
8948	9516
8819	9411
9080	9488
9420	9697
9837	10037
9866	9937
5254	5087
5210	5043
5121	4955
5009	4846
4872	4718
4724	4577
4566	4425
4421	4288
4290	4167
4174	4058
4073	3962
3989	3884
3924	3826
3877	3786
3849	3762
3759	3689
3605	3567
3527	3507
3524	3507
3509	3496
3480	3476
3450	3450
3418	3418
3382	3381
3342	3339
3307	3306
3275	3282
3259	3266
3259	3260
3241	3244
3207	3218
3170	3186
3130	3146
3103	3120
3087	3106
3067	3083
3043	3051
3031	3034
3031	3034
3030	3033
3028	3029
3044	3044
3076	3076
3124	3120
3188	3176
3237	3221
3269	3253
3248	3240
3174	3182
3138	3154
3138	3154
3151	3172
3178	3208
3208	3238
3240	3262
3273	3291
3305	3323
3325	3343
3333	3351
3349	3371
3373	3403
3389	3419
3397	3419
3325	3293
3174	3043
3191	2978
3376	3099
3408	3169
3287	3189
3240	3289
3266	3469
3525	3676
4017	3909
4546	4062
5111	4134
5832	4548
6710	5304
7723	6364
8871	7729
10083	9141
11361	10598
12277	11634
12832	12249
12844	12344
12315	11919
11805	11499
11316	11085
10807	10629
10280	10132
9658	9534
8943	8835
8329	8261
7815	7812
7168	7229
6387	6514
5523	5737
4576	4896
4083	4499
4042	4547
4062	4639
4142	4776
4230	4904
4326	5024
4378	5132
4386	5229
4422	5369
4486	5554
4668	5799
4967	6104
5309	6409
5694	6714
6115	7007
6573	7289
6999	7571
7392	7852
7886	8204
8482	8627
8956	8943
9309	9152
9449	9179
9375	9024
9234	8826
9025	8585
8920	8453
8918	8428
8996	8495
9154	8655
9461	9174
9918	10051
9942	10227
9532	9702
9451	9595
9699	9907
9743	10063
4895	4702
4859	4670
4786	4605
4686	4513
4557	4393
4425	4272
4288	4152
4159	4035
4038	3922
3930	3821
3833	3733
3753	3659
3689	3601
3654	3572
3646	3572
3600	3543
3516	3487
3475	3459
3475	3459
3472	3456
3468	3452
3450	3438
3418	3414
3381	3381
3339	3339
3314	3318
3306	3318
3292	3309
3274	3293
3258	3278
3244	3264
3218	3235
3178	3189
3146	3153
3120	3125
3091	3094
3058	3062
3042	3046
3042	3046
3038	3041
3031	3032
3044	3044
3076	3076
3112	3108
3152	3140
3189	3173
3221	3205
3224	3216
3198	3206
3186	3206
3186	3214
3204	3232
3240	3260
3262	3279
3270	3287
3291	3307
3323	3339
3351	3371
3375	3403
3403	3431
3435	3455
3451	3467
3451	3467
3406	3474
3316	3488
3291	3484
3331	3460
3413	3523
3537	3675
3758	3940
4075	4318
4238	4463
4247	4375
4070	4046
3709	3476
3865	3508
4541	4143
5673	5300
7264	6979
8659	8402
9859	9570
10743	10373
11309	10811
11380	10766
10955	10236
10560	9807
10194	9479
9818	9193
9433	8949
8932	8577
8313	8078
7812	7675
7426	7370
6900	6900
6233	6265
5763	5984
5488	6056
5358	6173
5374	6333
5416	6471
5484	6585
5602	6671
5771	6727
6000	6835
6289	6995
6582	7196
6879	7437
7084	7578
7196	7618
7261	7594
7277	7505
7209	7270
7059	6888
7084	6777
7285	6937
7548	7159
7873	7443
8124	7690
8301	7899
8338	8007
8235	8013
8111	8015
7966	8012
7930	8111
8003	8312
8143	8547
8351	8814
8942	9296
9914	9992
10266	10388
9998	10485
10129	10822
10661	11400
10895	11610
4509	4352
4477	4324
4413	4268
4329	4192
4224	4095
4120	3999
4015	3902
3914	3813
3817	3730
3733	3661
3661	3605
3603	3563
3561	3537
3540	3524
3540	3524
3519	3504
3479	3464
3459	3444
3459	3444
3448	3434
3428	3412
3414	3402
3406	3402
3381	3381
3339	3341
3318	3321
3318	3321
3317	3324
3317	3330
3304	3321
3278	3297
3236	3253
3180	3191
3141	3151
3121	3135
3094	3110
3062	3078
3046	3058
3046	3050
3041	3041
3032	3032
3044	3040
3076	3064
3108	3092
3140	3124
3173	3156
3205	3188
3216	3204
3206	3202
3214	3218
3238	3250
3256	3267
3268	3271
3287	3289
3311	3321
3339	3353
3371	3385
3403	3417
3435	3449
3455	3465
3463	3465
3467	3465
3467	3465
3498	3491
3561	3542
3556	3536
3484	3471
3499	3453
3603	3481
3836	3639
4197	3928
4350	4085
4295	4110
3990	3909
3436	3484
3476	3556
4111	4127
5244	5131
6874	6569
8370	8077
9731	9654
10526	10522
10755	10679
10501	10356
9763	9554
9242	9012
8940	8730
8752	8588
8679	8584
8471	8458
8128	8212
7852	8048
7643	7968
7229	7674
6611	7169
6402	7083
6602	7418
6943	7810
7425	8257
7804	8566
8079	8736
8108	8637
7891	8267
7638	7883
7349	7484
7212	7257
7229	7201
7281	7182
7369	7199
7409	7164
7401	7075
7190	6881
6775	6580
6648	6496
6809	6629
7039	6828
7339	7091
7642	7384
7947	7705
8186	7985
8360	8225
8538	8468
8721	8713
8994	9038
9356	9442
9706	9824
10045	10186
10237	10363
10284	10357
10592	10804
11163	11704
11674	12271
12123	12506
12208	12509
4231	4106
4211	4086
4171	4046
4103	3986
4006	3906
3910	3821
3813	3733
3730	3661
3660	3605
3605	3561
3565	3531
3539	3514
3529	3510
3524	3512
3524	3520
3497	3493
3443	3432
3416	3402
3416	3402
3412	3402
3405	3402
3402	3402
3402	3402
3383	3388
3347	3362
3329	3345
3329	3337
3330	3333
3332	3333
3329	3333
3321	3333
3285	3302
3223	3240
3184	3200
3167	3183
3142	3159
3110	3127
3082	3094
3058	3062
3041	3041
3032	3032
3032	3028
3040	3028
3060	3044
3092	3076
3124	3108
3156	3140
3180	3168
3194	3190
3218	3214
3250	3238
3266	3254
3268	3262
3285	3279
3317	3303
3349	3331
3381	3363
3413	3395
3445	3427
3461	3447
3461	3455
3461	3460
3461	3460
3452	3440
3432	3401
3422	3430
3423	3527
3385	3511
3308	3382
3350	3338
3510	3378
3667	3515
3821	3749
3805	3854
3620	3829
3749	3982
4191	4312
4963	4888
6063	5710
7522	7004
9341	8771
10361	9842
10583	10217
10332	10136
9610	9598
9116	9208
8851	8967
8700	8779
8664	8643
8540	8464
8330	8243
8265	8256
8345	8505
8236	8593
7939	8521
8028	8652
8504	8988
8771	9104
8829	9001
8757	8769
8557	8407
8256	7997
7855	7540
7570	7235
7401	7083
7329	7040
7353	7107
7280	7084
7108	6970
6858	6781
6528	6516
6343	6384
6303	6385
6321	6396
6400	6418
6526	6488
6699	6605
6915	6764
7172	6965
7403	7136
7610	7278
7804	7393
7986	7482
8241	7635
8569	7852
8901	8090
9238	8351
9675	8900
10212	9736
11022	10780
12107	12030
12616	12574
12549	12411
12513	12431
3978	3833
3950	3805
3894	3749
3842	3702
3793	3663
3733	3616
3661	3560
3605	3520
3565	3496
3531	3474
3504	3456
3487	3446
3479	3446
3488	3457
3512	3481
3493	3466
3432	3412
3402	3386
3402	3386
3402	3388
3402	3393
3402	3396
3402	3396
3396	3396
3386	3396
3369	3385
3345	3361
3333	3349
3333	3351
3333	3351
3333	3349
3302	3318
3240	3256
3200	3214
3183	3193
3159	3163
3127	3123
3094	3087
3062	3054
3041	3033
3032	3024
3028	3020
3028	3020
3044	3038
3076	3074
3108	3104
3140	3128
3168	3152
3190	3174
3206	3186
3214	3186
3230	3202
3254	3234
3271	3255
3279	3263
3299	3284
3331	3319
3363	3348
3395	3372
3423	3400
3447	3433
3460	3449
3460	3449
3456	3427
3450	3384
3559	3519
3784	3832
3832	3933
3703	3820
3603	3700
3530	3571
3627	3629
3893	3872
4054	4045
4111	4148
4255	4337
4489	4612
4907	5057
5510	5671
6522	6566
7944	7744
8964	8686
9582	9392
9766	9683
9518	9557
9289	9409
9080	9240
8824	8978
8522	8623
8231	8297
7950	8001
8023	8122
8449	8660
8746	9080
8915	9382
8956	9340
8869	8954
8808	8692
8774	8556
8600	8318
8287	7981
7861	7579
7323	7114
6879	6723
6528	6408
6389	6279
6461	6335
6594	6478
6786	6707
6934	6918
7038	7111
7002	7087
6826	6846
6720	6702
6685	6654
6715	6684
6810	6793
6933	6928
7086	7088
7185	7171
7229	7177
7234	7123
7200	7011
7219	6932
7291	6888
7393	6879
7525	6906
8038	7313
8930	8101
10075	9158
11474	10484
12146	11201
12092	11307
12265	11644
3673	3528
3653	3516
3613	3492
3567	3452
3516	3395
3471	3350
3430	3318
3406	3302
3398	3302
3391	3306
3385	3314
3391	3331
3408	3357
3421	3371
3429	3371
3413	3362
3373	3346
3354	3336
3354	3333
3361	3339
3377	3355
3384	3367
3384	3375
3387	3383
3393	3392
3393	3397
3385	3397
3383	3400
3389	3408
3389	3409
3383	3403
3350	3369
3288	3307
3242	3259
3214	3225
3172	3176
3115	3112
3071	3064
3039	3032
3018	3011
3009	3001
3004	2997
3004	2997
3026	3014
3070	3050
3096	3074
3104	3086
3119	3103
3142	3126
3154	3138
3154	3138
3170	3150
3202	3174
3231	3202
3255	3234
3287	3272
3327	3316
3352	3342
3360	3350
3380	3366
3412	3390
3428	3406
3428	3414
3354	3341
3205	3187
3311	3287
3673	3641
3813	3797
3733	3757
3628	3677
3500	3556
3519	3543
3686	3638
3826	3750
3941	3881
4227	4302
4682	5011
5338	5952
6193	7126
7137	8104
8169	8888
9007	9509
9649	9966
9885	10026
9715	9689
9569	9469
9449	9364
9241	9236
8946	9084
8664	8919
8394	8743
8552	8939
9138	9510
9595	9933
9923	10209
9805	10009
9242	9333
8755	8750
8346	8261
7924	7819
7490	7425
7153	7192
6912	7120
6769	7093
6723	7110
6710	7050
6729	6914
6737	6745
6735	6544
6734	6393
6734	6291
6637	6176
6444	6046
6340	5994
6324	6018
6396	6132
6556	6335
6748	6576
6973	6856
7097	7015
7120	7055
7059	6983
6915	6799
6776	6601
6643	6392
6549	6227
6494	6107
6727	6207
7249	6529
8027	7001
9061	7624
9738	8181
10056	8672
10567	9360
3400	3307
3396	3307
3388	3307
3355	3286
3298	3243
3254	3214
3222	3198
3206	3188
3206	3184
3218	3194
3242	3218
3267	3245
3293	3275
3307	3291
3307	3291
3314	3305
3330	3333
3333	3343
3325	3335
3323	3331
3328	3333
3343	3346
3367	3370
3383	3383
3392	3384
3397	3384
3397	3384
3400	3387
3408	3393
3411	3396
3409	3396
3377	3368
3314	3314
3264	3268
3227	3231
3176	3184
3112	3127
3064	3079
3032	3039
3011	3014
3001	3005
2997	3004
2997	3012
3002	3015
3014	3013
3038	3034
3074	3078
3103	3101
3126	3104
3138	3113
3138	3129
3142	3155
3150	3190
3170	3236
3202	3292
3240	3341
3284	3382
3318	3409
3342	3423
3358	3422
3366	3406
3382	3406
3406	3422
3389	3409
3332	3368
3448	3500
3737	3805
3885	3946
3893	3922
3845	3878
3741	3814
3702	3759
3729	3713
3817	3766
3968	3919
4562	4671
5598	6024
6901	7564
8470	9291
9470	10301
9900	10596
10191	10711
10344	10647
10107	10281
9480	9613
9107	9207
8987	9063
8963	9068
9036	9223
9064	9337
9048	9409
9285	9594
9775	9891
10094	10035
10242	10026
9953	9677
9229	8990
8678	8461
8301	8092
8004	7858
7787	7760
7699	7775
7739	7904
7695	7857
7568	7634
7299	7254
6890	6716
6501	6266
6134	5902
5895	5693
5783	5637
5702	5589
5653	5550
5664	5559
5737	5615
5893	5721
6132	5877
6413	6088
6737	6356
6927	6569
6983	6728
6895	6763
6662	6675
6409	6504
6135	6250
5914	6004
5745	5764
5754	5644
5941	5644
6080	5475
6172	5136
6530	5237
7155	5777
8021	6594
3250	3206
3250	3206
3250	3206
3243	3206
3229	3206
3230	3218
3246	3242
3248	3250
3237	3243
3235	3239
3243	3239
3266	3260
3304	3302
3323	3323
3323	3325
3334	3335
3357	3353
3367	3363
3364	3363
3365	3366
3371	3374
3378	3378
3386	3378
3382	3370
3367	3355
3360	3352
3360	3360
3361	3364
3363	3364
3364	3364
3364	3364
3344	3345
3306	3309
3270	3273
3236	3239
3199	3207
3159	3175
3111	3130
3054	3074
3021	3041
3012	3032
3020	3044
3044	3076
3053	3092
3047	3092
3063	3105
3099	3129
3098	3120
3060	3078
3065	3085
3113	3141
3190	3228
3295	3344
3400	3458
3504	3570
3574	3642
3609	3672
3616	3677
3595	3655
3560	3620
3511	3572
3479	3540
3463	3524
3402	3443
3296	3297
3444	3429
3846	3838
3979	3943
3842	3742
3774	3678
3774	3750
3713	3734
3590	3629
3597	3657
3734	3818
4631	4780
6289	6542
7942	8183
9588	9700
10599	10632
10976	10977
11068	11057
10875	10873
10548	10638
10088	10354
9770	10119
9593	9934
9552	9846
9647	9854
9738	9870
9826	9894
9866	9806
9858	9605
9757	9360
9561	9072
9181	8772
8615	8460
8099	8051
7634	7545
7382	7288
7344	7281
7422	7410
7615	7675
7577	7703
7310	7494
6916	7164
6394	6714
6038	6406
5848	6238
5786	6162
5853	6178
5837	6158
5739	6102
5677	6002
5653	5857
5618	5681
5570	5473
5601	5373
5712	5381
5941	5583
6289	5980
6588	6360
6837	6724
6887	6882
6738	6834
6497	6663
6164	6369
5878	6012
5640	5590
5186	5003
4516	4250
4300	3920
4538	4013
5078	4360
3174	3118
3174	3118
3174	3118
3174	3118
3174	3118
3178	3122
3186	3130
3194	3140
3202	3152
3207	3163
3207	3171
3228	3192
3270	3228
3293	3248
3298	3254
3308	3264
3323	3279
3331	3290
3331	3298
3334	3305
3342	3310
3346	3317
3346	3325
3346	3333
3347	3339
3360	3358
3384	3390
3396	3410
3396	3418
3396	3422
3396	3422
3371	3396
3322	3344
3279	3299
3241	3261
3207	3226
3175	3194
3138	3162
3098	3130
3073	3108
3064	3097
3076	3108
3108	3140
3132	3172
3149	3205
3161	3222
3169	3222
3168	3233
3158	3255
3173	3278
3213	3302
3268	3328
3336	3356
3410	3393
3490	3439
3544	3476
3570	3502
3591	3540
3605	3588
3604	3620
3588	3634
3588	3657
3604	3689
3531	3622
3369	3457
3453	3503
3782	3760
3838	3768
3621	3527
3589	3519
3742	3744
3822	3912
3830	4025
3946	4237
4171	4551
5117	5495
6783	7070
8287	8439
9628	9604
10399	10234
10600	10331
10680	10423
10640	10511
10550	10546
10410	10528
10256	10442
10087	10289
9950	10112
9846	9912
9734	9695
9613	9462
9412	9185
9131	8864
8846	8567
8558	8295
8450	8171
8524	8195
8316	8062
7826	7770
7577	7671
7570	7764
7739	7939
8084	8196
8233	8263
8184	8141
7999	7955
7678	7706
7369	7472
7073	7252
6821	7034
6612	6817
6552	6804
6640	6995
6532	6902
6227	6524
5911	6151
5586	5783
5403	5555
5363	5467
5495	5514
5799	5697
6079	5861
6337	6006
6490	6119
6538	6199
6501	6234
6380	6223
6045	5986
5496	5523
4927	5094
4337	4700
4095	4573
4202	4714
4441	4861
3038	2982
3038	2982
3038	2982
3038	2982
3038	2982
3050	2994
3074	3018
3088	3034
3092	3042
3107	3059
3131	3085
3154	3109
3177	3132
3189	3144
3191	3144
3201	3154
3220	3174
3241	3197
3265	3221
3278	3237
3280	3245
3293	3265
3317	3297
3330	3316
3330	3322
3346	3341
3378	3373
3406	3405
3430	3437
3442	3457
3442	3465
3419	3442
3373	3387
3333	3345
3299	3316
3266	3290
3234	3266
3202	3238
3170	3206
3146	3186
3131	3179
3140	3191
3172	3221
3213	3265
3261	3321
3286	3354
3286	3362
3313	3401
3367	3472
3398	3506
3406	3504
3408	3501
3404	3496
3407	3492
3418	3486
3438	3500
3468	3532
3524	3588
3604	3669
3666	3733
3709	3782
3746	3823
3778	3855
3716	3803
3560	3668
3579	3669
3771	3805
3731	3733
3458	3452
3466	3468
3755	3781
4004	4066
4213	4323
4530	4721
4956	5259
5913	6263
7402	7732
8640	8897
9628	9756
10138	10154
10170	10090
10286	10174
10487	10407
10627	10567
10707	10656
10678	10624
10542	10471
10333	10242
10052	9937
9755	9632
9442	9327
9124	9046
8803	8789
8523	8564
8282	8372
7932	8034
7473	7550
7288	7347
7378	7426
7570	7559
7864	7745
8011	7757
8011	7597
7795	7312
7364	6903
7032	6654
6799	6566
6713	6575
6775	6681
6802	6685
6793	6589
6915	6677
7167	6951
7112	6992
6750	6799
6401	6586
6064	6353
5828	6136
5691	5935
5640	5795
5674	5715
5705	5659
5732	5627
5769	5595
5817	5562
5861	5523
5900	5478
5837	5429
5672	5377
5506	5373
5338	5416
5353	5567
5550	5824
5622	5863
2950	2918
2950	2918
2950	2918
2950	2922
2950	2930
2954	2934
2962	2934
2978	2951
3002	2985
3021	3005
3034	3010
3059	3028
3094	3058
3112	3074
3112	3074
3122	3085
3142	3109
3157	3125
3165	3133
3181	3153
3205	3187
3233	3220
3265	3252
3292	3282
3314	3310
3341	3341
3373	3373
3405	3405
3437	3438
3465	3466
3489	3491
3463	3459
3387	3371
3337	3319
3313	3303
3298	3296
3290	3296
3270	3284
3238	3260
3228	3261
3241	3287
3261	3316
3287	3348
3329	3393
3386	3450
3426	3495
3450	3527
3498	3574
3568	3636
3600	3672
3595	3680
3606	3715
3634	3775
3647	3817
3645	3841
3660	3864
3692	3886
3733	3906
3781	3922
3822	3931
3854	3934
3887	3945
3919	3965
3884	3941
3781	3874
3773	3880
3861	3960
3773	3876
3508	3627
3524	3623
3822	3864
4099	4094
4356	4311
4809	4797
5460	5552
6544	6733
8062	8339
9210	9508
9989	10239
10283	10459
10090	10170
10086	10058
10270	10122
10367	10090
10375	9961
10279	9753
10078	9463
9841	9202
9568	8969
9327	8809
9118	8721
8949	8676
8821	8676
8692	8652
8564	8604
8475	8698
8425	8934
8239	8812
7916	8333
7639	7876
7407	7441
7179	7082
6954	6801
6814	6703
6758	6788
6823	6987
7008	7301
7057	7365
6970	7179
6685	6750
6203	6075
6091	5765
6349	5818
6542	6062
6670	6496
6706	6754
6650	6837
6481	6681
6200	6285
5979	5987
5819	5789
5723	5718
5691	5775
5595	5684
5434	5446
5222	5085
4957	4602
4763	4384
4638	4432
4695	4636
4934	4996
5214	5352
5536	5706
5584	5775
2886	2886
2886	2886
2886	2886
2898	2898
2922	2922
2934	2938
2934	2946
2952	2965
2990	2997
3010	3013
3012	3013
3017	3016
3026	3022
3030	3025
3030	3025
3045	3041
3074	3073
3101	3101
3125	3125
3155	3156
3192	3195
3227	3231
3260	3263
3288	3287
3312	3301
3341	3325
3373	3357
3406	3386
3440	3414
3462	3432
3470	3440
3429	3402
3339	3320
3292	3275
3287	3267
3284	3263
3284	3263
3280	3267
3272	3275
3284	3296
3316	3330
3356	3381
3405	3448
3458	3510
3514	3566
3559	3610
3591	3640
3630	3675
3676	3713
3720	3764
3761	3829
3827	3920
3919	4036
4001	4142
4074	4239
4111	4283
4114	4276
4107	4252
4091	4212
4062	4158
4020	4089
3997	4041
3992	4012
3976	4005
3947	4020
3989	4096
4102	4232
4041	4192
3808	3975
3764	3903
3909	3975
4051	4037
4190	4089
4685	4580
5536	5512
6829	6897
8564	8736
9789	9993
10504	10668
10684	10865
10331	10584
10090	10311
9961	10046
9736	9672
9415	9190
9046	8684
8628	8154
8327	7797
8142	7612
8078	7596
8134	7749
8227	7942
8355	8174
8443	8351
8492	8472
8703	8600
9075	8736
9066	8740
8677	8613
8270	8443
7844	8231
7467	7948
7137	7594
6979	7310
6992	7094
7147	7063
7445	7216
7499	7241
7310	7138
6878	6830
6204	6316
5697	5756
5360	5150
5552	5277
6275	6137
6729	6667
6915	6869
6735	6641
6189	5984
5819	5566
5624	5389
5644	5498
5877	5892
5861	5978
5597	5756
5113	5247
4410	4450
4293	4343
4761	4926
5197	5407
5602	5786
5981	6123
6334	6420
6436	6530
2918	2950
2918	2950
2918	2950
2922	2951
2930	2952
2946	2970
2970	3002
2990	3021
3005	3026
3013	3033
3013	3041
3024	3056
3046	3078
3057	3089
3057	3089
3073	3105
3105	3137
3125	3153
3133	3153
3156	3168
3195	3199
3231	3231
3263	3263
3279	3275
3277	3267
3293	3274
3325	3298
3346	3312
3358	3314
3376	3328
3400	3352
3378	3339
3312	3289
3267	3252
3243	3228
3231	3216
3231	3215
3243	3231
3267	3263
3296	3296
3330	3330
3391	3396
3477	3492
3549	3569
3606	3625
3647	3670
3674	3703
3707	3743
3745	3789
3804	3848
3886	3922
3992	4021
4124	4145
4239	4247
4335	4327
4380	4364
4372	4356
4340	4328
4284	4280
4218	4220
4141	4146
4076	4082
4024	4026
4029	4053
4092	4164
4200	4292
4353	4437
4329	4421
4128	4244
4039	4152
4063	4144
4053	4089
4008	3987
4484	4458
5480	5502
6937	6996
8857	8941
10122	10174
10732	10696
11001	11001
10929	11090
10720	10973
10375	10652
9897	10178
9287	9552
8668	8905
8042	8239
7612	7755
7379	7455
7363	7402
7564	7595
7821	7864
8134	8209
8375	8488
8545	8703
8392	8483
7916	7829
7832	7647
8139	7938
8395	8222
8600	8501
8526	8536
8173	8327
7696	7946
7094	7392
6734	7011
6613	6802
6590	6677
6664	6636
6605	6503
6412	6278
5941	5868
5191	5274
5237	5330
6080	6036
6568	6418
6701	6477
6401	6165
5668	5482
5229	5084
5084	4972
5281	5185
5819	5723
6034	5980
5925	5956
5487	5628
4722	4995
4536	4773
4929	4963
5266	5138
5547	5298
5780	5415
5965	5487
6055	5543
2982	3018
2982	3018
2982	3018
2985	3021
2990	3026
3009	3041
3042	3065
3059	3082
3060	3090
3073	3107
3097	3133
3112	3148
3118	3151
3121	3153
3121	3153
3137	3169
3169	3201
3185	3217
3185	3217
3192	3220
3207	3227
3231	3243
3263	3267
3276	3272
3269	3257
3270	3250
3278	3251
3282	3251
3283	3251
3288	3251
3296	3250
3284	3237
3252	3212
3232	3199
3224	3199
3218	3198
3216	3195
3231	3211
3263	3246
3296	3285
3330	3327
3396	3394
3492	3486
3569	3565
3625	3632
3678	3692
3727	3746
3783	3811
3845	3887
3897	3934
3938	3953
4005	3988
4097	4040
4167	4074
4215	4090
4235	4098
4228	4099
4216	4099
4200	4099
4163	4089
4106	4068
4058	4045
4018	4019
4077	4100
4237	4288
4373	4426
4485	4514
4469	4493
4325	4365
4240	4289
4216	4265
4144	4200
4025	4096
4503	4590
5579	5682
7074	7161
8988	9028
10150	10106
10560	10395
10865	10632
11066	10817
11070	10885
10877	10837
10516	10620
9986	10235
9395	9737
8745	9126
8226	8594
7840	8141
7711	7938
7840	7986
8069	8167
8398	8481
8691	8779
8946	9061
8874	9099
8473	8891
8185	8546
8010	8065
7926	7736
7933	7560
7977	7581
8058	7800
8061	8000
7987	8181
7894	8235
7782	8163
7501	7809
7053	7173
6524	6467
5913	5691
5539	5386
5399	5552
5555	5739
6004	5948
6218	6030
6196	5987
5932	5815
5426	5515
5132	5333
5052	5269
5208	5337
5602	5538
5816	5654
5851	5686
5669	5613
5270	5436
5057	5296
5029	5194
5023	5097
5039	5003
5026	4888
4986	4751
4994	4715
3058	3109
3058	3109
3058	3109
3059	3109
3060	3109
3065	3109
3073	3109
3090	3121
3114	3145
3133	3160
3148	3166
3163	3178
3178	3193
3185	3201
3185	3201
3201	3217
3233	3249
3249	3265
3249	3265
3252	3267
3260	3273
3267	3276
3275	3276
3263	3260
3230	3229
3215	3215
3217	3220
3219	3222
3219	3222
3217	3220
3215	3215
3199	3201
3169	3177
3154	3161
3154	3153
3154	3149
3153	3149
3173	3164
3214	3195
3263	3239
3319	3295
3390	3364
3474	3444
3559	3529
3645	3617
3712	3686
3759	3735
3826	3809
3913	3909
3960	3967
3966	3983
3971	3971
3974	3932
3968	3876
3952	3803
3953	3777
3970	3795
3978	3833
3978	3889
3996	3953
4032	4025
4043	4050
4030	4028
4122	4100
4319	4266
4453	4378
4523	4435
4493	4435
4365	4379
4297	4363
4289	4387
4256	4419
4200	4459
4718	5005
5810	6057
7258	7388
9060	8997
10042	9910
10203	10127
10303	10167
10343	10030
10419	10046
10532	10215
10492	10255
10299	10166
9929	9893
9383	9435
8859	8957
8358	8459
8083	8145
8035	8017
8159	8073
8456	8314
8752	8571
9048	8845
9157	8944
9082	8866
8730	8560
8103	8024
7653	7664
7379	7479
7347	7480
7554	7666
7763	7807
7974	7903
8035	7859
7946	7674
7600	7289
6997	6704
6334	6073
5611	5397
5411	5301
5732	5785
5884	6002
5868	5954
5856	5906
5849	5859
5814	5783
5751	5679
5687	5583
5623	5495
5570	5427
5530	5378
5494	5326
5462	5270
5461	5247
5492	5257
5491	5281
5458	5318
5358	5300
5191	5228
4999	5139
4782	5035
4705	5023
3171	3201
3171	3201
3171	3201
3171	3201
3171	3201
3171	3201
3171	3201
3175	3201
3183	3201
3187	3201
3189	3201
3193	3201
3198	3201
3201	3201
3201	3201
3217	3217
3249	3249
3265	3265
3265	3265
3265	3265
3267	3265
3268	3265
3268	3265
3263	3265
3253	3265
3251	3267
3257	3273
3260	3276
3260	3276
3257	3273
3251	3267
3243	3266
3235	3269
3219	3255
3195	3223
3183	3207
3183	3207
3186	3204
3191	3198
3214	3207
3255	3232
3316	3283
3398	3361
3475	3429
3548	3485
3614	3541
3673	3597
3759	3639
3873	3666
3955	3725
4003	3818
3989	3848
3911	3816
3796	3739
3643	3619
3570	3578
3576	3618
3664	3747
3832	3964
3961	4117
4049	4205
4067	4214
4014	4142
4035	4097
4130	4078
4202	4077
4250	4092
4318	4192
4406	4376
4487	4573
4559	4782
4688	5075
4872	5453
5451	6111
6422	7051
7551	8022
8837	9026
9709	9745
10167	10179
10223	10207
9878	9830
9765	9653
9886	9677
9910	9641
9837	9544
9628	9368
9283	9111
8888	8786
8444	8392
8125	8071
7932	7822
7908	7717
8053	7758
8235	7858
8455	8017
8458	8005
8245	7821
8035	7701
7829	7644
7770	7716
7858	7917
7980	8077
8134	8196
8130	8127
7969	7870
7708	7565
7347	7212
6876	6802
6295	6336
5686	5839
5049	5312
5058	5257
5712	5675
6095	5992
6207	6209
6180	6241
6014	6088
5721	5751
5301	5228
5023	4875
4886	4690
4906	4698
5083	4899
5151	4975
5111	4927
4971	4742
4731	4420
4666	4368
4775	4587
4924	4824
5114	5081
5310	5338
5510	5595
5667	5760
3201	3201
3201	3201
3201	3201
3201	3201
3201	3201
3201	3201
3201	3201
3201	3201
3201	3201
3201	3201
3201	3201
3201	3201
3201	3201
3201	3201
3201	3201
3217	3213
3249	3237
3265	3249
3265	3249
3265	3249
3265	3249
3265	3249
3265	3249
3265	3249
3265	3249
3265	3249
3267	3249
3268	3249
3268	3249
3267	3249
3265	3249
3269	3256
3278	3271
3267	3263
3235	3231
3219	3215
3219	3215
3218	3211
3216	3203
3219	3201
3227	3206
3265	3236
3334	3292
3389	3334
3429	3362
3469	3388
3509	3413
3448	3381
3286	3292
3279	3312
3427	3440
3549	3548
3645	3636
3706	3693
3730	3717
3802	3789
3922	3909
4083	4066
4284	4259
4421	4399
4493	4485
4490	4499
4412	4441
4286	4357
4111	4246
4003	4151
3960	4073
4055	4194
4288	4515
4621	5021
5055	5712
5581	6499
6200	7382
6987	8310
7942	9282
8801	10020
9564	10526
10018	10715
10163	10587
10119	10410
9886	10185
9709	9928
9589	9639
9448	9374
9287	9133
9111	8956
8918	8844
8649	8659
8304	8402
7982	8101
7685	7756
7501	7487
7428	7294
7439	7212
7533	7242
7585	7358
7595	7563
7557	7609
7469	7498
7501	7494
7654	7599
7771	7659
7854	7675
7799	7582
7606	7381
7429	7241
7268	7160
7068	7068
6827	6963
6532	6795
6185	6562
5899	6148
5675	5554
5695	5406
5960	5703
6088	5915
6080	6044
5871	5984
5462	5735
5140	5482
4907	5225
4803	5028
4827	4892
4799	4763
4719	4643
4561	4506
4325	4353
4389	4504
4754	4958
5000	5197
5129	5221
5225	5197
5289	5125
5301	5032
3201	3185
3201	3185
3201	3185
3201	3185
3201	3185
3201	3185
3201	3185
3201	3185
3201	3185
3201	3185
3201	3185
3201	3185
3201	3185
3201	3185
3201	3185
3205	3185
3213	3185
3217	3185
3217	3185
3217	3185
3217	3185
3217	3185
3217	3185
3217	3185
3217	3185
3217	3185
3217	3185
3217	3185
3217	3185
3217	3185
3217	3185
3227	3197
3249	3222
3244	3222
3211	3198
3195	3182
3195	3174
3183	3158
3159	3134
3154	3127
3169	3138
3196	3155
3236	3177
3266	3193
3286	3203
3300	3209
3308	3213
3436	3400
3685	3769
3826	3944
3857	3924
3845	3861
3789	3755
3700	3625
3580	3472
3539	3411
3579	3441
3696	3556
3889	3757
4051	3945
4182	4119
4242	4226
4230	4267
4311	4390
4483	4594
4522	4682
4430	4653
4608	4940
5058	5542
5773	6446
6752	7650
7828	8927
9001	10277
10082	11445
11069	12433
11679	12967
11912	13047
11836	12818
11451	12280
11081	11762
10728	11264
10310	10690
9828	10039
9419	9501
9081	9075
8905	8895
8889	8959
8817	8980
8688	8955
8427	8734
8033	8317
7676	7899
7355	7482
7178	7226
7144	7132
7326	7299
7723	7725
7858	7886
7730	7782
7695	7767
7751	7839
7739	7819
7659	7707
7478	7474
7197	7120
7000	6855
6887	6679
6803	6554
6747	6482
6626	6353
6442	6169
6004	5775
5313	5173
5125	5004
5438	5269
5723	5562
5980	5884
6088	6116
6048	6261
5899	6229
5642	6020
5373	5735
5093	5374
4868	5093
4699	4892
4578	4787
4506	4779
4713	4962
5199	5336
5414	5494
5357	5438
5253	5354
5101	5241
4952	5129
3153	3137
3153	3137
3153	3137
3153	3137
3153	3137
3153	3137
3153	3137
3153	3137
3153	3137
3153	3137
3153	3137
3153	3137
3153	3137
3153	3137
3153	3137
3153	3133
3153	3125
3153	3121
3153	3121
3153	3121
3153	3121
3153	3121
3153	3121
3153	3121
3153	3121
3153	3121
3153	3121
3153	3121
3153	3121
3153	3121
3153	3121
3165	3131
3189	3151
3198	3166
3190	3174
3174	3164
3150	3136
3134	3118
3126	3110
3119	3102
3114	3095
3113	3089
3116	3084
3116	3075
3112	3061
3117	3059
3128	3069
3271	3158
3544	3328
3667	3414
3640	3416
3596	3418
3534	3419
3467	3432
3395	3456
3404	3521
3493	3627
3646	3765
3863	3933
4079	4102
4295	4272
4453	4405
4552	4501
4595	4511
4581	4435
4630	4531
4743	4799
5189	5399
5968	6331
7040	7499
8405	8905
9795	10286
11208	11643
12401	12784
13373	13708
13883	14210
13931	14290
13662	14069
13075	13547
12453	12944
11794	12262
11067	11475
10272	10583
9622	9841
9116	9246
8927	9005
9056	9118
9148	9214
9204	9294
9023	9130
8606	8720
8156	8258
7674	7744
7357	7387
7205	7187
7275	7127
7567	7207
7693	7261
7654	7288
7711	7417
7863	7650
7899	7763
7819	7755
7570	7558
7152	7172
6807	6847
6534	6582
6321	6377
6169	6233
5976	6048
5743	5823
5462	5602
5133	5385
5044	5273
5197	5265
5434	5385
5755	5634
6068	5952
6373	6337
6470	6526
6357	6517
6112	6337
5735	5983
5438	5694
5221	5470
5133	5382
5173	5430
5251	5398
5368	5288
5438	5285
5462	5390
5498	5544
5547	5746
5563	5896
3137	3137
3137	3137
3137	3137
3137	3137
3137	3137
3137	3137
3137	3137
3137	3137
3137	3137
3137	3137
3137	3137
3137	3137
3137	3137
3137	3137
3137	3137
3125	3112
3101	3064
3089	3040
3089	3040
3089	3040
3089	3040
3089	3040
3089	3040
3089	3040
3089	3040
3089	3040
3089	3040
3089	3040
3089	3040
3089	3040
3089	3040
3095	3049
3108	3066
3126	3087
3150	3111
3152	3118
3132	3110
3110	3098
3086	3082
3076	3080
3082	3092
3084	3094
3082	3088
3070	3074
3048	3052
3036	3035
3035	3022
3063	3065
3121	3164
3184	3226
3250	3251
3325	3290
3409	3344
3519	3443
3656	3586
3764	3694
3844	3768
3912	3826
3968	3866
4014	3910
4049	3956
4083	4017
4115	4094
4139	4305
4156	4649
4384	5086
4822	5617
5571	6424
6631	7508
7824	8637
9149	9809
10402	10865
11583	11805
12595	12637
13438	13359
13948	13845
14125	14094
14040	14114
13695	13905
13237	13568
12667	13102
11912	12412
10972	11496
10157	10653
9467	9882
9129	9424
9145	9279
9177	9191
9226	9159
9053	8959
8660	8589
8206	8167
7692	7693
7316	7332
7078	7083
6854	6786
6645	6441
6588	6304
6683	6376
6887	6553
7200	6834
7409	7043
7513	7179
7437	7167
7179	7006
6975	6914
6822	6890
6722	6914
6674	6987
6569	6979
6409	6890
6196	6706
5931	6424
5690	6099
5473	5730
5417	5517
5521	5460
5766	5593
6152	5914
6396	6159
6501	6328
6408	6308
6119	6099
5862	5890
5638	5682
5534	5569
5550	5553
5404	5339
5097	4926
5036	4828
5221	5045
5489	5362
5840	5779
6128	6140
3137	3121
3137	3121
3137	3121
3137	3121
3137	3121
3137	3121
3137	3121
3137	3121
3137	3121
3137	3121
3137	3121
3137	3121
3137	3121
3137	3121
3137	3121
3096	3072
3016	2976
2976	2928
2976	2928
2976	2928
2976	2928
2976	2928
2976	2928
2976	2928
2976	2928
2976	2928
2976	2928
2976	2928
2976	2928
2976	2928
2976	2928
2992	2944
3026	2978
3047	2998
3055	3006
3062	3019
3070	3037
3082	3065
3098	3103
3112	3132
3124	3152
3120	3148
3100	3122
3084	3105
3073	3099
3055	3081
3030	3051
3164	3197
3455	3519
3540	3596
3417	3428
3312	3304
3225	3224
3202	3241
3246	3354
3312	3535
3400	3785
3506	4067
3628	4382
3790	4748
3992	5166
4209	5566
4439	5948
5007	6688
5913	7788
6638	8579
7184	9060
7958	9718
8962	10553
9938	11319
10886	12018
11677	12549
12311	12910
12910	13287
13472	13681
13901	14006
14199	14263
14291	14339
14178	14235
13937	14022
13568	13701
12974	13195
12155	12504
11327	11725
10492	10858
9890	10135
9520	9557
9255	9127
9095	8846
8846	8577
8509	8320
8143	8051
7749	7770
7436	7525
7204	7316
6923	7076
6593	6805
6408	6589
6368	6428
6416	6344
6553	6336
6665	6340
6753	6356
6749	6328
6653	6256
6665	6324
6786	6532
6954	6790
7171	7095
7276	7268
7268	7308
7131	7248
6866	7087
6501	6762
6035	6272
5685	5850
5452	5497
5432	5352
5625	5416
5814	5537
5999	5714
6035	5798
5922	5790
5778	5729
5601	5617
5489	5537
5441	5489
5202	5251
4773	4824
4659	4683
4860	4827
5161	5075
5562	5426
5931	5762
3089	3073
3089	3073
3089	3073
3089	3073
3089	3073
3089	3073
3089	3073
3089	3073
3089	3073
3089	3073
3089	3073
3089	3073
3089	3073
3089	3073
3089	3073
3040	3024
2944	2928
2896	2880
2896	2880
2896	2880
2896	2880
2896	2880
2896	2880
2896	2880
2896	2880
2896	2880
2896	2880
2896	2880
2896	2880
2896	2880
2896	2880
2904	2880
2921	2881
2942	2899
2966	2934
2990	2966
3012	2996
3048	3040
3097	3098
3140	3147
3176	3188
3180	3198
3154	3179
3138	3169
3131	3166
3113	3149
3083	3117
3164	3200
3356	3399
3396	3518
3283	3558
3266	3754
3343	4107
3558	4613
3911	5271
4365	5986
4921	6758
5509	7505
6128	8228
6784	8958
7478	9694
8090	10329
8620	10862
9348	11480
10276	12183
10908	12623
11245	12799
11702	13060
12280	13405
12782	13678
13207	13878
13481	13951
13601	13894
13770	13902
13986	13975
14159	13999
14288	13975
14260	13818
14075	13529
13822	13244
13501	12963
13075	12630
12545	12244
11846	11630
10979	10786
10160	9903
9389	8980
8807	8281
8413	7807
8152	7566
8024	7558
7891	7554
7754	7554
7598	7491
7421	7364
7247	7203
7076	7008
6846	6738
6557	6392
6336	6111
6183	5894
6067	5738
5986	5641
5902	5565
5814	5508
5890	5617
6131	5890
6420	6199
6758	6545
6954	6737
7011	6778
7055	6870
7087	7015
6882	6902
6440	6533
6011	6131
5593	5698
5352	5400
5288	5240
5328	5220
5473	5340
5597	5501
5701	5701
5745	5846
5729	5934
5713	5985
5697	5998
5486	5796
5079	5377
4899	5164
4947	5156
5105	5248
5371	5441
5633	5641
3073	3089
3073	3089
3073	3089
3073	3089
3073	3089
3073	3089
3073	3089
3073	3089
3073	3089
3073	3089
3073	3089
3073	3089
3073	3089
3073	3089
3073	3089
3024	3048
2928	2968
2880	2928
2880	2928
2880	2928
2880	2928
2880	2924
2880	2916
2880	2912
2880	2912
2880	2912
2880	2912
2880	2908
2880	2900
2880	2896
2880	2896
2872	2895
2857	2894
2869	2911
2908	2944
2949	2981
2991	3023
3043	3065
3107	3107
3155	3115
3188	3088
3202	3087
3197	3113
3198	3241
3205	3470
3190	3689
3154	3899
3306	4345
3649	5027
3964	5585
4253	6019
4770	6652
5517	7483
6405	8381
7433	9346
8396	10204
9294	10955
10055	11569
10682	12045
11268	12456
11816	12801
12284	13081
12674	13295
13083	13499
13510	13692
13724	13777
13723	13753
13790	13738
13927	13730
14007	13645
14031	13485
13959	13276
13790	13019
13686	12830
13645	12710
13525	12493
13324	12180
13015	11790
12597	11324
12288	11015
12088	10863
11859	10662
11602	10413
11076	9907
10281	9144
9365	8265
8329	7269
7550	6514
7028	6000
6819	5811
6924	5947
7040	6132
7169	6365
7204	6513
7145	6574
6944	6459
6600	6167
6264	5884
5934	5611
5669	5382
5469	5198
5352	5098
5320	5082
5316	5110
5340	5182
5504	5362
5810	5652
6127	5941
6456	6230
6617	6378
6609	6386
6693	6491
6870	6692
6822	6704
6549	6527
6212	6282
5810	5969
5497	5704
5272	5487
5212	5415
5316	5487
5509	5660
5790	5933
6031	6198
6231	6455
6352	6623
6391	6703
6181	6478
5720	5948
5477	5688
5453	5696
5505	5720
5634	5760
5786	5804
3121	3121
3121	3121
3121	3121
3121	3121
3121	3121
3121	3121
3121	3121
3121	3121
3121	3121
3121	3121
3121	3121
3121	3121
3121	3121
3121	3121
3121	3121
3096	3104
3048	3072
3024	3056
3024	3056
3024	3056
3024	3056
3012	3044
2988	3020
2976	3008
2976	3008
2976	3012
2976	3020
2964	3012
2940	2988
2928	2976
2928	2976
2949	3009
2993	3075
3024	3095
3041	3070
3064	3065
3093	3080
3105	3090
3099	3093
3027	3015
2887	2855
2854	2814
2929	2894
3297	3325
3960	4108
4645	4935
5352	5804
6315	6919
7533	8278
8380	9218
8857	9739
9398	10265
10004	10796
10541	11174
11008	11398
11408	11561
11742	11664
12045	11766
12319	11866
12521	11889
12652	11834
12720	11736
12725	11597
12727	11451
12728	11298
12782	11295
12892	11441
12902	11442
12814	11298
12593	11001
12239	10551
11902	10157
11580	9820
11336	9567
11167	9398
10902	9141
10541	8796
10143	8431
9710	8045
9425	7744
9288	7527
9039	7254
8677	6924
8123	6463
7377	5869
6602	5278
5798	4692
5172	4210
4722	3832
4541	3652
4629	3668
4830	3808
5144	4073
5418	4334
5653	4592
5750	4836
5709	5068
5600	5184
5423	5184
5250	5156
5082	5100
4974	5032
4926	4952
4946	4908
5034	4899
5190	4968
5415	5112
5640	5321
5865	5594
6021	5847
6110	6080
6262	6257
6479	6377
6548	6445
6467	6462
6343	6454
6174	6421
6021	6377
5885	6321
5829	6285
5853	6269
5953	6285
6130	6333
6347	6437
6604	6598
6799	6726
6933	6823
6688	6624
6064	6129
5796	5938
5884	6051
5892	6038
5820	5902
5695	5689
3089	3073
3089	3073
3089	3073
3089	3073
3089	3073
3089	3073
3089	3073
3089	3073
3089	3073
3089	3073
3089	3073
3089	3073
3089	3073
3089	3073
3089	3073
3072	3052
3040	3012
3024	2992
3024	2992
3024	2996
3024	3004
3020	3012
3012	3020
3008	3024
3008	3024
3020	3040
3044	3072
3052	3093
3044	3101
3040	3105
3040	3105
3073	3142
3139	3216
3125	3175
3031	3021
2984	2934
2984	2915
3019	2967
3089	3091
3079	3147
2991	3135
2967	3132
3009	3139
3325	3338
3916	3727
4559	4170
5254	4666
6155	5304
7261	6082
8098	6750
8665	7308
9252	7898
9859	8519
10280	8946
10515	9181
10662	9309
10722	9329
10729	9273
10685	9139
10558	8926
10347	8634
10131	8360
9912	8102
9669	7827
9403	7534
9314	7412
9403	7460
9359	7379
9182	7170
8869	6845
8419	6403
8042	6046
7736	5772
7523	5608
7403	5552
7210	5436
6945	5259
6652	5042
6331	4785
5974	4432
5580	3982
5307	3757
5154	3757
4925	3724
4620	3660
4295	3560
3949	3423
3628	3251
3331	3042
3142	2869
3062	2733
3066	2644
3154	2604
3263	2596
3391	2620
3719	2934
4246	3536
4638	4046
4895	4463
5100	4821
5253	5118
5273	5206
5160	5086
4996	4857
4779	4520
4695	4339
4743	4315
4984	4548
5418	5038
5855	5552
6297	6090
6474	6347
6385	6323
6397	6411
6510	6612
6614	6829
6711	7062
6771	7230
6795	7334
6783	7351
6735	7279
6654	7122
6542	6881
6469	6656
6437	6447
6405	6270
6373	6126
6287	6079
6145	6129
6115	6179
6195	6227
6159	6169
6006	6005
5785	5783
3073	3056
3073	3056
3073	3056
3073	3056
3073	3056
3073	3056
3073	3056
3073	3056
3073	3056
3073	3056
3073	3056
3073	3056
3073	3056
3073	3056
3073	3056
3044	3024
2988	2960
2960	2932
2960	2940
2972	2960
2996	2992
3020	3024
3044	3056
3056	3081
3056	3097
3072	3121
3104	3153
3133	3185
3157	3217
3169	3232
3169	3230
3214	3270
3304	3352
3245	3282
3039	3060
2915	2925
2872	2877
2934	2945
3102	3127
3219	3272
3287	3380
3309	3410
3284	3363
3362	3358
3542	3395
3768	3475
4040	3597
4364	3701
4741	3787
5176	4021
5670	4403
6203	4825
6776	5288
7174	5613
7397	5800
7502	5882
7487	5858
7395	5780
7226	5649
6993	5474
6697	5256
6422	5057
6167	4877
5924	4708
5693	4551
5589	4472
5612	4472
5503	4352
5262	4111
4929	3798
4503	3412
4170	3123
3929	2930
3820	2866
3845	2931
3817	2959
3736	2950
3599	2878
3407	2742
3118	2533
2732	2252
2604	2195
2732	2364
2861	2545
2989	2738
3074	2891
3114	3003
3078	3039
2965	2999
2833	2918
2680	2798
2544	2674
2423	2545
2335	2444
2279	2370
2479	2473
2937	2754
3407	3104
3889	3521
4318	3903
4696	4248
4832	4392
4728	4336
4491	4163
4121	3874
3901	3686
3829	3598
4014	3706
4455	4011
4937	4357
5459	4742
5877	5184
6190	5682
6487	6091
6768	6412
7097	6798
7475	7248
7756	7597
7940	7846
7989	7934
7901	7862
7688	7653
7350	7308
6997	6927
6627	6509
6322	6167
6081	5902
6001	5786
6082	5818
6131	5825
6147	5809
6070	5707
5900	5519
5683	5304
3024	3008
3024	3008
3024	3008
3024	3008
3024	3008
3024	3008
3024	3008
3024	3008
3024	3008
3024	3008
3024	3008
3024	3008
3024	3008
3024	3008
3024	3008
2992	2976
2928	2912
2908	2896
2932	2928
2960	2960
2992	2992
3024	3028
3056	3068
3097	3117
3145	3173
3185	3221
3217	3261
3249	3297
3281	3329
3294	3346
3289	3346
3311	3353
3361	3365
3285	3290
3082	3129
2964	3038
2931	3019
2998	3072
3166	3199
3304	3305
3412	3391
3437	3406
3378	3350
3328	3293
3286	3236
3290	3222
3339	3250
3315	3182
3219	3018
3283	2987
3507	3088
3764	3215
4054	3369
4263	3485
4390	3563
4450	3610
4443	3626
4429	3657
4406	3706
4367	3761
4311	3823
4266	3887
4232	3954
4179	3976
4107	3954
4061	3932
4041	3911
3926	3820
3717	3659
3452	3454
3131	3205
2906	3040
2777	2960
2745	2952
2810	3017
2862	3077
2902	3133
2878	3133
2790	3077
2677	3004
2540	2916
2532	2900
2653	2956
2778	3008
2906	3057
3011	3097
3091	3129
3135	3157
3143	3181
3126	3201
3086	3217
3034	3221
2970	3213
2923	3212
2893	3217
2915	3231
2987	3253
3136	3304
3361	3385
3573	3473
3774	3569
3886	3662
3910	3750
3874	3818
3778	3866
3694	3866
3622	3818
3626	3754
3706	3674
3811	3602
3939	3537
4268	3730
4798	4180
5224	4545
5545	4826
5930	5167
6380	5569
6754	5918
7051	6215
7187	6388
7163	6436
7019	6392
6754	6256
6445	6083
6091	5874
5806	5706
5589	5577
5433	5399
5336	5171
5263	5017
5215	4936
5081	4779
4860	4545
4645	4328
3008	3024
3008	3024
3008	3024
3008	3024
3008	3024
3008	3024
3008	3024
3008	3024
3008	3024
3008	3024
3008	3024
3008	3024
3008	3024
3008	3024
3008	3024
2976	2996
2912	2940
2896	2924
2928	2948
2960	2976
2992	3008
3036	3056
3092	3120
3141	3169
3181	3201
3229	3249
3285	3313
3329	3362
3361	3394
3386	3418
3402	3434
3395	3412
3364	3352
3299	3296
3200	3244
3147	3217
3141	3215
3167	3215
3226	3218
3276	3225
3317	3236
3318	3233
3278	3217
3253	3225
3245	3257
3270	3317
3330	3406
3301	3392
3182	3274
3131	3198
3147	3162
3181	3149
3232	3157
3279	3186
3322	3237
3364	3283
3406	3324
3467	3372
3547	3427
3655	3520
3790	3649
3919	3778
4041	3907
4098	4003
4092	4068
4087	4103
4083	4108
4033	4087
3936	4038
3803	3966
3635	3869
3526	3809
3478	3785
3487	3801
3551	3858
3603	3898
3643	3922
3643	3922
3603	3898
3515	3810
3378	3657
3298	3548
3274	3484
3238	3404
3189	3308
3149	3231
3117	3175
3105	3147
3113	3147
3141	3171
3189	3219
3233	3259
3274	3292
3309	3319
3340	3342
3421	3429
3552	3579
3610	3649
3593	3639
3601	3654
3633	3694
3718	3786
3854	3931
3995	4079
4139	4232
4204	4304
4188	4296
4091	4204
3915	4027
3730	3846
3537	3662
3569	3633
3826	3762
4055	3890
4256	4019
4509	4184
4814	4385
5091	4581
5340	4774
5537	4967
5681	5160
5774	5344
5814	5521
5842	5706
5858	5898
5866	6055
5866	6175
5685	6117
5322	5880
5085	5698
4973	5569
4802	5392
4574	5167
4352	4934
3056	3073
3056	3073
3056	3073
3056	3073
3056	3073
3056	3073
3056	3073
3056	3073
3056	3073
3056	3073
3056	3073
3056	3073
3056	3073
3056	3073
3056	3073
3036	3060
2996	3036
2980	3028
2988	3036
3008	3056
3040	3088
3088	3133
3152	3189
3201	3233
3233	3265
3281	3305
3345	3353
3394	3394
3426	3426
3442	3442
3442	3442
3404	3400
3328	3314
3280	3272
3260	3272
3247	3261
3242	3239
3218	3197
3176	3132
3152	3095
3147	3085
3153	3105
3169	3153
3209	3210
3273	3276
3362	3357
3478	3454
3455	3418
3295	3250
3188	3129
3134	3054
3119	3037
3143	3077
3206	3162
3308	3290
3367	3358
3380	3366
3374	3323
3347	3227
3356	3171
3399	3155
3464	3174
3552	3230
3691	3395
3881	3669
3980	3801
3986	3791
3981	3786
3965	3786
3941	3790
3909	3798
3889	3802
3881	3802
3897	3814
3937	3838
3961	3858
3969	3874
3969	3890
3961	3906
3889	3866
3752	3770
3652	3689
3588	3625
3508	3553
3411	3473
3343	3425
3303	3409
3283	3409
3283	3425
3291	3437
3307	3445
3299	3421
3266	3364
3241	3313
3223	3267
3253	3232
3332	3210
3421	3275
3520	3429
3630	3582
3750	3734
3867	3850
3979	3931
4071	3975
4144	3983
4168	3975
4144	3951
4091	3935
4011	3926
3951	3951
3911	4007
3923	4027
3987	4011
4051	4011
4115	4027
4192	4043
4280	4059
4388	4103
4517	4176
4678	4288
4871	4441
5103	4662
5376	4951
5673	5272
5995	5625
6272	5934
6504	6199
6695	6422
6844	6603
6854	6649
6726	6561
6549	6420
6324	6227
6075	5987
3073	3089
3073	3089
3073	3089
3073	3089
3073	3089
3073	3089
3073	3089
3073	3089
3073	3089
3073	3089
3073	3089
3073	3089
3073	3089
3073	3088
3073	3086
3068	3089
3060	3097
3068	3113
3092	3137
3120	3161
3152	3185
3189	3213
3229	3245
3265	3277
3297	3310
3321	3326
3337	3326
3362	3342
3394	3374
3418	3400
3434	3422
3399	3395
3312	3320
3272	3276
3280	3264
3258	3221
3208	3149
3151	3084
3087	3028
3053	3012
3050	3036
3089	3097
3169	3193
3228	3238
3267	3230
3302	3206
3334	3166
3279	3150
3138	3158
3019	3099
2924	2971
2905	2924
2961	2956
3053	3036
3182	3164
3258	3245
3282	3277
3218	3217
3065	3065
2965	2969
2917	2929
2909	2938
2941	2995
3115	3137
3430	3365
3566	3440
3523	3364
3501	3318
3501	3302
3513	3306
3537	3330
3549	3346
3549	3354
3553	3358
3561	3358
3589	3398
3637	3478
3685	3559
3734	3639
3742	3663
3710	3631
3661	3575
3597	3495
3541	3430
3493	3382
3477	3374
3493	3406
3525	3466
3573	3555
3609	3635
3633	3707
3625	3744
3585	3744
3535	3722
3474	3678
3366	3590
3212	3458
3211	3432
3364	3513
3509	3589
3646	3662
3738	3710
3786	3734
3790	3734
3750	3710
3726	3706
3718	3722
3734	3742
3774	3766
3846	3814
3951	3886
3947	3874
3834	3778
3770	3720
3754	3701
3738	3676
3722	3644
3726	3620
3750	3604
3798	3596
3871	3596
4019	3660
4244	3788
4501	3948
4790	4141
5043	4315
5260	4470
5298	4436
5158	4212
5083	4131
5075	4192
5007	4194
4878	4138
4670	3975
3121	3101
3121	3105
3121	3113
3121	3117
3121	3117
3121	3117
3121	3117
3121	3121
3121	3129
3121	3133
3121	3133
3121	3133
3121	3133
3118	3131
3112	3129
3121	3139
3145	3163
3161	3175
3169	3175
3177	3175
3185	3175
3205	3187
3238	3212
3270	3236
3302	3259
3318	3270
3318	3270
3334	3282
3366	3306
3390	3323
3404	3331
3387	3324
3339	3300
3284	3256
3223	3192
3149	3125
3061	3053
2996	3004
2956	2980
2972	3004
3044	3076
3129	3149
3225	3221
3238	3218
3166	3141
3070	3042
2949	2921
3030	3005
3311	3295
3366	3371
3195	3234
3094	3146
3062	3106
3110	3134
3238	3231
3319	3291
3351	3315
3320	3303
3226	3254
3183	3238
3192	3255
3261	3322
3392	3439
3463	3468
3473	3408
3424	3329
3316	3229
3238	3155
3190	3107
3170	3079
3178	3071
3194	3083
3218	3115
3230	3135
3230	3143
3286	3204
3398	3316
3511	3424
3623	3529
3631	3521
3535	3400
3431	3300
3318	3220
3222	3151
3141	3095
3117	3091
3149	3139
3233	3231
3370	3368
3515	3513
3667	3665
3776	3782
3840	3862
3874	3912
3878	3931
3903	3987
3947	4080
3938	4079
3874	3984
3822	3905
3782	3841
3766	3813
3774	3821
3806	3865
3862	3946
3914	4011
3963	4059
3959	4042
3902	3958
3854	3878
3814	3800
3810	3797
3842	3869
3861	3905
3869	3906
3856	3888
3824	3851
3784	3801
3736	3737
3680	3667
3616	3591
3583	3528
3583	3480
3615	3456
3679	3456
3751	3473
3831	3509
3835	3550
3766	3598
3791	3697
3911	3849
3983	3957
4007	4021
3902	3954
3029	3010
3041	3022
3065	3046
3077	3058
3077	3058
3077	3062
3077	3070
3089	3086
3113	3110
3125	3126
3125	3134
3125	3139
3125	3142
3129	3148
3135	3156
3143	3156
3151	3147
3155	3143
3155	3143
3155	3143
3155	3143
3159	3143
3167	3143
3174	3141
3179	3136
3182	3134
3182	3134
3186	3134
3194	3134
3199	3134
3202	3134
3203	3136
3203	3142
3192	3145
3171	3145
3149	3145
3125	3145
3108	3145
3100	3145
3108	3145
3132	3145
3157	3145
3181	3145
3180	3145
3154	3145
3121	3145
3081	3145
3077	3101
3109	3013
3113	2985
3089	3017
3081	3049
3089	3081
3109	3101
3141	3109
3161	3113
3169	3113
3165	3109
3149	3101
3133	3081
3117	3049
3118	3017
3136	2985
3153	2988
3170	3027
3154	3037
3104	3018
3071	3009
3055	3009
3035	2997
3011	2973
3015	2981
3047	3021
3075	3057
3099	3089
3151	3137
3232	3202
3300	3254
3356	3294
3332	3262
3227	3157
3183	3133
3199	3190
3219	3254
3243	3326
3295	3406
3376	3495
3460	3571
3549	3636
3629	3684
3701	3716
3762	3744
3810	3768
3835	3776
3836	3769
3843	3753
3856	3727
3856	3728
3843	3757
3837	3791
3837	3831
3849	3867
3873	3900
3910	3934
3961	3969
3995	3981
4011	3970
3990	3949
3933	3919
3884	3892
3843	3869
3835	3851
3859	3838
3852	3807
3814	3758
3772	3707
3725	3655
3670	3599
3606	3539
3556	3500
3520	3483
3494	3475
3478	3475
3470	3474
3470	3474
3482	3485
3504	3508
3580	3584
3708	3715
3850	3857
4006	4011
4117	4120
4181	4184
4130	4147
3042	3077
3046	3077
3054	3077
3058	3076
3058	3074
3070	3086
3094	3110
3110	3126
3118	3134
3134	3150
3158	3174
3174	3191
3182	3203
3188	3213
3191	3221
3179	3203
3153	3161
3139	3139
3139	3139
3139	3139
3139	3138
3139	3138
3139	3138
3136	3135
3130	3129
3126	3126
3126	3126
3126	3125
3126	3123
3126	3123
3126	3123
3123	3116
3116	3103
3113	3097
3113	3097
3113	3097
3113	3097
3113	3097
3113	3097
3113	3097
3113	3097
3113	3097
3113	3097
3113	3097
3113	3097
3113	3097
3113	3097
3077	3069
3005	3013
2985	3001
3017	3033
3049	3065
3081	3097
3109	3125
3133	3149
3145	3161
3145	3161
3133	3149
3109	3125
3081	3097
3049	3065
3017	3033
2985	3001
2972	2972
2978	2946
2979	2934
2972	2934
2969	2934
2969	2934
2965	2938
2957	2946
2981	2978
3038	3034
3082	3083
3114	3123
3162	3179
3227	3251
3287	3316
3343	3372
3311	3339
3190	3219
3150	3175
3190	3207
3254	3267
3343	3355
3423	3432
3496	3496
3564	3557
3628	3613
3676	3657
3708	3689
3728	3705
3736	3705
3737	3701
3729	3693
3715	3684
3693	3672
3696	3680
3724	3710
3767	3752
3823	3808
3868	3856
3902	3896
3936	3928
3970	3952
3970	3944
3937	3903
3919	3888
3915	3899
3901	3892
3876	3865
3845	3827
3807	3778
3771	3740
3738	3713
3694	3670
3640	3611
3587	3560
3536	3516
3500	3484
3479	3463
3469	3453
3469	3453
3468	3457
3468	3464
3485	3483
3518	3513
3563	3529
3620	3533
3719	3590
3863	3702
3966	3786
4030	3842
4005	3831
3117	3137
3117	3137
3117	3137
3114	3133
3108	3125
3110	3126
3118	3134
3134	3150
3158	3174
3174	3190
3182	3198
3191	3208
3203	3219
3221	3237
3245	3261
3229	3241
3171	3177
3143	3145
3143	3145
3141	3143
3139	3139
3138	3138
3138	3138
3137	3138
3135	3138
3134	3138
3134	3138
3131	3134
3125	3126
3123	3123
3123	3123
3116	3112
3103	3091
3097	3081
3097	3081
3097	3081
3097	3081
3097	3081
3097	3081
3097	3081
3097	3081
3097	3081
3097	3081
3097	3081
3097	3081
3097	3081
3097	3081
3077	3073
3037	3057
3033	3061
3065	3085
3097	3113
3129	3145
3149	3165
3157	3173
3161	3177
3161	3177
3157	3173
3149	3165
3129	3145
3097	3113
3065	3085
3033	3061
2988	3008
2930	2926
2902	2886
2902	2886
2902	2882
2902	2874
2914	2882
2938	2906
2970	2934
3010	2966
3059	3014
3115	3078
3187	3155
3275	3243
3340	3303
3380	3335
3347	3315
3243	3243
3207	3223
3239	3255
3291	3300
3363	3356
3432	3416
3496	3480
3549	3528
3589	3560
3625	3589
3657	3613
3673	3620
3673	3612
3669	3605
3661	3600
3660	3615
3664	3651
3681	3685
3712	3717
3748	3747
3788	3774
3832	3812
3880	3862
3908	3886
3916	3886
3903	3870
3868	3838
3858	3826
3873	3832
3865	3822
3835	3795
3797	3761
3751	3720
3713	3684
3683	3653
3634	3603
3568	3534
3516	3482
3480	3448
3454	3426
3437	3416
3428	3412
3428	3414
3440	3432
3464	3464
3481	3478
3491	3476
3482	3456
3454	3418
3470	3406
3529	3420
3578	3440
3618	3464
3626	3482
3137	3137
3137	3137
3137	3137
3133	3134
3125	3128
3134	3141
3158	3173
3174	3188
3182	3186
3198	3202
3222	3234
3240	3255
3252	3263
3261	3268
3269	3268
3241	3237
3177	3175
3145	3145
3145	3145
3143	3143
3139	3141
3138	3139
3138	3139
3138	3139
3138	3138
3138	3138
3138	3138
3134	3135
3126	3129
3123	3126
3123	3126
3104	3103
3067	3056
3049	3033
3049	3033
3049	3033
3049	3033
3049	3033
3049	3033
3049	3033
3049	3033
3049	3033
3049	3033
3049	3033
3049	3033
3049	3033
3049	3033
3057	3049
3073	3081
3085	3101
3093	3109
3113	3129
3145	3161
3173	3193
3197	3225
3209	3242
3209	3242
3197	3225
3173	3193
3145	3161
3113	3129
3093	3109
3085	3101
3032	3052
2934	2962
2886	2914
2886	2906
2874	2886
2850	2854
2842	2834
2850	2826
2870	2834
2902	2858
2950	2898
3014	2954
3083	3010
3155	3066
3207	3110
3239	3142
3243	3175
3219	3207
3223	3239
3255	3271
3292	3304
3332	3336
3384	3380
3448	3436
3496	3476
3528	3500
3549	3508
3557	3500
3548	3480
3524	3448
3511	3428
3509	3420
3550	3480
3635	3610
3693	3691
3725	3723
3750	3747
3767	3765
3798	3790
3840	3821
3862	3837
3862	3837
3846	3821
3814	3789
3791	3759
3778	3731
3763	3710
3747	3694
3721	3670
3685	3638
3653	3611
3623	3589
3576	3545
3510	3478
3457	3424
3418	3385
3399	3368
3401	3373
3405	3381
3412	3390
3432	3411
3464	3443
3476	3458
3469	3457
3452	3453
3425	3445
3399	3422
3377	3386
3370	3359
3378	3342
3398	3359
3137	3137
3137	3137
3137	3137
3136	3137
3134	3137
3149	3149
3181	3173
3194	3186
3188	3188
3202	3201
3234	3223
3252	3234
3255	3234
3256	3238
3256	3246
3228	3224
3172	3171
3145	3145
3145	3145
3144	3145
3143	3145
3143	3145
3143	3145
3141	3143
3139	3139
3138	3138
3138	3138
3137	3138
3135	3138
3134	3138
3134	3138
3108	3115
3058	3071
3033	3049
3033	3049
3033	3049
3033	3049
3033	3049
3033	3049
3033	3049
3033	3049
3033	3049
3033	3049
3033	3049
3033	3049
3033	3049
3033	3049
3049	3065
3081	3097
3109	3129
3133	3161
3161	3193
3193	3225
3225	3258
3257	3290
3274	3306
3274	3306
3257	3290
3225	3258
3193	3225
3161	3193
3133	3161
3109	3129
3068	3096
3011	3063
2970	3030
2946	2998
2918	2966
2886	2934
2858	2906
2834	2882
2826	2870
2834	2870
2858	2886
2898	2918
2938	2950
2978	2982
3014	3014
3046	3046
3111	3131
3207	3267
3271	3352
3303	3384
3336	3412
3368	3436
3404	3460
3444	3484
3468	3496
3476	3496
3468	3480
3444	3448
3416	3412
3384	3372
3356	3336
3332	3304
3405	3380
3577	3564
3679	3669
3711	3695
3740	3724
3768	3757
3789	3780
3804	3793
3812	3796
3812	3788
3796	3768
3764	3736
3729	3699
3692	3658
3662	3623
3638	3594
3610	3563
3578	3531
3558	3511
3551	3503
3511	3465
3437	3397
3383	3347
3349	3315
3332	3299
3334	3299
3340	3306
3349	3321
3369	3344
3401	3376
3425	3406
3440	3434
3458	3474
3478	3526
3475	3539
3448	3513
3409	3473
3358	3420
3363	3422
3137	3124
3137	3124
3137	3124
3137	3124
3137	3124
3141	3128
3149	3136
3164	3151
3186	3173
3198	3186
3201	3188
3202	3188
3202	3186
3214	3198
3238	3222
3224	3210
3171	3163
3145	3139
3145	3139
3145	3140
3145	3143
3145	3145
3145	3145
3143	3143
3139	3141
3138	3139
3138	3139
3138	3139
3138	3138
3138	3138
3138	3138
3123	3126
3095	3102
3081	3091
3081	3091
3081	3091
3081	3091
3081	3091
3081	3091
3081	3091
3081	3091
3081	3091
3081	3091
3081	3091
3081	3091
3081	3091
3081	3091
3097	3111
3129	3151
3161	3183
3193	3208
3225	3240
3257	3280
3290	3312
3322	3336
3338	3348
3338	3348
3322	3336
3290	3312
3257	3280
3225	3240
3193	3208
3161	3183
3136	3168
3119	3162
3094	3147
3062	3123
3030	3099
2998	3075
2978	3067
2970	3075
2966	3087
2966	3103
2982	3131
3014	3171
3046	3211
3078	3251
3110	3291
3142	3331
3235	3420
3388	3556
3480	3637
3512	3661
3532	3677
3540	3685
3548	3689
3556	3689
3560	3681
3560	3665
3544	3641
3512	3609
3468	3561
3412	3496
3368	3448
3336	3416
3404	3461
3572	3583
3663	3649
3677	3659
3700	3680
3732	3712
3761	3740
3787	3764
3788	3764
3764	3740
3736	3708
3704	3668
3668	3630
3629	3593
3594	3559
3563	3527
3531	3496
3499	3468
3471	3438
3447	3406
3409	3370
3357	3329
3315	3296
3283	3272
3267	3260
3267	3260
3280	3276
3306	3308
3335	3340
3367	3372
3402	3402
3441	3431
3503	3494
3589	3589
3614	3631
3580	3618
3551	3617
3528	3626
3537	3650
3099	3071
3099	3075
3099	3083
3099	3087
3099	3087
3111	3099
3135	3123
3148	3135
3151	3136
3164	3149
3186	3173
3194	3182
3188	3176
3190	3172
3198	3170
3183	3158
3146	3134
3127	3122
3127	3122
3132	3126
3140	3134
3145	3140
3145	3143
3144	3145
3143	3145
3143	3145
3143	3145
3141	3143
3139	3139
3138	3138
3138	3138
3123	3126
3094	3102
3079	3090
3079	3090
3079	3090
3079	3090
3079	3090
3079	3090
3079	3090
3079	3090
3079	3090
3079	3090
3079	3090
3079	3090
3079	3090
3079	3090
3107	3118
3164	3174
3196	3207
3204	3215
3236	3247
3292	3303
3324	3335
3332	3343
3336	3347
3336	3347
3332	3343
3324	3335
3292	3303
3236	3247
3204	3215
3196	3207
3192	3204
3191	3206
3187	3207
3179	3207
3171	3215
3163	3231
3171	3259
3195	3299
3231	3356
3279	3428
3331	3504
3388	3585
3444	3665
3500	3745
3556	3817
3613	3882
3685	3934
3773	3974
3821	3994
3829	3994
3845	4006
3869	4030
3881	4042
3881	4042
3857	4010
3809	3946
3769	3894
3737	3854
3689	3801
3625	3737
3576	3690
3544	3659
3551	3633
3596	3610
3626	3609
3641	3630
3664	3657
3696	3689
3716	3705
3724	3705
3724	3701
3716	3693
3684	3661
3628	3605
3584	3556
3550	3516
3517	3480
3485	3448
3459	3428
3439	3420
3413	3401
3381	3369
3348	3337
3313	3305
3291	3283
3283	3273
3279	3268
3279	3268
3295	3284
3327	3316
3359	3352
3391	3392
3406	3407
3405	3396
3445	3419
3527	3475
3588	3540
3629	3614
3671	3693
3714	3779
3761	3853
3039	3031
3051	3043
3075	3067
3087	3081
3087	3085
3091	3087
3099	3087
3111	3096
3128	3115
3141	3124
3149	3124
3152	3123
3150	3121
3146	3118
3140	3112
3134	3109
3126	3109
3122	3109
3122	3109
3123	3112
3126	3118
3132	3126
3140	3134
3145	3140
3145	3143
3145	3149
3145	3157
3143	3159
3139	3157
3138	3155
3138	3155
3134	3151
3126	3143
3122	3140
3122	3140
3122	3140
3122	3140
3122	3140
3122	3140
3122	3140
3122	3140
3122	3140
3122	3140
3122	3140
3122	3140
3122	3140
3122	3140
3142	3168
3182	3224
3215	3265
3239	3289
3271	3313
3311	3337
3343	3361
3367	3385
3379	3397
3379	3397
3367	3381
3343	3349
3311	3321
3271	3297
3239	3272
3215	3247
3204	3248
3206	3274
3207	3287
3207	3287
3231	3315
3279	3372
3331	3432
3387	3496
3460	3576
3548	3673
3649	3785
3761	3914
3873	4038
3986	4159
4074	4251
4139	4315
4167	4339
4158	4323
4154	4319
4154	4327
4158	4335
4166	4343
4170	4347
4170	4347
4138	4311
4074	4239
4014	4167
3958	4094
3897	4018
3833	3938
3788	3877
3761	3836
3707	3768
3625	3672
3598	3637
3626	3661
3657	3689
3689	3721
3705	3737
3705	3737
3693	3717
3669	3677
3637	3637
3597	3597
3548	3544
3492	3480
3448	3432
3416	3400
3404	3398
3412	3426
3401	3424
3369	3392
3337	3356
3305	3316
3273	3279
3242	3245
3226	3228
3226	3228
3242	3244
3274	3276
3318	3320
3375	3376
3404	3411
3406	3425
3415	3434
3432	3438
3485	3483
3573	3569
3684	3681
3820	3817
3929	3936
3048	3057
3052	3057
3060	3057
3070	3064
3081	3079
3087	3087
3087	3087
3090	3087
3096	3087
3099	3087
3099	3087
3096	3083
3091	3076
3088	3073
3086	3073
3085	3073
3085	3073
3085	3073
3085	3073
3094	3081
3112	3097
3123	3110
3126	3118
3132	3126
3140	3134
3157	3156
3181	3191
3192	3209
3191	3209
3191	3209
3191	3209
3179	3193
3155	3161
3144	3146
3144	3146
3144	3146
3144	3146
3144	3146
3144	3146
3144	3146
3144	3146
3144	3146
3144	3146
3144	3146
3144	3146
3144	3146
3144	3146
3196	3210
3300	3338
3357	3403
3365	3403
3373	3403
3381	3403
3389	3403
3397	3403
3401	3403
3401	3403
3385	3391
3353	3367
3333	3351
3325	3343
3315	3337
3304	3334
3336	3378
3411	3470
3448	3519
3448	3525
3468	3545
3508	3577
3560	3629
3624	3701
3705	3785
3801	3881
3914	3994
4042	4122
4159	4235
4263	4331
4347	4416
4411	4488
4452	4544
4468	4584
4488	4621
4512	4653
4536	4681
4560	4705
4572	4717
4572	4717
4528	4669
4439	4572
4351	4472
4263	4368
4163	4255
4050	4135
3958	4030
3884	3940
3816	3864
3753	3801
3725	3770
3733	3770
3753	3786
3785	3818
3801	3834
3801	3834
3773	3805
3717	3749
3661	3689
3605	3625
3544	3560
3480	3496
3432	3448
3400	3416
3410	3424
3462	3472
3472	3482
3440	3454
3396	3411
3340	3355
3302	3318
3282	3301
3272	3292
3272	3292
3288	3308
3320	3340
3356	3373
3396	3405
3429	3431
3454	3453
3475	3485
3492	3527
3535	3570
3604	3613
3682	3667
3770	3731
3875	3825
3057	3057
3057	3057
3057	3057
3064	3062
3079	3073
3087	3079
3087	3079
3087	3081
3087	3085
3087	3087
3087	3087
3083	3084
3076	3079
3073	3076
3073	3076
3073	3075
3073	3073
3073	3073
3073	3073
3073	3070
3073	3064
3086	3073
3110	3097
3123	3112
3126	3118
3148	3138
3188	3170
3209	3191
3209	3199
3209	3203
3209	3203
3193	3188
3161	3160
3146	3146
3146	3146
3146	3146
3146	3146
3146	3146
3146	3146
3146	3146
3146	3146
3146	3146
3146	3146
3146	3146
3146	3146
3146	3146
3146	3146
3210	3206
3338	3326
3403	3387
3403	3387
3403	3387
3403	3387
3403	3391
3403	3399
3403	3403
3403	3403
3399	3403
3391	3403
3375	3391
3351	3367
3338	3355
3337	3355
3375	3386
3452	3448
3500	3487
3519	3504
3545	3532
3577	3572
3637	3641
3725	3737
3817	3838
3913	3942
4026	4058
4154	4187
4267	4303
4363	4408
4456	4504
4544	4592
4616	4673
4672	4745
4717	4797
4749	4829
4769	4846
4777	4846
4781	4842
4781	4834
4733	4781
4637	4685
4528	4572
4408	4444
4295	4331
4191	4235
4094	4146
4005	4065
3913	3962
3817	3837
3770	3774
3770	3774
3786	3787
3818	3812
3834	3825
3834	3825
3813	3813
3773	3789
3721	3745
3657	3680
3592	3620
3528	3564
3480	3524
3448	3500
3440	3479
3456	3463
3454	3448
3433	3434
3403	3412
3363	3383
3329	3356
3302	3332
3288	3320
3288	3320
3304	3332
3336	3356
3369	3384
3401	3416
3418	3433
3422	3436
3464	3482
3543	3571
3588	3614
3598	3610
3635	3628
3701	3668
3787	3730
3057	3057
3057	3057
3057	3057
3058	3057
3062	3057
3064	3057
3064	3057
3070	3064
3081	3079
3087	3087
3087	3087
3086	3087
3084	3087
3083	3087
3083	3087
3080	3079
3075	3064
3073	3056
3073	3056
3072	3060
3070	3068
3073	3073
3081	3073
3094	3085
3112	3109
3127	3122
3138	3122
3155	3134
3179	3158
3191	3170
3191	3170
3180	3164
3157	3152
3146	3146
3146	3146
3146	3146
3146	3146
3146	3146
3146	3146
3146	3146
3146	3146
3146	3146
3146	3146
3146	3146
3146	3146
3146	3146
3146	3146
3198	3194
3302	3290
3355	3339
3355	3339
3355	3339
3355	3339
3367	3351
3391	3375
3403	3391
3403	3399
3403	3403
3403	3403
3399	3403
3391	3403
3387	3403
3387	3403
3410	3418
3456	3448
3479	3463
3479	3463
3508	3496
3564	3560
3641	3637
3737	3725
3846	3834
3966	3962
4091	4095
4219	4231
4344	4364
4464	4492
4560	4589
4632	4653
4713	4725
4801	4805
4861	4857
4893	4881
4910	4893
4910	4893
4898	4877
4874	4845
4813	4781
4717	4685
4604	4576
4476	4456
4363	4347
4267	4251
4186	4173
4121	4114
4012	4006
3860	3849
3784	3775
3784	3783
3790	3790
3802	3796
3808	3800
3808	3800
3804	3796
3796	3788
3760	3759
3696	3709
3644	3672
3604	3648
3580	3633
3572	3628
3543	3602
3495	3553
3466	3521
3457	3506
3440	3489
3415	3472
3398	3463
3390	3461
3386	3465
3386	3473
3390	3477
3398	3477
3418	3493
3450	3525
3476	3551
3495	3573
3540	3611
3612	3666
3649	3688
3651	3678
3645	3648
3630	3596
3656	3596
3057	3060
3057	3060
3057	3060
3057	3059
3057	3057
3057	3057
3057	3057
3064	3062
3079	3073
3087	3079
3087	3079
3087	3081
3087	3085
3087	3087
3087	3087
3071	3068
3039	3030
3024	3011
3024	3011
3036	3023
3060	3045
3073	3060
3073	3068
3085	3082
3109	3100
3122	3113
3122	3121
3126	3124
3134	3122
3138	3122
3138	3122
3140	3128
3144	3142
3146	3149
3146	3149
3146	3149
3146	3149
3146	3149
3146	3149
3146	3149
3146	3149
3146	3149
3146	3149
3146	3149
3146	3149
3146	3149
3146	3149
3194	3193
3290	3282
3339	3330
3339	3338
3339	3342
3339	3342
3343	3342
3351	3342
3367	3358
3391	3390
3403	3406
3403	3406
3403	3410
3403	3418
3403	3421
3403	3419
3410	3418
3424	3416
3439	3427
3455	3451
3496	3492
3560	3548
3629	3609
3701	3673
3801	3765
3930	3885
4070	4018
4223	4163
4364	4300
4492	4428
4589	4524
4653	4588
4709	4624
4757	4632
4785	4636
4793	4636
4797	4636
4797	4636
4781	4620
4749	4588
4685	4532
4588	4451
4488	4367
4384	4279
4283	4191
4187	4103
4107	4026
4045	3962
3944	3874
3804	3762
3747	3718
3771	3742
3787	3758
3795	3765
3800	3768
3800	3768
3788	3759
3764	3741
3741	3728
3719	3721
3704	3719
3697	3725
3685	3723
3670	3714
3654	3712
3638	3718
3614	3705
3581	3674
3561	3663
3556	3673
3550	3675
3545	3669
3555	3683
3579	3715
3591	3731
3591	3731
3607	3743
3639	3767
3660	3782
3671	3790
3695	3794
3732	3794
3731	3768
3693	3716
3638	3650
3567	3572
3550	3539
3068	3072
3068	3072
3068	3072
3065	3068
3059	3060
3057	3057
3057	3057
3058	3057
3062	3057
3064	3057
3064	3057
3070	3064
3081	3079
3087	3087
3087	3087
3070	3071
3036	3039
3019	3023
3019	3023
3020	3019
3023	3011
3036	3020
3060	3044
3076	3060
3082	3068
3097	3085
3121	3109
3130	3117
3124	3109
3122	3110
3122	3118
3130	3131
3147	3150
3156	3160
3156	3160
3156	3160
3156	3160
3156	3160
3156	3160
3156	3160
3156	3160
3156	3160
3156	3160
3156	3160
3156	3160
3156	3160
3156	3160
3192	3192
3265	3256
3313	3301
3337	3325
3349	3341
3349	3349
3349	3353
3349	3353
3365	3369
3397	3401
3413	3421
3413	3429
3425	3445
3450	3469
3459	3478
3453	3470
3442	3458
3424	3440
3427	3439
3451	3455
3484	3476
3524	3500
3577	3536
3641	3584
3725	3653
3829	3741
3938	3829
4050	3918
4171	4018
4300	4131
4396	4215
4460	4271
4472	4267
4432	4203
4412	4171
4412	4171
4412	4171
4412	4171
4396	4159
4363	4134
4323	4106
4275	4074
4215	4034
4143	3986
4071	3934
3998	3877
3930	3825
3866	3777
3796	3730
3722	3682
3689	3659
3697	3659
3702	3659
3705	3659
3706	3659
3706	3659
3710	3665
3720	3678
3721	3686
3713	3688
3717	3706
3731	3740
3746	3766
3759	3785
3775	3812
3792	3847
3795	3868
3785	3876
3794	3896
3823	3929
3836	3949
3834	3957
3849	3977
3881	4009
3897	4025
3897	4025
3901	4027
3909	4032
3918	4038
3928	4045
3907	4002
3853	3910
3800	3841
3748	3793
3685	3734
3611	3662
3562	3607
3072	3072
3072	3072
3072	3072
3068	3069
3060	3063
3057	3060
3057	3060
3057	3059
3057	3057
3057	3057
3057	3057
3064	3062
3079	3073
3087	3079
3087	3079
3071	3061
3039	3024
3023	3006
3023	3006
3019	3007
3011	3007
3012	3008
3020	3008
3036	3020
3060	3044
3077	3060
3085	3068
3085	3070
3077	3064
3086	3073
3110	3097
3131	3122
3150	3147
3160	3160
3160	3160
3160	3160
3160	3160
3160	3160
3160	3160
3160	3160
3160	3160
3160	3160
3160	3160
3160	3160
3160	3160
3160	3160
3160	3160
3192	3188
3256	3244
3293	3277
3301	3285
3317	3301
3341	3325
3353	3341
3353	3349
3369	3369
3401	3401
3429	3433
3453	3465
3469	3486
3477	3494
3478	3494
3470	3486
3466	3486
3464	3492
3463	3487
3463	3471
3468	3460
3476	3452
3488	3444
3504	3436
3548	3452
3621	3492
3693	3540
3765	3596
3841	3648
3922	3697
3982	3737
4022	3769
4010	3761
3946	3713
3914	3689
3914	3689
3914	3693
3914	3701
3910	3705
3902	3705
3882	3693
3849	3668
3825	3660
3809	3668
3781	3661
3741	3637
3713	3629
3697	3637
3673	3628
3642	3603
3627	3587
3627	3579
3627	3575
3627	3575
3627	3575
3627	3575
3623	3571
3617	3565
3624	3583
3646	3626
3689	3684
3751	3758
3785	3798
3791	3805
3824	3836
3882	3891
3923	3934
3947	3964
3970	3991
3991	4017
4013	4047
4038	4083
4066	4116
4098	4148
4114	4165
4114	4165
4121	4172
4135	4186
4141	4185
4139	4170
4080	4107
3965	3996
3889	3926
3852	3896
3798	3851
3726	3789
3673	3746
3072	3068
3072	3068
3072	3068
3071	3068
3069	3068
3068	3068
3068	3068
3065	3065
3059	3059
3057	3057
3057	3057
3058	3057
3062	3057
3064	3058
3064	3062
3041	3037
2996	2984
2974	2958
2974	2958
2982	2966
2999	2983
3008	2996
3008	3004
3012	3008
3020	3008
3036	3024
3060	3056
3072	3073
3070	3073
3073	3073
3081	3073
3103	3092
3141	3131
3160	3152
3160	3157
3160	3160
3160	3160
3160	3160
3160	3160
3160	3160
3160	3160
3160	3160
3160	3160
3160	3160
3160	3160
3160	3160
3160	3160
3180	3176
3220	3208
3253	3241
3277	3273
3293	3289
3301	3289
3317	3305
3341	3337
3369	3369
3401	3401
3433	3433
3465	3465
3494	3498
3518	3530
3526	3541
3519	3531
3518	3534
3524	3548
3511	3536
3479	3499
3452	3456
3428	3408
3404	3364
3380	3323
3364	3283
3356	3243
3372	3235
3412	3259
3440	3271
3456	3271
3480	3283
3512	3307
3520	3327
3504	3343
3496	3351
3496	3351
3508	3367
3532	3399
3544	3420
3544	3428
3540	3436
3532	3444
3540	3464
3564	3496
3573	3516
3565	3524
3573	3546
3597	3580
3594	3578
3566	3539
3539	3503
3515	3471
3503	3455
3503	3455
3503	3455
3503	3455
3510	3466
3523	3487
3562	3534
3626	3606
3693	3677
3761	3744
3805	3797
3827	3835
3850	3848
3874	3836
3900	3850
3926	3888
3962	3935
4007	3990
4050	4039
4091	4083
4128	4121
4160	4154
4177	4170
4177	4170
4179	4170
4184	4170
4170	4149
4139	4107
4083	4064
4003	4018
3951	3983
3926	3958
3893	3934
3851	3910
3826	3898
3060	3064
3060	3064
3060	3064
3060	3064
3060	3064
3060	3064
3060	3064
3059	3064
3057	3064
3057	3064
3057	3064
3057	3064
3057	3064
3062	3069
3073	3078
3049	3051
2988	2986
2958	2958
2958	2966
2958	2967
2959	2962
2972	2972
2996	2996
3008	3012
3008	3020
3024	3036
3056	3060
3073	3073
3073	3073
3073	3073
3073	3073
3087	3086
3116	3112
3138	3132
3152	3147
3160	3154
3160	3154
3160	3154
3160	3154
3160	3158
3160	3166
3160	3170
3160	3170
3160	3173
3160	3179
3160	3182
3160	3182
3176	3192
3208	3211
3241	3237
3273	3269
3289	3288
3289	3293
3305	3316
3337	3356
3369	3396
3401	3436
3433	3477
3465	3517
3498	3553
3530	3585
3538	3601
3524	3601
3533	3640
3564	3719
3563	3730
3529	3671
3472	3586
3392	3474
3324	3383
3267	3312
3211	3249
3155	3193
3131	3161
3139	3153
3143	3145
3143	3137
3147	3129
3155	3121
3183	3127
3231	3148
3255	3159
3255	3159
3271	3171
3303	3195
3332	3227
3356	3267
3380	3315
3404	3371
3432	3418
3464	3458
3492	3495
3516	3527
3548	3555
3587	3577
3578	3549
3523	3470
3479	3418
3446	3394
3430	3386
3430	3394
3430	3406
3430	3422
3439	3439
3456	3458
3498	3497
3566	3555
3636	3617
3709	3682
3774	3743
3829	3800
3830	3793
3778	3722
3784	3725
3850	3800
3910	3865
3965	3918
4015	3977
4059	4042
4097	4100
4129	4151
4145	4192
4145	4224
4145	4248
4145	4264
4122	4263
4076	4245
4049	4219
4041	4186
4022	4151
3993	4116
3974	4095
3966	4088
3962	4077
3079	3083
3079	3083
3079	3083
3079	3083
3079	3083
3079	3083
3079	3083
3079	3083
3079	3083
3079	3083
3079	3083
3079	3079
3079	3071
3078	3064
3077	3059
3044	3032
2979	2984
2959	2972
2983	2996
2994	3008
2992	3008
2996	3012
3004	3020
3020	3036
3044	3060
3060	3077
3068	3085
3073	3089
3073	3089
3073	3089
3073	3089
3088	3102
3118	3128
3135	3141
3140	3141
3142	3145
3142	3153
3142	3157
3142	3157
3154	3168
3178	3190
3190	3205
3190	3213
3200	3225
3218	3242
3228	3251
3228	3251
3224	3240
3217	3220
3229	3226
3262	3258
3286	3290
3303	3320
3340	3372
3396	3444
3452	3514
3508	3582
3565	3648
3621	3712
3665	3765
3697	3805
3729	3846
3760	3888
3855	3999
4013	4180
4036	4206
3925	4077
3797	3936
3653	3783
3540	3662
3458	3572
3397	3510
3357	3474
3325	3436
3301	3396
3277	3356
3253	3316
3229	3271
3205	3223
3160	3148
3095	3048
3063	2994
3063	2986
3067	2982
3075	2982
3107	3014
3163	3078
3242	3170
3345	3288
3424	3379
3480	3443
3525	3487
3557	3511
3566	3508
3552	3477
3490	3409
3381	3304
3322	3257
3314	3267
3322	3287
3346	3317
3382	3360
3430	3416
3467	3461
3492	3493
3528	3528
3576	3565
3621	3602
3664	3639
3706	3674
3746	3706
3734	3693
3670	3635
3671	3640
3739	3706
3798	3769
3847	3827
3926	3920
4033	4049
4131	4172
4219	4289
4310	4412
4407	4541
4479	4643
4527	4720
4572	4793
4615	4862
4575	4823
4454	4674
4371	4578
4326	4535
4295	4495
4276	4457
4243	4402
3076	3056
3076	3056
3076	3056
3076	3056
3076	3056
3076	3056
3076	3056
3076	3056
3076	3056
3076	3056
3076	3056
3064	3044
3039	3020
3026	3008
3025	3008
3016	3012
3000	3020
2996	3024
3004	3024
3008	3024
3008	3024
3020	3040
3044	3072
3060	3089
3068	3089
3085	3105
3109	3137
3121	3153
3121	3153
3121	3153
3121	3153
3128	3157
3143	3166
3150	3171
3150	3171
3162	3186
3187	3217
3199	3232
3199	3232
3199	3227
3200	3218
3213	3229
3237	3261
3249	3274
3250	3269
3251	3268
3251	3271
3240	3265
3220	3249
3226	3257
3258	3289
3298	3334
3344	3394
3412	3472
3500	3568
3582	3658
3658	3742
3728	3819
3792	3889
3852	3961
3909	4033
3952	4083
3983	4110
4072	4184
4219	4307
4237	4317
4125	4214
4001	4102
3864	3981
3749	3877
3655	3788
3586	3716
3542	3661
3492	3593
3436	3512
3380	3428
3324	3340
3255	3243
3175	3139
3092	3048
3008	2972
2954	2918
2930	2886
2918	2869
2918	2869
2950	2896
3014	2953
3098	3028
3200	3123
3283	3198
3347	3254
3383	3282
3391	3282
3380	3264
3351	3228
3304	3200
3240	3180
3223	3190
3254	3232
3282	3264
3308	3287
3340	3315
3380	3347
3421	3385
3461	3429
3495	3462
3522	3485
3559	3522
3606	3574
3646	3611
3678	3635
3669	3637
3619	3615
3630	3642
3702	3716
3777	3801
3856	3899
3960	4016
4088	4153
4223	4296
4363	4448
4497	4592
4626	4728
4741	4856
4844	4975
4926	5065
4987	5127
4961	5121
4848	5047
4775	4992
4742	4956
4694	4897
4631	4816
4555	4721
3024	2992
3024	2992
3024	2992
3024	2992
3024	2992
3024	2992
3024	2992
3024	2992
3024	2992
3024	2996
3024	3004
3020	3008
3012	3008
3008	3008
3008	3008
3020	3028
3044	3068
3056	3089
3056	3089
3056	3089
3056	3089
3072	3105
3104	3137
3121	3153
3121	3153
3137	3165
3169	3189
3185	3205
3185	3213
3185	3217
3185	3217
3189	3221
3199	3231
3203	3235
3203	3233
3217	3245
3243	3271
3256	3285
3256	3285
3252	3280
3243	3271
3254	3284
3286	3319
3301	3336
3299	3336
3303	3341
3311	3349
3313	3353
3309	3353
3321	3367
3350	3396
3399	3452
3468	3534
3551	3623
3648	3719
3742	3819
3834	3922
3922	4022
4004	4121
4090	4219
4179	4316
4238	4379
4269	4410
4337	4476
4444	4579
4446	4582
4342	4484
4238	4391
4134	4302
4045	4226
3973	4161
3901	4085
3829	3998
3737	3886
3625	3749
3500	3592
3364	3416
3235	3254
3115	3106
3016	3000
2940	2934
2886	2882
2854	2842
2837	2820
2835	2818
2854	2833
2894	2865
2962	2925
3058	3013
3126	3074
3166	3106
3186	3118
3186	3110
3160	3079
3108	3027
3096	3031
3124	3091
3158	3138
3200	3172
3232	3200
3255	3223
3283	3250
3315	3282
3353	3321
3397	3365
3430	3395
3452	3412
3490	3442
3541	3487
3571	3511
3579	3516
3596	3548
3624	3608
3674	3677
3748	3756
3841	3858
3955	3982
4089	4129
4241	4297
4393	4461
4544	4620
4696	4784
4849	4953
4988	5102
5113	5230
5211	5333
5283	5409
5303	5451
5273	5461
5231	5434
5178	5370
5105	5281
5014	5169
4899	5033
2960	2912
2960	2912
2960	2912
2960	2916
2960	2924
2960	2928
2960	2928
2960	2932
2960	2940
2972	2956
2996	2980
3008	2996
3008	3004
3008	3008
3008	3008
3036	3040
3092	3104
3121	3137
3121	3137
3121	3141
3121	3149
3137	3165
3169	3189
3185	3201
3185	3201
3189	3205
3197	3213
3213	3229
3237	3253
3249	3265
3249	3265
3253	3268
3263	3276
3265	3280
3259	3281
3271	3293
3301	3317
3317	3329
3317	3329
3312	3331
3303	3334
3319	3352
3359	3384
3380	3400
3380	3400
3381	3404
3384	3412
3384	3410
3382	3400
3396	3416
3428	3460
3492	3532
3590	3633
3687	3732
3783	3828
3889	3942
4004	4073
4121	4198
4240	4316
4348	4424
4444	4521
4506	4586
4532	4620
4601	4704
4713	4836
4725	4863
4639	4786
4559	4716
4487	4651
4418	4587
4354	4523
4270	4433
4166	4317
4038	4170
3886	3994
3705	3788
3496	3552
3299	3337
3113	3143
2999	3027
2955	2989
2906	2936
2850	2870
2820	2835
2818	2833
2833	2849
2865	2881
2917	2929
2989	2995
3042	3043
3074	3075
3078	3075
3054	3043
3023	3012
2986	2983
3006	3002
3083	3071
3130	3113
3147	3128
3167	3144
3190	3161
3218	3186
3250	3218
3289	3256
3333	3300
3357	3323
3363	3323
3381	3334
3410	3356
3433	3377
3447	3397
3492	3449
3567	3535
3650	3624
3741	3718
3851	3831
3979	3962
4136	4120
4321	4305
4501	4490
4677	4676
4857	4865
5041	5058
5198	5219
5326	5347
5429	5447
5505	5518
5566	5590
5612	5662
5601	5661
5532	5586
5425	5473
5281	5320
5120	5146
2848	2799
2848	2799
2848	2799
2860	2815
2884	2847
2896	2864
2896	2864
2908	2880
2932	2912
2948	2932
2956	2940
2972	2956
2996	2980
3008	2996
3008	3004
3040	3040
3104	3104
3137	3137
3137	3137
3149	3153
3173	3185
3189	3201
3197	3201
3201	3201
3201	3201
3213	3217
3237	3249
3253	3265
3261	3265
3265	3265
3265	3265
3266	3266
3270	3268
3281	3281
3297	3305
3309	3318
3317	3318
3321	3318
3321	3318
3336	3338
3365	3379
3384	3398
3392	3396
3396	3395
3396	3395
3408	3407
3432	3431
3432	3432
3407	3411
3427	3437
3492	3510
3571	3590
3662	3677
3756	3769
3853	3865
3976	3989
4127	4139
4252	4264
4351	4363
4449	4461
4545	4557
4620	4634
4674	4690
4784	4812
4948	5000
4996	5062
4927	4998
4861	4929
4797	4857
4733	4789
4668	4725
4574	4628
4449	4500
4283	4322
4074	4094
3841	3851
3583	3593
3368	3383
3196	3223
3085	3109
3034	3041
2973	2976
2902	2912
2865	2877
2865	2869
2881	2885
2913	2925
2963	2979
3029	3047
3079	3101
3111	3141
3111	3145
3079	3113
3047	3081
3016	3049
3019	3043
3055	3063
3087	3086
3113	3110
3129	3122
3135	3122
3154	3138
3186	3170
3224	3204
3268	3240
3291	3262
3291	3270
3302	3282
3324	3296
3345	3311
3365	3325
3420	3381
3510	3479
3599	3568
3689	3649
3799	3751
3930	3874
4080	4011
4249	4162
4429	4329
4619	4514
4810	4699
5003	4884
5164	5036
5293	5157
5387	5245
5449	5302
5523	5375
5611	5464
5614	5469
5533	5389
5424	5286
5287	5157
5111	4984
2767	2735
2767	2735
2767	2735
2783	2751
2815	2783
2832	2803
2832	2811
2848	2832
2880	2864
2908	2892
2932	2916
2948	2932
2956	2940
2972	2956
2996	2980
3040	3028
3104	3100
3137	3137
3137	3137
3153	3149
3185	3173
3201	3189
3201	3197
3201	3201
3201	3201
3217	3213
3249	3237
3265	3253
3265	3261
3265	3265
3265	3265
3266	3266
3268	3268
3281	3277
3305	3293
3318	3303
3318	3307
3318	3313
3318	3321
3337	3339
3377	3365
3396	3383
3395	3391
3395	3394
3395	3392
3399	3391
3407	3391
3411	3397
3411	3411
3445	3450
3513	3514
3590	3585
3677	3662
3769	3749
3865	3846
3979	3955
4110	4078
4235	4201
4353	4325
4461	4435
4557	4531
4626	4595
4666	4627
4788	4740
4992	4934
5062	4998
4998	4934
4921	4853
4833	4757
4757	4672
4693	4600
4596	4499
4468	4367
4287	4192
4053	3975
3818	3754
3582	3531
3383	3342
3223	3187
3098	3056
3010	2950
2945	2881
2902	2849
2869	2821
2845	2798
2861	2818
2917	2883
2979	2952
3047	3027
3109	3097
3165	3161
3177	3180
3145	3156
3113	3131
3081	3107
3075	3102
3095	3115
3110	3122
3118	3122
3122	3126
3122	3134
3138	3150
3170	3174
3196	3192
3216	3204
3238	3226
3262	3258
3274	3270
3272	3260
3274	3256
3279	3256
3335	3303
3441	3399
3530	3475
3600	3531
3688	3607
3795	3704
3913	3810
4043	3926
4192	4056
4361	4201
4530	4344
4699	4487
4835	4606
4940	4703
5020	4776
5077	4827
5144	4883
5222	4943
5226	4941
5157	4877
5058	4785
4930	4664
4765	4516
2703	2671
2703	2675
2703	2683
2719	2699
2751	2723
2779	2751
2803	2783
2832	2815
2864	2847
2884	2868
2892	2876
2908	2896
2932	2928
2948	2944
2956	2944
3004	2988
3092	3076
3137	3125
3137	3133
3141	3137
3149	3137
3165	3149
3189	3173
3201	3189
3201	3197
3205	3201
3213	3201
3229	3213
3253	3237
3265	3253
3265	3261
3266	3266
3268	3268
3269	3265
3269	3257
3275	3261
3287	3277
3305	3301
3329	3333
3342	3344
3345	3335
3359	3343
3383	3367
3392	3380
3386	3382
3383	3382
3383	3380
3392	3389
3409	3408
3450	3446
3514	3502
3575	3558
3633	3614
3710	3690
3806	3786
3918	3895
4044	4015
4164	4130
4277	4238
4382	4336
4479	4424
4543	4483
4575	4512
4669	4592
4824	4724
4870	4753
4805	4681
4725	4592
4628	4488
4536	4386
4448	4287
4335	4173
4198	4043
4039	3898
3859	3737
3659	3554
3440	3350
3258	3181
3115	3045
2982	2913
2861	2785
2785	2705
2753	2674
2734	2659
2728	2661
2757	2699
2822	2771
2899	2856
2988	2952
3065	3036
3129	3108
3156	3143
3146	3141
3137	3136
3129	3128
3124	3127
3122	3134
3122	3138
3122	3138
3134	3150
3158	3174
3174	3186
3182	3186
3192	3192
3204	3204
3226	3226
3258	3258
3270	3270
3260	3260
3256	3256
3256	3256
3287	3275
3351	3315
3403	3351
3443	3383
3509	3435
3600	3509
3701	3597
3810	3700
3921	3797
4033	3888
4142	3978
4248	4068
4349	4153
4445	4233
4513	4290
4553	4323
4591	4349
4628	4369
4614	4346
4550	4280
4466	4202
4361	4114
4237	4014
2639	2623
2651	2639
2675	2671
2691	2687
2699	2687
2719	2703
2751	2735
2783	2767
2815	2799
2844	2832
2868	2864
2896	2896
2928	2928
2944	2944
2944	2944
2980	2968
3052	3016
3101	3052
3125	3076
3137	3092
3137	3100
3141	3104
3149	3104
3165	3120
3189	3152
3201	3169
3201	3169
3205	3169
3213	3169
3229	3185
3253	3217
3266	3229
3268	3223
3265	3213
3257	3197
3261	3195
3277	3207
3301	3225
3333	3249
3344	3262
3335	3266
3335	3276
3343	3292
3358	3320
3380	3359
3388	3380
3382	3382
3389	3400
3408	3433
3438	3466
3478	3498
3534	3551
3606	3625
3690	3697
3786	3770
3887	3837
3991	3900
4098	3972
4206	4053
4296	4121
4368	4177
4415	4221
4439	4252
4511	4325
4632	4438
4649	4450
4560	4361
4456	4257
4335	4136
4222	4019
4117	3906
4011	3798
3904	3696
3769	3567
3608	3412
3439	3261
3263	3114
3109	2989
2978	2885
2849	2773
2720	2653
2641	2587
2612	2574
2598	2570
2598	2574
2643	2626
2731	2725
2824	2822
2920	2918
3012	3011
3100	3099
3143	3150
3141	3165
3128	3164
3104	3148
3111	3155
3150	3186
3170	3202
3170	3202
3174	3204
3182	3209
3186	3207
3186	3199
3192	3199
3204	3206
3226	3218
3258	3234
3270	3239
3260	3232
3256	3227
3256	3224
3267	3239
3291	3271
3319	3302
3351	3334
3387	3367
3428	3400
3498	3457
3597	3537
3686	3609
3765	3672
3852	3740
3946	3812
4017	3861
4065	3885
4106	3909
4138	3933
4158	3943
4166	3940
4136	3905
4066	3838
3994	3776
3922	3720
3849	3663
2623	2639
2639	2651
2671	2675
2687	2691
2687	2699
2703	2719
2735	2751
2767	2783
2799	2815
2832	2844
2864	2868
2896	2896
2928	2928
2944	2944
2944	2944
2952	2944
2968	2944
2980	2944
2988	2944
3004	2956
3028	2980
3040	2992
3040	2992
3056	3004
3088	3028
3105	3040
3105	3040
3105	3040
3105	3040
3121	3052
3153	3076
3157	3077
3135	3055
3108	3025
3077	2987
3063	2968
3067	2968
3073	2967
3081	2965
3099	2990
3128	3040
3167	3093
3215	3149
3266	3207
3320	3269
3358	3320
3380	3359
3422	3411
3483	3476
3530	3529
3562	3569
3609	3615
3670	3666
3713	3691
3737	3689
3746	3670
3741	3632
3752	3613
3779	3613
3812	3629
3852	3661
3899	3709
3952	3774
4033	3853
4140	3947
4157	3962
4084	3898
3996	3817
3891	3721
3777	3612
3654	3492
3535	3370
3420	3246
3291	3117
3147	2981
3018	2865
2905	2769
2821	2705
2765	2674
2686	2615
2584	2529
2541	2502
2558	2534
2574	2562
2590	2585
2649	2648
2752	2751
2852	2847
2948	2935
3033	3015
3105	3087
3165	3152
3212	3208
3244	3252
3260	3284
3260	3288
3243	3263
3234	3251
3234	3251
3241	3256
3256	3267
3251	3261
3227	3237
3213	3217
3211	3201
3202	3182
3186	3158
3177	3146
3174	3146
3169	3138
3162	3123
3191	3154
3254	3231
3302	3286
3334	3318
3374	3362
3423	3419
3472	3468
3521	3508
3566	3545
3609	3577
3642	3593
3666	3593
3683	3589
3691	3581
3699	3577
3707	3577
3703	3562
3688	3530
3653	3495
3596	3456
3547	3420
3507	3388
3456	3344
2671	2703
2675	2703
2683	2703
2699	2715
2723	2739
2751	2767
2783	2799
2815	2832
2847	2864
2868	2884
2876	2892
2896	2908
2928	2932
2944	2944
2944	2944
2944	2944
2944	2944
2944	2944
2944	2944
2948	2940
2956	2932
2960	2924
2960	2916
2964	2912
2972	2912
2976	2907
2976	2899
2976	2891
2976	2883
2980	2879
2988	2879
2989	2881
2983	2885
2962	2875
2928	2850
2911	2838
2911	2838
2908	2835
2903	2828
2934	2859
3000	2928
3053	2983
3093	3023
3144	3075
3207	3139
3266	3199
3320	3256
3368	3304
3411	3344
3461	3393
3517	3449
3568	3500
3613	3544
3632	3562
3627	3553
3608	3532
3574	3500
3557	3484
3557	3484
3573	3500
3605	3532
3653	3580
3717	3644
3786	3695
3861	3733
3866	3724
3801	3667
3721	3595
3625	3507
3524	3411
3420	3306
3303	3193
3175	3070
3045	2949
2914	2829
2801	2720
2704	2625
2641	2563
2612	2534
2562	2489
2490	2430
2470	2417
2502	2452
2532	2488
2559	2526
2622	2590
2721	2678
2807	2760
2879	2837
2959	2919
3047	3008
3112	3072
3152	3112
3188	3143
3220	3165
3240	3191
3247	3220
3251	3237
3251	3242
3248	3235
3243	3217
3237	3208
3229	3208
3209	3193
3177	3161
3158	3142
3150	3134
3146	3130
3146	3130
3132	3118
3106	3094
3129	3115
3201	3183
3254	3233
3286	3265
3330	3308
3387	3361
3444	3420
3500	3485
3545	3533
3577	3565
3593	3576
3593	3566
3581	3549
3557	3524
3545	3509
3545	3504
3518	3469
3465	3404
3431	3371
3418	3368
3396	3354
3364	3330
3328	3306
2735	2751
2735	2755
2735	2763
2739	2767
2747	2767
2767	2779
2799	2803
2832	2832
2864	2864
2892	2892
2916	2916
2932	2932
2940	2940
2944	2944
2944	2944
2944	2940
2944	2932
2944	2928
2944	2928
2932	2912
2908	2880
2884	2843
2860	2803
2848	2779
2848	2771
2835	2751
2811	2719
2787	2686
2763	2654
2751	2634
2751	2626
2755	2631
2762	2649
2762	2656
2754	2653
2750	2652
2750	2652
2746	2654
2739	2659
2765	2686
2825	2733
2883	2788
2939	2852
2999	2920
3063	2993
3119	3048
3167	3087
3219	3138
3276	3199
3325	3250
3365	3290
3410	3333
3462	3380
3480	3392
3466	3370
3443	3342
3410	3310
3394	3294
3394	3294
3410	3310
3443	3342
3491	3388
3555	3448
3580	3453
3565	3404
3537	3363
3496	3330
3440	3282
3368	3218
3272	3130
3151	3018
3038	2913
2933	2817
2829	2720
2724	2624
2625	2533
2531	2448
2469	2390
2438	2358
2398	2329
2349	2304
2344	2306
2383	2337
2430	2385
2486	2449
2550	2514
2622	2578
2708	2662
2809	2767
2896	2852
2968	2916
3032	2980
3088	3044
3117	3076
3118	3075
3140	3098
3181	3146
3209	3179
3224	3199
3217	3196
3190	3172
3176	3156
3176	3148
3168	3140
3153	3133
3134	3118
3110	3094
3098	3082
3098	3082
3094	3082
3086	3082
3113	3108
3176	3160
3223	3202
3255	3234
3295	3276
3342	3328
3397	3382
3462	3438
3510	3482
3542	3514
3543	3511
3512	3472
3492	3452
3484	3452
3471	3439
3454	3414
3413	3368
3349	3301
3313	3263
3304	3255
3296	3251
3288	3251
3280	3251
2751	2751
2763	2767
2787	2799
2799	2816
2799	2816
2803	2816
2811	2816
2832	2828
2864	2852
2884	2868
2892	2876
2908	2892
2932	2916
2944	2928
2944	2928
2932	2912
2908	2880
2896	2859
2896	2851
2880	2831
2848	2799
2803	2751
2747	2687
2707	2638
2683	2606
2655	2570
2623	2530
2590	2494
2558	2462
2530	2429
2506	2397
2511	2405
2544	2451
2556	2471
2548	2463
2544	2459
2544	2459
2559	2479
2590	2519
2621	2556
2652	2592
2699	2646
2763	2718
2839	2798
2928	2887
2987	2944
3016	2969
3059	3004
3113	3051
3168	3102
3225	3158
3268	3200
3299	3228
3297	3226
3263	3194
3230	3158
3198	3118
3182	3094
3182	3086
3198	3098
3230	3130
3272	3171
3324	3221
3317	3207
3251	3129
3202	3073
3170	3041
3122	2997
3058	2941
2986	2881
2905	2817
2817	2741
2720	2653
2624	2565
2528	2477
2445	2402
2376	2340
2326	2294
2294	2262
2283	2260
2294	2290
2305	2305
2315	2305
2353	2339
2417	2407
2482	2474
2546	2538
2622	2608
2711	2685
2788	2752
2852	2808
2916	2868
2980	2932
3020	2976
3035	2999
3066	3034
3114	3082
3147	3115
3166	3134
3172	3144
3164	3144
3148	3132
3124	3108
3108	3092
3101	3085
3094	3086
3086	3094
3082	3098
3082	3098
3082	3098
3082	3098
3100	3112
3136	3140
3170	3166
3202	3190
3252	3238
3320	3309
3374	3360
3414	3392
3450	3420
3482	3445
3481	3445
3446	3420
3429	3404
3429	3396
3414	3378
3384	3351
3333	3300
3261	3224
3223	3186
3220	3184
3219	3188
3219	3196
3219	3200
2751	2751
2767	2763
2799	2787
2816	2799
2816	2799
2816	2799
2816	2799
2820	2799
2828	2799
2844	2815
2868	2847
2884	2864
2892	2864
2896	2864
2896	2864
2880	2843
2848	2803
2819	2767
2795	2735
2767	2703
2735	2671
2687	2626
2623	2570
2574	2522
2542	2482
2498	2434
2442	2378
2398	2333
2366	2301
2333	2270
2301	2239
2313	2259
2370	2328
2398	2365
2398	2369
2398	2371
2398	2371
2414	2389
2446	2425
2493	2477
2554	2546
2629	2625
2718	2714
2798	2794
2870	2866
2919	2917
2944	2948
2975	2971
3012	2988
3050	3015
3090	3053
3129	3094
3166	3136
3177	3150
3162	3136
3126	3097
3069	3032
3029	2984
3005	2952
3009	2952
3041	2984
3084	3025
3139	3074
3123	3056
3037	2973
2977	2915
2945	2881
2909	2849
2869	2817
2817	2773
2753	2717
2686	2658
2616	2597
2545	2538
2472	2482
2404	2426
2341	2370
2294	2326
2262	2294
2260	2288
2290	2310
2305	2325
2305	2333
2343	2373
2420	2446
2490	2511
2554	2567
2621	2627
2689	2691
2744	2744
2784	2784
2836	2832
2900	2888
2944	2928
2967	2951
3002	2986
3050	3034
3083	3067
3102	3086
3112	3096
3112	3096
3108	3100
3100	3108
3092	3108
3085	3101
3094	3110
3118	3134
3130	3150
3130	3158
3130	3162
3130	3162
3144	3172
3172	3192
3190	3206
3198	3214
3233	3242
3294	3291
3341	3332
3373	3364
3393	3380
3401	3380
3401	3376
3393	3368
3377	3348
3353	3316
3332	3296
3314	3288
3268	3252
3192	3188
3152	3152
3148	3146
3158	3155
3182	3179
3194	3191
2751	2751
2755	2751
2763	2751
2767	2751
2767	2751
2767	2747
2767	2739
2767	2735
2767	2735
2783	2747
2815	2771
2832	2783
2832	2783
2832	2783
2832	2783
2803	2751
2747	2687
2703	2638
2671	2606
2639	2578
2607	2554
2570	2526
2530	2494
2482	2450
2426	2394
2378	2350
2338	2318
2301	2285
2269	2253
2239	2228
2212	2211
2241	2249
2324	2341
2369	2389
2376	2391
2379	2393
2379	2393
2404	2424
2454	2485
2508	2544
2568	2599
2634	2662
2706	2734
2786	2815
2875	2903
2940	2972
2982	3022
2995	3029
2979	2994
2996	3001
3047	3051
3094	3095
3136	3132
3143	3135
3117	3102
3072	3054
3008	2990
2960	2942
2928	2910
2928	2906
2960	2930
2992	2960
3025	2998
3006	2984
2937	2920
2885	2875
2850	2847
2817	2817
2785	2786
2749	2754
2709	2722
2658	2679
2597	2625
2546	2583
2506	2551
2466	2518
2426	2485
2390	2457
2358	2433
2344	2412
2350	2394
2365	2401
2389	2433
2430	2474
2486	2522
2535	2567
2575	2607
2627	2655
2691	2711
2752	2772
2808	2836
2856	2882
2896	2912
2928	2937
2951	2957
2986	2990
3034	3035
3067	3071
3086	3098
3096	3112
3096	3112
3108	3124
3132	3148
3140	3160
3133	3161
3134	3162
3142	3162
3158	3178
3182	3210
3194	3226
3194	3226
3196	3224
3200	3220
3214	3234
3238	3266
3266	3294
3299	3319
3332	3344
3364	3368
3380	3381
3380	3383
3368	3372
3344	3348
3316	3316
3284	3276
3269	3258
3271	3263
3252	3256
3212	3236
3187	3222
3179	3214
3179	3210
3187	3210
3191	3207
2751	2735
2751	2735
2751	2735
2751	2735
2751	2735
2739	2723
2715	2699
2703	2687
2703	2687
2707	2687
2715	2687
2719	2683
2719	2675
2719	2671
2719	2671
2687	2638
2623	2574
2574	2526
2542	2494
2522	2478
2514	2478
2494	2462
2462	2430
2426	2402
2386	2378
2350	2350
2318	2318
2285	2289
2253	2265
2236	2252
2236	2252
2283	2303
2379	2407
2423	2456
2417	2449
2413	2446
2413	2446
2449	2482
2520	2555
2583	2618
2638	2671
2710	2746
2798	2843
2879	2923
2951	2987
3014	3048
3069	3107
3075	3110
3033	3057
3030	3045
3066	3073
3098	3100
3125	3125
3123	3121
3091	3086
3042	3037
2978	2973
2930	2925
2898	2893
2886	2877
2894	2877
2930	2913
2992	2986
2990	2994
2922	2937
2883	2902
2871	2889
2850	2872
2820	2850
2790	2822
2758	2787
2722	2754
2682	2721
2647	2693
2615	2669
2582	2641
2548	2610
2527	2594
2519	2594
2490	2558
2442	2486
2433	2466
2465	2498
2506	2537
2554	2583
2607	2634
2663	2691
2711	2739
2751	2779
2804	2828
2868	2887
2912	2927
2935	2947
2954	2966
2969	2983
2996	3012
3037	3053
3079	3095
3122	3138
3144	3160
3144	3160
3148	3163
3156	3169
3168	3181
3185	3200
3194	3214
3194	3222
3210	3238
3242	3262
3258	3274
3258	3274
3256	3272
3252	3268
3266	3282
3298	3314
3327	3343
3351	3367
3368	3384
3376	3392
3383	3399
3390	3406
3390	3406
3382	3398
3350	3366
3293	3309
3265	3277
3265	3269
3264	3272
3260	3284
3256	3289
3252	3287
3250	3282
3250	3274
3239	3258
2703	2655
2703	2655
2703	2655
2703	2655
2703	2655
2699	2655
2691	2655
2687	2655
2687	2655
2687	2655
2687	2655
2675	2643
2651	2619
2639	2607
2639	2607
2606	2570
2542	2498
2494	2446
2462	2414
2446	2393
2446	2385
2430	2365
2398	2333
2378	2313
2370	2305
2350	2293
2318	2277
2297	2273
2289	2281
2277	2280
2260	2269
2310	2319
2426	2428
2485	2494
2488	2516
2490	2535
2490	2551
2523	2591
2590	2655
2648	2709
2698	2752
2771	2814
2867	2895
2947	2955
3012	2996
3075	3040
3137	3088
3134	3083
3065	3025
3045	3002
3073	3014
3102	3032
3132	3056
3127	3048
3088	3009
3037	2965
2973	2917
2925	2889
2893	2881
2877	2881
2877	2889
2911	2922
2979	2980
2997	2985
2964	2937
2932	2898
2902	2866
2883	2850
2875	2850
2851	2834
2811	2803
2774	2780
2742	2764
2722	2756
2714	2756
2697	2748
2671	2730
2658	2722
2658	2722
2614	2686
2526	2613
2498	2589
2530	2613
2566	2640
2608	2669
2649	2700
2690	2733
2738	2773
2794	2821
2846	2866
2893	2907
2927	2936
2947	2951
2972	2971
3001	2994
3038	3036
3083	3097
3119	3135
3146	3149
3160	3156
3160	3156
3169	3169
3188	3195
3200	3212
3206	3220
3222	3240
3246	3272
3262	3288
3270	3288
3274	3292
3274	3300
3272	3302
3268	3299
3282	3310
3314	3334
3343	3352
3367	3362
3392	3379
3416	3404
3429	3416
3432	3416
3421	3400
3396	3367
3364	3339
3324	3315
3294	3294
3275	3275
3280	3284
3308	3320
3321	3338
3319	3336
3306	3319
3282	3287
3266	3271
2591	2559
2591	2559
2591	2559
2591	2559
2591	2559
2591	2559
2591	2559
2591	2559
2591	2559
2591	2559
2591	2559
2587	2559
2579	2559
2575	2559
2575	2559
2530	2514
2442	2426
2382	2366
2350	2334
2321	2301
2297	2269
2269	2237
2237	2205
2209	2177
2185	2153
2181	2153
2197	2177
2217	2205
2241	2237
2262	2269
2280	2301
2331	2356
2415	2434
2482	2500
2532	2557
2581	2617
2629	2681
2685	2745
2750	2810
2800	2858
2836	2890
2878	2918
2926	2942
2946	2942
2938	2918
2942	2902
2958	2894
2957	2886
2937	2878
2917	2855
2895	2818
2888	2795
2896	2787
2882	2767
2848	2735
2823	2719
2807	2719
2819	2747
2859	2803
2891	2847
2915	2880
2948	2908
2988	2931
2957	2895
2856	2799
2797	2748
2782	2743
2774	2740
2774	2740
2771	2743
2766	2748
2771	2767
2788	2799
2796	2816
2796	2816
2793	2816
2787	2816
2784	2816
2784	2816
2772	2820
2748	2828
2740	2832
2748	2832
2757	2832
2767	2832
2788	2844
2820	2868
2844	2884
2860	2892
2889	2911
2930	2942
2954	2958
2959	2958
2962	2957
2964	2956
3008	2995
3096	3074
3142	3113
3147	3112
3149	3116
3149	3124
3163	3142
3190	3172
3216	3202
3240	3234
3268	3263
3300	3287
3316	3303
3316	3311
3328	3327
3352	3351
3364	3371
3363	3387
3366	3395
3374	3395
3370	3383
3352	3359
3347	3347
3355	3347
3359	3343
3359	3335
3343	3319
3311	3295
3291	3279
3283	3271
3276	3267
3269	3267
3284	3284
3320	3320
3338	3338
3338	3338
3321	3322
3289	3290
3273	3274
2559	2542
2559	2542
2559	2542
2559	2542
2559	2542
2559	2542
2559	2542
2559	2542
2559	2542
2559	2542
2559	2542
2559	2546
2559	2554
2559	2559
2559	2559
2522	2530
2450	2474
2398	2430
2366	2398
2333	2366
2301	2334
2269	2305
2237	2281
2217	2269
2209	2269
2209	2273
2217	2281
2237	2297
2269	2321
2301	2350
2333	2382
2395	2450
2485	2554
2550	2619
2590	2643
2642	2683
2706	2739
2770	2799
2835	2863
2883	2908
2915	2932
2935	2944
2943	2944
2943	2944
2935	2944
2919	2928
2895	2896
2871	2859
2847	2819
2818	2783
2784	2751
2755	2715
2731	2675
2703	2638
2671	2606
2655	2586
2655	2578
2675	2586
2715	2610
2751	2638
2783	2670
2803	2686
2811	2686
2799	2698
2767	2722
2750	2735
2748	2735
2747	2735
2747	2735
2748	2739
2750	2747
2767	2763
2799	2787
2816	2803
2816	2811
2816	2816
2816	2816
2816	2816
2816	2816
2828	2832
2852	2864
2864	2880
2864	2880
2864	2884
2864	2892
2868	2896
2876	2896
2892	2908
2916	2932
2933	2948
2943	2956
2948	2960
2948	2960
2956	2968
2973	2985
2998	2995
3032	2999
3048	2999
3045	2995
3056	3010
3080	3042
3107	3074
3138	3106
3170	3138
3202	3170
3223	3186
3231	3186
3247	3202
3271	3234
3287	3251
3295	3251
3323	3291
3371	3371
3395	3411
3395	3411
3391	3411
3383	3411
3379	3407
3379	3399
3367	3383
3343	3359
3327	3343
3319	3335
3303	3319
3279	3295
3267	3283
3267	3283
3284	3296
3320	3324
3338	3338
3338	3338
3322	3322
3290	3290
3274	3274
2510	2478
2510	2482
2510	2490
2510	2494
2510	2494
2510	2494
2510	2494
2510	2494
2510	2494
2510	2498
2510	2506
2522	2522
2546	2546
2559	2559
2559	2559
2538	2546
2498	2522
2462	2498
2430	2474
2398	2450
2366	2426
2345	2414
2337	2414
2333	2414
2333	2414
2345	2426
2369	2450
2385	2466
2393	2474
2414	2490
2446	2514
2522	2590
2642	2719
2707	2783
2715	2783
2739	2799
2779	2831
2831	2872
2895	2920
2932	2944
2940	2944
2944	2940
2944	2932
2944	2928
2944	2928
2928	2916
2896	2892
2851	2847
2795	2783
2751	2735
2719	2703
2675	2655
2619	2591
2574	2538
2542	2498
2514	2462
2490	2430
2482	2414
2490	2414
2510	2426
2542	2450
2558	2466
2558	2474
2594	2526
2666	2622
2703	2671
2703	2671
2703	2675
2703	2683
2715	2699
2739	2723
2755	2739
2763	2747
2779	2767
2803	2799
2816	2816
2816	2816
2816	2820
2816	2828
2832	2848
2864	2880
2880	2896
2880	2896
2892	2908
2916	2932
2928	2944
2928	2944
2932	2948
2940	2956
2956	2972
2980	2996
2992	3012
2992	3020
2992	3020
2993	3013
2987	2999
2975	2979
2967	2971
2963	2975
2978	2990
3010	3014
3042	3042
3074	3074
3106	3106
3138	3138
3154	3154
3154	3154
3170	3170
3202	3202
3219	3219
3219	3219
3275	3279
3387	3399
3443	3460
3443	3460
3443	3460
3443	3460
3431	3447
3407	3423
3391	3407
3383	3399
3367	3383
3343	3359
3327	3347
3319	3347
3315	3343
3315	3335
3320	3332
3332	3336
3338	3338
3338	3338
3322	3322
3290	3290
3274	3274
2446	2426
2458	2442
2482	2474
2494	2490
2494	2490
2494	2490
2494	2490
2494	2494
2494	2502
2506	2518
2530	2543
2546	2559
2554	2567
2559	2571
2559	2571
2554	2571
2546	2571
2538	2571
2530	2571
2522	2575
2514	2583
2510	2591
2510	2599
2510	2603
2510	2603
2514	2607
2522	2615
2538	2631
2562	2655
2578	2667
2586	2667
2655	2728
2783	2850
2847	2912
2847	2912
2863	2920
2895	2936
2920	2940
2936	2932
2944	2924
2944	2916
2932	2900
2908	2876
2896	2864
2896	2864
2892	2859
2884	2851
2847	2823
2783	2775
2735	2735
2703	2703
2655	2655
2591	2591
2530	2526
2474	2462
2430	2414
2398	2382
2382	2366
2382	2366
2386	2366
2394	2366
2410	2382
2434	2414
2494	2474
2590	2562
2639	2607
2639	2607
2651	2623
2675	2655
2691	2675
2699	2683
2715	2703
2739	2735
2767	2767
2799	2799
2816	2816
2816	2816
2828	2832
2852	2864
2880	2896
2912	2928
2928	2944
2928	2944
2932	2944
2940	2944
2944	2944
2944	2944
2956	2960
2980	2992
2996	3008
3004	3008
3020	3024
3044	3056
3053	3069
3045	3061
3031	3056
3011	3052
3011	3064
3031	3092
3046	3106
3054	3106
3074	3122
3106	3154
3138	3186
3170	3218
3186	3239
3186	3247
3202	3263
3234	3287
3251	3303
3251	3311
3303	3351
3407	3423
3460	3460
3460	3460
3460	3460
3460	3460
3455	3460
3447	3460
3431	3443
3407	3411
3391	3395
3383	3395
3379	3395
3379	3395
3367	3379
3343	3347
3332	3328
3336	3322
3338	3320
3338	3320
3322	3312
3290	3296
3274	3288
2418	2431
2434	2443
2467	2467
2483	2480
2483	2480
2483	2484
2483	2492
2495	2512
2519	2544
2535	2564
2543	2572
2559	2588
2583	2612
2595	2624
2595	2624
2595	2624
2595	2624
2595	2628
2595	2636
2607	2656
2631	2688
2655	2720
2680	2752
2692	2773
2692	2781
2704	2797
2728	2821
2744	2833
2752	2833
2756	2833
2756	2833
2811	2880
2921	2976
2976	3020
2976	3012
2968	2988
2952	2948
2932	2912
2908	2880
2884	2843
2860	2803
2844	2779
2836	2771
2832	2767
2832	2767
2819	2755
2795	2731
2775	2719
2759	2719
2735	2703
2703	2671
2655	2626
2591	2570
2526	2510
2462	2446
2414	2402
2382	2378
2366	2366
2366	2366
2366	2366
2366	2366
2382	2382
2414	2414
2466	2458
2538	2514
2575	2542
2575	2542
2591	2558
2623	2590
2651	2623
2675	2655
2703	2687
2735	2719
2767	2755
2799	2795
2816	2816
2816	2816
2832	2832
2864	2864
2896	2892
2928	2916
2944	2928
2944	2928
2944	2932
2944	2940
2944	2944
2944	2944
2960	2956
2992	2980
3008	2996
3008	3004
3024	3020
3056	3044
3069	3053
3061	3045
3072	3072
3100	3132
3128	3176
3156	3204
3170	3219
3170	3219
3186	3235
3218	3267
3250	3299
3282	3331
3311	3363
3335	3395
3351	3411
3359	3411
3375	3427
3399	3459
3423	3472
3447	3464
3460	3460
3460	3460
3460	3460
3460	3460
3460	3455
3460	3447
3443	3431
3411	3407
3395	3391
3395	3383
3395	3379
3395	3379
3379	3367
3347	3343
3319	3315
3296	3283
3284	3267
3284	3267
3292	3283
3308	3315
3316	3331
2463	2480
2467	2484
2475	2492
2480	2496
2480	2496
2492	2512
2516	2544
2544	2576
2576	2608
2604	2640
2628	2672
2644	2688
2652	2688
2656	2692
2656	2700
2656	2700
2656	2692
2668	2704
2692	2736
2720	2773
2752	2813
2784	2853
2816	2893
2845	2925
2869	2949
2885	2965
2893	2973
2897	2973
2897	2965
2897	2961
2897	2961
2936	2989
3016	3045
3044	3056
3020	3024
2980	2972
2924	2900
2880	2843
2848	2803
2803	2751
2747	2687
2707	2638
2683	2606
2671	2590
2671	2590
2667	2590
2659	2590
2655	2586
2655	2578
2639	2558
2607	2526
2570	2494
2530	2462
2478	2417
2414	2361
2378	2333
2370	2333
2366	2333
2366	2333
2366	2337
2366	2345
2382	2366
2414	2398
2450	2430
2490	2462
2510	2482
2510	2490
2526	2510
2558	2542
2591	2575
2623	2607
2655	2639
2687	2671
2731	2719
2787	2783
2816	2816
2816	2816
2832	2832
2864	2864
2884	2880
2892	2880
2896	2880
2896	2880
2908	2892
2932	2916
2944	2928
2944	2928
2948	2932
2956	2940
2972	2956
2996	2980
3012	2992
3020	2992
3020	2992
3013	2993
3056	3044
3148	3144
3208	3208
3236	3238
3251	3252
3251	3252
3267	3268
3299	3300
3331	3333
3363	3365
3395	3397
3427	3429
3443	3445
3443	3445
3459	3461
3491	3493
3496	3493
3472	3461
3460	3445
3460	3445
3460	3445
3460	3445
3447	3433
3423	3409
3407	3393
3399	3385
3383	3369
3359	3345
3347	3329
3347	3321
3343	3316
3335	3315
3315	3304
3283	3282
3267	3270
3267	3269
3283	3284
3315	3316
3331	3332
2480	2496
2492	2508
2516	2532
2528	2548
2528	2556
2544	2576
2576	2608
2608	2640
2640	2672
2672	2704
2704	2736
2720	2753
2720	2753
2732	2769
2756	2801
2756	2801
2732	2769
2736	2769
2768	2801
2813	2849
2869	2913
2925	2977
2981	3041
3013	3078
3021	3086
3037	3102
3061	3126
3061	3122
3037	3090
3025	3074
3025	3074
3037	3073
3061	3073
3056	3052
3024	3012
2964	2943
2876	2847
2803	2763
2747	2691
2687	2622
2623	2558
2574	2510
2542	2478
2526	2462
2526	2462
2526	2462
2526	2462
2514	2437
2490	2389
2462	2353
2430	2329
2398	2301
2366	2269
2329	2237
2289	2205
2269	2193
2269	2201
2269	2209
2269	2217
2281	2237
2305	2269
2334	2301
2366	2333
2398	2370
2430	2410
2458	2442
2482	2466
2510	2494
2542	2526
2575	2562
2607	2602
2639	2639
2671	2671
2719	2715
2783	2771
2816	2803
2816	2811
2832	2832
2864	2864
2880	2876
2880	2868
2880	2864
2880	2864
2884	2864
2892	2864
2896	2868
2896	2876
2908	2892
2932	2916
2948	2932
2956	2940
2960	2944
2960	2944
2968	2953
2985	2972
3036	3019
3120	3095
3177	3144
3208	3166
3224	3182
3224	3190
3240	3210
3272	3242
3305	3270
3337	3294
3369	3322
3401	3354
3417	3375
3417	3383
3433	3399
3465	3423
3465	3427
3433	3411
3417	3403
3417	3403
3417	3399
3417	3391
3413	3387
3405	3387
3389	3375
3365	3351
3349	3335
3341	3327
3325	3311
3301	3287
3287	3273
3284	3270
3282	3273
3281	3281
3278	3282
3273	3275
3286	3288
3318	3320
3334	3336
2528	2517
2532	2517
2540	2517
2556	2537
2580	2577
2608	2613
2640	2645
2672	2682
2704	2722
2736	2758
2768	2790
2785	2810
2785	2818
2801	2838
2833	2870
2833	2874
2801	2850
2801	2850
2833	2874
2881	2910
2945	2959
3009	3007
3073	3055
3118	3095
3142	3127
3158	3143
3166	3143
3154	3131
3122	3107
3106	3094
3106	3091
3097	3061
3081	3004
3044	2952
2988	2903
2911	2835
2815	2747
2723	2658
2635	2570
2558	2494
2494	2430
2446	2381
2414	2349
2398	2325
2398	2309
2398	2297
2398	2289
2357	2245
2277	2165
2233	2124
2225	2124
2205	2108
2173	2076
2141	2048
2109	2024
2105	2024
2129	2048
2153	2080
2177	2120
2205	2157
2237	2189
2269	2221
2301	2253
2346	2321
2402	2426
2434	2470
2442	2454
2462	2458
2494	2482
2538	2522
2594	2578
2639	2627
2671	2667
2707	2707
2747	2747
2779	2775
2803	2791
2832	2807
2864	2823
2868	2811
2844	2771
2832	2751
2832	2751
2832	2755
2832	2763
2844	2783
2868	2815
2884	2831
2892	2831
2908	2847
2932	2879
2944	2895
2944	2895
2947	2899
2953	2907
2994	2958
3070	3050
3109	3097
3112	3100
3126	3117
3150	3149
3178	3185
3210	3225
3230	3245
3238	3245
3258	3257
3290	3282
3319	3302
3343	3318
3359	3322
3367	3314
3379	3326
3395	3358
3403	3374
3403	3374
3391	3362
3367	3338
3355	3326
3355	3326
3351	3326
3343	3326
3327	3314
3303	3290
3287	3278
3279	3278
3274	3277
3273	3275
3276	3265
3282	3247
3282	3238
3275	3239
3288	3263
3320	3311
3336	3344
2464	2422
2464	2426
2464	2434
2492	2466
2549	2522
2593	2567
2625	2599
2669	2647
2726	2711
2770	2763
2802	2803
2830	2840
2854	2872
2882	2900
2914	2924
2926	2936
2918	2936
2918	2936
2926	2936
2938	2940
2954	2948
2970	2952
2986	2952
3010	2964
3043	2988
3059	3000
3059	3000
3055	3000
3047	3000
3038	2996
3030	2987
2965	2904
2844	2746
2775	2664
2759	2658
2715	2626
2643	2570
2570	2510
2498	2446
2430	2386
2366	2330
2317	2281
2285	2241
2245	2193
2197	2137
2161	2093
2137	2061
2101	2028
2052	1996
2028	1976
2028	1968
2012	1952
1980	1928
1960	1916
1952	1916
1952	1920
1960	1928
1992	1960
2048	2016
2093	2065
2125	2105
2157	2141
2189	2173
2297	2289
2482	2490
2550	2562
2502	2506
2482	2474
2490	2466
2514	2478
2554	2510
2603	2558
2659	2622
2715	2683
2771	2739
2791	2755
2775	2731
2759	2698
2743	2658
2707	2614
2651	2566
2623	2542
2623	2542
2635	2558
2659	2590
2687	2623
2719	2655
2735	2671
2735	2671
2751	2687
2783	2719
2799	2739
2799	2747
2811	2763
2835	2787
2910	2865
3034	2997
3107	3080
3129	3112
3156	3148
3189	3188
3233	3236
3289	3292
3317	3321
3317	3321
3321	3321
3329	3321
3325	3304
3309	3272
3289	3240
3265	3208
3269	3208
3301	3240
3317	3256
3317	3256
3313	3256
3305	3256
3301	3256
3301	3256
3301	3256
3301	3256
3297	3256
3289	3256
3285	3256
3285	3256
3282	3253
3277	3246
3241	3205
3174	3130
3149	3109
3166	3142
3215	3203
3295	3291
3360	3372
2390	2356
2402	2372
2426	2404
2458	2436
2498	2468
2535	2501
2567	2533
2615	2581
2679	2645
2739	2705
2795	2761
2840	2810
2872	2850
2892	2870
2900	2870
2904	2874
2904	2882
2904	2886
2904	2886
2916	2898
2940	2922
2952	2934
2952	2934
2956	2930
2964	2922
2968	2918
2968	2918
2968	2918
2968	2918
2966	2918
2963	2919
2878	2834
2711	2662
2618	2563
2600	2539
2570	2510
2530	2478
2478	2434
2414	2378
2362	2329
2322	2289
2273	2241
2217	2185
2169	2141
2129	2109
2093	2076
2061	2044
2028	2012
1996	1980
1968	1952
1944	1928
1928	1916
1920	1916
1916	1916
1916	1916
1928	1936
1952	1976
1984	2016
2024	2056
2073	2109
2129	2173
2173	2225
2205	2265
2297	2333
2449	2429
2506	2458
2466	2418
2434	2381
2410	2349
2414	2349
2446	2381
2494	2430
2558	2494
2611	2542
2651	2574
2667	2586
2659	2578
2626	2546
2570	2490
2534	2462
2518	2462
2510	2466
2510	2474
2526	2490
2558	2514
2591	2542
2623	2574
2639	2594
2639	2602
2655	2623
2687	2655
2715	2687
2739	2719
2755	2735
2763	2735
2825	2789
2941	2897
3016	2967
3048	2999
3092	3044
3148	3100
3196	3144
3236	3176
3257	3196
3257	3204
3257	3204
3257	3196
3240	3176
3208	3144
3176	3116
3144	3092
3144	3088
3176	3104
3192	3112
3192	3112
3192	3112
3192	3112
3192	3112
3192	3112
3192	3112
3192	3112
3192	3112
3192	3112
3192	3112
3192	3112
3188	3108
3181	3101
3156	3099
3114	3103
3117	3132
3166	3186
3227	3249
3299	3321
3380	3406
2320	2286
2336	2302
2368	2334
2400	2367
2432	2399
2465	2435
2497	2475
2545	2523
2609	2579
2661	2628
2701	2668
2750	2716
2806	2772
2834	2804
2834	2812
2846	2833
2870	2865
2882	2877
2882	2869
2886	2865
2894	2865
2898	2865
2898	2865
2886	2848
2862	2816
2850	2796
2850	2788
2850	2784
2850	2784
2852	2786
2854	2790
2770	2705
2598	2533
2499	2435
2474	2410
2446	2386
2414	2362
2378	2333
2338	2301
2289	2257
2233	2201
2185	2157
2145	2125
2109	2093
2077	2061
2044	2028
2012	1996
1980	1964
1948	1932
1928	1916
1920	1916
1916	1920
1916	1928
1916	1936
1916	1944
1944	1980
2000	2044
2056	2109
2112	2173
2173	2241
2237	2313
2297	2378
2353	2434
2397	2458
2429	2450
2418	2418
2362	2362
2317	2313
2285	2273
2285	2269
2317	2301
2366	2346
2430	2402
2478	2446
2510	2478
2514	2474
2490	2434
2458	2398
2418	2366
2398	2350
2398	2350
2410	2362
2434	2386
2450	2402
2458	2410
2478	2430
2510	2462
2538	2494
2562	2526
2591	2558
2623	2590
2655	2623
2687	2655
2703	2671
2703	2671
2757	2729
2865	2845
2935	2919
2967	2951
3004	2984
3044	3016
3080	3052
3112	3092
3140	3124
3164	3148
3164	3148
3140	3124
3112	3096
3080	3064
3060	3044
3052	3036
3040	3016
3024	2984
3016	2968
3016	2968
3016	2968
3016	2968
3016	2968
3016	2968
3016	2968
3016	2968
3016	2968
3016	2968
3016	2968
3016	2968
3012	2963
3004	2953
3033	2997
3098	3094
3154	3169
3201	3221
3269	3295
3357	3391
3450	3488
2254	2254
2270	2266
2302	2290
2335	2323
2367	2363
2411	2411
2467	2467
2515	2515
2555	2555
2604	2604
2660	2660
2708	2704
2748	2736
2780	2768
2804	2800
2833	2833
2865	2865
2869	2869
2845	2845
2833	2829
2833	2821
2833	2812
2833	2804
2816	2784
2784	2752
2756	2720
2732	2688
2720	2668
2720	2660
2722	2657
2725	2661
2641	2581
2469	2417
2370	2322
2346	2298
2330	2285
2322	2285
2301	2269
2269	2237
2233	2209
2193	2185
2157	2157
2125	2125
2093	2097
2061	2073
2028	2048
1996	2024
1964	1996
1932	1964
1916	1948
1916	1948
1928	1964
1952	1996
1976	2028
2000	2060
2044	2109
2108	2173
2173	2237
2237	2301
2313	2382
2401	2478
2466	2542
2506	2574
2514	2578
2490	2554
2458	2522
2418	2482
2369	2434
2313	2378
2301	2362
2333	2386
2370	2414
2410	2446
2446	2474
2478	2498
2466	2478
2410	2414
2366	2362
2334	2322
2318	2297
2318	2289
2322	2289
2330	2297
2346	2318
2370	2350
2398	2382
2430	2414
2462	2446
2494	2478
2526	2514
2558	2554
2591	2591
2623	2623
2639	2639
2639	2639
2705	2707
2837	2844
2919	2929
2951	2962
2984	2998
3016	3038
3060	3086
3116	3142
3148	3170
3156	3170
3156	3170
3148	3170
3128	3154
3096	3122
3068	3094
3044	3070
3016	3038
2984	2998
2968	2978
2968	2978
2968	2978
2968	2978
2968	2978
2968	2978
2968	2978
2968	2978
2968	2978
2968	2978
2968	2978
2968	2978
2960	2972
2946	2959
2990	3005
3092	3108
3177	3198
3245	3274
3327	3360
3423	3456
3520	3552
2286	2319
2290	2323
2298	2331
2331	2363
2387	2419
2435	2463
2475	2495
2523	2543
2579	2607
2628	2660
2668	2700
2704	2736
2736	2768
2768	2796
2800	2820
2833	2849
2865	2881
2877	2893
2869	2885
2853	2865
2829	2833
2804	2800
2780	2768
2752	2732
2720	2692
2688	2656
2656	2624
2628	2591
2604	2559
2593	2541
2597	2537
2525	2472
2377	2348
2290	2274
2265	2249
2253	2237
2253	2237
2237	2225
2205	2201
2185	2189
2177	2189
2157	2177
2125	2153
2105	2141
2097	2141
2088	2141
2080	2141
2060	2133
2028	2117
2012	2109
2012	2109
2028	2121
2060	2145
2092	2169
2124	2193
2173	2237
2237	2301
2301	2366
2365	2430
2446	2506
2542	2594
2606	2659
2638	2699
2650	2719
2642	2719
2610	2687
2554	2623
2506	2570
2466	2530
2450	2510
2458	2510
2478	2526
2510	2558
2530	2571
2538	2563
2510	2526
2446	2462
2386	2398
2330	2334
2289	2289
2265	2265
2265	2265
2289	2289
2318	2318
2350	2350
2382	2386
2414	2426
2446	2462
2478	2494
2522	2542
2578	2606
2623	2655
2655	2687
2671	2707
2671	2715
2736	2779
2868	2900
2950	2977
2982	3009
3026	3053
3082	3109
3130	3153
3171	3185
3191	3206
3191	3214
3191	3214
3191	3206
3175	3185
3142	3153
3122	3137
3114	3137
3082	3105
3026	3041
2998	3009
2998	3009
2998	3009
2998	3009
2998	3009
2998	3009
2998	3009
2998	3009
2998	3009
2998	3009
2998	3009
2998	3009
2997	3010
2994	3012
3042	3065
3142	3171
3230	3258
3306	3326
3392	3408
3488	3504
3584	3605
2351	2399
2363	2411
2387	2435
2419	2467
2459	2507
2495	2543
2527	2575
2575	2624
2639	2688
2700	2748
2756	2804
2800	2849
2832	2881
2852	2901
2860	2909
2881	2925
2913	2949
2917	2945
2893	2913
2865	2881
2833	2849
2800	2812
2768	2772
2724	2720
2668	2656
2624	2608
2592	2576
2559	2539
2527	2499
2501	2468
2480	2448
2424	2400
2332	2324
2274	2278
2249	2261
2237	2253
2237	2253
2233	2253
2225	2253
2221	2253
2221	2253
2217	2257
2209	2265
2205	2269
2205	2269
2205	2269
2205	2269
2213	2289
2229	2329
2237	2350
2237	2350
2241	2350
2249	2350
2257	2350
2265	2350
2301	2378
2365	2434
2430	2490
2494	2546
2562	2607
2634	2671
2699	2731
2755	2787
2783	2816
2783	2816
2751	2783
2687	2719
2626	2655
2570	2591
2542	2559
2542	2559
2558	2571
2590	2595
2595	2590
2571	2558
2526	2510
2462	2446
2398	2381
2334	2317
2297	2293
2289	2309
2289	2318
2297	2318
2318	2334
2350	2366
2394	2414
2450	2478
2494	2530
2526	2570
2574	2619
2638	2675
2687	2723
2719	2763
2747	2795
2771	2819
2836	2868
2940	2940
3009	2992
3041	3024
3077	3057
3117	3089
3153	3125
3185	3165
3214	3197
3238	3221
3238	3221
3214	3197
3185	3169
3153	3137
3137	3117
3137	3109
3105	3077
3041	3021
3009	2993
3009	2993
3009	2993
3009	2993
3009	2993
3009	2993
3009	2993
3009	2993
3009	2993
3009	2993
3009	2993
3009	2993
3010	2994
3012	2996
3073	3065
3195	3203
3282	3295
3334	3343
3408	3416
3504	3512
3613	3625
2463	2511
2467	2515
2475	2523
2507	2555
2563	2611
2607	2656
2639	2688
2688	2736
2752	2800
2804	2849
2844	2881
2881	2917
2913	2957
2941	2989
2965	3013
2981	3021
2989	3013
2977	2997
2945	2973
2913	2941
2881	2901
2836	2848
2780	2784
2720	2720
2656	2656
2608	2608
2576	2576
2531	2527
2475	2463
2444	2428
2440	2424
2400	2392
2324	2332
2286	2306
2286	2314
2285	2318
2285	2318
2285	2317
2285	2315
2285	2318
2285	2326
2297	2342
2321	2366
2333	2378
2333	2378
2333	2378
2333	2378
2361	2418
2417	2498
2446	2534
2446	2526
2446	2518
2446	2510
2446	2506
2446	2506
2466	2522
2506	2555
2546	2588
2586	2622
2639	2667
2703	2723
2755	2767
2795	2799
2816	2816
2816	2816
2783	2783
2719	2719
2655	2650
2591	2578
2559	2542
2559	2542
2563	2542
2571	2542
2558	2526
2526	2494
2478	2446
2414	2382
2349	2313
2285	2241
2277	2245
2325	2325
2350	2370
2350	2378
2366	2398
2398	2430
2446	2478
2510	2542
2570	2607
2626	2671
2675	2719
2715	2751
2763	2799
2819	2863
2851	2896
2859	2896
2876	2884
2900	2860
2928	2864
2960	2896
2993	2932
3025	2972
3069	3021
3125	3077
3157	3105
3165	3105
3165	3105
3157	3105
3137	3089
3105	3057
3077	3024
3053	2992
3021	2960
2981	2928
2961	2912
2961	2912
2961	2912
2961	2912
2961	2912
2961	2912
2961	2912
2961	2912
2961	2912
2961	2912
2961	2912
2961	2912
2962	2913
2964	2915
3041	3005
3195	3183
3299	3302
3355	3363
3431	3442
3528	3539
3640	3651
2543	2465
2555	2485
2579	2525
2611	2565
2651	2605
2688	2645
2720	2685
2768	2738
2832	2802
2881	2850
2913	2882
2957	2923
3013	2971
3045	2995
3053	2995
3045	2987
3021	2971
3005	2959
2997	2951
2965	2918
2909	2862
2848	2806
2784	2750
2720	2690
2656	2626
2608	2577
2576	2545
2527	2501
2463	2445
2420	2406
2400	2384
2376	2366
2348	2351
2338	2347
2346	2352
2350	2355
2350	2355
2347	2356
2341	2356
2350	2376
2374	2415
2390	2443
2398	2459
2402	2480
2402	2507
2402	2525
2402	2533
2458	2569
2571	2633
2615	2669
2591	2677
2567	2680
2543	2677
2531	2680
2531	2688
2547	2692
2579	2693
2614	2697
2652	2705
2691	2717
2731	2733
2767	2757
2799	2789
2816	2808
2816	2813
2783	2783
2719	2719
2642	2638
2554	2542
2510	2494
2510	2494
2510	2498
2510	2506
2494	2502
2462	2486
2414	2450
2350	2394
2273	2326
2185	2245
2197	2249
2309	2337
2378	2398
2402	2430
2430	2462
2462	2494
2510	2538
2574	2594
2639	2651
2703	2707
2751	2751
2783	2783
2831	2827
2895	2883
2928	2916
2928	2924
2892	2892
2820	2822
2800	2799
2832	2823
2876	2859
2932	2908
2981	2948
3021	2980
3041	2996
3041	2996
3041	2996
3041	2996
3025	2988
2993	2972
2960	2952
2928	2927
2896	2903
2864	2879
2848	2867
2848	2867
2848	2859
2848	2843
2848	2831
2848	2823
2848	2819
2848	2819
2848	2823
2848	2831
2848	2843
2848	2859
2849	2867
2851	2867
2957	2970
3167	3175
3304	3300
3369	3347
3449	3419
3546	3515
3658	3632
2276	2182
2304	2214
2361	2278
2417	2343
2473	2407
2529	2471
2585	2535
2646	2600
2710	2664
2758	2712
2790	2744
2815	2761
2831	2761
2839	2761
2839	2761
2847	2764
2863	2772
2859	2764
2835	2740
2802	2712
2762	2680
2722	2648
2682	2616
2630	2567
2566	2503
2517	2455
2485	2423
2449	2391
2409	2359
2385	2343
2378	2343
2363	2334
2342	2317
2332	2309
2334	2309
2335	2312
2335	2318
2343	2334
2360	2361
2395	2409
2449	2477
2499	2549
2547	2624
2612	2713
2693	2816
2745	2888
2769	2928
2749	2892
2685	2780
2697	2784
2785	2904
2857	3009
2913	3099
2953	3154
2977	3175
2958	3140
2897	3047
2838	2955
2781	2864
2745	2804
2729	2774
2737	2771
2769	2795
2792	2809
2808	2813
2783	2783
2719	2719
2638	2638
2542	2542
2494	2490
2494	2482
2506	2490
2530	2514
2550	2542
2566	2574
2554	2574
2514	2542
2470	2510
2422	2478
2401	2454
2409	2438
2430	2446
2462	2478
2494	2510
2526	2542
2562	2575
2602	2607
2643	2639
2683	2671
2719	2703
2751	2735
2787	2767
2827	2799
2860	2832
2884	2864
2886	2883
2867	2890
2862	2894
2870	2894
2882	2894
2898	2894
2922	2910
2954	2942
2970	2958
2970	2958
2970	2958
2970	2958
2978	2974
2995	3006
2999	3023
2991	3023
2983	3023
2975	3023
2971	3018
2971	3010
2947	2978
2898	2922
2862	2882
2838	2858
2826	2846
2826	2846
2838	2858
2862	2882
2898	2922
2947	2978
2968	3007
2964	3008
3043	3074
3206	3206
3291	3271
3298	3270
3350	3314
3447	3402
3571	3523
2182	2176
2214	2204
2278	2260
2343	2321
2407	2385
2471	2453
2535	2525
2600	2590
2664	2646
2712	2690
2744	2722
2761	2738
2761	2738
2761	2738
2761	2738
2740	2702
2700	2630
2676	2594
2668	2594
2648	2577
2616	2545
2584	2513
2552	2481
2503	2437
2439	2381
2391	2332
2359	2292
2327	2260
2295	2236
2279	2220
2279	2212
2278	2213
2277	2223
2277	2232
2277	2240
2286	2261
2305	2294
2329	2335
2359	2383
2417	2457
2501	2558
2592	2666
2689	2782
2784	2888
2878	2985
2953	3066
3010	3131
2998	3143
2917	3102
2929	3126
3034	3215
3135	3307
3234	3402
3283	3444
3283	3433
3236	3381
3144	3288
3050	3190
2955	3085
2895	3016
2868	2983
2859	2963
2867	2955
2857	2921
2829	2861
2783	2795
2719	2723
2638	2638
2542	2542
2482	2474
2458	2434
2450	2414
2458	2414
2478	2426
2510	2450
2510	2446
2478	2414
2446	2381
2414	2349
2406	2357
2422	2405
2446	2446
2478	2478
2510	2510
2542	2542
2575	2575
2607	2607
2639	2639
2671	2671
2703	2703
2735	2735
2767	2767
2799	2799
2832	2832
2864	2864
2883	2883
2890	2890
2894	2894
2894	2894
2894	2894
2894	2894
2910	2910
2942	2942
2958	2958
2958	2958
2958	2958
2958	2958
2974	2974
3006	3006
3023	3023
3023	3023
3023	3023
3023	3023
3010	3006
2986	2974
2954	2946
2914	2922
2890	2906
2882	2898
2878	2894
2878	2894
2882	2898
2890	2906
2914	2922
2954	2946
2982	2970
3000	2996
3063	3058
3173	3157
3240	3219
3262	3245
3310	3292
3382	3359
3486	3452
2164	2158
2184	2174
2224	2206
2277	2255
2341	2319
2417	2395
2505	2483
2570	2544
2610	2576
2646	2608
2678	2640
2694	2656
2694	2656
2694	2656
2694	2656
2650	2612
2562	2524
2518	2475
2518	2467
2501	2451
2469	2427
2437	2399
2405	2367
2369	2335
2329	2303
2280	2258
2224	2202
2192	2170
2184	2162
2168	2146
2144	2122
2140	2119
2156	2138
2176	2164
2200	2196
2237	2245
2286	2310
2351	2395
2431	2499
2530	2618
2646	2750
2770	2891
2902	3039
3025	3177
3138	3306
3227	3407
3291	3480
3327	3532
3335	3564
3375	3608
3448	3665
3524	3725
3603	3788
3637	3810
3626	3791
3574	3735
3481	3642
3375	3532
3254	3403
3169	3306
3120	3241
3083	3188
3059	3148
3001	3074
2909	2966
2819	2863
2731	2767
2638	2667
2542	2562
2466	2478
2410	2414
2382	2382
2382	2382
2386	2378
2394	2370
2382	2350
2350	2318
2317	2281
2285	2241
2309	2273
2389	2377
2446	2446
2478	2478
2510	2510
2542	2542
2575	2575
2607	2607
2639	2639
2671	2671
2703	2703
2735	2735
2767	2767
2799	2799
2832	2832
2864	2864
2883	2883
2890	2890
2894	2894
2894	2894
2894	2894
2894	2894
2910	2910
2942	2942
2958	2958
2958	2958
2958	2958
2958	2958
2974	2974
3006	3006
3023	3023
3023	3023
3023	3018
3023	3010
3006	2994
2974	2970
2954	2958
2946	2958
2930	2946
2906	2922
2894	2910
2894	2910
2906	2922
2930	2946
2946	2958
2954	2958
2970	2967
2996	2986
3058	3045
3156	3144
3210	3193
3219	3191
3260	3224
3333	3292
3422	3374
2158	2150
2174	2170
2206	2211
2255	2263
2319	2327
2387	2387
2459	2444
2512	2488
2544	2520
2576	2552
2608	2584
2624	2596
2624	2588
2624	2584
2624	2584
2588	2564
2516	2524
2467	2492
2443	2467
2427	2451
2419	2443
2399	2423
2367	2391
2335	2363
2303	2339
2266	2311
2226	2279
2194	2251
2170	2226
2154	2209
2146	2199
2151	2206
2171	2232
2196	2261
2228	2293
2285	2353
2366	2442
2467	2551
2587	2680
2722	2822
2871	2979
3027	3148
3191	3328
3346	3495
3491	3648
3608	3773
3697	3870
3757	3926
3789	3942
3825	3966
3865	3998
3909	4029
3957	4061
3963	4055
3927	4011
3863	3947
3771	3863
3660	3756
3532	3628
3427	3515
3345	3417
3276	3333
3220	3261
3138	3174
3030	3074
2927	2976
2831	2880
2723	2767
2603	2639
2510	2546
2446	2490
2414	2458
2414	2450
2402	2434
2378	2410
2350	2378
2318	2338
2273	2289
2217	2233
2249	2261
2369	2373
2446	2446
2478	2478
2510	2510
2542	2542
2575	2575
2607	2607
2639	2639
2671	2671
2703	2703
2735	2735
2767	2767
2799	2799
2832	2832
2864	2864
2883	2883
2890	2890
2894	2894
2894	2894
2894	2894
2894	2894
2910	2910
2942	2942
2958	2958
2958	2958
2958	2958
2958	2958
2974	2974
3006	3006
3023	3023
3023	3023
3010	3006
2986	2974
2970	2958
2962	2958
2958	2958
2958	2958
2954	2958
2946	2958
2942	2958
2942	2958
2946	2958
2954	2958
2958	2958
2958	2958
2961	2958
2968	2958
3020	3004
3119	3095
3166	3133
3161	3118
3184	3131
3236	3171
3310	3236
2134	2127
2163	2155
2219	2211
2279	2272
2343	2336
2396	2388
2436	2428
2472	2465
2504	2497
2536	2525
2568	2549
2572	2545
2548	2513
2536	2497
2536	2497
2540	2521
2548	2569
2548	2589
2540	2581
2524	2565
2500	2541
2472	2513
2440	2481
2420	2465
2412	2465
2392	2452
2359	2428
2339	2412
2331	2404
2312	2384
2281	2354
2284	2357
2322	2393
2357	2430
2389	2467
2450	2530
2539	2619
2648	2724
2776	2844
2919	2983
3076	3140
3252	3317
3448	3513
3623	3683
3777	3829
3902	3950
3998	4046
4038	4078
4022	4046
4030	4042
4062	4066
4086	4078
4101	4077
4087	4059
4043	4023
3987	3979
3919	3927
3820	3840
3692	3720
3571	3595
3457	3465
3357	3352
3269	3256
3182	3170
3098	3094
3008	3008
2912	2912
2799	2803
2671	2683
2586	2602
2546	2562
2514	2530
2490	2506
2474	2494
2466	2494
2434	2466
2378	2410
2329	2366
2289	2334
2309	2346
2389	2402
2446	2446
2478	2478
2510	2510
2542	2542
2575	2575
2607	2607
2639	2639
2671	2671
2703	2703
2735	2735
2767	2767
2799	2799
2832	2832
2864	2864
2883	2883
2890	2890
2894	2894
2894	2894
2894	2894
2894	2894
2910	2910
2942	2942
2958	2958
2958	2958
2958	2958
2958	2958
2974	2974
3006	3006
3023	3023
3023	3023
3006	3002
2974	2962
2958	2946
2958	2954
2958	2958
2958	2958
2958	2962
2958	2970
2958	2974
2958	2974
2958	2970
2958	2962
2958	2958
2958	2958
2958	2954
2958	2946
2996	2976
3070	3042
3092	3056
3061	3017
3063	3010
3098	3034
3152	3074
2127	2125
2147	2142
2187	2174
2240	2222
2304	2286
2364	2346
2420	2403
2465	2447
2497	2479
2517	2495
2525	2495
2513	2479
2481	2447
2465	2431
2465	2431
2505	2479
2585	2575
2613	2607
2589	2575
2573	2559
2565	2559
2545	2547
2513	2523
2497	2507
2497	2499
2492	2495
2484	2495
2468	2483
2444	2459
2427	2448
2417	2448
2423	2460
2446	2484
2480	2517
2526	2560
2594	2622
2684	2704
2780	2788
2884	2876
3015	2995
3172	3144
3341	3300
3521	3464
3675	3607
3805	3729
3918	3833
4014	3921
4046	3957
4014	3941
4002	3929
4010	3921
4005	3905
3988	3880
3970	3866
3951	3862
3923	3850
3887	3830
3816	3776
3712	3688
3587	3567
3441	3413
3320	3280
3224	3168
3138	3069
3062	2985
2976	2895
2880	2799
2779	2707
2675	2619
2594	2546
2538	2490
2506	2462
2498	2462
2494	2466
2494	2474
2474	2462
2434	2430
2398	2398
2366	2366
2370	2370
2410	2410
2446	2446
2478	2478
2510	2510
2542	2542
2575	2575
2607	2607
2639	2639
2671	2671
2703	2703
2735	2735
2767	2767
2799	2799
2832	2832
2864	2864
2883	2883
2890	2890
2894	2894
2894	2894
2894	2894
2894	2894
2910	2910
2942	2942
2958	2958
2958	2958
2958	2958
2958	2958
2974	2974
3006	3006
3023	3023
3023	3023
2994	2990
2938	2926
2922	2906
2946	2930
2958	2946
2958	2954
2970	2974
2994	3006
3006	3023
3006	3023
2994	3006
2970	2974
2958	2954
2958	2946
2946	2930
2922	2906
2944	2924
3010	2982
3024	2993
2985	2956
2970	2936
2978	2934
3002	2945
2123	2122
2139	2138
2172	2170
2220	2219
2284	2283
2336	2331
2376	2363
2412	2395
2445	2427
2461	2439
2461	2431
2445	2415
2412	2391
2396	2375
2396	2367
2444	2407
2541	2495
2573	2528
2541	2504
2525	2492
2525	2492
2521	2492
2513	2492
2497	2475
2473	2443
2461	2427
2461	2427
2457	2427
2449	2427
2446	2429
2448	2431
2468	2456
2508	2504
2541	2541
2568	2568
2614	2606
2679	2655
2748	2708
2820	2764
2923	2851
3055	2967
3196	3095
3344	3235
3479	3362
3600	3476
3697	3564
3769	3628
3813	3680
3829	3720
3825	3724
3801	3692
3776	3664
3751	3639
3745	3637
3758	3658
3762	3674
3758	3686
3720	3659
3648	3595
3535	3487
3381	3333
3232	3180
3088	3028
2965	2889
2865	2765
2767	2654
2671	2558
2587	2478
2514	2414
2458	2365
2418	2333
2398	2321
2398	2329
2410	2349
2434	2381
2430	2386
2398	2362
2366	2333
2334	2301
2346	2321
2402	2393
2446	2446
2478	2478
2510	2510
2542	2542
2575	2575
2607	2607
2639	2639
2671	2671
2703	2703
2735	2735
2767	2767
2799	2799
2832	2832
2864	2864
2883	2883
2890	2890
2894	2894
2894	2894
2894	2894
2894	2894
2910	2910
2942	2942
2958	2958
2958	2958
2958	2958
2958	2958
2974	2974
3006	3006
3023	3023
3023	3023
2990	2986
2926	2914
2898	2882
2906	2890
2922	2914
2946	2954
2974	2986
3006	3010
3023	3023
3023	3023
3006	3010
2974	2986
2946	2954
2922	2914
2906	2890
2898	2882
2916	2900
2958	2942
2963	2948
2929	2916
2909	2892
2904	2876
2905	2869
2122	2139
2138	2151
2170	2176
2219	2212
2283	2260
2331	2296
2363	2320
2395	2348
2427	2380
2431	2384
2407	2360
2391	2348
2383	2348
2367	2340
2343	2324
2367	2348
2439	2413
2472	2441
2464	2433
2460	2425
2460	2417
2460	2409
2460	2401
2443	2388
2411	2372
2395	2364
2395	2364
2395	2372
2395	2388
2396	2397
2399	2399
2424	2432
2472	2496
2517	2549
2560	2592
2598	2618
2631	2627
2668	2648
2708	2680
2778	2734
2879	2810
2999	2910
3139	3034
3258	3137
3355	3218
3436	3291
3500	3355
3560	3415
3616	3472
3628	3488
3596	3463
3567	3447
3543	3439
3541	3445
3561	3465
3586	3489
3614	3517
3595	3495
3531	3423
3422	3310
3269	3156
3124	3015
2987	2887
2841	2740
2685	2576
2558	2454
2462	2374
2382	2305
2317	2249
2269	2209
2237	2185
2233	2185
2257	2209
2285	2233
2317	2257
2330	2273
2322	2281
2301	2277
2269	2261
2297	2289
2385	2361
2446	2414
2478	2446
2510	2478
2542	2510
2575	2546
2607	2586
2639	2623
2671	2655
2703	2691
2735	2731
2767	2767
2799	2799
2832	2832
2864	2864
2883	2887
2890	2902
2894	2910
2894	2910
2894	2910
2894	2910
2910	2922
2942	2946
2958	2958
2958	2958
2958	2958
2958	2958
2974	2970
3006	2994
3023	3006
3023	3006
2978	2970
2890	2898
2858	2874
2882	2898
2922	2934
2978	2982
3010	3006
3018	3006
3023	3006
3023	3006
3018	3006
3010	3006
2978	2982
2922	2934
2882	2898
2858	2874
2876	2884
2934	2926
2948	2936
2916	2912
2884	2881
2852	2843
2837	2820
2174	2187
2178	2187
2186	2187
2198	2187
2214	2187
2226	2191
2234	2199
2254	2215
2286	2239
2298	2255
2290	2263
2286	2267
2286	2267
2294	2283
2310	2315
2351	2355
2415	2404
2435	2416
2411	2391
2387	2363
2363	2331
2339	2299
2315	2267
2310	2267
2326	2299
2334	2319
2334	2327
2358	2359
2407	2416
2431	2447
2432	2453
2480	2517
2576	2637
2637	2701
2665	2707
2667	2695
2643	2663
2648	2660
2680	2684
2718	2710
2762	2738
2830	2790
2922	2866
3000	2932
3065	2989
3130	3046
3195	3102
3247	3143
3287	3167
3303	3174
3295	3166
3303	3178
3326	3210
3348	3236
3369	3256
3385	3268
3397	3272
3359	3230
3270	3142
3149	3029
2996	2891
2855	2762
2726	2642
2588	2516
2440	2384
2342	2301
2293	2269
2249	2237
2209	2205
2185	2185
2177	2177
2177	2173
2185	2173
2193	2177
2201	2185
2217	2205
2241	2237
2261	2269
2277	2301
2297	2318
2321	2318
2350	2330
2382	2354
2414	2386
2446	2426
2490	2474
2546	2530
2591	2579
2623	2619
2667	2671
2723	2735
2767	2783
2799	2815
2832	2844
2864	2868
2895	2899
2926	2938
2942	2958
2942	2958
2942	2958
2942	2958
2946	2958
2954	2958
2958	2958
2958	2958
2958	2958
2958	2958
2962	2958
2970	2958
2974	2958
2974	2958
2962	2958
2938	2958
2930	2958
2938	2958
2950	2958
2966	2958
2974	2958
2974	2958
2974	2958
2974	2958
2974	2958
2974	2958
2966	2958
2950	2958
2938	2958
2930	2958
2924	2946
2918	2923
2912	2908
2904	2902
2882	2887
2848	2863
2819	2835
2177	2146
2177	2150
2177	2158
2177	2166
2177	2174
2189	2195
2213	2227
2229	2247
2237	2255
2253	2275
2278	2307
2290	2323
2290	2323
2306	2339
2338	2371
2362	2383
2378	2375
2382	2367
2374	2359
2354	2343
2322	2319
2290	2295
2257	2271
2257	2271
2290	2295
2318	2323
2342	2355
2374	2391
2414	2431
2444	2465
2462	2492
2541	2576
2680	2719
2739	2779
2720	2755
2703	2739
2687	2731
2684	2728
2692	2728
2710	2738
2738	2758
2790	2802
2866	2870
2932	2928
2989	2977
3038	3018
3078	3050
3103	3058
3111	3042
3102	3014
3078	2974
3074	2953
3089	2953
3107	2963
3128	2983
3140	2999
3144	3011
3110	2989
3037	2933
2948	2864
2843	2783
2738	2702
2634	2622
2524	2528
2408	2420
2333	2354
2301	2330
2269	2301
2237	2269
2209	2237
2185	2205
2173	2189
2173	2189
2185	2205
2209	2237
2237	2269
2269	2301
2301	2330
2333	2354
2350	2370
2350	2378
2354	2382
2362	2382
2394	2410
2450	2466
2498	2514
2538	2554
2587	2607
2643	2671
2703	2731
2767	2787
2815	2832
2847	2864
2868	2884
2876	2892
2899	2911
2938	2942
2958	2958
2958	2958
2958	2958
2958	2958
2958	2958
2958	2958
2958	2958
2958	2958
2958	2958
2958	2958
2958	2958
2958	2958
2958	2958
2958	2958
2958	2962
2958	2970
2958	2974
2958	2974
2958	2974
2958	2974
2958	2974
2958	2974
2958	2974
2958	2974
2958	2974
2958	2974
2958	2974
2958	2974
2958	2974
2958	2974
2952	2967
2939	2954
2925	2940
2908	2923
2895	2914
2887	2914
2867	2898
2094	2043
2106	2059
2130	2091
2154	2127
2178	2168
2207	2208
2239	2248
2267	2284
2291	2316
2319	2348
2351	2380
2367	2396
2367	2396
2383	2408
2415	2433
2419	2429
2395	2396
2371	2368
2347	2344
2331	2332
2323	2332
2315	2332
2307	2332
2307	2336
2315	2344
2335	2364
2367	2396
2411	2445
2467	2509
2511	2558
2541	2593
2623	2679
2756	2818
2819	2887
2811	2887
2803	2879
2796	2864
2792	2857
2792	2857
2794	2855
2798	2851
2826	2867
2878	2902
2920	2928
2953	2945
2986	2966
3018	2990
3010	2970
2962	2906
2910	2841
2853	2777
2817	2728
2800	2696
2802	2686
2823	2698
2847	2726
2875	2770
2869	2784
2829	2768
2776	2736
2710	2686
2654	2646
2606	2614
2528	2544
2420	2436
2362	2378
2354	2370
2333	2350
2301	2318
2269	2285
2237	2253
2221	2237
2221	2237
2237	2253
2269	2285
2301	2318
2333	2350
2354	2370
2362	2378
2378	2398
2402	2430
2414	2446
2414	2446
2434	2462
2474	2494
2522	2542
2578	2606
2639	2667
2703	2723
2755	2767
2795	2799
2832	2832
2864	2864
2892	2896
2916	2928
2935	2947
2950	2954
2958	2958
2958	2958
2958	2958
2958	2958
2958	2958
2958	2958
2958	2958
2958	2958
2958	2958
2958	2958
2958	2958
2958	2958
2958	2958
2958	2958
2970	2974
2994	3006
3006	3023
3006	3023
3006	3023
3006	3023
3006	3023
3006	3023
3006	3023
3006	3023
3006	3023
3006	3023
3006	3023
3006	3023
3006	3023
3006	3023
2993	3011
2968	2987
2952	2971
2947	2963
2944	2959
2944	2959
2928	2947
1995	2010
2011	2026
2043	2058
2087	2106
2143	2170
2199	2235
2256	2299
2300	2347
2332	2379
2364	2408
2396	2432
2412	2439
2412	2431
2416	2427
2424	2427
2412	2419
2380	2403
2360	2391
2352	2383
2348	2379
2348	2379
2348	2383
2348	2391
2360	2412
2384	2444
2412	2484
2444	2532
2493	2589
2557	2653
2608	2704
2647	2743
2746	2841
2904	2998
2983	3077
2983	3079
2968	3064
2936	3033
2921	3013
2921	3005
2919	2995
2915	2983
2923	2979
2943	2983
2953	2981
2953	2973
2958	2966
2966	2958
2938	2926
2874	2870
2809	2809
2745	2745
2688	2684
2639	2627
2613	2593
2610	2581
2638	2610
2698	2678
2736	2724
2752	2748
2744	2752
2711	2735
2678	2710
2646	2678
2576	2604
2468	2488
2402	2414
2378	2382
2350	2350
2318	2318
2285	2285
2253	2253
2237	2237
2237	2237
2253	2253
2285	2285
2318	2318
2350	2350
2378	2382
2402	2414
2430	2446
2462	2478
2478	2498
2478	2506
2494	2526
2526	2558
2574	2603
2638	2659
2691	2703
2731	2735
2767	2767
2799	2799
2832	2832
2864	2864
2896	2892
2928	2916
2947	2931
2954	2938
2958	2942
2958	2942
2958	2942
2958	2942
2958	2942
2958	2942
2958	2942
2958	2942
2958	2942
2958	2942
2958	2942
2958	2942
2958	2942
2958	2942
2974	2958
3006	2990
3023	3006
3023	3006
3023	3006
3023	3006
3023	3006
3023	3006
3023	3006
3023	3006
3023	3006
3023	3006
3023	3006
3023	3006
3023	3006
3023	3006
3019	3008
3011	3013
2995	2999
2971	2967
2959	2953
2959	2956
2955	2958
2090	2227
2106	2243
2138	2275
2186	2323
2250	2388
2315	2452
2379	2516
2427	2560
2459	2585
2480	2593
2488	2585
2479	2565
2455	2532
2443	2508
2443	2492
2451	2500
2467	2533
2463	2537
2439	2512
2427	2500
2427	2500
2439	2516
2463	2549
2492	2585
2524	2625
2580	2689
2660	2778
2733	2858
2797	2930
2846	2982
2880	3013
2964	3085
3098	3197
3168	3258
3173	3268
3169	3269
3153	3261
3133	3242
3109	3210
3083	3176
3055	3140
3035	3107
3023	3079
3013	3053
3005	3029
2990	3002
2966	2970
2934	2938
2894	2906
2841	2861
2777	2805
2716	2752
2659	2703
2625	2673
2613	2662
2642	2686
2710	2746
2748	2777
2756	2777
2760	2772
2759	2763
2742	2738
2710	2698
2628	2612
2496	2480
2414	2402
2382	2378
2350	2350
2318	2318
2285	2285
2253	2253
2237	2237
2237	2237
2253	2253
2285	2285
2318	2318
2350	2350
2382	2378
2414	2402
2446	2434
2478	2474
2506	2510
2530	2542
2558	2571
2590	2595
2627	2623
2667	2655
2703	2687
2735	2719
2767	2751
2799	2783
2832	2815
2864	2847
2884	2864
2892	2864
2899	2867
2906	2874
2910	2878
2910	2878
2910	2878
2910	2878
2910	2878
2910	2878
2910	2878
2910	2878
2910	2878
2910	2878
2910	2878
2910	2878
2910	2878
2910	2878
2926	2898
2958	2938
2974	2958
2974	2958
2974	2958
2974	2958
2974	2958
2974	2958
2974	2958
2974	2958
2974	2958
2974	2958
2974	2958
2974	2958
2974	2958
2974	2958
2980	2962
2993	2971
2983	2964
2951	2940
2941	2935
2952	2950
2958	2958
2422	2640
2438	2656
2471	2688
2519	2737
2583	2801
2647	2865
2712	2929
2748	2958
2756	2950
2748	2925
2723	2885
2695	2845
2663	2805
2623	2753
2575	2689
2567	2660
2599	2668
2611	2672
2603	2672
2599	2676
2599	2684
2615	2704
2647	2736
2691	2785
2748	2849
2812	2917
2884	2989
2964	3074
3053	3170
3112	3236
3142	3270
3203	3323
3294	3396
3347	3440
3361	3457
3365	3461
3358	3454
3338	3435
3306	3403
3272	3365
3236	3321
3196	3272
3151	3219
3101	3153
3045	3074
3002	3018
2970	2986
2938	2950
2906	2910
2869	2874
2829	2842
2793	2817
2760	2800
2738	2790
2726	2786
2742	2799
2786	2827
2809	2833
2809	2817
2788	2776
2747	2711
2698	2642
2642	2570
2556	2491
2440	2407
2378	2362
2370	2354
2350	2333
2318	2301
2285	2269
2253	2237
2237	2221
2237	2221
2253	2237
2285	2269
2318	2301
2350	2333
2370	2354
2378	2362
2410	2398
2466	2462
2510	2506
2542	2530
2563	2546
2571	2554
2591	2575
2623	2607
2655	2635
2687	2659
2719	2687
2751	2719
2783	2751
2815	2783
2832	2799
2832	2799
2835	2803
2842	2810
2846	2814
2846	2814
2846	2814
2846	2814
2846	2814
2846	2814
2846	2814
2846	2814
2846	2814
2846	2814
2846	2814
2846	2814
2846	2814
2846	2814
2874	2846
2930	2910
2958	2942
2958	2942
2958	2942
2958	2942
2958	2942
2958	2942
2958	2942
2958	2942
2958	2942
2958	2942
2958	2942
2958	2942
2958	2942
2958	2942
2954	2934
2947	2919
2940	2912
2932	2912
2935	2917
2950	2928
2958	2934
2880	3102
2896	3123
2928	3166
2977	3215
3041	3272
3105	3326
3169	3379
3190	3390
3166	3358
3125	3310
3069	3246
3013	3178
2957	3105
2897	3037
2833	2974
2780	2902
2740	2822
2720	2782
2720	2782
2732	2792
2756	2813
2784	2844
2816	2884
2865	2937
2929	3001
3005	3082
3093	3181
3186	3279
3282	3375
3352	3449
3396	3501
3446	3547
3501	3588
3537	3617
3553	3633
3558	3638
3551	3631
3531	3612
3499	3580
3453	3529
3393	3461
3336	3395
3284	3332
3210	3250
3114	3151
3050	3082
3018	3041
2974	2985
2918	2913
2874	2865
2842	2841
2825	2830
2824	2833
2830	2845
2842	2869
2855	2883
2867	2887
2849	2852
2801	2780
2736	2692
2654	2586
2570	2485
2481	2389
2419	2342
2383	2344
2354	2331
2330	2300
2301	2269
2269	2237
2237	2209
2205	2185
2189	2173
2189	2173
2205	2185
2237	2209
2269	2237
2301	2269
2330	2301
2354	2333
2398	2386
2462	2458
2498	2494
2506	2494
2522	2510
2546	2542
2575	2571
2607	2595
2627	2611
2635	2619
2655	2639
2687	2671
2719	2699
2751	2723
2767	2735
2767	2735
2770	2738
2778	2746
2782	2749
2782	2749
2782	2749
2782	2749
2782	2749
2782	2749
2782	2749
2782	2749
2782	2749
2782	2749
2782	2749
2782	2749
2782	2749
2782	2749
2814	2781
2878	2845
2910	2878
2910	2878
2910	2878
2910	2878
2910	2878
2910	2878
2910	2878
2910	2878
2910	2878
2910	2878
2910	2878
2910	2878
2910	2878
2910	2878
2902	2876
2887	2873
2880	2869
2880	2865
2881	2864
2885	2864
2887	2865
3306	3529
3337	3558
3400	3616
3452	3656
3492	3680
3528	3701
3559	3718
3559	3714
3527	3688
3479	3639
3414	3567
3338	3479
3250	3377
3175	3287
3113	3208
3026	3118
2914	3015
2858	2958
2858	2947
2857	2934
2857	2918
2884	2938
2940	2994
3001	3054
3065	3118
3149	3206
3252	3316
3352	3424
3449	3528
3526	3613
3585	3677
3629	3725
3658	3757
3681	3777
3698	3783
3703	3780
3695	3766
3676	3739
3644	3699
3593	3641
3525	3564
3449	3473
3363	3369
3275	3273
3186	3185
3113	3109
3057	3045
2985	2976
2896	2904
2848	2856
2840	2832
2833	2807
2826	2783
2837	2782
2866	2806
2883	2821
2887	2825
2844	2792
2756	2719
2643	2621
2506	2498
2389	2397
2293	2317
2260	2283
2291	2296
2293	2281
2266	2238
2237	2197
2205	2157
2185	2137
2177	2137
2173	2141
2173	2149
2177	2157
2185	2165
2205	2181
2237	2205
2269	2225
2301	2241
2362	2299
2450	2397
2494	2446
2494	2446
2510	2462
2542	2494
2563	2510
2571	2510
2587	2523
2611	2549
2639	2578
2671	2610
2691	2626
2699	2626
2703	2626
2703	2626
2706	2640
2713	2667
2717	2685
2717	2693
2717	2697
2717	2697
2717	2701
2717	2709
2717	2717
2717	2725
2717	2733
2717	2741
2717	2745
2717	2745
2717	2749
2717	2757
2749	2785
2813	2834
2846	2858
2846	2858
2846	2858
2846	2858
2846	2858
2846	2858
2846	2858
2846	2858
2846	2858
2846	2858
2846	2858
2846	2858
2846	2858
2846	2858
2856	2866
2876	2882
2880	2881
2869	2864
2864	2851
2864	2843
2869	2840
3773	4033
3786	4031
3811	4026
3828	4023
3836	4023
3845	4027
3855	4034
3854	4031
3842	4018
3791	3965
3703	3873
3601	3759
3486	3624
3372	3493
3259	3364
3177	3266
3126	3199
3084	3144
3051	3102
3022	3069
2998	3046
3005	3047
3044	3071
3095	3119
3160	3191
3252	3291
3373	3417
3494	3546
3614	3676
3709	3776
3778	3845
3837	3905
3887	3955
3904	3972
3890	3955
3870	3931
3844	3899
3803	3851
3747	3787
3671	3704
3577	3602
3469	3487
3349	3358
3242	3246
3148	3149
3069	3069
3005	3004
2960	2968
2936	2960
2888	2912
2816	2824
2755	2748
2703	2683
2682	2651
2690	2651
2697	2654
2703	2659
2694	2662
2670	2662
2627	2642
2564	2602
2509	2561
2461	2519
2412	2462
2360	2392
2295	2312
2217	2224
2149	2147
2093	2083
2065	2047
2065	2039
2077	2054
2101	2091
2125	2126
2149	2158
2165	2174
2173	2174
2169	2158
2153	2126
2197	2162
2299	2266
2350	2318
2350	2318
2366	2330
2398	2354
2414	2366
2414	2366
2420	2373
2434	2388
2456	2408
2488	2432
2504	2448
2504	2456
2504	2460
2504	2460
2539	2500
2608	2582
2654	2639
2678	2671
2690	2687
2690	2687
2702	2703
2726	2735
2750	2767
2775	2799
2799	2832
2823	2864
2835	2880
2835	2880
2847	2892
2871	2916
2891	2932
2907	2940
2915	2944
2915	2944
2915	2944
2915	2944
2915	2944
2915	2944
2915	2944
2915	2944
2915	2944
2915	2944
2915	2944
2915	2944
2915	2944
2915	2944
2907	2928
2891	2896
2872	2866
2849	2839
2826	2810
2802	2778
2777	2743
4310	4553
4293	4531
4260	4488
4243	4458
4243	4444
4246	4434
4254	4429
4244	4407
4216	4367
4161	4303
4077	4215
3954	4083
3791	3907
3648	3758
3525	3637
3387	3471
3234	3260
3139	3140
3100	3111
3075	3090
3064	3076
3064	3077
3077	3092
3127	3147
3213	3241
3321	3352
3449	3481
3579	3612
3713	3748
3813	3848
3879	3912
3929	3957
3963	3982
3980	3998
3980	4005
3963	3992
3931	3959
3883	3911
3819	3847
3737	3767
3639	3670
3526	3562
3397	3441
3285	3337
3188	3248
3108	3172
3044	3108
3000	3060
2976	3028
2928	2980
2855	2915
2787	2855
2723	2799
2691	2771
2691	2771
2692	2771
2693	2771
2694	2763
2694	2747
2666	2707
2610	2642
2551	2571
2489	2494
2436	2438
2390	2406
2332	2358
2260	2294
2191	2229
2127	2165
2083	2117
2059	2085
2070	2095
2118	2147
2158	2190
2190	2222
2206	2243
2206	2251
2190	2238
2158	2206
2194	2234
2298	2322
2350	2366
2350	2366
2354	2370
2362	2378
2366	2382
2366	2382
2381	2401
2412	2440
2432	2460
2440	2460
2456	2472
2480	2496
2492	2509
2492	2509
2525	2537
2590	2594
2639	2635
2671	2659
2687	2675
2687	2683
2703	2703
2735	2735
2767	2763
2799	2787
2832	2815
2864	2847
2880	2868
2880	2876
2884	2880
2892	2880
2908	2892
2932	2916
2944	2928
2944	2928
2944	2928
2944	2928
2944	2928
2944	2928
2944	2928
2944	2928
2944	2928
2944	2928
2944	2928
2944	2928
2944	2928
2944	2928
2928	2920
2896	2904
2864	2880
2834	2848
2803	2811
2770	2771
2737	2731
4762	4902
4744	4881
4708	4839
4669	4788
4626	4729
4590	4673
4560	4619
4520	4565
4469	4511
4391	4420
4287	4292
4147	4142
3971	3972
3822	3825
3701	3701
3519	3517
3276	3271
3148	3148
3136	3146
3114	3127
3084	3089
3085	3089
3116	3128
3179	3195
3273	3289
3385	3401
3513	3529
3645	3661
3780	3796
3880	3900
3944	3972
3988	4024
4012	4054
4026	4067
4031	4062
4017	4043
3984	4011
3936	3967
3872	3911
3792	3839
3695	3750
3595	3662
3490	3573
3402	3497
3330	3433
3262	3373
3197	3316
3149	3272
3117	3240
3069	3196
3005	3140
2953	3096
2912	3063
2892	3047
2892	3047
2892	3047
2892	3047
2868	3015
2820	2951
2764	2879
2699	2798
2622	2706
2532	2602
2471	2534
2438	2502
2390	2450
2326	2378
2261	2305
2197	2233
2149	2181
2117	2149
2127	2159
2180	2212
2222	2255
2254	2287
2283	2319
2307	2351
2302	2355
2270	2331
2282	2334
2338	2366
2366	2382
2366	2382
2378	2394
2402	2418
2414	2434
2414	2442
2433	2461
2473	2493
2492	2509
2492	2509
2496	2513
2504	2521
2509	2525
2509	2525
2537	2549
2594	2598
2627	2623
2635	2623
2651	2639
2675	2671
2703	2699
2735	2723
2755	2739
2763	2747
2783	2767
2815	2799
2844	2828
2868	2852
2880	2868
2880	2876
2884	2880
2892	2880
2896	2880
2896	2880
2896	2880
2896	2880
2896	2880
2896	2880
2896	2880
2896	2880
2896	2880
2896	2880
2896	2880
2896	2880
2896	2880
2896	2880
2904	2896
2920	2928
2912	2928
2880	2896
2835	2843
2779	2771
2723	2703
4974	5041
4942	5006
4879	4937
4816	4862
4753	4782
4684	4697
4606	4608
4543	4534
4493	4474
4388	4356
4228	4180
4069	4016
3909	3862
3766	3720
3637	3589
3464	3425
3246	3229
3139	3131
3143	3133
3127	3118
3089	3086
3089	3090
3128	3132
3195	3198
3289	3290
3401	3405
3529	3541
3661	3677
3796	3812
3908	3928
3996	4024
4064	4096
4110	4143
4122	4155
4099	4131
4071	4103
4039	4071
4003	4043
3963	4019
3907	3979
3835	3922
3762	3870
3690	3822
3622	3774
3557	3725
3505	3689
3465	3665
3429	3637
3397	3605
3361	3577
3320	3552
3284	3528
3252	3504
3236	3492
3236	3492
3236	3488
3236	3480
3204	3440
3140	3368
3052	3260
2939	3115
2823	2980
2702	2854
2627	2766
2597	2717
2538	2645
2450	2550
2361	2446
2273	2334
2213	2261
2181	2229
2191	2231
2244	2268
2287	2307
2319	2347
2351	2379
2383	2403
2395	2415
2387	2415
2390	2418
2406	2426
2414	2430
2414	2430
2418	2430
2426	2430
2442	2446
2466	2478
2485	2497
2501	2505
2509	2509
2509	2509
2521	2525
2545	2557
2557	2573
2557	2573
2573	2581
2606	2598
2623	2611
2623	2619
2639	2635
2671	2659
2691	2675
2699	2683
2715	2703
2739	2735
2767	2763
2799	2787
2820	2803
2828	2811
2844	2828
2868	2852
2880	2868
2880	2876
2880	2880
2880	2880
2880	2880
2880	2880
2880	2880
2880	2880
2880	2880
2880	2880
2880	2880
2880	2880
2880	2880
2880	2880
2880	2880
2880	2880
2896	2896
2928	2928
2928	2924
2896	2884
2835	2819
2747	2731
2671	2655
5103	5158
5073	5125
5013	5060
4927	4963
4814	4835
4714	4723
4625	4628
4538	4529
4454	4425
4324	4294
4148	4137
3983	3982
3830	3828
3687	3685
3557	3552
3401	3391
3221	3201
3126	3099
3116	3084
3101	3072
3080	3065
3093	3088
3139	3140
3205	3209
3293	3294
3413	3412
3565	3564
3709	3713
3844	3857
3960	3976
4056	4070
4121	4129
4153	4154
4165	4167
4157	4167
4137	4155
4105	4131
4085	4123
4077	4131
4053	4127
4013	4111
3985	4111
3969	4127
3953	4139
3937	4147
3925	4155
3917	4163
3897	4159
3864	4143
3844	4135
3836	4135
3828	4139
3820	4147
3816	4151
3816	4151
3804	4135
3780	4103
3724	4034
3635	3930
3503	3777
3326	3577
3177	3411
3055	3282
2950	3153
2862	3025
2771	2910
2677	2809
2558	2675
2414	2506
2325	2398
2293	2350
2280	2320
2284	2308
2315	2331
2371	2387
2403	2415
2411	2415
2415	2415
2415	2415
2418	2414
2426	2414
2430	2414
2430	2414
2430	2418
2430	2426
2446	2442
2478	2466
2497	2485
2505	2501
2509	2509
2509	2509
2525	2521
2557	2545
2573	2557
2573	2557
2573	2557
2574	2558
2587	2571
2611	2595
2627	2611
2635	2619
2651	2639
2675	2671
2703	2699
2735	2723
2755	2739
2763	2747
2779	2767
2803	2799
2820	2816
2828	2816
2844	2828
2868	2852
2880	2864
2880	2864
2880	2864
2880	2864
2880	2864
2880	2864
2880	2864
2880	2864
2880	2864
2880	2864
2880	2864
2880	2864
2880	2864
2880	2864
2896	2880
2928	2912
2916	2895
2860	2831
2795	2767
2723	2703
2655	2643
5207	5159
5164	5111
5078	5015
4971	4898
4842	4762
4725	4639
4618	4530
4505	4416
4385	4295
4266	4187
4148	4091
4012	3969
3858	3822
3713	3679
3575	3541
3394	3359
3171	3132
3052	3013
3036	3000
3033	3000
3042	3015
3076	3052
3136	3111
3209	3185
3293	3275
3404	3389
3540	3527
3689	3678
3849	3842
3974	3965
4065	4049
4122	4104
4147	4132
4159	4149
4159	4157
4155	4166
4147	4174
4155	4194
4179	4226
4199	4266
4216	4314
4248	4379
4296	4459
4332	4523
4356	4571
4380	4615
4405	4656
4425	4696
4441	4736
4449	4760
4449	4768
4461	4788
4485	4820
4497	4840
4497	4848
4481	4832
4449	4792
4372	4704
4252	4567
4083	4383
3866	4150
3683	3947
3532	3776
3373	3584
3206	3373
3063	3200
2946	3067
2795	2904
2611	2711
2478	2558
2398	2446
2352	2380
2340	2360
2355	2363
2395	2387
2415	2399
2415	2399
2415	2399
2415	2399
2406	2390
2390	2374
2382	2366
2382	2366
2394	2378
2418	2402
2434	2414
2442	2414
2461	2433
2493	2473
2509	2492
2509	2492
2513	2496
2521	2504
2525	2509
2525	2509
2533	2521
2550	2546
2563	2559
2571	2559
2587	2571
2611	2595
2639	2623
2671	2655
2691	2675
2699	2683
2715	2703
2739	2735
2767	2763
2799	2787
2816	2803
2816	2811
2820	2816
2828	2816
2832	2816
2832	2816
2832	2816
2832	2816
2832	2816
2832	2816
2832	2816
2832	2816
2832	2816
2832	2816
2832	2816
2832	2816
2832	2816
2832	2816
2848	2823
2880	2839
2863	2823
2799	2775
2735	2719
2671	2655
2619	2607
5015	4829
4967	4781
4871	4685
4746	4560
4593	4407
4466	4279
4364	4175
4261	4079
4156	3990
4058	3900
3967	3809
3854	3699
3719	3570
3585	3446
3452	3325
3285	3191
3086	3042
2983	2966
2974	2964
2975	2963
2985	2963
3015	2986
3064	3029
3139	3107
3238	3219
3366	3358
3524	3524
3681	3678
3836	3821
3950	3930
4022	4005
4075	4061
4108	4097
4137	4132
4161	4166
4186	4199
4210	4231
4238	4267
4270	4307
4326	4380
4406	4484
4503	4604
4615	4741
4711	4861
4792	4966
4860	5050
4917	5115
4973	5187
5029	5267
5069	5319
5093	5343
5121	5375
5154	5416
5182	5452
5206	5484
5190	5468
5133	5403
5029	5287
4876	5118
4676	4905
4427	4648
4205	4418
4012	4215
3785	3962
3525	3659
3321	3425
3171	3259
3000	3076
2808	2876
2639	2695
2494	2534
2404	2428
2368	2376
2355	2351
2363	2351
2367	2347
2367	2339
2367	2335
2367	2335
2366	2338
2366	2346
2366	2350
2366	2350
2370	2354
2378	2362
2382	2366
2382	2366
2401	2381
2440	2412
2460	2432
2460	2440
2472	2456
2496	2480
2509	2492
2509	2492
2521	2505
2546	2530
2559	2546
2559	2554
2563	2559
2571	2559
2591	2575
2623	2607
2651	2639
2675	2671
2703	2703
2735	2735
2755	2751
2763	2751
2779	2767
2803	2799
2816	2816
2816	2816
2816	2816
2816	2816
2816	2816
2816	2816
2816	2816
2816	2816
2816	2816
2816	2816
2816	2816
2816	2816
2816	2816
2816	2816
2816	2816
2816	2816
2807	2799
2791	2767
2775	2747
2759	2739
2719	2707
2655	2651
2607	2607
4602	4348
4554	4302
4457	4211
4341	4102
4204	3973
4078	3848
3963	3727
3869	3631
3797	3558
3712	3477
3616	3386
3504	3285
3375	3172
3261	3083
3162	3017
3074	2954
2999	2893
2964	2868
2968	2878
2963	2885
2951	2889
2965	2921
3006	2983
3091	3085
3218	3226
3363	3377
3525	3538
3670	3683
3797	3813
3906	3928
3997	4028
4061	4094
4097	4127
4134	4166
4170	4212
4205	4251
4237	4283
4281	4327
4337	4384
4426	4468
4546	4581
4683	4713
4835	4866
4972	5014
5092	5159
5185	5271
5249	5352
5337	5448
5450	5561
5510	5625
5518	5641
5550	5681
5606	5745
5650	5789
5682	5813
5666	5785
5602	5705
5478	5568
5293	5375
5072	5155
4815	4906
4586	4687
4386	4499
4116	4228
3774	3876
3513	3601
3332	3404
3133	3189
2916	2956
2727	2751
2567	2575
2452	2448
2384	2372
2351	2335
2351	2335
2339	2323
2315	2299
2303	2287
2303	2287
2306	2290
2314	2298
2318	2302
2318	2302
2330	2309
2354	2325
2366	2333
2366	2333
2373	2337
2388	2344
2408	2368
2432	2408
2448	2432
2456	2440
2460	2448
2460	2456
2472	2464
2497	2473
2522	2490
2546	2514
2559	2530
2559	2538
2575	2554
2607	2578
2639	2602
2671	2626
2703	2654
2735	2686
2751	2703
2751	2703
2767	2715
2799	2739
2816	2755
2816	2763
2816	2767
2816	2767
2816	2771
2816	2779
2816	2783
2816	2783
2816	2783
2816	2783
2816	2787
2816	2795
2816	2799
2816	2799
2816	2799
2816	2799
2799	2783
2767	2751
2739	2723
2715	2699
2683	2675
2643	2651
2607	2627
4066	3810
4026	3778
3947	3715
3843	3623
3714	3503
3589	3381
3468	3258
3363	3152
3275	3063
3193	2987
3119	2922
3041	2861
2961	2805
2911	2777
2892	2776
2829	2728
2723	2632
2678	2596
2695	2621
2728	2668
2777	2738
2855	2839
2961	2969
3091	3112
3243	3268
3400	3427
3560	3587
3717	3750
3870	3915
3997	4048
4099	4150
4162	4212
4186	4232
4229	4273
4291	4335
4338	4386
4371	4426
4407	4463
4447	4495
4507	4543
4587	4607
4696	4703
4832	4832
4989	4992
5166	5185
5310	5346
5423	5474
5519	5567
5599	5623
5663	5683
5712	5747
5768	5812
5832	5876
5868	5908
5876	5908
5824	5847
5711	5727
5559	5566
5366	5366
5154	5157
4921	4940
4720	4752
4552	4592
4300	4345
3964	4011
3690	3738
3476	3524
3245	3285
2996	3020
2767	2779
2558	2562
2416	2412
2340	2328
2303	2287
2303	2287
2299	2287
2291	2287
2287	2287
2287	2287
2290	2290
2298	2298
2302	2297
2302	2289
2293	2269
2277	2237
2269	2221
2269	2221
2272	2224
2280	2232
2312	2267
2368	2331
2408	2380
2432	2412
2456	2444
2480	2476
2481	2477
2457	2445
2450	2430
2458	2430
2474	2446
2498	2478
2514	2494
2522	2494
2530	2494
2538	2494
2558	2510
2590	2542
2607	2559
2607	2559
2611	2559
2619	2559
2635	2571
2659	2595
2671	2611
2671	2619
2683	2635
2707	2659
2719	2671
2719	2671
2719	2675
2719	2683
2731	2699
2755	2723
2767	2735
2767	2735
2767	2739
2767	2747
2751	2731
2719	2691
2699	2671
2691	2671
2683	2671
2675	2671
2667	2671
3580	3323
3559	3307
3517	3275
3443	3214
3339	3126
3223	3026
3096	2913
2997	2825
2925	2761
2858	2704
2795	2656
2744	2619
2704	2595
2680	2580
2672	2573
2652	2583
2620	2609
2621	2645
2655	2690
2706	2744
2772	2806
2872	2907
3006	3049
3149	3197
3302	3352
3459	3509
3620	3670
3783	3828
3947	3984
4080	4109
4182	4203
4244	4261
4264	4283
4297	4316
4343	4360
4394	4414
4450	4479
4495	4527
4527	4559
4575	4611
4639	4684
4736	4784
4864	4913
5025	5069
5217	5254
5378	5410
5506	5539
5591	5615
5631	5639
5683	5683
5747	5747
5812	5812
5876	5876
5908	5908
5908	5908
5855	5856
5751	5752
5591	5595
5374	5386
5165	5181
4964	4980
4781	4801
4617	4642
4362	4387
4017	4036
3746	3766
3548	3576
3309	3337
3028	3048
2787	2807
2587	2615
2436	2465
2336	2357
2287	2299
2287	2291
2287	2283
2287	2275
2287	2271
2287	2271
2290	2274
2298	2282
2289	2269
2265	2237
2237	2205
2205	2173
2189	2157
2189	2157
2192	2160
2199	2167
2235	2199
2299	2255
2348	2303
2380	2343
2412	2380
2444	2412
2452	2428
2437	2429
2430	2430
2430	2430
2446	2446
2478	2478
2494	2494
2494	2494
2494	2494
2494	2494
2510	2510
2542	2542
2559	2559
2559	2559
2559	2559
2559	2559
2563	2554
2571	2546
2587	2558
2611	2590
2627	2607
2635	2607
2639	2607
2639	2607
2651	2623
2675	2655
2691	2671
2699	2671
2703	2671
2703	2671
2715	2687
2739	2719
2723	2703
2667	2639
2639	2607
2639	2607
2639	2607
2639	2607
2639	2611
3037	2780
3021	2764
2989	2732
2936	2688
2864	2632
2788	2576
2708	2519
2635	2467
2571	2419
2527	2395
2503	2394
2487	2397
2479	2405
2477	2414
2481	2423
2522	2486
2599	2604
2667	2695
2726	2759
2783	2822
2838	2882
2943	2989
3098	3142
3256	3301
3417	3465
3578	3628
3738	3788
3887	3933
4025	4061
4133	4161
4211	4231
4263	4276
4290	4298
4331	4339
4387	4400
4447	4467
4511	4539
4559	4592
4591	4624
4652	4684
4740	4772
4849	4881
4977	5009
5126	5154
5294	5314
5443	5459
5571	5587
5639	5648
5647	5640
5683	5664
5747	5720
5812	5780
5876	5844
5908	5872
5908	5864
5848	5800
5728	5680
5579	5539
5403	5379
5206	5190
4989	4973
4809	4802
4667	4678
4420	4441
4068	4089
3798	3818
3609	3626
3370	3390
3080	3108
2839	2871
2647	2679
2497	2529
2389	2421
2323	2347
2299	2307
2275	2271
2251	2239
2239	2223
2239	2223
2242	2226
2249	2233
2237	2221
2205	2189
2173	2157
2141	2125
2125	2109
2125	2109
2128	2112
2135	2119
2159	2139
2199	2171
2247	2215
2303	2271
2348	2316
2380	2348
2404	2380
2421	2413
2430	2430
2430	2430
2446	2446
2478	2478
2494	2494
2494	2494
2494	2494
2494	2494
2510	2510
2542	2542
2559	2559
2559	2559
2559	2559
2559	2559
2546	2542
2522	2510
2526	2506
2558	2530
2575	2542
2575	2542
2575	2542
2575	2542
2591	2558
2623	2590
2639	2607
2639	2607
2639	2611
2639	2619
2655	2635
2687	2659
2671	2638
2607	2574
2575	2542
2575	2542
2575	2546
2575	2554
2587	2575
2553	2386
2537	2370
2505	2338
2469	2310
2429	2286
2389	2261
2348	2237
2320	2225
2304	2225
2307	2245
2328	2285
2351	2322
2375	2354
2391	2381
2398	2404
2475	2488
2622	2633
2727	2738
2791	2802
2862	2882
2939	2978
3046	3094
3182	3230
3333	3381
3497	3545
3660	3704
3820	3856
3965	3993
4093	4113
4193	4209
4263	4279
4300	4311
4306	4305
4339	4334
4400	4397
4475	4476
4563	4573
4624	4637
4656	4669
4708	4713
4780	4770
4881	4858
5009	4978
5154	5115
5314	5267
5459	5404
5587	5524
5640	5569
5616	5537
5624	5537
5664	5569
5716	5613
5780	5669
5800	5685
5776	5661
5712	5600
5607	5504
5475	5375
5314	5215
5133	5042
4933	4858
4781	4718
4677	4624
4450	4406
4099	4066
3825	3801
3629	3610
3398	3390
3133	3141
2904	2924
2711	2739
2561	2593
2453	2485
2371	2403
2315	2347
2271	2303
2239	2271
2223	2251
2223	2243
2226	2242
2233	2249
2221	2237
2189	2205
2157	2173
2125	2141
2109	2121
2109	2113
2112	2112
2119	2119
2139	2139
2171	2171
2207	2203
2247	2235
2284	2264
2316	2288
2356	2332
2405	2397
2430	2430
2430	2430
2446	2446
2478	2478
2494	2494
2494	2494
2494	2494
2494	2494
2510	2510
2542	2542
2559	2559
2559	2559
2559	2559
2559	2559
2542	2538
2510	2498
2498	2478
2506	2478
2510	2482
2510	2490
2510	2494
2510	2494
2526	2506
2558	2530
2575	2546
2575	2554
2587	2571
2611	2595
2627	2607
2635	2607
2606	2578
2542	2522
2510	2494
2510	2494
2522	2510
2546	2542
2575	2575
2278	2208
2262	2191
2230	2159
2210	2143
2202	2143
2193	2143
2185	2143
2181	2151
2181	2167
2209	2204
2265	2260
2310	2308
2342	2350
2385	2402
2441	2464
2525	2543
2637	2639
2726	2720
2790	2784
2881	2885
2999	3021
3134	3170
3286	3330
3445	3493
3609	3657
3760	3804
3896	3933
4017	4041
4121	4129
4209	4209
4279	4279
4308	4307
4297	4293
4324	4319
4390	4386
4471	4464
4567	4552
4631	4613
4663	4645
4700	4673
4740	4697
4812	4749
4916	4829
5037	4930
5173	5050
5294	5155
5398	5243
5435	5275
5403	5251
5403	5255
5435	5287
5471	5315
5511	5339
5527	5351
5519	5351
5466	5303
5370	5207
5242	5083
5081	4930
4916	4777
4748	4625
4615	4499
4517	4400
4309	4205
3991	3913
3744	3684
3569	3517
3365	3325
3133	3109
2932	2924
2763	2771
2625	2645
2517	2545
2443	2483
2403	2459
2367	2431
2335	2399
2307	2367
2283	2335
2274	2322
2282	2330
2269	2317
2237	2285
2205	2253
2173	2221
2145	2189
2121	2157
2112	2140
2119	2139
2139	2155
2171	2187
2203	2219
2235	2251
2256	2268
2264	2268
2308	2308
2389	2389
2430	2430
2430	2430
2446	2446
2478	2478
2494	2494
2494	2494
2494	2494
2494	2494
2510	2510
2542	2542
2559	2559
2559	2559
2559	2559
2559	2559
2530	2526
2474	2462
2446	2430
2446	2430
2458	2446
2482	2478
2494	2494
2494	2494
2498	2498
2506	2506
2522	2522
2546	2546
2563	2559
2571	2559
2575	2559
2575	2559
2554	2546
2514	2522
2494	2510
2494	2510
2510	2522
2542	2546
2575	2575
2176	2152
2159	2140
2127	2115
2111	2099
2111	2091
2111	2091
2111	2099
2135	2131
2183	2188
2228	2236
2268	2276
2318	2331
2380	2400
2432	2451
2474	2483
2543	2543
2639	2630
2720	2710
2784	2782
2893	2899
3045	3059
3202	3220
3362	3380
3525	3542
3690	3706
3837	3853
3965	3981
4065	4077
4137	4141
4209	4204
4279	4266
4307	4292
4293	4280
4320	4308
4386	4374
4456	4439
4528	4504
4581	4548
4613	4572
4633	4580
4641	4572
4669	4580
4717	4604
4793	4656
4898	4737
4986	4809
5059	4874
5091	4910
5083	4918
5095	4934
5127	4958
5147	4974
5155	4982
5159	4982
5159	4974
5111	4926
5014	4837
4898	4729
4761	4600
4625	4472
4488	4343
4370	4234
4271	4143
4092	3979
3833	3742
3620	3544
3453	3385
3269	3217
3068	3040
2899	2887
2763	2759
2653	2661
2569	2593
2523	2560
2515	2560
2495	2548
2463	2524
2431	2495
2399	2463
2386	2451
2394	2458
2381	2446
2349	2414
2317	2378
2285	2338
2253	2301
2221	2269
2196	2244
2179	2227
2187	2231
2219	2255
2251	2284
2283	2316
2300	2332
2300	2332
2332	2356
2397	2405
2430	2430
2430	2430
2446	2446
2478	2478
2494	2494
2494	2494
2494	2494
2494	2494
2510	2510
2542	2542
2559	2559
2559	2559
2559	2559
2559	2559
2526	2530
2462	2474
2430	2446
2430	2446
2446	2458
2478	2482
2494	2494
2494	2494
2506	2510
2530	2542
2546	2559
2554	2559
2559	2563
2559	2571
2559	2575
2559	2575
2554	2575
2546	2575
2542	2575
2542	2575
2546	2575
2554	2575
2575	2587
2136	2112
2132	2112
2124	2112
2108	2100
2083	2076
2083	2076
2108	2100
2140	2128
2180	2160
2228	2209
2284	2273
2345	2337
2412	2401
2461	2450
2493	2482
2543	2531
2611	2597
2689	2679
2778	2775
2902	2904
3063	3064
3223	3225
3384	3385
3545	3546
3707	3707
3852	3852
3981	3980
4077	4077
4141	4141
4196	4192
4242	4230
4262	4247
4254	4241
4283	4267
4350	4325
4415	4387
4479	4451
4515	4479
4523	4471
4515	4451
4491	4419
4483	4398
4491	4390
4519	4402
4567	4434
4624	4479
4688	4535
4732	4579
4756	4611
4772	4631
4780	4639
4796	4655
4820	4679
4820	4675
4796	4643
4748	4595
4676	4531
4576	4439
4447	4319
4319	4194
4190	4066
4089	3968
4014	3901
3864	3766
3639	3564
3455	3395
3312	3260
3168	3128
3024	3000
2887	2875
2759	2755
2669	2677
2617	2641
2592	2624
2592	2624
2588	2624
2580	2624
2559	2608
2527	2576
2515	2563
2523	2571
2510	2558
2478	2526
2434	2482
2378	2426
2333	2378
2301	2338
2285	2321
2284	2328
2287	2332
2295	2332
2316	2348
2348	2380
2364	2396
2364	2396
2380	2404
2413	2421
2430	2430
2430	2430
2446	2446
2478	2478
2494	2494
2494	2494
2494	2494
2494	2494
2510	2510
2542	2542
2559	2559
2559	2559
2559	2559
2559	2559
2538	2542
2498	2510
2478	2494
2478	2494
2482	2494
2490	2494
2494	2498
2494	2506
2510	2522
2542	2546
2559	2563
2559	2571
2571	2587
2595	2611
2607	2623
2607	2623
2607	2627
2607	2635
2607	2639
2607	2639
2607	2639
2607	2639
2611	2639
2080	2064
2080	2064
2080	2064
2076	2064
2068	2064
2068	2064
2076	2064
2096	2080
2128	2112
2177	2161
2241	2225
2305	2289
2369	2353
2418	2402
2450	2434
2507	2495
2589	2585
2679	2679
2775	2775
2904	2904
3064	3064
3225	3225
3385	3385
3546	3546
3707	3707
3852	3852
3980	3980
4077	4077
4141	4141
4192	4192
4230	4230
4247	4247
4241	4241
4259	4255
4301	4289
4355	4339
4419	4403
4439	4419
4415	4387
4387	4355
4355	4323
4326	4290
4302	4258
4306	4258
4338	4290
4375	4323
4415	4355
4451	4387
4483	4419
4511	4451
4535	4483
4551	4499
4559	4499
4547	4483
4515	4451
4467	4403
4403	4339
4319	4258
4214	4162
4098	4049
3969	3921
3871	3823
3805	3757
3686	3646
3516	3492
3363	3347
3228	3212
3096	3080
2968	2952
2851	2839
2747	2743
2685	2689
2665	2677
2656	2672
2656	2672
2656	2672
2656	2672
2640	2656
2608	2624
2595	2611
2603	2619
2590	2607
2558	2575
2522	2542
2482	2510
2434	2462
2378	2398
2353	2369
2360	2376
2364	2380
2364	2380
2380	2396
2412	2428
2428	2444
2428	2444
2428	2440
2429	2433
2430	2430
2430	2430
2446	2446
2478	2478
2494	2494
2494	2494
2494	2494
2494	2494
2510	2510
2542	2542
2559	2559
2559	2559
2559	2559
2559	2559
2542	2542
2510	2510
2494	2494
2494	2494
2494	2494
2494	2494
2506	2510
2530	2542
2546	2559
2554	2559
2571	2575
2595	2607
2611	2623
2619	2623
2623	2623
2623	2623
2635	2639
2659	2671
2671	2687
2671	2687
2671	2687
2671	2687
2671	2687
