9930	9891
9784	9677
9904	10802
12149	13258
13774	13876
13891	13981
14128	14243
14424	14865
15625	16573
17631	18716
19439	19183
17614	14928
11770	8922
6878	5698
5176	5013
4952	4857
4753	4731
4767	4747
4708	4815
5136	5599
6168	6920
7979	9365
10844	12028
12722	13012
13088	13095
13106	13127
13150	13174
13190	13189
13167	13126
13075	13015
12966	12913
12831	12684
12531	12475
12549	12691
12823	12900
12904	12849
12762	12686
12656	12689
12769	12852
12859	12658
12086	11050
9699	8387
7427	6929
6812	6876
6973	7053
7144	7269
7440	7627
7839	8118
8497	8970
9519	10101
10661	11142
11508	11757
11913	11999
12048	12065
12060	12034
11996	11948
11869	11725
11528	11324
11181	11140
11218	11393
11604	11777
11851	11807
11663	11463
11258	11218
11764	13228
15184	16545
16523	15137
13149	11576
10920	11001
11344	11583
11744	12115
12791	13578
14257	14733
15041	15256
15401	15443
15324	15020
14567	14068
13645	13418
13422	13616
13924	14285
14667	15058
15451	15823
16155	16450
16748	17135
17684	18429
19340	20333
21286	22096
22697	23094
23371	23619
23809	23800
23525	23104
22836	22897
22851	21809
19228	15407
11479	8747
7543	7191
6990	6727
6520	6550
6837	7261
7771	8337
8709	8566
8002	7501
7373	7545
7744	7787
7756	7861
8021	7887
7306	6528
6032	6174
6759	7187
7112	6676
6228	6094
6430	7177
8036	8651
8885	8868
8762	8653
8588	8599
8683	8811
8947	9062
9127	9121
9044	8920
8804	8742
8743	8768
8788	8814
8900	9114
9471	9913
10349	10694
10889	10937
10871	10758
10649	10578
10538	10518
10508	10532
10611	10767
10992	11246
11475	11613
11640	11608
11638	11829
12115	12316
12357	12332
12351	12441
12564	12667
12708	12694
12653	12641
12689	12794
12897	12936
12939	13016
13233	13570
13980	14460
15086	15967
17060	18167
19031	19497
19639	19668
19727	19795
19822	19790
19713	19621
19550	19520
19527	19531
19494	19387
19220	19023
18831	18662
18502	18341
18238	18273
18454	18678
18842	18891
18835	18737
18687	18755
18954	19241
19558	19860
20147	20442
20774	21161
21624	22142
22570	22652
22112	20802
18840	16624
14696	13548
13366	13958
14840	15509
15805	15910
15990	16070
16154	16283
16469	16663
16766	16700
16481	16245
16131	16188
16299	16277
16087	15869
15748	15728
15698	15545
15276	15031
14952	15060
15181	15053
14539	13728
12905	12441
12634	13530
14775	15839
16525	17005
17390	17616
17705	17849
18275	19015
19707	19833
19301	18492
17803	17377
17204	17215
17329	17474
17571	17545
17363	17056
16706	16407
16235	16054
16257	13791
8871	8737
8569	8384
8562	9425
10752	11886
12520	12853
13124	13360
13495	13513
13543	13774
14279	14993
15879	16872
17638	17644
16534	14358
11610	9002
7058	5921
5435	5281
5189	5036
4885	4839
4867	4828
4745	4808
5114	5605
6220	7005
8061	9416
10864	12041
12752	13070
13163	13184
13198	13219
13239	13254
13257	13250
13225	13185
13134	13080
13029	12971
12878	12734
12592	12562
12668	12843
12999	13085
13072	12974
12833	12714
12655	12678
12764	12866
12883	12672
12058	10977
9595	8296
7381	6951
6882	6955
7029	7086
7172	7329
7541	7761
7993	8284
8658	9100
9594	10125
10656	11140
11533	11818
11999	12091
12125	12123
12097	12064
12029	12000
11938	11798
11577	11341
11164	11105
11179	11360
11578	11752
11814	11743
11561	11327
11130	11168
11822	13341
15243	16464
16284	14803
12822	11324
10775	10949
11365	11677
11918	12347
13057	13851
14524	14989
15285	15492
15643	15696
15586	15272
14785	14227
13740	13463
13442	13629
13927	14251
14589	14983
15434	15887
16281	16594
16873	17218
17728	18457
19388	20428
21449	22321
22960	23366
23636	23881
24064	24028
23721	23305
23054	23064
22837	21500
18621	14662
10829	8364
7430	7176
6897	6519
6262	6326
6719	7306
7944	8497
8744	8505
7934	7449
7318	7488
7738	7868
7862	7823
7730	7438
6932	6416
6202	6453
6939	7179
6965	6502
6135	6124
6553	7288
8059	8571
8750	8725
8646	8593
8604	8688
8824	8978
9106	9197
9233	9213
9145	9050
8967	8927
8925	8931
8932	8951
9045	9273
9637	10079
10497	10797
10933	10919
10808	10681
10601	10598
10641	10678
10680	10649
10634	10687
10845	11085
11342	11528
11598	11590
11618	11791
12049	12218
12231	12196
12224	12347
12520	12672
12747	12747
12714	12716
12791	12920
13021	13015
12967	13044
13295	13655
14074	14620
15384	16410
17560	18591
19293	19611
19663	19660
19715	19801
19840	19786
19652	19506
19410	19397
19432	19458
19405	19261
19053	18842
18684	18593
18521	18412
18307	18299
18406	18554
18664	18709
18718	18752
18876	19125
19468	19842
20172	20421
20572	20652
20695	20756
20866	21020
21118	20982
20427	19348
17837	16200
14846	14137
14192	14810
15569	16038
16157	16157
16201	16257
16293	16361
16514	16718
16869	16846
16640	16373
16205	16207
16273	16217
16029	15854
15788	15754
15648	15426
15150	14948
14912	15019
15120	15009
14581	13890
13120	12560
12575	13362
14622	15750
16499	17037
17463	17677
17703	17782
18215	19059
19902	20124
19602	18767
18048	17590
17366	17308
17344	17413
17449	17381
17184	16883
16549	16264
16098	15888
16113	13162
7379	7397
7354	7339
7608	8439
9614	10584
11153	11602
12106	12556
12764	12682
12465	12383
12584	13068
13809	14746
15585	15852
15177	13520
11250	8987
7237	6200
5753	5596
5462	5249
5036	4955
4963	4907
4803	4852
5157	5660
6293	7083
8117	9440
10861	12034
12767	13115
13232	13262
13282	13306
13325	13334
13336	13322
13294	13254
13203	13151
13096	13036
12942	12809
12694	12689
12815	13001
13162	13236
13200	13070
12891	12736
12654	12661
12739	12842
12856	12625
11980	10873
9493	8230
7384	7026
7011	7104
7167	7200
7270	7421
7633	7851
8079	8376
8762	9204
9674	10177
10692	11174
11576	11869
12050	12130
12142	12117
12079	12041
12023	12025
11998	11880
11662	11408
11208	11134
11197	11369
11575	11731
11773	11676
11466	11218
11060	11203
11986	13549
15369	16429
16105	14562
12615	11203
10733	10957
11415	11783
12089	12565
13289	14087
14756	15226
15523	15739
15903	15973
15872	15561
15058	14473
13950	13631
13566	13719
13986	14280
14603	15012
15510	16017
16444	16764
17025	17341
17820	18536
19472	20544
21609	22527
23198	23625
23907	24160
24336	24281
23980	23619
23412	23325
22812	21092
17909	13882
10210	7978
7204	7009
6737	6383
6180	6285
6721	7388
8090	8592
8720	8443
7933	7486
7306	7424
7699	7926
7955	7749
7350	6868
6453	6265
6362	6660
6945	6992
6763	6431
6227	6329
6770	7431
8082	8502
8638	8614
8567	8561
8622	8755
8927	9096
9225	9300
9323	9301
9245	9177
9125	9107
9111	9115
9111	9134
9242	9473
9837	10262
10651	10908
10992	10919
10766	10625
10563	10604
10702	10791
10811	10765
10701	10698
10805	11019
11271	11468
11553	11552
11585	11757
12014	12176
12186	12148
12183	12322
12521	12696
12793	12806
12780	12790
12878	13022
13126	13111
13042	13090
13316	13679
14156	14826
15742	16855
17987	18907
19464	19676
19677	19643
19674	19765
19820	19756
19575	19365
19220	19183
19226	19264
19231	19100
18903	18717
18597	18555
18548	18511
18443	18392
18389	18410
18449	18520
18673	18944
19347	19835
20324	20716
20938	20977
20822	20497
20099	19753
19500	19287
19017	18615
18024	17241
16354	15532
14975	14827
15098	15623
16129	16365
16352	16302
16331	16387
16450	16576
16804	17087
17281	17238
16945	16552
16256	16164
16180	16125
15970	15852
15818	15764
15597	15325
15046	14882
14888	15013
15121	15046
14707	14119
13393	12763
12607	13230
14415	15573
16404	17016
17468	17672
17671	17744
18188	19052
19916	20180
19714	18942
18263	17796
17507	17349
17274	17253
17232	17147
16967	16701
16405	16151
15999	15763
16003	12622
6157	6491
6716	7061
7536	8307
9185	9766
10055	10448
11120	11812
12167	12018
11561	11188
11157	11474
12097	12953
13788	14180
13789	12539
10706	8814
7313	6397
5980	5806
5636	5390
5155	5058
5057	4998
4900	4954
5265	5766
6380	7139
8138	9430
10835	12017
12775	13154
13291	13333
13353	13376
13396	13408
13407	13393
13366	13325
13275	13222
13165	13103
13015	12903
12815	12836
12965	13142
13281	13328
13273	13123
12934	12767
12670	12656
12717	12798
12794	12534
11865	10754
9405	8195
7417	7127
7167	7289
7346	7351
7376	7478
7637	7809
8011	8316
8738	9213
9702	10213
10736	11222
11618	11898
12063	12126
12117	12080
12039	12012
12014	12048
12060	11972
11769	11518
11317	11232
11280	11424
11596	11716
11733	11616
11394	11152
11051	11322
12234	13828
15549	16456
16020	14473
12595	11258
10813	11024
11469	11867
12233	12757
13486	14274
14945	15419
15732	15965
16149	16236
16151	15853
15367	14791
14263	13913
13799	13889
14106	14374
14696	15125
15651	16182
16627	16947
17197	17488
17951	18648
19578	20657
21743	22684
23388	23850
24167	24432
24594	24526
24262	24005
23865	23634
22742	20584
17149	13175
9748	7696
6949	6737
6529	6321
6265	6436
6859	7507
8185	8600
8636	8389
8013	7630
7383	7395
7651	7953
8024	7676
7012	6372
6074	6212
6572	6812
6800	6663
6532	6457
6480	6661
7038	7560
8084	8429
8550	8549
8535	8560
8650	8802
8990	9165
9292	9367
9393	9381
9341	9296
9269	9272
9291	9305
9314	9349
9459	9686
10029	10423
10775	10991
11027	10913
10731	10580
10531	10595
10723	10842
10893	10868
10812	10795
10877	11056
11273	11439
11507	11504
11541	11726
11996	12178
12208	12189
12235	12375
12569	12746
12852	12873
12861	12879
12968	13107
13214	13219
13150	13138
13285	13640
14225	15064
16107	17232
18264	19040
19494	19666
19659	19603
19589	19649
19704	19650
19462	19232
19065	19016
19057	19112
19109	19014
18853	18690
18580	18540
18549	18558
18543	18501
18451	18425
18472	18644
18989	19509
20151	20795
21306	21568
21544	21249
20683	19877
18991	18233
17652	17104
16477	15803
15188	14756
14591	14708
15034	15456
15851	16136
16274	16294
16272	16283
16347	16442
16588	16847
17224	17615
17836	17729
17295	16727
16271	16069
16050	16024
15930	15861
15840	15769
15575	15286
15009	14864
14897	15044
15179	15150
14878	14372
13699	13033
12736	13152
14172	15312
16239	16936
17400	17592
17615	17738
18197	18983
19729	19960
19591	18964
18386	17929
17568	17285
17084	16963
16900	16825
16695	16494
16264	16058
15933	15700
15938	12479
5994	6580
7021	7655
8258	8873
9320	9381
9266	9501
10267	11196
11744	11607
10999	10468
10330	10550
11027	11706
12395	12757
12496	11535
10077	8532
7265	6457
6056	5860
5679	5443
5232	5156
5167	5115
5026	5096
5417	5904
6487	7196
8146	9402
10795	11992
12782	13191
13352	13405
13426	13447
13471	13483
13484	13470
13439	13398
13350	13297
13245	13180
13102	13005
12942	12970
13096	13252
13366	13391
13321	13168
12984	12821
12719	12690
12730	12788
12749	12450
11749	10630
9311	8158
7446	7215
7304	7443
7492	7453
7415	7442
7529	7634
7800	8115
8584	9111
9646	10194
10747	11249
11650	11927
12088	12142
12131	12096
12060	12047
12067	12121
12153	12078
11888	11652
11456	11367
11397	11505
11634	11715
11695	11555
11320	11093
11055	11460
12507	14127
15740	16498
15976	14451
12666	11391
10928	11071
11467	11896
12354	12956
13712	14491
15143	15617
15940	16194
16394	16498
16432	16161
15703	15153
14635	14263
14094	14109
14250	14480
14803	15252
15801	16354
16816	17141
17382	17657
18097	18775
19693	20766
21856	22818
23558	24073
24436	24718
24864	24777
24551	24407
24322	23903
22573	19950
16292	12451
9348	7492
6720	6442
6283	6248
6387	6660
7083	7680
8271	8568
8518	8323
8093	7794
7505	7422
7631	7969
8080	7654
6831	6121
5953	6336
6846	6960
6647	6345
6322	6513
6754	6998
7288	7666
8064	8349
8471	8500
8521	8579
8691	8860
9052	9225
9353	9432
9469	9472
9447	9423
9415	9435
9468	9497
9520	9564
9672	9887
10204	10566
10876	11049
11044	10895
10688	10532
10498	10583
10733	10880
10964	10972
10945	10936
10995	11131
11294	11418
11460	11452
11495	11686
11966	12168
12231	12245
12310	12454
12641	12812
12923	12967
12976	13007
13095	13220
13327	13347
13276	13194
13253	13607
14321	15340
16500	17603
18494	19116
19473	19623
19619	19542
19468	19472
19507	19472
19328	19152
19026	19006
19062	19126
19131	19045
18883	18706
18567	18490
18481	18519
18581	18638
18700	18808
19013	19351
19847	20473
21147	21716
22037	22022
21668	21020
20090	18905
17653	16598
15760	14922
13963	13010
12336	12193
12677	13654
14811	15771
16293	16364
16193	16064
16090	16198
16302	16417
16624	17000
17506	17997
18243	18078
17524	16818
16242	15969
15938	15953
15916	15884
15863	15776
15574	15285
15016	14881
14928	15093
15256	15277
15080	14657
14041	13353
12919	13098
13907	14998
16028	16814
17290	17475
17540	17736
18209	18871
19440	19611
19352	18894
18425	17967
17521	17104
16770	16559
16459	16408
16349	16235
16084	15943
15858	15658
15868	12785
7064	7712
8217	8924
9488	9842
9814	9341
8796	8820
9613	10747
11519	11495
10875	10320
10178	10338
10639	11052
11472	11667
11414	10646
9497	8251
7191	6472
6078	5863
5682	5475
5306	5262
5291	5250
5178	5268
5598	6076
6619	7266
8154	9373
10756	11970
12791	13233
13418	13480
13504	13531
13556	13574
13574	13553
13520	13478
13432	13387
13336	13275
13198	13107
13049	13075
13187	13325
13421	13436
13364	13223
13053	12904
12807	12771
12795	12826
12747	12394
11643	10503
9206	8098
7440	7263
7386	7538
7566	7483
7382	7329
7332	7371
7504	7834
8349	8940
9529	10131
10727	11262
11683	11976
12142	12208
12206	12181
12163	12166
12200	12250
12273	12195
12015	11793
11611	11517
11526	11599
11685	11724
11666	11498
11250	11031
11056	11579
12737	14369
15871	16486
15892	14413
12728	11501
10987	11025
11350	11818
12406	13134
13949	14726
15356	15818
16145	16409
16627	16748
16706	16467
16051	15537
15034	14644
14417	14347
14409	14590
14906	15373
15944	16524
17003	17339
17577	17837
18253	18908
19804	20866
21959	22933
23711	24283
24705	25005
25130	25016
24819	24764
24702	24059
22265	19185
15344	11699
8973	7346
6550	6171
6017	6128
6473	6908
7375	7907
8364	8521
8399	8240
8124	7921
7650	7510
7654	7968
8087	7665
6848	6202
6154	6641
7139	7086
6555	6141
6200	6575
6984	7273
7488	7739
8035	8273
8402	8468
8528	8621
8759	8937
9129	9294
9419	9502
9553	9571
9563	9554
9559	9587
9630	9671
9705	9753
9858	10060
10355	10684
10955	11087
11044	10856
10629	10475
10461	10573
10744	10914
11036	11088
11094	11093
11127	11213
11321	11397
11416	11407
11462	11654
11928	12140
12238	12293
12382	12531
12715	12883
13005	13076
13124	13179
13265	13375
13471	13492
13407	13263
13256	13627
14471	15653
16910	17971
18715	19176
19438	19566
19570	19468
19336	19275
19291	19288
19227	19147
19112	19135
19195	19238
19214	19091
18895	18680
18499	18394
18386	18492
18695	18970
19299	19682
20119	20601
21108	21605
22014	22232
22161	21759
21067	20150
19028	17712
16379	15261
14330	13311
12080	10844
9995	9915
10748	12295
14083	15555
16349	16460
16206	16014
16037	16140
16205	16279
16483	16900
17484	18043
18320	18137
17535	16775
16165	15894
15894	15952
15947	15919
15885	15787
15581	15301
15044	14923
14975	15152
15339	15409
15289	14956
14403	13705
13137	13076
13653	14676
15788	16661
17150	17342
17455	17729
18207	18735
19119	19225
19075	18773
18384	17909
17364	16818
16363	16071
15947	15930
15946	15926
15866	15794
15753	15612
15785	13372
8888	9400
9819	10395
10794	10858
10427	9523
8625	8431
9193	10472
11490	11660
11150	10657
10543	10637
10749	10869
10977	10950
10649	10015
9110	8116
7227	6573
6173	5937
5754	5566
5418	5390
5427	5401
5345	5456
5798	6265
6766	7350
8174	9344
10718	11951
12806	13280
13487	13561
13588	13618
13647	13670
13669	13646
13610	13568
13526	13483
13436	13380
13301	13205
13133	13140
13234	13353
13438	13456
13399	13282
13143	13016
12931	12895
12908	12914
12793	12375
11555	10379
9084	8014
7402	7271
7423	7585
7596	7479
7324	7209
7148	7133
7241	7579
8135	8777
9420	10070
10715	11291
11741	12053
12235	12311
12320	12309
12308	12330
12370	12408
12404	12312
12138	11935
11766	11673
11658	11700
11743	11742
11645	11448
11188	10979
11051	11667
12904	14517
15901	16379
15727	14299
12724	11538
10948	10844
11084	11608
12360	13258
14168	14959
15571	16012
16340	16616
16841	16977
16959	16760
16396	15931
15453	15050
14759	14604
14580	14705
15003	15480
16078	16690
17197	17552
17789	18037
18426	19051
19920	20960
22039	23025
23834	24461
24932	25255
25365	25226
25041	25036
24946	24045
21806	18320
14362	10958
8642	7261
6456	5964
5775	5984
6522	7149
7712	8177
8462	8467
8286	8143
8088	7984
7788	7651
7710	7920
7995	7652
7018	6563
6615	7040
7363	7144
6525	6103
6205	6665
7159	7476
7639	7802
8021	8225
8360	8457
8560	8690
8852	9036
9223	9379
9496	9581
9644	9678
9687	9685
9692	9717
9764	9811
9854	9905
10002	10189
10464	10765
11005	11099
11020	10804
10563	10420
10432	10565
10757	10948
11103	11201
11242	11253
11263	11299
11349	11382
11383	11388
11458	11646
11901	12111
12236	12327
12445	12606
12790	12962
13104	13211
13298	13382
13470	13565
13637	13640
13530	13353
13322	13740
14702	16008
17314	18310
18902	19215
19389	19493
19503	19389
19218	19118
19125	19168
19195	19214
19243	19284
19309	19286
19192	19022
18803	18590
18430	18363
18434	18686
19111	19662
20284	20927
21521	21999
22316	22441
22357	22042
21488	20708
19774	18752
17666	16515
15422	14520
13696	12644
11240	9717
8549	8234
9007	10710
12845	14773
16030	16518
16485	16328
16246	16195
16121	16082
16203	16577
17154	17730
18036	17879
17307	16594
16050	15859
15931	16023
16018	15965
15906	15795
15592	15330
15094	14984
15040	15218
15420	15533
15486	15238
14755	14060
13379	13089
13434	14364
15528	16472
16989	17199
17372	17710
18180	18578
18791	18846
18794	18618
18278	17760
17119	16460
15915	15562
15426	15448
15535	15608
15636	15635
15637	15559
15695	13980
10728	10976
11206	11537
11733	11591
10923	9789
8680	8311
8980	10328
11554	11965
11632	11222
11102	11105
11043	10923
10776	10571
10234	9717
9027	8237
7472	6844
6413	6141
5940	5743
5587	5548
5579	5557
5520	5654
6008	6462
6922	7440
8193	9317
10681	11933
12826	13335
13568	13651
13684	13713
13745	13766
13766	13743
13706	13664
13624	13581
13535	13481
13401	13292
13195	13174
13239	13345
13427	13455
13424	13343
13240	13146
13081	13053
13056	13043
12878	12389
11486	10257
8954	7910
7345	7257
7442	7620
7637	7509
7332	7186
7088	7049
7140	7478
8047	8716
9396	10089
10775	11382
11855	12173
12356	12425
12435	12426
12436	12470
12514	12543
12518	12416
12252	12070
11922	11827
11792	11798
11803	11762
11637	11416
11147	10946
11057	11735
13014	14585
15842	16183
15476	14112
12648	11503
10827	10576
10723	11305
12245	13336
14361	15187
15787	16211
16536	16810
17043	17182
17185	17030
16730	16329
15893	15479
15135	14893
14781	14838
15102	15581
16210	16863
17413	17796
18044	18276
18635	19224
20054	21059
22113	23094
23925	24593
25106	25449
25548	25396
25211	25205
25026	23852
21213	17416
13414	10278
8348	7215
6420	5831
5587	5849
6545	7371
8052	8452
8553	8416
8188	8038
7996	7971
7899	7807
7771	7807
7786	7568
7236	7064
7175	7402
7442	7099
6550	6225
6356	6816
7321	7642
7779	7887
8049	8222
8363	8488
8626	8786
8965	9153
9330	9471
9580	9669
9744	9797
9822	9823
9818	9832
9871	9917
9958	10006
10097	10271
10527	10808
11021	11091
10985	10754
10506	10382
10418	10574
10777	10985
11166	11299
11374	11395
11386	11377
11377	11379
11382	11411
11502	11675
11896	12092
12240	12369
12517	12688
12873	13047
13204	13350
13481	13592
13684	13756
13793	13762
13631	13454
13464	13966
15023	16392
17685	18584
19035	19218
19315	19397
19419	19313
19135	19032
19060	19150
19240	19305
19343	19332
19270	19151
18991	18812
18652	18552
18537	18628
18874	19333
19983	20741
21503	22189
22699	22943
22866	22486
21849	21034
20102	19112
18128	17203
16361	15615
14997	14498
13918	12947
11467	9694
8132	7356
7714	9180
11342	13581
15370	16457
16884	16888
16694	16435
16179	15986
15963	16207
16689	17213
17516	17406
16921	16324
15917	15853
16013	16135
16107	16012
15920	15792
15601	15362
15153	15058
15113	15283
15486	15632
15645	15480
15069	14391
13628	13140
13264	14077
15255	16256
16814	17066
17298	17681
18128	18412
18489	18512
18539	18450
18129	17565
16842	16103
15493	15109
14974	15028
15180	15328
15432	15490
15531	15501
15616	14436
12071	12012
12036	12107
12150	11921
11220	10067
8908	8404
8922	10227
11578	12213
12079	11742
11571	11474
11302	11046
10759	10463
10144	9753
9248	8614
7913	7257
6744	6401
6168	5955
5779	5716
5734	5713
5692	5848
6217	6657
7072	7522
8208	9287
10643	11916
12849	13393
13650	13748
13788	13816
13844	13861
13861	13842
13808	13767
13723	13676
13632	13577
13495	13370
13247	13194
13235	13319
13399	13442
13439	13397
13337	13282
13244	13227
13225	13190
12985	12428
11444	10155
8839	7815
7287	7240
7463	7676
7719	7611
7448	7309
7220	7180
7267	7590
8142	8808
9510	10230
10941	11562
12031	12332
12488	12527
12510	12487
12494	12531
12580	12608
12582	12489
12348	12195
12064	11975
11921	11895
11864	11792
11637	11405
11129	10936
11082	11817
13129	14647
15767	15963
15198	13895
12552	11458
10710	10318
10381	11026
12151	13435
14578	15438
16024	16429
16740	17015
17240	17379
17399	17286
17056	16732
16350	15943
15555	15233
15030	15001
15210	15677
16340	17052
17661	18089
18353	18576
18902	19445
20229	21185
22199	23156
23987	24674
25215	25573
25679	25535
25345	25290
24956	23503
20538	16530
12561	9680
8087	7169
6409	5766
5481	5768
6572	7558
8346	8689
8623	8366
8111	7939
7873	7907
7965	7948
7820	7650
7498	7406
7415	7537
7663	7624
7354	6956
6608	6478
6644	7053
7519	7826
7947	8016
8133	8275
8418	8569
8735	8916
9107	9291
9452	9579
9677	9766
9853	9923
9960	9955
9937	9933
9961	9997
10029	10069
10153	10313
10553	10814
11015	11074
10958	10722
10485	10372
10425	10588
10795	11008
11208	11369
11473	11503
11482	11435
11396	11380
11407	11479
11596	11755
11934	12113
12280	12446
12619	12798
12975	13148
13316	13488
13652	13782
13867	13911
13898	13820
13675	13554
13680	14298
15428	16792
18006	18781
19103	19181
19220	19287
19323	19246
19101	19024
19082	19207
19320	19376
19356	19252
19079	18881
18710	18614
18635	18782
19039	19386
19849	20471
21215	21956
22576	22993
23132	22922
22356	21495
20459	19378
18347	17421
16626	15982
15527	15279
15190	15115
14787	13930
12445	10518
8620	7351
7147	8120
10002	12274
14405	16014
16949	17262
17147	16840
16486	16161
15966	16014
16307	16702
16951	16869
16480	16025
15769	15827
16063	16211
16168	16038
15918	15784
15609	15402
15224	15143
15193	15345
15543	15701
15765	15670
15327	14683
13870	13228
13151	13827
14973	16010
16629	16946
17233	17638
18049	18242
18235	18250
18336	18302
17984	17381
16608	15823
15180	14786
14660	14746
14936	15138
15293	15393
15460	15466
15571	14692
12785	12472
12332	12209
12176	11981
11391	10380
9277	8660
8946	10083
11447	12245
12295	12034
11821	11663
11463	11188
10874	10574
10310	10043
9680	9134
8423	7672
7029	6590
6314	6100
5930	5871
5883	5863
5855	6033
6416	6849
7219	7602
8221	9260
10604	11903
12871	13450
13732	13845
13894	13925
13947	13960
13961	13945
13918	13875
13827	13777
13728	13672
13583	13446
13301	13222
13235	13305
13378	13431
13458	13453
13432	13412
13396	13387
13380	13331
13093	12481
11433	10101
8773	7762
7256	7239
7500	7751
7836	7772
7655	7558
7506	7493
7587	7884
8403	9046
9752	10488
11207	11823
12269	12528
12624	12607
12541	12484
12470	12502
12554	12591
12584	12520
12415	12296
12190	12107
12044	11992
11928	11824
11652	11409
11129	10952
11141	11952
13313	14781
15749	15782
14943	13706
12492	11477
10691	10193
10187	10889
12180	13626
14857	15729
16294	16672
16969	17230
17446	17580
17609	17535
17373	17134
16819	16441
16028	15640
15342	15214
15342	15784
16481	17263
17950	18433
18723	18939
19231	19726
20452	21354
22317	23235
24039	24719
25262	25639
25777	25663
25473	25327
24786	23052
19834	15718
11833	9181
7838	7091
6394	5760
5477	5781
6635	7709
8554	8849
8658	8324
8057	7864
7763	7835
8000	8044
7849	7501
7226	7233
7523	7863
7960	7663
7147	6775
6701	6818
7048	7399
7796	8066
8165	8199
8264	8377
8528	8703
8896	9094
9284	9458
9598	9702
9787	9870
9960	10042
10089	10085
10056	10039
10051	10074
10091	10117
10187	10334
10560	10814
11011	11070
10961	10734
10509	10403
10452	10603
10795	11006
11218	11403
11528	11571
11537	11463
11398	11390
11455	11584
11739	11892
12034	12194
12380	12582
12776	12953
13112	13267
13430	13609
13785	13918
13989	13987
13915	13783
13649	13642
13951	14723
15897	17194
18271	18902
19114	19118
19118	19176
19229	19194
19102	19068
19150	19281
19384	19404
19319	19136
18904	18698
18610	18698
18991	19458
20031	20635
21245	21859
22429	22853
23038	22935
22516	21776
20777	19636
18501	17502
16712	16130
15720	15469
15416	15598
15914	16113
15919	15125
13685	11753
9734	8168
7503	7924
9292	11217
13238	14973
16215	16955
17264	17249
17005	16638
16290	16115
16166	16358
16489	16398
16084	15746
15601	15739
16018	16186
16149	16020
15892	15763
15608	15438
15297	15237
15280	15409
15581	15745
15839	15806
15532	14934
14103	13350
13097	13616
14688	15746
16446	16853
17192	17587
17947	18078
18041	18074
18208	18206
17892	17274
16488	15698
15053	14665
14549	14648
14850	15068
15242	15365
15447	15468
15571	14799
13026	12561
12329	12109
12076	11971
11553	10742
9743	9014
9009	9873
11140	12030
12244	12083
11883	11734
11585	11368
11089	10825
10620	10442
10166	9646
8866	7971
7171	6622
6317	6133
6018	5994
6016	5997
6002	6203
6604	7026
7357	7680
8240	9235
10571	11890
12892	13505
13806	13934
13991	14027
14052	14065
14065	14051
14024	13981
13930	13879
13827	13765
13668	13524
13369	13277
13269	13316
13378	13439
13486	13510
13518	13521
13520	13514
13497	13435
13180	12542
11471	10122
8784	7770
7266	7256
7534	7814
7940	7930
7873	7836
7838	7865
7973	8257
8739	9359
10064	10807
11529	12128
12532	12733
12760	12675
12550	12450
12409	12427
12476	12525
12542	12517
12451	12369
12290	12223
12159	12092
11999	11869
11677	11419
11143	10987
11237	12148
13587	15010
15805	15641
14708	13527
12466	11564
10791	10229
10183	10933
12348	13905
15181	16046
16586	16941
17222	17466
17668	17791
17827	17787
17692	17535
17301	16966
16547	16105
15719	15477
15510	15915
16643	17501
18267	18814
19141	19359
19619	20061
20726	21565
22469	23335
24097	24735
25258	25654
25851	25805
25619	25350
24570	22568
19167	15021
11250	8770
7582	6947
6332	5782
5576	5915
6764	7825
8650	8900
8650	8286
8023	7820
7703	7784
7996	8077
7856	7423
7095	7165
7599	8021
8038	7558
6923	6649
6841	7202
7522	7840
8159	8371
8434	8423
8431	8513
8670	8876
9097	9306
9488	9639
9751	9834
9901	9974
10056	10143
10200	10208
10180	10159
10158	10162
10157	10164
10217	10354
10572	10828
11032	11106
11014	10808
10592	10480
10505	10621
10783	10980
11195	11398
11542	11595
11553	11466
11396	11406
11522	11714
11921	12078
12201	12351
12555	12782
12986	13147
13273	13394
13534	13702
13868	13989
14027	13973
13832	13648
13547	13709
14264	15216
16407	17577
18467	18949
19076	19045
19026	19073
19139	19153
19123	19127
19208	19327
19425	19443
19354	19180
18983	18870
18938	19250
19801	20522
21308	22036
22611	22979
23111	22993
22599	21912
20949	19793
18567	17428
16513	15909
15608	15531
15578	15708
15971	16415
16909	17173
16962	16173
14822	13055
11187	9641
8768	8740
9481	10728
12148	13494
14704	15835
16791	17358
17440	17160
16745	16390
16208	16180
16179	16052
15788	15528
15444	15602
15885	16064
16057	15955
15844	15731
15604	15475
15373	15332
15366	15463
15602	15749
15864	15879
15672	15134
14317	13494
13098	13449
14412	15471
16267	16783
17168	17537
17828	17927
17903	17979
18148	18175
17881	17291
16538	15773
15152	14776
14667	14754
14945	15144
15304	15418
15500	15520
15623	14841
13035	12532
12281	12057
12058	12040
11770	11137
10237	9391
9081	9637
10750	11681
12044	12009
11883	11802
11741	11596
11358	11112
10935	10800
10555	10012
9140	8102
7166	6538
6230	6108
6065	6092
6129	6116
6135	6358
6774	7194
7489	7760
8261	9217
10543	11875
12910	13551
13869	14008
14074	14114
14143	14156
14156	14145
14115	14074
14022	13968
13915	13851
13755	13616
13466	13369
13345	13374
13421	13477
13527	13567
13591	13609
13610	13598
13567	13489
13226	12605
11565	10236
8896	7856
7325	7287
7551	7835
7985	8010
8002	8017
8070	8140
8275	8558
9031	9647
10359	11113
11833	12414
12785	12933
12898	12755
12580	12446
12386	12388
12429	12473
12502	12496
12463	12414
12365	12316
12259	12182
12072	11915
11703	11441
11171	11043
11363	12387
13905	15272
15868	15482
14423	13290
12386	11639
10929	10364
10304	11092
12582	14193
15467	16319
16854	17213
17491	17724
17907	18018
18056	18049
18014	17941
17786	17504
17098	16620
16150	15795
15726	16083
16834	17758
18604	19215
19578	19805
20045	20437
21038	21808
22655	23466
24166	24742
25221	25627
25901	25951
25792	25396
24367	22114
18588	14472
10823	8447
7311	6722
6204	5809
5754	6162
6967	7919
8643	8846
8602	8256
7999	7805
7692	7764
7959	8038
7847	7466
7192	7303
7730	8063
7958	7397
6796	6659
7055	7608
8043	8361
8603	8729
8730	8658
8613	8663
8828	9058
9304	9521
9695	9822
9909	9965
10011	10068
10139	10224
10294	10317
10307	10290
10282	10267
10236	10216
10252	10382
10603	10869
11091	11187
11120	10937
10727	10600
10581	10647
10766	10940
11151	11364
11524	11584
11543	11456
11394	11435
11606	11867
12127	12309
12433	12587
12807	13046
13243	13368
13444	13512
13614	13754
13902	13993
13986	13871
13664	13441
13397	13764
14603	15742
16930	17933
18607	18934
19005	18970
18952	18987
19059	19117
19149	19179
19246	19363
19499	19593
19606	19557
19508	19562
19801	20265
20922	21680
22419	23012
23321	23254
22832	22152
21265	20164
18892	17585
16414	15541
15060	14987
15225	15621
16031	16418
16831	17344
17832	18019
17719	16933
15738	14279
12773	11502
10678	10381
10543	10989
11546	12152
12987	14242
15710	16842
17329	17268
16921	16508
16192	16019
15934	15808
15608	15417
15360	15498
15744	15913
15934	15867
15778	15688
15594	15506
15440	15416
15438	15499
15598	15719
15838	15888
15743	15275
14500	13652
13144	13333
14160	15207
16100	16729
17158	17483
17709	17791
17814	17941
18147	18210
17972	17448
16757	16049
15470	15114
15001	15062
15209	15356
15466	15543
15606	15613
15714	14873
12977	12527
12315	12137
12173	12197
12012	11501
10679	9737
9168	9439
10396	11346
11843	11948
11919	11921
11937	11844
11609	11345
11149	11007
10756	10176
9227	8096
7089	6439
6168	6104
6124	6179
6225	6214
6247	6489
6921	7336
7608	7836
8290	9207
10518	11860
12920	13590
13925	14071
14140	14183
14213	14231
14231	14215
14186	14144
14094	14045
13992	13930
13840	13719
13589	13494
13461	13471
13500	13537
13576	13614
13648	13671
13670	13645
13594	13495
13240	12672
11706	10425
9084	8004
7410	7318
7536	7796
7939	7975
7986	8033
8122	8234
8399	8705
9193	9826
10557	11330
12058	12633
12986	13105
13036	12857
12653	12501
12429	12425
12453	12483
12493	12486
12464	12440
12413	12384
12337	12259
12138	11963
11735	11463
11203	11106
11493	12612
14190	15477
15858	15224
14021	12912
12165	11594
11000	10481
10438	11253
12772	14380
15630	16485
17063	17466
17763	17991
18150	18246
18289	18312
18338	18341
18264	18036
17646	17142
16602	16147
15976	16285
17050	18029
18940	19613
20017	20254
20477	20824
21359	22066
22859	23616
24254	24749
25168	25578
25937	26102
25985	25475
24202	21734
18120	14065
10520	8188
7025	6430
6011	5819
5978	6487
7224	7997
8555	8719
8534	8237
7984	7807
7722	7774
7894	7943
7836	7639
7538	7682
7963	8072
7809	7272
6822	6839
7348	8017
8567	8917
9090	9113
9026	8891
8794	8816
8978	9230
9497	9723
9885	9990
10049	10085
10111	10151
10212	10296
10373	10423
10437	10437
10419	10383
10326	10282
10297	10420
10653	10934
11180	11302
11266	11104
10902	10747
10678	10684
10757	10899
11100	11316
11485	11554
11521	11438
11394	11470
11694	12015
12333	12552
12698	12869
13104	13340
13511	13587
13604	13617
13673	13780
13894	13944
13884	13708
13441	13193
13225	13812
14935	16259
17427	18247
18695	18876
18909	18892
18886	18918
18994	19093
19181	19234
19299	19440
19672	19926
20146	20318
20492	20724
21067	21525
22051	22546
22931	23104
22958	22403
21515	20469
19359	18159
16912	15764
14895	14445
14455	14854
15496	16173
16750	17193
17589	18034
18430	18527
18193	17479
16513	15418
14347	13454
12818	12423
12174	11961
11715	11552
11799	12771
14257	15613
16400	16627
16487	16181
15884	15717
15662	15625
15539	15436
15409	15511
15695	15825
15841	15785
15713	15641
15578	15527
15492	15481
15485	15514
15568	15661
15772	15847
15756	15364
14646	13803
13214	13251
13942	14964
15948	16687
17157	17440
17603	17681
17762	17943
18181	18298
18148	17722
17113	16474
15946	15612
15484	15502
15586	15659
15700	15720
15751	15735
15832	14911
12911	12557
12405	12289
12339	12361
12200	11773
11020	10036
9291	9343
10160	11123
11738	11966
12011	12064
12122	12045
11790	11474
11222	11038
10758	10152
9181	8043
7050	6445
6230	6208
6239	6281
6306	6287
6326	6582
7024	7444
7712	7921
8342	9222
10499	11840
12928	13629
13980	14128
14190	14230
14262	14283
14286	14270
14235	14194
14152	14106
14062	14009
13938	13840
13734	13650
13605	13591
13596	13611
13630	13660
13693	13720
13723	13684
13604	13482
13233	12725
11851	10631
9289	8166
7507	7347
7509	7729
7847	7867
7866	7915
8020	8157
8353	8691
9207	9871
10631	11431
12185	12777
13132	13245
13160	12967
12761	12614
12548	12543
12556	12552
12524	12487
12463	12448
12438	12422
12382	12310
12185	12001
11759	11480
11223	11158
11605	12794
14385	15557
15707	14831
13482	12376
11761	11370
10933	10516
10523	11356
12862	14432
15654	16542
17203	17685
18021	18244
18387	18471
18521	18577
18659	18733
18724	18547
18177	17658
17068	16528
16269	16511
17261	18269
19240	19977
20433	20691
20898	21192
21664	22312
23055	23771
24351	24774
25132	25549
25992	26265
26184	25556
24061	21399
17727	13731
10273	7950
6726	6104
5784	5812
6210	6829
7485	8050
8429	8569
8478	8239
7981	7819
7780	7814
7852	7865
7865	7912
8039	8201
8267	8089
7680	7236
7011	7178
7717	8429
9066	9451
9556	9466
9286	9090
8960	8968
9136	9402
9682	9908
10054	10135
10172	10184
10193	10218
10278	10362
10454	10527
10569	10581
10560	10504
10424	10358
10361	10482
10723	11023
11289	11438
11429	11294
11095	10912
10787	10736
10762	10878
11068	11283
11459	11539
11513	11444
11418	11524
11781	12136
12485	12741
12932	13147
13407	13629
13751	13769
13733	13701
13717	13785
13854	13856
13740	13498
13171	12908
13028	13829
15216	16703
17851	18495
18727	18765
18767	18782
18819	18881
18989	19144
19294	19385
19470	19677
20039	20489
20935	21339
21700	22040
22363	22638
22808	22804
22596	22177
21509	20576
19474	18386
17377	16406
15477	14719
14283	14265
14657	15346
16151	16875
17399	17732
17999	18325
18643	18734
18479	17940
17239	16483
15776	15195
14746	14357
13920	13350
12651	11970
11640	11968
12881	13943
14773	15231
15360	15291
15197	15215
15358	15520
15611	15625
15626	15684
15786	15837
15807	15730
15649	15582
15538	15515
15511	15517
15521	15528
15553	15615
15713	15796
15749	15428
14784	13953
13288	13186
13753	14751
15816	16649
17155	17406
17524	17603
17732	17960
18234	18415
18379	18067
17550	16973
16486	16166
16019	15989
16000	15996
15962	15923
15908	15863
15952	14963
12882	12616
12504	12422
12453	12448
12296	11940
11283	10333
9496	9366
10023	10974
11702	12039
12115	12168
12236	12170
11899	11534
11204	10939
10597	9985
9060	8008
7108	6580
6411	6397
6400	6393
6363	6318
6355	6611
7053	7489
7798	8051
8478	9305
10508	11819
12932	13674
14049	14189
14230	14252
14280	14306
14320	14309
14275	14234
14194	14161
14135	14108
14068	14000
13915	13835
13775	13731
13701	13682
13684	13712
13758	13803
13813	13764
13653	13489
13222	12741
11928	10763
9432	8288
7587	7386
7519	7722
7820	7811
7772	7787
7885	8041
8271	8623
9139	9799
10582	11422
12223	12854
13226	13334
13235	13047
12865	12750
12712	12709
12698	12650
12570	12497
12454	12442
12444	12430
12390	12319
12206	12029
11776	11474
11220	11198
11726	12973
14532	15550
15464	14366
12887	11758
11218	10979
10738	10501
10623	11475
12929	14438
15648	16581
17327	17889
18263	18494
18631	18712
18775	18867
18999	19140
19194	19067
18719	18194
17570	16976
16637	16780
17442	18420
19441	20280
20837	21138
21316	21537
21925	22508
23213	23894
24436	24814
25156	25606
26128	26478
26381	25599
23859	21006
17279	13338
9956	7642
6374	5748
5549	5807
6434	7138
7703	8077
8321	8461
8464	8273
7995	7835
7846	7906
7926	7936
8030	8262
8536	8665
8510	8095
7608	7306
7322	7630
8175	8877
9534	9907
9926	9727
9461	9229
9102	9140
9332	9617
9898	10105
10218	10258
10259	10247
10243	10275
10345	10441
10543	10630
10689	10702
10670	10594
10501	10433
10444	10577
10827	11131
11402	11563
11579	11472
11288	11087
10917	10814
10802	10892
11074	11293
11476	11568
11566	11523
11529	11647
11889	12194
12500	12774
13042	13354
13673	13882
13937	13892
13821	13782
13778	13797
13797	13732
13543	13211
12809	12546
12778	13792
15407	17033
18166	18659
18689	18577
18536	18610
18759	18948
19165	19408
19631	19799
19967	20261
20724	21285
21843	22338
22732	23011
23153	23103
22812	22245
21435	20463
19398	18302
17277	16439
15798	15270
14826	14545
14523	14820
15406	16154
16905	17494
17846	18006
18124	18346
18631	18777
18664	18329
17867	17354
16871	16468
16137	15799
15357	14746
13974	13141
12431	12043
12072	12455
12997	13459
13752	13945
14193	14599
15119	15598
15907	16018
16011	15985
15970	15923
15818	15691
15575	15488
15440	15433
15459	15499
15535	15556
15581	15632
15707	15779
15757	15513
14945	14110
13338	13095
13571	14565
15688	16589
17123	17374
17481	17574
17725	17969
18270	18536
18624	18440
18008	17483
17018	16692
16516	16436
16384	16317
16226	16136
16074	15991
16050	15041
12958	12713
12596	12485
12467	12430
12304	12041
11520	10671
9806	9478
9905	10791
11640	12092
12180	12198
12262	12226
11984	11599
11185	10793
10354	9737
8917	8021
7257	6789
6614	6584
6562	6495
6394	6303
6331	6567
6989	7462
7885	8269
8752	9508
10574	11802
12936	13738
14144	14269
14269	14253
14263	14298
14329	14335
14308	14267
14229	14212
14220	14241
14247	14214
14142	14058
13977	13895
13816	13759
13741	13780
13861	13952
13990	13938
13784	13556
13225	12707
11893	10750
9450	8322
7632	7446
7610	7847
7967	7931
7828	7774
7843	8019
8279	8614
9061	9664
10441	11330
12204	12892
13280	13368
13248	13063
12928	12882
12890	12890
12839	12737
12611	12499
12431	12422
12432	12414
12360	12288
12197	12040
11779	11452
11191	11244
11900	13226
14729	15559
15233	13956
12379	11196
10650	10519
10504	10545
10867	11752
13114	14547
15752	16727
17511	18098
18492	18739
18886	18977
19062	19193
19382	19588
19708	19630
19307	18780
18147	17533
17126	17114
17580	18444
19506	20504
21233	21618
21759	21866
22137	22639
23308	23975
24505	24887
25262	25786
26390	26764
26570	25553
23526	20456
16659	12764
9457	7187
5934	5374
5334	5826
6647	7398
7856	8093
8271	8438
8497	8325
8022	7854
7916	8069
8186	8266
8400	8641
8875	8879
8563	8046
7598	7463
7689	8141
8722	9381
9962	10240
10150	9852
9528	9297
9231	9342
9595	9903
10172	10333
10375	10347
10294	10252
10254	10309
10412	10526
10631	10717
10770	10766
10706	10609
10524	10483
10534	10698
10960	11252
11507	11659
11691	11617
11464	11268
11074	10929
10882	10957
11139	11362
11552	11658
11686	11701
11760	11882
12040	12198
12368	12618
13000	13470
13890	14090
14063	13958
13887	13861
13849	13804
13721	13573
13302	12858
12357	12107
12489	13705
15490	17205
18334	18724
18592	18338
18260	18437
18803	19241
19663	20027
20335	20609
20902	21272
21722	22199
22629	22954
23134	23149
22966	22543
21848	20880
19710	18466
17286	16273
15525	15089
14918	14893
14940	15068
15332	15762
16335	16966
17540	17945
18138	18177
18208	18368
18623	18788
18756	18541
18218	17841
17471	17153
16883	16605
16249	15765
15150	14432
13632	12811
12138	11801
11793	11923
12103	12434
13043	13939
14959	15839
16382	16559
16490	16340
16193	16039
15860	15672
15496	15356
15276	15266
15319	15414
15514	15600
15665	15723
15774	15818
15812	15656
15173	14295
13360	12967
13392	14401
15556	16478
17035	17327
17485	17598
17736	17954
18268	18621
18855	18803
18455	17963
17495	17145
16925	16796
16703	16605
16482	16355
16243	16102
16106	15124
13121	12842
12678	12492
12407	12344
12263	12107
11734	11019
10158	9627
9780	10570
11525	12092
12180	12155
12214	12234
12066	11699
11216	10697
10147	9523
8819	8091
7454	7010
6789	6723
6689	6583
6413	6289
6308	6514
6893	7400
7962	8521
9091	9769
10658	11778
12927	13797
14244	14359
14315	14255
14240	14278
14332	14362
14350	14307
14271	14269
14315	14390
14453	14455
14394	14302
14197	14075
13946	13845
13814	13876
14010	14161
14242	14189
13996	13686
13251	12640
11763	10609
9339	8262
7621	7497
7734	8053
8220	8173
7999	7871
7901	8100
8385	8681
9019	9526
10277	11213
12160	12904
13303	13360
13206	13027
12951	12984
13050	13048
12950	12801
12639	12498
12408	12396
12417	12393
12311	12235
12167	12036
11772	11414
11151	11306
12122	13538
14978	15616
15083	13673
12040	10794
10191	10117
10327	10676
11238	12166
13430	14778
15990	16980
17746	18310
18709	18969
19134	19243
19352	19520
19765	20037
20221	20189
19892	19373
18746	18138
17681	17489
17701	18401
19486	20663
21604	22103
22210	22192
22326	22738
23368	24025
24559	24973
25413	26018
26676	27022
26682	25411
23090	19803
15919	12047
8817	6631
5473	5059
5219	5907
6846	7583
7946	8114
8279	8458
8511	8327
8022	7879
8019	8317
8601	8777
8882	8970
9003	8842
8457	7991
7677	7699
8067	8632
9257	9861
10310	10447
10255	9888
9536	9345
9365	9573
9896	10230
10476	10570
10526	10408
10291	10223
10235	10324
10457	10585
10685	10759
10786	10749
10656	10549
10478	10490
10601	10812
11087	11359
11578	11708
11745	11704
11590	11413
11209	11044
10985	11069
11262	11488
11663	11751
11795	11868
12002	12157
12250	12255
12279	12501
12984	13587
14074	14256
14174	14040
13970	13926
13838	13699
13546	13384
13104	12599
12020	11802
12321	13660
15488	17205
18327	18695
18524	18241
18199	18530
19158	19876
20502	20962
21299	21620
21975	22327
22623	22823
22905	22843
22629	22254
21715	20999
20100	19034
17871	16731
15738	15007
14613	14572
14812	15191
15593	15979
16355	16755
17183	17613
17985	18241
18350	18355
18371	18492
18684	18795
18738	18539
18252	17931
17616	17344
17115	16894
16631	16300
15884	15375
14712	13854
12919	12124
11551	11136
10931	11129
11872	13099
14534	15794
16612	16931
16893	16707
16491	16255
15991	15720
15480	15280
15147	15109
15169	15300
15464	15622
15750	15835
15881	15905
15924	15861
15456	14518
13402	12856
13226	14240
15392	16313
16898	17263
17500	17641
17739	17904
18216	18648
19013	19083
18806	18340
17864	17481
17220	17056
16945	16839
16713	16560
16399	16203
16137	15193
13297	12962
12748	12488
12346	12264
12214	12136
11878	11277
10439	9762
9704	10406
11435	12072
12154	12085
12141	12218
12125	11804
11298	10706
10085	9464
8838	8229
7671	7225
6943	6833
6786	6668
6480	6359
6384	6556
6874	7375
8023	8708
9344	9960
10708	11728
12878	13807
14308	14440
14379	14289
14257	14294
14363	14414
14416	14380
14340	14344
14417	14535
14638	14665
14611	14513
14395	14249
14089	13964
13930	14014
14196	14394
14510	14457
14228	13846
13315	12589
11616	10421
9172	8138
7553	7483
7789	8178
8395	8348
8132	7950
7960	8174
8479	8746
9004	9434
10161	11120
12117	12899
13304	13338
13158	12988
12959	13053
13161	13156
13022	12842
12666	12507
12399	12382
12409	12375
12273	12186
12133	12017
11754	11377
11132	11380
12332	13818
15195	15676
14984	13501
11850	10573
9923	9878
10246	10833
11582	12551
13739	15024
16229	17215
17952	18488
18882	19162
19342	19462
19587	19787
20081	20407
20642	20656
20385	19878
19260	18663
18171	17843
17854	18410
19494	20797
21906	22508
22609	22507
22532	22862
23449	24086
24620	25059
25535	26162
26805	27092
26638	25187
22660	19202
15226	11348
8178	6107
5122	4930
5298	6089
7009	7680
7996	8152
8304	8427
8402	8197
7958	7924
8192	8634
9042	9260
9272	9167
8990	8718
8364	8038
7880	8010
8425	9012
9638	10176
10511	10553
10323	9949
9613	9457
9539	9809
10169	10510
10727	10765
10643	10451
10278	10190
10204	10311
10454	10578
10662	10712
10720	10662
10554	10448
10407	10462
10626	10871
11150	11405
11592	11707
11746	11726
11633	11463
11252	11093
11067	11194
11421	11634
11751	11764
11762	11854
12072	12325
12481	12494
12502	12739
13249	13830
14247	14390
14329	14227
14127	13935
13643	13360
13205	13175
13066	12659
12130	11974
12555	13850
15524	17104
18197	18661
18662	18564
18701	19205
19990	20827
21503	21931
22177	22381
22590	22745
22765	22617
22297	21823
21219	20518
19750	18936
18095	17238
16398	15641
15038	14674
14608	14854
15342	15925
16483	16940
17294	17571
17823	18063
18275	18427
18502	18514
18528	18606
18707	18732
18615	18390
18108	17817
17541	17311
17118	16936
16737	16504
16229	15896
15426	14747
13900	13006
12124	11267
10590	10378
10841	11960
13460	14926
16034	16678
16940	16985
16893	16658
16313	15953
15647	15394
15206	15111
15124	15230
15394	15580
15751	15882
15958	16015
16083	16096
15748	14783
13551	12866
13125	14063
15182	16113
16755	17191
17486	17634
17696	17816
18119	18594
19040	19195
18982	18547
18081	17688
17411	17235
17122	17021
16895	16729
16533	16286
16167	15249
13435	13071
12830	12533
12355	12255
12206	12163
11968	11437
10624	9889
9722	10372
11413	12075
12137	12036
12088	12200
12169	11901
11424	10831
10203	9587
8994	8423
7883	7414
7083	6921
6855	6752
6609	6546
6606	6746
6985	7425
8068	8789
9448	10030
10698	11652
12794	13764
14326	14503
14459	14367
14331	14368
14444	14508
14524	14492
14450	14455
14533	14667
14788	14830
14782	14685
14562	14407
14243	14119
14095	14200
14408	14630
14757	14704
14450	14021
13411	12577
11499	10249
8996	7986
7427	7385
7718	8140
8387	8352
8136	7943
7950	8173
8494	8756
8994	9399
10109	11073
12084	12880
13289	13318
13131	12972
12968	13095
13217	13209
13059	12875
12701	12542
12422	12397
12420	12375
12254	12154
12096	11984
11718	11348
11142	11472
12508	14015
15327	15689
14897	13378
11747	10485
9838	9813
10257	10959
11814	12815
13970	15212
16395	17368
18089	18618
19023	19311
19500	19623
19758	19978
20301	20665
20941	20992
20750	20264
19660	19071
18556	18159
18073	18545
19600	20945
22134	22812
22944	22820
22783	23044
23573	24176
24696	25133
25591	26161
26721	26934
26428	24910
22287	18714
14650	10743
7629	5694
4935	5013
5577	6364
7141	7710
8036	8223
8324	8310
8163	7957
7858	8028
8471	9015
9442	9597
9483	9221
8925	8645
8407	8250
8228	8398
8768	9277
9826	10293
10575	10610
10421	10101
9804	9671
9762	10036
10391	10708
10889	10883
10715	10479
10272	10162
10169	10263
10386	10484
10541	10573
10577	10531
10442	10361
10343	10429
10614	10869
11140	11381
11560	11672
11716	11708
11618	11436
11218	11083
11118	11318
11583	11773
11800	11692
11594	11667
11963	12370
12722	12912
13052	13336
13781	14188
14425	14521
14552	14524
14339	13896
13304	12854
12754	12957
13156	13050
12760	12766
13363	14476
15836	17152
18186	18823
19151	19402
19786	20383
21111	21796
22290	22530
22561	22472
22325	22126
21823	21368
20749	20001
19181	18361
17592	16924
16363	15909
15546	15271
15104	15087
15266	15663
16220	16823
17357	17748
17992	18137
18242	18341
18447	18533
18586	18597
18596	18611
18623	18566
18416	18192
17935	17679
17446	17256
17097	16941
16767	16572
16352	16102
15768	15286
14654	13903
13021	12005
11010	10353
10308	10953
12117	13458
14680	15640
16340	16839
17110	17083
16801	16429
16076	15759
15480	15281
15188	15203
15309	15476
15669	15850
15999	16126
16255	16310
16005	15084
13847	13045
13100	13858
14909	15885
16618	17119
17424	17557
17603	17710
18000	18471
18933	19124
18962	18581
18156	17794
17532	17370
17268	17173
17044	16860
16638	16365
16217	15319
13571	13200
12955	12649
12461	12350
12289	12250
12077	11583
10789	10034
9819	10424
11449	12106
12164	12051
12097	12220
12226	12011
11592	11043
10444	9835
9235	8642
8073	7564
7181	6973
6887	6824
6784	6828
6945	7056
7207	7544
8120	8812
9467	10035
10672	11585
12706	13705
14327	14563
14556	14480
14449	14491
14574	14647
14672	14644
14603	14603
14675	14808
14932	14974
14923	14826
14707	14567
14420	14315
14312	14434
14648	14873
14998	14937
14666	14200
13526	12596
11420	10101
8832	7828
7275	7229
7563	7990
8255	8245
8053	7878
7892	8120
8449	8731
8988	9401
10104	11055
12061	12852
13261	13294
13115	12967
12982	13119
13244	13231
13085	12911
12755	12603
12478	12444
12454	12394
12254	12132
12052	11927
11663	11323
11172	11575
12665	14161
15390	15648
14776	13246
11659	10458
9850	9846
10312	11055
11960	12998
14155	15370
16515	17465
18181	18723
19139	19441
19638	19764
19899	20128
20466	20857
21166	21255
21053	20606
20025	19440
18904	18481
18353	18777
19783	21108
22321	23053
23246	23142
23074	23272
23731	24285
24781	25199
25610	26077
26516	26659
26134	24602
21924	18260
14106	10179
7138	5381
4875	5229
5955	6681
7261	7727
8101	8329
8354	8175
7905	7734
7831	8242
8855	9442
9794	9824
9578	9209
8872	8658
8582	8602
8692	8860
9125	9494
9921	10319
10594	10684
10578	10337
10086	9961
10033	10273
10586	10855
10988	10939
10745	10487
10263	10136
10126	10189
10268	10320
10345	10366
10386	10379
10339	10306
10319	10418
10601	10839
11093	11322
11506	11626
11685	11683
11593	11402
11185	11080
11171	11428
11722	11884
11836	11631
11447	11501
11863	12418
12969	13361
13642	13958
14297	14509
14583	14669
14801	14814
14500	13807
12964	12387
12320	12692
13180	13480
13637	13988
14688	15623
16635	17649
18588	19378
20010	20551
21061	21553
21981	22287
22427	22391
22155	21721
21158	20572
19989	19338
18585	17778
16995	16308
15773	15420
15244	15218
15293	15420
15586	15811
16134	16578
17108	17629
18050	18314
18431	18458
18459	18475
18519	18570
18603	18602
18571	18522
18457	18347
18189	17993
17784	17579
17401	17251
17121	16976
16804	16604
16389	16153
15877	15515
15056	14483
13748	12816
11808	10997
10629	10807
11436	12296
13210	14123
15042	15939
16695	17127
17191	16999
16670	16275
15872	15536
15311	15215
15249	15383
15584	15804
16013	16198
16366	16443
16192	15392
14249	13345
13121	13614
14565	15609
16469	17037
17330	17442
17490	17606
17880	18315
18745	18940
18818	18509
18156	17852
17636	17501
17416	17325
17184	16982
16738	16445
16283	15405
13714	13366
13134	12846
12664	12545
12476	12432
12266	11784
10991	10213
9947	10496
11484	12142
12229	12135
12179	12298
12322	12153
11798	11311
10747	10138
9503	8861
8237	7672
7234	6977
6882	6885
6973	7146
7334	7427
7487	7713
8200	8845
9484	10051
10674	11561
12665	13681
14353	14639
14666	14612
14594	14649
14744	14826
14857	14833
14790	14784
14850	14975
15093	15125
15062	14957
14845	14727
14609	14533
14552	14687
14903	15123
15235	15159
14866	14373
13643	12628
11358	9984
8696	7696
7136	7076
7392	7814
8093	8116
7956	7810
7838	8072
8403	8707
8992	9423
10114	11049
12035	12818
13225	13262
13100	12969
12995	13138
13263	13247
13109	12953
12823	12682
12556	12506
12500	12424
12261	12111
12001	11852
11592	11289
11214	11698
12835	14299
15426	15559
14610	13076
11553	10433
9886	9908
10374	11133
12078	13164
14344	15535
16629	17546
18260	18819
19253	19569
19774	19908
20046	20275
20625	21034
21377	21505
21358	20964
20421	19838
19284	18833
18678	19052
19995	21272
22481	23267
23532	23472
23387	23513
23887	24376
24850	25256
25625	25999
26327	26406
25863	24302
21534	17750
13512	9602
6695	5149
4890	5472
6310	6965
7379	7772
8195	8459
8410	8099
7758	7671
7976	8599
9317	9870
10096	9987
9639	9212
8881	8760
8849	9036
9216	9361
9511	9729
10033	10375
10666	10821
10798	10628
10416	10294
10334	10525
10777	10981
11054	10963
10742	10472
10238	10102
10066	10087
10113	10116
10107	10122
10170	10219
10254	10284
10336	10444
10609	10817
11045	11265
11455	11595
11671	11683
11605	11430
11233	11147
11255	11521
11812	11960
11891	11662
11472	11540
11948	12581
13223	13701
14020	14301
14545	14666
14707	14823
14972	14909
14431	13584
12651	12017
11893	12231
12843	13549
14324	15225
16195	17077
17843	18601
19418	20245
20992	21583
21969	22123
22079	21893
21640	21333
20891	20208
19350	18503
17760	17053
16352	15709
15199	14861
14713	14741
14911	15179
15493	15807
16111	16434
16811	17252
17723	18147
18454	18606
18623	18565
18503	18475
18495	18533
18559	18546
18489	18394
18275	18139
17992	17835
17677	17529
17404	17295
17179	17039
16856	16640
16399	16144
15871	15563
15202	14762
14200	13482
12702	12048
11669	11596
11741	11974
12281	12759
13504	14504
15591	16506
17062	17222
17059	16707
16296	15915
15622	15443
15389	15446
15586	15770
15966	16153
16327	16432
16281	15676
14691	13706
13167	13346
14171	15281
16290	16944
17232	17324
17389	17521
17778	18160
18533	18712
18631	18395
18130	17906
17749	17651
17579	17487
17335	17114
16845	16537
16365	15498
13852	13538
13335	13081
12922	12808
12736	12688
12522	12036
11222	10397
10055	10521
11460	12145
12300	12260
12308	12415
12446	12320
12027	11599
11068	10455
9780	9074
8379	7750
7257	6957
6859	6930
7142	7446
7709	7802
7795	7928
8328	8924
9550	10115
10736	11610
12704	13729
14428	14749
14797	14762
14767	14840
14952	15043
15078	15055
15007	14994
15050	15165
15269	15282
15198	15085
14980	14883
14796	14751
14788	14931
15148	15358
15457	15357
15039	14515
13740	12658
11321	9905
8614	7615
7046	6963
7252	7662
7952	8004
7886	7773
7817	8051
8384	8704
9017	9456
10134	11038
11997	12768
13174	13225
13080	12970
13011	13163
13287	13270
13138	12999
12890	12761
12625	12560
12539	12450
12273	12096
11951	11774
11520	11265
11272	11852
13036	14450
15445	15435
14401	12872
11420	10397
9927	9975
10444	11214
12201	13337
14543	15705
16743	17616
18329	18902
19353	19684
19906	20048
20192	20426
20787	21218
21597	21779
21697	21365
20866	20286
19707	19223
19029	19336
20193	21398
22597	23439
23795	23789
23688	23732
24005	24431
24888	25299
25651	25970
26230	26268
25695	24042
21114	17161
12850	9018
6324	5021
4965	5673
6553	7150
7478	7844
8306	8583
8488	8122
7808	7850
8339	9088
9796	10224
10292	10070
9682	9264
8974	8952
9176	9481
9722	9843
9905	10009
10229	10540
10854	11060
11088	10960
10769	10644
10656	10794
10973	11100
11100	10952
10700	10418
10182	10040
9980	9962
9936	9890
9848	9861
9944	10061
10179	10286
10385	10495
10634	10807
11007	11221
11423	11585
11686	11715
11660	11520
11363	11282
11360	11583
11847	12004
11976	11818
11700	11827
12259	12879
13474	13881
14113	14302
14504	14661
14780	14905
14933	14632
13944	13042
12182	11566
11290	11390
11935	12981
14433	16011
17387	18374
19038	19632
20305	21023
21643	22012
22035	21722
21163	20535
19969	19498
18983	18251
17328	16439
15703	15103
14624	14320
14236	14353
14619	14965
15328	15661
15945	16182
16415	16705
17073	17498
17922	18280
18517	18605
18573	18483
18399	18371
18394	18441
18465	18443
18368	18253
18119	17986
17858	17741
17629	17531
17449	17369
17262	17114
16912	16666
16395	16108
15824	15539
15254	14955
14598	14133
13609	13150
12842	12669
12533	12350
12163	12161
12514	13258
14272	15307
16134	16621
16791	16761
16638	16465
16263	16061
15887	15770
15727	15751
15828	15946
16104	16260
16263	15905
15109	14067
13224	13082
13761	14933
16089	16840
17142	17229
17312	17466
17707	18029
18337	18488
18440	18278
18100	17958
17864	17809
17750	17654
17488	17248
16961	16638
16462	15579
13923	13661
13496	13292
13168	13072
13004	12955
12783	12281
11432	10535
10091	10451
11340	12069
12331	12369
12429	12521
12559	12474
12247	11882
11385	10771
10060	9290
8526	7837
7294	6955
6849	6967
7278	7687
8024	8133
8095	8168
8508	9059
9663	10226
10851	11726
12818	13847
14557	14890
14951	14932
14960	15059
15188	15291
15330	15301
15248	15225
15269	15373
15461	15448
15339	15211
15114	15039
14978	14955
15008	15154
15367	15566
15645	15521
15172	14612
13802	12682
11310	9881
8595	7604
7022	6913
7168	7557
7848	7932
7852	7777
7837	8071
8399	8729
9059	9499
10153	11021
11950	12702
13113	13178
13056	12967
13028	13187
13316	13298
13165	13041
12950	12827
12677	12597
12563	12470
12283	12085
11908	11707
11453	11249
11352	12035
13268	14619
15459	15290
14165	12637
11267	10351
9962	10046
10513	11295
12323	13516
14740	15873
16843	17672
18374	18965
19439	19790
20028	20182
20334	20576
20953	21414
21834	22079
22067	21805
21347	20769
20155	19633
19388	19610
20354	21467
22644	23544
23993	24052
23935	23893
24063	24422
24874	25312
25687	26000
26248	26276
25657	23852
20682	16514
12140	8450
6039	5001
5085	5815
6651	7213
7543	7932
8400	8663
8559	8249
8058	8274
8895	9641
10211	10430
10322	10036
9693	9365
9169	9233
9535	9903
10168	10275
10292	10350
10537	10842
11174	11401
11449	11330
11141	11004
10985	11065
11165	11202
11117	10908
10610	10314
10079	9934
9862	9814
9744	9653
9583	9597
9713	9898
10106	10296
10452	10568
10679	10809
10983	11191
11409	11598
11726	11773
11741	11645
11527	11444
11461	11614
11841	12027
12084	12048
12051	12255
12695	13247
13711	13960
14042	14140
14338	14573
14755	14794
14536	13876
12937	12029
11318	10764
10320	10120
10513	11814
13864	16069
17864	19029
19703	20203
20714	21201
21510	21493
21080	20334
19412	18527
17838	17353
16917	16333
15596	14880
14327	13960
13804	13910
14268	14791
15359	15854
16200	16377
16414	16391
16420	16598
16936	17349
17753	18084
18299	18382
18358	18278
18220	18219
18269	18328
18350	18315
18233	18123
18010	17907
17812	17725
17650	17587
17526	17458
17350	17187
16962	16682
16372	16059
15767	15513
15324	15195
15054	14800
14430	14039
13737	13536
13361	13103
12771	12502
12470	12762
13335	14036
14716	15306
15807	16248
16610	16838
16892	16781
16556	16283
16030	15839
15734	15729
15835	16034
16194	16080
15478	14404
13306	12873
13395	14594
15877	16732
17070	17171
17278	17449
17675	17935
18166	18281
18260	18169
18074	18014
17983	17962
17917	17818
17636	17382
17084	16755
16579	15631
13873	13670
13549	13405
13325	13256
13197	13148
12970	12449
11559	10583
10031	10280
11115	11897
12284	12414
12490	12566
12614	12577
12425	12133
11689	11087
10353	9538
8719	7982
7400	7021
6886	7013
7367	7843
8241	8393
8362	8414
8716	9223
9799	10348
10979	11871
12980	14015
14725	15055
15120	15117
15169	15294
15443	15560
15604	15572
15507	15472
15504	15595
15667	15630
15492	15345
15252	15194
15159	15156
15222	15370
15577	15759
15814	15656
15272	14675
13839	12700
11328	9912
8646	7663
7069	6924
7137	7497
7784	7892
7856	7816
7891	8117
8436	8766
9102	9539
10168	11001
11903	12636
13049	13124
13022	12955
13035	13209
13342	13320
13190	13075
13000	12875
12711	12609
12572	12476
12286	12070
11866	11641
11395	11248
11454	12252
13533	14815
15480	15132
13905	12379
11085	10279
9983	10107
10577	11371
12441	13679
14923	16014
16917	17694
18397	19010
19510	19885
20140	20304
20461	20715
21111	21602
22075	22385
22449	22256
21839	21258
20614	20049
19744	19865
20477	21481
22623	23571
24114	24236
24112	23988
24053	24354
24810	25289
25712	26064
26347	26396
25724	23728
20262	15842
11410	7916
5827	5059
5235	5898
6630	7189
7596	8024
8450	8665
8596	8434
8467	8871
9549	10178
10495	10445
10172	9878
9658	9501
9447	9594
9920	10282
10537	10641
10669	10745
10952	11275
11608	11828
11861	11725
11518	11363
11313	11330
11347	11280
11101	10813
10470	10149
9914	9777
9706	9642
9542	9414
9316	9326
9473	9728
10031	10312
10527	10655
10735	10825
10969	11170
11404	11619
11769	11833
11817	11747
11651	11557
11527	11627
11835	12051
12192	12268
12379	12652
13096	13584
13936	14053
14025	14065
14249	14471
14555	14341
13699	12648
11455	10525
9935	9468
8964	8618
8948	10426
12857	15445
17495	18787
19486	19904
20226	20421
20368	19984
19262	18311
17311	16461
15874	15529
15287	14979
14569	14169
13903	13836
14018	14470
15133	15864
16505	16924
17072	16966
16699	16402
16236	16310
16612	17017
17416	17743
17969	18077
18086	18056
18041	18081
18160	18228
18237	18188
18101	18022
17959	17901
17842	17783
17731	17684
17630	17558
17439	17254
17002	16690
16349	16015
15729	15524
15431	15435
15434	15290
14984	14622
14347	14215
14161	14036
13776	13439
13166	13073
13162	13340
13588	13974
14538	15222
15913	16478
16837	16971
16908	16708
16435	16156
15926	15785
15790	15957
16190	16245
15800	14718
13439	12761
13118	14291
15652	16605
17007	17145
17276	17462
17669	17867
18021	18096
18098	18074
18061	18073
18096	18106
18067	17959
17765	17501
17204	16871
16709	15646
13687	13534
13456	13372
13339	13296
13248	13203
13023	12494
11573	10534
9884	10029
10813	11652
12162	12378
12465	12530
12587	12608
12539	12336
11957	11390
10654	9816
8965	8201
7587	7167
6979	7065
7408	7903
8342	8547
8564	8629
8912	9380
9909	10433
11069	11991
13137	14191
14897	15219
15294	15306
15380	15532
15709	15840
15888	15851
15773	15725
15750	15832
15887	15826
15661	15503
15411	15369
15353	15370
15446	15593
15787	15946
15967	15773
15348	14719
13861	12726
11375	9996
8760	7785
7172	6983
7146	7469
7745	7878
7883	7877
7960	8172
8472	8795
9138	9572
10183	10985
11856	12579
12988	13074
12985	12939
13039	13229
13363	13341
13210	13105
13038	12911
12728	12610
12563	12466
12271	12043
11820	11581
11346	11261
11579	12493
13828	15029
15509	14966
13627	12094
10875	10181
9979	10142
10621	11425
12535	13823
15084	16136
16968	17695
18395	19038
19570	19969
20242	20415
20578	20838
21250	21778
22303	22682
22822	22697
22324	21751
21084	20480
20108	20118
20582	21458
22545	23531
24159	24344
24209	24011
23989	24241
24710	25242
25723	26136
26477	26568
25848	23647
19867	15192
10709	7416
5667	5161
5396	5953
6575	7155
7676	8136
8472	8608
8603	8659
8964	9546
10205	10622
10626	10302
9894	9644
9604	9672
9795	10014
10318	10625
10842	10962
11048	11197
11456	11795
12114	12300
12298	12132
11902	11723
11631	11585
11501	11328
11038	10663
10266	9923
9688	9567
9513	9451
9335	9180
9058	9060
9234	9557
9951	10325
10598	10742
10795	10842
10952	11144
11389	11626
11798	11873
11861	11788
11685	11581
11544	11639
11858	12101
12287	12414
12572	12881
13344	13824
14150	14238
14194	14210
14320	14343
14097	13480
12455	11105
9741	8751
8202	7836
7478	7294
7781	9387
11897	14503
16531	17789
18437	18743
18853	18760
18418	17823
17043	16204
15451	14904
14600	14493
14478	14454
14386	14329
14365	14582
15022	15670
16422	17114
17588	17756
17612	17239
16764	16341
16101	16125
16380	16754
17132	17459
17694	17829
17879	17897
17931	18009
18104	18166
18159	18088
18003	17955
17952	17946
17919	17875
17835	17789
17732	17649
17515	17309
17034	16695
16331	15986
15714	15552
15517	15558
15573	15453
15204	14951
14827	14865
14966	14960
14757	14407
14050	13813
13660	13479
13297	13292
13565	14069
14687	15308
15861	16303
16603	16749
16742	16612
16414	16220
16119	16177
16358	16453
16094	15034
13655	12790
12965	14039
15420	16453
16945	17139
17298	17487
17675	17814
17897	17938
17967	18007
18065	18136
18200	18227
18192	18071
17865	17600
17312	16983
16838	15628
13393	13282
13236	13199
13200	13180
13146	13112
12948	12426
11500	10427
9706	9770
10516	11402
12015	12300
12391	12434
12498	12569
12585	12475
12177	11659
10943	10102
9245	8468
7837	7380
7132	7138
7412	7872
8322	8583
8673	8784
9064	9482
9947	10428
11064	12030
13234	14330
15051	15382
15468	15500
15595	15769
15966	16111
16160	16118
16034	15982
15995	16068
16108	16030
15849	15685
15602	15575
15574	15603
15688	15831
16008	16138
16125	15885
15416	14753
13884	12762
11454	10121
8918	7947
7309	7067
7172	7448
7714	7867
7910	7932
8022	8215
8496	8815
9166	9603
10197	10971
11817	12522
12929	13023
12953	12926
13048	13251
13388	13364
13230	13127
13064	12928
12726	12593
12535	12436
12239	12004
11767	11521
11310	11289
11717	12753
14137	15254
15535	14792
13334	11786
10639	10056
9945	10151
10631	11448
12602	13942
15224	16236
16995	17675
18379	19046
19606	20029
20319	20506
20675	20942
21369	21928
22506	22953
23167	23112
22792	22242
21570	20940
20503	20389
20690	21426
22447	23457
24159	24398
24250	23988
23889	24108
24603	25184
25719	26184
26577	26712
25964	23589
19528	14610
10077	6963
5518	5258
5562	6040
6585	7216
7851	8315
8517	8559
8633	8930
9500	10210
10788	10947
10642	10084
9601	9431
9586	9888
10192	10468
10720	10938
11118	11273
11448	11690
12008	12349
12629	12762
12720	12535
12295	12097
11956	11827
11638	11341
10936	10469
10013	9645
9415	9316
9290	9246
9135	8970
8826	8815
8999	9370
9850	10312
10644	10804
10832	10838
10913	11090
11342	11599
11797	11885
11864	11763
11631	11523
11517	11662
11921	12186
12372	12483
12625	12930
13413	13944
14341	14509
14519	14515
14443	14086
13337	12273
10977	9528
8143	7118
6559	6335
6328	6612
7477	9174
11477	13737
15448	16490
16990	17139
17047	16742
16251	15652
15056	14578
14282	14183
14234	14371
14536	14705
14877	15071
15345	15762
16344	17027
17677	18138
18302	18145
17740	17228
16741	16400
16244	16268
16440	16720
17040	17339
17566	17704
17773	17820
17886	17988
18094	18152
18123	18033
17943	17920
17961	17997
17989	17954
17910	17862
17799	17703
17558	17341
17049	16699
16322	15973
15707	15561
15522	15518
15472	15341
15191	15135
15246	15473
15662	15639
15368	14963
14626	14465
14388	14174
13802	13455
13293	13335
13555	13933
14450	15066
15703	16263
16660	16867
16900	16821
16715	16665
16707	16728
16382	15367
13968	12972
12943	13856
15181	16276
16870	17134
17307	17490
17661	17766
17803	17826
17878	17968
18081	18196
18279	18313
18271	18139
17932	17674
17403	17080
16961	15594
13064	12979
12949	12937
12956	12947
12921	12906
12773	12293
11395	10325
9574	9591
10320	11249
11935	12264
12338	12343
12395	12498
12586	12563
12339	11870
11174	10340
9482	8708
8075	7603
7307	7225
7388	7761
8195	8506
8681	8858
9141	9506
9892	10310
10938	11955
13242	14405
15170	15523
15632	15683
15800	15993
16207	16362
16414	16370
16283	16223
16232	16295
16326	16237
16056	15898
15828	15814
15824	15859
15945	16086
16246	16345
16286	15999
15486	14789
13910	12812
11548	10258
9084	8114
7447	7149
7192	7421
7672	7839
7912	7957
8050	8229
8490	8815
9185	9630
10208	10957
11780	12472
12875	12980
12929	12923
13066	13278
13418	13387
13247	13144
13077	12927
12706	12556
12487	12390
12193	11956
11714	11472
11286	11335
11872	13018
14446	15473
15557	14610
13031	11469
10395	9911
9886	10130
10618	11450
12647	14038
15342	16320
17012	17648
18346	19033
19616	20062
20369	20567
20741	21013
21458	22051
22676	23185
23466	23481
23222	22716
22064	21423
20925	20683
20812	21400
22349	23374
24139	24424
24263	23942
23788	23989
24511	25138
25706	26186
26599	26768
26017	23530
19256	14140
9543	6554
5355	5315
5719	6201
6747	7452
8174	8597
8647	8591
8743	9252
10034	10810
11253	11164
10614	9913
9424	9353
9672	10164
10615	10924
11104	11236
11387	11596
11875	12212
12570	12884
13097	13167
13094	12920
12703	12490
12289	12058
11748	11323
10798	10238
9724	9336
9114	9047
9054	9044
8952	8788
8629	8593
8763	9164
9713	10248
10634	10809
10819	10787
10828	10987
11245	11524
11746	11853
11821	11690
11524	11424
11468	11681
12000	12285
12455	12526
12624	12906
13406	14000
14501	14768
14817	14727
14382	13574
12326	10917
9534	8210
6994	6044
5507	5468
5917	6812
8147	9877
11766	13440
14654	15366
15667	15667
15443	15041
14554	14109
13833	13789
13970	14291
14651	14964
15220	15461
15720	16021
16404	16904
17506	18103
18553	18731
18580	18157
17606	17105
16789	16685
16708	16750
16794	16919
17139	17377
17562	17671
17726	17777
17855	17968
18085	18147
18116	18016
17920	17906
17963	18015
18011	17971
17918	17864
17795	17700
17553	17338
17048	16697
16323	15977
15710	15549
15470	15412
15325	15211
15148	15230
15472	15769
15941	15838
15473	15051
14796	14817
14950	14907
14582	14118
13673	13331
13142	13166
13447	13964
14653	15397
16082	16621
16985	17181
17238	17188
17121	17034
16672	15721
14370	13287
13044	13731
14943	16070
16773	17106
17277	17438
17606	17709
17736	17757
17830	17953
18099	18234
18331	18359
18305	18167
17962	17719
17471	17161
17066	15570
12777	12702
12679	12669
12682	12662
12640	12648
12566	12151
11321	10296
9563	9576
10311	11275
12010	12347
12380	12326
12341	12447
12579	12611
12439	12001
11314	10475
9606	8832
8217	7770
7470	7314
7344	7598
7988	8339
8602	8856
9152	9460
9746	10086
10695	11764
13147	14410
15242	15643
15776	15849
15980	16188
16412	16577
16635	16593
16504	16441
16447	16504
16529	16443
16272	16132
16082	16082
16100	16140
16221	16349
16491	16557
16458	16124
15563	14836
13946	12862
11631	10377
9226	8255
7558	7213
7195	7378
7610	7786
7879	7942
8034	8201
8457	8797
9197	9658
10226	10947
11745	12419
12825	12942
12908	12925
13081	13302
13443	13405
13258	13145
13071	12908
12671	12504
12434	12339
12150	11910
11669	11435
11282	11401
12039	13287
14747	15680
15571	14429
12739	11167
10152	9763
9814	10094
10589	11437
12676	14114
15434	16383
17013	17606
18300	19004
19607	20071
20394	20603
20783	21065
21525	22144
22811	23373
23719	23803
23603	23149
22537	21898
21351	20989
20954	21395
22264	23297
24119	24443
24276	23913
23711	23902
24451	25109
25682	26133
26521	26704
25981	23456
19059	13791
9119	6190
5162	5315
5870	6461
7105	7905
8664	9001
8894	8754
8972	9641
10549	11308
11600	11308
10615	9888
9463	9491
9916	10513
11043	11349
11456	11510
11657	11938
12328	12746
13110	13363
13477	13477
13399	13275
13113	12898
12617	12267
11833	11284
10649	9997
9429	9020
8812	8775
8826	8856
8793	8641
8467	8388
8522	8927
9522	10122
10552	10738
10730	10671
10687	10837
11102	11407
11655	11776
11746	11598
11418	11330
11411	11678
12040	12361
12543	12615
12703	12980
13479	14089
14612	14877
14854	14566
13910	12747
11212	9686
8412	7379
6505	5787
5392	5563
6399	7794
9481	11140
12541	13590
14283	14676
14822	14763
14534	14186
13830	13605
13620	13904
14395	14962
15482	15878
16153	16370
16597	16866
17220	17679
18202	18668
18940	18911
18572	18023
17454	17070
16977	17131
17329	17369
17267	17213
17304	17460
17581	17640
17661	17693
17771	17896
18028	18108
18095	18004
17909	17890
17940	17980
17964	17909
17846	17784
17715	17629
17495	17293
17019	16689
16335	16006
15730	15537
15428	15383
15352	15287
15215	15214
15323	15489
15585	15484
15203	14914
14810	14963
15212	15274
15056	14686
14304	13951
13656	13470
13449	13623
13995	14528
15161	15821
16440	16952
17291	17419
17401	17295
16939	16078
14824	13702
13245	13668
14717	15849
16651	17050
17202	17330
17497	17623
17673	17716
17809	17951
18110	18254
18349	18367
18303	18163
17966	17742
17517	17225
17146	15562
12592	12520
12490	12463
12447	12403
12369	12401
12375	12047
11313	10375
9702	9753
10511	11503
12260	12580
12551	12417
12372	12456
12595	12644
12486	12045
11343	10477
9585	8802
8221	7837
7583	7386
7293	7416
7744	8123
8470	8799
9113	9357
9539	9790
10372	11489
12973	14350
15276	15733
15895	15983
16126	16346
16584	16758
16821	16781
16691	16628
16632	16685
16715	16641
16492	16377
16346	16361
16384	16424
16500	16615
16735	16774
16635	16256
15654	14891
13983	12903
11689	10459
9322	8350
7633	7249
7187	7332
7543	7716
7817	7886
7978	8137
8395	8762
9202	9684
10247	10945
11719	12381
12782	12905
12892	12928
13096	13319
13454	13411
13258	13139
13057	12883
12631	12453
12381	12290
12109	11876
11635	11412
11290	11475
12207	13542
15025	15866
15574	14260
12476	10895
9934	9620
9733	10047
10554	11424
12697	14172
15504	16422
16999	17557
18248	18968
19589	20066
20402	20619
20806	21099
21571	22210
22907	23516
23919	24061
23921	23528
22963	22342
21754	21286
21106	21410
22202	23230
24097	24460
24298	23905
23669	23853
24419	25095
25649	26035
26357	26533
25857	23354
18908	13542
8790	5862
4935	5253
6006	6800
7622	8526
9277	9503
9256	9054
9319	10080
11025	11710
11842	11414
10687	10036
9732	9849
10307	10923
11456	11728
11765	11772
11931	12293
12780	13257
13599	13759
13763	13695
13631	13584
13503	13285
12915	12437
11881	11225
10494	9763
9145	8716
8517	8511
8603	8679
8655	8524
8333	8201
8279	8669
9295	9946
10411	10604
10584	10499
10499	10647
10929	11255
11525	11663
11645	11513
11352	11273
11359	11631
12015	12382
12638	12791
12947	13255
13735	14267
14661	14752
14488	13898
12966	11674
10182	8803
7770	7101
6662	6333
6212	6580
7613	9204
10967	12431
13387	13926
14229	14416
14530	14551
14468	14310
14165	14137
14315	14704
15247	15834
16353	16745
17004	17177
17314	17465
17676	17990
18370	18717
18898	18817
18466	17953
17468	17210
17274	17572
17852	17862
17636	17441
17421	17487
17534	17528
17505	17514
17592	17736
17899	18015
18039	17979
17896	17862
17877	17884
17846	17776
17702	17638
17577	17504
17388	17213
16972	16676
16362	16055
15782	15565
15444	15450
15509	15481
15320	15097
14935	14887
14918	14916
14846	14778
14826	15027
15251	15289
15131	14945
14839	14762
14640	14446
14213	14004
13903	13992
14302	14818
15466	16144
16737	17161
17394	17424
17135	16385
15267	14149
13509	13669
14530	15635
16519	16968
17096	17188
17358	17520
17611	17690
17802	17956
18119	18255
18341	18348
18277	18140
17957	17752
17546	17269
17203	15583
12533	12453
12411	12351
12293	12209
12155	12192
12214	11969
11352	10536
9972	10084
10868	11868
12619	12907
12815	12606
12492	12531
12646	12680
12502	12039
11301	10396
9469	8670
8113	7807
7630	7436
7256	7270
7534	7931
8346	8736
9053	9234
9320	9490
10051	11213
12786	14266
15285	15798
15984	16077
16232	16466
16715	16897
16961	16922
16838	16781
16789	16850
16886	16832
16711	16620
16606	16629
16658	16693
16757	16859
16959	16969
16798	16382
15744	14950
14020	12928
11714	10492
9361	8390
7664	7262
7176	7299
7496	7657
7758	7821
7906	8055
8316	8704
9182	9695
10271	10966
11727	12374
12764	12892
12893	12945
13116	13334
13454	13400
13247	13135
13058	12887
12624	12425
12329	12235
12064	11844
11611	11395
11301	11546
12361	13773
15267	16018
15576	14128
12280	10698
9772	9499
9650	9987
10516	11411
12722	14223
15555	16442
16973	17501
18190	18924
19565	20063
20412	20643
20835	21127
21604	22252
22971	23618
24070	24263
24177	23843
23330	22732
22117	21566
21267	21454
22164	23168
24056	24456
24316	23921
23670	23842
24407	25082
25607	25925
26166	26307
25650	23179
18729	13321
8516	5576
4715	5178
6147	7191
8217	9198
9897	10010
9676	9456
9754	10540
11441	12004
11993	11503
10832	10324
10163	10349
10795	11365
11850	12073
12062	12051
12238	12662
13217	13712
14006	14066
13966	13843
13807	13847
13833	13601
13129	12529
11874	11149
10352	9569
8897	8434
8220	8226
8357	8487
8519	8418
8218	8035
8049	8403
9048	9733
10225	10423
10389	10295
10288	10441
10732	11070
11351	11504
11514	11433
11324	11261
11319	11550
11921	12339
12713	13019
13314	13693
14135	14512
14631	14368
13712	12777
11685	10531
9390	8369
7624	7282
7271	7398
7634	8173
9187	10642
12189	13358
13972	14208
14324	14468
14666	14873
15033	15132
15204	15306
15495	15789
16171	16595
17002	17343
17592	17746
17815	17818
17822	17913
18116	18366
18558	18574
18374	18023
17671	17493
17578	17857
18093	18053
17772	17515
17424	17415
17391	17327
17264	17260
17345	17514
17717	17880
17952	17928
17860	17804
17778	17748
17688	17607
17528	17465
17412	17358
17270	17126
16921	16666
16391	16117
15858	15635
15502	15500
15558	15507
15278	14955
14681	14562
14583	14641
14673	14705
14815	15026
15228	15256
15140	15076
15155	15284
15324	15198
14913	14527
14155	13920
13907	14140
14580	15150
15805	16486
17058	17311
17126	16502
15561	14535
13819	13781
14457	15491
16412	16900
17016	17069
17225	17405
17542	17664
17804	17962
18113	18229
18297	18302
18239	18120
17953	17762
17564	17294
17236	15634
12602	12512
12448	12352
12245	12113
12018	12019
12038	11851
11364	10724
10321	10517
11299	12253
12957	13204
13078	12829
12674	12669
12747	12751
12548	12058
11297	10363
9396	8562
7998	7729
7619	7459
7265	7230
7461	7862
8317	8734
9033	9150
9158	9282
9841	11030
12656	14212
15300	15847
16029	16117
16289	16550
16813	16986
17031	16982
16921	16899
16953	17037
17086	17044
16944	16872
16866	16892
16920	16943
16990	17072
17146	17131
16926	16483
15819	14998
14042	12927
11694	10462
9332	8369
7659	7268
7191	7320
7516	7669
7751	7793
7857	7987
8233	8625
9126	9686
10312	11044
11814	12447
12816	12935
12941	12993
13152	13339
13427	13360
13218	13145
13121	12984
12715	12461
12291	12159
11998	11806
11586	11370
11295	11605
12517	13990
15469	16129
15575	14058
12200	10633
9702	9407
9539	9887
10462	11419
12781	14300
15612	16454
16940	17435
18117	18868
19544	20080
20462	20706
20894	21170
21629	22268
23000	23676
24166	24408
24378	24108
23655	23085
22453	21850
21470	21553
22164	23092
23955	24379
24291	23946
23715	23865
24387	25038
25557	25847
26026	26077
25335	22817
18364	12986
8223	5345
4574	5189
6364	7619
8776	9746
10339	10374
10054	9900
10237	10977
11757	12167
12052	11567
11015	10681
10663	10908
11325	11826
12252	12446
12440	12453
12666	13105
13644	14087
14301	14268
14101	13960
13957	14055
14071	13784
13194	12480
11764	11031
10243	9441
8713	8156
7852	7813
7969	8181
8312	8280
8091	7860
7805	8113
8750	9449
9952	10159
10132	10043
10046	10204
10487	10814
11092	11260
11324	11315
11276	11252
11297	11473
11801	12245
12727	13196
13649	14114
14526	14708
14471	13722
12579	11329
10255	9488
8910	8343
7864	7758
8080	8621
9208	9882
10769	11906
13071	13916
14325	14483
14614	14833
15154	15528
15889	16183
16397	16536
16638	16736
16873	17073
17327	17604
17857	18038
18088	17969
17749	17576
17565	17720
17967	18169
18225	18130
17952	17823
17826	17949
18042	17942
17678	17443
17328	17274
17201	17107
17030	17030
17131	17324
17553	17748
17854	17861
17799	17726
17658	17598
17529	17452
17379	17323
17284	17243
17173	17054
16876	16656
16412	16168
15943	15736
15584	15511
15458	15330
15103	14863
14705	14679
14728	14754
14720	14697
14775	14994
15233	15319
15255	15211
15279	15390
15441	15365
15156	14848
14513	14226
14060	14037
14162	14441
14941	15684
16433	16801
16645	16134
15449	14712
14162	14099
14621	15516
16386	16898
17033	17056
17142	17283
17439	17607
17784	17944
18065	18144
18187	18203
18183	18108
17968	17779
17572	17300
17245	15701
12772	12663
12572	12432
12278	12101
11947	11871
11814	11635
11275	10864
10681	10972
11700	12537
13139	13352
13239	13014
12862	12846
12898	12886
12680	12198
11447	10504
9503	8612
7980	7673
7572	7475
7353	7363
7594	7990
8441	8844
9097	9156
9114	9234
9811	11006
12627	14207
15337	15883
16026	16096
16290	16597
16883	17029
17022	16956
16932	17003
17145	17285
17344	17301
17205	17139
17132	17151
17166	17174
17199	17253
17297	17250
17019	16550
15868	15026
14036	12886
11618	10365
9237	8298
7623	7281
7251	7422
7637	7785
7841	7851
7875	7967
8177	8533
9033	9655
10385	11207
12014	12632
12969	13063
13054	13084
13202	13328
13363	13275
13166	13183
13270	13222
12958	12598
12281	12059
11906	11757
11556	11329
11265	11651
12682	14210
15638	16189
15552	14051
12268	10736
9757	9353
9395	9740
10400	11473
12911	14435
15695	16467
16892	17349
18018	18799
19532	20138
20574	20841
21014	21250
21660	22273
22997	23692
24221	24509
24537	24338
23951	23419
22789	22168
21745	21738
22208	22989
23752	24186
24200	23976
23800	23907
24336	24934
25483	25830
25992	25887
24896	22177
17677	12412
7859	5194
4609	5399
6735	8091
9223	10037
10458	10484
10326	10345
10724	11347
11921	12158
11988	11584
11197	11041
11153	11455
11863	12314
12698	12911
12977	13064
13298	13677
14092	14387
14475	14371
14186	14071
14101	14217
14197	13805
13072	12254
11531	10867
10177	9408
8603	7870
7361	7194
7358	7690
7979	8059
7904	7639
7521	7770
8364	9031
9520	9733
9741	9705
9748	9906
10159	10439
10695	10893
11023	11100
11148	11202
11289	11439
11706	12125
12663	13233
13788	14310
14692	14704
14108	12837
11189	9725
8869	8656
8712	8589
8320	8363
8909	9735
10586	11385
12186	13037
13837	14412
14739	14976
15250	15579
15948	16336
16714	17031
17249	17347
17339	17274
17222	17250
17379	17591
17845	18072
18148	17954
17535	17096
16845	16874
17152	17545
17902	18116
18168	18110
18021	17941
17845	17680
17471	17300
17199	17124
17038	16955
16908	16938
17061	17258
17480	17665
17771	17783
17724	17630
17540	17468
17412	17356
17305	17263
17234	17193
17123	17008
16842	16636
16412	16194
16005	15837
15688	15553
15397	15201
15001	14860
14828	14886
14947	14924
14823	14740
14790	14994
15243	15366
15336	15272
15269	15301
15316	15285
15195	15053
14878	14690
14512	14370
14278	14300
14553	15091
15647	15797
15481	15028
14695	14500
14443	14592
15016	15683
16410	16944
17178	17194
17154	17176
17315	17526
17745	17894
17961	17972
17985	18031
18088	18091
17990	17795
17559	17270
17209	15749
12957	12825
12711	12534
12344	12134
11924	11744
11573	11363
11119	10939
10981	11352
11990	12665
13148	13333
13269	13118
13019	13020
13072	13068
12887	12444
11723	10788
9760	8799
8073	7677
7549	7525
7538	7642
7890	8257
8667	9022
9224	9234
9174	9305
9883	11029
12577	14140
15310	15874
15992	16043
16265	16619
16926	17042
16981	16896
16926	17103
17354	17550
17613	17560
17460	17390
17380	17389
17387	17375
17375	17398
17407	17329
17071	16585
15887	15026
14014	12824
11519	10247
9125	8219
7593	7314
7354	7578
7823	7972
7999	7969
7949	7999
8151	8447
8926	9608
10469	11410
12270	12881
13179	13243
13210	13205
13256	13308
13278	13168
13107	13233
13468	13537
13289	12808
12308	11971
11815	11710
11526	11279
11225	11708
12869	14440
15775	16180
15471	14021
12364	10902
9860	9314
9234	9580
10353	11568
13086	14603
15787	16475
16842	17260
17916	18725
19531	20226
20730	21019
21174	21357
21708	22277
22987	23690
24247	24577
24663	24538
24221	23731
23114	22494
22051	21965
22281	22872
23500	23931
24070	24005
23909	23954
24243	24753
25340	25820
26038	25770
24429	21383
16771	11668
7456	5161
4870	5858
7282	8594
9537	10086
10331	10425
10536	10781
11171	11592
11888	11946
11777	11521
11342	11363
11592	11952
12370	12798
13177	13445
13626	13806
14043	14309
14528	14617
14559	14400
14239	14174
14240	14340
14243	13716
12834	11928
11220	10671
10122	9423
8537	7586
6818	6484
6635	7085
7534	7733
7617	7351
7202	7390
7887	8455
8882	9100
9174	9228
9341	9517
9735	9961
10186	10405
10600	10755
10892	11063
11253	11437
11663	12046
12585	13175
13731	14226
14529	14388
13500	11800
9765	8237
7724	8098
8720	8969
8874	9024
9703	10691
11697	12617
13429	14126
14672	15050
15348	15687
16092	16472
16776	17034
17271	17466
17583	17599
17521	17384
17257	17211
17271	17429
17669	17937
18060	17841
17290	16644
16180	16072
16340	16869
17479	17985
18273	18317
18166	17917
17653	17433
17272	17164
17081	17007
16934	16889
16897	16971
17114	17298
17484	17628
17703	17704
17642	17543
17446	17380
17344	17324
17301	17277
17250	17199
17112	16985
16813	16608
16391	16195
16033	15907
15793	15653
15469	15255
15056	14928
14891	14922
14951	14927
14854	14808
14864	15031
15215	15295
15252	15185
15164	15187
15227	15259
15271	15259
15216	15135
15017	14881
14749	14663
14695	14839
14871	14506
13849	13362
13353	13766
14334	14812
15190	15629
16220	16851
17298	17401
17260	17154
17256	17504
17742	17866
17856	17783
17754	17825
17952	18018
17941	17728
17459	17162
17109	15714
13026	12886
12765	12576
12382	12167
11931	11679
11421	11173
10999	10975
11168	11578
12130	12668
13051	13222
13216	13146
13116	13154
13229	13249
13101	12697
12006	11071
10012	8990
8187	7733
7608	7661
7784	7955
8190	8501
8850	9159
9332	9327
9260	9373
9889	10899
12315	13847
15096	15765
15942	16019
16262	16631
16942	17046
16978	16909
16986	17220
17514	17728
17789	17727
17627	17564
17552	17558
17550	17530
17510	17502
17481	17376
17100	16601
15893	15022
13993	12780
11455	10177
9069	8193
7610	7378
7466	7727
7989	8135
8142	8082
8030	8046
8154	8398
8844	9568
10529	11569
12477	13092
13373	13415
13360	13321
13319	13307
13223	13096
13069	13278
13620	13783
13559	13007
12373	11945
11774	11685
11504	11254
11222	11801
13070	14661
15882	16108
15272	13839
12300	10933
9889	9265
9124	9494
10372	11695
13259	14739
15848	16473
16804	17204
17851	18682
19543	20304
20863	21181
21330	21482
21789	22315
23003	23704
24274	24631
24765	24703
24446	23996
23400	22784
22319	22161
22348	22785
23300	23733
23981	24050
24008	23993
24129	24514
25101	25721
26083	25742
24093	20702
15935	10970
7139	5287
5355	6531
7953	9088
9758	10053
10203	10437
10817	11229
11537	11674
11652	11532
11407	11353
11421	11640
11977	12383
12813	13243
13639	13971
14241	14482
14699	14846
14883	14791
14611	14413
14275	14254
14347	14433
14268	13629
12631	11646
10937	10468
10028	9388
8457	7357
6397	5921
6036	6535
7064	7313
7234	7017
6908	7039
7379	7773
8093	8305
8457	8623
8823	9040
9240	9429
9624	9845
10073	10296
10535	10829
11138	11391
11644	12046
12596	13152
13608	13943
14069	13745
12667	10761
8602	7175
7014	7842
8875	9401
9470	9723
10496	11577
12684	13700
14556	15178
15556	15788
16016	16346
16740	17060
17247	17356
17437	17499
17519	17480
17384	17259
17148	17103
17138	17259
17474	17755
17912	17710
17123	16396
15831	15638
15883	16471
17220	17901
18340	18452
18273	17923
17553	17287
17148	17066
16991	16915
16860	16852
16904	17010
17165	17335
17490	17597
17644	17630
17565	17471
17381	17329
17320	17328
17332	17322
17290	17223
17117	16972
16790	16582
16370	16183
16041	15942
15857	15742
15575	15370
15166	14998
14898	14850
14837	14824
14819	14843
14923	15042
15137	15139
15057	14991
14998	15070
15171	15277
15369	15441
15485	15490
15456	15390
15314	15224
15104	14863
14332	13422
12395	11774
11885	12625
13562	14233
14571	14885
15473	16325
17106	17428
17327	17201
17316	17590
17837	17917
17832	17686
17609	17668
17802	17862
17756	17506
17224	16947
16950	15599
12947	12814
12701	12530
12357	12164
11941	11675
11386	11123
10970	11002
11243	11650
12133	12587
12917	13083
13121	13118
13151	13243
13356	13405
13285	12900
12217	11271
10178	9110
8275	7822
7737	7863
8045	8218
8393	8618
8903	9184
9369	9394
9337	9397
9770	10574
11806	13296
14663	15525
15871	16042
16296	16641
16934	17063
17048	17035
17133	17351
17603	17783
17835	17784
17700	17651
17646	17659
17656	17633
17606	17584
17539	17415
17128	16620
15902	15027
13995	12781
11456	10191
9102	8249
7688	7476
7577	7842
8099	8233
8228	8154
8093	8095
8182	8391
8815	9551
10562	11658
12602	13228
13510	13545
13481	13419
13386	13333
13219	13082
13064	13296
13676	13888
13697	13135
12464	11997
11800	11693
11497	11253
11273	11943
13293	14875
15964	15978
14950	13463
12005	10758
9790	9204
9093	9524
10477	11848
13397	14821
15866	16460
16795	17203
17851	18687
19564	20353
20946	21291
21463	21614
21908	22413
23077	23762
24326	24692
24858	24839
24633	24219
23635	23012
22520	22303
22401	22748
23209	23653
23969	24109
24089	24015
24019	24250
24777	25515
26067	25769
23933	20259
15325	10464
6986	5586
6015	7339
8673	9556
9944	10073
10246	10663
11241	11693
11811	11603
11241	10964
10911	11096
11445	11876
12325	12763
13195	13631
14052	14421
14726	14975
15149	15201
15114	14910
14657	14430
14294	14298
14408	14495
14296	13590
12500	11442
10698	10244
9860	9276
8362	7222
6182	5618
5666	6124
6627	6868
6826	6719
6706	6798
6948	7128
7326	7536
7761	8011
8270	8506
8703	8873
9034	9221
9451	9743
10106	10522
10921	11252
11587	12068
12661	13164
13450	13532
13388	12879
11742	9905
7917	6739
6853	7947
9199	9906
10112	10458
11291	12429
13602	14683
15560	16124
16378	16474
16571	16753
16986	17163
17241	17268
17280	17288
17273	17233
17165	17093
17038	17025
17059	17156
17339	17601
17763	17596
17063	16391
15861	15682
15915	16497
17251	17956
18420	18543
18343	17952
17543	17252
17096	17006
16921	16837
16788	16792
16855	16976
17135	17303
17446	17541
17577	17560
17501	17420
17347	17314
17322	17351
17367	17359
17317	17238
17117	16964
16776	16569
16362	16180
16047	15953
15873	15772
15624	15434
15230	15042
14894	14796
14746	14738
14767	14826
14913	14996
15028	14967
14855	14788
14824	14944
15103	15270
15423	15561
15675	15759
15804	15821
15811	15752
15567	15111
14256	13031
11767	10968
10949	11601
12467	13037
13250	13498
14159	15246
16350	16947
17016	17014
17229	17577
17847	17927
17832	17688
17609	17650
17733	17706
17503	17193
16909	16692
16786	15460
12768	12655
12558	12419
12280	12128
11943	11705
11425	11169
11013	11038
11261	11633
12064	12464
12760	12926
12999	13049
13146	13295
13458	13543
13444	13067
12378	11411
10287	9192
8348	7913
7878	8051
8251	8388
8482	8615
8834	9114
9352	9453
9435	9442
9649	10213
11225	12627
14084	15167
15753	16073
16355	16651
16912	17080
17162	17229
17329	17474
17632	17753
17807	17785
17733	17702
17711	17732
17736	17719
17691	17660
17609	17476
17174	16656
15930	15049
14015	12814
11511	10264
9197	8360
7813	7603
7692	7941
8179	8298
8282	8203
8143	8146
8229	8431
8846	9587
10620	11739
12702	13340
13628	13664
13593	13517
13464	13387
13256	13106
13077	13292
13654	13868
13716	13198
12556	12087
11859	11705
11481	11257
11355	12120
13532	15087
16027	15796
14533	12950
11559	10457
9630	9156
9140	9655
10666	12039
13535	14876
15858	16442
16808	17245
17897	18722
19587	20377
20990	21371
21582	21765
22067	22564
23207	23865
24411	24775
24952	24969
24804	24426
23853	23219
22690	22417
22455	22751
23192	23649
24003	24170
24154	24031
23930	24005
24445	25260
25997	25790
23854	19980
14933	10184
7045	6055
6785	8186
9366	9979
10131	10181
10461	11064
11764	12155
12007	11422
10736	10327
10374	10809
11444	12087
12644	13109
13542	13982
14421	14801
15097	15310
15427	15405
15243	14978
14683	14432
14295	14302
14430	14524
14311	13552
12381	11230
10421	9957
9620	9128
8306	7216
6158	5520
5464	5826
6274	6521
6560	6588
6674	6722
6696	6701
6815	7043
7324	7597
7823	7998
8136	8257
8372	8508
8731	9114
9627	10162
10617	10995
11408	11975
12596	13034
13146	12977
12595	11970
10923	9381
7791	6954
7275	8463
9776	10550
10821	11190
12010	13146
14349	15462
16336	16841
16999	16977
16928	16919
16945	16972
16981	16986
16995	17003
17004	16996
16986	16985
16996	17024
17068	17143
17280	17484
17617	17483
17060	16536
16141	16041
16285	16822
17496	18118
18514	18594
18380	17993
17588	17280
17092	16965
16857	16760
16699	16697
16760	16881
17040	17209
17360	17459
17499	17490
17444	17386
17339	17327
17347	17378
17395	17380
17329	17238
17113	16955
16769	16570
16371	16198
16062	15957
15866	15759
15620	15445
15252	15066
14907	14789
14719	14696
14717	14774
14849	14910
14916	14834
14718	14658
14710	14856
15050	15254
15450	15637
15808	15951
16060	16138
16179	16171
16017	15582
14744	13533
12242	11329
11073	11394
11877	12086
12007	12076
12682	13828
15053	15800
16025	16199
16593	17078
17448	17619
17640	17621
17646	17723
17757	17616
17281	16881
16595	16447
16649	15335
12567	12470
12393	12280
12182	12074
11938	11744
11498	11251
11086	11086
11268	11593
11973	12329
12592	12755
12852	12953
13110	13323
13535	13659
13584	13212
12515	11533
10390	9277
8417	7981
7956	8148
8354	8461
8484	8532
8696	8984
9303	9517
9578	9573
9658	10011
10794	12037
13487	14728
15557	16058
16388	16648
16875	17082
17263	17402
17498	17560
17621	17702
17775	17803
17785	17772
17790	17817
17829	17815
17789	17761
17709	17569
17257	16722
15982	15090
14058	12870
11588	10366
9318	8499
7962	7751
7828	8048
8261	8357
8333	8252
8193	8206
8300	8512
8941	9697
10742	11871
12839	13482
13769	13803
13722	13631
13556	13461
13315	13146
13088	13253
13571	13772
13655	13206
12624	12173
11912	11698
11437	11244
11435	12312
13783	15291
16061	15570
14075	12401
11091	10148
9484	9149
9255	9862
10926	12281
13695	14930
15840	16418
16828	17302
17959	18763
19607	20388
21016	21441
21703	21933
22257	22749
23371	24000
24522	24872
25057	25105
24985	24641
24085	23438
22873	22545
22522	22770
23198	23662
24036	24218
24202	24047
23865	23820
24177	25030
25889	25753
23774	19817
14777	10212
7396	6719
7609	8965
9944	10321
10326	10385
10793	11542
12281	12542
12109	11184
10233	9744
9905	10573
11445	12265
12913	13421
13867	14315
14749	15111
15373	15538
15594	15516
15301	14994
14671	14407
14265	14286
14426	14530
14303	13491
12220	10953
10049	9571
9321	8992
8354	7387
6343	5619
5435	5697
6131	6457
6628	6770
6891	6863
6706	6615
6724	6997
7308	7522
7604	7601
7588	7597
7633	7713
7937	8416
9079	9713
10196	10583
11029	11621
12236	12612
12609	12295
11811	11211
10394	9288
8206	7747
8227	9407
10653	11372
11592	11861
12552	13595
14783	15906
16766	17230
17322	17214
17064	16920
16811	16745
16725	16737
16764	16792
16819	16854
16903	16971
17047	17113
17161	17204
17277	17389
17458	17351
17058	16720
16502	16514
16784	17256
17815	18303
18589	18609
18384	18021
17640	17325
17096	16926
16787	16674
16600	16586
16641	16761
16920	17092
17249	17359
17412	17416
17392	17360
17344	17353
17380	17407
17416	17393
17333	17235
17103	16946
16766	16578
16390	16227
16089	15970
15857	15740
15602	15444
15269	15101
14951	14827
14738	14696
14692	14725
14775	14818
14816	14752
14666	14634
14703	14854
15056	15271
15490	15700
15896	16068
16216	16328
16409	16448
16397	16149
15575	14631
13527	12641
12219	12200
12240	11988
11505	11246
11606	12577
13694	14391
14635	14886
15394	15993
16475	16800
17025	17227
17436	17610
17629	17385
16916	16422
16119	16036
16342	15108
12392	12307
12243	12157
12090	12027
11938	11791
11580	11347
11174	11143
11285	11556
11884	12191
12426	12578
12695	12834
13045	13310
13577	13742
13694	13338
12639	11647
10494	9365
8483	8010
7948	8127
8340	8440
8421	8409
8528	8834
9239	9581
9759	9809
9853	10074
10649	11665
12968	14250
15265	15950
16359	16606
16810	17051
17307	17501
17578	17575
17575	17654
17781	17868
17882	17881
17905	17937
17950	17939
17917	17893
17846	17694
17365	16809
16048	15146
14109	12930
11673	10472
9442	8640
8117	7910
7972	8167
8350	8421
8378	8296
8247	8275
8398	8643
9109	9894
10958	12089
13053	13684
13963	13984
13886	13772
13673	13555
13381	13184
13078	13185
13441	13626
13544	13169
12659	12234
11940	11660
11358	11200
11502	12491
14014	15458
16042	15311
13624	11902
10691	9911
9403	9203
9426	10129
11239	12567
13883	14998
15822	16387
16838	17354
18014	18794
19613	20387
21034	21503
21828	22111
22464	22951
23545	24142
24634	24972
25163	25241
25166	24864
24333	23685
23083	22693
22600	22793
23192	23657
24044	24245
24237	24070
23842	23729
24025	24862
25748	25640
23693	19829
14990	10716
8181	7638
8462	9596
10318	10525
10507	10660
11199	12013
12695	12771
12085	10921
9829	9336
9613	10445
11471	12398
13113	13671
14156	14607
15011	15333
15550	15673
15688	15570
15322	14987
14642	14370
14234	14266
14425	14542
14308	13453
12085	10669
9628	9108
8965	8882
8532	7783
6812	6019
5702	5883
6354	6824
7158	7357
7401	7245
6999	6894
7054	7388
7697	7796
7660	7403
7158	6993
6915	6930
7144	7675
8423	9115
9603	9987
10430	10998
11571	11910
11893	11607
11200	10770
10269	9635
9070	8981
9583	10691
11776	12333
12381	12429
12866	13732
14852	15969
16828	17268
17321	17178
16991	16814
16678	16604
16602	16636
16679	16716
16760	16823
16922	17047
17171	17265
17306	17307
17295	17293
17274	17184
17027	16887
16850	16975
17266	17673
18107	18454
18622	18576
18344	18013
17665	17349
17089	16879
16710	16579
16490	16467
16518	16634
16792	16969
17129	17249
17316	17338
17335	17339
17356	17386
17415	17433
17428	17396
17329	17224
17088	16933
16763	16585
16414	16262
16127	15997
15868	15743
15611	15470
15319	15170
15031	14905
14806	14738
14706	14704
14719	14738
14743	14722
14696	14711
14794	14937
15120	15325
15533	15738
15931	16106
16257	16381
16478	16555
16600	16557
16299	15720
14934	14229
13805	13592
13317	12698
11858	11266
11322	12031
12941	13485
13615	13748
14135	14656
15149	15568
15957	16349
16722	16980
16980	16640
16054	15468
15150	15132
15515	14552
12270	12189
12132	12064
12023	11999
11956	11847
11666	11447
11268	11211
11310	11531
11806	12068
12272	12417
12539	12700
12941	13249
13562	13769
13751	13418
12732	11747
10597	9465
8554	8018
7880	8028
8256	8372
8348	8295
8382	8696
9173	9631
9944	10102
10201	10393
10819	11560
12591	13773
14890	15732
16234	16504
16707	16969
17268	17481
17542	17503
17494	17618
17830	17979
18020	18022
18047	18082
18100	18089
18069	18052
18001	17840
17490	16911
16127	15207
14163	12989
11745	10563
9548	8765
8255	8056
8110	8286
8438	8480
8422	8335
8297	8352
8515	8818
9341	10169
11248	12381
13331	13945
14203	14205
14083	13940
13808	13658
13454	13218
13061	13097
13294	13456
13406	13101
12662	12267
11942	11599
11259	11145
11558	12662
14214	15562
15960	15023
13217	11509
10414	9775
9396	9311
9641	10437
11593	12889
14096	15077
15798	16338
16828	17383
18052	18808
19599	20363
21031	21554
21945	22284
22665	23150
23713	24271
24733	25056
25257	25362
25333	25077
24584	23945
23319	22865
22686	22804
23155	23607
24008	24234
24249	24093
23860	23728
23980	24752
25576	25474
23674	20128
15715	11838
9501	8866
9351	10064
10471	10575
10653	10982
11631	12413
12924	12776
11908	10656
9582	9178
9559	10467
11527	12468
13216	13835
14382	14845
15204	15464
15643	15746
15748	15617
15360	15012
14657	14383
14258	14302
14477	14611
14401	13552
12128	10553
9306	8661
8591	8780
8809	8385
7577	6769
6339	6434
6937	7548
8015	8210
8113	7808
7497	7407
7617	7984
8262	8249
7917	7423
6947	6595
6383	6314
6476	6979
7707	8400
8909	9326
9782	10325
10857	11204
11285	11170
10972	10781
10584	10350
10217	10438
11133	12135
13012	13340
13153	12894
13002	13635
14663	15770
16638	17071
17112	16960
16792	16666
16592	16580
16621	16680
16733	16771
16812	16889
17014	17175
17334	17436
17457	17399
17288	17164
17058	16990
16968	17011
17142	17367
17672	18013
18323	18534
18597	18496
18265	17970
17659	17355
17075	16834
16640	16490
16388	16355
16394	16510
16669	16848
17017	17148
17228	17267
17290	17326
17374	17419
17449	17455
17440	17395
17317	17204
17065	16914
16756	16591
16435	16296
16170	16039
15906	15779
15662	15542
15414	15284
15156	15031
14920	14830
14765	14720
14693	14685
14697	14728
14778	14846
14939	15061
15210	15383
15565	15742
15908	16060
16200	16316
16412	16497
16591	16665
16628	16363
15924	15493
15196	14962
14551	13754
12722	11933
11791	12320
13090	13533
13525	13404
13459	13695
14024	14393
14793	15224
15626	15861
15781	15318
14597	13914
13555	13586
13998	13553
12212	12133
12079	12018
11994	11997
11983	11906
11746	11541
11359	11281
11340	11513
11742	11965
12140	12266
12383	12545
12797	13125
13467	13709
13727	13426
12772	11822
10701	9584
8648	8040
7820	7925
8167	8320
8312	8246
8306	8611
9117	9660
10091	10387
10614	10869
11212	11679
12364	13336
14452	15400
16005	16332
16565	16844
17150	17357
17398	17356
17383	17587
17891	18107
18161	18163
18188	18227
18247	18239
18225	18206
18151	17977
17608	17003
16201	15257
14199	13019
11779	10610
9620	8857
8365	8171
8221	8382
8512	8530
8456	8371
8352	8437
8647	9014
9607	10487
11591	12720
13655	14248
14479	14453
14303	14127
13957	13766
13524	13249
13043	13020
13158	13293
13266	13022
12647	12277
11927	11527
11164	11099
11624	12823
14377	15598
15801	14720
12881	11241
10264	9743
9455	9450
9870	10756
11965	13230
14329	15163
15772	16282
16803	17394
18068	18801
19562	20315
21008	21586
22043	22443
22858	23340
23873	24386
24811	25116
25321	25449
25462	25263
24823	24213
23572	23054
22777	22799
23079	23501
23910	24170
24226	24110
23910	23791
24002	24659
25365	25294
23780	20773
16988	13569
11330	10382
10287	10417
10462	10520
10784	11328
12055	12698
12938	12545
11580	10407
9510	9275
9737	10626
11611	12489
13235	13919
14539	15019
15334	15544
15704	15811
15833	15723
15478	15144
14797	14530
14410	14461
14635	14793
14643	13900
12522	10812
9276	8380
8265	8675
9103	9082
8532	7777
7251	7221
7662	8305
8826	9005
8817	8421
8061	7947
8122	8445
8676	8620
8234	7650
7047	6557
6221	6046
6108	6490
7117	7777
8349	8878
9426	9998
10532	10942
11188	11297
11324	11320
11302	11309
11450	11882
12629	13515
14181	14291
13866	13301
13075	13473
14417	15530
16416	16847
16879	16732
16600	16545
16569	16644
16735	16815
16865	16886
16913	16983
17121	17303
17477	17573
17556	17426
17217	16987
16820	16778
16877	17086
17358	17662
17972	18245
18445	18540
18514	18374
18154	17901
17633	17349
17061	16800
16588	16422
16303	16256
16288	16393
16555	16741
16920	17063
17159	17217
17265	17324
17401	17461
17487	17481
17450	17391
17302	17182
17044	16898
16750	16601
16462	16337
16224	16101
15973	15858
15756	15659
15556	15446
15330	15206
15079	14965
14865	14778
14706	14662
14673	14746
14856	14968
15063	15160
15275	15407
15549	15689
15825	15955
16075	16183
16273	16354
16441	16533
16575	16511
16352	16183
16046	15871
15459	14640
13587	12770
12586	13090
13877	14364
14333	14026
13749	13649
13722	13894
14124	14397
14642	14712
14452	13793
12886	12045
11570	11579
11925	12192
12238	12147
12089	12023
12002	12016
12018	11959
11818	11624
11444	11352
11376	11511
11702	11890
12035	12135
12228	12378
12618	12946
13297	13558
13610	13354
12756	11870
10801	9720
8778	8116
7821	7888
8139	8330
8345	8284
8322	8597
9092	9659
10168	10593
10976	11358
11693	11943
12287	12991
14007	14984
15670	16086
16383	16688
16988	17166
17189	17165
17251	17547
17936	18199
18269	18269
18293	18335
18358	18354
18342	18322
18258	18073
17689	17067
16240	15274
14198	13006
11765	10610
9644	8906
8430	8245
8293	8445
8563	8570
8490	8406
8405	8525
8783	9212
9870	10797
11922	13052
13973	14543
14751	14697
14518	14307
14095	13865
13585	13277
13036	12968
13059	13168
13148	12951
12629	12278
11904	11465
11092	11087
11719	12991
14507	15573
15584	14409
12612	11095
10234	9788
9544	9586
10080	11056
12326	13575
14568	15259
15754	16224
16772	17395
18067	18769
19501	20246
20960	21592
22122	22586
23037	23520
24021	24491
24873	25153
25353	25499
25549	25412
25042	24479
23839	23260
22878	22779
22965	23338
23749	24052
24170	24116
23970	23878
24039	24552
25122	25126
24028	21716
18661	15701
13451	12037
11229	10708
10399	10454
10942	11700
12438	12852
12749	12111
11138	10178
9584	9572
10089	10887
11721	12495
13222	13959
14643	15140
15425	15609
15776	15921
15991	15930
15726	15423
15098	14842
14720	14757
14919	15093
15054	14525
13326	11546
9676	8401
8092	8594
9348	9720
9467	8818
8197	7959
8183	8670
9137	9348
9239	8909
8546	8339
8363	8545
8729	8740
8500	8046
7495	6967
6543	6265
6206	6441
6939	7578
8268	8990
9717	10391
10978	11476
11875	12159
12306	12330
12301	12347
12601	13135
13893	14671
15157	15096
14495	13684
13176	13384
14282	15428
16342	16780
16796	16642
16525	16523
16618	16756
16888	16976
17011	17003
17000	17057
17193	17385
17562	17638
17567	17359
17063	16764
16569	16568
16774	17113
17497	17864
18168	18379
18485	18486
18391	18231
18036	17828
17605	17345
17058	16787
16563	16381
16249	16186
16202	16301
16462	16655
16848	17010
17122	17198
17263	17348
17444	17514
17536	17513
17462	17385
17284	17159
17025	16887
16752	16617
16494	16386
16287	16180
16074	15976
15895	15820
15741	15655
15550	15424
15285	15142
15007	14873
14754	14677
14674	14757
14896	15024
15114	15189
15273	15373
15480	15591
15707	15824
15940	16046
16137	16210
16271	16315
16350	16377
16401	16414
16402	16291
15920	15157
14172	13408
13271	13842
14754	15413
15527	15239
14839	14541
14397	14336
14308	14312
14289	14097
13579	12664
11493	10385
9662	9510
9646	10686
12348	12236
12166	12077
12044	12048
12055	12004
11876	11694
11520	11417
11422	11527
11685	11843
11956	12024
12088	12206
12414	12717
13054	13323
13408	13209
12690	11884
10897	9871
8951	8260
7910	7936
8183	8391
8436	8392
8426	8671
9118	9650
10175	10682
11208	11740
12136	12280
12368	12795
13623	14532
15261	15779
16180	16538
16825	16971
16981	16982
17130	17490
17928	18218
18295	18296
18326	18374
18403	18405
18393	18371
18300	18105
17708	17072
16224	15238
14141	12940
11698	10559
9617	8905
8449	8275
8328	8476
8587	8588
8508	8439
8464	8614
8910	9384
10086	11044
12185	13316
14233	14792
14984	14908
14700	14459
14215	13950
13644	13312
13046	12950
13009	13091
13075	12906
12623	12290
11899	11433
11062	11119
11844	13165
14614	15499
15323	14093
12398	11034
10278	9869
9624	9682
10236	11299
12644	13896
14802	15363
15749	16181
16748	17389
18051	18718
19418	20152
20892	21578
22182	22709
23203	23683
24157	24581
24922	25174
25364	25515
25594	25517
25229	24733
24107	23474
22984	22752
22818	23126
23531	23882
24078	24102
24022	23949
24048	24406
24862	24995
24372	22774
20423	17839
15486	13558
12063	10969
10396	10500
11201	12109
12778	12887
12405	11544
10636	9977
9750	9973
10520	11191
11865	12529
13235	14000
14717	15218
15493	15680
15885	16095
16240	16251
16106	15845
15548	15291
15154	15154
15282	15462
15561	15324
14416	12660
10495	8801
8188	8622
9530	10177
10173	9625
8902	8386
8235	8381
8681	8999
9187	9135
8865	8540
8322	8298
8432	8616
8703	8590
8266	7821
7369	7028
6900	7046
7471	8130
8961	9900
10832	11637
12291	12845
13310	13623
13706	13564
13343	13279
13534	14113
14865	15550
15898	15723
15016	14035
13318	13397
14292	15499
16465	16919
16923	16747
16618	16618
16727	16888
17033	17121
17131	17087
17048	17084
17218	17412
17582	17630
17504	17225
16861	16525
16341	16400
16692	17122
17582	17983
18274	18433
18469	18400
18266	18101
17936	17777
17596	17354
17068	16790
16554	16364
16220	16142
16149	16243
16402	16602
16806	16981
17111	17201
17287	17391
17503	17579
17593	17553
17479	17385
17272	17144
17016	16884
16757	16637
16533	16440
16358	16276
16198	16129
16075	16025
15971	15901
15808	15682
15528	15359
15185	15009
14847	14732
14699	14763
14888	15005
15079	15138
15201	15278
15368	15471
15583	15704
15828	15944
16047	16126
16164	16163
16168	16233
16357	16477
16531	16467
16141	15442
14511	13771
13634	14229
15240	16097
16462	16396
16131	15868
15660	15463
15245	15030
14775	14349
13588	12403
10917	9444
8319	7828
7602	9313
12533	12394
12298	12175
12109	12091
12087	12042
11926	11755
11587	11481
11473	11560
11697	11829
11912	11945
11963	12033
12194	12451
12763	13029
13146	13010
12578	11869
10974	10023
9145	8453
8067	8044
8258	8465
8535	8529
8589	8819
9211	9675
10154	10681
11299	11967
12480	12639
12604	12786
13351	14093
14807	15430
15964	16404
16699	16821
16824	16852
17038	17416
17848	18129
18214	18231
18275	18333
18372	18380
18373	18346
18268	18065
17656	17003
16136	15133
14026	12819
11585	10463
9549	8865
8433	8275
8333	8482
8588	8589
8515	8465
8514	8694
9017	9508
10220	11182
12323	13458
14384	14950
15139	15052
14830	14569
14305	14023
13698	13352
13071	12961
13004	13077
13055	12903
12648	12330
11930	11452
11090	11209
12008	13351
14707	15396
15036	13777
12215	11013
10344	9935
9657	9708
10305	11466
12898	14171
15018	15468
15761	16158
16736	17390
18025	18655
19321	20045
20805	21543
22217	22811
23339	23826
24270	24653
24955	25181
25359	25508
25608	25588
25385	24965
24366	23689
23088	22714
22654	22881
23275	23672
23953	24070
24056	23993
24016	24235
24607	24892
24706	23714
21892	19533
17011	14639
12637	11194
10523	10747
11624	12591
13088	12837
11974	10934
10137	9806
9941	10376
10926	11481
12027	12624
13319	14081
14774	15256
15535	15756
16022	16309
16540	16635
16561	16348
16070	15804
15627	15574
15649	15821
16036	16089
15509	13880
11551	9534
8613	8854
9722	10451
10570	10075
9255	8450
7861	7554
7607	8058
8681	9075
9024	8639
8189	7934
8021	8418
8925	9267
9286	9011
8612	8294
8203	8383
8830	9532
10456	11533
12597	13481
14140	14656
15041	15195
15023	14564
14055	13846
14114	14772
15565	16197
16444	16189
15409	14300
13422	13415
14342	15633
16673	17165
17174	16982
16829	16792
16869	17009
17150	17227
17212	17130
17060	17076
17204	17403
17569	17590
17415	17070
16657	16317
16175	16295
16652	17136
17630	18043
18317	18435
18418	18309
18155	18003
17874	17763
17619	17398
17103	16811
16567	16368
16214	16127
16128	16216
16376	16580
16792	16978
17118	17225
17327	17446
17571	17647
17647	17588
17497	17387
17267	17139
17011	16883
16764	16656
16567	16493
16431	16383
16342	16311
16288	16264
16230	16175
16091	15963
15796	15604
15397	15182
14982	14830
14756	14778
14860	14943
15000	15042
15093	15161
15248	15354
15480	15614
15753	15889
16013	16105
16136	16105
16089	16172
16348	16524
16623	16598
16325	15672
14751	13957
13715	14229
15253	16249
16861	17084
17077	16995
16877	16698
16449	16168
15827	15302
14411	13043
11280	9418
7817	6869
6176	8329
12756	12588
12460	12291
12180	12131
12114	12070
11966	11809
11644	11539
11528	11605
11727	11840
11898	11892
11859	11866
11962	12168
12444	12708
12855	12783
12440	11829
11034	10168
9343	8664
8245	8159
8310	8486
8578	8635
8762	9022
9381	9762
10156	10642
11290	12063
12721	13003
12970	12964
13213	13705
14344	15055
15745	16294
16625	16744
16750	16796
16990	17330
17697	17938
18030	18075
18140	18218
18270	18291
18287	18262
18179	17965
17541	16871
15987	14969
13856	12651
11430	10330
9446	8789
8386	8247
8319	8468
8569	8569
8508	8482
8561	8764
9092	9569
10252	11190
12319	13466
14410	14995
15196	15120
14896	14631
14365	14076
13746	13392
13109	13004
13049	13118
13092	12947
12715	12416
12017	11532
11187	11356
12211	13553
14800	15287
14750	13474
12048	10995
10390	9956
9624	9647
10286	11539
13074	14390
15204	15568
15785	16150
16738	17390
17998	18583
19213	19924
20702	21489
22226	22879
23442	23932
24353	24695
24966	25172
25337	25482
25590	25622
25507	25168
24601	23884
23180	22669
22480	22621
22994	23436
23807	24022
24074	24017
23966	24071
24390	24796
24922	24312
22763	20436
17716	15049
12828	11342
10804	11230
12242	13156
13390	12751
11534	10358
9698	9673
10110	10695
11227	11695
12183	12781
13487	14206
14819	15246
15534	15810
16145	16517
16832	17012
17007	16841
16573	16283
16056	15935
15937	16072
16340	16579
16255	14825
12547	10442
9336	9356
10030	10644
10736	10248
9372	8357
7401	6663
6433	6946
7956	8824
9109	8805
8228	7788
7810	8388
9279	10059
10422	10357
10087	9910
9990	10328
10865	11578
12466	13500
14531	15346
15891	16231
16374	16206
15648	14806
14037	13778
14198	15089
16051	16714
16883	16535
15665	14419
13381	13291
14250	15635
16767	17324
17373	17199
17039	16968
16999	17106
17238	17303
17265	17151
17049	17051
17184	17392
17562	17568
17354	16956
16511	16181
16093	16269
16665	17168
17667	18070
18324	18409
18362	18229
18077	17945
17857	17792
17686	17468
17161	16850
16593	16386
16222	16128
16123	16210
16371	16575
16788	16983
17137	17259
17375	17502
17625	17696
17686	17613
17508	17392
17267	17139
17009	16884
16770	16670
16595	16537
16503	16487
16491	16501
16510	16509
16491	16447
16369	16239
16066	15855
15621	15379
15146	14958
14845	14819
14853	14902
14934	14964
15006	15070
15158	15273
15407	15554
15709	15862
16008	16111
16142	16092
16054	16133
16335	16542
16684	16716
16513	15913
14989	14092
13687	14051
15020	16093
16879	17300
17471	17538
17558	17496
17345	17144
16879	16429
15596	14220
12338	10207
8199	6804
5666	7945
12982	12785
12627	12412
12255	12173
12137	12097
12000	11853
11691	11588
11575	11650
11766	11871
11906	11863
11775	11714
11743	11895
12136	12393
12563	12548
12287	11776
11076	10292
9521	8855
8402	8240
8304	8434
8544	8681
8911	9238
9598	9916
10209	10617
11248	12080
12883	13358
13422	13282
13208	13396
13911	14686
15530	16205
16594	16730
16752	16809
16980	17240
17501	17680
17773	17854
17951	18049
18115	18149
18153	18134
18045	17820
17381	16694
15795	14767
13652	12458
11258	10185
9327	8702
8326	8210
8293	8443
8543	8545
8497	8493
8598	8819
9143	9578
10196	11086
12205	13364
14335	14948
15174	15118
14912	14659
14397	14112
13783	13435
13160	13068
13130	13201
13169	13033
12819	12539
12146	11661
11331	11542
12441	13767
14897	15193
14492	13197
11886	10960
10388	9918
9526	9522
10194	11536
13168	14543
15346	15655
15809	16153
16749	17399
17975	18514
19109	19809
20603	21427
22214	22918
23512	24003
24402	24713
24957	25148
25304	25435
25550	25626
25590	25329
24794	24049
23254	22619
22307	22362
22713	23196
23652	23965
24082	24025
23918	23937
24221	24688
24959	24468
22922	20452
17533	14758
12617	11395
11200	11899
12999	13770
13679	12650
11143	9881
9355	9579
10231	10900
11401	11824
12324	12979
13713	14363
14844	15185
15481	15821
16232	16679
17073	17327
17380	17250
16987	16668
16378	16178
16101	16167
16393	16653
16448	15242
13240	11331
10248	10109
10517	10885
10839	10322
9454	8383
7233	6199
5695	6117
7295	8530
9209	9157
8614	8075
8030	8692
9833	10919
11550	11685
11600	11656
12010	12573
13206	13843
14528	15316
16103	16686
16975	17020
16801	16214
15226	14041
13119	12976
13738	15061
16368	17166
17286	16810
15792	14365
13137	12942
13910	15376
16606	17254
17380	17271
17148	17079
17086	17179
17300	17361
17310	17175
17053	17048
17190	17416
17597	17598
17357	16925
16455	16144
16102	16319
16726	17219
17698	18082
18312	18376
18308	18174
18033	17933
17884	17859
17777	17562
17239	16906
16633	16415
16243	16141
16130	16212
16371	16575
16792	16997
17164	17299
17422	17552
17670	17730
17708	17627
17517	17395
17268	17139
17011	16887
16777	16684
16617	16575
16562	16584
16633	16683
16724	16740
16737	16703
16624	16495
16317	16096
15844	15579
15323	15106
14960	14900
14902	14922
14935	14950
14979	15034
15122	15235
15368	15516
15677	15843
16000	16115
16153	16106
16065	16142
16338	16547
16705	16786
16651	16104
15166	14170
13602	13822
14735	15862
16761	17262
17462	17572
17677	17729
17704	17641
17540	17290
16683	15506
13731	11558
9351	7656
6215	8285
13182	12954
12770	12517
12326	12217
12165	12124
12033	11885
11717	11611
11607	11695
11819	11919
11938	11862
11727	11605
11574	11668
11872	12117
12299	12326
12131	11703
11089	10380
9653	8996
8502	8261
8239	8324
8457	8679
9016	9424
9802	10073
10290	10621
11210	12065
12987	13664
13887	13683
13320	13190
13539	14343
15335	16141
16590	16748
16792	16858
16994	17157
17299	17403
17495	17603
17725	17836
17913	17956
17969	17951
17862	17635
17192	16499
15599	14569
13458	12279
11101	10054
9222	8623
8274	8173
8261	8410
8507	8516
8483	8497
8631	8870
9182	9558
10094	10925
12033	13218
14226	14874
15128	15097
14914	14676
14420	14140
13817	13479
13213	13140
13213	13291
13263	13142
12948	12679
12284	11800
11492	11746
12690	14000
15022	15141
14282	12955
11727	10888
10344	9840
9401	9379
10075	11481
13192	14618
15427	15711
15833	16162
16753	17397
17946	18454
19025	19719
20520	21370
22191	22926
23541	24031
24413	24703
24928	25108
25255	25380
25500	25607
25628	25429
24927	24160
23296	22566
22161	22145
22464	22977
23510	23910
24083	24029
23876	23841
24089	24563
24827	24248
22504	19781
16686	13959
12126	11382
11658	12649
13769	14323
13884	12528
10827	9555
9158	9558
10338	11037
11503	11915
12467	13195
13945	14505
14833	15074
15368	15771
16260	16786
17254	17571
17674	17568
17301	16950
16598	16322
16165	16135
16237	16359
16116	15127
13548	12056
11183	10983
11140	11230
11002	10453
9654	8658
7508	6367
5660	5854
6934	8333
9389	9704
9358	8841
8742	9394
10611	11824
12593	12890
13006	13326
13957	14711
15356	15815
16174	16573
16982	17217
17182	16887
16294	15301
13939	12501
11546	11642
12876	14762
16537	17556
17653	17028
15822	14194
12783	12466
13400	14900
16200	16939
17167	17156
17111	17093
17125	17227
17355	17421
17368	17234
17108	17103
17249	17484
17671	17675
17423	16980
16507	16215
16203	16435
16826	17284
17726	18075
18282	18335
18269	18143
18025	17953
17936	17936
17866	17645
17301	16950
16665	16444
16271	16165
16148	16223
16375	16579
16797	17006
17185	17334
17466	17595
17707	17757
17728	17640
17527	17399
17271	17144
17020	16902
16796	16712
16650	16612
16610	16662
16753	16848
16918	16960
16973	16946
16867	16733
16544	16314
16052	15775
15506	15273
15106	15024
15009	15016
15015	15010
15021	15065
15139	15238
15356	15496
15654	15819
15979	16105
16173	16184
16198	16290
16449	16598
16715	16792
16684	16152
15181	14082
13366	13461
14343	15550
16579	17152
17348	17438
17561	17659
17697	17723
17768	17746
17442	16612
15155	13202
11079	9322
7801	9355
13339	13062
12859	12579
12386	12268
12212	12172
12082	11911
11712	11596
11622	11754
11909	12012
12016	11916
11751	11591
11506	11543
11692	11898
12069	12114
11968	11601
11049	10390
9701	9051
8537	8242
8163	8221
8383	8669
9070	9509
9881	10127
10321	10628
11192	12038
13021	13871
14284	14113
13557	13119
13235	14021
15148	16085
16576	16743
16810	16899
17017	17099
17132	17158
17221	17328
17452	17566
17648	17690
17705	17686
17603	17388
16966	16300
15427	14421
13332	12172
11015	9986
9172	8588
8249	8148
8226	8364
8454	8468
8452	8499
8668	8940
9242	9547
9980	10741
11852	13096
14176	14873
15153	15145
14978	14734
14455	14166
13859	13535
13272	13180
13238	13318
13319	13237
13077	12813
12405	11914
11635	11956
12964	14276
15204	15150
14135	12737
11540	10755
10236	9736
9296	9278
9989	11409
13139	14589
15426	15725
15849	16161
16728	17358
17907	18414
18983	19670
20472	21323
22149	22888
23508	23992
24361	24642
24860	25039
25191	25319
25449	25565
25601	25433
24963	24195
23296	22522
22069	21995
22270	22785
23380	23858
24082	24031
23841	23759
23966	24391
24553	23780
21753	18756
15538	12969
11579	11411
12173	13372
14379	14617
13849	12306
10602	9440
9180	9684
10507	11201
11653	12069
12652	13393
14102	14552
14750	14903
15194	15653
16234	16855
17405	17782
17927	17833
17557	17176
16779	16441
16205	16070
16008	15909
15550	14733
13605	12584
11985	11788
11765	11629
11249	10651
9895	9001
7972	6923
6172	6145
6973	8351
9676	10380
10356	10010
9940	10534
11671	12831
13617	14014
14303	14810
15570	16327
16838	17050
17086	17106
17132	17048
16753	16222
15375	14116
12509	10914
9973	10304
11975	14378
16593	17833
17922	17162
15807	14065
12571	12173
13018	14450
15731	16514
16827	16920
16972	17035
17130	17265
17406	17484
17453	17342
17238	17236
17371	17588
17759	17758
17525	17108
16675	16416
16413	16628
16969	17365
17742	18045
18229	18279
18227	18126
18035	17984
17981	17984
17908	17670
17307	16948
16670	16464
16308	16211
16191	16256
16397	16588
16799	17008
17199	17360
17504	17634
17736	17780
17750	17666
17549	17420
17287	17159
17046	16945
16855	16775
16707	16650
16636	16702
16832	16977
17098	17185
17230	17211
17125	16973
16769	16526
16261	15989
15726	15490
15312	15210
15172	15156
15138	15119
15113	15136
15193	15274
15376	15501
15647	15808
15964	16100
16211	16305
16398	16505
16598	16656
16711	16770
16667	16121
15074	13821
12905	12830
13661	14979
16210	16962
17244	17354
17473	17562
17597	17640
17752	17881
17841	17385
16362	14837
13068	11497
10141	10966
13436	13090
12865	12584
12424	12331
12282	12253
12163	11945
11674	11541
11629	11854
12070	12185
12170	12053
11879	11704
11579	11552
11626	11761
11891	11929
11800	11464
10943	10305
9635	9012
8511	8210
8109	8178
8377	8689
9070	9446
9752	9988
10229	10606
11197	12009
12972	13929
14547	14522
13905	13183
12988	13676
14931	15995
16504	16660
16758	16894
17023	17068
17029	16976
16974	17034
17131	17228
17299	17334
17339	17322
17252	17068
16699	16095
15290	14348
13307	12176
11029	10007
9197	8613
8260	8138
8187	8298
8377	8392
8404	8497
8725	9041
9344	9568
9882	10565
11699	13053
14261	15030
15331	15327
15160	14873
14534	14219
13931	13619
13326	13161
13153	13222
13284	13289
13187	12927
12486	11981
11750	12174
13283	14615
15449	15220
14025	12527
11312	10545
10056	9608
9239	9274
9986	11360
13029	14458
15331	15694
15852	16140
16658	17268
17847	18396
18984	19671
20456	21283
22083	22794
23391	23865
24229	24513
24740	24929
25097	25258
25402	25499
25496	25323
24885	24152
23270	22511
22049	21914
22100	22588
23233	23792
24070	24028
23814	23689
23833	24165
24180	23191
20905	17693
14428	12099
11208	11610
12759	13983
14676	14485
13431	11900
10449	9577
9481	10016
10802	11472
11934	12362
12905	13552
14128	14460
14577	14692
14986	15499
16177	16905
17549	17984
18152	18065
17781	17386
16965	16581
16271	16034
15817	15529
15068	14388
13603	12934
12516	12322
12189	11933
11455	10773
9963	9095
8225	7437
6890	6834
7451	8694
10120	11125
11475	11456
11556	12115
13068	14034
14728	15150
15514	16023
16645	17144
17371	17359
17221	17033
16827	16575
16221	15668
14787	13470
11787	10101
9121	9550
11459	14148
16592	17948
18033	17196
15803	14130
12762	12378
13083	14311
15440	16166
16511	16675
16808	16961
17129	17303
17454	17544
17549	17491
17429	17437
17541	17698
17818	17805
17613	17284
16942	16734
16727	16886
17146	17451
17746	17991
18145	18202
18176	18109
18045	18008
17998	17980
17876	17613
17238	16888
16637	16470
16350	16276
16263	16317
16439	16605
16798	17002
17200	17375
17528	17656
17750	17793
17777	17705
17593	17454
17314	17193
17100	17031
16969	16893
16796	16692
16636	16690
16852	17066
17273	17440
17535	17530
17420	17231
16997	16743
16487	16243
16008	15791
15600	15455
15360	15300
15258	15228
15214	15224
15263	15326
15413	15528
15671	15825
15975	16115
16245	16382
16503	16580
16596	16601
16657	16762
16697	16146
14992	13506
12272	11894
12572	13975
15478	16540
17051	17276
17434	17532
17566	17604
17711	17878
17970	17787
17186	16176
14923	13727
12709	12768
13491	13067
12822	12550
12442	12393
12358	12342
12253	11974
11613	11461
11630	11971
12273	12408
12370	12240
12077	11907
11760	11671
11660	11715
11780	11788
11655	11323
10799	10159
9500	8910
8459	8185
8102	8201
8438	8745
9044	9286
9477	9702
10041	10547
11202	11966
12853	13834
14629	14812
14244	13298
12765	13300
14632	15806
16341	16506
16651	16853
17021	17068
16992	16872
16787	16772
16817	16884
16932	16945
16933	16907
16851	16705
16399	15876
15164	14308
13330	12233
11102	10079
9265	8665
8286	8130
8146	8228
8290	8312
8351	8494
8780	9145
9449	9607
9820	10448
11627	13111
14466	15319
15623	15597
15400	15060
14657	14325
14058	13746
13378	13092
12984	13033
13165	13276
13251	12997
12523	12009
11844	12392
13614	14965
15694	15289
13921	12321
11071	10306
9845	9477
9220	9346
10064	11360
12922	14300
15201	15641
15848	16113
16571	17162
17784	18390
19008	19692
20457	21246
21995	22660
23222	23680
24049	24349
24594	24802
24994	25184
25340	25408
25354	25159
24767	24120
23325	22611
22112	21849
21884	22301
22993	23655
24026	24037
23834	23673
23735	23919
23729	22517
20043	16733
13553	11543
11144	12014
13381	14426
14648	13977
12721	11384
10377	9907
9989	10495
11180	11805
12294	12740
13222	13715
14122	14347
14436	14551
14855	15402
16143	16939
17633	18089
18256	18158
17875	17481
17046	16618
16232	15889
15556	15169
14685	14120
13542	13050
12705	12487
12297	11983
11444	10680
9791	8940
8271	7855
7712	7869
8451	9533
10865	11976
12642	13022
13404	13985
14719	15398
15877	16195
16461	16759
17021	17122
17058	16953
16848	16679
16445	16220
15984	15589
14849	13640
11995	10252
9162	9531
11457	14173
16619	17968
18042	17198
15871	14419
13319	13031
13579	14526
15414	16009
16327	16518
16703	16918
17144	17345
17495	17589
17631	17635
17624	17641
17702	17783
17834	17803
17665	17447
17223	17076
17057	17147
17314	17519
17725	17908
18037	18098
18101	18071
18036	18005
17977	17927
17785	17499
17121	16795
16588	16470
16395	16351
16348	16393
16489	16626
16798	16993
17194	17380
17536	17655
17741	17791
17798	17748
17645	17501
17350	17234
17165	17139
17110	17035
16902	16739
16623	16648
16830	17117
17426	17690
17848	17853
17716	17483
17215	16957
16721	16516
16324	16130
15926	15721
15543	15417
15347	15311
15296	15301
15328	15378
15458	15573
15715	15868
16010	16141
16265	16385
16468	16482
16446	16449
16568	16760
16765	16218
14961	13220
11599	10821
11241	12649
14418	15851
16694	17133
17397	17556
17631	17675
17746	17858
17954	17912
17626	17080
16344	15561
14927	14346
13534	13050
12791	12529
12463	12438
12409	12396
12301	11973
11543	11382
11625	12072
12445	12598
12548	12413
12268	12116
11962	11836
11763	11752
11765	11732
11579	11225
10679	10020
9359	8809
8414	8180
8121	8247
8507	8797
9013	9129
9221	9433
9856	10472
11182	11901
12690	13635
14518	14867
14391	13330
12542	12891
14211	15464
16083	16321
16538	16801
17018	17088
17004	16844
16697	16621
16621	16647
16655	16632
16591	16544
16485	16358
16095	15640
14999	14215
13298	12242
11131	10117
9297	8680
8276	8099
8099	8172
8234	8266
8326	8494
8804	9188
9487	9624
9808	10440
11669	13251
14703	15606
15899	15822
15570	15205
14806	14504
14257	13902
13432	13020
12816	12842
13017	13203
13237	12998
12515	12022
11933	12592
13890	15221
15830	15271
13788	12141
10893	10135
9688	9373
9222	9439
10191	11438
12915	14230
15136	15618
15859	16113
16527	17099
17745	18382
19013	19695
20441	21195
21906	22534
23070	23522
23903	24223
24490	24706
24899	25083
25230	25291
25234	25055
24725	24212
23552	22848
22191	21674
21489	21821
22572	23379
23905	24041
23904	23748
23713	23684
23206	21731
19115	15856
12931	11341
11392	12566
13943	14673
14401	13329
11986	10911
10362	10276
10515	10969
11524	12080
12597	13093
13568	13984
14279	14431
14507	14643
14956	15495
16206	16953
17585	17978
18095	17972
17681	17287
16841	16360
15879	15423
15000	14585
14151	13685
13227	12836
12545	12329
12097	11728
11147	10376
9569	8927
8594	8600
8890	9380
10072	10992
12036	13008
13819	14529
15212	15855
16385	16726
16870	16899
16879	16822
16700	16505
16338	16318
16399	16410
16315	16227
16155	15932
15357	14292
12720	10924
9692	9925
11754	14373
16714	18007
18078	17267
16044	14812
13965	13774
14203	14915
15580	16037
16303	16487
16687	16930
17177	17381
17520	17616
17681	17725
17750	17775
17801	17825
17823	17775
17678	17545
17410	17310
17271	17309
17405	17535
17675	17808
17916	17985
18013	18016
18002	17976
17934	17858
17693	17396
17029	16730
16562	16483
16436	16412
16416	16453
16533	16647
16799	16984
17187	17373
17528	17641
17721	17776
17802	17773
17678	17532
17376	17265
17221	17225
17223	17156
16995	16785
16623	16620
16811	17147
17532	17872
18078	18096
17942	17682
17391	17131
16920	16748
16590	16411
16193	15938
15686	15501
15404	15362
15351	15352
15370	15413
15489	15608
15752	15904
16040	16163
16269	16359
16403	16391
16349	16369
16515	16725
16739	16192
14881	12977
11065	9929
10052	11366
13283	15043
16244	16950
17356	17588
17712	17771
17806	17853
17906	17911
17809	17567
17194	16720
16373	15396
13596	13079
12810	12545
12490	12462
12418	12392
12286	11928
11471	11314
11609	12125
12551	12723
12674	12548
12426	12300
12158	12027
11932	11887
11862	11801
11609	11225
10644	9955
9287	8763
8406	8203
8153	8282
8549	8825
8993	9040
9073	9275
9735	10402
11130	11804
12505	13371
14245	14673
14291	13229
12304	12465
13667	14960
15738	16138
16449	16762
17012	17105
17031	16859
16694	16596
16565	16552
16511	16438
16347	16263
16177	16046
15798	15374
14773	14032
13160	12148
11079	10084
9258	8632
8219	8041
8055	8150
8235	8285
8347	8504
8789	9140
9432	9600
9847	10541
11812	13413
14884	15803
16081	15942
15624	15268
14969	14756
14518	14088
13496	12982
12717	12715
12884	13086
13144	12927
12470	12042
12046	12790
14105	15355
15822	15135
13605	11995
10814	10083
9628	9324
9230	9530
10346	11608
13049	14310
15175	15641
15886	16145
16552	17111
17739	18366
18989	19660
20394	21137
21829	22441
22970	23428
23825	24165
24445	24667
24838	24971
25086	25172
25177	25046
24772	24382
23834	23041
22077	21211
20798	21075
21921	22919
23657	23961
23925	23794
23673	23403
22584	20814
18111	15039
12541	11449
11893	13199
14409	14754
14055	12707
11354	10524
10339	10559
10934	11354
11802	12291
12832	13415
13975	14427
14704	14818
14877	15025
15352	15847
16430	16995
17437	17675
17692	17523
17219	16829
16369	15835
15262	14697
14188	13754
13362	12969
12597	12318
12148	12011
11777	11355
10758	10124
9642	9459
9618	10053
10691	11459
12240	12920
13500	14114
14875	15792
16721	17438
17797	17800
17556	17211
16834	16439
16057	15776
15703	15866
16153	16383
16502	16585
16637	16521
16066	15119
13604	11742
10341	10384
12052	14549
16804	18067
18171	17425
16302	15218
14513	14374
14731	15302
15831	16189
16403	16566
16757	16989
17224	17412
17539	17624
17692	17749
17791	17817
17829	17826
17798	17743
17659	17563
17466	17381
17331	17339
17403	17492
17596	17700
17795	17870
17915	17935
17937	17916
17873	17789
17622	17338
16999	16727
16582	16514
16479	16458
16463	16497
16567	16669
16809	16982
17174	17355
17503	17612
17695	17755
17790	17769
17681	17540
17384	17279
17245	17267
17281	17220
17054	16826
16641	16621
16814	17170
17593	17966
18196	18225
18071	17806
17518	17265
17071	16919
16770	16596
16366	16078
15782	15560
15442	15396
15377	15375
15389	15430
15505	15621
15766	15914
16049	16165
16257	16330
16382	16410
16420	16452
16536	16646
16577	16018
14746	12842
10820	9455
9310	10432
12343	14303
15813	16776
17321	17612
17763	17827
17844	17853
17874	17893
17869	17764
17565	17243
17037	15900
13681	13147
12868	12591
12520	12471
12395	12345
12221	11851
11390	11251
11586	12147
12612	12811
12784	12681
12589	12494
12377	12265
12177	12130
12094	12001
11771	11340
10715	9992
9309	8788
8453	8253
8195	8313
8571	8833
8983	9004
9016	9209
9671	10338
11050	11682
12306	13078
13882	14336
14053	13065
12089	12050
13050	14349
15335	15952
16369	16715
16988	17099
17035	16874
16715	16620
16573	16524
16435	16305
16160	16026
15903	15746
15493	15078
14500	13790
12959	12003
10983	10014
9191	8553
8140	7977
8026	8165
8293	8363
8414	8528
8747	9039
9318	9555
9917	10691
11969	13530
14967	15900
16198	16009
15625	15302
15139	15042
14802	14280
13583	12994
12694	12655
12775	12941
12997	12802
12406	12079
12201	13017
14308	15422
15712	14905
13379	11872
10816	10143
9669	9340
9273	9649
10554	11869
13299	14500
15280	15682
15913	16187
16621	17168
17756	18341
18940	19599
20322	21059
21752	22370
22909	23381
23795	24152
24448	24671
24815	24893
24971	25095
25183	25088
24814	24438
23857	22843
21499	20306
19766	20088
21094	22312
23271	23722
23754	23639
23456	22980
21845	19817
17090	14312
12330	11758
12514	13821
14762	14722
13679	12153
10818	10182
10269	10738
11260	11714
12126	12590
13168	13843
14519	15047
15335	15414
15442	15607
15957	16396
16806	17123
17308	17335
17210	16970
16645	16257
15797	15247
14623	13982
13397	12910
12499	12128
11843	11728
11766	11802
11661	11267
10741	10342
10295	10669
11356	12179
13047	13914
14597	14866
14852	14999
15623	16666
17784	18549
18759	18485
17939	17325
16732	16172
15708	15461
15495	15760
16144	16531
16853	17099
17248	17228
16908	16094
14627	12655
10996	10735
12147	14488
16698	18009
18211	17591
16591	15618
14986	14861
15165	15657
16099	16392
16561	16703
16877	17082
17283	17445
17552	17626
17688	17743
17786	17814
17822	17811
17772	17710
17623	17532
17436	17347
17285	17281
17331	17410
17494	17585
17675	17747
17797	17827
17836	17829
17791	17718
17570	17318
17014	16770
16632	16565
16524	16502
16505	16539
16605	16706
16835	16994
17166	17330
17465	17575
17665	17733
17770	17751
17665	17526
17380	17281
17253	17280
17301	17245
17083	16854
16667	16644
16838	17201
17631	18011
18247	18284
18143	17893
17619	17379
17197	17051
16903	16723
16481	16170
15848	15606
15477	15418
15393	15384
15394	15431
15506	15617
15756	15903
16039	16149
16230	16297
16375	16485
16592	16635
16619	16564
16382	15836
14699	12943
10974	9503
9119	9985
11762	13785
15501	16665
17314	17635
17789	17849
17855	17850
17862	17883
17881	17819
17669	17399
17237	16080
13775	13232
12943	12649
12554	12473
12363	12280
12134	11754
11298	11182
11550	12151
12657	12893
12900	12829
12774	12718
12639	12557
12497	12467
12434	12323
12059	11582
10912	10150
9439	8897
8545	8328
8248	8341
8577	8827
8965	8979
8987	9172
9628	10277
10957	11542
12096	12771
13509	13980
13808	12939
11945	11691
12441	13710
14910	15756
16274	16642
16921	17044
16988	16838
16701	16619
16568	16496
16366	16182
15982	15797
15632	15449
15184	14777
14223	13544
12757	11858
10893	9955
9128	8481
8068	7932
8028	8226
8401	8494
8526	8579
8712	8934
9202	9513
9989	10818
12055	13523
14916	15899
16273	16090
15656	15365
15324	15313
15058	14458
13687	13059
12734	12643
12685	12788
12825	12658
12338	12140
12402	13289
14528	15471
15549	14617
13118	11760
10868	10278
9794	9434
9383	9833
10831	12201
13616	14735
15403	15719
15916	16218
16683	17231
17777	18314
18882	19526
20240	20975
21673	22304
22858	23348
23778	24154
24465	24699
24832	24878
24932	25089
25229	25124
24735	24172
23319	21952
20271	18937
18475	18995
20222	21660
22809	23368
23434	23318
23083	22428
21024	18793
16093	13643
12168	12056
13020	14243
14903	14557
13313	11739
10500	10042
10340	11007
11681	12224
12674	13163
13777	14506
15229	15771
16027	16040
16024	16200
16588	16982
17226	17295
17212	17002
16695	16336
15957	15560
15118	14598
14001	13374
12766	12231
11785	11454
11310	11428
11740	12041
12109	11875
11499	11313
11562	12284
13303	14366
15340	16148
16546	16297
15684	15430
15967	17139
18398	19173
19237	18770
18090	17438
16884	16397
16002	15800
15821	16011
16326	16752
17216	17600
17860	17990
17875	17251
15834	13696
11668	10948
11957	14076
16267	17694
18076	17656
16842	16005
15442	15313
15562	15973
16341	16576
16716	16845
17013	17194
17352	17474
17562	17627
17679	17727
17769	17796
17802	17787
17741	17669
17572	17471
17370	17273
17201	17187
17230	17304
17383	17466
17549	17614
17659	17692
17715	17717
17698	17644
17526	17310
17046	16830
16698	16628
16582	16558
16560	16595
16667	16766
16888	17028
17173	17308
17429	17537
17635	17711
17753	17730
17644	17508
17369	17276
17252	17283
17306	17252
17097	16874
16692	16677
16875	17242
17670	18042
18270	18314
18189	17964
17712	17496
17326	17180
17025	16836
16582	16251
15905	15647
15506	15442
15407	15389
15396	15432
15501	15606
15737	15881
16016	16121
16186	16230
16327	16526
16747	16827
16722	16519
16251	15781
14868	13377
11576	10089
9507	10092
11638	13592
15381	16643
17342	17670
17815	17861
17853	17841
17851	17874
17881	17826
17691	17434
17286	16148
13867	13322
13029	12717
12599	12485
12334	12219
12045	11654
11207	11109
11509	12147
12691	12967
13008	12972
12955	12943
12913	12877
12855	12854
12837	12725
12439	11934
11230	10428
9678	9088
8683	8417
8294	8356
8570	8800
8933	8946
8952	9136
9581	10209
10857	11401
11896	12496
13187	13692
13646	12915
11925	11462
11932	13134
14506	15551
16154	16532
16806	16927
16871	16734
16618	16554
16509	16425
16268	16049
15803	15576
15377	15171
14901	14509
13985	13345
12604	11762
10848	9930
9102	8447
8042	7934
8077	8328
8550	8662
8673	8665
8714	8860
9113	9484
10039	10870
11998	13343
14694	15772
16307	16203
15767	15491
15509	15529
15239	14593
13805	13179
12833	12673
12626	12657
12668	12528
12292	12230
12641	13600
14772	15517
15362	14304
12849	11663
10959	10474
10000	9622
9588	10098
11168	12572
13953	14964
15503	15717
15884	16207
16715	17268
17783	18280
18824	19452
20157	20884
21585	22223
22791	23299
23755	24153
24487	24735
24877	24927
24987	25159
25297	25116
24492	23500
22116	20307
18452	17268
17163	18034
19508	21121
22407	23061
23169	23046
22718	21848
20168	17759
15117	12977
11938	12155
13219	14324
14776	14294
13081	11690
10702	10457
10899	11670
12432	13057
13570	14092
14702	15386
16024	16455
16585	16492
16412	16592
16999	17361
17478	17344
17022	16566
16035	15502
15011	14577
14164	13734
13262	12763
12257	11787
11413	11225
11310	11697
12293	12880
13243	13275
13088	12963
13160	13775
14723	15787
16769	17469
17561	16855
15819	15368
15973	17327
18703	19433
19347	18767
18112	17619
17306	17059
16824	16649
16552	16530
16656	17018
17546	18040
18436	18774
18937	18541
17180	14841
12363	11055
11536	13346
15509	17091
17720	17575
17014	16360
15881	15739
15912	16220
16497	16676
16803	16954
17139	17310
17428	17509
17572	17627
17672	17712
17747	17772
17773	17754
17703	17620
17512	17405
17298	17190
17108	17080
17112	17180
17257	17337
17408	17466
17513	17551
17584	17604
17608	17580
17495	17319
17090	16891
16766	16694
16644	16620
16628	16674
16753	16857
16972	17093
17204	17305
17402	17501
17599	17684
17732	17714
17625	17492
17360	17273
17253	17284
17309	17259
17107	16891
16720	16712
16918	17279
17700	18061
18285	18331
18223	18021
17805	17614
17462	17317
17158	16953
16678	16328
15962	15688
15538	15465
15421	15397
15400	15431
15497	15597
15721	15858
15986	16083
16118	16122
16206	16476
16815	16955
16811	16524
16231	15895
15274	14128
12586	11161
10432	10732
11986	13748
15462	16712
17407	17723
17850	17875
17848	17822
17827	17854
17872	17825
17697	17448
17310	16191
13946	13408
13113	12798
12661	12514
12325	12169
11968	11563
11116	11034
11458	12127
12703	13004
13065	13052
13070	13107
13135	13151
13175	13212
13222	13130
12848	12329
11602	10777
9984	9327
8840	8504
8329	8352
8536	8746
8877	8892
8905	9094
9533	10144
10764	11269
11723	12283
12963	13522
13606	13022
12065	11418
11619	12709
14182	15363
16015	16379
16640	16750
16687	16558
16462	16417
16388	16307
16146	15910
15640	15384
15161	14942
14675	14306
13814	13217
12525	11729
10850	9955
9124	8464
8067	7987
8167	8463
8719	8843
8835	8777
8754	8836
9067	9470
10053	10825
11806	12995
14305	15512
16262	16326
15948	15680
15690	15673
15334	14681
13936	13348
12988	12756
12609	12567
12556	12441
12283	12353
12906	13933
15027	15559
15169	13995
12598	11591
11077	10708
10269	9897
9884	10440
11543	12946
14260	15153
15559	15680
15812	16158
16701	17269
17771	18240
18767	19380
20075	20795
21491	22130
22710	23238
23720	24142
24495	24764
24933	25014
25096	25261
25350	25032
24077	22472
20377	18135
16350	15638
16134	17458
19144	20826
22159	22887
23055	22897
22386	21223
19251	16707
14180	12371
11721	12194
13298	14309
14674	14255
13311	12329
11730	11706
12171	12877
13591	14214
14748	15260
15786	16299
16706	16895
16828	16603
16456	16603
16982	17300
17342	17089
16596	15933
15178	14448
13822	13342
12996	12730
12499	12263
12006	11739
11562	11598
11916	12483
13214	13972
14604	14951
14969	14764
14579	14688
15233	16144
17140	17779
17636	16621
15391	14979
15814	17405
18874	19531
19311	18683
18139	17882
17853	17856
17779	17621
17399	17164
17086	17353
17907	18491
19028	19592
20032	19858
18546	16013
13103	11195
11076	12500
14566	16284
17179	17347
17086	16647
16262	16109
16192	16380
16556	16684
16817	17014
17248	17425
17509	17550
17588	17631
17666	17701
17726	17743
17741	17717
17661	17569
17460	17346
17234	17119
17019	16972
16989	17050
17124	17200
17265	17319
17365	17417
17464	17506
17534	17539
17482	17337
17136	16956
16834	16760
16710	16692
16709	16773
16872	16988
17100	17199
17276	17340
17403	17476
17563	17651
17704	17696
17611	17483
17353	17271
17253	17290
17318	17272
17122	16914
16750	16750
16955	17310
17715	18064
18281	18333
18241	18070
17889	17731
17598	17457
17286	17066
16768	16396
16015	15726
15568	15489
15439	15408
15405	15433
15496	15589
15707	15837
15959	16035
16042	15993
16044	16357
16791	17006
16870	16561
16303	16133
15821	15052
13822	12534
11713	11743
12663	14145
15686	16847
17498	17789
17893	17891
17839	17799
17801	17833
17858	17822
17701	17462
17333	16232
14012	13484
13195	12884
12738	12572
12349	12152
11913	11485
11031	10954
11395	12087
12682	12985
13038	13027
13067	13151
13234	13306
13380	13462
13511	13445
13178	12666
11941	11105
10281	9563
8994	8581
8349	8328
8480	8672
8799	8826
8853	9055
9493	10090
10687	11165
11598	12155
12861	13491
13701	13267
12376	11607
11571	12509
13993	15221
15879	16215
16444	16531
16460	16333
16253	16232
16221	16160
16010	15781
15505	15237
15000	14778
14520	14176
13721	13167
12518	11756
10905	10019
9193	8539
8155	8094
8298	8615
8884	9006
8979	8884
8815	8858
9071	9472
10036	10712
11522	12549
13807	15126
16109	16395
16147	15904
15860	15755
15358	14733
14078	13567
13201	12895
12652	12542
12511	12416
12322	12508
13188	14269
15282	15609
14999	13727
12401	11550
11199	10943
10562	10232
10254	10831
11931	13283
14507	15281
15568	15609
15718	16079
16655	17245
17744	18204
18711	19314
19994	20704
21398	22040
22625	23168
23667	24111
24481	24770
24968	25091
25198	25332
25332	24847
23521	21242
18417	15882
14435	14462
15701	17469
19253	20845
22095	22821
23011	22749
21964	20451
18234	15688
13434	12069
11858	12599
13765	14744
15135	14920
14362	13854
13631	13718
14032	14479
14975	15465
15924	16339
16688	16928
17004	16891
16610	16280
16084	16166
16458	16714
16732	16453
15900	15116
14212	13330
12612	12138
11922	11912
12025	12162
12249	12267
12313	12523
12917	13399
13952	14623
15385	16032
16292	16006
15366	14870
14979	15811
16949	17624
17297	16057
14766	14528
15666	17498
19039	19633
19324	18706
18296	18229
18369	18498
18482	18332
18062	17735
17567	17808
18396	19057
19704	20441
21085	21061
19781	17137
13933	11539
10855	11829
13688	15450
16568	17044
17071	16846
16564	16397
16395	16469
16549	16635
16786	17041
17333	17527
17591	17599
17614	17644
17676	17703
17726	17735
17727	17695
17636	17539
17423	17310
17198	17071
16950	16879
16876	16925
16997	17068
17127	17180
17232	17293
17359	17427
17482	17513
17486	17370
17191	17022
16904	16826
16780	16770
16810	16899
17027	17160
17273	17353
17395	17416
17438	17474
17537	17615
17672	17671
17597	17475
17351	17270
17258	17300
17337	17296
17152	16942
16780	16776
16978	17318
17706	18040
18255	18314
18242	18101
17952	17829
17719	17590
17411	17172
16853	16458
16060	15762
15600	15517
15464	15426
15415	15436
15495	15586
15699	15822
15932	16000
15977	15885
15905	16225
16717	16994
16895	16612
16415	16400
16357	15931
15022	13903
13035	12822
13409	14593
15940	17000
17601	17864
17939	17911
17837	17781
17777	17813
17846	17819
17706	17476
17354	16261
14056	13538
13262	12964
12826	12651
12404	12167
11889	11427
10952	10870
11316	12020
12618	12897
12914	12882
12936	13054
13185	13308
13431	13558
13645	13612
13368	12875
12167	11337
10500	9741
9108	8634
8353	8292
8407	8584
8711	8755
8811	9027
9470	10057
10632	11091
11527	12117
12884	13592
13913	13626
12841	12026
11816	12580
13965	15151
15770	16061
16252	16310
16223	16095
16024	16021
16041	16010
15891	15684
15420	15151
14912	14691
14445	14123
13700	13183
12564	11828
10986	10109
9292	8652
8285	8237
8446	8760
9018	9121
9077	8962
8878	8906
9105	9493
10013	10588
11247	12119
13292	14658
15819	16348
16299	16126
16022	15805
15353	14774
14238	13815
13456	13087
12759	12592
12543	12460
12411	12692
13479	14603
15533	15672
14868	13522
12262	11538
11302	11140
10847	10590
10660	11244
12302	13568
14678	15344
15541	15532
15623	16000
16602	17214
17722	18176
18671	19256
19925	20625
21310	21949
22538	23086
23597	24052
24438	24746
24972	25126
25243	25325
25209	24535
22838	19960
16582	14004
13143	14038
15995	18088
19804	21144
22166	22799
22944	22518
21421	19615
17301	14972
13202	12433
12729	13759
15001	15965
16400	16381
16153	15989
15961	15976
15973	16014
16154	16398
16687	16932
17046	16978
16731	16354
15940	15589
15411	15455
15654	15849
15880	15648
15111	14295
13317	12359
11607	11190
11150	11430
11913	12447
12890	13186
13410	13673
13928	14043
14108	14429
15150	16049
16604	16346
15393	14461
14331	15299
16760	17576
17092	15636
14295	14208
15576	17573
19155	19720
19415	18889
18623	18660
18816	18894
18825	18656
18417	18157
18067	18389
19056	19779
20485	21294
22012	22041
20788	18160
14888	12229
11097	11595
13126	14799
16039	16748
17012	16965
16771	16604
16532	16516
16525	16584
16755	17062
17403	17621
17675	17658
17657	17679
17708	17737
17756	17757
17740	17701
17636	17537
17421	17309
17192	17054
16911	16815
16789	16823
16886	16949
17007	17060
17119	17194
17282	17369
17447	17500
17492	17405
17250	17095
16976	16899
16857	16862
16927	17053
17216	17373
17491	17551
17559	17539
17515	17509
17535	17589
17638	17641
17577	17462
17344	17269
17263	17313
17358	17327
17184	16976
16808	16798
16985	17306
17668	17991
18201	18272
18222	18110
17996	17905
17816	17699
17517	17264
16922	16510
16098	15799
15633	15550
15493	15450
15429	15441
15493	15580
15687	15804
15911	15972
15941	15833
15829	16134
16629	16933
16880	16648
16514	16606
16747	16584
15951	15008
14121	13699
13980	14908
16116	17124
17700	17938
17985	17933
17840	17769
17758	17799
17840	17819
17715	17493
17376	16277
14064	13568
13311	13037
12918	12746
12482	12214
11892	11391
10886	10788
11230	11934
12516	12756
12724	12662
12715	12855
13018	13175
13337	13499
13621	13617
13405	12940
12255	11442
10605	9827
9163	8650
8329	8235
8321	8489
8624	8690
8772	9008
9459	10041
10599	11051
11501	12151
13005	13794
14210	14068
13430	12656
12333	12905
14105	15164
15709	15956
16100	16126
16020	15884
15814	15828
15878	15893
15819	15646
15401	15143
14907	14687
14445	14135
13733	13240
12641	11908
11067	10196
9397	8778
8429	8387
8587	8877
9103	9180
9113	8996
8921	8961
9162	9531
10007	10514
11075	11818
12863	14163
15388	16127
16331	16296
16168	15863
15365	14838
14412	14074
13729	13313
12916	12705
12642	12566
12550	12902
13770	14921
15776	15748
14780	13382
12180	11535
11353	11264
11081	10936
11074	11653
12640	13790
14782	15351
15499	15472
15569	15962
16580	17202
17714	18164
18649	19218
19871	20555
21230	21861
22445	22997
23512	23976
24374	24696
24939	25106
25216	25237
24990	24085
22032	18733
15131	12836
12726	14449
16940	19134
20610	21569
22279	22758
22823	22251
20930	18992
16814	14928
13806	13694
14465	15702
16920	17765
18132	18159
18064	17997
17922	17697
17306	16913
16673	16627
16701	16750
16642	16336
15875	15380
14973	14739
14695	14816
15018	15208
15261	15063
14540	13706
12683	11676
10906	10537
10627	11121
11871	12693
13412	13935
14296	14544
14559	14190
13664	13539
14140	15246
16115	15998
14924	13790
13640	14900
16787	17823
17252	15596
14135	14048
15471	17490
19062	19649
19461	19127
19043	19149
19233	19166
18968	18745
18562	18453
18566	19060
19827	20587
21290	22070
22744	22725
21510	19042
15952	13285
11864	11924
13053	14512
15750	16572
16973	17036
16900	16741
16639	16577
16546	16587
16768	17096
17465	17697
17750	17728
17718	17742
17777	17805
17818	17810
17783	17735
17665	17564
17451	17336
17215	17064
16903	16782
16736	16753
16802	16858
16912	16964
17031	17116
17222	17328
17426	17493
17509	17439
17309	17165
17050	16970
16936	16962
17064	17231
17432	17617
17741	17789
17768	17709
17641	17585
17560	17578
17614	17613
17550	17442
17331	17262
17264	17323
17379	17352
17213	17004
16833	16816
16983	17280
17616	17916
18122	18204
18175	18095
18011	17951
17889	17782
17600	17333
16979	16551
16133	15828
15662	15577
15517	15468
15440	15448
15493	15571
15669	15778
15883	15947
15927	15836
15835	16099
16536	16825
16814	16647
16567	16705
16927	16923
16502	15717
14839	14244
14265	15011
16170	17188
17779	18006
18035	17959
17846	17760
17742	17782
17830	17825
17731	17517
17408	16287
14041	13574
13339	13099
13005	12846
12576	12282
11920	11376
10838	10716
11141	11830
12392	12595
12517	12424
12469	12615
12791	12966
13147	13331
13476	13503
13322	12889
12229	11434
10608	9829
9158	8627
8285	8166
8237	8399
8548	8637
8746	9002
9460	10039
10589	11034
11509	12236
13188	14053
14544	14542
14089	13433
13070	13445
14391	15259
15714	15910
16011	16001
15877	15729
15656	15679
15767	15835
15812	15678
15460	15211
14973	14748
14499	14190
13794	13311
12714	11975
11124	10258
9480	8889
8555	8507
8684	8934
9117	9158
9079	8974
8932	9005
9221	9582
10043	10545
11084	11733
12595	13690
14830	15708
16194	16376
16303	15959
15440	14950
14598	14325
13997	13550
13108	12867
12796	12722
12725	13123
14051	15217
16001	15829
14728	13297
12143	11528
11342	11299
11240	11241
11465	12038
12932	13953
14827	15324
15459	15453
15580	15989
16611	17231
17737	18180
18654	19210
19845	20510
21166	21779
22354	22901
23418	23885
24293	24625
24877	25045
25143	25108
24705	23499
21089	17587
14157	12464
13170	15537
18263	20304
21394	21925
22318	22648
22673	22044
20671	18824
16989	15669
15190	15599
16640	17863
18860	19418
19553	19445
19271	19086
18807	18302
17599	16891
16362	16080
15960	15846
15596	15181
14685	14260
14025	14031
14246	14579
14924	15174
15223	14976
14383	13469
12364	11284
10462	10067
10169	10704
11519	12424
13265	13950
14462	14740
14587	13861
12910	12469
12998	14270
15400	15444
14368	13170
13071	14590
16850	18143
17608	15833
14209	13973
15265	17178
18699	19358
19370	19303
19429	19599
19607	19413
19104	18818
18662	18712
19062	19737
20579	21327
21977	22672
23230	23129
21971	19791
17080	14606
13059	12762
13501	14687
15804	16597
17007	17085
16969	16829
16740	16684
16650	16684
16849	17167
17523	17755
17815	17802
17804	17836
17876	17903
17908	17889
17851	17795
17718	17615
17500	17386
17261	17096
16914	16774
16712	16714
16748	16794
16841	16898
16968	17067
17185	17307
17416	17499
17527	17477
17362	17230
17116	17040
17014	17068
17206	17414
17652	17866
18005	18048
18006	17915
17803	17692
17610	17585
17596	17584
17521	17417
17310	17250
17259	17325
17388	17368
17236	17032
16857	16829
16973	17240
17548	17827
18026	18115
18108	18057
18006	17974
17932	17837
17656	17379
17011	16581
16160	15852
15683	15594
15533	15482
15454	15454
15493	15559
15648	15748
15850	15921
15929	15885
15901	16104
16431	16668
16696	16609
16576	16710
16925	16991
16722	16083
15233	14504
14322	14951
16128	17212
17835	18066
18079	17986
17856	17753
17724	17761
17819	17825
17749	17543
17441	16291
13998	13558
13349	13142
13077	12937
12670	12360
11967	11384
10807	10654
11060	11732
12275	12454
12352	12237
12270	12409
12577	12749
12933	13130
13289	13335
13178	12770
12135	11359
10542	9776
9108	8572
8213	8082
8149	8317
8479	8591
8724	8999
9470	10048
10588	11031
11536	12345
13395	14326
14874	15002
14761	14281
13935	14126
14785	15427
15779	15931
15992	15951
15813	15657
15573	15607
15726	15843
15873	15778
15581	15339
15093	14851
14584	14258
13854	13367
12759	12006
11145	10286
9536	8966
8642	8582
8720	8921
9054	9057
8971	8888
8894	9020
9270	9644
10126	10693
11293	11885
12515	13278
14180	15106
15882	16347
16411	16097
15586	15115
14794	14553
14240	13780
13313	13053
12978	12907
12916	13342
14307	15475
16196	15906
14702	13256
12140	11510
11272	11248
11324	11489
11811	12376
13171	14060
14825	15282
15436	15481
15656	16091
16711	17314
17803	18228
18688	19226
19842	20487
21117	21713
22274	22813
23324	23795
24204	24543
24802	24977
25073	24998
24407	22809
20016	16514
13608	12755
14229	16965
19598	21256
21886	22026
22168	22410
22456	21891
20646	19073
17680	16873
16825	17439
18401	19318
19898	20052
19880	19565
19225	18852
18366	17688
16875	16080
15453	15054
14818	14607
14316	13944
13585	13385
13435	13748
14264	14891
15463	15797
15774	15369
14599	13525
12291	11111
10194	9706
9691	10080
10733	11498
12284	13054
13733	14142
14012	13218
12183	11711
12293	13694
14971	15105
14033	12798
12686	14276
16701	18202
17818	16055
14297	13852
14946	16710
18189	18945
19176	19356
19660	19877
19842	19601
19280	18983
18850	19017
19538	20318
21143	21820
22392	23001
23462	23300
22245	20423
18186	16004
14432	13903
14360	15299
16219	16854
17139	17135
16997	16882
16847	16845
16842	16872
17006	17272
17587	17802
17872	17878
17898	17939
17985	18013
18013	17988
17941	17874
17786	17679
17561	17447
17316	17137
16936	16782
16708	16697
16716	16750
16793	16851
16931	17038
17165	17297
17422	17521
17563	17525
17420	17291
17180	17106
17092	17166
17342	17591
17869	18111
18265	18309
18251	18134
17982	17813
17669	17595
17580	17559
17494	17389
17288	17233
17252	17324
17394	17382
17257	17055
16877	16834
16958	17197
17477	17737
17926	18016
18025	18001
17983	17978
17955	17869
17688	17405
17030	16594
16177	15872
15699	15605
15544	15496
15468	15468
15499	15555
15631	15727
15826	15906
15951	15958
15989	16112
16302	16469
16547	16560
16587	16691
16844	16917
16760	16266
15477	14660
14315	14858
16071	17225
17886	18116
18118	18009
17862	17746
17707	17739
17798	17816
17757	17560
17467	16286
13947	13535
13346	13173
13134	13013
12753	12437
12017	11398
10784	10606
10992	11652
12185	12364
12264	12147
12166	12285
12432	12589
12762	12952
13118	13173
13030	12640
12025	11264
10463	9703
9038	8498
8134	7996
8067	8245
8418	8548
8701	8997
9480	10059
10592	11033
11568	12451
13593	14573
15162	15410
15377	15102
14814	14849
15223	15637
15891	16005
16032	15968
15821	15658
15572	15610
15754	15907
15980	15917
15738	15495
15236	14967
14671	14316
13893	13387
12767	11997
11125	10273
9547	9002
8682	8601
8703	8850
8930	8903
8813	8759
8818	9003
9304	9709
10248	10933
11656	12228
12604	12942
13485	14372
15416	16204
16475	16260
15788	15319
14989	14748
14453	13997
13519	13246
13171	13096
13108	13548
14534	15693
16351	15960
14687	13246
12158	11486
11157	11129
11332	11666
12097	12653
13349	14116
14791	15230
15431	15548
15786	16245
16856	17432
17889	18292
18734	19256
19852	20477
21088	21668
22213	22741
23245	23708
24114	24460
24734	24933
25056	24955
24148	22088
18888	15522
13366	13445
15541	18363
20632	21763
21936	21767
21740	21916
21980	21533
20526	19319
18348	17889
17978	18443
19012	19416
19512	19311
18928	18497
18057	17557
16955	16273
15571	14927
14400	14025
13762	13529
13280	13049
12933	13037
13397	13986
14754	15619
16364	16717
16549	15911
14918	13680
12352	11120
10164	9593
9420	9572
9926	10394
10970	11685
12444	12988
12999	12380
11552	11281
12015	13503
14822	14997
13973	12766
12624	14133
16497	18040
17768	16053
14219	13627
14576	16253
17736	18601
19000	19328
19696	19896
19830	19630
19407	19198
19129	19386
19983	20738
21437	21983
22489	23059
23484	23319
22407	20950
19175	17282
15741	15103
15423	16193
16897	17292
17356	17204
17009	16921
16961	17044
17097	17129
17213	17405
17651	17839
17921	17953
17988	18039
18089	18121
18122	18094
18040	17962
17860	17744
17624	17508
17368	17178
16962	16797
16714	16692
16699	16721
16761	16821
16913	17028
17164	17308
17446	17558
17610	17578
17474	17347
17237	17167
17165	17263
17467	17751
18064	18333
18501	18549
18484	18344
18152	17927
17725	17604
17564	17535
17467	17364
17262	17210
17237	17318
17400	17396
17279	17078
16894	16829
16930	17146
17408	17654
17832	17922
17946	17947
17958	17974
17963	17881
17697	17410
17031	16598
16185	15885
15714	15622
15557	15514
15492	15492
15511	15557
15627	15718
15817	15907
15978	16032
16068	16093
16145	16246
16390	16527
16629	16707
16781	16840
16780	16434
15729	14865
14386	14840
16048	17241
17923	18149
18141	18022
17866	17743
17694	17719
17778	17804
17755	17568
17481	16284
13922	13540
13369	13221
13194	13078
12821	12491
12049	11400
10758	10560
10942	11600
12138	12336
12261	12155
12163	12256
12379	12513
12668	12842
12997	13047
12911	12534
11939	11196
10405	9646
8972	8419
8047	7909
7985	8170
8356	8499
8666	8977
9469	10055
10592	11041
11607	12548
13750	14762
15379	15720
15866	15775
15567	15492
15631	15851
16024	16108
16110	16028
15883	15725
15639	15681
15835	16009
16102	16059
15889	15643
15371	15081
14753	14368
13914	13387
12747	11959
11072	10225
9519	8995
8683	8590
8657	8762
8803	8751
8662	8632
8732	8967
9309	9754
10372	11207
12080	12655
12777	12657
12773	13529
14772	15885
16425	16377
15980	15516
15158	14910
14625	14185
13702	13424
13347	13277
13297	13760
14750	15870
16443	15966
14655	13246
12196	11476
11043	10986
11290	11773
12301	12866
13487	14150
14758	15189
15440	15632
15929	16408
16999	17532
17952	18330
18761	19277
19864	20476
21075	21636
22164	22675
23165	23619
24026	24387
24691	24942
25113	24993
23966	21463
17913	14758
13365	14246
16719	19373
21125	21704
21490	21108
20960	21028
21019	20628
19850	18989
18350	18066
18074	18199
18263	18164
17898	17541
17174	16835
16452	15929
15305	14729
14287	13948
13668	13428
13216	13016
12853	12796
12929	13304
13899	14650
15520	16433
17153	17355
16932	16038
14878	13606
12359	11269
10440	9917
9676	9629
9692	9832
10107	10592
11218	11735
11848	11457
10921	10897
11754	13249
14546	14796
13969	12992
12979	14431
16597	17944
17550	15773
13894	13278
14226	15939
17500	18466
18945	19283
19580	19676
19559	19423
19360	19330
19401	19745
20349	20988
21490	21891
22344	22925
23372	23257
22503	21365
19959	18305
16819	16167
16459	17128
17631	17769
17599	17291
17039	16976
17087	17254
17362	17400
17434	17545
17717	17872
17963	18019
18070	18128
18182	18217
18222	18194
18134	18045
17933	17809
17685	17562
17412	17212
16989	16818
16729	16699
16695	16707
16741	16809
16908	17035
17182	17334
17478	17595
17651	17621
17524	17401
17298	17235
17244	17353
17578	17885
18221	18515
18703	18758
18688	18527
18296	18025
17772	17619
17561	17528
17455	17343
17229	17179
17212	17310
17406	17420
17311	17110
16910	16825
16903	17096
17345	17577
17753	17848
17888	17912
17943	17972
17966	17879
17688	17395
17014	16586
16189	15902
15741	15649
15584	15538
15516	15511
15526	15566
15632	15719
15820	15915
16005	16079
16102	16046
15987	16052
16269	16525
16704	16766
16784	16840
16871	16670
16064	15175
14574	14906
16051	17233
17918	18154
18147	18025
17864	17739
17686	17707
17762	17790
17745	17570
17490	16302
13976	13635
13482	13338
13294	13146
12859	12501
12028	11346
10690	10506
10917	11597
12150	12370
12325	12228
12227	12298
12397	12506
12638	12785
12920	12963
12832	12477
11907	11190
10411	9636
8926	8340
7952	7810
7889	8079
8266	8412
8581	8896
9397	10001
10570	11056
11652	12622
13837	14858
15500	15900
16149	16189
16056	15935
15940	16044
16155	16216
16194	16108
15983	15853
15778	15820
15964	16123
16206	16157
15989	15755
15487	15193
14853	14442
13961	13407
12737	11915
11000	10140
9452	8951
8655	8562
8615	8701
8728	8675
8595	8577
8687	8931
9284	9752
10438	11408
12418	12995
12892	12331
11981	12492
13812	15220
16103	16320
16070	15648
15285	15029
14758	14335
13858	13565
13480	13439
13522	14033
15007	16013
16424	15834
14522	13210
12250	11523
11002	10890
11233	11816
12437	13038
13638	14240
14785	15193
15466	15704
16034	16513
17063	17544
17920	18286
18729	19264
19866	20483
21080	21626
22127	22607
23075	23518
23937	24331
24697	25022
25246	25092
23896	21131
17461	14565
13709	14986
17434	19676
20859	20964
20481	19989
19765	19706
19561	19142
18501	17863
17424	17204
17092	16927
16624	16207
15781	15456
15272	15165
14969	14544
13996	13592
13449	13461
13486	13456
13368	13262
13205	13294
13592	14108
14779	15532
16316	17058
17491	17286
16422	15210
13974	12884
11989	11302
10814	10499
10295	10136
9981	9867
9868	10059
10424	10813
10977	10789
10489	10601
11426	12760
13930	14247
13718	13131
13401	14879
16809	17787
17072	15134
13266	12749
13825	15684
17388	18463
18967	19236
19399	19374
19198	19098
19152	19294
19528	19970
20557	21083
21440	21741
22168	22747
23204	23144
22529	21629
20491	19032
17643	17021
17279	17838
18157	18096
17771	17376
17104	17067
17231	17448
17596	17640
17644	17686
17795	17914
18007	18075
18138	18204
18261	18301
18310	18284
18223	18128
18010	17883
17749	17618
17460	17260
17045	16873
16776	16730
16708	16706
16734	16802
16912	17050
17204	17361
17504	17613
17668	17649
17575	17479
17393	17341
17351	17455
17667	17972
18317	18630
18845	18917
18846	18664
18401	18096
17826	17662
17601	17555
17459	17312
17170	17109
17160	17291
17426	17472
17381	17178
16960	16842
16886	17054
17279	17500
17674	17788
17855	17905
17952	17980
17959	17853
17646	17341
16964	16558
16190	15931
15782	15692
15622	15570
15540	15529
15541	15574
15640	15726
15827	15920
16011	16086
16097	16000
15891	15954
16222	16549
16765	16827
16831	16920
17045	16958
16425	15518
14807	14979
15990	17116
17823	18106
18133	18020
17859	17733
17683	17703
17754	17772
17730	17564
17504	16366
14152	13883
13740	13582
13456	13226
12869	12456
11930	11212
10554	10425
10917	11656
12225	12445
12404	12315
12308	12366
12447	12532
12634	12753
12863	12903
12788	12467
11937	11261
10489	9677
8895	8248
7830	7682
7761	7949
8130	8264
8418	8721
9233	9874
10507	11062
11700	12654
13827	14835
15499	15921
16189	16272
16205	16122
16122	16203
16287	16311
16266	16193
16116	16040
15995	16029
16134	16241
16276	16201
16031	15815
15578	15314
14986	14570
14063	13474
12763	11886
10923	10044
9362	8888
8611	8534
8595	8698
8751	8727
8668	8645
8727	8923
9230	9683
10405	11452
12539	13109
12827	11890
11067	11210
12434	14062
15355	15962
15958	15663
15356	15116
14849	14437
13959	13641
13537	13572
13807	14431
15359	16146
16274	15519
14238	13091
12303	11647
11092	10920
11238	11853
12542	13214
13846	14427
14910	15259
15502	15737
16069	16520
17017	17445
17793	18159
18624	19192
19824	20470
21084	21631
22117	22572
23017	23461
23906	24349
24781	25172
25411	25184
23903	21196
17770	15184
14480	15566
17494	19100
19744	19520
18913	18403
18178	18071
17854	17395
16774	16199
15822	15636
15512	15294
14911	14437
14014	13771
13750	13847
13860	13638
13286	13111
13235	13535
13832	14037
14139	14183
14249	14423
14752	15232
15802	16391
16957	17381
17331	16463
14910	13259
12005	11282
10983	10910
10899	10858
10724	10479
10175	9911
9771	9802
10029	10405
10732	10803
10722	10859
11476	12447
13298	13524
13172	12884
13373	14830
16500	17117
16132	14123
12367	12029
13283	15321
17199	18391
18924	19140
19231	19159
18980	18871
18928	19121
19451	19958
20558	21072
21435	21753
22167	22680
23056	22992
22477	21725
20763	19508
18282	17681
17801	18151
18294	18135
17787	17426
17206	17204
17379	17602
17765	17822
17822	17834
17896	17980
18056	18126
18195	18268
18336	18383
18399	18377
18314	18218
18097	17964
17823	17682
17525	17345
17155	16993
16880	16801
16746	16720
16739	16806
16920	17065
17224	17377
17508	17603
17656	17666
17644	17603
17552	17511
17503	17568
17730	17997
18333	18667
18916	19011
18940	18731
18446	18138
17887	17750
17695	17627
17483	17269
17077	16995
17074	17268
17476	17581
17518	17308
17059	16899
16891	17012
17202	17404
17583	17726
17834	17919
17976	17991
17934	17788
17548	17236
16875	16509
16192	15971
15840	15753
15676	15613
15570	15547
15551	15582
15642	15728
15824	15908
15988	16052
16062	15987
15917	16007
16277	16578
16764	16817
16857	17019
17233	17217
16715	15783
14969	14956
15782	16835
17604	17994
18097	18011
17850	17723
17683	17709
17747	17746
17691	17548
17522	16470
14412	14216
14085	13889
13663	13317
12871	12386
11800	11038
10386	10329
10932	11747
12330	12537
12484	12394
12385	12438
12503	12566
12634	12724
12812	12851
12760	12480
12004	11370
10606	9738
8865	8134
7669	7510
7587	7774
7949	8064
8191	8475
8993	9682
10395	11035
11707	12617
13713	14698
15386	15810
16040	16107
16087	16102
16196	16324
16403	16395
16334	16284
16266	16252
16241	16258
16302	16337
16305	16193
16020	15833
15642	15426
15131	14724
14201	13578
12822	11889
10874	9970
9293	8836
8579	8516
8599	8738
8841	8870
8838	8814
8842	8959
9186	9597
10311	11370
12456	13003
12620	11447
10243	9961
10908	12590
14240	15294
15653	15595
15403	15186
14898	14471
13976	13610
13489	13634
14095	14896
15795	16323
16107	15140
13873	12889
12299	11798
11310	11126
11394	11980
12689	13409
14073	14629
15036	15307
15501	15718
16039	16467
16934	17348
17701	18061
18504	19039
19659	20322
20985	21601
22157	22672
23165	23638
24096	24537
24956	25310
25456	25098
23815	21424
18508	16227
15352	15817
16932	17833
18055	17677
17079	16645
16483	16420
16213	15737
15073	14459
14069	13932
13925	13873
13670	13350
13037	12875
12926	13131
13323	13362
13310	13384
13684	14127
14580	14949
15212	15398
15560	15752
16009	16334
16699	17059
17358	17425
16838	15224
12902	10782
9542	9263
9628	10192
10636	10817
10711	10373
9950	9620
9479	9532
9830	10403
11079	11562
11798	12014
12419	12974
13378	13303
12839	12533
12948	14192
15566	15970
14953	13085
11542	11387
12769	14928
16930	18215
18787	19003
19101	19085
18958	18823
18787	18916
19249	19783
20427	21034
21536	21963
22375	22764
22986	22867
22405	21733
20878	19827
18802	18195
18074	18143
18120	17943
17679	17441
17321	17354
17513	17712
17869	17947
17965	17977
18009	18061
18120	18182
18254	18332
18409	18465
18488	18470
18411	18316
18193	18054
17908	17764
17619	17469
17313	17164
17030	16912
16817	16762
16768	16831
16944	17092
17246	17389
17503	17582
17638	17686
17725	17749
17744	17712
17675	17678
17768	17977
18287	18633
18911	19032
18961	18734
18427	18138
17936	17847
17810	17719
17518	17238
16989	16894
17008	17279
17575	17750
17714	17493
17199	16983
16913	16979
17125	17306
17490	17663
17816	17939
18008	18000
17899	17700
17427	17104
16769	16456
16198	16017
15906	15821
15741	15662
15603	15564
15559	15584
15643	15723
15813	15889
15953	16002
16025	16020
16039	16170
16394	16601
16706	16747
16843	17095
17379	17390
16885	15927
15028	14839
15472	16453
17309	17841
18043	17996
17840	17718
17692	17726
17746	17715
17641	17522
17542	16571
14638	14500
14374	14150
13840	13402
12883	12343
11707	10911
10260	10259
10943	11810
12405	12605
12553	12469
12464	12517
12567	12605
12645	12707
12779	12813
12740	12488
12055	11455
10690	9769
8803	7990
7479	7302
7378	7571
7748	7851
7960	8229
8746	9465
10235	10933
11627	12490
13516	14480
15195	15629
15826	15871
15892	16001
16205	16396
16490	16472
16411	16390
16419	16440
16433	16420
16415	16386
16303	16159
15990	15827
15674	15496
15231	14835
14307	13667
12880	11920
10880	9964
9288	8837
8581	8523
8619	8781
8931	9005
9010	8986
8985	9042
9211	9577
10256	11262
12293	12809
12430	11237
9880	9241
9765	11226
12996	14428
15232	15512
15477	15273
14934	14454
13910	13479
13334	13594
14295	15304
16236	16582
16082	14904
13572	12635
12165	11840
11535	11454
11729	12274
12940	13621
14233	14706
15027	15238
15417	15662
16012	16453
16932	17387
17784	18125
18456	18852
19367	20010
20755	21539
22317	23038
23668	24182
24577	24871
25088	25204
25108	24574
23337	21314
18904	16858
15726	15556
15949	16313
16297	15920
15443	15138
15062	15041
14847	14365
13695	13072
12703	12642
12790	12963
13023	12948
12820	12772
12890	13166
13501	13792
14029	14298
14651	15071
15495	15870
16164	16387
16566	16726
16886	17066
17259	17434
17514	17276
16246	14065
11204	8797
7635	7731
8595	9602
10324	10606
10471	10034
9524	9174
9082	9236
9708	10582
11702	12715
13438	13950
14379	14710
14738	14260
13424	12753
12767	13587
14639	14978
14156	12586
11282	11239
12638	14792
16799	18090
18659	18873
19001	19057
18995	18840
18721	18777
19092	19640
20330	21045
21695	22234
22648	22930
23018	22846
22413	21782
20994	20093
19220	18583
18229	18046
17897	17728
17560	17439
17406	17470
17610	17783
17934	18026
18068	18084
18107	18141
18191	18251
18326	18412
18495	18558
18586	18565
18507	18414
18293	18152
18006	17865
17734	17607
17482	17343
17192	17041
16914	16840
16835	16892
17002	17141
17289	17419
17520	17587
17648	17720
17805	17872
17895	17867
17807	17758
17785	17940
18222	18563
18855	18990
18913	18673
18357	18084
17927	17885
17875	17788
17567	17259
16989	16903
17051	17380
17736	17948
17917	17672
17338	17067
16946	16964
17073	17234
17421	17617
17804	17954
18032	18007
17870	17634
17331	17006
16692	16424
16217	16071
15971	15883
15796	15711
15639	15588
15572	15588
15640	15713
15794	15865
15922	15967
16011	16067
16164	16322
16499	16613
16647	16673
16815	17126
17451	17472
16963	16001
15058	14736
15205	16121
17044	17693
17986	17978
17834	17721
17713	17749
17756	17692
17600	17490
17545	16619
14752	14646
14523	14291
13947	13470
12920	12353
11694	10876
10219	10232
10942	11826
12429	12641
12616	12556
12564	12611
12648	12663
12678	12719
12775	12800
12722	12483
12065	11481
10709	9746
8712	7833
7275	7078
7156	7364
7554	7667
7773	8033
8544	9268
10053	10773
11472	12307
13290	14244
14988	15448
15650	15701
15752	15920
16187	16428
16540	16532
16484	16488
16541	16561
16530	16488
16450	16390
16279	16124
15955	15806
15673	15514
15267	14879
14354	13706
12918	11960
10935	10030
9354	8893
8628	8553
8641	8807
8973	9079
9115	9115
9121	9173
9325	9664
10288	11202
12139	12635
12370	11380
10122	9261
9280	10244
11831	13490
14766	15459
15620	15432
15035	14495
13889	13383
13203	13536
14410	15591
16585	16851
16173	14811
13345	12317
11841	11642
11563	11688
12074	12636
13260	13848
14331	14681
14916	15103
15325	15636
16037	16498
16990	17487
17935	18269
18516	18800
19233	19877
20719	21697
22711	23634
24352	24800
24973	24927
24740	24456
24034	23353
22217	20528
18503	16637
15357	14809
14780	14863
14774	14483
14162	13992
13988	13977
13784	13355
12795	12303
12055	12106
12380	12717
12982	13125
13197	13292
13492	13809
14210	14630
15016	15351
15642	15920
16186	16426
16629	16795
16932	17046
17157	17271
17391	17476
17423	16973
15667	13222
10198	7788
6779	7119
8229	9408
10196	10457
10247	9732
9172	8830
8810	9104
9777	10932
12431	13920
15157	16106
16788	17139
16977	16161
14902	13754
13270	13632
14398	14744
14171	12891
11755	11725
13029	15044
16924	18114
18612	18785
18911	18998
18971	18829
18690	18732
19054	19620
20340	21116
21848	22448
22870	23103
23130	22941
22530	21926
21175	20351
19547	18866
18363	18022
17793	17626
17505	17442
17453	17531
17667	17829
17979	18085
18140	18165
18186	18222
18277	18348
18428	18517
18604	18666
18690	18671
18612	18518
18400	18265
18117	17979
17855	17745
17632	17499
17341	17173
17032	16948
16936	16988
17092	17223
17359	17480
17573	17638
17695	17771
17865	17944
17976	17946
17871	17798
17792	17915
18168	18491
18767	18894
18815	18573
18263	18001
17868	17854
17874	17814
17619	17340
17105	17047
17223	17570
17933	18139
18089	17815
17444	17139
16982	16968
17056	17203
17389	17595
17801	17960
18044	18010
17858	17605
17293	16966
16672	16430
16254	16127
16031	15943
15849	15757
15681	15624
15594	15601
15641	15705
15777	15847
15909	15962
16021	16105
16231	16395
16542	16617
16618	16640
16801	17130
17461	17487
16996	16063
15120	14719
15064	15909
16851	17569
17925	17953
17828	17734
17739	17778
17768	17686
17577	17464
17529	16611
14755	14659
14547	14328
13992	13518
12968	12400
11735	10910
10240	10248
10946	11828
12430	12672
12683	12655
12677	12723
12748	12748
12745	12767
12805	12811
12717	12469
12049	11465
10683	9695
8621	7693
7098	6877
6953	7179
7400	7537
7652	7909
8406	9114
9890	10608
11303	12124
13093	14050
14816	15309
15541	15614
15689	15879
16170	16423
16545	16543
16511	16535
16595	16606
16548	16479
16431	16365
16248	16089
15920	15774
15648	15497
15256	14878
14358	13712
12931	11998
11005	10123
9452	8979
8688	8591
8656	8809
8973	9093
9159	9198
9244	9331
9499	9822
10373	11173
12005	12511
12441	11804
10815	9850
9351	9668
10849	12569
14268	15405
15817	15698
15286	14710
14064	13501
13264	13603
14544	15790
16789	16975
16164	14662
13059	11909
11354	11198
11285	11626
12207	12901
13564	14098
14470	14709
14883	15076
15351	15715
16130	16557
16993	17469
17949	18369
18734	19146
19696	20431
21334	22350
23360	24203
24736	24877
24645	24137
23481	22783
22098	21371
20427	19092
17427	15780
14519	13838
13635	13609
13528	13334
13130	13043
13073	13085
12965	12709
12410	12196
12171	12370
12735	13149
13510	13774
13961	14138
14353	14621
14942	15289
15607	15854
16022	16146
16261	16371
16485	16602
16721	16834
16948	17066
17176	17230
17101	16527
15105	12639
9722	7504
6700	7197
8371	9529
10236	10397
10102	9539
8978	8685
8793	9314
10261	11645
13322	15019
16534	17786
18709	19172
18967	17992
16502	15091
14339	14460
15077	15416
14956	13805
12720	12625
13760	15555
17217	18232
18615	18728
18825	18907
18893	18772
18660	18736
19084	19670
20404	21196
21947	22568
23001	23231
23255	23072
22683	22101
21379	20584
19798	19083
18498	18079
17809	17634
17521	17466
17484	17568
17705	17870
18024	18140
18202	18236
18264	18311
18381	18466
18555	18649
18732	18792
18816	18800
18743	18652
18530	18393
18248	18111
17989	17883
17772	17639
17478	17306
17161	17071
17056	17107
17206	17331
17457	17567
17654	17713
17767	17837
17923	17995
18017	17982
17902	17827
17814	17919
18144	18428
18669	18773
18693	18464
18171	17928
17804	17801
17845	17823
17679	17462
17281	17260
17452	17791
18127	18296
18215	17914
17524	17200
17027	16995
17067	17203
17385	17591
17800	17963
18047	18014
17859	17607
17300	16983
16697	16472
16308	16193
16096	16002
15904	15813
15732	15668
15630	15625
15652	15702
15769	15838
15909	15975
16043	16127
16244	16394
16536	16608
16617	16648
16803	17117
17434	17467
17018	16145
15229	14778
15017	15778
16704	17455
17854	17923
17827	17757
17775	17816
17797	17695
17567	17435
17489	16547
14654	14574
14476	14286
13980	13538
13010	12458
11799	10974
10301	10294
10979	11843
12451	12714
12765	12767
12800	12845
12862	12852
12835	12841
12861	12846
12732	12464
12032	11433
10643	9648
8556	7602
6968	6722
6797	7044
7299	7465
7595	7847
8328	9011
9769	10484
11179	12000
12969	13931
14717	15239
15503	15598
15681	15867
16149	16390
16501	16493
16463	16493
16561	16571
16506	16430
16380	16320
16208	16048
15879	15730
15605	15464
15236	14866
14350	13705
12930	12020
11060	10205
9539	9054
8743	8614
8651	8781
8935	9066
9160	9244
9343	9481
9679	9986
10470	11152
11896	12451
12636	12402
11743	10758
9818	9489
10159	11770
13736	15261
15965	15983
15615	15055
14417	13828
13536	13826
14731	15922
16817	16864
15916	14324
12675	11474
10872	10713
10885	11399
12197	13085
13856	14389
14676	14821
14948	15161
15484	15880
16274	16625
16971	17410
17974	18622
19320	20075
20883	21710
22526	23295
23941	24354
24420	24089
23407	22485
21471	20496
19671	19004
18321	17369
16108	14767
13664	13011
12774	12734
12690	12567
12419	12343
12361	12401
12410	12413
12448	12567
12791	13123
13524	13924
14270	14538
14736	14883
15006	15125
15239	15354
15461	15549
15612	15671
15741	15843
15980	16141
16311	16479
16632	16769
16876	16896
16705	16054
14598	12223
9528	7581
6997	7588
8737	9780
10341	10379
10011	9440
8921	8725
9029	9865
11135	12674
14307	15899
17372	18664
19669	20193
20017	19052
17594	16241
15557	15725
16341	16636
16121	14936
13822	13635
14587	16135
17548	18372
18639	18687
18750	18811
18791	18691
18621	18733
19106	19702
20441	21232
21985	22608
23051	23293
23333	23168
22803	22244
21542	20770
19992	19255
18631	18173
17883	17695
17571	17508
17519	17601
17742	17912
18071	18191
18268	18314
18357	18423
18509	18607
18705	18796
18879	18938
18963	18954
18899	18806
18683	18541
18392	18255
18128	18024
17916	17782
17621	17450
17301	17208
17188	17236
17333	17449
17566	17670
17747	17800
17848	17912
17990	18047
18057	18015
17939	17870
17861	17956
18148	18385
18581	18658
18579	18379
18124	17908
17795	17794
17844	17846
17743	17578
17446	17457
17654	17966
18263	18393
18283	17972
17582	17260
17084	17045
17104	17229
17402	17603
17805	17969
18053	18022
17875	17632
17337	17031
16759	16542
16387	16275
16178	16078
15976	15879
15796	15729
15682	15665
15678	15719
15778	15851
15929	16006
16079	16149
16238	16367
16508	16603
16637	16679
16819	17099
17390	17434
17044	16255
15382	14882
15004	15666
16564	17336
17777	17890
17834	17790
17824	17866
17838	17716
17565	17403
17442	16432
14437	14381
14310	14163
13909	13515
13031	12509
11874	11059
10389	10376
11048	11907
12517	12799
12876	12900
12934	12974
12983	12962
12932	12922
12926	12895
12763	12476
12024	11409
10617	9622
8538	7567
6905	6628
6692	6955
7245	7444
7593	7841
8297	8958
9705	10418
11122	11946
12914	13882
14689	15236
15518	15624
15701	15869
16118	16328
16410	16385
16341	16367
16441	16467
16417	16355
16315	16260
16156	15998
15824	15674
15555	15424
15211	14853
14337	13693
12923	12027
11093	10253
9591	9101
8772	8615
8618	8725
8866	9003
9123	9250
9406	9594
9826	10128
10557	11155
11857	12503
12958	13107
12768	11839
10617	9764
9900	11197
13162	14916
15899	16109
15816	15312
14739	14178
13858	14085
14908	15970
16689	16545
15466	13854
12270	11153
10605	10484
10727	11372
12343	13378
14210	14697
14872	14908
14990	15229
15628	16091
16506	16830
17162	17681
18462	19421
20460	21482
22399	23113
23587	23847
23897	23723
23287	22575
21627	20536
19403	18340
17483	16903
16456	15852
14979	13984
13128	12607
12437	12456
12490	12439
12314	12193
12130	12139
12237	12443
12751	13122
13505	13869
14197	14481
14716	14904
15038	15107
15108	15045
14943	14833
14756	14743
14799	14916
15085	15309
15578	15871
16151	16397
16590	16719
16783	16736
16461	15729
14254	11993
9533	7851
7458	8107
9182	10066
10452	10362
9951	9416
8990	8935
9454	10589
12131	13725
15173	16486
17730	18898
19855	20376
20230	19360
18067	16941
16497	16848
17537	17789
17177	15936
14802	14557
15355	16678
17861	18516
18679	18678
18706	18733
18695	18604
18565	18711
19094	19693
20431	21217
21962	22586
23033	23285
23340	23200
22858	22324
21646	20896
20128	19391
18749	18275
17972	17775
17639	17564
17563	17640
17778	17946
18111	18241
18333	18400
18465	18548
18648	18753
18855	18951
19032	19091
19121	19114
19063	18972
18845	18698
18547	18409
18287	18182
18073	17941
17778	17603
17451	17353
17326	17369
17461	17574
17690	17785
17852	17899
17945	18007
18077	18122
18119	18072
18004	17951
17953	18035
18194	18381
18530	18581
18512	18346
18141	17968
17874	17870
17898	17892
17800	17662
17557	17579
17762	18044
18303	18400
18279	17977
17611	17316
17158	17122
17175	17287
17446	17634
17825	17983
18066	18042
17905	17676
17397	17105
16849	16646
16500	16391
16290	16181
16073	15967
15877	15803
15749	15722
15726	15757
15811	15881
15963	16050
16125	16178
16234	16338
16483	16600
16663	16713
16833	17077
17341	17404
17086	16394
15574	15021
15008	15556
16418	17216
17704	17869
17855	17841
17892	17935
17894	17750
17574	17378
17398	16281
14113	14091
14052	13958
13767	13441
13017	12547
11946	11154
10494	10486
11159	12017
12627	12920
13009	13038
13071	13103
13107	13072
13028	13002
12995	12956
12814	12510
12037	11409
10612	9635
8564	7586
6887	6572
6616	6889
7210	7443
7610	7850
8291	8933
9678	10399
11114	11934
12896	13866
14691	15254
15551	15661
15726	15865
16072	16241
16294	16241
16179	16196
16280	16328
16308	16269
16240	16191
16087	15933
15762	15617
15506	15386
15183	14831
14322	13682
12914	12024
11096	10263
9602	9106
8762	8584
8558	8638
8767	8905
9048	9216
9420	9659
9927	10242
10646	11209
11922	12699
13409	13860
13778	12971
11661	10480
10113	10897
12547	14293
15491	15911
15740	15333
14871	14391
14081	14271
15014	15944
16478	16148
14962	13379
11939	10991
10577	10557
10893	11645
12714	13798
14599	14978
15017	14951
15018	15341
15891	16511
17049	17451
17873	18553
19554	20709
21830	22790
23474	23787
23728	23386
22868	22234
21507	20675
19748	18761
17746	16773
15981	15486
15190	14832
14271	13597
13012	12690
12656	12793
12944	12976
12865	12666
12476	12382
12466	12744
13170	13618
13991	14236
14367	14439
14513	14600
14685	14719
14657	14503
14284	14073
13946	13953
14105	14373
14726	15144
15595	16038
16428	16728
16922	17001
16976	16831
16449	15617
14112	11948
9699	8243
7991	8648
9605	10303
10510	10317
9906	9460
9179	9296
10015	11369
13059	14612
15822	16826
17809	18796
19648	20112
19969	19181
18062	17166
16948	17461
18214	18450
17814	16597
15526	15289
15990	17136
18128	18647
18742	18710
18705	18692
18618	18524
18511	18677
19067	19659
20393	21174
21917	22535
22980	23237
23306	23188
22877	22369
21711	20980
20229	19503
18860	18381
18069	17861
17712	17626
17615	17684
17812	17977
18145	18289
18403	18493
18580	18681
18795	18905
19008	19102
19186	19245
19274	19268
19223	19132
19001	18853
18705	18567
18449	18345
18235	18104
17940	17766
17610	17505
17467	17500
17589	17701
17812	17901
17963	18004
18049	18115
18184	18223
18208	18160
18102	18069
18083	18158
18283	18420
18526	18555
18497	18373
18228	18109
18049	18028
18018	17963
17846	17700
17594	17607
17767	18011
18234	18316
18199	17931
17613	17366
17244	17225
17277	17378
17519	17690
17871	18019
18101	18084
17962	17749
17484	17209
16968	16782
16649	16542
16436	16323
16202	16086
15983	15900
15839	15803
15797	15821
15865	15932
16017	16115
16191	16223
16236	16315
16461	16604
16693	16746
16845	17048
17288	17374
17141	16560
15799	15185
15026	15450
16272	17098
17641	17863
17895	17917
17985	18032
17975	17807
17597	17368
17369	16113
13712	13728
13728	13693
13567	13312
12962	12555
12001	11242
10604	10609
11295	12154
12768	13060
13152	13175
13204	13226
13221	13174
13114	13077
13062	13018
12868	12558
12075	11437
10644	9684
8627	7637
6895	6525
6533	6806
7151	7414
7596	7839
8268	8907
9652	10388
11110	11921
12854	13815
14647	15234
15547	15668
15730	15847
16022	16158
16183	16107
16033	16049
16142	16210
16208	16180
16154	16101
16002	15854
15694	15560
15459	15347
15149	14802
14299	13658
12897	12008
11077	10240
9578	9079
8731	8538
8489	8543
8652	8788
8946	9148
9399	9689
10004	10345
10765	11343
12114	13037
13950	14595
14676	14030
12808	11501
10706	10848
11898	13398
14708	15368
15400	15167
14860	14479
14195	14377
15079	15920
16310	15825
14546	12997
11694	10902
10610	10688
11116	11956
13085	14186
14949	15259
15230	15153
15298	15789
16565	17424
18158	18700
19199	19906
20857	21847
22666	23193
23357	23124
22545	21765
20936	20148
19419	18715
17994	17251
16485	15743
15132	14756
14552	14337
14002	13605
13278	13161
13271	13529
13778	13876
13754	13460
13124	12913
12932	13190
13580	13936
14132	14129
13983	13816
13729	13767
13879	13977
13983	13869
13677	13506
13447	13558
13851	14287
14822	15415
16011	16555
16995	17293
17432	17422
17284	17029
16542	15631
14104	12027
9957	8679
8514	9131
9935	10435
10482	10221
9863	9561
9473	9793
10698	12194
13929	15376
16344	17069
17805	18601
19309	19668
19481	18742
17762	17045
16980	17573
18339	18580
17998	16902
15974	15807
16467	17486
18338	18760
18822	18778
18756	18699
18581	18474
18476	18662
19058	19649
20372	21148
21884	22497
22938	23198
23274	23178
22893	22414
21781	21067
20330	19613
18976	18492
18171	17949
17790	17689
17665	17725
17851	18012
18183	18341
18479	18591
18695	18809
18932	19046
19148	19241
19329	19389
19418	19413
19371	19278
19144	18996
18852	18720
18602	18500
18391	18259
18094	17920
17760	17647
17600	17628
17709	17821
17927	18011
18065	18103
18149	18222
18300	18337
18318	18266
18223	18211
18244	18319
18414	18508
18572	18583
18535	18456
18368	18313
18283	18250
18183	18058
17884	17701
17570	17564
17686	17894
18084	18157
18062	17839
17584	17405
17337	17346
17399	17491
17621	17777
17944	18090
18171	18163
18048	17851
17604	17345
17117	16943
16824	16725
16619	16499
16367	16238
16122	16030
15961	15919
15899	15911
15943	16001
16087	16193
16266	16273
16244	16292
16436	16609
16726	16785
16855	17015
17229	17347
17209	16745
16051	15376
15060	15353
16135	16996
17598	17879
17961	18020
18108	18153
18081	17887
17645	17379
17365	15947
13279	13333
13367	13392
13331	13149
12872	12530
12028	11306
10695	10723
11420	12288
12900	13187
13269	13291
13316	13336
13323	13269
13199	13154
13133	13084
12931	12616
12128	11493
10706	9762
8711	7693
6887	6446
6411	6672
7035	7323
7523	7773
8204	8844
9605	10357
11081	11866
12752	13681
14521	15137
15483	15630
15703	15817
15979	16097
16106	16024
15950	15974
16076	16143
16138	16099
16064	16007
15908	15768
15622	15504
15417	15312
15117	14770
14268	13635
12875	11981
11036	10192
9529	9035
8688	8492
8429	8462
8550	8675
8842	9073
9370	9707
10068	10461
10934	11567
12420	13470
14511	15235
15394	14914
13904	12643
11534	11002
11303	12357
13667	14603
14980	15039
14934	14640
14371	14541
15226	16008
16288	15664
14278	12711
11468	10746
10499	10624
11124	12056
13289	14493
15350	15751
15822	15876
16178	16859
17827	18855
19709	20296
20712	21152
21668	22119
22352	22281
21882	21186
20298	19373
18550	17889
17368	16908
16444	15954
15466	15039
14725	14534
14424	14320
14187	14040
13957	13997
14181	14452
14687	14738
14523	14087
13610	13308
13295	13510
13799	13984
13947	13678
13280	12923
12744	12787
12991	13233
13392	13421
13355	13301
13365	13603
14025	14590
15246	15936
16594	17156
17563	17793
17842	17727
17492	17151
16598	15644
14131	12153
10233	9088
8963	9501
10136	10450
10371	10096
9837	9730
9877	10422
11500	13084
14797	16097
16836	17305
17807	18397
18925	19144
18891	18197
17356	16804
16853	17473
18201	18422
17903	16959
16206	16150
16810	17739
18484	18844
18901	18872
18837	18742
18582	18454
18470	18685
19097	19688
20406	21172
21902	22510
22946	23203
23284	23202
22940	22483
21867	21169
20445	19735
19097	18608
18275	18041
17866	17750
17713	17766
17891	18053
18232	18405
18559	18689
18806	18927
19053	19166
19267	19363
19451	19515
19544	19541
19498	19405
19272	19122
18978	18846
18729	18629
18526	18398
18233	18053
17890	17770
17717	17737
17816	17919
18024	18101
18150	18179
18228	18311
18402	18443
18419	18371
18337	18352
18409	18486
18562	18618
18643	18636
18604	18565
18546	18548
18547	18497
18366	18159
17914	17683
17522	17482
17570	17738
17899	17969
17900	17730
17544	17439
17435	17481
17543	17627
17745	17892
18050	18191
18275	18270
18167	17982
17750	17508
17292	17131
17021	16932
16833	16709
16566	16423
16296	16192
16112	16060
16033	16028
16046	16092
16174	16280
16349	16323
16252	16265
16414	16612
16763	16829
16870	16984
17170	17317
17277	16942
16315	15580
15113	15277
16022	16913
17575	17915
18048	18147
18256	18302
18211	17992
17720	17415
17387	15807
12858	12946
13013	13093
13091	12979
12769	12483
12030	11347
10764	10812
11517	12383
12988	13269
13347	13368
13396	13418
13401	13346
13278	13232
13208	13153
12999	12681
12196	11563
10790	9854
8799	7738
6858	6337
6241	6482
6852	7165
7388	7654
8091	8743
9523	10299
11027	11769
12590	13477
14318	14971
15364	15549
15650	15779
15943	16064
16073	16004
15946	15990
16094	16141
16097	16028
15976	15919
15822	15691
15555	15449
15374	15277
15084	14742
14241	13613
12852	11948
10984	10131
9473	8991
8656	8464
8398	8420
8491	8604
8773	9026
9351	9730
10141	10597
11148	11861
12795	13917
15005	15724
15905	15581
14831	13722
12440	11338
10889	11390
12580	13804
14667	15171
15320	15104
14814	14942
15581	16287
16431	15634
14100	12458
11211	10488
10232	10371
10945	12013
13446	14898
16045	16739
17082	17352
17801	18545
19491	20420
21127	21508
21609	21545
21408	21197
20851	20303
19546	18651
17736	16926
16308	15893
15629	15413
15179	14921
14714	14633
14663	14713
14745	14800
14906	15041
15171	15281
15382	15469
15473	15283
14835	14189
13563	13214
13218	13431
13651	13706
13520	13106
12591	12163
11973	12055
12348	12707
13003	13168
13238	13322
13520	13875
14395	15039
15748	16461
17103	17607
17930	18055
17995	17796
17504	17126
16559	15612
14143	12263
10470	9423
9307	9753
10230	10391
10230	9986
9872	9990
10393	11167
12391	14007
15628	16754
17270	17514
17797	18176
18513	18592
18295	17688
17031	16683
16860	17483
18125	18267
17754	16929
16342	16401
17068	17927
18578	18895
18961	18956
18928	18808
18612	18472
18509	18750
19190	19788
20501	21256
21976	22572
23001	23250
23334	23260
23010	22569
21968	21284
20571	19863
19221	18722
18376	18130
17939	17807
17760	17805
17931	18100
18286	18471
18641	18782
18905	19026
19151	19267
19365	19460
19549	19618
19653	19650
19605	19513
19381	19231
19083	18951
18835	18738
18641	18519
18354	18170
17993	17868
17807	17821
17890	17991
18089	18165
18208	18235
18280	18366
18466	18510
18487	18440
18426	18468
18551	18638
18700	18723
18716	18694
18679	18686
18728	18784
18804	18725
18532	18254
17947	17674
17486	17424
17481	17609
17739	17799
17756	17637
17522	17491
17549	17633
17702	17779
17884	18021
18175	18313
18395	18394
18298	18129
17912	17684
17479	17329
17236	17157
17062	16939
16788	16629
16488	16371
16283	16219
16182	16168
16175	16212
16285	16385
16440	16379
16259	16241
16389	16617
16804	16877
16888	16956
17115	17293
17344	17132
16577	15788
15182	15227
15938	16859
17575	17974
18161	18295
18424	18471
18366	18118
17814	17470
17432	15702
12489	12605
12698	12824
12878	12821
12664	12428
12011	11356
10791	10847
11549	12409
13006	13285
13373	13407
13443	13471
13457	13407
13346	13305
13279	13221
13064	12752
12268	11645
10882	9962
8899	7791
6828	6220
6060	6268
6641	6973
7225	7513
7965	8632
9435	10238
10970	11667
12410	13245
14091	14787
15229	15457
15587	15735
15916	16046
16072	16023
15990	16052
16155	16169
16076	15968
15903	15846
15756	15631
15502	15402
15333	15240
15054	14716
14223	13599
12834	11912
10931	10073
9427	8971
8659	8482
8419	8435
8497	8601
8765	9019
9361	9765
10224	10751
11386	12181
13170	14312
15373	16041
16223	16034
15531	14624
13315	11856
10806	10728
11650	13066
14446	15469
15932	15808
15496	15553
16101	16670
16625	15623
13932	12240
11023	10355
10144	10351
11042	12285
13948	15697
17187	18230
18868	19305
19759	20333
20962	21474
21728	21669
21318	20751
20080	19401
18710	17956
17130	16306
15576	15012
14647	14470
14421	14433
14447	14468
14568	14816
15146	15413
15610	15880
16273	16685
16964	17010
16826	16489
16028	15412
14615	13717
12951	12582
12638	12893
13106	13137
12947	12559
12098	11734
11592	11710
12017	12395
12728	12955
13123	13340
13689	14184
14797	15500
16233	16928
17513	17927
18134	18141
17985	17727
17418	17049
16499	15572
14143	12336
10647	9671
9558	9925
10275	10325
10126	9946
10005	10362
11023	12006
13319	14862
16289	17190
17525	17617
17755	17984
18173	18153
17859	17378
16940	16798
17083	17670
18179	18196
17660	16930
16489	16648
17314	18091
18654	18924
19003	19030
19014	18883
18668	18526
18581	18857
19318	19924
20629	21372
22076	22658
23072	23310
23392	23318
23076	22643
22050	21377
20675	19971
19332	18825
18465	18205
17999	17859
17804	17844
17965	18141
18335	18535
18715	18865
18989	19110
19234	19346
19443	19534
19625	19696
19734	19732
19684	19593
19463	19313
19160	19023
18911	18822
18733	18613
18448	18256
18073	17936
17868	17872
17933	18025
18122	18201
18245	18269
18310	18390
18486	18526
18495	18459
18468	18541
18650	18751
18801	18799
18764	18734
18737	18794
18888	18984
19011	18903
18659	18329
17986	17696
17505	17433
17471	17564
17659	17700
17671	17589
17531	17564
17677	17795
17876	17945
18036	18162
18308	18442
18525	18527
18438	18279
18077	17862
17673	17539
17458	17390
17300	17172
17012	16845
16687	16555
16452	16381
16343	16323
16325	16350
16410	16496
16532	16434
16269	16222
16371	16627
16846	16929
16916	16938
17071	17272
17410	17310
16825	16000
15272	15211
15891	16837
17603	18058
18292	18461
18605	18654
18536	18262
17926	17551
17498	15635
12186	12322
12440	12601
12699	12684
12569	12364
11969	11329
10773	10823
11513	12354
12949	13240
13353	13413
13467	13501
13494	13453
13401	13365
13341	13286
13132	12826
12353	11735
10988	10088
9029	7886
6845	6150
5920	6091
6458	6809
7088	7398
7871	8555
9388	10225
10966	11617
12282	13067
13914	14642
15127	15385
15536	15697
15885	16021
16058	16027
16014	16091
16189	16177
16046	15910
15838	15786
15707	15588
15465	15366
15299	15209
15026	14695
14208	13587
12815	11878
10885	10031
9410	8990
8712	8557
8505	8519
8573	8661
8813	9056
9398	9821
10313	10905
11624	12488
13501	14606
15588	16200
16398	16321
16003	15298
14104	12559
11156	10537
11001	12349
14063	15543
16345	16396
16120	16131
16562	16949
16681	15488
13725	12130
11143	10741
10772	11193
12064	13437
15195	17047
18670	19851
20567	20962
21207	21396
21511	21442
21130	20587
19877	19070
18248	17462
16717	15981
15274	14663
14198	13892
13746	13756
13912	14185
14540	14946
15413	15948
16453	16830
17149	17614
18254	18863
19157	18960
18295	17342
16266	15146
14003	12909
12069	11716
11831	12132
12372	12452
12355	12117
11823	11596
11527	11635
11878	12172
12437	12645
12877	13245
13795	14468
15211	15991
16763	17452
17980	18295
18387	18277
18032	17726
17415	17062
16525	15590
14158	12390
10774	9860
9757	10072
10335	10317
10114	10025
10259	10851
11752	12903
14223	15559
16655	17289
17503	17569
17703	17902
18042	17992
17729	17371
17100	17094
17397	17862
18195	18102
17595	17000
16711	16950
17594	18278
18740	18956
19039	19089
19092	18961
18742	18607
18685	18977
19445	20047
20738	21465
22150	22712
23105	23332
23407	23335
23092	22662
22076	21410
20720	20033
19405	18904
18541	18268
18050	17898
17838	17875
18002	18185
18391	18597
18784	18938
19065	19185
19305	19411
19503	19589
19674	19746
19787	19786
19736	19643
19515	19366
19211	19074
18966	18884
18796	18678
18509	18312
18120	17975
17901	17899
17951	18038
18135	18216
18264	18286
18317	18387
18466	18487
18449	18418
18453	18562
18703	18816
18860	18835
18778	18742
18770	18868
19005	19121
19138	19004
18728	18378
18036	17760
17595	17539
17570	17636
17696	17704
17663	17596
17574	17654
17812	17960
18049	18113
18194	18308
18444	18573
18654	18662
18581	18431
18239	18033
17857	17743
17678	17619
17527	17394
17228	17052
16883	16736
16622	16542
16496	16475
16473	16488
16537	16608
16620	16489
16290	16216
16366	16645
16891	16982
16948	16933
17040	17256
17469	17472
17052	16197
15367	15219
15870	16839
17649	18154
18433	18632
18790	18841
18713	18418
18052	17643
17577	15604
11960	12109
12242	12432
12561	12577
12487	12299
11912	11273
10712	10748
11417	12242
12835	13151
13303	13397
13473	13523
13525	13490
13442	13413
13395	13347
13200	12901
12440	11835
11103	10230
9195	8030
6925	6150
5856	5991
6351	6715
7017	7349
7837	8546
9413	10286
11039	11652
12253	12989
13833	14581
15085	15357
15511	15669
15847	15973
16003	15973
15969	16050
16147	16131
15992	15854
15781	15737
15664	15553
15431	15337
15268	15177
14997	14672
14192	13574
12799	11851
10854	10014
9426	9046
8807	8678
8640	8655
8702	8772
8901	9127
9464	9889
10408	11046
11826	12736
13746	14777
15664	16241
16483	16491
16290	15763
14797	13414
11922	10840
10665	11580
13263	14989
16120	16448
16332	16374
16722	16936
16482	15193
13526	12260
11775	11912
12409	13173
14213	15556
17122	18704
20052	20983
21448	21551
21429	21182
20819	20292
19589	18779
17957	17207
16538	15900
15268	14668
14162	13814
13628	13570
13616	13791
14143	14703
15447	16290
17136	17899
18482	18868
19219	19775
20523	21154
21281	20673
19394	17748
16050	14496
13139	12006
11235	10993
11209	11566
11825	11942
11942	11862
11750	11662
11646	11711
11844	12004
12157	12319
12596	13115
13877	14753
15646	16536
17379	18086
18577	18806
18782	18561
18220	17854
17514	17157
16612	15651
14194	12440
10880	10022
9940	10227
10442	10397
10223	10237
10642	11441
12540	13812
15072	16117
16815	17162
17302	17433
17654	17905
18057	18011
17785	17511
17345	17385
17620	17907
18056	17920
17541	17143
17019	17318
17919	18493
18844	18997
19069	19138
19155	19033
18824	18704
18799	19094
19545	20121
20790	21492
22155	22693
23070	23285
23355	23278
23033	22603
22021	21364
20689	20033
19438	18962
18608	18327
18095	17932
17865	17904
18036	18224
18442	18657
18850	19005
19133	19250
19365	19468
19552	19631
19708	19773
19812	19810
19759	19667
19541	19391
19239	19105
19002	18921
18832	18708
18536	18333
18140	17991
17917	17910
17957	18043
18137	18218
18264	18285
18310	18363
18418	18416
18359	18335
18396	18540
18713	18836
18876	18832
18758	18721
18770	18901
19064	19181
19174	19017
18732	18399
18093	17868
17748	17729
17766	17814
17829	17798
17728	17652
17644	17754
17949	18115
18212	18273
18346	18449
18572	18691
18776	18789
18719	18577
18390	18195
18032	17933
17883	17827
17731	17591
17423	17240
17067	16911
16789	16697
16641	16610
16601	16613
16652	16707
16697	16537
16310	16225
16374	16669
16934	17030
16981	16933
17015	17247
17518	17607
17246	16373
15464	15240
15866	16853
17702	18251
18571	18794
18965	19014
18877	18563
18176	17736
17657	15596
11802	11957
12101	12307
12460	12503
12429	12240
11845	11197
10632	10653
11304	12113
12706	13047
13242	13376
13479	13542
13556	13527
13482	13455
13444	13400
13264	12974
12527	11938
11227	10382
9367	8192
7042	6209
5869	5976
6333	6707
7025	7368
7871	8595
9488	10397
11175	11778
12333	13027
13847	14592
15097	15368
15513	15648
15797	15895
15905	15866
15855	15934
16035	16033
15916	15790
15724	15677
15604	15498
15379	15286
15217	15132
14960	14648
14177	13555
12766	11814
10823	10003
9450	9111
8910	8812
8792	8813
8853	8910
9019	9227
9550	9973
10505	11171
11985	12921
13911	14860
15661	16225
16522	16584
16431	16052
15376	14327
12954	11531
10625	10786
12018	13699
15090	15784
15969	16170
16524	16655
16139	14937
13581	12853
13045	13851
14878	15931
16980	18046
19106	20060
20764	21102
21063	20742
20265	19723
19151	18515
17814	17089
16418	15846
15347	14840
14323	13884
13622	13579
13711	13928
14185	14529
15049	15831
16863	18016
19137	20066
20700	21063
21372	21878
22549	23004
22801	21689
19781	17511
15328	13518
12148	11182
10666	10682
11079	11508
11754	11847
11868	11876
11876	11877
11879	11891
11925	11978
12057	12204
12530	13157
14062	15083
16107	17106
18030	18762
19217	19362
19225	18884
18436	17985
17582	17188
16625	15660
14216	12506
11004	10189
10113	10384
10587	10561
10453	10585
11141	12102
13336	14671
15849	16633
16984	17088
17159	17332
17601	17870
18007	17946
17735	17520
17427	17492
17656	17800
17833	17730
17534	17359
17375	17704
18239	18705
18949	19033
19084	19159
19192	19084
18895	18800
18906	19184
19598	20133
20768	21445
22081	22599
22960	23169
23233	23149
22899	22470
21893	21245
20592	19978
19442	19013
18677	18395
18154	17979
17903	17940
18074	18270
18494	18717
18917	19074
19203	19314
19421	19514
19596	19667
19734	19796
19832	19831
19781	19690
19564	19412
19257	19123
19021	18937
18842	18713
18540	18339
18145	17999
17923	17917
17966	18050
18141	18218
18260	18278
18294	18330
18359	18331
18262	18241
18322	18491
18686	18820
18854	18801
18719	18686
18751	18901
19071	19169
19132	18959
18693	18401
18153	17996
17936	17954
18001	18028
18008	17936
17827	17737
17731	17862
18076	18257
18357	18416
18480	18574
18686	18798
18877	18897
18833	18704
18528	18344
18200	18115
18071	18014
17914	17767
17595	17412
17234	17077
16945	16843
16772	16730
16714	16721
16754	16797
16767	16585
16342	16243
16390	16693
16965	17065
17006	16943
17010	17251
17564	17721
17414	16541
15575	15276
15852	16845
17743	18344
18696	18938
19111	19158
19011	18682
18278	17822
17732	15594
11661	11826
11978	12202
12382	12461
12409	12203
11768	11101
10542	10574
11217	12006
12590	12945
13174	13349
13484	13569
13594	13567
13521	13490
13475	13437
13312	13045
12617	12047
11352	10511
9487	8297
7129	6285
5939	6039
6385	6759
7082	7429
7921	8630
9526	10476
11314	11955
12503	13148
13908	14606
15092	15357
15495	15609
15726	15790
15778	15724
15713	15784
15886	15905
15816	15703
15622	15558
15484	15385
15280	15191
15125	15053
14911	14623
14161	13525
12713	11744
10766	9973
9453	9144
8975	8911
8919	8961
9008	9066
9162	9354
9659	10072
10599	11277
12107	13052
14023	14922
15670	16224
16535	16584
16430	16175
15806	15163
14044	12460
10922	10208
10685	12038
13574	14677
15292	15773
16254	16456
16099	15240
14408	14278
15025	16262
17522	18566
19346	19916
20308	20509
20463	20151
19610	18938
18253	17640
17133	16701
16311	15943
15581	15201
14775	14294
13845	13570
13574	13866
14335	14844
15324	15833
16484	17375
18488	19706
20871	21850
22532	22898
23141	23504
23952	24105
23510	21933
19540	16840
14372	12493
11273	10614
10461	10792
11375	11842
12023	12033
12023	12057
12124	12174
12177	12143
12105	12109
12187	12387
12797	13508
14486	15578
16677	17739
18690	19406
19790	19829
19574	19115
18567	18025
17546	17100
16524	15602
14251	12649
11219	10411
10283	10509
10722	10779
10811	11088
11772	12822
14107	15425
16510	17102
17232	17170
17170	17308
17538	17742
17818	17720
17520	17358
17323	17414
17543	17620
17622	17609
17605	17625
17746	18071
18524	18878
19029	19058
19082	19144
19179	19091
18933	18866
18980	19242
19620	20109
20703	21340
21949	22451
22805	23010
23068	22974
22711	22277
21707	21079
20462	19912
19451	19081
18770	18492
18246	18065
17983	18016
18146	18346
18578	18810
19013	19174
19297	19401
19498	19584
19655	19720
19782	19839
19879	19882
19839	19751
19619	19460
19291	19145
19032	18938
18836	18705
18531	18333
18143	18002
17933	17935
17988	18074
18164	18233
18271	18279
18286	18307
18314	18271
18204	18192
18280	18457
18652	18789
18823	18774
18698	18675
18742	18889
19038	19100
19034	18858
18624	18393
18218	18122
18109	18148
18196	18208
18161	18062
17940	17844
17845	17982
18208	18394
18491	18545
18608	18689
18790	18890
18965	18980
18932	18818
18666	18506
18377	18301
18254	18194
18090	17940
17766	17580
17402	17239
17103	16987
16906	16856
16836	16839
16861	16883
16833	16645
16400	16300
16428	16706
16959	17058
17015	16965
17044	17296
17631	17830
17582	16756
15772	15359
15805	16765
17746	18440
18829	19067
19228	19261
19099	18759
18354	17896
17819	15590
11479	11664
11831	12081
12302	12437
12423	12188
11683	10987
10465	10539
11185	11948
12507	12862
13111	13320
13496	13613
13653	13624
13561	13510
13483	13448
13342	13107
12713	12170
11472	10592
9511	8285
7125	6328
6027	6140
6465	6819
7134	7474
7932	8585
9448	10436
11383	12130
12709	13294
13945	14548
14991	15259
15412	15525
15618	15662
15645	15603
15597	15658
15747	15770
15697	15573
15453	15359
15284	15208
15128	15049
14990	14937
14833	14589
14144	13483
12627	11639
10668	9899
9402	9116
8975	8943
8992	9071
9148	9220
9322	9499
9781	10167
10683	11365
12208	13156
14124	15018
15760	16283
16528	16494
16309	16160
16065	15792
14984	13468
11603	10182
9852	10725
12294	13808
14922	15771
16457	16859
16867	16573
16359	16652
17509	18574
19483	20061
20313	20315
20131	19761
19215	18520
17738	16959
16270	15745
15413	15251
15208	15206
15163	14998
14680	14265
13909	13820
14095	14691
15440	16169
16814	17456
18200	19111
20137	21171
22139	23006
23676	24060
24258	24473
24676	24521
23609	21738
19092	16202
13641	11805
10785	10443
10612	11143
11759	12142
12213	12140
12115	12202
12349	12463
12479	12406
12318	12309
12441	12756
13308	14138
15190	16326
17444	18491
19387	19994
20239	20136
19757	19210
18600	18004
17472	16981
16402	15553
14347	12905
11562	10706
10446	10573
10817	11044
11305	11774
12552	13608
14829	16042
16983	17433
17435	17290
17231	17310
17464	17588
17612	17512
17350	17232
17226	17308
17405	17448
17477	17571
17734	17904
18094	18385
18734	18989
19079	19073
19066	19093
19104	19035
18922	18893
19017	19273
19631	20084
20625	21215
21788	22276
22633	22842
22894	22781
22500	22057
21499	20900
20338	19867
19494	19185
18906	18633
18386	18206
18126	18159
18291	18493
18730	18966
19174	19335
19450	19545
19627	19696
19754	19811
19870	19927
19971	19984
19953	19868
19730	19551
19358	19182
19037	18924
18813	18678
18508	18318
18138	18012
17955	17969
18033	18125
18215	18280
18308	18310
18304	18308
18301	18263
18216	18221
18312	18470
18640	18764
18805	18781
18734	18725
18780	18886
18981	18997
18906	18747
18563	18398
18281	18222
18223	18257
18292	18294
18245	18155
18052	17976
17993	18136
18354	18539
18639	18693
18750	18820
18900	18984
19044	19057
19017	18930
18815	18690
18582	18509
18459	18390
18280	18130
17954	17767
17585	17416
17269	17150
17063	17010
16990	16983
16988	16982
16908	16729
16517	16419
16505	16712
16911	17007
17005	17018
17141	17409
17745	17965
17791	17075
16110	15518
15698	16574
17691	18551
18993	19202
19319	19318
19140	18801
18412	17976
17942	15597
11249	11472
11659	11943
12209	12416
12449	12181
11589	10868
10400	10536
11191	11935
12462	12795
13048	13282
13495	13645
13701	13669
13588	13514
13474	13444
13363	13165
12814	12300
11593	10651
9488	8213
7076	6349
6116	6240
6528	6840
7138	7463
7875	8453
9260	10293
11375	12260
12885	13406
13924	14413
14807	15091
15278	15407
15493	15534
15534	15518
15525	15575
15637	15645
15562	15407
15241	15122
15066	15034
14988	14917
14848	14805
14743	14548
14126	13443
12538	11512
10537	9777
9288	9011
8886	8883
8974	9096
9212	9313
9427	9598
9857	10218
10725	11422
12289	13242
14201	15106
15867	16362
16525	16402
16194	16122
16204	16174
15652	14393
12572	10814
9912	10383
11981	13895
15519	16736
17604	18170
18489	18661
18853	19200
19657	20018
20137	19998
19674	19248
18739	18132
17426	16674
15938	15287
14782	14459
14335	14380
14534	14726
14878	14924
14829	14623
14477	14617
15139	15948
16839	17639
18324	19012
19796	20674
21543	22301
22958	23605
24189	24568
24752	24876
24905	24545
23452	21457
18748	15830
13282	11525
10680	10579
10955	11527
12014	12214
12156	12038
12052	12231
12489	12683
12721	12617
12491	12482
12694	13159
13894	14887
16049	17228
18324	19290
20046	20484
20548	20287
19798	19198
18572	17977
17431	16921
16342	15551
14473	13185
11928	11015
10592	10612
10919	11371
11917	12594
13432	14415
15480	16502
17261	17576
17506	17333
17258	17301
17399	17481
17498	17440
17342	17269
17255	17289
17325	17345
17406	17592
17873	18145
18376	18620
18872	19049
19104	19084
19050	19031
19007	18949
18886	18894
19029	19288
19643	20072
20564	21096
21632	22108
22467	22679
22723	22593
22290	21839
21295	20734
20236	19852
19563	19318
19063	18798
18550	18374
18302	18342
18480	18686
18925	19167
19376	19536
19645	19724
19786	19835
19875	19922
19976	20034
20084	20111
20092	20013
19867	19665
19439	19225
19046	18906
18783	18645
18481	18299
18138	18026
17989	18015
18090	18191
18284	18346
18366	18359
18340	18329
18319	18300
18285	18314
18400	18529
18657	18757
18811	18821
18814	18822
18856	18908
18934	18899
18799	18666
18538	18428
18347	18296
18282	18292
18307	18304
18274	18215
18155	18123
18164	18307
18510	18681
18785	18843
18898	18955
19017	19074
19120	19128
19097	19040
18964	18883
18800	18733
18671	18593
18478	18328
18151	17962
17774	17596
17446	17324
17241	17188
17163	17150
17131	17083
16985	16829
16662	16574
16598	16711
16838	16927
16993	17097
17287	17575
17897	18121
18030	17463
16552	15748
15584	16327
17604	18668
19176	19341
19395	19347
19155	18829
18473	18069
18085	15621
11034	11296
11507	11822
12121	12375
12443	12146
11493	10756
10342	10535
11210	11936
12439	12750
12991	13229
13461	13632
13701	13672
13587	13507
13467	13446
13389	13225
12910	12425
11718	10738
9517	8207
7085	6401
6201	6311
6542	6806
7079	7388
7775	8304
9080	10155
11345	12334
12997	13463
13878	14281
14643	14940
15159	15307
15395	15436
15453	15461
15478	15516
15547	15526
15420	15243
15061	14955
14941	14961
14944	14866
14771	14713
14665	14500
14101	13413
12474	11409
10401	9623
9120	8841
8718	8732
8842	8998
9144	9270
9398	9572
9826	10178
10698	11435
12340	13289
14209	15093
15863	16369
16529	16411
16217	16165
16270	16319
16010	15111
13631	11973
10935	11297
13018	15288
17320	18779
19659	20128
20371	20515
20605	20597
20413	20002
19397	18715
18060	17479
16930	16335
15674	15003
14411	13984
13767	13758
13904	14122
14341	14517
14674	14849
15014	15136
15309	15722
16442	17334
18200	18912
19504	20126
20866	21679
22421	22989
23434	23897
24364	24696
24864	24958
24922	24478
23306	21255
18514	15588
13064	11387
10688	10767
11265	11815
12154	12194
12042	11916
11971	12223
12558	12800
12848	12727
12579	12595
12899	13512
14426	15578
16842	18046
19092	19942
20544	20812
20717	20331
19769	19149
18539	17972
17446	16938
16353	15568
14537	13339
12158	11230
10730	10721
11134	11814
12615	13456
14307	15170
16034	16822
17380	17580
17479	17317
17253	17287
17366	17438
17476	17471
17432	17387
17357	17335
17318	17316
17398	17634
17980	18306
18552	18761
18948	19078
19121	19101
19048	18993
18940	18893
18867	18904
19041	19301
19658	20068
20514	20999
21501	21960
22315	22523
22553	22404
22082	21629
21104	20587
20153	19842
19626	19429
19198	18938
18693	18519
18457	18508
18655	18864
19108	19351
19560	19717
19819	19881
19919	19945
19972	20009
20059	20117
20169	20201
20191	20117
19969	19756
19506	19262
19053	18894
18762	18622
18462	18295
18146	18051
18020	18054
18136	18242
18339	18398
18415	18400
18375	18354
18347	18348
18364	18411
18491	18587
18683	18763
18821	18860
18885	18905
18923	18934
18916	18851
18751	18646
18558	18480
18412	18358
18324	18310
18308	18304
18290	18269
18251	18259
18321	18463
18645	18800
18898	18959
19013	19065
19113	19154
19183	19186
19169	19137
19095	19042
18981	18918
18852	18767
18656	18508
18332	18138
17942	17764
17610	17492
17410	17358
17324	17299
17257	17173
17048	16904
16777	16693
16666	16700
16770	16867
16994	17179
17429	17736
18052	18274
18250	17817
16965	15990
15531	16140
17526	18758
19334	19466
19450	19360
19171	18877
18557	18170
18195	15629
10855	11155
11385	11721
12031	12301
12375	12063
11388	10655
10282	10517
11211	11930
12418	12708
12932	13156
13382	13553
13631	13616
13550	13488
13465	13461
13421	13280
12991	12534
11845	10870
9636	8316
7187	6499
6278	6342
6511	6720
6966	7272
7660	8184
8966	10081
11331	12363
13026	13458
13821	14186
14538	14848
15084	15241
15332	15377
15397	15413
15436	15460
15461	15413
15286	15109
14951	14892
14938	15006
15005	14906
14764	14665
14595	14432
14046	13368
12418	11320
10265	9446
8924	8630
8498	8507
8621	8778
8933	9072
9215	9405
9671	10045
10598	11384
12332	13277
14146	14973
15727	16268
16505	16466
16307	16199
16200	16216
16074	15595
14686	13537
12831	13362
15195	17579
19702	21108
21748	21821
21588	21236
20814	20269
19546	18670
17744	16908
16255	15788
15408	14980
14453	13895
13440	13221
13292	13606
14022	14369
14537	14545
14554	14755
15163	15654
16195	16878
17707	18547
19253	19774
20194	20682
21320	22049
22728	23258
23664	24058
24430	24691
24834	24941
24922	24468
23246	21108
18272	15286
12774	11189
10633	10855
11439	11981
12245	12213
12027	11906
11980	12247
12584	12819
12852	12721
12587	12661
13069	13822
14875	16149
17480	18680
19647	20376
20840	20978
20778	20322
19728	19104
18524	17992
17503	17013
16420	15599
14543	13368
12253	11381
10926	10987
11533	12394
13366	14291
15104	15820
16463	17015
17385	17498
17398	17272
17234	17282
17364	17443
17501	17527
17522	17493
17455	17409
17367	17352
17436	17681
18039	18375
18626	18819
18980	19092
19139	19122
19065	18994
18932	18892
18886	18936
19073	19325
19671	20058
20471	20919
21392	21829
22165	22350
22361	22193
21867	21420
20921	20446
20067	19819
19657	19495
19286	19032
18790	18626
18570	18631
18782	18998
19243	19487
19697	19852
19945	19993
20010	20016
20025	20049
20092	20146
20198	20231
20225	20157
20014	19800
19545	19288
19067	18894
18757	18616
18464	18304
18168	18079
18049	18084
18165	18270
18364	18424
18440	18424
18393	18373
18371	18388
18422	18474
18545	18621
18697	18763
18824	18874
18913	18940
18951	18949
18922	18863
18779	18693
18619	18551
18481	18423
18374	18346
18336	18332
18329	18329
18340	18373
18449	18584
18747	18881
18969	19029
19084	19136
19181	19214
19234	19238
19227	19211
19190	19155
19110	19054
18992	18912
18804	18661
18484	18288
18089	17907
17761	17646
17559	17498
17455	17416
17354	17242
17088	16938
16824	16742
16694	16691
16743	16852
17021	17256
17547	17871
18184	18415
18439	18098
17300	16233
15581	16068
17482	18811
19456	19576
19502	19375
19200	18956
18673	18275
18260	15590
10689	11017
11266	11617
11928	12190
12258	11935
11263	10554
10221	10491
11200	11921
12395	12668
12868	13070
13268	13421
13500	13504
13468	13445
13455	13475
13450	13322
13055	12623
11964	11014
9795	8470
7321	6599
6330	6336
6449	6618
6843	7150
7549	8098
8909	10053
11329	12366
13008	13409
13752	14107
14465	14782
15028	15191
15282	15326
15347	15362
15379	15390
15376	15310
15179	15020
14902	14898
14993	15090
15092	14965
14775	14623
14509	14325
13939	13268
12317	11193
10108	9258
8717	8411
8270	8261
8355	8499
8650	8791
8949	9164
9461	9864
10448	11263
12237	13192
14046	14836
15553	16093
16380	16404
16253	16059
15936	15928
15997	16019
15841	15470
15351	16094
17762	19786
21482	22449
22615	22176
21402	20514
19614	18699
17754	16808
15941	15245
14797	14576
14466	14303
14007	13636
13345	13294
13548	14029
14537	14853
14848	14609
14433	14648
15295	16150
17026	17892
18705	19379
19854	20175
20460	20847
21387	22034
22684	23250
23718	24124
24451	24654
24788	24929
24949	24488
23178	20891
17905	14851
12388	10943
10550	10893
11524	12063
12305	12263
12084	11970
12033	12272
12561	12745
12748	12618
12533	12700
13231	14115
15288	16654
18032	19207
20084	20681
21016	21048
20780	20292
19692	19082
18525	18026
17578	17122
16539	15695
14608	13444
12402	11633
11283	11458
12121	13092
14139	15066
15794	16341
16766	17093
17300	17348
17283	17214
17214	17280
17372	17467
17538	17582
17593	17577
17542	17495
17446	17425
17501	17729
18063	18386
18633	18826
18982	19100
19150	19142
19088	19017
18960	18926
18929	18980
19112	19353
19683	20049
20437	20854
21294	21694
21994	22150
22137	21953
21624	21193
20726	20299
19972	19773
19655	19524
19326	19086
18858	18703
18661	18730
18888	19108
19352	19595
19806	19963
20050	20080
20075	20059
20048	20060
20089	20136
20186	20219
20217	20155
20023	19820
19572	19318
19093	18913
18769	18629
18479	18325
18195	18106
18078	18107
18184	18284
18376	18434
18452	18435
18407	18390
18397	18421
18458	18507
18569	18632
18698	18761
18818	18868
18907	18930
18943	18948
18937	18903
18846	18780
18709	18639
18561	18491
18435	18402
18387	18385
18391	18403
18431	18480
18562	18685
18824	18941
19018	19077
19134	19189
19236	19269
19286	19290
19287	19283
19270	19248
19215	19174
19120	19046
18938	18798
18624	18429
18231	18058
17912	17795
17700	17629
17573	17523
17444	17300
17116	16948
16830	16752
16704	16698
16750	16872
17068	17333
17648	17988
18311	18556
18614	18345
17604	16501
15726	16088
17458	18833
19545	19677
19556	19394
19247	19060
18813	18384
18292	15515
10506	10864
11128	11495
11805	12055
12107	11780
11117	10444
10159	10468
11201	11919
12381	12631
12810	12975
13139	13265
13338	13360
13362	13380
13427	13472
13464	13351
13102	12693
12060	11126
9909	8575
7401	6645
6337	6304
6384	6528
6742	7051
7464	8032
8868	10033
11321	12345
12959	13333
13662	14019
14384	14711
14965	15133
15226	15267
15285	15294
15307	15312
15296	15235
15127	14992
14904	14925
15041	15145
15139	14992
14770	14572
14422	14211
13808	13127
12166	11033
9933	9075
8531	8223
8069	8044
8114	8234
8369	8509
8682	8926
9259	9693
10282	11081
12034	13003
13893	14692
15374	15885
16176	16243
16129	15923
15776	15839
16181	16729
17270	17651
18026	18740
19855	21044
21894	22146
21767	20914
19818	18681
17616	16659
15808	15070
14474	14061
13881	13919
14083	14213
14225	14136
14068	14141
14410	14792
15115	15177
14904	14441
14168	14490
15421	16611
17732	18649
19323	19753
19999	20193
20453	20837
21347	21933
22543	23129
23656	24099
24421	24620
24777	24961
24986	24448
22971	20486
17356	14298
11973	10742
10537	10970
11601	12099
12316	12277
12119	12013
12061	12251
12472	12595
12565	12455
12446	12734
13404	14418
15700	17150
18565	19709
20484	20946
21150	21086
20766	20261
19667	19073
18532	18065
17658	17253
16711	15900
14847	13747
12797	12134
11887	12142
12855	13844
14869	15727
16333	16710
16933	17070
17145	17164
17149	17147
17190	17273
17377	17482
17569	17626
17649	17647
17625	17589
17544	17523
17582	17777
18072	18371
18613	18808
18974	19095
19155	19155
19109	19049
18998	18971
18979	19032
19157	19385
19697	20044
20406	20797
21196	21553
21806	21923
21880	21679
21348	20939
20511	20135
19859	19708
19627	19521
19343	19118
18909	18773
18747	18830
19000	19219
19460	19702
19913	20070
20151	20168
20140	20100
20071	20061
20076	20109
20154	20189
20193	20141
20019	19830
19597	19353
19129	18944
18790	18648
18501	18350
18216	18130
18102	18132
18203	18297
18385	18445
18460	18449
18424	18416
18430	18458
18489	18530
18579	18635
18690	18748
18803	18849
18880	18902
18918	18934
18950	18949
18926	18882
18819	18739
18650	18569
18506	18466
18450	18450
18460	18485
18527	18588
18669	18776
18891	18991
19066	19128
19189	19248
19298	19334
19353	19361
19363	19362
19356	19343
19325	19296
19255	19184
19080	18936
18764	18577
18390	18222
18075	17952
17845	17760
17692	17630
17534	17363
17146	16954
16832	16757
16720	16721
16780	16914
17128	17414
17750	18105
18440	18701
18803	18609
17932	16814
15932	16153
17433	18825
19614	19773
19615	19426
19307	19182
18965	18497
18320	15423
10300	10686
10968	11353
11666	11907
11942	11608
10962	10332
10103	10466
11226	11948
12390	12619
12769	12898
13012	13102
13160	13204
13243	13308
13392	13461
13464	13359
13123	12734
12110	11169
9929	8568
7377	6608
6290	6250
6327	6469
6683	6991
7402	7974
8819	9995
11283	12291
12883	13234
13554	13914
14289	14627
14890	15063
15161	15201
15211	15215
15216	15221
15217	15197
15137	15036
14950	14958
15052	15144
15129	14976
14751	14549
14383	14150
13720	13006
12022	10873
9773	8925
8395	8092
7940	7900
7948	8043
8158	8292
8474	8742
9104	9561
10134	10872
11756	12715
13643	14469
15146	15664
16024	16230
16285	16225
16194	16408
17012	17959
18980	19752
20210	20539
20839	21025
20947	20510
19721	18689
17557	16462
15501	14719
14121	13700
13447	13377
13491	13758
14115	14467
14751	14954
15106	15243
15369	15434
15347	15020
14462	13874
13664	14224
15488	16969
18223	19075
19537	19712
19788	19961
20313	20806
21356	21908
22456	23012
23551	24014
24357	24600
24818	25022
24981	24259
22531	19822
16611	13663
11606	10669
10665	11146
11703	12103
12266	12221
12081	11983
12012	12151
12313	12384
12337	12268
12355	12776
13589	14731
16118	17640
19083	20186
20854	21183
21262	21109
20746	20233
19651	19075
18554	18112
17744	17394
16931	16226
15301	14335
13504	12936
12744	13001
13666	14561
15466	16195
16665	16893
16964	16968
16969	16988
17029	17089
17167	17265
17378	17493
17593	17662
17702	17713
17706	17681
17650	17627
17672	17826
18074	18339
18574	18776
18952	19084
19149	19156
19121	19067
19022	19007
19022	19082
19207	19422
19718	20045
20386	20745
21102	21409
21613	21682
21605	21385
21053	20663
20280	19952
19730	19621
19575	19495
19340	19139
18950	18838
18828	18926
19107	19332
19574	19813
20021	20174
20252	20254
20206	20145
20098	20071
20066	20088
20124	20159
20164	20118
20009	19836
19615	19383
19165	18977
18814	18667
18517	18368
18235	18148
18125	18156
18227	18318
18402	18460
18482	18475
18457	18456
18475	18503
18529	18555
18590	18628
18673	18722
18773	18815
18850	18872
18892	18923
18959	18992
19006	18988
18931	18847
18747	18652
18577	18533
18513	18513
18530	18570
18630	18699
18778	18866
18963	19048
19122	19187
19251	19313
19368	19410
19438	19452
19458	19459
19458	19453
19445	19427
19392	19323
19218	19079
18917	18741
18564	18401
18253	18117
17993	17891
17810	17735
17620	17425
17184	16978
16850	16779
16747	16756
16823	16967
17195	17494
17843	18213
18566	18849
19000	18880
18273	17156
16172	16228
17382	18769
19639	19852
19677	19474
19382	19311
19116	18604
18344	15324
10071	10491
10791	11202
11521	11749
11770	11433
10809	10232
10069	10494
11290	12017
12445	12651
12769	12849
12908	12953
12994	13050
13131	13241
13357	13440
13446	13343
13115	12737
12112	11139
9847	8448
7247	6493
6203	6192
6297	6456
6676	6976
7377	7932
8763	9925
11200	12198
12777	13117
13435	13799
14186	14535
14810	14991
15090	15129
15130	15123
15114	15116
15139	15176
15180	15109
15002	14961
15011	15078
15065	14936
14745	14577
14428	14185
13719	12959
11931	10761
9661	8829
8314	8031
7885	7844
7875	7948
8039	8159
8342	8624
9007	9481
10038	10712
11516	12421
13338	14172
14885	15513
16085	16583
16937	17106
17211	17510
18214	19311
20463	21205
21357	21083
20580	19929
19157	18285
17346	16369
15406	14519
13777	13235
12913	12798
12882	13158
13561	13997
14417	14836
15251	15632
15915	16045
15970	15665
15141	14446
13683	13079
13032	13873
15441	17136
18437	19181
19441	19432
19431	19667
20180	20827
21446	21976
22453	22945
23457	23914
24283	24596
24883	25067
24861	23843
21796	18884
15696	13008
11340	10756
10943	11413
11833	12079
12154	12089
11961	11872
11883	11982
12095	12135
12099	12095
12297	12858
13813	15070
16538	18111
19560	20605
21165	21363
21331	21107
20720	20215
19654	19096
18594	18174
17840	17544
17180	16636
15917	15141
14449	13959
13769	13950
14464	15165
15872	16427
16761	16889
16883	16841
16828	16869
16950	17047
17146	17257
17376	17498
17608	17694
17751	17777
17781	17770
17747	17730
17757	17872
18070	18296
18516	18726
18912	19055
19130	19146
19117	19072
19038	19034
19060	19128
19254	19463
19746	20057
20377	20705
21019	21275
21422	21443
21328	21085
20754	20388
20041	19766
19590	19524
19508	19453
19320	19143
18979	18890
18899	19013
19206	19441
19689	19923
20125	20274
20343	20331
20264	20188
20128	20088
20069	20076
20103	20132
20136	20095
19991	19829
19623	19404
19196	19009
18839	18683
18531	18382
18250	18163
18141	18178
18253	18342
18426	18485
18510	18508
18496	18501
18528	18557
18577	18588
18603	18621
18651	18687
18732	18777
18816	18847
18877	18916
18972	19037
19085	19090
19040	18950
18836	18728
18640	18587
18566	18569
18597	18649
18723	18804
18879	18958
19037	19114
19185	19253
19323	19389
19450	19499
19536	19558
19568	19571
19571	19570
19565	19551
19517	19451
19349	19220
19072	18909
18739	18579
18425	18275
18134	18012
17915	17824
17693	17487
17235	17021
16888	16817
16786	16802
16878	17034
17270	17581
17935	18315
18679	18987
19182	19137
18600	17498
16425	16308
17296	18647
19598	19890
19739	19538
19471	19428
19241	18685
18361	15223
9829	10276
10601	11037
11365	11588
11596	11262
10670	10154
10068	10561
11400	12141
12556	12738
12819	12850
12846	12837
12853	12919
13032	13177
13318	13406
13402	13288
13063	12691
12061	11047
9697	8258
7063	6347
6107	6150
6299	6488
6722	7015
7391	7911
8701	9830
11079	12067
12642	12989
13312	13686
14085	14454
14741	14926
15022	15052
15040	15017
14997	14997
15040	15123
15175	15116
14976	14880
14890	14947
14962	14888
14763	14654
14539	14290
13790	12976
11895	10694
9588	8767
8280	8021
7899	7863
7888	7941
8009	8107
8276	8560
8957	9444
10014	10677
11440	12267
13105	13912
14713	15567
16485	17345
17970	18238
18270	18398
18934	19914
20955	21471
21235	20445
19395	18253
17146	16152
15299	14543
13852	13223
12718	12403
12318	12465
12834	13391
14005	14506
14865	15180
15537	15913
16205	16290
16078	15559
14791	13905
13055	12480
12544	13539
15248	17019
18325	19010
19192	19136
19160	19498
20149	20904
21566	22068
22483	22918
23392	23834
24220	24592
24921	25021
24543	23143
20751	17709
14681	12389
11198	10990
11328	11734
11959	12026
12000	11907
11788	11701
11698	11769
11852	11893
11901	11987
12318	13024
14106	15457
16978	18562
19973	20936
21377	21457
21333	21065
20676	20198
19672	19142
18659	18253
17938	17685
17418	17055
16570	16010
15465	15033
14808	14857
15157	15606
16072	16443
16667	16755
16759	16751
16773	16834
16922	17018
17121	17238
17366	17498
17621	17721
17793	17837
17853	17852
17836	17818
17830	17905
18051	18238
18441	18651
18849	19002
19093	19116
19096	19061
19039	19046
19086	19159
19290	19504
19784	20085
20386	20683
20958	21158
21247	21214
21055	20789
20459	20122
19822	19595
19466	19430
19434	19399
19284	19128
18989	18924
18952	19084
19293	19542
19795	20028
20223	20361
20421	20396
20317	20229
20159	20103
20071	20064
20079	20100
20105	20065
19968	19814
19621	19414
19219	19035
18866	18706
18551	18398
18269	18180
18158	18196
18277	18369
18454	18512
18540	18538
18531	18545
18581	18613
18629	18625
18619	18617
18627	18649
18687	18732
18777	18819
18860	18912
18986	19079
19159	19183
19133	19030
18903	18779
18679	18621
18601	18611
18650	18717
18801	18889
18967	19040
19113	19184
19253	19327
19404	19479
19545	19603
19649	19678
19691	19696
19696	19695
19689	19671
19632	19566
19473	19355
19219	19069
18909	18749
18586	18424
18264	18119
18001	17888
17746	17535
17287	17078
16946	16872
16844	16864
16952	17120
17361	17672
18029	18410
18778	19101
19329	19346
18880	17812
16676	16383
17175	18457
19480	19883
19799	19625
19570	19530
19323	18734
18381	15134
9575	10058
10407	10869
11209	11427
11426	11103
10555	10110
10109	10674
11559	12314
12724	12886
12932	12905
12833	12765
12750	12816
12950	13126
13281	13361
13333	13198
12961	12597
11966	10925
9532	8073
6896	6228
6047	6148
6339	6557
6800	7082
7430	7906
8645	9725
10940	11912
12491	12854
13195	13585
13999	14380
14678	14868
14958	14975
14951	14909
14873	14864
14908	14998
15054	14982
14812	14691
14696	14776
14844	14844
14795	14746
14658	14401
13860	12992
11861	10623
9507	8701
8243	8023
7934	7918
7948	7988
8030	8102
8252	8521
8920	9424
10025	10731
11497	12254
12992	13789
14751	15933
17224	18359
19033	19091
18716	18380
18517	19228
20105	20481
20058	19038
17749	16436
15285	14406
13805	13372
13005	12660
12382	12259
12355	12677
13218	13913
14594	15060
15285	15417
15592	15822
16027	16084
15894	15425
14712	13859
13014	12408
12404	13293
14885	16584
17877	18609
18882	18946
19091	19524
20223	20977
21604	22066
22448	22867
23332	23769
24165	24565
24880	24806
23973	22143
19440	16377
13653	11867
11188	11316
11743	12029
12050	11944
11829	11713
11594	11513
11499	11552
11633	11701
11787	11994
12468	13314
14509	15927
17460	18998
20317	21160
21473	21446
21254	20972
20610	20184
19710	19218
18744	18339
18027	17797
17609	17407
17135	16777
16364	15978
15704	15603
15676	15868
16100	16312
16468	16572
16652	16735
16814	16882
16933	16994
17081	17202
17342	17483
17616	17733
17823	17881
17906	17915
17904	17888
17882	17919
18015	18162
18347	18557
18760	18925
19028	19066
19057	19033
19023	19042
19090	19170
19313	19537
19827	20133
20420	20689
20916	21063
21094	21002
20800	20507
20181	19874
19625	19453
19359	19344
19357	19328
19229	19095
18984	18939
18991	19140
19366	19625
19885	20121
20309	20435
20482	20447
20362	20266
20182	20114
20062	20041
20047	20064
20069	20033
19941	19794
19614	19421
19237	19062
18897	18735
18576	18424
18296	18208
18183	18220
18302	18399
18485	18540
18565	18563
18562	18588
18639	18678
18685	18667
18637	18616
18607	18616
18641	18679
18730	18786
18841	18910
18999	19112
19217	19253
19201	19086
18944	18805
18691	18626
18609	18628
18683	18764
18860	18955
19038	19112
19181	19249
19324	19406
19492	19573
19644	19707
19760	19794
19813	19821
19824	19821
19808	19780
19733	19664
19577	19473
19350	19211
19058	18894
18723	18546
18368	18203
18056	17926
17778	17575
17341	17146
17019	16947
16918	16944
17039	17212
17457	17764
18117	18490
18855	19180
19430	19497
19100	18086
16920	16453
17024	18197
19282	19824
19854	19737
19683	19608
19360	18746
18410	15065
9313	9836
10209	10706
11062	11279
11279	10977
10479	10110
10191	10826
11759	12533
12941	13085
13097	13013
12867	12734
12678	12737
12889	13085
13245	13308
13246	13075
12821	12455
11837	10804
9414	7965
6815	6191
6058	6195
6413	6643
6882	7148
7464	7901
8593	9631
10810	11765
12345	12723
13083	13490
13921	14315
14621	14814
14900	14907
14870	14813
14755	14730
14749	14799
14809	14709
14540	14448
14501	14643
14776	14837
14833	14808
14716	14431
13841	12924
11752	10490
9368	8582
8165	7996
7948	7968
8012	8044
8062	8101
8222	8469
8855	9359
9983	10722
11492	12199
12894	13774
14997	16537
18115	19303
19715	19254
18241	17315
17020	17499
18315	18744
18398	17400
16080	14762
13709	13059
12799	12762
12771	12736
12675	12687
12858	13215
13747	14386
14978	15348
15471	15470
15475	15542
15649	15744
15739	15553
15130	14469
13652	12910
12631	13157
14395	15870
17127	17995
18508	18835
19175	19675
20320	20958
21478	21885
22271	22725
23226	23677
24084	24482
24703	24365
23116	20870
17950	15006
12718	11495
11291	11665
12095	12233
12073	11837
11669	11548
11438	11356
11335	11387
11485	11612
11801	12148
12774	13758
15048	16505
18005	19432
20592	21268
21453	21339
21113	20845
20534	20176
19764	19303
18837	18420
18092	17864
17722	17634
17523	17317
17009	16658
16340	16114
16001	15979
16029	16124
16251	16410
16596	16780
16921	16969
16959	16962
17027	17146
17292	17442
17588	17719
17823	17895
17932	17950
17944	17930
17914	17917
17961	18071
18236	18442
18651	18823
18938	18990
18994	18984
18989	19016
19072	19163
19318	19564
19880	20196
20474	20713
20899	20991
20964	20815
20565	20247
19925	19650
19454	19331
19273	19266
19273	19241
19155	19043
18953	18932
19011	19182
19423	19690
19949	20183
20366	20486
20525	20492
20404	20299
20200	20113
20044	20008
20004	20019
20028	19999
19912	19778
19609	19432
19258	19091
18928	18767
18605	18453
18322	18235
18210	18248
18333	18427
18512	18564
18585	18585
18594	18636
18701	18745
18746	18708
18657	18612
18584	18578
18593	18629
18683	18751
18823	18904
19006	19133
19254	19296
19241	19113
18956	18802
18679	18605
18589	18622
18692	18787
18895	19000
19092	19172
19246	19315
19391	19480
19576	19663
19740	19804
19859	19902
19930	19944
19951	19947
19930	19889
19826	19751
19669	19576
19463	19332
19180	19013
18833	18646
18455	18265
18097	17948
17797	17611
17402	17225
17108	17039
17009	17033
17129	17300
17540	17840
18182	18544
18900	19221
19485	19584
19254	18316
17145	16514
16841	17872
19010	19712
19903	19870
19810	19664
19354	18726
18453	15023
9056	9618
10020	10554
10926	11150
11157	10880
10436	10140
10303	11007
11986	12781
13188	13316
13297	13159
12942	12738
12638	12680
12842	13047
13206	13247
13148	12935
12654	12285
11698	10720
9393	7993
6873	6263
6143	6288
6501	6717
6940	7183
7476	7882
8544	9554
10714	11648
12222	12602
12979	13402
13848	14250
14566	14761
14848	14850
14803	14727
14651	14600
14581	14574
14525	14417
14309	14318
14480	14713
14899	14973
14946	14871
14715	14362
13711	12747
11545	10269
9150	8388
8014	7897
7904	7967
8035	8069
8062	8068
8152	8369
8730	9215
9808	10499
11206	11866
12601	13672
15210	17051
18758	19777
19749	18700
17120	15772
15237	15635
16494	17060
16877	15996
14737	13499
12604	12235
12341	12706
13087	13324
13403	13422
13496	13693
14027	14450
14864	15152
15271	15268
15227	15215
15296	15485
15738	15920
15868	15447
14668	13749
13114	13162
13929	15070
16235	17237
18044	18695
19266	19821
20354	20815
21196	21555
21978	22495
23051	23542
23957	24307
24357	23680
21992	19391
16389	13721
11959	11291
11469	11965
12309	12290
12004	11712
11543	11441
11346	11270
11252	11312
11450	11658
11971	12470
13249	14355
15720	17187
18606	19862
20797	21275
21329	21158
20926	20695
20454	20177
19825	19397
18924	18482
18124	17879
17753	17716
17692	17581
17345	17024
16683	16380
16142	15987
15924	15962
16097	16315
16582	16841
17012	17037
16963	16911
16954	17068
17218	17376
17532	17672
17789	17873
17924	17949
17954	17942
17917	17889
17892	17963
18116	18319
18529	18709
18832	18899
18919	18923
18935	18970
19032	19131
19308	19584
19932	20266
20541	20755
20897	20939
20855	20650
20355	20019
19702	19458
19307	19233
19204	19199
19184	19144
19068	18976
18909	18913
19016	19205
19460	19730
19987	20210
20393	20508
20552	20522
20438	20326
20211	20106
20023	19974
19962	19974
19985	19962
19892	19769
19615	19450
19283	19119
18958	18796
18633	18481
18349	18262
18240	18282
18368	18463
18542	18589
18608	18613
18632	18691
18770	18817
18805	18745
18673	18606
18561	18542
18550	18583
18640	18719
18805	18898
19006	19143
19269	19315
19256	19119
18949	18781
18643	18564
18550	18591
18676	18788
18907	19026
19130	19223
19302	19378
19456	19549
19646	19738
19818	19887
19950	19999
20036	20060
20070	20070
20046	19988
19908	19821
19734	19650
19550	19424
19271	19101
18914	18718
18514	18309
18120	17958
17809	17645
17466	17318
17212	17144
17112	17130
17213	17371
17601	17887
18217	18570
18917	19237
19502	19619
19346	18493
17340	16560
16630	17499
18676	19558
19937	20013
19942	19706
19313	18681
18500	15006
8824	9424
9854	10421
10812	11043
11059	10807
10413	10188
10425	11196
12216	13031
13438	13558
13513	13330
13048	12779
12628	12646
12803	13011
13161	13178
13043	12795
12481	12117
11575	10702
9493	8175
7077	6450
6299	6409
6585	6769
6959	7182
7457	7850
8504	9508
10660	11581
12133	12504
12884	13320
13774	14190
14515	14722
14807	14804
14745	14655
14563	14491
14446	14407
14356	14307
14337	14519
14839	15170
15376	15389
15246	15025
14727	14254
13522	12512
11284	9996
8873	8128
7791	7730
7795	7905
8000	8032
8005	7976
8022	8202
8529	8967
9474	10011
10551	11128
11936	13212
14995	16982
18644	19421
19045	17708
15992	14657
14205	14656
15525	16093
15951	15145
14004	12937
12285	12209
12636	13304
13910	14247
14277	14106
13888	13757
13772	13942
14207	14486
14705	14832
14881	14916
15039	15334
15783	16237
16467	16259
15567	14587
13729	13404
13721	14475
15429	16458
17483	18430
19235	19857
20297	20606
20879	21219
21690	22263
22858	23372
23783	24036
23844	22774
20668	17815
14881	12608
11418	11250
11682	12173
12361	12196
11860	11588
11468	11407
11332	11264
11260	11346
11538	11839
12285	12939
13864	15075
16488	17933
19239	20277
20944	21205
21143	20933
20716	20539
20381	20185
19897	19497
19014	18533
18135	17854
17710	17674
17671	17592
17395	17102
16770	16440
16157	15951
15851	15881
16037	16289
16585	16858
17020	17017
16908	16833
16865	16980
17134	17299
17464	17614
17736	17828
17890	17921
17932	17923
17888	17834
17799	17842
17986	18188
18403	18587
18718	18796
18836	18855
18873	18912
18977	19090
19287	19596
19979	20335
20612	20803
20910	20902
20765	20510
20180	19829
19518	19303
19192	19161
19157	19144
19103	19043
18971	18897
18853	18879
19001	19213
19477	19750
20001	20217
20388	20503
20550	20530
20453	20343
20218	20102
20006	19948
19928	19936
19945	19930
19873	19770
19629	19475
19312	19151
18991	18826
18662	18502
18367	18279
18260	18306
18393	18490
18570	18620
18638	18642
18670	18740
18829	18876
18851	18774
18683	18599
18542	18512
18516	18549
18612	18697
18794	18894
19007	19145
19272	19318
19252	19109
18926	18746
18597	18511
18496	18545
18642	18768
18905	19039
19157	19262
19354	19435
19519	19612
19712	19804
19887	19963
20033	20091
20134	20164
20184	20184
20153	20078
19972	19867
19777	19696
19604	19486
19336	19166
18973	18772
18556	18334
18129	17957
17812	17671
17530	17408
17319	17253
17213	17218
17286	17426
17639	17910
18229	18570
18911	19228
19489	19616
19389	18624
17504	16590
16408	17108
18314	19377
19966	20158
20071	19733
19247	18613
18544	15012
8637	9265
9717	10310
10720	10961
10986	10755
10403	10242
10548	11378
12435	13264
13671	13785
13723	13505
13167	12840
12643	12632
12775	12975
13116	13111
12940	12657
12324	11966
11491	10748
9697	8483
7395	6723
6502	6542
6653	6786
6939	7145
7414	7813
8476	9492
10647	11554
12079	12423
12793	13231
13696	14126
14466	14678
14767	14761
14695	14598
14502	14432
14399	14399
14436	14542
14772	15166
15652	16061
16236	16117
15775	15327
14823	14199
13374	12316
11063	9746
8595	7841
7528	7513
7631	7782
7899	7935
7894	7835
7839	7979
8265	8647
9034	9364
9671	10119
10941	12301
14114	16010
17466	18040
17624	16503
15234	14390
14286	14820
15554	15947
15720	14987
14057	13279
12923	13099
13692	14425
14986	15171
14946	14446
13862	13383
13126	13125
13346	13687
14047	14346
14555	14719
14927	15271
15760	16278
16618	16573
16075	15273
14474	14001
13974	14307
14922	15800
16886	18027
19029	19749
20172	20421
20666	21032
21543	22132
22712	23213
23585	23698
23215	21742
19263	16265
13519	11722
11096	11337
11893	12269
12263	11981
11658	11477
11442	11435
11382	11331
11344	11466
11719	12121
12704	13506
14559	15857
17292	18689
19858	20661
21052	21094
20920	20687
20499	20387
20311	20197
19970	19591
19099	18584
18136	17810
17629	17556
17521	17429
17243	16975
16667	16363
16098	15914
15839	15893
16063	16305
16564	16785
16903	16885
16785	16726
16769	16890
17050	17222
17394	17546
17676	17774
17843	17881
17893	17884
17843	17763
17699	17720
17855	18057
18273	18461
18604	18697
18750	18781
18807	18851
18924	19045
19255	19597
20012	20397
20678	20854
20926	20874
20693	20399
20042	19678
19376	19185
19107	19109
19125	19104
19035	18954
18879	18821
18796	18840
18980	19202
19474	19752
20000	20208
20366	20475
20525	20516
20454	20347
20223	20100
19998	19935
19912	19910
19916	19905
19861	19774
19651	19503
19346	19185
19022	18854
18685	18520
18381	18295
18277	18321
18410	18510
18595	18650
18668	18672
18700	18776
18870	18915
18880	18789
18687	18593
18524	18488
18489	18523
18591	18683
18784	18889
19003	19144
19267	19308
19240	19088
18898	18710
18553	18460
18440	18489
18595	18734
18889	19037
19170	19291
19400	19495
19582	19673
19770	19862
19950	20033
20109	20173
20219	20257
20284	20289
20251	20154
20022	19896
19798	19718
19632	19519
19379	19211
19022	18808
18582	18348
18131	17951
17805	17691
17586	17498
17419	17354
17309	17303
17351	17473
17667	17924
18231	18563
18899	19206
19458	19581
19393	18712
17639	16614
16199	16738
17966	19201
19989	20297
20192	19749
19171	18545
18584	15032
8497	9147
9612	10225
10648	10897
10936	10722
10404	10293
10668	11558
12650	13484
13880	13974
13897	13645
13263	12890
12657	12628
12768	12962
13091	13058
12853	12536
12193	11853
11453	10855
9970	8859
7778	7037
6720	6652
6673	6733
6849	7047
7347	7791
8499	9534
10682	11553
12041	12350
12700	13133
13604	14043
14390	14611
14704	14704
14650	14582
14528	14512
14554	14672
14877	15181
15612	16182
16768	17177
17236	16914
16317	15628
14930	14178
13292	12212
10942	9584
8373	7581
7266	7276
7427	7613
7752	7797
7748	7666
7637	7733
7972	8290
8570	8724
8825	9114
9828	11053
12629	14178
15299	15750
15582	15107
14699	14618
14919	15442
15918	16095
15880	15373
14795	14384
14314	14613
15149	15664
15915	15759
15216	14435
13630	12985
12629	12605
12858	13254
13684	14089
14441	14734
15004	15302
15657	16034
16335	16429
16251	15849
15362	14957
14705	14636
14832	15420
16396	17579
18697	19526
20026	20332
20634	21057
21589	22143
22650	23087
23384	23325
22527	20670
17890	14851
12387	11092
10979	11517
12085	12279
12071	11705
11442	11371
11434	11484
11464	11431
11469	11624
11935	12432
13143	14090
15268	16636
18077	19406
20424	20991
21124	20971
20707	20456
20296	20239
20237	20195
20022	19672
19179	18640
18150	17779
17542	17410
17315	17188
16998	16751
16484	16230
16024	15901
15883	15976
16143	16336
16508	16632
16691	16675
16627	16620
16688	16818
16978	17155
17326	17476
17603	17705
17779	17822
17836	17825
17777	17688
17606	17612
17732	17929
18143	18334
18486	18593
18662	18702
18738	18793
18877	19011
19240	19605
20053	20460
20746	20908
20956	20875
20660	20336
19952	19578
19277	19097
19038	19058
19089	19064
18981	18884
18813	18766
18761	18818
18962	19185
19457	19737
19987	20189
20338	20436
20490	20493
20445	20350
20229	20103
20002	19937
19909	19902
19900	19889
19853	19777
19666	19530
19377	19215
19046	18870
18695	18532
18395	18310
18285	18327
18412	18515
18604	18661
18680	18683
18711	18787
18887	18928
18885	18789
18675	18571
18491	18447
18445	18486
18562	18662
18771	18876
18991	19128
19248	19282
19206	19053
18862	18674
18516	18415
18389	18433
18542	18692
18862	19026
19175	19316
19445	19552
19642	19726
19818	19908
19998	20087
20170	20238
20290	20333
20368	20373
20328	20215
20058	19916
19813	19730
19647	19543
19407	19244
19048	18833
18597	18354
18129	17939
17798	17705
17639	17579
17512	17446
17398	17383
17420	17528
17707	17948
18239	18562
18888	19184
19418	19532
19376	18785
17769	16657
16038	16418
17650	19026
19990	20402
20288	19757
19109	18486
18624	15065
8413	9082
9545	10151
10565	10831
10898	10708
10406	10347
10805	11770
12891	13708
14056	14103
13986	13697
13279	12883
12649	12634
12794	13001
13116	13047
12796	12451
12105	11807
11494	11031
10286	9260
8175	7352
6902	6694
6581	6540
6608	6838
7244	7828
8640	9690
10771	11559
11983	12259
12586	13011
13478	13915
14264	14487
14594	14627
14642	14684
14774	14920
15126	15409
15770	16205
16722	17298
17793	18004
17788	17172
16321	15469
14706	13975
13144	12127
10884	9504
8244	7401
7058	7054
7209	7405
7566	7636
7608	7521
7464	7505
7674	7914
8100	8140
8107	8237
8747	9684
10855	11927
12654	13014
13188	13450
13921	14523
15093	15493
15709	15798
15790	15687
15559	15540
15716	16044
16388	16572
16463	16027
15329	14519
13753	13166
12862	12876
13127	13471
13832	14228
14647	15020
15285	15429
15517	15637
15831	16060
16245	16306
16213	15975
15643	15311
15177	15461
16212	17256
18343	19241
19880	20334
20744	21219
21741	22207
22598	22941
23140	22889
21775	19562
16565	13599
11508	10733
11054	11773
12251	12236
11860	11448
11234	11245
11366	11458
11486	11498
11573	11763
12124	12700
13538	14641
15971	17425
18850	20063
20891	21231
21153	20858
20530	20267
20120	20097
20145	20155
20032	19720
19252	18713
18201	17782
17478	17270
17108	16942
16749	16534
16317	16129
15997	15946
15981	16093
16238	16364
16439	16471
16479	16485
16503	16554
16645	16773
16927	17091
17248	17389
17507	17603
17675	17716
17728	17717
17675	17601
17528	17527
17627	17796
17997	18188
18350	18470
18545	18592
18640	18716
18831	18996
19260	19656
20136	20562
20853	21011
21043	20941
20703	20347
19930	19529
19214	19022
18954	18979
19018	19007
18936	18852
18793	18766
18778	18847
18984	19195
19451	19722
19963	20156
20294	20387
20444	20459
20425	20347
20231	20114
20018	19954
19925	19910
19900	19883
19845	19775
19675	19551
19402	19231
19044	18859
18685	18533
18406	18326
18296	18328
18400	18493
18572	18628
18651	18656
18685	18760
18856	18890
18843	18739
18620	18506
18417	18365
18362	18411
18497	18608
18724	18837
18952	19080
19185	19212
19138	18996
18821	18646
18495	18388
18349	18380
18485	18643
18823	19004
19173	19339
19496	19620
19706	19777
19848	19933
20026	20121
20209	20283
20345	20395
20430	20430
20375	20250
20089	19938
19832	19748
19668	19566
19433	19268
19070	18847
18606	18359
18128	17933
17797	17726
17694	17661
17607	17542
17495	17476
17508	17604
17772	17996
18271	18581
18892	19168
19382	19490
19379	18888
17951	16766
15949	16151
17347	18820
19931	20440
20333	19756
19064	18448
18646	15094
8385	9059
9501	10063
10439	10723
10845	10682
10394	10393
10967	12032
13180	13942
14197	14156
13974	13643
13198	12804
12605	12647
12864	13098
13201	13083
12774	12400
12076	11843
11628	11274
10617	9633
8518	7594
6989	6613
6351	6198
6240	6569
7185	8012
8970	9980
10886	11509
11857	12111
12428	12839
13295	13731
14085	14331
14488	14617
14786	15045
15399	15810
16230	16622
16988	17354
17722	18037
18151	17900
17225	16248
15220	14382
13789	13302
12717	11885
10757	9436
8190	7325
6930	6868
6976	7159
7347	7469
7492	7432
7353	7328
7391	7510
7594	7551
7430	7421
7720	8378
9196	9858
10224	10448
10812	11525
12501	13420
14026	14277
14361	14517
14812	15138
15441	15782
16184	16559
16794	16802
16577	16177
15674	15145
14642	14230
13987	13975
14117	14290
14473	14772
15183	15556
15721	15615
15364	15209
15319	15686
16161	16539
16705	16639
16394	16071
15862	15976
16464	17212
18075	18941
19714	20337
20847	21344
21814	22180
22456	22707
22796	22325
20881	18354
15248	12499
10897	10651
11314	12079
12392	12180
11698	11272
11074	11079
11175	11279
11365	11462
11609	11849
12246	12894
13863	15158
16686	18248
19637	20668
21234	21338
21110	20746
20397	20132
19980	19958
20012	20050
19966	19717
19309	18804
18287	17826
17447	17153
16921	16728
16552	16387
16239	16123
16059	16058
16120	16221
16328	16392
16405	16388
16379	16411
16482	16568
16662	16771
16898	17034
17165	17281
17372	17447
17503	17531
17536	17526
17507	17475
17452	17464
17536	17664
17830	18010
18177	18305
18388	18441
18504	18615
18786	19013
19337	19779
20289	20733
21037	21196
21221	21102
20834	20437
19971	19525
19168	18938
18840	18847
18896	18923
18900	18859
18834	18835
18869	18948
19078	19262
19487	19723
19936	20107
20231	20317
20372	20396
20376	20312
20220	20122
20043	19989
19955	19929
19906	19874
19829	19761
19674	19561
19416	19227
19011	18809
18646	18516
18412	18338
18304	18318
18369	18437
18501	18546
18571	18585
18613	18683
18763	18787
18730	18624
18500	18381
18284	18229
18228	18282
18380	18502
18631	18752
18866	18978
19060	19078
19019	18906
18767	18618
18479	18371
18318	18339
18433	18591
18781	18976
19168	19372
19564	19703
19780	19825
19872	19942
20036	20135
20232	20318
20390	20443
20471	20457
20387	20260
20103	19964
19862	19781
19700	19599
19464	19294
19089	18859
18612	18363
18131	17934
17803	17749
17749	17739
17701	17647
17608	17595
17626	17713
17865	18075
18332	18620
18909	19163
19360	19475
19430	19072
18235	16993
15961	15943
17035	18546
19771	20377
20313	19735
19033	18418
18632	15080
8361	9032
9442	9935
10255	10559
10747	10625
10347	10414
11118	12294
13461	14148
14286	14136
13887	13524
13080	12713
12572	12682
12953	13208
13286	13120
12766	12374
12081	11919
11789	11494
10857	9852
8675	7643
6918	6441
6123	5969
6088	6589
7455	8488
9480	10281
10857	11259
11580	11883
12225	12627
13076	13528
13943	14297
14613	14940
15338	15836
16414	16997
17482	17784
17911	17941
17900	17721
17276	16475
15361	14153
13135	12522
12295	12209
11972	11399
10454	9276
8134	7302
6867	6731
6777	6935
7146	7325
7409	7385
7288	7190
7137	7127
7099	6986
6805	6685
6808	7262
7855	8254
8362	8415
8748	9517
10537	11402
11864	11992
12069	12351
12875	13482
14078	14685
15286	15781
16077	16163
16119	16047
15987	15911
15765	15552
15359	15317
15387	15436
15492	15704
16056	16316
16235	15760
15129	14735
14824	15339
16009	16528
16784	16871
16861	16777
16704	16774
17035	17444
17999	18735
19550	20253
20792	21259
21687	22017
22262	22447
22369	21599
19795	17034
13980	11620
10587	10810
11667	12350
12462	12111
11609	11206
10989	10914
10924	10993
11121	11306
11547	11855
12315	13049
14170	15678
17414	19079
20393	21179
21439	21317
20989	20617
20283	20022
19856	19805
19838	19878
19835	19654
19323	18874
18364	17864
17419	17051
16766	16564
16425	16322
16243	16191
16177	16202
16258	16328
16394	16421
16414	16394
16399	16452
16544	16636
16715	16797
16893	16994
17092	17169
17229	17272
17302	17312
17305	17299
17310	17343
17386	17427
17468	17542
17663	17827
17994	18128
18210	18270
18349	18498
18731	19040
19436	19933
20473	20937
21251	21421
21450	21317
21014	20568
20046	19537
19123	18841
18700	18681
18737	18809
18860	18888
18904	18937
18995	19083
19206	19362
19543	19732
19904	20047
20151	20228
20284	20308
20300	20255
20186	20116
20061	20016
19983	19948
19907	19859
19803	19737
19662	19564
19422	19212
18968	18754
18606	18502
18418	18353
18315	18313
18336	18373
18412	18445
18472	18491
18523	18579
18639	18645
18580	18468
18339	18217
18124	18071
18074	18131
18235	18369
18508	18637
18749	18837
18893	18905
18871	18803
18708	18596
18480	18380
18325	18338
18425	18579
18770	18976
19191	19428
19649	19800
19861	19878
19895	19950
20041	20148
20251	20349
20430	20482
20496	20462
20379	20253
20109	19990
19897	19823
19743	19642
19503	19326
19110	18872
18624	18373
18139	17944
17816	17780
17799	17812
17793	17755
17727	17721
17753	17835
17974	18166
18407	18674
18939	19168
19353	19483
19519	19304
18590	17317
16089	15834
16768	18251
19535	20224
20216	19674
18987	18371
18564	15004
8286	8943
9323	9764
10047	10361
10602	10513
10254	10386
11205	12463
13630	14247
14289	14070
13795	13444
13036	12716
12614	12752
13027	13257
13301	13098
12731	12355
12099	11982
11887	11589
10907	9825
8557	7449
6694	6276
6110	6171
6525	7250
8256	9269
10002	10334
10435	10617
11005	11482
11948	12419
12930	13480
14057	14649
15250	15860
16467	17036
17541	17920
18094	17992
17643	17145
16552	15831
14927	13826
12634	11561
10848	10626
10801	11075
11129	10773
10005	8995
8000	7249
6819	6647
6657	6798
7016	7222
7336	7321
7204	7050
6914	6817
6729	6592
6388	6187
6155	6416
6827	7062
7033	6969
7176	7784
8603	9244
9522	9557
9621	9945
10520	11192
11874	12589
13315	13945
14394	14682
14901	15165
15493	15790
15945	15938
15893	16006
16244	16438
16582	16813
17086	17109
16635	15694
14669	14088
14222	14926
15786	16412
16744	16990
17246	17425
17485	17521
17613	17803
18162	18748
19453	20072
20534	20950
21397	21826
22166	22292
21923	20705
18514	15657
12892	11089
10616	11149
11988	12478
12406	12007
11568	11228
11005	10857
10769	10763
10868	11083
11392	11800
12383	13267
14562	16252
18124	19815
20997	21529
21512	21203
20821	20459
20148	19892
19718	19636
19640	19670
19658	19531
19262	18854
18357	17840
17359	16955
16650	16459
16355	16302
16270	16261
16273	16304
16348	16391
16426	16438
16433	16428
16451	16513
16603	16689
16755	16817
16889	16964
17034	17087
17120	17141
17151	17148
17138	17138
17172	17253
17348	17405
17426	17460
17548	17692
17854	17984
18064	18120
18209	18388
18669	19039
19495	20040
20605	21083
21409	21589
21624	21483
21155	20666
20091	19532
19065	18739
18567	18528
18586	18696
18810	18896
18955	19008
19082	19175
19292	19426
19575	19724
19864	19981
20073	20144
20194	20217
20204	20170
20122	20076
20037	20006
19975	19933
19881	19823
19764	19705
19644	19563
19426	19209
18951	18736
18599	18514
18447	18389
18350	18332
18335	18347
18365	18388
18415	18439
18467	18514
18553	18543
18464	18342
18204	18082
17991	17943
17948	18009
18113	18248
18394	18527
18632	18699
18733	18740
18733	18706
18657	18584
18499	18422
18382	18403
18493	18648
18842	19054
19284	19533
19761	19906
19947	19939
19935	19974
20061	20170
20284	20385
20464	20509
20511	20460
20364	20234
20104	19996
19919	19850
19773	19672
19530	19346
19124	18883
18631	18383
18151	17961
17842	17812
17843	17872
17867	17841
17821	17822
17857	17937
18066	18246
18469	18718
18961	19174
19350	19498
19600	19516
18929	17683
16345	15897
16653	18037
19310	20029
20058	19551
18891	18278
18453	14880
8158	8795
9155	9572
9843	10167
10429	10357
10129	10329
11232	12534
13677	14232
14214	13962
13700	13402
13070	12810
12731	12847
13066	13237
13243	13046
12718	12390
12174	12071
11961	11626
10887	9716
8359	7192
6464	6190
6282	6649
7281	8170
9158	9924
10191	9929
9511	9463
9948	10705
11493	12268
13056	13863
14691	15546
16404	17187
17795	18135
18167	17919
17422	16699
15798	14786
13723	12651
11597	10604
9762	9189
9006	9246
9769	10287
10515	10295
9644	8743
7846	7163
6770	6616
6632	6771
6977	7160
7247	7201
7050	6861
6700	6590
6520	6436
6282	6051
5875	5916
6114	6241
6195	6124
6246	6667
7238	7675
7819	7770
7756	7972
8422	8975
9563	10226
10952	11648
12225	12666
13041	13449
13915	14359
14683	14866
15064	15478
16064	16600
17009	17371
17591	17360
16497	15152
13842	13196
13476	14445
15580	16416
16900	17301
17717	17996
18054	18000
18004	18172
18536	19028
19535	19946
20276	20639
21131	21724
22202	22216
21411	19624
17053	14275
12037	10922
10945	11590
12224	12440
12228	11862
11545	11302
11101	10926
10782	10692
10700	10860
11201	11736
12509	13608
15091	16906
18804	20409
21405	21701
21470	21039
20631	20286
19990	19740
19556	19459
19443	19470
19467	19371
19133	18750
18265	17748
17263	16861
16568	16394
16316	16287
16275	16282
16303	16337
16374	16407
16430	16439
16439	16447
16472	16533
16614	16690
16754	16812
16876	16943
17005	17049
17077	17088
17093	17091
17087	17092
17137	17233
17343	17402
17409	17421
17490	17621
17777	17897
17969	18017
18108	18298
18600	18997
19488	20060
20649	21138
21472	21657
21696	21554
21211	20694
20087	19490
18993	18645
18455	18405
18463	18592
18740	18863
18945	19014
19091	19184
19298	19424
19555	19685
19810	19917
20007	20075
20116	20125
20101	20061
20023	19990
19963	19942
19919	19880
19829	19771
19716	19668
19623	19555
19430	19225
18977	18771
18646	18571
18513	18458
18416	18391
18384	18382
18387	18400
18422	18444
18469	18503
18526	18500
18410	18273
18126	17997
17907	17863
17870	17930
18035	18167
18310	18440
18536	18585
18603	18609
18625	18635
18623	18586
18536	18492
18482	18523
18629	18791
18993	19209
19439	19678
19893	20016
20042	20014
19998	20027
20107	20215
20328	20427
20499	20533
20521	20459
20352	20219
20090	19991
19919	19856
19779	19675
19533	19349
19128	18884
18636	18392
18166	17987
17876	17852
17885	17918
17920	17901
17883	17888
17926	18007
18130	18299
18506	18741
18973	19178
19348	19505
19652	19668
19208	18053
16706	16136
16708	17938
19135	19831
19870	19381
18742	18137
18303	14748
8054	8654
8999	9404
9680	10004
10259	10195
10012	10288
11260	12575
13677	14167
14100	13825
13573	13337
13095	12910
12852	12930
13082	13199
13196	13052
12811	12564
12384	12272
12128	11776
11026	9830
8415	7189
6439	6211
6399	6877
7585	8468
9331	9845
9750	9071
8262	7953
8423	9473
10809	12230
13600	14822
15880	16804
17602	18194
18451	18251
17589	16573
15363	14084
12808	11548
10343	9269
8402	7796
7488	7499
7852	8510
9319	10015
10366	10226
9624	8725
7800	7104
6738	6622
6669	6812
6985	7110
7125	7012
6812	6605
6451	6384
6403	6466
6455	6274
5992	5812
5806	5879
5935	5984
6108	6383
6749	7037
7115	7002
6861	6891
7126	7470
7867	8362
8962	9605
10186	10653
11025	11379
11767	12164
12518	12826
13208	13825
14622	15379
15998	16499
16736	16412
15396	13936
12621	12106
12646	13954
15445	16596
17306	17805
18212	18424
18392	18257
18249	18526
19017	19487
19815	20045
20274	20593
21086	21746
22242	22018
20691	18321
15455	12922
11371	10994
11444	12068
12392	12316
12011	11718
11532	11390
11234	11084
10934	10769
10651	10716
11066	11740
12746	14086
15747	17621
19452	20885
21657	21730
21339	20843
20441	20126
19844	19595
19407	19299
19272	19290
19293	19208
18987	18621
18148	17639
17168	16778
16504	16344
16274	16255
16250	16263
16287	16322
16360	16393
16417	16430
16437	16446
16471	16517
16584	16655
16719	16782
16848	16920
16989	17043
17075	17094
17106	17114
17118	17132
17171	17259
17357	17404
17402	17406
17467	17589
17734	17844
17904	17945
18030	18217
18516	18920
19423	20021
20631	21135
21469	21659
21700	21554
21202	20672
20047	19430
18918	18557
18357	18300
18354	18486
18650	18790
18886	18963
19040	19134
19250	19375
19502	19627
19748	19854
19944	20012
20047	20032
19986	19933
19891	19866
19849	19840
19826	19798
19756	19711
19668	19632
19596	19541
19433	19249
19025	18844
18734	18670
18620	18570
18527	18497
18480	18469
18463	18467
18479	18493
18509	18529
18535	18496
18395	18248
18088	17951
17854	17808
17812	17871
17976	18105
18242	18368
18455	18492
18495	18509
18541	18582
18603	18598
18578	18570
18589	18659
18781	18956
19166	19390
19617	19845
20040	20147
20152	20112
20084	20104
20176	20277
20384	20476
20537	20558
20533	20462
20347	20209
20076	19977
19908	19847
19763	19653
19510	19331
19116	18881
18643	18407
18194	18026
17924	17902
17930	17962
17963	17943
17928	17933
17970	18048
18169	18329
18530	18754
18980	19179
19348	19509
19686	19778
19439	18410
17115	16459
16840	17885
18971	19632
19674	19205
18580	17984
18139	14646
8045	8588
8910	9298
9576	9887
10117	10058
9926	10297
11344	12669
13710	14127
13996	13676
13409	13216
13059	12951
12922	12979
13085	13178
13207	13151
13020	12860
12704	12559
12372	12017
11315	10169
8766	7499
6667	6311
6333	6621
7126	7829
8553	8977
8829	8093
7145	6615
6949	8218
10166	12361
14383	15957
17011	17636
17936	17936
17574	16771
15537	14022
12440	10980
9717	8620
7683	6955
6485	6296
6398	6789
7468	8387
9386	10213
10632	10518
9874	8877
7840	7084
6725	6654
6731	6871
7006	7056
6980	6786
6532	6308
6179	6181
6333	6602
6816	6761
6441	6097
5945	6053
6327	6606
6826	7021
7232	7424
7483	7335
7071	6911
6940	7085
7280	7554
7927	8366
8795	9139
9387	9580
9788	10037
10331	10659
11093	11691
12407	13087
13683	14201
14491	14268
13424	12200
11159	10926
11740	13342
15157	16643
17603	18193
18546	18675
18607	18471
18507	18881
19453	19892
20099	20248
20477	20794
21248	21824
22139	21540
19683	16841
13851	11695
10876	11187
11965	12507
12524	12197
11832	11608
11519	11449
11350	11259
11142	10938
10717	10700
11072	11885
13114	14675
16466	18340
20039	21256
21792	21667
21160	20640
20277	20007
19747	19495
19295	19175
19139	19148
19152	19077
18872	18519
18060	17563
17098	16715
16441	16286
16221	16202
16204	16222
16251	16290
16329	16365
16395	16416
16427	16438
16456	16491
16543	16603
16664	16729
16802	16883
16967	17039
17093	17127
17149	17169
17181	17195
17225	17293
17369	17403
17389	17389
17443	17558
17689	17790
17841	17876
17956	18134
18424	18826
19338	19958
20596	21115
21457	21642
21676	21521
21163	20625
19989	19365
18842	18474
18267	18201
18250	18384
18550	18698
18801	18882
18963	19060
19174	19298
19426	19552
19673	19782
19877	19945
19968	19935
19862	19791
19745	19724
19719	19721
19721	19709
19683	19652
19624	19598
19566	19525
19435	19279
19085	18929
18838	18793
18756	18717
18677	18642
18613	18590
18575	18561
18557	18556
18559	18563
18548	18492
18382	18226
18060	17913
17809	17749
17750	17805
17906	18036
18173	18296
18376	18404
18400	18417
18468	18532
18582	18608
18619	18634
18679	18765
18900	19086
19302	19530
19759	19989
20182	20280
20276	20222
20184	20190
20250	20339
20436	20519
20571	20582
20547	20465
20345	20201
20065	19964
19890	19817
19726	19610
19468	19297
19094	18875
18649	18432
18234	18079
17986	17966
17990	18015
18012	17991
17973	17976
18008	18080
18197	18353
18545	18765
18985	19182
19350	19517
19721	19871
19638	18729
17493	16747
16923	17779
18774	19428
19498	19061
18449	17849
17970	14573
8155	8617
8901	9257
9525	9811
10003	9938
9872	10347
11483	12818
13795	14125
13926	13552
13261	13093
13002	12958
12955	12997
13076	13174
13256	13291
13262	13158
12991	12779
12515	12140
11492	10438
9113	7868
6962	6423
6163	6111
6296	6775
7433	7963
8046	7564
6748	6132
6315	7639
9931	12560
14859	16396
17069	17047
16577	15851
14933	13805
12470	11025
9649	8517
7684	7101
6709	6491
6434	6514
6746	7185
7889	8844
9880	10704
11064	10825
10033	8910
7804	7041
6718	6694
6804	6943
7035	7011
6843	6570
6271	6044
5953	6036
6330	6814
7262	7367
7074	6655
6469	6722
7310	7912
8305	8493
8612	8751
8824	8661
8306	8004
7893	7907
7956	8017
8096	8208
8333	8433
8487	8506
8534	8625
8806	9083
9460	9932
10416	10818
11154	11502
11775	11733
11243	10447
9788	9798
10730	12398
14334	16025
17228	17985
18431	18655
18721	18726
18850	19226
19714	20015
20109	20252
20572	20973
21411	21833
21834	20781
18455	15340
12442	10768
10612	11441
12405	12833
12621	12138
11746	11553
11495	11460
11424	11408
11349	11141
10876	10835
11259	12211
13619	15330
17179	18986
20512	21509
21833	21554
20974	20463
20154	19932
19689	19433
19223	19090
19040	19045
19048	18981
18786	18447
18002	17518
17058	16667
16381	16217
16152	16138
16145	16168
16208	16250
16294	16333
16369	16395
16415	16430
16444	16465
16500	16546
16603	16670
16745	16833
16934	17024
17097	17150
17186	17214
17234	17245
17267	17314
17365	17378
17355	17351
17405	17511
17637	17730
17778	17812
17885	18050
18332	18729
19253	19893
20558	21097
21443	21624
21648	21485
21116	20571
19930	19304
18776	18401
18187	18117
18162	18297
18463	18612
18716	18796
18875	18972
19085	19211
19337	19466
19588	19704
19804	19875
19893	19843
19745	19659
19606	19591
19595	19610
19623	19624
19611	19595
19579	19562
19543	19509
19438	19309
19152	19023
18956	18925
18902	18874
18841	18807
18770	18734
18699	18666
18640	18621
18608	18588
18550	18473
18352	18193
18022	17866
17751	17681
17671	17720
17821	17953
18095	18213
18290	18312
18312	18335
18402	18487
18561	18608
18639	18672
18730	18824
18962	19147
19365	19594
19832	20078
20293	20400
20393	20331
20279	20273
20316	20393
20479	20554
20599	20602
20556	20470
20345	20199
20057	19947
19863	19779
19678	19557
19415	19249
19065	18864
18661	18463
18287	18148
18066	18046
18066	18082
18075	18053
18033	18028
18053	18119
18233	18386
18573	18785
18999	19190
19357	19533
19756	19945
19786	18972
17769	16910
16870	17551
18504	19212
19366	18984
18378	17747
17800	14527
8364	8724
8956	9257
9501	9748
9889	9812
9808	10398
11630	12977
13884	14129
13870	13469
13178	13034
12984	12978
12985	13013
13075	13179
13306	13412
13442	13348
13131	12818
12456	12034
11413	10443
9219	8032
7100	6436
5966	5665
5637	6022
6764	7556
8029	7948
7388	6777
6761	7857
9968	12396
14381	15447
15506	14794
13673	12472
11368	10385
9482	8651
7959	7499
7311	7338
7504	7735
7945	8088
8208	8454
8962	9761
10663	11324
11452	10935
9908	8681
7612	6941
6700	6734
6878	7025
7088	7001
6766	6438
6117	5910
5875	6039
6452	7090
7701	7931
7698	7304
7201	7692
8645	9599
10211	10455
10535	10656
10753	10591
10183	9805
9640	9629
9625	9517
9288	9001
8730	8525
8388	8288
8221	8204
8278	8462
8762	9132
9439	9553
9539	9587
9737	9818
9653	9247
8872	8947
9728	11163
12929	14605
15933	16879
17541	18024
18406	18729
19065	19449
19771	19877
19861	20019
20440	20964
21435	21696
21326	19807
17128	13978
11407	10270
10623	11726
12696	12993
12660	12142
11762	11560
11458	11417
11431	11494
11495	11324
11090	11110
11634	12715
14237	16002
17815	19491
20825	21627
21799	21433
20831	20344
20077	19885
19645	19379
19154	19008
18947	18948
18955	18892
18707	18379
17948	17475
17020	16621
16317	16139
16073	16064
16080	16109
16155	16207
16256	16300
16337	16369
16395	16415
16425	16434
16446	16480
16530	16598
16679	16776
16880	16985
17074	17143
17192	17227
17249	17262
17279	17309
17336	17328
17295	17288
17336	17444
17566	17660
17708	17743
17814	17973
18248	18645
19177	19836
20519	21074
21425	21604
21622	21452
21075	20525
19883	19255
18725	18348
18130	18056
18101	18233
18401	18547
18651	18724
18800	18891
19002	19124
19253	19380
19508	19628
19734	19808
19824	19762
19652	19553
19499	19485
19494	19517
19540	19548
19547	19541
19534	19532
19522	19500
19447	19345
19216	19118
19069	19053
19041	19024
19001	18968
18928	18877
18822	18767
18716	18679
18644	18597
18532	18438
18306	18144
17970	17810
17686	17609
17588	17626
17727	17862
18003	18125
18200	18225
18227	18259
18338	18440
18531	18598
18641	18683
18743	18833
18963	19139
19345	19571
19821	20097
20349	20485
20486	20418
20354	20333
20366	20431
20505	20571
20611	20611
20562	20471
20342	20192
20043	19921
19826	19730
19621	19495
19356	19199
19029	18852
18676	18506
18351	18231
18158	18141
18156	18166
18155	18131
18101	18089
18110	18172
18282	18429
18612	18814
19022	19210
19378	19560
19791	19992
19866	19101
17897	16899
16634	17172
18141	18972
19263	18967
18368	17689
17640	14507
8640	8880
9046	9274
9471	9657
9730	9628
9679	10378
11710	13069
13908	14075
13789	13406
13155	13057
13038	13042
13046	13059
13105	13210
13358	13489
13525	13402
13110	12704
12258	11803
11203	10287
9115	7965
7042	6351
5833	5500
5494	5998
6975	8100
8962	9237
8871	8174
7777	8276
9673	11345
12614	13073
12678	11668
10410	9269
8453	7995
7816	7802
7897	8096
8417	8843
9321	9759
10049	10125
10063	10067
10324	10888
11551	11937
11734	10888
9620	8334
7360	6828
6686	6778
6956	7114
7165	7055
6790	6450
6147	5989
6024	6269
6748	7423
8057	8324
8156	7862
7932	8696
9993	11264
12081	12401
12480	12593
12700	12542
12115	11736
11609	11679
11719	11515
11009	10313
9631	9136
8870	8756
8702	8670
8678	8781
9027	9379
9648	9618
9342	9117
9096	9175
9160	8942
8645	8576
8999	9978
11338	12770
14012	14969
15720	16423
17182	17992
18752	19334
19632	19667
19635	19810
20268	20849
21315	21385
20630	18699
15829	12879
10820	10220
10885	12006
12814	12970
12623	12177
11855	11618
11428	11336
11375	11489
11540	11442
11325	11495
12171	13361
14923	16643
18327	19822
20971	21628
21723	21346
20762	20299
20033	19831
19574	19293
19050	18892
18821	18820
18830	18777
18595	18281
17862	17403
16954	16553
16239	16054
15985	15984
16006	16043
16094	16155
16212	16261
16302	16337
16369	16390
16400	16393
16386	16400
16446	16517
16604	16707
16816	16921
17013	17091
17149	17192
17220	17236
17250	17267
17274	17248
17206	17194
17246	17351
17477	17576
17636	17677
17751	17911
18184	18580
19118	19787
20479	21041
21397	21573
21593	21424
21047	20498
19858	19230
18702	18324
18106	18032
18076	18205
18368	18513
18611	18680
18748	18833
18944	19066
19194	19322
19446	19569
19676	19750
19768	19703
19589	19490
19434	19421
19432	19456
19479	19491
19491	19492
19497	19504
19505	19492
19454	19375
19278	19207
19177	19171
19169	19161
19145	19118
19072	19009
18932	18854
18782	18720
18659	18589
18500	18388
18249	18085
17910	17749
17621	17534
17503	17536
17631	17764
17909	18028
18107	18137
18150	18188
18275	18387
18495	18574
18627	18671
18724	18805
18921	19075
19264	19480
19740	20051
20346	20518
20534	20464
20394	20367
20394	20451
20519	20580
20615	20614
20564	20470
20338	20181
20021	19887
19779	19677
19563	19433
19296	19148
18996	18841
18691	18547
18422	18325
18266	18248
18257	18260
18243	18208
18175	18155
18172	18231
18334	18477
18651	18848
19052	19239
19409	19594
19819	20008
19877	19121
17877	16717
16227	16644
17674	18685
19166	18987
18407	17671
17509	14509
8945	9058
9145	9279
9407	9514
9495	9352
9440	10250
11676	13050
13824	13930
13636	13315
13148	13115
13126	13136
13138	13146
13185	13284
13417	13530
13536	13375
13042	12597
12128	11671
11088	10202
9067	7968
7103	6483
6050	5828
5967	6654
7843	9203
10294	10738
10394	9469
8536	8229
8670	9420
9981	10085
9702	8993
8210	7612
7373	7519
7971	8574
9193	9752
10253	10733
11202	11601
11829	11825
11654	11504
11566	11896
12290	12385
11898	10815
9412	8112
7213	6774
6696	6825
7024	7198
7259	7161
6916	6609
6364	6281
6402	6713
7197	7794
8315	8517
8396	8250
8542	9562
11112	12591
13545	13928
14015	14111
14197	14029
13628	13315
13319	13548
13709	13471
12735	11676
10632	9903
9585	9542
9598	9627
9625	9674
9885	10254
10572	10564
10247	9920
9780	9771
9710	9454
9048	8720
8726	9200
10079	11137
12105	12832
13408	14103
15108	16381
17671	18649
19183	19392
19512	19751
20179	20696
21052	20860
19725	17486
14618	12076
10643	10529
11313	12248
12782	12799
12509	12205
11970	11707
11414	11250
11273	11394
11479	11482
11556	11952
12814	14097
15629	17211
18692	19975
20963	21538
21633	21307
20777	20311
20002	19744
19454	19152
18891	18714
18635	18628
18644	18597
18431	18130
17724	17276
16839	16447
16146	15965
15899	15899
15929	15976
16032	16096
16161	16218
16265	16303
16338	16362
16367	16347
16317	16314
16353	16430
16528	16633
16739	16840
16925	16998
17059	17108
17140	17159
17172	17181
17176	17141
17093	17082
17133	17243
17377	17488
17558	17611
17691	17858
18140	18540
19075	19744
20437	21002
21359	21540
21563	21400
21035	20497
19864	19241
18715	18336
18121	18048
18090	18215
18368	18502
18595	18663
18725	18807
18916	19038
19165	19292
19419	19537
19645	19719
19735	19675
19568	19472
19419	19406
19416	19434
19452	19460
19460	19462
19471	19480
19486	19481
19453	19395
19325	19278
19266	19273
19278	19277
19267	19241
19191	19114
19020	18919
18826	18740
18655	18565
18461	18338
18194	18025
17849	17684
17555	17464
17429	17454
17544	17669
17808	17928
18009	18048
18067	18114
18210	18333
18454	18547
18610	18654
18700	18763
18857	18991
19159	19361
19627	19964
20296	20498
20529	20464
20394	20367
20394	20451
20519	20580
20615	20614
20563	20468
20334	20169
19997	19851
19734	19624
19504	19372
19238	19100
18961	18826
18702	18589
18494	18420
18374	18361
18363	18355
18327	18285
18244	18223
18234	18290
18386	18520
18688	18882
19086	19274
19447	19632
19845	20001
19839	19060
17748	16409
15693	15992
17104	18319
19022	18989
18450	17679
17412	14545
9271	9250
9252	9274
9315	9315
9189	8985
9103	10009
11531	12922
13640	13686
13400	13152
13086	13125
13171	13200
13222	13247
13293	13369
13462	13521
13485	13319
13025	12647
12244	11814
11242	10411
9403	8482
7808	7349
7023	6843
6970	7603
8715	9999
11022	11402
10953	9809
8467	7530
7218	7314
7536	7737
7862	7911
7937	8036
8304	8794
9480	10259
10992	11562
11958	12251
12509	12737
12873	12847
12677	12482
12410	12517
12654	12528
11914	10808
9439	8178
7282	6831
6739	6865
7064	7248
7334	7276
7088	6855
6692	6697
6899	7260
7713	8170
8496	8580
8493	8524
9045	10259
11922	13463
14452	14865
14956	15015
15043	14858
14515	14340
14535	14975
15276	15023
14101	12744
11410	10516
10195	10264
10454	10573
10593	10622
10791	11131
11479	11590
11445	11243
11118	11021
10812	10389
9798	9231
8910	8996
9480	10184
10842	11260
11530	11990
12925	14360
15977	17326
18217	18785
19222	19620
20032	20423
20559	20042
18560	16171
13518	11543
10766	11040
11797	12432
12653	12544
12334	12185
12049	11787
11436	11197
11163	11243
11343	11481
11799	12464
13525	14866
16307	17677
18905	19972
20832	21382
21536	21298
20827	20347
19959	19625
19287	18958
18680	18489
18402	18390
18401	18360
18211	17927
17536	17102
16683	16314
16037	15873
15815	15820
15857	15907
15969	16036
16105	16169
16224	16269
16307	16331
16331	16296
16252	16235
16273	16351
16450	16554
16654	16742
16817	16885
16941	16986
17019	17038
17051	17059
17052	17013
16967	16954
17012	17132
17277	17403
17486	17547
17638	17817
18111	18519
19053	19715
20409	20971
21330	21512
21543	21394
21046	20526
19908	19295
18773	18399
18186	18117
18157	18268
18399	18514
18599	18660
18722	18804
18911	19035
19161	19289
19416	19535
19642	19717
19737	19683
19586	19495
19444	19432
19437	19450
19460	19460
19453	19448
19450	19454
19458	19455
19437	19400
19356	19331
19333	19348
19361	19367
19361	19336
19283	19197
19086	18965
18844	18737
18637	18536
18425	18295
18142	17968
17788	17624
17490	17398
17358	17377
17455	17571
17699	17820
17906	17950
17974	18032
18139	18277
18414	18523
18596	18644
18683	18734
18815	18927
19072	19259
19519	19863
20212	20429
20472	20415
20353	20333
20366	20431
20505	20571
20611	20611
20561	20467
20329	20158
19977	19822
19697	19580
19451	19316
19182	19051
18923	18805
18704	18623
18557	18511
18479	18467
18461	18445
18406	18356
18311	18287
18294	18344
18433	18560
18723	18914
19115	19303
19477	19661
19859	19982
19778	18969
17578	16048
15086	15260
16440	17862
18788	18928
18457	17682
17347	14619
9622	9467
9381	9285
9225	9103
8853	8576
8713	9708
11323	12738
13407	13402
13116	12919
12930	13032
13118	13182
13244	13301
13349	13382
13388	13356
13278	13156
13003	12820
12582	12223
11692	10998
10288	9753
9431	9186
8877	8510
8274	8435
9042	9867
10525	10664
10127	9028
7731	6674
6095	5988
6277	6897
7732	8604
9366	9961
10430	10882
11389	11951
12480	12872
13077	13146
13165	13216
13280	13283
13178	12991
12822	12741
12672	12422
11827	10857
9653	8463
7530	6992
6832	6907
7079	7251
7354	7341
7226	7074
6998	7084
7353	7745
8157	8478
8626	8603
8561	8776
9513	10840
12476	13930
14866	15272
15363	15369
15319	15113
14859	14863
15277	15909
16314	16035
14950	13362
11822	10828
10521	10675
10957	11144
11199	11239
11383	11658
11975	12221
12354	12423
12430	12307
11964	11379
10632	9901
9389	9241
9478	9962
10460	10763
10878	11063
11644	12782
14269	15652
16726	17590
18349	18981
19472	19787
19708	18873
17139	14787
12546	11216
11036	11573
12215	12539
12482	12267
12113	12075
12032	11831
11495	11214
11092	11099
11212	11508
12093	13039
14275	15630
16913	18026
18976	19837
20597	21161
21397	21261
20846	20346
19887	19478
19098	18748
18452	18251
18153	18134
18140	18104
17968	17702
17329	16910
16510	16175
15929	15788
15740	15747
15785	15843
15906	15978
16052	16124
16186	16240
16280	16303
16297	16254
16200	16177
16207	16284
16381	16478
16564	16637
16699	16756
16805	16842
16866	16880
16894	16906
16904	16871
16827	16823
16888	17023
17185	17327
17424	17495
17594	17785
18091	18508
19046	19705
20391	20948
21307	21496
21538	21403
21075	20577
19977	19379
18868	18501
18297	18231
18266	18356
18456	18545
18617	18675
18736	18818
18926	19047
19175	19304
19431	19555
19666	19745
19767	19723
19633	19551
19505	19487
19486	19494
19497	19491
19472	19450
19435	19428
19425	19423
19412	19389
19364	19355
19366	19390
19414	19427
19425	19399
19343	19248
19124	18979
18841	18716
18609	18508
18395	18258
18100	17922
17736	17570
17431	17336
17288	17300
17365	17472
17595	17714
17802	17844
17873	17939
18063	18223
18378	18507
18595	18652
18697	18748
18824	18925
19055	19225
19467	19792
20126	20333
20377	20328
20278	20273
20316	20393
20479	20554
20599	20602
20555	20465
20327	20151
19966	19804
19672	19545
19408	19264
19127	19001
18884	18781
18700	18644
18610	18588
18571	18562
18549	18523
18477	18422
18375	18349
18353	18393
18474	18595
18755	18941
19138	19322
19496	19677
19862	19957
19725	18894
17430	15701
14479	14499
15713	17304
18444	18760
18396	17662
17305	14735
10010	9732
9558	9344
9176	8934
8557	8207
8354	9426
11125	12557
13186	13136
12839	12667
12711	12848
12966	13063
13163	13239
13256	13186
13037	12859
12716	12674
12745	12869
12916	12745
12365	11945
11684	11665
11762	11696
11251	10431
9505	8851
8653	8786
8943	8831
8383	7748
7079	6482
6091	6090
6602	7625
8970	10341
11454	12171
12524	12685
12820	13029
13298	13540
13656	13615
13487	13405
13411	13433
13381	13226
13022	12844
12672	12367
11812	10961
9887	8765
7813	7209
6969	6970
7076	7203
7294	7302
7234	7151
7142	7285
7592	7999
8389	8642
8703	8643
8673	9076
10002	11368
12875	14140
14954	15340
15444	15409
15277	15057
14909	15095
15692	16447
16879	16525
15294	13548
11892	10851
10559	10739
11039	11237
11326	11427
11611	11861
12158	12505
12876	13198
13364	13285
12906	12255
11429	10602
9958	9658
9751	10171
10756	11299
11632	11744
11892	12403
13280	14216
15048	15856
16701	17526
18212	18611
18430	17398
15567	13441
11741	11047
11323	11995
12485	12562
12311	12011
11854	11860
11898	11821
11589	11313
11094	11020
11170	11648
12502	13697
15059	16364
17443	18265
18935	19595
20280	20863
21177	21123
20762	20268
19776	19330
18931	18566
18261	18049
17946	17918
17921	17888
17761	17509
17151	16749
16370	16056
15835	15713
15672	15683
15724	15780
15850	15928
16011	16089
16158	16219
16264	16286
16276	16226
16167	16140
16167	16235
16323	16403
16478	16537
16583	16624
16656	16679
16694	16703
16715	16731
16739	16713
16677	16682
16761	16916
17101	17262
17374	17456
17564	17767
18088	18515
19056	19708
20379	20927
21285	21486
21543	21427
21110	20625
20048	19468
18975	18623
18429	18370
18397	18459
18530	18594
18651	18703
18766	18849
18956	19080
19206	19335
19467	19594
19707	19788
19812	19775
19701	19631
19587	19567
19560	19560
19553	19536
19503	19463
19429	19409
19400	19397
19386	19373
19357	19357
19375	19408
19439	19460
19460	19434
19375	19271
19130	18969
18811	18676
18572	18471
18359	18226
18066	17886
17696	17522
17378	17275
17220	17225
17282	17380
17500	17616
17703	17743
17771	17844
17987	18165
18343	18496
18609	18685
18747	18812
18896	18998
19122	19276
19494	19776
20058	20228
20264	20220
20184	20190
20251	20339
20436	20519
20571	20582
20546	20460
20324	20147
19958	19789
19648	19514
19372	19222
19080	18955
18848	18762
18700	18669
18657	18654
18652	18643
18627	18593
18543	18486
18434	18405
18406	18442
18516	18629
18784	18963
19152	19329
19499	19675
19853	19934
19697	18866
17338	15416
13928	13760
14958	16675
17996	18485
18254	17609
17282	14894
10447	10051
9798	9470
9199	8842
8353	7937
8092	9224
10981	12430
13025	12939
12624	12447
12492	12631
12763	12884
12994	13041
12959	12708
12326	11929
11678	11702
12027	12534
12995	13215
13213	13206
13397	13800
14166	14102
13338	11907
10178	8671
7701	7242
7043	6858
6722	6822
7092	7245
7262	7460
8129	9311
10787	12204
13257	13793
13873	13704
13513	13453
13563	13765
13908	13873
13691	13521
13456	13463
13457	13398
13308	13228
13106	12802
12193	11269
10138	8999
8054	7436
7138	7051
7065	7117
7155	7149
7096	7046
7070	7232
7543	7949
8342	8611
8703	8699
8845	9429
10516	11873
13192	14224
14899	15265
15402	15350
15160	14941
14898	15230
15937	16714
17083	16608
15246	13409
11720	10688
10406	10559
10805	10969
11093	11306
11624	11959
12289	12679
13140	13571
13847	13876
13603	13031
12227	11336
10558	10109
10109	10568
11397	12389
13187	13484
13377	13279
13379	13567
13766	14088
14668	15523
16446	17050
16912	15823
14049	12264
11140	10983
11551	12236
12584	12506
12164	11801
11587	11564
11663	11753
11708	11475
11170	11031
11257	11937
13042	14428
15850	17050
17888	18415
18817	19301
19912	20501
20863	20864
20554	20097
19639	19215
18821	18453
18141	17923
17814	17783
17783	17750
17631	17389
17043	16655
16287	15982
15767	15651
15617	15633
15676	15733
15805	15887
15979	16063
16139	16205
16252	16276
16265	16214
16149	16121
16138	16197
16268	16340
16402	16448
16477	16497
16510	16518
16521	16524
16534	16551
16566	16550
16525	16542
16639	16812
17020	17204
17334	17431
17555	17767
18097	18534
19079	19721
20374	20905
21262	21475
21552	21449
21144	20674
20110	19552
19079	18746
18565	18508
18525	18566
18606	18648
18695	18745
18808	18894
19003	19125
19253	19383
19514	19642
19752	19830
19859	19834
19779	19724
19682	19658
19641	19631
19615	19587
19538	19486
19438	19407
19390	19379
19367	19350
19338	19345
19372	19411
19450	19473
19474	19448
19383	19272
19119	18944
18774	18635
18525	18430
18320	18194
18041	17860
17664	17479
17323	17211
17154	17153
17208	17303
17423	17538
17621	17655
17680	17755
17910	18110
18315	18492
18635	18741
18830	18918
19020	19134
19265	19414
19600	19821
20024	20141
20154	20112
20086	20105
20176	20276
20383	20476
20537	20558
20532	20454
20321	20140
19944	19767
19619	19481
19337	19185
19043	18922
18826	18754
18707	18690
18695	18705
18711	18709
18692	18657
18604	18543
18490	18459
18457	18490
18557	18667
18812	18983
19163	19334
19494	19667
19836	19920
19703	18896
17328	15236
13487	13111
14244	16026
17484	18132
18044	17521
17261	15076
10915	10417
10085	9642
9269	8815
8249	7796
7957	9122
10902	12350
12920	12812
12485	12296
12319	12447
12581	12706
12789	12751
12498	11983
11288	10603
10180	10219
10753	11627
12597	13421
14022	14483
14949	15451
15761	15462
14282	12305
9983	7936
6569	5906
5711	5741
6047	6807
7811	8550
8908	9269
9988	11109
12415	13596
14383	14658
14498	14121
13765	13588
13632	13821
13988	13967
13769	13547
13425	13430
13535	13721
13968	14217
14300	13996
13186	11943
10514	9217
8253	7640
7301	7129
7046	7010
6986	6940
6872	6821
6845	6995
7280	7661
8062	8399
8612	8743
9041	9800
11007	12329
13457	14272
14817	15178
15359	15313
15093	14891
14939	15370
16110	16828
17059	16421
14941	13071
11422	10443
10167	10266
10430	10554
10735	11101
11622	12127
12538	12913
13304	13687
14002	14177
14127	13770
13088	12181
11286	10697
10624	11136
12161	13463
14607	15170
15122	14784
14383	13919
13395	12985
13000	13649
14696	15496
15458	14416
12798	11397
10782	11018
11712	12319
12533	12386
12036	11644
11351	11260
11400	11666
11818	11657
11299	11141
11490	12388
13707	15214
16625	17671
18257	18506
18670	18996
19531	20104
20484	20522
20264	19879
19495	19130
18766	18407
18092	17865
17746	17712
17708	17679
17563	17330
16994	16611
16239	15931
15709	15592
15567	15594
15646	15708
15780	15864
15953	16040
16119	16189
16239	16266
16255	16209
16148	16115
16126	16169
16228	16288
16341	16374
16389	16388
16383	16374
16366	16361
16364	16382
16400	16395
16384	16415
16528	16720
16944	17143
17293	17409
17552	17776
18115	18557
19100	19732
20368	20889
21243	21464
21555	21465
21173	20714
20166	19621
19164	18846
18676	18623
18630	18653
18674	18698
18734	18782
18848	18939
19051	19173
19304	19431
19559	19682
19788	19864
19897	19889
19851	19807
19767	19737
19715	19701
19677	19637
19581	19517
19461	19420
19390	19371
19353	19335
19328	19339
19372	19417
19457	19478
19479	19451
19381	19264
19104	18921
18746	18600
18488	18388
18284	18163
18012	17828
17624	17425
17258	17141
17079	17081
17135	17233
17355	17473
17555	17589
17610	17689
17852	18070
18293	18497
18666	18801
18919	19035
19161	19295
19430	19575
19734	19893
20021	20082
20072	20032
20007	20033
20109	20216
20329	20430
20503	20536
20518	20447
20310	20123
19914	19730
19580	19443
19299	19151
19011	18897
18812	18751
18718	18708
18718	18733
18748	18753
18743	18710
18657	18592
18534	18498
18496	18527
18594	18702
18844	19009
19180	19342
19498	19657
19820	19913
19734	18976
17410	15199
13230	12640
13654	15429
16976	17748
17792	17403
17237	15277
11425	10838
10414	9826
9322	8793
8216	7785
7961	9106
10842	12241
12792	12695
12391	12195
12201	12317
12456	12581
12620	12458
11984	11157
10098	9077
8421	8377
9000	10130
11528	12936
14111	14896
15371	15692
15760	15214
13813	11654
9212	7116
5786	5268
5332	5723
6430	7552
8836	9786
10317	10806
11543	12501
13501	14346
14867	14965
14699	14270
13893	13699
13711	13849
13960	13932
13763	13571
13483	13589
13931	14507
15219	15855
16105	15681
14506	12789
10948	9419
8386	7760
7382	7147
7010	6928
6868	6792
6701	6638
6654	6784
7023	7343
7713	8105
8459	8790
9286	10204
11477	12736
13702	14355
14802	15148
15344	15297
15066	14897
15024	15535
16280	16904
16948	16100
14476	12603
11046	10142
9852	9887
10011	10165
10462	11006
11723	12388
12863	13179
13438	13708
14019	14335
14532	14439
13958	13140
12234	11597
11494	12008
13039	14329
15504	16230
16421	16221
15739	14971
13926	12811
12118	12321
13246	14096
14158	13266
11915	10912
10710	11180
11869	12324
12392	12201
11892	11526
11197	11053
11211	11596
11903	11805
11448	11361
11904	13037
14526	16078
17393	18235
18567	18568
18535	18721
19166	19692
20074	20163
19983	19682
19362	19048
18717	18379
18066	17829
17691	17640
17630	17604
17496	17275
16936	16542
16155	15828
15609	15505
15503	15561
15637	15717
15792	15869
15945	16019
16088	16152
16203	16230
16232	16201
16157	16131
16135	16168
16213	16262
16304	16327
16328	16311
16286	16262
16242	16227
16220	16230
16244	16243
16242	16287
16415	16621
16860	17074
17239	17374
17534	17770
18113	18557
19101	19732
20364	20879
21231	21452
21548	21466
21188	20742
20205	19667
19215	18898
18729	18672
18670	18686
18698	18716
18746	18795
18863	18959
19070	19194
19323	19450
19576	19695
19800	19877
19915	19917
19889	19846
19802	19770
19752	19740
19721	19680
19618	19546
19481	19427
19391	19365
19348	19337
19341	19360
19396	19438
19473	19489
19483	19447
19373	19253
19091	18911
18739	18589
18470	18363
18251	18122
17963	17768
17549	17338
17161	17040
16979	16987
17051	17161
17295	17424
17515	17554
17579	17656
17817	18034
18268	18485
18672	18831
18974	19113
19262	19413
19556	19694
19829	19951
20038	20065
20040	19994
19967	19990
20064	20169
20285	20393
20475	20516
20503	20432
20292	20091
19862	19667
19516	19385
19248	19106
18978	18872
18794	18741
18711	18699
18702	18716
18736	18753
18760	18739
18689	18626
18567	18533
18534	18567
18637	18745
18888	19049
19214	19367
19513	19662
19813	19907
19762	19090
17606	15388
13279	12467
13280	14968
16538	17386
17514	17243
17183	15472
11959	11301
10766	9990
9310	8722
8215	7881
8079	9136
10726	12027
12568	12531
12291	12122
12114	12224
12381	12515
12521	12244
11558	10436
9039	7686
6758	6531
7076	8234
9773	11409
12771	13559
13845	13956
13944	13505
12372	10603
8579	6851
5788	5461
5713	6337
7261	8457
9675	10574
11170	11817
12633	13440
14095	14600
14920	14956
14706	14326
13993	13819
13794	13837
13864	13857
13826	13822
13947	14317
15014	16000
17063	17837
17943	17140
15480	13331
11197	9508
8401	7728
7318	7076
6957	6905
6868	6796
6707	6654
6687	6811
6994	7213
7485	7856
8325	8881
9623	10683
11950	13100
13937	14492
14890	15191
15337	15249
15011	14876
15084	15682
16469	17015
16850	15728
13907	12026
10589	9749
9411	9396
9555	9862
10358	11090
11928	12645
13105	13361
13534	13746
14059	14452
14798	14910
14661	14077
13369	12861
12791	13238
14098	15157
16148	16852
17191	17196
16866	16125
14888	13296
11946	11539
12064	12762
12898	12297
11376	10814
10926	11500
12089	12336
12213	11950
11688	11412
11144	11019
11171	11579
11931	11885
11613	11712
12530	13915
15533	17050
18185	18769
18836	18622
18429	18483
18814	19271
19661	19846
19792	19559
19241	18916
18610	18306
18007	17756
17585	17502
17477	17455
17365	17146
16796	16367
15948	15615
15419	15364
15418	15526
15650	15759
15847	15912
15961	16001
16042	16088
16133	16170
16192	16193
16182	16177
16183	16206
16238	16274
16298	16307
16289	16255
16215	16175
16145	16117
16101	16093
16094	16084
16086	16144
16289	16506
16759	16990
17171	17319
17488	17725
18067	18507
19056	19698
20345	20868
21221	21434
21524	21442
21176	20744
20221	19687
19225	18893
18705	18626
18617	18634
18659	18686
18721	18772
18843	18939
19049	19172
19298	19425
19550	19669
19773	19853
19898	19900
19868	19816
19763	19733
19723	19727
19721	19691
19630	19557
19481	19421
19379	19361
19361	19374
19394	19422
19453	19484
19504	19505
19485	19437
19357	19235
19079	18908
18744	18602
18476	18350
18213	18059
17880	17665
17428	17204
17021	16897
16844	16862
16950	17085
17243	17393
17505	17559
17593	17669
17811	18008
18226	18436
18628	18802
18963	19126
19289	19446
19587	19717
19843	19964
20058	20092
20065	20012
19977	19987
20046	20140
20255	20364
20452	20495
20483	20408
20261	20031
19774	19561
19415	19301
19179	19054
18935	18833
18760	18707
18672	18647
18634	18636
18654	18690
18721	18726
18694	18640
18593	18570
18581	18622
18692	18802
18944	19105
19265	19413
19553	19692
19824	19891
19764	19214
17923	15848
13710	12670
13179	14677
16210	17075
17227	17032
17083	15619
12440	11751
11116	10157
9292	8649
8233	8016
8224	9148
10541	11712
12259	12312
12173	12059
12054	12156
12314	12457
12448	12118
11326	10051
8453	6880
5711	5245
5550	6492
7834	9272
10403	10915
10957	10988
11155	11166
10707	9721
8456	7309
6571	6336
6566	7187
8110	9198
10206	10942
11549	12350
13300	14017
14369	14565
14726	14752
14588	14318
14080	13936
13870	13816
13790	13870
14087	14425
14926	15687
16749	17986
19077	19585
19180	17802
15697	13336
11177	9497
8343	7602
7158	6943
6897	6935
6965	6936
6869	6854
6931	7074
7214	7320
7459	7767
8311	9080
10055	11210
12397	13401
14134	14655
15037	15283
15337	15179
14929	14825
15095	15784
16629	17119
16750	15346
13319	11425
10101	9306
8905	8851
9118	9646
10391	11279
12157	12814
13197	13403
13578	13814
14146	14546
14923	15141
15111	14843
14472	14216
14233	14572
15196	15992
16768	17328
17616	17691
17541	17000
15850	14101
12317	11311
11262	11606
11745	11500
11116	11010
11344	11913
12342	12362
12033	11672
11449	11314
11200	11152
11278	11611
11907	11905
11807	12196
13337	14969
16671	18093
18998	19298
19107	18704
18373	18292
18490	18862
19270	19587
19686	19504
19129	18745
18440	18176
17903	17639
17425	17301
17260	17246
17169	16954
16581	16114
15661	15333
15186	15200
15322	15497
15672	15819
15923	15978
15998	15998
16002	16020
16058	16103
16149	16186
16211	16228
16241	16255
16273	16290
16298	16286
16253	16205
16146	16093
16049	16014
15988	15968
15947	15928
15932	15998
16154	16389
16656	16900
17093	17247
17416	17648
17982	18424
18981	19645
20318	20861
21213	21418
21491	21410
21148	20731
20216	19684
19210	18855
18635	18529
18508	18533
18581	18631
18681	18733
18801	18889
18998	19117
19239	19363
19485	19603
19707	19792
19836	19833
19786	19724
19668	19637
19636	19656
19672	19655
19604	19530
19453	19390
19357	19357
19384	19426
19465	19496
19518	19532
19534	19520
19479	19415
19323	19202
19057	18902
18754	18619
18489	18339
18167	17977
17771	17537
17286	17052
16867	16743
16699	16734
16848	17012
17196	17373
17510	17593
17647	17719
17832	17992
18179	18367
18551	18730
18905	19081
19251	19406
19541	19662
19791	19942
20077	20142
20123	20064
20015	20004
20044	20124
20229	20341
20428	20467
20448	20367
20210	19958
19667	19433
19290	19192
19096	18988
18881	18787
18710	18651
18601	18558
18526	18510
18526	18579
18642	18677
18670	18637
18610	18606
18629	18679
18757	18864
19003	19163
19325	19470
19602	19732
19842	19877
19759	19336
18295	16473
14414	13165
13300	14522
15973	16823
16964	16812
16962	15682
12769	12119
11452	10402
9405	8693
8294	8114
8287	9082
10309	11385
11950	12096
12062	12021
12043	12127
12245	12353
12342	12046
11323	10129
8589	7004
5722	5023
4999	5559
6507	7564
8343	8564
8429	8462
8843	9288
9447	9196
8657	8093
7693	7534
7668	8148
8931	9841
10634	11181
11714	12574
13615	14288
14430	14383
14395	14411
14350	14246
14151	14074
13988	13890
13877	14103
14606	15336
16259	17384
18649	19835
20571	20494
19436	17549
15232	12962
11030	9493
8323	7505
7019	6830
6856	6976
7075	7085
7051	7078
7206	7380
7505	7543
7597	7874
8496	9420
10533	11688
12742	13594
14241	14758
15156	15377
15370	15166
14904	14812
15099	15821
16680	17099
16562	14954
12794	10907
9669	8909
8466	8407
8782	9510
10452	11452
12324	12905
13202	13378
13579	13857
14202	14584
14942	15210
15342	15343
15275	15250
15340	15589
16036	16669
17312	17725
17875	17924
17902	17588
16662	15028
13132	11727
11097	10952
10943	10967
11073	11350
11799	12268
12508	12329
11858	11438
11263	11274
11331	11371
11456	11651
11849	11907
12061	12793
14244	16067
17798	19099
19787	19836
19420	18846
18378	18162
18224	18507
18930	19360
19595	19459
19036	18593
18284	18045
17791	17516
17272	17115
17055	17039
16972	16759
16378	15890
15425	15112
15009	15081
15260	15480
15694	15866
15981	16033
16036	16014
15996	15997
16026	16075
16132	16186
16224	16245
16256	16262
16267	16269
16263	16238
16189	16124
16051	15983
15927	15883
15852	15834
15818	15805
15813	15887
16050	16293
16566	16815
17015	17173
17335	17569
17903	18346
18916	19602
20305	20864
21218	21411
21477	21387
21127	20714
20211	19682
19205	18830
18583	18453
18419	18453
18524	18598
18654	18710
18775	18857
18957	19067
19181	19297
19406	19516
19618	19700
19740	19735
19683	19615
19553	19523
19523	19549
19570	19566
19527	19460
19396	19345
19327	19344
19397	19457
19512	19543
19555	19551
19536	19505
19453	19378
19279	19158
19019	18878
18740	18617
18484	18317
18113	17896
17673	17427
17172	16937
16753	16631
16592	16644
16774	16956
17157	17350
17508	17621
17698	17775
17872	18001
18153	18320
18493	18670
18851	19033
19203	19352
19478	19592
19730	19909
20088	20182
20172	20102
20039	20010
20032	20097
20197	20302
20387	20420
20398	20313
20147	19876
19561	19312
19171	19089
19012	18924
18830	18739
18657	18585
18522	18466
18421	18396
18411	18475
18562	18624
18635	18623
18614	18622
18653	18711
18794	18904
19042	19202
19366	19510
19635	19753
19851	19876
19782	19452
18611	17050
15141	13738
13499	14414
15753	16603
16758	16642
16853	15665
12920	12391
11776	10757
9704	8888
8383	8114
8211	8906
10044	11083
11689	11918
11975	12014
12079	12139
12185	12220
12202	12014
11513	10609
9357	7966
6719	5862
5515	5667
6215	6951
7510	7590
7375	7381
7810	8397
8814	8942
8862	8734
8640	8592
8656	8960
9562	10332
11014	11435
11836	12615
13620	14251
14307	14146
14066	14076
14110	14153
14191	14177
14114	14080
14218	14673
15475	16544
17771	19051
20201	20972
21079	20328
18755	16651
14436	12480
10881	9529
8368	7487
6959	6772
6830	6993
7128	7169
7161	7223
7394	7611
7752	7778
7825	8148
8862	9874
11003	12075
12976	13684
14264	14780
15212	15457
15452	15242
14978	14874
15136	15814
16599	16905
16239	14536
12355	10512
9340	8607
8164	8127
8578	9422
10477	11542
12411	12951
13206	13362
13565	13851
14191	14554
14904	15207
15442	15600
15706	15802
15924	16121
16492	17075
17683	18014
18053	18065
18124	17986
17314	15969
14240	12665
11540	10852
10559	10697
11161	11712
12177	12479
12515	12203
11684	11279
11174	11310
11504	11609
11628	11667
11765	11934
12405	13507
15228	17160
18858	20027
20527	20378
19780	19051
18447	18097
18029	18231
18645	19143
19468	19384
18957	18497
18180	17948
17696	17414
17157	16982
16908	16882
16813	16607
16237	15764
15314	15020
14942	15040
15243	15480
15703	15882
16001	16056
16063	16045
16026	16025
16052	16099
16154	16193
16208	16207
16204	16201
16197	16189
16172	16136
16077	15998
15912	15827
15758	15705
15680	15685
15703	15715
15737	15815
15978	16217
16492	16743
16943	17103
17268	17507
17849	18305
18888	19596
20318	20889
21243	21431
21486	21392
21126	20714
20213	19694
19223	18847
18589	18444
18404	18442
18526	18608
18670	18722
18781	18853
18940	19038
19141	19240
19334	19424
19513	19584
19623	19617
19573	19510
19455	19418
19408	19419
19430	19425
19397	19353
19315	19291
19293	19326
19383	19454
19511	19540
19539	19527
19502	19460
19399	19318
19217	19101
18967	18829
18699	18581
18448	18272
18055	17827
17598	17358
17109	16879
16697	16581
16546	16603
16739	16922
17124	17318
17487	17621
17728	17819
17912	18025
18162	18313
18476	18651
18831	19012
19179	19322
19441	19554
19692	19887
20082	20190
20179	20104
20027	19987
19999	20057
20149	20250
20329	20355
20325	20236
20064	19787
19465	19212
19071	18996
18929	18854
18769	18681
18596	18518
18446	18387
18336	18310
18328	18401
18496	18572
18597	18594
18592	18604
18639	18702
18793	18908
19048	19207
19373	19517
19636	19746
19846	19901
19850	19567
18832	17489
15763	14274
13697	14287
15499	16373
16605	16548
16778	15602
12956	12602
12098	11187
10118	9161
8456	8014
8000	8628
9730	10782
11449	11762
11907	12023
12131	12175
12151	12121
12113	12055
11812	11258
10374	9275
8165	7259
6699	6549
6812	7368
7856	7909
7640	7541
7827	8274
8620	8794
8884	8983
9091	9124
9118	9253
9703	10446
11194	11639
11946	12547
13387	13943
14020	13921
13903	13970
14054	14131
14174	14169
14187	14376
14857	15668
16770	18045
19326	20401
21059	21126
20511	19246
17499	15542
13675	12085
10752	9528
8390	7488
6942	6748
6811	6983
7132	7192
7211	7307
7519	7770
7947	7997
8088	8499
9313	10374
11456	12402
13154	13745
14258	14769
15236	15525
15557	15370
15114	14993
15209	15801
16456	16610
15821	14089
11963	10195
9069	8368
7952	7951
8453	9363
10479	11580
12456	12990
13236	13380
13564	13824
14140	14486
14841	15179
15481	15721
15904	16048
16173	16344
16688	17271
17882	18173
18152	18146
18262	18254
17815	16814
15360	13726
12187	10992
10403	10583
11294	12021
12436	12539
12378	11985
11499	11172
11152	11390
11684	11824
11764	11652
11679	12018
12874	14363
16315	18289
19891	20896
21218	20899
20152	19292
18566	18091
17907	18027
18413	18931
19307	19275
18879	18432
18112	17870
17612	17328
17064	16882
16795	16754
16677	16480
16137	15702
15288	15019
14952	15052
15251	15481
15692	15864
15985	16053
16078	16079
16074	16077
16100	16140
16182	16193
16175	16144
16118	16102
16089	16075
16045	15999
15928	15843
15742	15643
15560	15499
15483	15523
15588	15637
15676	15755
15915	16149
16421	16672
16875	17035
17207	17456
17814	18283
18881	19608
20349	20928
21281	21460
21507	21404
21130	20716
20219	19710
19254	18888
18633	18488
18448	18489
18575	18657
18717	18763
18810	18868
18940	19021
19107	19182
19255	19325
19397	19458
19490	19486
19454	19407
19356	19314
19282	19261
19248	19233
19217	19207
19212	19227
19257	19303
19363	19423
19469	19492
19488	19469
19440	19393
19325	19241
19144	19030
18902	18766
18639	18522
18389	18211
17995	17772
17550	17322
17084	16861
16684	16574
16547	16605
16732	16907
17098	17283
17454	17603
17729	17838
17938	18048
18181	18329
18491	18664
18843	19018
19181	19316
19433	19539
19678	19867
20062	20166
20152	20071
19988	19944
19955	20011
20094	20183
20246	20262
20224	20129
19954	19680
19366	19116
18975	18899
18838	18770
18696	18613
18529	18450
18379	18319
18268	18245
18266	18338
18437	18513
18543	18543
18540	18552
18590	18658
18758	18879
19024	19185
19351	19497
19612	19711
19820	19923
19929	19667
18992	17841
16319	14794
13904	14142
15182	16094
16461	16493
16709	15498
12932	12779
12401	11620
10535	9412
8458	7818
7695	8273
9363	10455
11206	11620
11849	12027
12170	12209
12161	12113
12132	12178
12128	11844
11262	10438
9522	8688
8087	7818
7949	8402
8829	8823
8454	8191
8251	8452
8583	8634
8702	8860
9037	9086
9008	9020
9386	10192
11126	11741
12057	12485
13088	13525
13673	13768
13950	14132
14212	14200
14147	14138
14336	14909
15874	17083
18382	19631
20638	21153
21032	20277
19046	17562
16014	14514
13122	11845
10639	9450
8339	7455
6920	6727
6785	6957
7114	7191
7240	7369
7623	7913
8124	8207
8350	8837
9733	10818
11849	12696
13335	13831
14288	14782
15262	15581
15649	15494
15253	15133
15314	15818
16324	16296
15370	13626
11586	9912
8836	8161
7784	7824
8370	9325
10486	11611
12498	13038
13290	13427
13587	13809
14091	14422
14782	15153
15503	15799
16027	16188
16311	16463
16786	17349
17932	18192
18150	18148
18311	18396
18140	17418
16184	14483
12606	11050
10300	10542
11411	12214
12549	12465
12133	11704
11308	11100
11170	11488
11843	11988
11848	11616
11629	12203
13484	15366
17503	19454
20897	21690
21813	21338
20474	19525
18714	18144
17865	17904
18238	18740
19138	19152
18808	18385
18063	17803
17535	17247
16989	16801
16698	16634
16543	16354
16046	15660
15297	15058
14996	15082
15260	15464
15655	15815
15937	16023
16073	16097
16107	16117
16138	16171
16193	16182
16136	16079
16036	16009
15988	15957
15915	15856
15780	15683
15573	15461
15361	15297
15289	15363
15472	15555
15606	15683
15834	16070
16340	16596
16798	16963
17146	17410
17784	18269
18884	19633
20393	20985
21331	21498
21532	21417
21136	20720
20225	19728
19285	18934
18689	18553
18517	18561
18643	18722
18780	18815
18848	18890
18942	19004
19065	19120
19168	19223
19277	19322
19344	19342
19320	19288
19244	19191
19128	19071
19022	18994
18991	19023
19083	19153
19217	19278
19332	19374
19401	19411
19405	19390
19360	19309
19236	19152
19060	18949
18823	18686
18561	18442
18312	18140
17929	17719
17510	17297
17069	16855
16685	16584
16560	16618
16738	16900
17078	17250
17416	17569
17710	17836
17942	18058
18192	18342
18505	18682
18859	19030
19184	19318
19429	19536
19666	19843
20023	20117
20097	20016
19934	19896
19909	19963
20034	20102
20150	20149
20094	19989
19809	19543
19246	19010
18872	18794
18735	18673
18606	18532
18455	18381
18314	18253
18206	18184
18205	18274
18369	18442
18472	18470
18465	18478
18522	18598
18706	18832
18980	19144
19312	19461
19572	19665
19783	19932
19988	19755
19147	18183
16869	15333
14156	14017
14823	15754
16289	16430
16620	15357
12868	12909
12649	11987
10872	9567
8369	7543
7338	7892
8980	10117
10965	11490
11802	12020
12165	12215
12192	12185
12246	12350
12389	12236
11833	11220
10512	9863
9396	9197
9298	9617
9833	9623
9084	8659
8540	8551
8507	8422
8406	8524
8689	8739
8656	8654
9028	9907
10995	11801
12227	12581
12988	13299
13504	13776
14136	14394
14437	14333
14244	14368
14895	15931
17334	18765
19986	20888
21313	21061
20096	18626
17012	15596
14504	13617
12736	11718
10546	9337
8241	7398
6882	6695
6757	6933
7098	7193
7266	7426
7710	8039
8282	8396
8568	9094
10025	11123
12134	12937
13524	13967
14376	14833
15291	15611
15694	15566
15362	15268
15446	15882
16242	16015
14936	13177
11246	9676
8644	7993
7651	7735
8320	9317
10517	11666
12556	13096
13353	13483
13619	13809
14065	14380
14750	15142
15528	15864
16125	16304
16428	16563
16845	17339
17851	18078
18051	18084
18280	18411
18245	17646
16470	14654
12565	10908
10228	10587
11499	12257
12478	12244
11810	11401
11135	11064
11213	11571
11948	12077
11881	11602
11682	12548
14257	16479
18727	20575
21790	22330
22237	21622
20688	19709
18874	18260
17913	17868
18128	18583
18974	19028
18737	18346
18023	17745
17465	17179
16927	16735
16610	16520
16408	16224
15952	15627
15321	15115
15052	15118
15260	15429
15594	15738
15863	15964
16038	16084
16108	16125
16146	16172
16181	16158
16101	16038
15985	15950
15918	15876
15818	15748
15659	15556
15430	15306
15197	15127
15130	15223
15364	15467
15523	15595
15746	15974
16244	16499
16705	16881
17075	17354
17746	18249
18886	19659
20442	21045
21388	21540
21554	21425
21138	20718
20226	19737
19307	18971
18739	18617
18589	18634
18713	18788
18835	18863
18883	18909
18942	18982
19019	19052
19081	19117
19156	19187
19199	19192
19175	19151
19113	19048
18955	18851
18764	18716
18729	18806
18929	19061
19169	19247
19296	19316
19318	19311
19303	19290
19260	19209
19136	19052
18961	18853
18727	18592
18466	18349
18222	18056
17860	17659
17469	17269
17056	16851
16690	16595
16575	16630
16740	16888
17050	17212
17367	17525
17675	17811
17929	18051
18186	18339
18502	18679
18854	19027
19181	19313
19425	19528
19651	19812
19968	20049
20028	19950
19873	19840
19859	19910
19967	20016
20038	20017
19944	19819
19630	19378
19104	18883
18753	18683
18628	18574
18514	18447
18378	18312
18248	18189
18141	18120
18138	18202
18285	18352
18379	18379
18378	18397
18448	18534
18647	18781
18936	19101
19266	19412
19526	19616
19743	19919
20015	19830
19312	18528
17399	15881
14464	13945
14456	15366
16075	16346
16493	15184
12784	12978
12813	12240
11088	9610
8196	7223
6983	7532
8623	9799
10743	11378
11766	11992
12117	12170
12201	12261
12374	12497
12544	12418
12097	11630
11131	10726
10502	10478
10594	10695
10545	9994
9240	8700
8510	8465
8371	8218
8118	8156
8278	8346
8353	8479
8953	9860
10970	11884
12478	12910
13287	13572
13806	14100
14429	14615
14611	14558
14672	15143
16100	17512
19084	20379
21158	21416
21100	20102
18486	16586
14862	13692
13104	12800
12387	11611
10484	9251
8155	7328
6831	6655
6726	6914
7095	7206
7298	7478
7784	8136
8405	8541
8721	9239
10158	11258
12286	13114
13711	14144
14516	14918
15318	15598
15674	15574
15420	15389
15600	15994
16215	15787
14548	12778
10959	9498
8505	7876
7567	7694
8321	9357
10590	11750
12635	13168
13416	13538
13658	13827
14064	14373
14745	15151
15554	15912
16195	16394
16526	16653
16882	17272
17683	17892
17927	18017
18221	18332
18133	17466
16160	14194
12070	10611
10250	10764
11589	12162
12230	11894
11431	11103
11001	11070
11284	11638
11984	12083
11885	11657
11911	13101
15188	17650
19897	21553
22487	22744
22436	21710
20765	19830
19040	18433
18044	17918
18082	18462
18825	18904
18671	18318
17993	17700
17410	17128
16881	16688
16541	16419
16284	16104
15871	15612
15368	15198
15129	15162
15262	15390
15523	15648
15766	15876
15968	16032
16067	16094
16118	16139
16144	16120
16070	16015
15966	15930
15891	15837
15765	15681
15586	15468
15336	15205
15091	15017
15024	15128
15277	15383
15437	15505
15649	15874
16138	16389
16599	16784
16998	17294
17702	18224
18883	19682
20488	21102
21437	21575
21569	21428
21129	20707
20215	19730
19309	18987
18774	18664
18645	18694
18772	18843
18881	18898
18906	18917
18932	18950
18963	18977
18992	19015
19040	19060
19061	19049
19026	19006
18970	18895
18767	18615
18476	18406
18433	18561
18757	18956
19115	19214
19254	19252
19227	19201
19186	19174
19149	19098
19028	18943
18850	18739
18613	18479
18354	18235
18115	17961
17780	17596
17420	17234
17039	16848
16696	16604
16583	16630
16733	16869
17021	17169
17318	17470
17625	17765
17894	18019
18157	18307
18469	18642
18822	18999
19158	19294
19408	19508
19623	19766
19903	19971
19947	19873
19806	19779
19800	19845
19889	19918
19913	19863
19766	19625
19433	19192
18940	18744
18628	18568
18527	18479
18424	18361
18298	18237
18180	18123
18078	18054
18070	18121
18191	18247
18270	18274
18281	18312
18375	18468
18586	18732
18891	19061
19225	19366
19480	19578
19708	19887
19998	19868
19467	18847
17873	16397
14827	13963
14131	14957
15822	16223
16331	14994
12691	12987
12885	12363
11170	9550
7973	6925
6689	7252
8334	9527
10545	11280
11731	11953
12030	12069
12139	12264
12417	12547
12580	12459
12189	11845
11532	11356
11362	11503
11619	11487
10947	10041
9086	8476
8302	8315
8269	8115
7939	7872
7923	8028
8192	8545
9184	10083
11080	11982
12736	13409
14023	14502
14802	14933
14929	14839
14805	15014
15600	16573
17883	19375
20702	21467
21535	21032
20037	18535
16629	14658
13060	12170
11964	12061
11994	11450
10437	9225
8112	7268
6767	6602
6692	6901
7102	7231
7337	7523
7835	8199
8480	8625
8798	9280
10156	11253
12333	13232
13889	14339
14677	15011
15331	15548
15599	15522
15435	15488
15756	16133
16234	15609
14213	12436
10733	9378
8425	7809
7536	7706
8373	9444
10700	11864
12734	13246
13482	13591
13703	13865
14097	14402
14768	15169
15568	15927
16223	16443
16595	16726
16908	17187
17504	17728
17864	18021
18196	18212
17853	16945
15370	13271
11300	10294
10423	11103
11717	11984
11863	11462
11033	10832
10907	11114
11371	11681
11958	12031
11898	11842
12368	13887
16257	18812
20932	22316
22935	22908
22408	21617
20722	19894
19206	18644
18229	18021
18080	18367
18688	18789
18615	18304
17984	17674
17373	17091
16849	16648
16484	16332
16178	16002
15815	15620
15448	15310
15232	15223
15277	15363
15459	15561
15668	15778
15879	15954
16003	16034
16058	16074
16077	16064
16038	16003
15969	15934
15893	15832
15755	15664
15560	15439
15303	15167
15053	14976
14981	15078
15219	15314
15353	15412
15548	15767
16025	16271
16486	16683
16915	17234
17661	18200
18877	19694
20520	21138
21470	21591
21572	21411
21104	20674
20181	19698
19285	18977
18782	18688
18679	18735
18819	18886
18918	18922
18916	18909
18906	18901
18898	18893
18898	18909
18927	18937
18932	18910
18883	18859
18824	18731
18570	18361
18174	18075
18117	18299
18569	18843
19058	19179
19216	19189
19136	19090
19066	19050
19024	18974
18905	18820
18726	18614
18489	18356
18228	18115
18001	17861
17694	17527
17367	17199
17022	16849
16707	16618
16591	16628
16718	16844
16986	17128
17266	17410
17561	17701
17830	17954
18093	18244
18405	18581
18764	18945
19114	19255
19370	19473
19579	19707
19829	19885
19861	19793
19731	19711
19731	19769
19798	19805
19772	19695
19573	19416
19225	18996
18767	18592
18494	18447
18413	18375
18323	18264
18205	18153
18102	18054
18009	17985
17993	18034
18091	18136
18158	18165
18180	18221
18295	18397
18524	18674
18845	19018
19184	19326
19445	19552
19678	19828
19927	19855
19583	19102
18246	16856
15234	14084
13887	14564
15529	16042
16125	14795
12612	12952
12878	12375
11147	9434
7768	6712
6534	7121
8164	9322
10368	11171
11674	11887
11917	11922
11997	12144
12316	12461
12517	12446
12269	12052
11893	11864
11986	12187
12263	11966
11183	10049
8950	8299
8165	8268
8311	8173
7929	7744
7705	7827
8149	8746
9563	10449
11274	12050
12886	13889
14999	15958
16467	16367
15838	15339
15293	15894
17036	18418
19779	20924
21618	21636
20979	19859
18433	16745
14899	13150
11831	11203
11215	11500
11613	11244
10363	9206
8075	7196
6689	6538
6651	6890
7121	7271
7381	7565
7872	8227
8503	8644
8799	9239
10077	11181
12327	13317
14047	14520
14828	15087
15322	15464
15483	15431
15418	15566
15901	16271
16259	15450
13903	12118
10534	9290
8373	7773
7542	7759
8467	9571
10848	12014
12861	13342
13552	13651
13762	13930
14166	14467
14818	15190
15564	15907
16205	16444
16631	16776
16933	17130
17384	17655
17915	18131
18232	18067
17444	16187
14304	12150
10500	10087
10743	11540
11868	11771
11450	11018
10665	10610
10854	11183
11465	11704
11892	11964
11983	12218
13100	14923
17434	19919
21790	22848
23150	22873
22227	21416
20613	19927
19361	18857
18420	18131
18083	18282
18563	18691
18575	18309
17997	17673
17357	17074
16828	16621
16437	16259
16088	15924
15781	15661
15557	15453
15367	15321
15328	15367
15426	15499
15589	15694
15797	15881
15939	15970
15984	15990
15995	15999
16003	16000
15984	15955
15912	15854
15777	15685
15574	15449
15314	15183
15069	14995
14988	15069
15181	15256
15279	15323
15446	15654
15904	16148
16368	16582
16834	17176
17623	18179
18870	19695
20524	21145
21470	21583
21552	21377
21054	20615
20120	19642
19238	18945
18765	18686
18689	18755
18842	18911
18936	18930
18906	18882
18861	18842
18823	18805
18801	18806
18819	18824
18813	18782
18746	18717
18676	18564
18365	18105
17864	17737
17793	18028
18377	18728
18997	19146
19179	19127
19045	18978
18941	18922
18895	18844
18772	18687
18596	18486
18360	18226
18102	17989
17881	17755
17611	17462
17318	17166
17008	16856
16725	16635
16598	16620
16697	16815
16951	17085
17212	17347
17487	17617
17738	17860
17997	18152
18323	18502
18687	18872
19044	19190
19304	19406
19510	19633
19747	19797
19772	19708
19654	19640
19660	19690
19703	19684
19625	19517
19373	19204
19014	18798
18589	18434
18352	18318
18292	18258
18211	18157
18105	18061
18018	17975
17937	17917
17921	17952
17995	18030
18046	18058
18078	18128
18209	18320
18456	18614
18791	18973
19145	19291
19419	19535
19649	19747
19802	19774
19623	19255
18499	17230
15652	14305
13755	14219
15203	15798
15873	14602
12573	12906
12826	12315
11064	9318
7646	6661
6584	7186
8144	9203
10202	11019
11557	11778
11784	11750
11800	11931
12103	12273
12399	12447
12418	12348
12297	12310
12409	12533
12531	12191
11395	10226
9063	8365
8236	8399
8503	8382
8088	7807
7689	7802
8222	8981
9936	10813
11478	12045
12828	14119
15849	17520
18472	18289
17305	16426
16378	17294
18767	20172
21113	21519
21396	20741
19635	18245
16708	15089
13493	12107
11157	10803
10952	11277
11397	11056
10224	9099
7969	7087
6589	6466
6613	6888
7149	7316
7428	7603
7892	8229
8484	8606
8742	9162
9987	11117
12327	13392
14176	14661
14936	15127
15278	15359
15355	15329
15389	15623
16020	16378
16256	15261
13564	11780
10324	9192
8322	7746
7557	7830
8583	9728
11038	12208
13028	13465
13635	13717
13833	14023
14271	14566
14888	15217
15543	15856
16144	16406
16632	16818
16976	17136
17358	17685
18053	18297
18275	17863
16904	15283
13161	11095
9885	10054
11117	11931
11961	11540
11055	10624
10366	10449
10830	11254
11544	11710
11815	11932
12194	12833
14125	16190
18678	20930
22458	23177
23205	22741
22007	21213
20512	19962
19504	19039
18567	18196
18056	18184
18446	18608
18560	18340
18036	17697
17368	17076
16829	16610
16408	16206
16018	15866
15770	15720
15683	15618
15531	15456
15420	15416
15434	15478
15549	15645
15749	15836
15895	15920
15919	15910
15909	15929
15961	15988
15989	15971
15936	15883
15811	15718
15608	15484
15353	15230
15119	15040
15023	15078
15161	15204
15208	15234
15345	15537
15782	16025
16253	16477
16753	17113
17582	18151
18852	19681
20508	21120
21440	21544
21497	21310
20976	20529
20035	19559
19168	18890
18727	18662
18679	18749
18840	18909
18930	18914
18883	18846
18815	18787
18758	18735
18721	18721
18727	18729
18709	18665
18614	18574
18523	18395
18157	17844
17554	17402
17472	17761
18187	18615
18938	19113
19141	19068
18958	18867
18820	18797
18769	18718
18645	18562
18470	18359
18232	18098
17974	17867
17764	17652
17527	17402
17274	17138
16997	16859
16736	16648
16605	16616
16681	16788
16915	17037
17151	17274
17399	17518
17626	17744
17881	18042
18215	18403
18592	18777
18951	19096
19213	19312
19418	19541
19652	19702
19682	19625
19580	19571
19590	19613
19612	19571
19485	19349
19180	18997
18804	18602
18415	18281
18216	18190
18169	18137
18093	18045
18003	17964
17927	17893
17865	17848
17854	17877
17910	17935
17951	17960
17984	18037
18124	18240
18383	18548
18731	18922
19102	19258
19395	19524
19618	19649
19641	19635
19575	19289
18621	17507
16051	14598
13747	13957
14866	15490
15588	14432
12586	12871
12765	12231
10983	9262
7662	6814
6865	7472
8290	9171
10047	10817
11365	11616
11639	11597
11611	11706
11863	12064
12281	12475
12618	12693
12708	12689
12653	12609
12506	12226
11593	10540
9374	8613
8440	8597
8730	8642
8368	8082
7944	8051
8485	9281
10269	11131
11668	11997
12604	14021
16271	18693
20275	20316
19187	18118
18039	19004
20370	21304
21429	20910
20041	18996
17827	16536
15141	13723
12425	11432
10896	10858
11152	11440
11417	10925
10006	8865
7765	6929
6474	6390
6576	6892
7184	7365
7476	7636
7902	8211
8436	8529
8654	9088
9958	11136
12387	13482
14273	14741
14978	15112
15209	15249
15242	15251
15368	15663
16098	16426
16189	15015
13172	11393
10063	9055
8240	7700
7562	7894
8702	9901
11254	12439
13233	13619
13733	13793
13926	14145
14413	14700
14979	15251
15515	15781
16053	16334
16606	16850
17039	17196
17413	17776
18192	18414
18231	17525
16210	14283
12086	10289
9577	10176
11397	12103
11894	11270
10711	10323
10165	10354
10823	11303
11597	11705
11764	11983
12571	13688
15409	17623
19935	21815
22953	23359
23185	22615
21851	21098
20490	20034
19634	19165
18630	18175
17962	18053
18326	18549
18572	18399
18099	17747
17403	17102
16848	16620
16397	16170
15967	15827
15774	15792
15822	15805
15730	15637
15566	15519
15499	15510
15564	15651
15752	15841
15895	15909
15890	15861
15850	15873
15917	15956
15971	15963
15939	15897
15832	15748
15643	15524
15399	15281
15173	15096
15066	15093
15139	15156
15140	15154
15248	15426
15662	15906
16140	16380
16674	17054
17538	18122
18831	19659
20475	21076
21387	21480
21422	21220
20875	20423
19927	19461
19083	18819
18672	18622
18647	18722
18811	18877
18896	18881
18847	18809
18775	18744
18713	18685
18667	18660
18666	18663
18633	18567
18492	18436
18373	18226
17953	17594
17257	17084
17166	17503
18000	18501
18878	19075
19100	19006
18870	18763
18708	18679
18649	18598
18529	18444
18349	18236
18108	17976
17854	17746
17650	17551
17446	17341
17234	17116
16988	16859
16745	16659
16615	16619
16673	16763
16878	16987
17087	17193
17303	17408
17507	17619
17758	17920
18098	18288
18478	18664
18837	18985
19102	19201
19310	19433
19552	19610
19598	19551
19511	19503
19524	19541
19529	19471
19359	19197
19005	18803
18606	18416
18253	18145
18091	18069
18047	18020
17981	17944
17910	17875
17841	17811
17789	17781
17784	17803
17827	17848
17860	17874
17898	17951
18035	18156
18307	18480
18669	18863
19050	19217
19368	19508
19585	19546
19467	19450
19439	19215
18637	17696
16410	14936
13854	13787
14528	15132
15286	14291
12638	12855
12718	12160
10936	9295
7830	7164
7356	7945
8575	9215
9898	10570
11110	11415
11503	11496
11503	11570
11711	11930
12212	12517
12786	12962
13004	12921
12745	12533
12344	12152
11720	10820
9669	8830
8567	8671
8815	8809
8666	8518
8481	8618
9006	9705
10600	11399
11850	11998
12371	13694
16155	19103
21334	21888
21022	20030
19872	20553
21369	21500
20708	19393
18051	16924
15955	14944
13791	12603
11599	11003
10911	11227
11667	11875
11609	10852
9752	8561
7511	6751
6360	6322
6549	6903
7222	7416
7522	7665
7908	8181
8368	8431
8564	9066
10032	11279
12543	13600
14342	14759
14949	15047
15121	15161
15172	15213
15369	15697
16133	16410
16048	14704
12732	10956
9748	8867
8121	7626
7545	7943
8816	10080
11485	12696
13471	13798
13852	13887
14040	14300
14593	14865
15095	15293
15482	15689
15935	16227
16553	16861
17106	17288
17498	17848
18239	18376
18000	16985
15332	13224
11155	9794
9577	10378
11460	11928
11580	10933
10423	10121
10063	10317
10817	11320
11628	11708
11766	12142
13105	14732
16861	19133
21142	22562
23296	23442
23150	22555
21824	21133
20585	20165
19750	19215
18584	18041
17783	17875
18193	18495
18601	18471
18174	17808
17450	17143
16886	16650
16403	16156
15939	15812
15799	15879
15975	16016
15966	15868
15769	15682
15621	15604
15636	15712
15811	15895
15944	15944
15905	15856
15827	15832
15866	15897
15913	15913
15901	15872
15825	15752
15658	15547
15432	15320
15222	15146
15106	15107
15120	15108
15077	15079
15159	15328
15554	15800
16043	16297
16603	17001
17500	18099
18810	19636
20438	21025
21326	21408
21337	21121
20766	20308
19812	19353
18985	18736
18603	18566
18601	18677
18764	18823
18843	18832
18805	18771
18740	18708
18678	18650
18631	18625
18628	18621
18580	18489
18384	18308
18235	18073
17772	17370
16992	16795
16886	17265
17826	18393
18820	19043
19067	18957
18799	18675
18609	18575
18539	18486
18420	18333
18234	18117
17993	17865
17746	17640
17547	17456
17369	17281
17192	17089
16972	16853
16748	16668
16629	16629
16671	16745
16840	16934
17024	17112
17204	17296
17387	17497
17634	17796
17976	18165
18355	18541
18713	18858
18977	19081
19190	19325
19453	19525
19521	19480
19446	19442
19459	19473
19454	19380
19247	19063
18852	18634
18429	18252
18115	18029
17986	17963
17940	17912
17881	17853
17826	17796
17762	17736
17721	17714
17717	17730
17744	17759
17772	17787
17817	17872
17957	18081
18237	18417
18608	18808
18997	19173
19336	19485
19544	19452
19295	19239
19236	19061
18588	17823
16712	15280
14045	13699
14197	14734
14982	14178
12713	12864
12697	12128
10957	9428
8131	7660
7980	8527
8945	9316
9772	10312
10820	11184
11374	11454
11500	11573
11707	11918
12206	12535
12840	13045
13090	12966
12714	12412
12198	12091
11819	11036
9891	8958
8565	8566
8700	8805
8882	8991
9154	9349
9639	10133
10825	11533
11982	12089
12284	13335
15607	18666
21363	22569
22291	21591
21309	21458
21480	20779
19307	17573
16094	15065
14326	13547
12595	11628
10940	10771
11128	11764
12289	12354
11819	10794
9536	8306
7297	6604
6268	6271
6531	6913
7254	7462
7567	7696
7906	8138
8281	8324
8494	9106
10215	11543
12783	13752
14386	14717
14857	14943
15031	15104
15149	15222
15399	15728
16133	16336
15848	14351
12267	10504
9406	8643
7969	7530
7512	7984
8930	10260
11722	12954
13713	13982
13976	13985
14161	14462
14781	15040
15219	15337
15446	15587
15802	16107
16482	16857
17161	17365
17557	17844
18136	18137
17552	16236
14311	12162
10403	9592
9804	10573
11258	11400
11027	10528
10180	10010
10039	10320
10805	11310
11638	11730
11836	12405
13756	15867
18340	20590
22222	23163
23527	23483
23145	22592
21934	21311
20795	20349
19851	19199
18444	17819
17533	17656
18052	18446
18630	18543
18245	17863
17493	17186
16929	16681
16418	16147
15922	15807
15830	15967
16131	16228
16215	16125
16005	15884
15788	15741
15751	15814
15906	15989
16031	16019
15963	15893
15841	15816
15812	15818
15823	15824
15822	15810
15778	15723
15644	15548
15444	15347
15258	15186
15138	15114
15097	15062
15017	15012
15087	15249
15470	15714
15961	16227
16547	16959
17470	18078
18794	19609
20399	20978
21268	21339
21255	21028
20660	20197
19699	19244
18883	18646
18527	18504
18545	18624
18706	18763
18781	18773
18751	18728
18705	18677
18650	18625
18611	18607
18611	18600
18546	18432
18298	18204
18119	17949
17624	17187
16770	16549
16642	17054
17668	18293
18765	19013
19040	18917
18742	18602
18526	18480
18436	18382
18312	18230
18129	18015
17892	17771
17656	17555
17459	17377
17299	17228
17148	17058
16951	16844
16746	16677
16643	16643
16673	16733
16808	16889
16964	17038
17113	17188
17274	17382
17515	17680
17858	18045
18236	18419
18589	18733
18855	18962
19081	19223
19362	19443
19449	19416
19387	19383
19399	19408
19380	19295
19146	18949
18724	18493
18284	18115
17998	17932
17897	17876
17850	17821
17794	17775
17754	17729
17697	17673
17662	17659
17660	17664
17671	17677
17687	17707
17742	17801
17891	18015
18175	18357
18554	18755
18948	19129
19300	19453
19502	19371
19155	19035
19004	18869
18511	17907
16953	15598
14278	13676
13888	14328
14685	14086
12795	12879
12696	12140
11056	9667
8544	8229
8627	9108
9327	9450
9693	10081
10529	10934
11237	11442
11577	11696
11836	12021
12251	12515
12765	12937
12975	12860
12614	12334
12165	12149
12004	11318
10187	9153
8579	8402
8455	8638
8932	9303
9660	9891
10037	10275
10745	11395
11964	12218
12379	13086
14854	17594
20419	22182
22582	22267
21837	21386
20656	19397
17705	16007
14667	13769
13108	12397
11567	10839
10519	10786
11520	12343
12826	12684
11914	10742
9437	8208
7209	6540
6233	6263
6541	6927
7278	7497
7611	7726
7899	8080
8180	8210
8431	9178
10441	11852
13059	13907
14400	14623
14716	14815
14953	15080
15169	15269
15455	15772
16136	16247
15635	14008
11846	10092
9078	8407
7806	7426
7479	8032
9059	10460
11967	13213
13944	14157
14093	14083
14274	14601
14933	15175
15309	15362
15395	15481
15674	15991
16406	16839
17190	17408
17558	17739
17877	17693
16877	15297
13197	11169
9857	9611
10130	10693
10852	10653
10339	10099
9985	9970
10068	10343
10794	11291
11648	11802
12025	12828
14540	17043
19739	21878
23127	23635
23706	23535
23202	22723
22158	21597
21081	20566
19946	19150
18280	17582
17283	17443
17903	18373
18620	18569
18284	17900
17529	17219
16953	16689
16406	16121
15896	15794
15848	16030
16248	16394
16423	16350
16223	16082
15963	15890
15879	15924
16004	16082
16120	16100
16036	15954
15876	15811
15762	15731
15718	15716
15719	15716
15698	15661
15600	15524
15438	15353
15277	15211
15156	15117
15079	15027
14977	14972
15046	15207
15424	15664
15910	16174
16496	16914
17429	18041
18755	19567
20352	20925
21214	21280
21185	20944
20565	20095
19598	19144
18791	18567
18466	18459
18506	18582
18658	18706
18719	18710
18694	18679
18664	18650
18631	18613
18604	18600
18598	18577
18509	18374
18220	18112
18028	17855
17519	17053
16606	16365
16453	16883
17527	18186
18695	18964
18999	18870
18683	18529
18440	18387
18337	18278
18212	18132
18037	17927
17808	17693
17584	17488
17398	17318
17249	17182
17107	17023
16925	16828
16742	16687
16660	16660
16680	16725
16786	16855
16919	16979
17034	17097
17175	17278
17407	17567
17744	17931
18116	18295
18459	18605
18731	18848
18973	19121
19261	19348
19366	19343
19324	19317
19326	19328
19293	19202
19050	18846
18613	18374
18159	17997
17896	17842
17814	17792
17768	17742
17719	17703
17688	17670
17647	17629
17622	17620
17622	17619
17617	17613
17616	17632
17669	17735
17833	17960
18120	18303
18504	18711
18913	19100
19279	19425
19464	19315
19061	18871
18791	18677
18422	17955
17134	15869
14514	13687
13611	13937
14398	13993
12860	12884
12702	12211
11276	10072
9090	8834
9194	9564
9639	9612
9707	9946
10280	10672
11070	11410
11671	11867
12030	12165
12301	12450
12611	12737
12785	12718
12540	12324
12213	12263
12214	11674
10650	9573
8776	8325
8192	8370
8796	9327
9754	9934
9922	9973
10319	10994
11747	12245
12493	12917
14076	16210
18787	20812
21746	21760
21189	20239
18996	17559
16087	14794
13784	13028
12369	11668
10976	10536
10581	11169
12071	12864
13167	12822
11924	10745
9494	8290
7274	6594
6311	6360
6616	6963
7287	7511
7643	7750
7872	7983
8032	8071
8364	9226
10611	12096
13289	14029
14371	14478
14543	14693
14914	15109
15233	15351
15555	15879
16207	16226
15488	13766
11562	9801
8804	8182
7647	7341
7467	8110
9239	10720
12255	13470
14140	14296
14203	14182
14372	14686
14990	15200
15296	15310
15308	15374
15568	15906
16351	16814
17185	17399
17501	17569
17521	17071
15951	14123
11999	10294
9564	9831
10489	10728
10371	9892
9677	9716
9843	9968
10116	10386
10810	11296
11698	11987
12449	13579
15622	18336
21030	22948
23842	24033
23912	23673
23365	22961
22475	21951
21407	20796
20048	19132
18179	17441
17124	17277
17742	18226
18503	18494
18255	17909
17555	17229
16928	16625
16319	16036
15827	15749
15830	16028
16267	16446
16513	16471
16357	16212
16083	15992
15960	15986
16049	16111
16144	16128
16070	15993
15906	15814
15723	15653
15612	15592
15586	15583
15575	15555
15519	15470
15409	15344
15278	15218
15163	15118
15075	15027
14983	14985
15066	15231
15446	15673
15893	16133
16433	16832
17336	17937
18651	19465
20263	20857
21164	21239
21141	20886
20491	20006
19495	19042
18704	18504
18432	18449
18510	18582
18638	18661
18660	18643
18629	18620
18622	18622
18618	18609
18599	18586
18564	18520
18430	18279
18114	18010
17937	17778
17446	16979
16519	16261
16332	16745
17379	18038
18563	18857
18914	18789
18592	18423
18327	18267
18213	18150
18083	18010
17922	17824
17719	17615
17519	17433
17356	17285
17216	17148
17077	16995
16904	16815
16743	16697
16677	16677
16691	16724
16774	16831
16883	16927
16968	17017
17083	17181
17305	17456
17627	17807
17988	18160
18323	18471
18606	18728
18854	18988
19116	19200
19237	19239
19234	19228
19226	19210
19172	19088
18944	18747
18512	18263
18038	17872
17776	17730
17708	17695
17676	17653
17636	17623
17615	17605
17595	17587
17587	17590
17595	17592
17584	17565
17548	17547
17580	17656
17774	17913
18071	18245
18443	18657
18876	19090
19281	19416
19438	19294
19045	18812
18655	18521
18332	17970
17254	16072
14700	13673
13327	13532
14075	13875
12923	12866
12714	12336
11635	10651
9764	9416
9573	9775
9793	9777
9847	9956
10116	10414
10859	11329
11724	12012
12196	12281
12309	12351
12436	12557
12652	12652
12531	12341
12215	12238
12252	11942
11195	10188
9176	8386
8002	8120
8617	9181
9524	9552
9415	9436
9826	10569
11429	12102
12483	12780
13465	14934
16993	18923
20108	20326
19666	18405
16916	15552
14494	13722
13121	12567
11993	11430
11002	10891
11191	11852
12632	13200
13291	12835
11946	10843
9658	8466
7429	6771
6544	6609
6807	7053
7296	7503
7657	7756
7813	7831
7831	7899
8273	9199
10623	12166
13403	14092
14296	14287
14340	14578
14922	15194
15338	15466
15710	16083
16425	16385
15556	13780
11550	9715
8622	7983
7533	7313
7499	8212
9442	11002
12547	13698
14279	14387
14296	14281
14444	14700
14933	15078
15130	15125
15137	15241
15486	15873
16348	16820
17181	17364
17421	17413
17197	16442
14926	12793
10710	9516
9519	10271
10918	10778
9990	9306
9175	9437
9766	9991
10174	10469
10920	11397
11810	12251
13061	14620
16975	19703
22133	23701
24320	24346
24152	23903
23615	23257
22810	22291
21696	20988
20134	19152
18179	17438
17096	17178
17547	17967
18247	18310
18180	17929
17615	17261
16889	16518
16181	15911
15746	15709
15797	15977
16192	16380
16489	16491
16403	16264
16128	16016
15951	15938
15961	15999
16027	16033
16012	15974
15913	15820
15706	15597
15516	15457
15423	15404
15397	15400
15401	15392
15368	15328
15275	15218
15169	15134
15109	15077
15050	15067
15158	15323
15533	15736
15921	16110
16357	16706
17169	17743
18446	19278
20120	20769
21133	21245
21155	20887
20456	19930
19391	18928
18601	18433
18402	18455
18536	18599
18621	18613
18586	18562
18549	18559
18579	18603
18618	18615
18592	18549
18488	18401
18278	18108
17949	17862
17823	17696
17406	16969
16527	16254
16287	16638
17211	17838
18363	18690
18786	18680
18475	18291
18176	18107
18043	17973
17900	17824
17749	17668
17586	17510
17443	17381
17325	17267
17202	17136
17064	16986
16906	16827
16765	16727
16710	16708
16716	16737
16773	16814
16857	16890
16920	16959
17019	17104
17218	17355
17512	17687
17863	18039
18205	18364
18508	18630
18737	18831
18922	19004
19071	19116
19136	19125
19103	19074
19034	18966
18850	18671
18435	18173
17923	17740
17639	17592
17573	17565
17557	17549
17543	17542
17543	17543
17543	17548
17557	17572
17584	17591
17577	17531
17469	17430
17451	17544
17697	17863
18027	18187
18370	18590
18848	19116
19339	19462
19458	19342
19147	18900
18651	18445
18258	17964
17326	16195
14761	13530
12937	12788
13652	9240
