103	103
128	128
156	156
188	188
220	220
253	253
285	285
316	316
350	350
380	380
412	412
445	445
477	477
507	507
532	532
549	549
555	555
560	560
569	569
583	583
609	609
637	637
660	660
673	673
673	673
660	660
637	637
607	607
582	582
561	561
532	532
490	490
437	437
397	397
377	377
371	371
369	369
367	367
360	360
346	346
328	328
316	316
307	307
303	303
296	296
282	282
264	264
250	250
243	243
241	241
240	240
240	240
240	240
240	240
240	240
240	240
240	240
240	240
240	240
240	240
240	240
240	240
240	240
240	240
240	240
240	240
240	240
237	237
232	232
218	218
203	203
190	190
186	186
181	181
175	175
162	162
147	147
136	136
136	136
147	147
162	162
175	175
181	181
183	183
183	183
183	183
183	183
183	183
183	183
183	183
183	183
183	183
183	183
181	181
175	175
162	162
147	147
136	136
136	136
147	147
162	162
175	175
181	181
186	186
190	190
203	203
218	218
232	232
237	237
236	237
226	229
202	209
173	185
151	167
139	157
136	155
136	154
136	154
136	154
136	154
136	154
136	154
136	154
136	154
136	154
136	154
136	154
136	154
103	103
128	128
156	156
188	188
220	220
253	253
285	285
316	316
350	350
380	380
412	412
445	445
477	477
507	507
532	532
549	549
555	555
560	560
569	569
583	583
609	609
637	637
660	660
673	673
673	673
660	660
637	637
607	607
582	582
561	561
532	532
490	490
437	437
397	397
377	377
371	371
369	369
367	367
360	360
346	346
328	328
316	316
307	307
303	303
296	296
282	282
264	264
250	250
243	243
241	241
240	240
240	240
240	240
240	240
240	240
240	240
240	240
240	240
240	240
240	240
240	240
240	240
240	240
240	240
240	240
240	240
240	240
237	237
232	232
218	218
203	203
190	190
186	186
181	181
175	175
162	162
147	147
136	136
136	136
147	147
162	162
175	175
181	181
183	183
183	183
183	183
183	183
183	183
183	183
183	183
183	183
183	183
183	183
181	181
175	175
162	162
147	147
136	136
136	136
147	147
162	162
175	175
181	181
186	186
190	190
203	203
218	218
232	232
237	237
238	239
230	234
215	225
197	213
182	205
174	201
172	198
172	198
172	198
172	198
172	198
172	198
172	198
172	198
172	198
172	198
172	198
172	198
172	198
103	103
128	128
156	156
188	188
220	220
253	253
285	285
316	316
350	350
380	380
412	412
445	445
477	477
507	507
532	532
549	549
555	555
560	560
569	569
583	583
609	609
637	637
660	660
673	673
673	673
660	660
637	637
607	607
582	582
561	561
532	532
490	490
437	437
397	397
377	377
371	371
369	369
367	367
360	360
346	346
328	328
316	316
307	307
303	303
296	296
282	282
264	264
250	250
243	243
241	241
240	240
240	240
240	240
240	240
240	240
240	240
240	240
240	240
240	240
240	240
240	240
240	240
240	240
240	240
240	240
240	240
240	240
237	237
232	232
218	218
203	203
190	190
186	186
181	181
175	175
162	162
147	147
136	136
136	136
147	147
162	162
175	175
181	181
183	183
183	183
183	183
183	183
183	183
183	183
183	183
183	183
183	183
183	183
181	181
175	175
162	162
147	147
136	136
136	136
147	147
162	162
175	175
181	181
186	186
190	190
203	203
218	218
232	232
237	238
240	241
238	242
235	246
232	251
229	253
227	255
227	255
227	255
227	255
227	255
227	255
227	255
227	255
227	255
227	255
227	255
227	255
227	255
227	255
103	103
128	128
156	156
188	188
220	220
253	253
285	285
316	316
350	350
380	380
412	412
445	445
477	477
507	507
532	532
549	549
555	555
560	560
569	569
583	583
609	609
637	637
660	660
673	673
673	673
660	660
637	637
607	607
582	582
561	561
532	532
490	490
437	437
397	397
377	377
371	371
369	369
367	367
360	360
346	346
328	328
316	316
307	307
303	303
296	296
282	282
264	264
250	250
243	243
241	241
240	240
240	240
240	240
240	240
240	240
240	240
240	240
240	240
240	240
240	240
240	240
240	240
240	240
240	240
240	240
240	240
240	240
237	237
232	232
218	218
203	203
190	190
186	186
181	181
175	175
162	162
147	147
136	136
136	136
147	147
162	162
175	175
181	181
183	183
183	183
183	183
183	183
183	183
183	183
183	183
183	183
183	183
183	183
181	181
175	175
162	162
147	147
136	136
136	136
147	147
162	162
175	175
181	181
186	186
190	190
203	203
218	218
232	232
238	239
243	243
246	248
255	261
266	276
274	287
278	293
280	295
280	295
280	295
280	295
280	295
280	295
280	295
280	295
280	295
280	295
280	295
280	295
280	295
103	103
128	128
156	156
188	188
220	220
253	253
285	285
316	316
350	350
380	380
412	412
445	445
477	477
507	507
532	532
549	549
555	555
560	560
569	569
583	583
609	609
637	637
660	660
673	673
673	673
660	660
637	637
607	607
582	582
561	561
532	532
490	490
437	437
397	397
377	377
371	371
369	369
367	367
360	360
346	346
328	328
316	316
307	307
303	303
296	296
282	282
264	264
250	250
243	243
241	241
240	240
240	240
240	240
240	240
240	240
240	240
240	240
240	240
240	240
240	240
240	240
240	240
240	240
240	240
240	240
240	240
240	240
237	237
232	232
218	218
203	203
190	190
186	186
181	181
175	175
162	162
147	147
136	136
136	136
147	147
162	162
175	175
181	181
183	183
183	183
183	183
183	183
183	183
183	183
183	183
183	183
183	183
183	183
181	181
175	175
162	162
147	147
136	136
136	136
147	147
162	162
175	175
181	181
186	186
190	190
203	203
218	218
232	232
239	239
243	243
250	250
263	264
280	281
294	295
300	302
302	304
302	304
302	304
302	304
302	304
302	304
302	304
302	304
302	304
302	304
302	304
302	304
302	304
103	103
128	128
156	156
188	188
220	220
253	253
285	285
316	316
350	350
380	380
412	412
445	445
477	477
507	507
532	532
549	548
555	554
560	560
569	569
583	583
609	609
637	637
660	660
673	673
673	673
660	660
637	637
607	607
582	582
561	561
532	532
490	490
437	437
397	397
377	377
371	371
369	369
367	367
360	360
346	346
328	328
316	316
307	307
303	303
296	295
282	282
264	264
250	250
243	243
241	241
240	240
240	240
240	240
240	240
240	240
240	240
240	240
240	240
240	240
240	240
240	240
240	240
240	240
240	240
240	240
240	240
240	240
237	237
232	232
218	218
203	203
190	190
186	186
181	181
175	175
162	162
147	147
136	136
136	136
147	147
162	162
175	175
181	181
183	183
183	183
183	183
183	183
183	183
183	183
183	183
183	183
183	183
183	183
181	181
175	175
162	162
147	147
136	136
136	136
147	147
162	162
175	175
181	181
186	186
190	190
203	203
218	219
232	232
239	239
243	243
250	250
264	263
281	280
295	294
302	300
304	303
304	303
304	303
304	303
304	303
304	303
304	303
304	303
304	303
304	303
304	303
304	303
304	303
103	101
128	124
156	151
187	182
219	214
252	246
284	278
315	310
349	344
379	375
412	409
445	442
476	474
507	504
532	529
548	545
554	552
559	558
569	567
583	583
609	608
637	636
660	659
673	671
673	671
660	658
637	634
606	604
581	578
560	556
531	527
489	485
437	434
396	395
377	376
371	371
369	371
367	369
361	362
346	348
329	330
316	316
307	306
302	299
295	291
281	276
263	259
250	247
243	242
241	241
240	241
240	240
240	240
240	240
240	239
240	238
240	238
240	237
240	237
240	236
240	236
240	236
240	236
240	237
240	237
240	238
240	238
237	236
231	230
218	217
203	202
190	190
186	186
181	181
175	175
163	163
147	149
136	138
136	138
148	150
163	166
176	179
182	185
183	187
183	186
183	185
183	185
183	185
183	185
183	184
183	184
183	183
183	183
181	181
175	176
163	165
148	153
137	143
137	143
148	153
163	167
176	180
182	187
187	193
192	199
205	213
220	228
233	239
240	244
244	246
248	247
261	254
276	266
287	276
294	282
296	286
297	290
297	293
298	296
298	298
298	300
298	300
298	299
298	297
297	296
297	294
297	292
297	291
92	75
111	85
135	102
164	126
194	155
226	188
259	221
292	257
329	298
364	340
400	380
434	417
466	449
495	477
518	498
535	515
544	528
553	542
564	559
582	579
607	604
633	628
655	646
666	654
664	651
651	636
626	609
594	575
565	540
541	511
511	478
470	440
423	398
388	372
372	365
372	370
374	378
374	383
369	380
354	365
335	345
317	322
303	298
291	277
278	255
261	234
245	221
237	222
239	234
241	243
243	245
241	241
240	238
237	232
235	227
233	222
231	217
229	212
227	206
225	202
224	200
224	200
225	202
227	206
229	212
231	216
232	219
230	218
225	213
213	206
200	195
190	186
185	182
181	179
176	175
165	166
152	156
143	151
145	154
158	169
176	190
190	206
195	211
195	208
193	203
191	198
190	196
190	196
189	194
187	190
185	186
184	183
183	182
182	182
180	186
175	194
169	202
163	205
162	204
168	206
180	210
191	221
201	237
213	259
226	283
242	305
256	315
263	312
260	296
253	272
247	251
247	241
253	244
261	257
272	278
284	305
296	336
308	367
319	394
328	414
332	424
333	424
329	414
323	398
316	378
309	361
304	349
302	342
53	35
52	26
61	28
79	44
106	69
139	104
175	142
215	187
261	235
309	287
356	338
397	380
429	415
455	441
475	461
493	480
509	498
529	520
552	546
576	573
600	598
621	616
634	626
639	627
634	621
618	603
589	572
550	531
509	484
472	441
435	398
397	357
361	321
344	306
346	312
360	333
375	356
387	376
389	386
379	387
360	375
333	353
301	321
269	285
236	251
214	227
202	217
211	223
231	238
246	249
247	249
243	242
236	234
227	222
217	208
208	197
200	186
191	175
181	162
173	152
170	147
170	147
173	151
181	161
191	175
198	186
203	191
202	192
199	188
193	181
186	174
180	167
175	161
171	155
167	149
160	142
155	139
152	137
157	141
173	151
193	165
207	174
211	176
206	170
198	162
191	156
190	156
189	159
188	162
185	163
179	160
174	160
175	165
181	175
194	200
219	245
250	300
267	334
268	341
263	334
262	333
273	350
298	383
333	431
370	475
397	501
402	495
384	462
348	407
304	346
266	296
248	280
255	302
280	343
318	396
364	455
415	517
466	577
509	626
542	659
556	670
552	659
532	625
501	577
464	524
432	476
409	440
395	419
27	25
14	10
13	10
27	23
53	50
89	90
133	136
181	186
230	236
281	287
331	334
375	375
410	411
437	441
460	465
478	483
495	498
517	518
544	544
572	572
597	597
613	613
622	620
620	619
613	611
596	594
565	562
521	519
471	467
424	418
376	364
326	304
281	246
260	215
266	219
291	244
319	280
348	319
371	352
386	381
389	399
379	406
357	401
331	392
305	381
285	369
272	351
264	323
260	290
254	263
248	249
241	240
233	233
220	220
205	205
192	192
181	182
169	173
156	162
146	154
140	149
139	145
143	148
154	161
171	178
184	192
190	199
189	196
184	189
175	178
165	167
156	155
146	143
136	127
125	112
117	102
112	97
110	94
111	90
114	86
115	79
116	74
114	71
110	70
105	70
104	75
109	86
119	105
130	127
139	146
145	164
153	179
165	199
183	223
218	264
277	328
348	405
398	461
413	490
414	504
421	524
447	563
490	614
543	668
587	706
606	716
590	691
543	631
472	551
399	470
348	419
341	419
378	467
435	530
497	589
556	638
614	680
665	715
706	735
726	738
725	719
699	677
653	618
591	549
526	478
466	415
421	366
394	336
25	27
12	15
12	19
26	37
55	65
95	105
144	152
195	203
247	256
296	304
341	348
380	388
416	424
447	454
470	477
486	490
500	502
519	519
544	543
572	572
597	597
613	613
620	620
619	619
611	611
594	594
562	562
518	518
466	466
417	416
359	357
290	287
223	217
185	176
184	174
211	200
250	240
296	287
339	333
378	376
407	410
427	438
440	462
449	482
453	498
449	500
428	476
380	418
321	343
273	283
250	254
242	243
234	238
223	229
209	219
198	211
191	207
185	203
179	201
174	198
169	195
164	190
164	189
175	197
193	213
209	225
213	229
209	226
200	220
192	217
183	215
173	211
159	202
142	190
127	179
116	170
111	168
109	169
106	170
102	174
96	178
90	181
89	184
91	190
96	199
106	212
123	231
149	258
179	290
207	321
233	351
256	378
282	404
309	431
349	462
406	505
475	559
532	611
571	658
601	705
638	758
688	818
747	878
797	924
830	947
831	939
798	900
730	828
642	739
558	652
504	594
502	581
545	603
601	638
648	665
679	678
701	681
716	678
717	664
702	639
667	596
613	540
548	477
477	414
410	357
350	306
303	267
275	245
28	31
20	26
29	38
49	60
79	91
117	130
162	174
212	223
264	273
313	322
356	367
398	411
436	450
467	480
486	498
496	506
504	509
520	521
544	545
572	572
597	597
613	613
620	620
619	619
611	611
594	594
562	562
518	518
466	466
417	419
361	370
298	322
235	275
198	249
195	247
219	262
251	284
293	312
336	342
375	371
407	394
435	416
461	435
485	454
504	471
508	478
486	462
428	417
352	353
291	301
260	275
252	267
247	266
242	264
237	263
232	261
230	261
229	260
228	260
228	260
226	259
223	258
222	258
226	260
234	262
242	265
245	268
246	274
247	284
253	299
262	318
268	335
269	347
265	357
263	366
262	375
265	386
271	400
281	418
296	445
314	475
330	498
339	512
348	521
360	531
372	541
389	551
411	566
438	582
466	602
493	622
519	640
542	655
561	664
580	674
606	690
645	722
692	769
747	831
807	900
872	971
937	1037
995	1088
1033	1117
1045	1117
1030	1092
987	1045
915	978
827	899
745	826
683	766
653	722
647	691
654	671
658	655
655	641
644	624
628	604
607	581
578	555
540	530
494	502
444	474
396	448
354	427
318	409
292	399
277	393
35	43
32	38
44	50
67	73
100	106
140	147
186	197
236	249
285	298
334	347
380	392
424	435
462	471
492	500
510	519
514	523
515	520
524	525
545	546
572	572
597	597
613	613
620	620
619	619
611	611
594	594
562	562
518	518
467	467
422	426
384	397
354	389
332	388
320	392
318	389
323	383
330	374
340	364
351	352
361	343
370	337
381	336
391	338
402	342
415	350
422	357
416	361
389	355
348	342
315	331
297	324
293	323
293	326
294	330
296	337
298	341
299	345
299	346
299	346
299	348
299	350
301	353
302	354
299	350
296	341
295	333
298	333
308	344
325	366
348	393
375	424
400	456
425	490
447	521
467	549
487	573
507	599
528	623
552	648
585	678
619	709
644	730
656	736
660	737
665	735
669	733
673	729
678	727
684	725
695	725
703	723
710	723
716	722
719	723
724	732
741	763
779	818
836	888
905	963
977	1033
1047	1096
1107	1146
1148	1177
1165	1182
1156	1163
1124	1124
1074	1077
1014	1029
951	987
895	952
845	919
796	875
749	824
710	778
681	742
661	717
643	696
622	678
603	664
588	660
577	665
571	681
569	703
568	728
570	753
574	778
581	801
586	819
51	59
49	60
59	71
80	93
112	124
155	165
206	213
259	267
311	321
359	368
403	412
444	453
479	489
508	517
525	531
528	531
523	525
527	528
546	547
572	573
597	597
613	613
620	620
619	619
611	612
594	594
562	562
518	518
468	469
429	431
409	416
416	432
435	461
450	482
445	475
428	448
402	411
373	368
343	324
317	287
298	260
288	247
285	244
288	248
293	255
301	266
313	283
326	312
338	344
349	371
353	384
357	394
363	403
372	416
383	431
393	444
399	454
402	460
403	464
404	466
408	472
415	480
418	483
408	472
391	447
377	427
374	420
384	426
404	441
430	459
460	481
493	507
527	534
561	559
590	582
616	599
639	616
660	630
680	645
706	666
730	689
745	706
749	713
747	712
743	710
735	704
727	696
720	690
714	684
708	679
700	674
696	673
696	676
700	687
721	718
769	780
846	868
927	956
1003	1029
1068	1084
1122	1126
1157	1146
1173	1146
1166	1126
1139	1092
1098	1051
1057	1020
1025	1007
1008	1018
999	1035
986	1042
954	1021
907	976
858	925
819	881
787	843
763	813
746	793
738	787
743	797
761	823
792	864
833	917
880	978
926	1039
970	1098
1007	1146
1032	1175
64	67
70	78
85	98
110	126
141	157
179	194
224	236
274	285
328	339
377	390
423	438
465	484
502	521
529	546
540	555
536	548
528	539
531	540
549	557
575	581
598	602
614	616
621	622
620	621
613	613
595	597
563	567
520	525
471	479
433	441
419	424
436	435
468	459
488	473
478	461
446	431
401	386
351	335
302	287
261	247
234	223
221	212
218	212
226	223
238	240
253	263
277	295
318	344
362	399
399	443
420	466
434	480
446	493
461	508
477	524
494	543
508	560
518	574
524	581
528	588
535	597
544	606
547	606
533	593
506	568
485	548
474	537
475	532
479	526
485	518
492	507
501	498
511	489
521	477
527	463
532	449
537	441
545	439
558	454
582	490
612	538
639	582
657	613
665	631
669	643
670	651
668	659
667	668
668	677
668	687
671	701
678	719
690	741
709	768
745	805
811	863
899	937
981	1004
1042	1053
1086	1084
1113	1098
1120	1092
1104	1064
1072	1022
1031	977
993	943
974	932
981	955
1016	1008
1058	1065
1081	1100
1066	1086
1017	1031
959	963
908	903
863	850
825	805
799	771
792	758
801	763
828	787
871	829
929	888
998	960
1071	1037
1138	1106
1190	1159
1223	1192
72	83
88	108
113	140
144	172
177	206
214	244
255	288
304	338
360	392
414	446
463	494
511	541
547	578
572	606
580	618
575	618
567	610
567	607
577	611
594	615
609	618
616	616
618	613
616	609
610	604
596	598
572	585
537	564
499	541
465	516
446	496
444	476
452	461
455	451
443	445
419	435
385	417
342	387
299	353
264	322
242	299
232	285
232	284
244	294
266	319
296	356
339	412
399	487
465	567
515	625
541	653
553	662
562	668
574	673
589	681
607	692
624	704
636	713
645	718
651	722
659	725
666	725
664	722
651	713
633	702
619	696
611	698
607	704
599	705
584	698
563	680
538	651
511	613
478	564
442	508
408	451
380	402
367	373
382	383
432	443
504	531
566	606
607	649
630	668
646	679
660	691
674	707
690	725
708	747
728	776
754	814
785	858
817	903
850	944
887	981
935	1018
989	1054
1038	1084
1073	1105
1092	1116
1096	1111
1079	1090
1043	1053
997	1009
952	968
922	938
915	929
942	945
994	981
1055	1027
1093	1064
1085	1072
1035	1051
968	1004
903	948
843	889
791	837
752	797
733	776
734	776
754	797
795	835
852	885
921	940
993	996
1057	1042
1105	1075
1135	1094
114	174
149	218
184	255
218	286
253	317
291	349
334	383
381	419
429	454
475	486
519	517
561	552
599	585
629	613
646	628
649	631
645	630
641	631
639	638
637	650
634	661
630	672
625	680
623	686
622	691
622	695
620	696
614	690
603	679
587	660
565	630
529	581
491	532
471	508
472	518
480	541
481	556
465	550
438	531
409	502
385	476
369	457
362	450
371	459
398	488
441	536
507	605
595	694
685	785
751	849
782	877
788	879
787	873
784	864
783	856
785	852
789	849
792	845
790	837
786	827
782	818
779	811
774	805
768	801
763	798
765	806
780	829
801	862
821	896
833	925
829	936
805	922
763	886
706	833
638	768
567	695
500	625
455	573
454	560
510	598
602	666
675	726
712	754
723	761
728	764
735	776
749	794
767	818
792	851
829	894
878	954
935	1019
991	1081
1039	1131
1075	1161
1101	1172
1119	1169
1132	1161
1140	1154
1139	1143
1129	1125
1106	1097
1072	1064
1031	1030
995	999
967	974
953	959
952	948
965	948
988	956
1021	988
1056	1049
1081	1116
1078	1155
1044	1153
996	1129
952	1106
921	1093
905	1090
909	1099
929	1108
957	1111
987	1101
1012	1074
1032	1034
1041	990
1045	951
1046	926
267	377
316	433
351	464
376	477
396	483
414	482
431	477
446	469
462	464
476	459
492	456
512	459
534	463
550	466
558	463
557	458
560	466
573	497
604	558
648	640
696	731
742	817
776	884
801	930
813	951
816	947
806	921
785	875
754	816
718	755
675	696
620	639
570	597
551	589
568	615
601	653
624	683
626	689
610	675
582	650
557	625
540	610
535	609
548	628
579	664
627	709
691	763
769	821
845	873
897	908
918	919
917	917
908	908
897	898
888	889
881	880
872	869
862	857
850	842
837	828
826	816
819	809
813	803
808	798
805	794
812	798
836	817
872	848
912	883
947	914
965	932
960	936
937	926
897	906
848	879
792	849
736	816
691	787
669	758
674	733
702	714
732	712
753	725
767	752
783	787
808	834
841	887
877	940
921	994
973	1053
1038	1119
1105	1181
1167	1234
1213	1273
1235	1288
1228	1275
1205	1241
1179	1206
1158	1177
1136	1149
1108	1114
1076	1080
1043	1050
1014	1024
988	1006
970	998
959	998
953	1006
953	1019
964	1039
999	1074
1067	1131
1152	1200
1215	1252
1239	1283
1243	1303
1246	1324
1256	1350
1268	1371
1276	1376
1268	1352
1235	1292
1173	1195
1086	1067
983	922
879	780
795	666
742	593
487	573
543	622
569	640
570	632
560	611
541	582
516	548
491	514
469	483
448	452
430	421
414	393
401	370
391	353
381	343
378	346
393	370
440	428
526	522
636	646
760	782
876	909
971	1014
1034	1083
1061	1109
1050	1093
1005	1036
936	953
853	858
771	765
700	689
644	642
615	626
619	643
652	683
695	728
729	764
740	779
729	770
706	750
683	728
670	715
673	719
694	740
731	776
774	817
819	855
858	880
886	890
900	889
904	885
900	878
894	872
886	867
879	860
869	848
853	830
840	816
825	804
813	794
801	784
792	777
787	772
783	772
780	769
780	765
791	765
809	766
832	772
854	779
866	784
874	791
876	799
873	808
869	820
866	837
860	854
848	861
820	839
770	777
714	702
683	658
691	666
731	717
788	788
856	871
927	951
992	1024
1053	1088
1114	1145
1174	1195
1226	1234
1269	1265
1300	1285
1311	1292
1299	1280
1269	1256
1235	1227
1205	1200
1176	1175
1142	1149
1112	1126
1087	1111
1070	1108
1064	1117
1068	1139
1082	1176
1109	1224
1141	1275
1174	1320
1205	1345
1234	1342
1259	1317
1276	1285
1286	1258
1298	1244
1319	1244
1344	1253
1364	1267
1369	1274
1344	1267
1281	1231
1182	1168
1053	1079
911	977
768	871
652	781
577	723
621	626
657	645
665	645
652	633
628	615
599	596
568	574
536	554
505	532
471	506
437	479
406	456
382	440
369	436
365	444
376	466
409	503
469	556
557	624
670	709
795	803
913	891
1009	958
1068	995
1085	998
1062	973
1005	923
923	853
829	777
741	704
672	653
637	635
636	651
665	687
708	731
752	770
786	801
800	814
796	809
777	789
754	762
741	746
743	744
761	758
795	789
834	824
868	856
885	871
885	870
877	860
864	846
855	833
848	823
842	814
834	806
820	791
802	773
789	758
779	750
772	746
766	743
761	742
760	743
760	747
759	748
752	740
740	720
727	694
714	664
704	637
697	615
697	602
703	600
715	611
737	636
768	673
801	716
822	746
809	747
754	711
682	660
641	637
655	660
712	719
791	795
876	875
958	951
1031	1017
1090	1068
1141	1108
1178	1135
1207	1151
1224	1157
1232	1153
1228	1137
1209	1105
1180	1065
1153	1033
1132	1016
1115	1010
1099	1009
1088	1016
1088	1037
1103	1074
1134	1126
1180	1195
1240	1277
1310	1364
1379	1445
1433	1505
1454	1524
1427	1485
1363	1402
1289	1306
1228	1226
1182	1163
1153	1118
1143	1096
1149	1101
1165	1128
1184	1172
1191	1214
1182	1248
1152	1266
1111	1269
1059	1257
1010	1240
976	1224
591	527
593	517
592	518
587	524
581	534
576	546
571	563
569	581
564	600
556	616
548	630
541	643
539	657
546	676
565	703
595	735
632	767
672	790
712	802
758	808
807	812
851	811
881	804
890	789
879	767
853	742
813	716
765	688
713	660
666	640
639	639
642	663
672	708
714	756
756	799
792	830
818	850
826	852
818	832
791	798
760	756
735	724
728	709
738	711
762	729
795	757
825	786
840	804
843	811
836	809
825	802
813	793
801	781
790	768
778	753
762	738
744	721
731	707
722	696
717	689
716	686
716	687
720	692
728	702
734	711
726	704
703	681
668	643
625	596
584	549
550	508
524	476
512	457
516	455
539	472
577	504
622	545
657	582
673	612
663	632
647	650
649	676
680	713
737	763
806	821
875	880
940	931
994	973
1033	1004
1064	1026
1081	1041
1091	1046
1090	1042
1077	1029
1051	1009
1010	979
964	948
932	932
923	938
930	965
950	1006
979	1056
1022	1117
1079	1187
1151	1270
1237	1364
1332	1459
1427	1550
1511	1628
1572	1680
1587	1683
1541	1622
1448	1516
1349	1417
1270	1353
1213	1319
1175	1305
1159	1312
1171	1340
1209	1383
1263	1433
1318	1475
1365	1499
1392	1495
1402	1471
1394	1431
1381	1391
1368	1364
450	376
435	363
440	375
458	405
483	443
515	490
552	545
593	604
635	663
675	724
712	777
744	823
773	864
801	899
830	926
860	947
880	954
886	946
875	920
851	879
819	830
784	782
752	740
722	704
695	677
674	658
658	651
646	650
638	656
639	670
659	704
704	768
765	847
822	914
864	956
892	978
905	983
896	964
866	921
819	862
767	800
725	747
698	708
691	689
700	690
724	705
751	726
769	742
779	749
779	750
777	749
771	747
762	740
748	729
733	715
717	701
702	685
687	669
673	654
663	642
658	632
656	628
660	628
669	634
678	638
674	634
653	618
617	592
574	561
531	532
494	508
466	487
445	473
439	468
449	475
474	493
508	524
545	559
585	602
629	659
675	716
717	765
755	798
796	828
842	861
889	899
930	932
963	963
988	988
1010	1017
1028	1047
1037	1070
1040	1088
1035	1103
1033	1125
1033	1160
1040	1208
1057	1260
1089	1316
1137	1378
1194	1446
1259	1520
1330	1595
1405	1666
1488	1737
1572	1802
1657	1862
1733	1913
1795	1950
1829	1957
1810	1914
1723	1798
1596	1646
1489	1530
1439	1486
1431	1493
1447	1526
1480	1570
1522	1615
1565	1650
1600	1665
1611	1647
1592	1587
1538	1488
1458	1365
1365	1233
1286	1122
1234	1052
316	276
313	287
333	315
371	358
419	413
477	478
544	548
613	622
684	696
756	771
818	839
873	897
922	946
959	981
984	1001
993	1000
986	982
965	956
935	929
892	896
845	865
801	836
764	813
735	794
711	778
697	768
693	767
699	774
710	786
731	808
774	853
849	935
943	1037
1021	1120
1065	1164
1080	1173
1075	1160
1046	1124
996	1066
927	988
853	905
785	826
734	764
705	723
696	705
701	703
714	707
723	712
727	710
726	707
725	705
724	705
720	703
712	696
699	686
685	672
669	656
654	639
637	622
624	607
611	593
602	583
598	573
596	563
594	551
588	543
580	542
569	545
556	550
545	559
537	570
532	581
529	593
530	605
539	621
558	642
585	669
617	699
658	732
711	772
767	814
810	848
836	867
856	883
879	902
909	933
942	971
975	1015
1010	1063
1051	1116
1096	1176
1140	1237
1180	1295
1217	1347
1260	1394
1315	1439
1380	1488
1447	1542
1517	1604
1585	1671
1660	1745
1735	1817
1807	1884
1870	1936
1922	1967
1959	1975
1985	1968
2003	1947
2008	1918
1990	1875
1924	1801
1794	1684
1635	1547
1516	1441
1467	1386
1471	1367
1496	1364
1528	1367
1558	1371
1578	1373
1575	1362
1539	1325
1463	1261
1352	1170
1218	1063
1080	955
965	863
891	804
269	302
293	335
327	371
371	408
425	454
487	506
556	561
625	619
696	676
766	736
832	791
886	837
930	870
962	895
977	910
975	918
957	921
938	922
921	925
904	924
890	922
876	918
867	912
858	905
849	895
842	888
841	888
848	896
861	910
881	933
925	974
1003	1037
1100	1111
1176	1168
1216	1194
1220	1188
1199	1159
1156	1115
1095	1055
1016	982
929	900
845	821
775	755
726	703
700	671
692	657
693	657
695	660
692	662
689	663
687	664
688	670
688	676
684	679
675	677
664	671
649	658
632	639
613	612
593	588
578	567
566	550
552	532
533	510
515	488
503	476
507	480
520	494
537	515
560	542
586	575
613	609
638	643
662	677
689	715
717	753
747	790
774	820
800	846
828	869
856	893
882	921
901	954
923	996
955	1053
998	1125
1054	1205
1112	1282
1172	1352
1233	1408
1294	1452
1355	1482
1408	1499
1452	1504
1480	1495
1495	1474
1504	1449
1525	1439
1566	1450
1619	1478
1680	1515
1743	1559
1800	1602
1842	1638
1859	1651
1847	1636
1812	1590
1761	1521
1703	1441
1639	1362
1565	1291
1481	1239
1391	1198
1317	1161
1262	1123
1222	1083
1190	1043
1164	1010
1145	985
1134	970
1122	962
1099	956
1061	944
1011	927
949	905
886	880
833	860
798	845
370	447
403	472
432	492
460	509
492	527
527	545
563	563
602	585
643	610
686	640
730	669
761	689
783	702
800	713
819	735
846	776
878	833
909	890
935	935
950	967
957	985
955	987
945	974
933	953
918	930
906	912
902	904
909	906
926	922
954	952
993	987
1037	1013
1079	1027
1104	1029
1111	1019
1095	997
1063	965
1018	924
966	878
903	825
835	773
770	723
712	677
664	636
629	603
611	585
610	587
621	607
633	633
644	657
652	672
663	689
677	709
689	730
697	745
698	749
687	737
663	711
632	677
600	642
574	609
550	581
526	553
502	526
482	506
470	492
471	488
479	487
493	492
516	508
547	534
582	566
620	605
662	650
710	704
757	760
802	811
841	856
871	896
901	937
934	983
975	1038
1026	1106
1096	1196
1186	1306
1288	1427
1392	1546
1488	1650
1562	1721
1606	1752
1616	1732
1597	1667
1556	1577
1504	1477
1451	1383
1399	1303
1354	1239
1324	1194
1310	1165
1308	1148
1317	1142
1339	1153
1372	1178
1405	1209
1422	1229
1412	1226
1369	1191
1297	1128
1210	1048
1124	965
1057	904
1023	880
1016	886
1012	900
997	902
975	898
951	893
932	888
915	882
906	879
903	880
907	885
911	893
912	899
910	901
903	902
898	900
894	900
520	584
531	581
540	578
546	576
551	572
558	569
564	569
573	571
588	576
606	586
624	596
637	601
643	601
651	603
672	623
720	669
788	741
858	819
920	895
969	960
1002	1008
1012	1033
1002	1031
979	1011
952	981
926	947
906	917
900	898
910	894
933	907
960	925
977	933
977	928
965	913
948	895
926	876
897	852
862	826
823	794
780	759
738	727
699	698
664	673
633	651
605	634
593	628
601	644
632	685
674	740
709	785
731	812
751	833
774	855
797	876
814	890
817	891
804	879
779	856
746	824
711	794
677	761
646	728
615	694
585	660
560	630
541	609
532	595
526	588
525	584
534	589
553	603
584	630
622	667
667	711
723	767
782	828
837	884
887	933
932	978
980	1025
1034	1077
1098	1135
1172	1202
1266	1289
1378	1391
1501	1501
1619	1608
1718	1695
1784	1747
1800	1750
1760	1700
1670	1602
1553	1474
1425	1335
1303	1197
1196	1066
1107	956
1048	889
1018	869
1007	876
1007	893
1019	915
1042	939
1068	957
1085	963
1083	958
1055	935
1006	903
943	861
878	820
827	786
809	769
814	768
827	774
834	777
838	779
839	779
838	777
836	773
835	769
835	768
839	770
845	774
849	775
851	778
852	778
851	778
851	778
639	681
625	658
611	638
602	625
591	610
582	596
576	585
572	575
571	566
574	561
575	554
570	543
562	530
561	525
578	540
625	586
698	661
781	749
868	843
947	934
1011	1012
1050	1064
1059	1084
1044	1074
1013	1043
973	996
931	946
898	901
881	872
881	858
887	851
887	844
878	833
865	823
851	814
835	804
818	793
798	781
776	769
752	754
729	741
709	729
694	721
682	717
673	715
674	720
696	745
745	797
808	865
859	918
890	947
909	963
927	977
943	987
954	992
954	990
943	982
923	964
896	941
867	916
837	890
806	863
773	832
736	798
703	767
679	745
666	735
659	730
656	728
658	730
670	738
693	757
725	787
771	828
824	878
882	933
937	986
986	1032
1025	1062
1062	1079
1096	1089
1138	1104
1188	1135
1259	1183
1344	1248
1439	1322
1528	1393
1597	1445
1635	1467
1626	1447
1568	1387
1468	1287
1338	1163
1197	1024
1051	881
909	742
791	634
728	588
725	606
756	659
793	714
825	751
847	766
852	756
843	727
828	698
809	675
792	666
775	668
756	675
742	678
730	670
720	657
715	646
714	641
714	644
714	649
710	649
704	647
699	647
700	655
704	664
708	674
711	680
713	684
713	686
713	687
713	687
705	713
680	693
659	674
643	658
627	642
612	625
595	606
578	586
562	565
549	547
537	531
522	515
507	500
500	491
515	505
560	551
636	629
729	726
828	829
927	930
1016	1027
1078	1093
1106	1126
1101	1122
1069	1088
1017	1032
958	970
906	915
868	872
843	842
827	821
813	802
801	787
792	779
787	775
783	775
779	776
775	779
770	783
765	784
759	784
754	783
751	784
752	790
754	796
763	808
789	831
840	877
904	931
955	970
979	987
989	990
996	988
998	983
999	977
995	970
987	961
971	947
951	929
929	911
911	898
889	885
866	873
841	864
820	858
804	852
796	846
791	841
790	838
791	839
798	843
814	855
839	877
876	910
922	951
973	999
1022	1044
1064	1081
1084	1096
1081	1079
1066	1045
1054	1012
1059	997
1085	1001
1128	1020
1181	1051
1233	1087
1269	1111
1278	1111
1252	1081
1191	1021
1096	934
978	826
849	709
717	595
597	499
511	443
489	446
529	500
598	578
663	643
701	674
704	664
676	617
626	549
578	483
545	439
536	425
551	439
574	470
593	498
594	508
581	504
571	501
569	506
577	522
589	543
599	567
609	592
621	620
640	652
659	683
678	709
691	730
698	746
704	757
708	766
710	772
706	696
697	696
685	690
671	682
655	668
639	653
621	637
601	619
580	602
560	585
541	568
525	553
510	540
502	532
516	546
561	593
643	673
739	769
843	871
947	970
1043	1061
1111	1125
1144	1155
1138	1146
1100	1106
1043	1051
983	994
928	946
886	910
857	888
836	871
817	852
798	831
787	818
783	813
785	815
790	820
796	826
803	835
810	842
813	844
815	847
819	852
828	864
840	878
853	894
873	910
908	932
948	954
972	964
977	957
970	941
960	923
949	904
936	885
925	871
914	861
901	851
886	839
872	831
865	830
862	835
864	849
873	873
883	899
889	913
885	913
879	904
873	894
871	889
872	887
881	891
897	905
928	932
967	970
1013	1013
1055	1056
1090	1090
1101	1105
1082	1093
1043	1060
1000	1018
969	981
955	951
953	934
965	931
986	938
1000	944
996	938
965	911
909	861
829	788
732	702
629	613
535	538
465	487
434	473
453	496
512	546
585	605
644	650
665	661
642	633
582	573
505	495
429	418
374	358
348	320
353	309
377	320
408	346
429	374
439	399
448	424
464	447
489	477
519	513
554	554
591	600
634	648
677	696
716	739
750	778
778	811
803	843
822	868
836	885
844	894
685	683
691	683
690	682
685	683
677	682
667	678
653	670
640	662
629	659
619	658
609	658
597	653
587	646
581	645
596	662
642	708
720	782
812	868
907	951
997	1030
1077	1095
1134	1138
1158	1152
1146	1135
1104	1097
1053	1051
1004	1014
967	990
942	978
931	977
919	974
903	962
883	942
869	927
863	922
864	921
866	920
869	918
872	914
875	911
876	909
879	910
884	913
895	921
911	933
924	943
935	952
948	961
959	966
957	960
941	938
916	906
889	871
863	839
840	812
824	795
816	787
808	784
803	783
801	788
806	798
817	814
839	839
872	874
906	907
925	927
926	926
915	912
900	894
891	880
887	873
889	873
899	881
922	902
957	935
1001	978
1045	1024
1081	1061
1103	1088
1103	1098
1083	1092
1050	1067
1009	1027
970	982
943	944
928	919
925	908
925	904
919	901
897	885
854	852
792	801
717	738
640	674
579	625
542	596
534	592
551	600
583	613
622	631
652	646
657	651
633	640
584	614
521	573
454	525
392	474
346	425
318	382
312	354
327	352
357	378
394	420
428	459
456	486
487	510
521	539
562	573
605	607
651	643
697	677
737	708
774	737
810	769
845	799
871	822
886	833
894	839
688	706
676	682
673	676
677	681
684	693
688	701
688	707
686	710
690	721
698	736
706	749
710	760
710	765
715	775
737	801
785	852
855	920
932	990
1004	1049
1066	1097
1113	1128
1143	1142
1144	1135
1123	1107
1085	1071
1047	1042
1023	1027
1011	1028
1011	1039
1021	1060
1027	1073
1020	1071
1002	1051
986	1031
978	1019
976	1013
971	1006
965	994
952	979
942	966
938	958
936	951
936	946
940	942
945	942
951	947
959	954
969	968
978	981
972	980
949	958
913	921
871	875
833	834
803	802
785	782
776	773
775	773
780	781
790	797
806	817
824	837
848	856
878	878
906	894
920	899
915	891
898	872
876	849
859	830
850	817
849	813
855	818
873	835
905	866
948	907
993	950
1031	986
1056	1009
1071	1020
1073	1015
1051	990
1010	946
959	893
915	843
879	804
862	782
856	777
857	781
848	779
825	763
785	735
736	699
686	661
647	634
629	628
628	636
630	637
628	624
627	609
632	609
641	622
649	650
650	676
640	696
618	701
584	687
537	646
482	587
437	528
416	493
431	495
470	526
507	557
530	575
547	584
562	588
583	597
605	605
625	611
644	614
659	615
675	616
694	622
715	628
730	634
738	637
740	637
741	794
715	780
707	776
712	778
722	780
729	779
734	776
739	774
751	780
766	790
781	800
792	804
799	806
811	816
841	843
891	891
956	951
1018	1005
1066	1040
1100	1059
1118	1065
1120	1057
1106	1039
1077	1015
1046	997
1025	989
1023	998
1033	1020
1057	1052
1084	1085
1101	1100
1097	1083
1070	1041
1041	999
1022	974
1013	961
1003	951
989	935
972	919
957	903
946	891
936	876
923	861
917	849
912	844
913	843
922	848
936	857
951	866
951	865
933	851
897	823
857	793
818	764
789	740
767	723
756	714
756	714
766	722
784	739
806	756
826	771
842	781
852	781
855	774
852	765
840	754
824	742
802	726
782	709
768	696
761	689
764	691
779	700
806	721
843	749
882	779
915	803
933	813
932	805
918	781
882	746
837	707
788	668
740	633
704	604
683	588
678	585
684	590
687	594
679	592
660	581
634	563
607	547
593	543
600	556
614	578
619	585
602	573
583	555
578	550
595	566
634	601
677	643
716	684
739	710
739	716
709	695
653	654
592	604
551	565
542	548
559	553
583	570
600	590
609	610
613	630
617	649
622	665
623	680
623	689
618	694
613	696
609	694
605	686
601	677
598	670
596	664
855	899
854	897
853	897
851	891
844	879
833	863
820	844
810	827
804	817
805	810
806	805
802	795
796	785
799	781
820	792
861	821
912	858
953	885
975	893
980	889
975	875
959	857
942	842
928	837
925	846
934	867
955	895
985	930
1023	969
1056	999
1063	1003
1032	966
975	903
922	848
891	817
877	802
865	789
851	776
835	761
820	750
807	737
792	723
775	705
762	691
755	685
753	681
753	676
753	669
752	659
745	649
735	642
719	634
702	627
685	621
671	615
661	610
655	609
655	609
661	610
670	615
680	619
690	622
692	623
687	619
676	612
666	606
658	602
651	600
641	596
631	592
623	588
619	587
619	587
625	589
636	594
652	600
669	606
681	610
684	607
671	592
648	571
619	549
593	534
570	524
548	515
532	509
523	504
522	504
525	505
528	506
527	506
522	505
514	502
506	500
507	506
523	521
544	541
555	553
551	556
541	553
538	552
547	556
570	566
597	576
624	588
641	595
646	598
636	594
611	584
582	569
553	550
531	528
523	511
532	514
558	541
596	588
638	641
681	697
719	748
754	794
783	832
805	863
820	885
826	898
822	898
812	891
803	883
795	876
899	852
886	830
881	820
874	815
864	811
851	806
835	800
821	795
811	792
805	790
799	787
790	785
779	780
774	777
777	774
791	769
807	763
816	753
812	739
801	724
785	709
768	694
757	686
758	690
772	706
798	730
828	756
861	784
896	815
924	839
929	849
898	831
846	796
799	764
771	744
757	733
744	721
731	711
721	702
710	694
699	681
684	667
668	652
656	642
649	636
644	628
637	621
627	613
615	606
606	602
601	599
598	599
597	599
594	598
593	598
592	598
591	598
591	598
592	598
593	598
594	599
596	600
597	606
600	617
604	632
607	644
609	650
608	652
607	651
606	651
604	651
604	651
604	651
604	651
606	651
607	652
609	651
608	649
602	640
585	621
564	596
546	576
537	567
532	565
529	564
527	564
527	563
527	563
527	564
527	564
527	564
527	564
526	564
528	565
534	571
548	586
566	603
580	616
585	623
587	625
586	625
587	625
590	626
593	626
596	626
598	627
599	627
597	626
595	626
590	623
576	618
558	606
539	596
536	592
558	600
596	619
643	644
690	667
733	688
772	711
804	729
831	745
849	755
860	762
863	767
861	770
858	775
855	777
776	700
749	666
737	652
735	652
739	663
744	679
752	697
758	713
762	728
767	742
772	756
778	771
783	785
784	791
776	780
756	748
728	706
701	669
680	646
663	627
646	609
633	597
629	594
635	600
651	613
670	629
691	647
714	664
738	682
762	699
774	712
769	718
753	717
735	713
724	708
717	706
709	700
700	692
692	681
681	668
667	652
653	638
640	625
631	618
625	611
617	605
610	599
607	602
609	611
611	620
613	624
614	625
614	625
614	625
614	625
614	625
614	625
614	625
614	625
614	625
614	626
617	629
625	639
645	662
667	689
687	712
695	722
698	725
698	725
698	725
698	725
698	725
698	725
698	725
698	725
698	725
698	725
694	721
684	708
660	683
631	650
609	624
596	610
593	607
593	607
593	607
593	607
593	607
593	607
593	607
593	607
593	607
593	607
595	608
601	613
612	622
628	634
640	641
646	647
647	648
648	648
648	648
648	648
648	648
648	648
648	648
648	648
648	648
648	648
649	650
650	660
652	676
654	695
654	703
651	692
648	672
644	647
641	623
638	603
641	591
646	586
653	589
660	599
666	612
674	626
685	645
697	663
706	676
632	563
591	525
574	513
579	523
597	544
619	571
645	601
669	630
693	661
716	693
740	725
763	753
782	774
792	785
781	778
747	748
700	705
660	668
635	646
618	633
602	621
591	613
587	610
591	612
601	617
614	625
628	633
640	637
650	637
659	639
670	646
681	660
693	677
699	690
701	693
698	690
691	681
681	669
668	654
652	638
637	622
623	608
610	595
601	586
595	581
591	579
589	580
596	586
607	597
617	605
623	610
624	611
624	611
624	611
624	611
624	611
624	611
624	611
624	611
624	611
625	611
629	614
639	623
661	644
690	667
712	688
722	697
726	700
726	700
726	700
726	700
726	700
726	700
726	700
726	700
726	700
726	700
722	696
708	682
681	654
646	619
618	591
604	577
601	573
601	572
601	572
601	572
601	572
601	572
601	572
601	572
601	572
601	572
602	572
604	574
610	575
616	578
621	580
623	580
624	581
624	581
624	581
624	581
624	581
624	581
624	581
624	581
624	581
625	583
629	589
645	610
674	648
709	694
726	720
715	713
687	685
649	647
615	614
587	587
569	572
563	571
569	588
586	617
609	652
634	688
660	720
684	747
699	763
493	448
474	445
472	451
485	467
509	491
538	522
569	552
602	585
636	619
673	657
709	693
739	724
762	745
774	759
771	760
748	742
713	714
682	691
666	681
658	680
653	683
651	686
650	687
650	687
651	686
652	681
653	672
647	656
637	636
629	620
630	616
644	627
666	649
680	664
685	670
679	665
669	656
655	645
641	632
626	617
610	600
594	585
583	574
575	565
570	558
568	553
569	553
573	553
579	555
583	557
586	558
587	558
587	558
587	558
587	558
587	558
587	558
587	558
587	558
587	558
587	559
589	562
597	567
612	579
633	596
649	609
656	615
659	617
659	617
659	617
659	617
659	617
659	617
659	617
659	617
659	617
658	616
655	612
640	599
612	572
576	537
549	509
536	496
532	492
531	492
531	491
531	491
531	491
531	491
531	491
531	491
531	491
531	491
531	491
532	491
532	491
533	491
533	491
533	491
533	491
533	491
533	491
533	491
533	491
533	491
533	491
533	491
533	492
534	492
542	499
563	519
607	558
658	607
689	638
689	646
668	638
640	625
613	613
594	607
591	617
603	646
634	688
674	735
720	785
763	831
800	867
828	895
846	911
450	497
445	470
450	467
466	479
490	500
518	525
549	552
579	578
610	606
644	633
676	659
705	683
726	704
740	717
742	717
727	704
706	685
687	672
682	671
689	680
699	694
707	707
710	712
710	712
707	706
695	691
677	666
652	634
624	598
602	569
593	558
603	571
626	601
645	627
653	639
651	640
645	636
636	627
626	616
609	601
593	585
578	569
566	555
554	542
544	531
537	523
534	519
533	518
533	517
533	517
534	516
534	516
534	516
534	516
534	516
534	516
534	516
534	516
534	516
534	516
534	517
536	519
541	524
552	535
568	550
579	562
584	569
586	569
587	571
587	571
587	571
587	571
587	571
587	571
587	571
587	571
585	569
582	566
569	555
543	533
510	505
484	482
471	471
467	468
467	467
467	467
467	467
467	467
467	467
467	467
467	467
467	467
467	467
467	467
467	466
467	466
467	465
467	464
466	464
466	464
466	464
466	464
466	464
466	464
466	464
466	464
466	464
466	464
467	464
472	466
485	471
515	482
551	499
578	513
591	530
597	551
604	577
610	603
621	631
646	666
683	709
731	753
781	797
827	833
866	861
897	883
922	900
936	911
545	542
501	504
489	497
498	505
517	523
538	543
561	565
582	584
604	600
624	610
642	620
660	632
678	646
689	656
689	656
674	644
656	623
644	611
644	612
658	627
674	644
688	658
694	665
694	664
687	655
668	635
639	604
600	563
559	522
527	489
516	480
536	507
577	561
614	606
631	628
633	628
627	619
617	607
605	593
590	580
576	568
561	552
544	535
530	520
520	511
514	506
511	503
508	499
506	495
504	492
503	490
503	490
503	490
503	490
503	490
503	490
503	490
503	490
503	490
503	490
503	490
505	493
512	503
527	523
545	548
560	568
567	579
569	581
570	582
570	582
570	582
570	582
570	582
570	582
570	582
570	582
569	582
567	579
558	575
542	565
519	552
503	542
495	538
492	536
492	535
492	535
492	534
491	534
491	533
491	533
491	532
491	531
491	530
490	529
489	525
487	519
484	512
482	506
481	503
481	503
481	503
481	503
481	503
481	503
481	503
481	503
481	503
481	503
480	502
479	498
474	483
464	457
457	427
456	414
474	427
505	463
545	512
588	564
630	614
671	657
713	694
751	724
782	742
805	748
817	748
827	744
836	744
840	745
486	449
465	411
465	403
475	415
495	444
524	490
554	538
576	567
586	570
585	550
581	525
584	514
597	529
614	561
625	593
617	602
598	587
584	571
585	566
596	570
611	578
622	584
629	588
629	590
623	590
604	579
576	561
540	534
502	509
472	487
467	487
499	521
559	578
609	626
632	645
629	639
616	623
600	602
587	586
573	569
561	553
544	532
524	509
507	489
496	476
492	470
490	469
488	475
486	482
485	488
484	491
484	492
484	492
484	492
484	492
484	492
484	492
484	492
484	492
484	492
485	493
488	496
500	507
525	532
556	562
581	587
593	599
596	602
597	604
597	604
597	604
597	604
597	604
597	604
597	604
597	604
597	604
597	604
596	608
594	616
592	627
591	634
591	638
589	638
587	635
585	631
583	624
581	619
579	613
577	607
574	601
571	595
569	589
565	582
558	568
546	548
531	527
520	511
514	504
513	501
512	501
512	501
512	501
512	501
512	501
512	501
512	501
512	501
511	500
507	494
487	474
450	435
407	391
384	366
394	373
428	402
476	442
528	485
578	527
620	562
651	588
673	606
684	614
679	608
668	596
655	583
650	577
648	575
525	805
443	693
411	630
416	610
452	629
513	682
578	741
614	766
603	734
556	652
496	551
459	472
464	443
505	464
555	506
579	532
573	527
555	516
546	511
545	516
548	524
550	532
554	535
555	531
557	526
553	519
545	511
531	501
517	491
505	489
513	509
551	559
608	626
653	679
671	699
662	691
641	670
617	643
595	614
571	586
549	558
524	530
497	501
474	478
458	460
449	449
450	444
461	453
477	467
491	479
498	486
499	488
500	489
500	489
500	489
500	489
500	489
500	489
500	489
500	489
501	489
503	489
512	494
530	503
552	513
571	522
580	527
582	528
583	528
583	528
583	528
583	528
583	528
583	528
583	528
583	528
583	529
586	532
594	544
610	567
632	596
650	619
657	628
656	625
651	615
642	603
630	589
621	576
611	563
602	550
590	535
580	522
569	509
558	496
541	482
519	469
498	459
482	452
476	450
473	450
472	449
472	449
472	449
472	449
472	449
472	449
472	449
472	449
472	449
468	444
450	432
417	408
380	381
361	369
367	376
388	391
415	407
445	426
476	446
503	464
524	483
540	499
549	511
552	520
547	525
541	527
537	527
536	528
1338	2087
1213	1935
1106	1744
1023	1538
976	1359
967	1227
975	1141
963	1071
904	983
794	869
661	734
541	606
470	516
451	467
461	442
464	410
452	374
444	361
455	387
481	438
508	491
527	529
532	542
522	527
504	496
483	461
464	432
448	412
439	406
443	421
477	470
547	555
634	655
702	729
729	762
724	761
704	744
678	719
647	690
616	660
585	629
556	598
528	573
506	555
490	541
477	528
466	514
462	497
461	484
464	475
465	471
465	470
465	470
465	470
465	470
465	470
465	470
465	470
465	470
465	470
465	470
465	467
464	461
462	450
462	434
461	421
461	416
460	414
460	414
460	414
460	414
460	414
460	414
460	414
460	414
460	414
461	415
465	418
478	429
501	451
532	478
556	500
564	503
558	495
545	479
530	464
517	453
502	441
488	428
473	413
458	397
442	384
428	372
417	364
413	370
418	389
427	417
437	437
440	448
442	451
442	452
442	452
442	452
442	452
442	452
442	452
442	452
442	452
442	452
440	450
431	445
414	436
398	428
392	427
400	432
411	440
419	445
430	452
443	460
457	473
476	492
492	508
505	519
517	529
528	540
534	548
536	551
537	551
2877	3440
2651	3109
2339	2684
1980	2205
1638	1745
1361	1370
1167	1111
1038	960
939	880
845	831
746	784
649	725
569	660
511	593
458	508
388	397
315	287
287	239
322	272
394	356
470	444
525	508
547	536
535	529
502	503
464	475
434	463
423	476
432	516
467	577
529	652
615	725
706	782
769	818
797	830
796	825
783	813
762	797
737	774
707	749
677	723
650	699
627	678
609	660
597	650
587	641
576	639
561	641
549	648
540	653
535	655
533	655
533	656
533	656
533	656
533	656
533	656
533	656
533	656
533	656
533	655
529	650
518	631
493	595
462	549
437	512
426	494
421	487
421	487
421	487
421	487
421	487
421	487
421	487
421	487
421	487
421	487
425	488
433	494
449	505
470	517
485	526
487	524
476	512
460	495
445	482
435	474
428	469
417	463
405	454
391	443
378	434
369	428
366	426
376	431
399	446
430	463
453	477
467	484
469	486
470	487
470	487
470	487
470	487
470	487
470	487
470	487
470	487
470	487
470	487
468	489
465	492
463	496
465	502
469	505
474	509
476	509
480	511
486	516
498	525
514	539
530	553
540	564
549	572
558	577
562	579
564	580
564	579
3587	3340
3161	2884
2684	2449
2184	2044
1718	1696
1350	1446
1113	1316
1003	1298
975	1341
982	1386
973	1381
928	1301
848	1152
739	958
602	739
441	519
294	342
226	253
250	259
329	317
413	380
474	421
499	434
497	429
482	423
474	435
488	477
535	558
613	672
708	791
792	883
843	918
861	904
860	876
853	855
843	841
830	828
814	813
796	797
775	781
754	765
735	752
717	738
702	723
689	709
682	703
690	721
716	767
751	827
779	874
792	897
798	904
797	906
797	906
797	906
797	906
797	906
797	906
797	906
797	906
797	904
791	897
767	872
721	822
663	759
617	709
594	684
587	677
586	676
586	676
586	676
586	676
586	676
586	676
586	676
586	676
586	676
587	675
588	673
592	671
597	667
598	663
595	656
583	648
568	638
557	630
551	625
547	623
544	622
539	620
532	618
527	617
525	617
523	614
520	602
515	581
509	554
504	532
502	522
500	519
500	519
500	519
500	519
500	519
500	519
500	519
500	519
500	519
500	519
502	521
506	527
515	537
525	552
535	564
539	569
541	572
541	572
543	572
545	573
551	575
561	582
573	590
584	599
591	605
595	606
596	603
593	597
591	593
2988	2908
2603	2693
2295	2546
2056	2459
1883	2418
1790	2424
1787	2473
1850	2544
1933	2588
1972	2554
1915	2397
1748	2110
1485	1722
1175	1303
864	920
597	635
407	464
310	379
295	347
320	338
349	325
360	307
352	284
342	269
341	273
367	306
427	373
529	475
659	600
791	720
884	806
913	837
890	824
853	794
829	775
814	762
802	753
790	744
777	733
763	724
752	717
744	713
734	707
722	698
709	688
705	687
727	707
780	757
850	821
906	872
933	896
941	903
943	905
943	905
943	905
943	905
943	905
943	905
943	905
943	905
942	903
934	897
910	875
861	829
799	771
749	725
726	703
718	697
716	695
716	695
716	695
716	695
716	695
716	695
716	695
716	695
716	695
716	693
712	688
704	676
693	661
684	650
678	644
674	646
670	649
667	653
666	654
665	655
665	655
665	657
666	659
666	665
669	670
666	672
654	662
626	640
590	612
563	589
549	578
544	574
543	574
543	574
543	574
543	574
543	574
543	574
543	574
543	574
544	574
546	575
552	580
563	588
578	600
589	608
594	612
597	613
597	613
597	613
597	613
598	611
599	610
603	607
606	603
608	598
605	593
599	584
590	576
583	569
3215	3736
3196	3848
3192	3937
3197	3991
3208	4010
3223	3991
3236	3928
3230	3823
3175	3657
3028	3413
2761	3069
2371	2626
1893	2117
1403	1609
982	1168
693	848
534	647
452	525
402	444
359	383
319	336
285	308
260	307
254	332
271	376
311	430
375	489
459	545
553	594
640	631
704	655
733	660
731	652
717	639
703	627
693	618
687	614
680	610
674	607
669	604
666	604
664	604
661	604
655	602
650	600
650	601
666	610
702	628
748	652
785	670
803	680
808	682
809	683
809	683
809	683
809	683
809	683
809	683
809	683
809	683
808	682
802	678
782	663
743	633
692	595
652	566
634	552
628	547
626	546
626	546
626	546
626	546
626	546
626	546
626	546
626	546
626	546
624	544
618	538
604	525
588	508
575	495
572	492
577	498
586	509
594	521
600	531
603	538
605	543
609	551
614	561
623	572
634	585
640	594
639	601
630	612
619	622
610	630
607	634
606	635
606	636
606	636
606	636
606	636
606	636
606	636
606	636
606	636
606	636
606	636
609	637
613	638
619	637
622	635
622	630
621	625
619	623
619	621
618	618
616	612
609	602
602	589
590	576
581	564
573	552
566	545
559	541
554	537
4305	4879
4464	5047
4599	5206
4685	5317
4708	5343
4653	5256
4519	5054
4317	4758
4058	4392
3732	3971
3336	3499
2869	2985
2357	2450
1850	1938
1397	1481
1028	1107
758	827
580	644
474	541
408	495
378	497
388	557
436	668
513	809
600	944
678	1045
734	1091
760	1076
756	1014
734	926
698	821
655	708
610	603
576	531
556	496
547	484
544	481
542	481
542	481
541	480
542	481
543	486
545	491
547	495
548	498
548	496
549	492
551	483
555	474
556	466
558	462
558	460
558	459
558	458
558	458
558	458
558	458
558	460
558	461
559	463
559	465
556	466
549	464
532	460
512	454
494	450
487	447
484	446
483	446
483	446
483	446
483	445
483	444
483	444
483	443
483	443
482	442
482	440
476	436
464	430
449	421
438	413
435	411
440	414
450	423
462	438
478	455
490	473
501	489
512	503
524	516
537	527
548	537
559	549
572	568
597	597
625	633
647	660
658	674
661	679
662	681
662	681
662	681
662	681
662	681
662	681
662	681
662	681
662	681
662	680
661	678
659	674
654	666
647	656
637	645
630	638
624	631
621	623
615	614
605	601
591	586
578	571
562	555
547	540
535	527
527	519
523	516
521	515
5422	5852
5586	5986
5750	6115
5862	6191
5875	6166
5752	6008
5487	5706
5106	5286
4641	4783
4124	4237
3573	3679
3006	3130
2448	2618
1939	2182
1520	1860
1215	1675
1015	1585
888	1517
809	1443
778	1399
810	1432
917	1565
1088	1766
1280	1971
1442	2107
1531	2124
1530	2010
1443	1792
1297	1522
1126	1249
947	999
767	775
606	591
499	471
449	418
434	402
431	399
431	398
430	395
428	391
430	388
434	389
442	396
449	402
451	403
448	398
440	387
428	374
412	357
399	342
390	329
384	317
380	308
378	302
378	300
378	301
379	306
384	316
390	331
397	348
404	365
410	381
416	395
421	403
422	406
424	406
424	404
424	404
424	404
424	404
423	401
421	396
418	390
416	385
414	380
412	375
410	370
408	368
408	372
407	384
409	400
411	413
412	421
418	429
426	441
441	458
461	476
482	499
502	520
518	536
529	546
538	557
550	568
562	582
583	601
611	623
642	646
665	663
679	672
684	677
685	678
685	678
686	678
686	678
686	678
686	678
686	678
686	678
686	678
686	679
684	680
680	684
675	686
668	688
660	687
654	684
646	677
636	664
623	648
608	632
593	618
578	602
561	585
547	570
536	563
530	558
528	557
527	557
6105	6185
6173	6184
6238	6193
6257	6183
6196	6117
6024	5977
5735	5752
5347	5457
4895	5120
4418	4776
3951	4454
3518	4176
3139	3955
2841	3799
2649	3709
2571	3674
2547	3639
2491	3543
2384	3395
2300	3271
2309	3247
2432	3328
2621	3456
2785	3526
2834	3442
2717	3164
2438	2718
2053	2179
1637	1647
1261	1198
956	866
719	643
549	506
447	431
402	398
388	386
386	383
383	380
379	373
371	361
361	347
356	337
358	334
360	332
359	329
351	321
339	310
324	296
308	279
291	264
275	246
258	225
242	207
233	193
229	188
230	189
237	198
255	220
281	252
310	290
339	329
367	364
387	386
395	389
391	374
384	358
379	349
378	348
379	348
378	348
374	346
367	339
358	331
351	323
345	319
337	311
329	304
325	302
334	314
356	343
387	382
413	412
429	433
442	449
457	466
472	482
490	497
510	515
531	535
546	549
557	559
568	570
581	583
595	598
613	614
629	629
643	638
653	645
660	648
662	650
664	651
664	651
664	651
664	651
664	651
664	651
664	651
664	651
664	651
666	655
672	665
686	687
702	714
715	736
721	747
720	747
713	740
699	727
681	709
666	694
652	681
637	665
619	648
604	633
597	626
595	624
595	624
594	624
6211	6347
6166	6302
6155	6300
6154	6320
6123	6328
6045	6306
5911	6247
5730	6161
5525	6057
5319	5956
5137	5869
4994	5810
4894	5778
4832	5762
4792	5731
4741	5655
4649	5522
4503	5354
4331	5187
4193	5056
4137	4970
4153	4900
4174	4783
4102	4541
3860	4125
3424	3539
2837	2845
2195	2145
1600	1534
1124	1072
795	765
595	585
485	490
431	441
405	417
393	407
388	400
384	394
375	383
362	368
345	352
332	337
325	327
321	321
317	317
312	312
303	306
290	298
275	288
261	277
244	264
226	249
206	230
192	215
185	210
187	210
195	218
216	236
249	266
290	303
332	343
369	375
388	387
379	366
352	324
326	288
314	271
312	272
315	280
318	291
319	299
318	306
315	309
312	314
312	322
311	329
309	336
310	344
323	359
352	383
389	414
420	438
440	453
456	466
473	479
487	491
500	503
517	519
536	536
549	550
558	557
566	563
578	571
593	584
610	602
625	618
635	631
641	638
643	641
644	643
645	643
645	643
645	643
645	643
645	643
645	643
645	643
645	643
645	643
650	648
661	660
688	687
721	721
747	748
759	759
759	757
750	747
737	734
720	720
707	710
696	701
682	691
665	676
651	663
643	653
639	647
638	645
638	645
6677	7152
6665	7178
6681	7204
6710	7225
6733	7235
6736	7232
6713	7215
6674	7188
6626	7154
6577	7115
6535	7077
6508	7040
6494	7009
6482	6969
6441	6893
6344	6756
6194	6579
6033	6416
5890	6289
5770	6169
5648	6004
5481	5735
5210	5316
4790	4734
4205	4007
3488	3200
2721	2403
2004	1713
1417	1187
996	838
730	635
576	530
494	477
452	452
432	441
423	436
417	430
407	422
395	409
380	393
364	378
349	362
335	347
327	336
320	327
316	322
313	321
309	322
306	325
300	327
292	324
280	316
264	306
252	296
247	292
247	292
253	297
268	306
292	323
322	343
355	367
381	383
382	378
348	333
293	264
245	210
227	187
230	195
245	216
265	246
285	276
301	302
312	323
325	344
342	369
360	395
377	418
391	438
405	454
423	466
445	478
461	484
471	489
479	494
488	498
497	507
507	517
523	530
539	544
550	552
557	557
560	560
566	563
576	571
592	584
610	603
625	621
635	633
640	640
643	643
643	643
643	643
643	643
643	643
643	643
643	643
643	643
643	643
643	643
647	647
659	657
685	680
717	708
742	730
751	738
748	734
737	725
725	716
715	710
708	707
704	705
696	702
687	695
675	687
664	677
656	670
652	666
652	666
7649	8047
7690	8064
7708	8056
7708	8036
7697	8010
7679	7986
7656	7963
7625	7939
7589	7903
7543	7846
7485	7768
7420	7667
7350	7554
7265	7417
7131	7225
6929	6951
6694	6649
6501	6411
6368	6255
6234	6087
6015	5806
5648	5349
5101	4706
4393	3920
3574	3069
2730	2251
1961	1559
1342	1054
913	746
659	595
534	539
481	516
462	496
454	478
449	466
446	458
441	450
433	442
421	432
407	416
390	399
375	383
360	371
348	361
336	350
330	344
330	344
336	351
344	361
351	373
355	382
353	386
348	386
342	383
340	383
340	383
341	382
346	379
352	376
363	376
376	379
383	379
371	361
318	305
243	232
184	175
163	157
171	170
199	198
235	237
273	279
309	321
338	360
369	396
399	432
431	468
460	501
485	529
500	546
508	551
510	549
511	545
511	544
512	545
517	547
524	553
534	561
545	565
553	566
556	564
558	563
560	562
562	564
569	570
581	582
599	600
619	619
633	633
640	640
643	643
643	643
643	643
643	643
643	643
643	643
643	643
643	643
643	643
643	643
646	646
655	653
673	668
698	687
716	702
722	710
720	709
715	708
711	707
707	706
706	706
706	706
704	705
702	705
697	703
690	701
686	700
683	699
683	699
8298	8425
8261	8343
8222	8274
8183	8220
8154	8183
8134	8161
8120	8149
8105	8138
8074	8100
8011	8017
7909	7878
7770	7688
7609	7464
7419	7215
7169	6911
6836	6534
6478	6143
6199	5833
6006	5602
5793	5334
5445	4919
4910	4322
4203	3583
3389	2786
2566	2034
1828	1416
1259	990
889	762
708	696
655	717
648	740
623	709
571	629
519	551
489	508
474	488
462	475
450	460
438	447
424	432
406	415
392	400
380	389
372	381
365	377
360	373
360	373
366	375
375	383
388	396
401	412
411	424
414	431
415	432
415	432
414	431
410	426
400	412
390	394
381	377
375	364
369	352
347	330
295	288
230	237
181	203
170	198
184	214
215	245
253	283
297	327
342	372
385	417
426	458
464	497
504	535
540	572
569	602
587	623
595	635
595	642
592	641
589	639
587	635
589	632
592	632
594	630
592	624
586	614
577	602
572	593
570	588
571	588
578	592
587	601
604	614
622	627
634	636
641	641
643	643
643	643
643	643
643	643
643	643
643	643
643	643
643	643
643	643
643	643
645	644
650	648
662	656
679	668
692	679
698	685
701	690
703	697
705	702
705	704
706	706
706	706
706	707
707	711
708	715
709	720
711	725
712	727
712	728
8453	8384
8358	8311
8276	8228
8206	8146
8153	8074
8115	8018
8092	7973
8063	7917
8000	7817
7876	7641
7681	7379
7421	7040
7121	6659
6802	6273
6452	5903
6066	5552
5683	5236
5371	4965
5110	4689
4787	4317
4310	3786
3667	3113
2921	2377
2171	1689
1519	1146
1038	799
758	648
654	642
674	709
737	777
770	793
733	738
644	644
562	564
517	522
499	507
489	499
474	488
459	473
444	458
427	442
414	426
400	414
392	406
387	400
384	395
381	389
382	385
386	386
398	394
413	407
427	422
436	432
439	439
440	441
438	440
431	432
416	415
393	389
369	358
348	327
329	305
310	289
284	279
254	275
235	276
237	284
253	304
284	331
323	368
366	410
411	450
452	489
491	524
527	556
563	590
597	619
627	647
652	674
671	699
684	721
689	732
686	733
681	728
677	723
673	715
669	709
661	699
651	688
637	673
624	658
615	647
612	642
616	643
622	647
630	648
637	646
640	644
642	643
643	643
643	643
643	643
643	643
643	643
643	643
643	643
643	643
643	643
643	643
644	643
646	644
650	646
657	648
663	651
669	656
677	664
687	675
695	687
702	696
705	704
707	708
710	715
716	725
725	737
734	748
741	755
745	759
746	760
8204	7934
8169	7931
8099	7877
8012	7797
7930	7720
7864	7658
7808	7602
7731	7523
7600	7382
7382	7144
7063	6795
6657	6354
6208	5871
5773	5412
5401	5046
5113	4804
4890	4642
4678	4462
4401	4167
3986	3712
3411	3104
2719	2407
2003	1727
1382	1175
942	826
714	685
661	697
716	772
793	830
834	827
809	766
732	682
637	607
561	557
524	532
511	521
506	515
498	510
486	499
471	484
455	466
440	452
428	442
422	436
417	431
408	422
397	407
388	391
383	378
386	374
396	382
411	397
425	414
435	426
439	431
438	430
430	421
413	401
381	370
345	332
309	295
281	268
269	262
279	288
301	333
323	373
339	398
357	416
383	438
416	467
453	498
489	529
522	558
554	584
583	609
613	634
641	659
664	682
690	705
720	738
751	772
771	798
776	809
773	810
768	804
758	792
746	774
733	757
720	742
704	726
688	713
677	703
672	697
672	694
671	688
664	676
656	661
647	649
644	645
643	643
643	643
643	643
643	643
643	643
643	643
643	643
643	643
643	643
643	643
643	643
643	643
644	643
645	643
645	643
648	644
654	648
664	656
677	670
691	687
702	701
710	711
721	725
734	741
748	755
758	764
763	768
766	769
767	769
7654	7470
7673	7506
7637	7484
7568	7422
7498	7348
7440	7268
7382	7180
7298	7057
7149	6874
6904	6609
6551	6255
6111	5838
5635	5403
5187	5003
4835	4687
4609	4465
4451	4275
4246	4005
3904	3588
3405	3042
2780	2426
2111	1825
1494	1318
1027	962
757	768
672	704
703	711
761	722
780	699
738	638
662	575
600	552
572	570
562	594
554	601
546	594
539	582
531	570
520	554
503	534
483	511
467	491
456	476
451	467
445	460
436	449
418	428
395	398
373	366
361	344
363	338
377	341
390	346
399	350
404	352
403	351
396	348
379	341
352	330
321	318
294	307
275	304
278	319
317	364
375	428
428	487
460	529
482	559
504	583
528	607
552	626
578	641
599	652
618	660
636	672
658	690
682	714
704	739
727	760
756	777
787	787
808	793
819	795
819	794
814	790
802	780
784	765
765	750
749	735
735	725
724	719
718	716
712	712
708	708
698	698
682	682
664	664
651	651
645	645
643	643
643	643
643	643
643	643
643	643
643	643
643	643
643	643
643	643
643	643
643	643
643	643
643	643
643	643
644	644
644	644
646	646
653	653
666	666
684	684
700	700
712	712
727	728
745	746
759	760
766	767
769	769
769	769
769	769
7388	7313
7428	7320
7410	7293
7347	7227
7256	7124
7139	6978
6992	6789
6805	6555
6566	6272
6265	5946
5909	5590
5521	5230
5141	4893
4803	4600
4531	4349
4311	4106
4071	3804
3720	3379
3225	2831
2641	2239
2058	1703
1557	1298
1186	1048
954	921
830	859
773	810
738	749
696	681
642	620
586	585
554	585
568	617
611	664
648	696
660	702
652	692
637	675
618	653
595	626
571	599
544	569
520	541
500	517
485	496
473	480
460	462
435	437
401	401
362	359
332	325
312	300
303	282
297	266
291	255
290	250
290	252
294	259
301	275
309	299
320	325
330	351
344	379
370	414
419	466
483	530
545	594
595	651
636	698
669	735
693	757
704	764
708	757
705	744
703	730
708	728
724	743
750	771
778	802
797	815
794	795
775	753
756	713
748	695
743	689
740	686
734	683
726	680
716	676
708	672
702	670
699	669
697	670
696	671
694	671
688	671
676	664
661	656
649	647
645	644
643	643
643	643
643	643
643	643
643	643
643	643
643	643
643	643
643	643
643	643
643	643
643	643
643	644
643	645
643	645
644	648
648	654
656	664
670	677
687	691
701	703
713	714
728	729
746	747
760	760
767	768
769	770
769	771
770	772
7144	6853
7096	6758
7047	6692
6982	6633
6881	6548
6737	6425
6543	6252
6299	6030
6009	5761
5686	5457
5342	5134
5002	4808
4687	4502
4410	4219
4147	3928
3851	3572
3476	3126
2994	2610
2434	2069
1868	1556
1388	1139
1061	873
892	758
835	739
816	748
787	737
730	698
665	651
621	625
608	632
629	661
665	693
700	711
715	711
713	699
700	685
684	670
662	650
636	624
606	594
576	567
547	540
521	516
497	491
477	471
459	452
434	432
402	405
364	372
331	341
304	318
283	298
265	280
251	268
245	260
246	261
256	271
276	292
304	321
336	353
369	388
403	424
444	470
500	531
567	602
634	671
693	728
740	772
776	801
794	812
792	804
779	780
755	750
735	720
727	707
739	714
767	739
798	768
806	774
776	744
723	690
676	644
652	620
645	613
643	612
643	612
642	611
641	611
640	611
639	611
639	611
639	612
641	613
643	617
647	624
648	632
646	637
644	641
643	642
643	643
643	643
643	643
643	643
643	643
643	643
643	643
643	643
643	643
643	643
643	644
644	646
646	650
648	657
651	663
656	669
664	677
675	688
687	696
697	706
708	715
719	727
733	741
749	755
762	767
770	774
773	780
776	785
778	790
6484	6118
6374	6024
6307	5968
6257	5927
6190	5871
6091	5786
5947	5661
5754	5488
5513	5267
5233	5003
4928	4704
4612	4388
4307	4075
4014	3768
3691	3416
3281	2963
2780	2429
2250	1905
1747	1459
1306	1102
963	843
757	698
682	660
685	677
706	700
705	697
675	667
639	632
623	614
637	622
668	648
692	665
698	664
688	651
670	636
657	624
644	611
625	596
602	574
574	550
549	528
525	509
505	491
484	473
464	458
448	445
432	432
411	414
383	390
355	367
333	348
315	330
299	314
285	301
276	292
278	294
290	305
312	328
341	358
375	395
410	433
449	476
498	525
562	589
637	662
705	727
758	776
796	811
818	827
822	823
803	795
771	753
731	707
695	666
675	641
677	636
698	651
723	674
731	687
706	675
661	642
621	614
600	598
593	593
593	593
593	593
593	593
593	593
593	593
593	593
593	593
594	594
595	595
601	601
609	609
620	620
631	631
638	638
642	642
643	643
643	643
643	643
643	643
643	643
643	643
643	643
643	643
643	643
643	643
644	645
648	650
656	661
668	678
678	690
685	697
690	701
698	708
706	714
714	726
726	739
740	753
753	768
766	780
776	790
782	797
790	804
799	813
806	821
5812	5575
5749	5531
5705	5483
5660	5422
5601	5339
5512	5227
5386	5077
5216	4887
4997	4650
4730	4366
4425	4039
4096	3686
3766	3331
3437	2975
3059	2578
2578	2090
2030	1562
1536	1121
1163	834
901	670
732	592
654	580
653	617
683	666
706	692
698	683
662	646
621	604
595	578
596	574
613	583
623	587
620	580
609	570
598	561
590	556
580	547
564	532
545	514
524	496
507	484
491	473
475	461
462	450
450	442
441	433
430	421
413	407
394	393
376	378
360	365
343	351
326	333
312	319
305	312
306	313
317	322
337	341
368	372
408	414
451	460
497	508
546	555
606	609
673	668
734	720
778	760
807	785
820	794
810	781
776	746
729	696
677	646
634	601
606	572
596	560
606	565
628	586
648	612
650	631
638	638
622	638
614	637
611	636
611	636
611	636
611	636
611	636
611	636
611	636
611	636
611	637
613	639
616	641
624	646
632	647
637	646
641	644
642	643
643	643
643	643
643	643
643	643
643	643
643	643
643	643
643	643
643	643
643	643
645	645
651	652
664	666
682	685
696	700
703	708
708	716
715	727
726	738
739	753
754	768
769	785
784	799
797	812
807	821
813	826
818	830
824	833
830	835
5371	5169
5326	5111
5256	5012
5161	4876
5040	4710
4888	4516
4701	4292
4475	4033
4209	3738
3897	3403
3545	3030
3163	2627
2777	2223
2401	1836
1998	1458
1540	1073
1074	716
716	466
519	355
443	342
444	385
487	450
554	517
613	562
642	578
637	568
607	547
576	536
561	545
563	564
572	577
570	568
554	539
537	512
527	497
523	491
515	482
500	469
483	451
467	437
457	431
450	426
443	423
437	420
431	416
422	408
410	398
397	388
387	379
377	370
365	358
351	343
333	326
319	312
312	305
313	306
322	317
341	337
372	368
414	408
460	451
507	493
550	529
596	564
643	599
687	632
721	662
743	684
750	691
737	682
703	654
659	615
610	572
568	533
539	508
526	498
532	506
553	529
583	562
613	599
638	634
652	657
659	668
659	672
659	672
659	672
659	672
659	672
659	672
659	672
659	672
661	672
662	673
665	676
667	677
662	670
655	659
647	649
644	644
643	643
643	643
643	643
643	643
643	643
643	643
643	643
643	643
643	643
643	643
646	646
653	655
668	673
689	698
705	717
717	730
726	740
738	751
751	762
765	774
781	789
798	807
812	822
824	833
832	842
837	849
840	855
843	857
843	858
5023	5054
4951	4971
4823	4829
4654	4640
4453	4427
4230	4199
3982	3960
3711	3706
3409	3432
3070	3125
2696	2783
2296	2412
1892	2039
1519	1703
1191	1438
910	1263
692	1169
557	1127
510	1106
518	1085
553	1047
584	978
596	873
583	741
548	607
509	500
484	442
487	437
518	477
558	530
581	564
568	553
526	507
488	461
467	436
459	427
452	421
440	412
425	401
412	393
406	389
404	389
402	389
402	388
399	387
395	385
388	379
379	371
370	359
359	346
346	331
330	314
314	299
301	285
292	276
294	278
305	290
328	312
358	341
394	375
432	408
468	439
498	462
520	469
540	474
562	487
589	512
614	540
626	560
623	562
600	548
568	519
530	485
496	457
476	442
472	445
485	465
512	497
548	535
587	572
624	603
649	622
660	631
664	634
664	634
664	634
664	634
664	634
664	634
664	634
664	634
665	635
665	636
669	640
670	644
665	645
656	645
648	644
644	643
643	643
643	643
643	643
643	643
643	643
643	643
643	643
643	643
643	643
643	643
647	647
657	659
680	685
708	717
731	743
746	758
754	764
762	770
771	779
781	791
796	805
814	821
830	837
842	852
852	866
864	878
872	885
875	889
876	890
5360	5939
5268	5834
5121	5690
4934	5522
4732	5356
4532	5205
4333	5073
4133	4950
3921	4820
3679	4662
3401	4463
3092	4230
2776	3980
2490	3751
2285	3590
2187	3525
2169	3522
2166	3496
2123	3385
2023	3170
1859	2853
1632	2446
1355	1980
1057	1502
781	1071
567	734
441	517
400	415
426	402
481	437
521	470
517	470
474	434
429	396
404	373
396	367
392	362
386	359
381	356
377	357
378	362
380	368
381	373
382	375
382	377
379	375
374	368
364	356
349	338
332	319
315	300
298	280
280	261
267	247
259	240
260	241
271	252
292	274
321	304
353	338
386	371
414	394
428	403
424	387
411	361
415	355
439	376
471	409
496	437
505	450
496	447
473	432
444	410
421	393
412	391
421	405
446	433
482	469
521	507
551	528
571	534
580	533
584	531
585	531
585	530
585	529
585	529
585	528
585	528
584	527
584	527
585	527
587	528
592	534
601	548
613	571
625	598
634	618
639	629
640	633
642	635
642	636
642	637
642	638
642	638
642	639
643	639
643	640
643	641
648	646
660	658
687	684
720	716
748	743
763	759
771	768
777	778
788	790
800	803
814	815
828	827
845	843
861	860
876	874
886	884
893	888
894	889
895	890
6655	7326
6548	7235
6416	7123
6279	7019
6159	6948
6072	6919
6015	6926
5972	6942
5920	6939
5834	6891
5704	6794
5533	6649
5340	6480
5154	6314
5017	6183
4949	6095
4912	6006
4822	5839
4615	5540
4277	5106
3817	4556
3260	3927
2646	3261
2036	2616
1486	2037
1048	1562
744	1205
567	953
489	789
471	686
469	611
451	541
413	473
377	425
356	399
348	384
342	366
333	341
326	317
325	303
333	306
345	321
355	340
363	355
369	364
367	361
360	352
347	339
330	326
311	312
291	296
270	279
252	265
240	256
233	252
236	253
245	264
267	286
301	315
334	346
365	371
385	386
388	383
363	354
327	314
312	292
329	301
360	326
387	352
404	367
405	372
397	371
385	369
379	372
384	381
399	397
426	420
460	446
490	468
503	479
502	476
494	469
489	464
485	459
482	453
481	449
478	445
476	440
474	435
472	431
471	430
472	430
473	430
479	436
494	450
523	478
560	512
587	540
602	556
608	565
614	573
617	581
621	589
623	595
625	597
627	602
629	606
631	612
634	616
639	623
650	632
672	644
697	656
720	667
734	675
744	684
756	696
770	710
781	723
792	732
802	741
815	752
832	767
845	781
856	791
859	797
861	800
862	800
7857	8268
7791	8210
7698	8114
7615	8021
7570	7968
7575	7962
7612	7983
7650	8000
7658	7983
7610	7909
7506	7780
7356	7616
7185	7440
7021	7279
6882	7135
6767	6989
6626	6799
6397	6526
6038	6154
5559	5697
4996	5194
4389	4683
3779	4198
3204	3757
2692	3369
2255	3026
1895	2715
1599	2422
1357	2148
1160	1895
995	1667
850	1459
729	1285
649	1165
607	1096
577	1041
538	967
483	867
424	755
377	658
358	596
364	570
382	565
398	561
403	546
393	513
374	473
356	435
343	411
333	396
322	387
313	381
304	375
300	375
299	375
302	377
311	380
327	389
349	399
372	410
388	416
396	417
388	404
356	366
314	314
286	276
286	263
301	271
320	283
334	293
340	300
344	307
350	317
359	331
372	346
388	360
405	374
422	386
437	396
447	405
449	411
450	419
448	422
443	422
437	419
432	417
427	418
422	416
415	413
410	413
410	419
412	423
413	426
416	430
428	442
450	463
479	490
502	511
514	521
524	526
534	530
545	536
555	542
562	544
565	540
568	537
573	535
579	535
585	539
591	543
597	544
598	536
594	521
590	508
591	503
596	505
606	513
620	527
634	543
646	557
654	566
663	576
676	588
690	602
703	614
710	622
714	628
715	629
8590	8804
8515	8697
8390	8529
8256	8341
8155	8167
8092	8023
8053	7903
8013	7784
7942	7647
7827	7485
7672	7303
7498	7126
7331	6975
7185	6854
7043	6734
6875	6571
6651	6347
6365	6082
6023	5798
5640	5510
5243	5233
4867	4993
4531	4800
4243	4649
3991	4523
3762	4399
3531	4254
3287	4077
3034	3871
2781	3655
2539	3442
2308	3243
2112	3075
1971	2948
1878	2848
1791	2733
1675	2575
1520	2369
1347	2140
1188	1923
1067	1744
988	1609
937	1508
894	1418
843	1327
776	1225
703	1120
636	1020
586	941
553	884
534	846
520	814
510	785
504	753
495	717
487	680
475	639
466	598
458	557
450	521
444	492
436	466
414	430
368	375
306	308
260	257
240	234
239	228
244	230
250	234
258	241
268	255
281	270
296	285
311	298
324	309
337	322
350	333
355	338
361	336
365	332
375	335
384	347
391	362
398	377
404	394
413	414
421	431
427	449
437	471
450	494
461	511
468	523
476	536
490	559
518	597
552	642
577	674
586	684
584	672
575	648
568	624
561	598
549	569
532	535
513	501
499	470
489	446
484	429
481	418
477	406
463	392
447	381
435	375
431	376
432	380
439	387
452	397
469	412
483	426
495	440
507	453
519	465
533	476
543	485
550	493
555	501
558	506
8841	8639
8697	8464
8492	8233
8253	7970
8017	7705
7801	7458
7607	7231
7419	7013
7225	6797
7024	6587
6825	6395
6652	6247
6525	6154
6438	6109
6356	6073
6228	5997
6042	5865
5828	5712
5614	5562
5416	5433
5246	5341
5120	5299
5045	5307
5006	5350
4981	5404
4949	5442
4881	5442
4770	5393
4622	5303
4457	5193
4298	5093
4162	5019
4057	4971
3972	4926
3883	4851
3754	4720
3565	4522
3324	4269
3059	3990
2801	3720
2582	3488
2408	3300
2269	3149
2145	3014
2023	2879
1897	2744
1770	2617
1656	2511
1564	2431
1491	2361
1432	2288
1375	2201
1312	2099
1239	1978
1156	1841
1071	1700
983	1557
894	1414
807	1275
730	1153
667	1048
609	952
545	837
459	686
367	522
299	399
267	341
257	325
257	325
262	332
271	343
284	356
300	370
314	381
324	390
333	399
345	411
356	419
358	416
345	392
329	360
320	339
330	340
348	358
371	382
394	409
421	439
447	468
474	499
505	533
534	564
558	588
574	606
591	627
624	666
673	725
729	789
767	830
776	839
758	817
723	777
684	729
640	676
595	621
547	565
499	508
455	455
417	407
387	368
364	337
347	316
334	304
329	304
331	312
339	322
345	329
352	337
362	345
374	358
389	372
403	385
416	397
426	406
435	414
444	425
453	437
464	448
472	455
8233	7736
8038	7544
7804	7330
7551	7110
7301	6902
7070	6720
6862	6566
6664	6423
6473	6288
6292	6160
6139	6058
6032	5999
5983	5989
5982	6021
5990	6059
5962	6061
5882	6012
5774	5925
5665	5827
5575	5734
5521	5670
5517	5649
5561	5677
5645	5744
5738	5825
5819	5901
5863	5949
5860	5959
5817	5934
5753	5891
5692	5842
5649	5796
5623	5754
5592	5710
5527	5644
5403	5534
5214	5366
4972	5149
4705	4908
4447	4680
4228	4489
4053	4343
3914	4229
3787	4126
3659	4016
3530	3900
3411	3784
3318	3677
3249	3585
3183	3498
3102	3402
2992	3281
2855	3132
2693	2955
2515	2762
2329	2560
2141	2357
1954	2155
1776	1964
1615	1793
1477	1646
1346	1505
1184	1328
959	1078
708	798
519	587
430	488
406	463
407	468
416	480
429	492
442	502
453	511
461	520
472	531
481	543
494	556
501	561
491	550
459	520
416	479
386	448
379	439
391	446
414	462
439	481
466	501
494	520
522	541
551	562
579	579
598	592
614	603
635	622
676	658
739	718
806	784
851	827
858	835
837	816
799	783
751	741
697	694
640	645
583	592
525	542
469	492
418	445
374	403
339	372
317	349
306	339
309	337
316	340
326	346
333	353
342	364
352	376
365	388
377	399
388	407
399	417
406	427
417	439
429	452
441	461
451	469
457	471
7232	6732
7062	6568
6871	6372
6679	6176
6508	6007
6373	5885
6272	5802
6186	5740
6104	5679
6023	5611
5958	5543
5923	5491
5928	5471
5966	5478
6006	5491
6013	5478
5970	5419
5881	5314
5765	5177
5643	5024
5534	4874
5462	4749
5432	4661
5440	4609
5470	4583
5501	4565
5517	4545
5507	4513
5477	4471
5433	4419
5375	4352
5306	4269
5233	4181
5168	4106
5100	4042
5004	3959
4860	3837
4672	3674
4465	3495
4268	3330
4112	3203
3998	3116
3912	3056
3836	3004
3749	2940
3649	2858
3530	2748
3396	2610
3259	2464
3140	2342
3034	2247
2920	2160
2785	2062
2625	1947
2452	1823
2272	1696
2090	1565
1912	1438
1743	1321
1593	1218
1466	1132
1346	1052
1195	947
985	799
750	630
572	506
491	447
472	438
481	447
494	461
506	473
514	482
523	488
532	499
545	511
558	524
570	536
575	544
570	550
554	556
532	564
515	570
510	574
512	576
522	579
530	578
539	577
548	576
558	578
567	578
575	576
580	574
586	575
598	582
627	602
678	639
735	683
774	712
783	717
766	705
740	684
708	662
671	638
633	613
594	587
554	562
516	536
479	512
447	491
421	474
403	457
387	433
375	409
369	394
372	394
380	403
393	415
404	425
415	434
424	443
433	454
444	466
456	480
468	490
479	499
486	506
492	513
496	518
6204	5630
6000	5340
5759	5023
5517	4713
5309	4445
5155	4244
5051	4108
4977	4014
4904	3926
4816	3819
4714	3687
4616	3547
4540	3420
4491	3317
4453	3232
4403	3145
4320	3044
4202	2929
4058	2803
3899	2671
3742	2543
3601	2428
3490	2336
3412	2267
3358	2219
3318	2182
3281	2150
3241	2114
3197	2076
3148	2037
3088	1991
3012	1937
2933	1882
2869	1840
2816	1804
2747	1750
2642	1661
2501	1538
2345	1399
2202	1276
2098	1192
2033	1149
1997	1133
1964	1121
1921	1096
1859	1053
1774	994
1668	931
1560	873
1473	831
1413	807
1365	789
1312	773
1252	755
1187	735
1120	715
1052	693
986	672
928	658
879	649
839	642
799	629
734	589
633	517
515	430
426	366
386	340
380	337
389	344
402	356
415	368
425	381
433	392
443	400
453	409
465	418
478	430
490	443
508	468
537	512
574	565
603	609
617	631
622	636
621	636
615	631
608	626
604	624
600	625
596	624
589	619
583	613
581	611
583	612
596	615
618	619
643	625
657	624
658	617
647	607
634	599
621	592
607	585
593	574
578	562
562	552
548	545
536	539
525	533
513	525
495	505
463	468
427	423
403	393
401	384
407	388
417	397
426	405
436	416
447	430
460	443
474	458
485	471
495	480
502	487
511	495
520	504
526	510
5084	4695
4700	4269
4308	3854
3942	3477
3631	3171
3403	2962
3257	2856
3172	2827
3105	2827
3017	2810
2896	2751
2754	2658
2613	2549
2485	2438
2379	2345
2282	2275
2190	2222
2095	2165
2001	2095
1907	2018
1818	1939
1738	1858
1669	1774
1612	1682
1565	1585
1522	1478
1476	1364
1427	1246
1379	1133
1332	1036
1290	963
1252	921
1222	908
1205	908
1188	908
1149	884
1077	825
971	738
852	638
749	560
685	520
665	521
670	546
679	573
671	579
643	563
604	537
571	523
550	524
538	530
533	532
529	528
529	524
527	517
523	505
519	491
516	474
511	458
510	443
511	430
513	416
507	402
481	382
433	364
376	349
339	347
326	353
329	364
338	373
347	384
359	392
372	404
385	416
395	426
402	431
408	434
416	438
426	446
451	462
495	495
550	536
593	568
617	587
624	596
627	604
627	614
629	627
636	642
647	663
654	683
657	698
658	708
659	714
659	716
657	710
646	687
630	656
614	627
602	610
592	599
585	588
578	576
569	562
557	544
544	526
534	513
526	504
521	496
517	488
508	478
487	455
447	413
397	362
361	323
348	309
350	310
358	320
368	333
382	346
395	357
408	369
424	383
437	398
448	410
455	417
461	420
467	423
471	425
4544	4651
4173	4423
3816	4203
3501	4014
3258	3883
3119	3839
3090	3886
3145	4005
3235	4155
3309	4291
3337	4377
3316	4401
3255	4368
3179	4301
3115	4246
3085	4232
3079	4242
3053	4220
2991	4142
2901	4027
2799	3892
2683	3738
2545	3550
2377	3310
2179	3013
1954	2663
1713	2279
1468	1888
1238	1521
1042	1211
902	987
828	861
810	815
815	800
817	782
794	744
742	691
671	633
598	584
546	562
530	570
549	600
586	638
620	668
633	673
620	654
599	625
590	606
602	607
617	619
624	631
621	638
612	641
598	636
575	621
546	596
512	557
472	506
428	446
388	386
350	330
318	286
303	275
315	314
351	390
389	462
418	509
437	536
451	550
459	554
461	544
465	529
468	514
471	501
472	493
471	487
473	489
477	495
489	507
509	523
532	541
550	553
562	562
574	572
587	587
604	607
624	632
649	659
678	689
705	719
730	747
748	768
761	784
766	792
759	790
732	766
694	730
659	700
639	681
624	667
610	651
593	630
571	605
547	579
526	556
510	539
499	526
488	512
475	496
459	479
436	454
395	418
344	370
306	336
292	324
296	331
309	346
323	358
334	367
342	373
351	378
363	387
378	398
390	407
396	410
397	411
398	412
399	412
5055	5779
4989	5812
4925	5846
4876	5879
4858	5918
4888	5970
4976	6045
5109	6139
5261	6242
5398	6329
5486	6372
5506	6346
5457	6252
5367	6119
5286	5996
5249	5911
5234	5843
5182	5732
5067	5552
4910	5325
4738	5083
4549	4836
4324	4564
4037	4233
3672	3830
3231	3350
2741	2820
2239	2285
1769	1791
1375	1379
1086	1073
910	875
821	760
772	686
725	625
667	565
610	516
564	490
542	494
552	531
584	590
627	649
664	697
686	725
682	727
655	708
614	669
575	617
551	564
543	524
549	500
559	484
571	472
578	466
579	465
571	464
547	455
505	431
449	399
392	372
341	357
306	356
306	378
362	439
455	523
542	600
598	652
630	684
645	697
638	686
612	650
577	599
539	545
507	501
488	475
478	464
482	472
494	490
512	516
535	545
557	572
572	591
581	601
589	606
602	613
618	626
642	641
667	661
693	681
719	700
743	718
762	734
779	748
789	758
790	764
778	767
758	769
740	770
728	767
717	758
703	745
683	730
658	711
635	692
614	676
597	664
584	655
569	640
551	622
534	605
512	586
479	560
439	530
410	507
401	498
408	504
422	514
434	523
442	526
444	527
446	527
451	528
457	528
460	525
460	520
458	515
457	512
457	511
6727	7679
6775	7707
6824	7726
6864	7723
6887	7687
6899	7623
6911	7545
6928	7464
6949	7385
6955	7297
6923	7179
6830	7016
6680	6807
6498	6573
6320	6325
6166	6064
6013	5775
5808	5443
5536	5060
5212	4639
4874	4206
4537	3790
4198	3396
3828	3006
3408	2606
2940	2194
2444	1789
1961	1415
1527	1099
1173	853
912	684
741	585
637	540
573	517
526	499
483	478
452	461
444	456
466	470
518	506
587	557
660	617
723	679
769	736
794	782
799	813
780	819
731	789
663	730
593	658
532	586
474	513
423	448
385	397
364	368
356	358
353	360
348	369
348	390
361	431
395	489
434	548
478	590
525	607
576	610
622	615
659	633
687	656
700	671
689	666
651	636
599	589
541	536
495	493
468	468
460	464
472	482
497	511
528	544
558	571
583	586
598	593
606	596
609	598
613	598
620	600
628	604
638	607
651	610
663	614
676	619
686	622
695	626
705	635
716	652
738	689
763	733
781	768
787	784
782	782
770	774
758	766
746	763
736	762
729	765
724	766
717	763
704	755
689	745
674	735
659	725
641	714
618	700
602	690
594	684
597	684
602	683
605	679
604	671
601	662
598	652
595	644
590	636
581	624
571	608
561	597
557	591
556	588
8435	8897
8447	8899
8432	8859
8377	8761
8274	8603
8126	8387
7952	8133
7771	7868
7595	7609
7414	7359
7217	7104
6990	6831
6731	6539
6446	6219
6120	5837
5730	5347
5281	4783
4810	4220
4333	3698
3845	3200
3361	2722
2909	2291
2503	1926
2134	1618
1791	1353
1466	1120
1171	926
926	783
739	694
611	652
543	657
534	709
562	789
593	854
604	881
595	873
575	837
551	782
531	715
520	644
523	586
542	550
579	547
626	576
680	627
728	687
759	742
759	783
731	802
686	797
637	778
588	753
546	730
515	710
497	692
490	675
492	658
502	642
522	630
556	629
601	634
643	639
661	629
644	599
608	560
586	541
592	551
614	576
633	600
635	610
614	597
578	567
533	531
493	498
472	482
473	487
496	512
529	548
562	580
582	594
586	587
583	574
581	566
578	558
576	551
573	546
573	540
570	532
567	521
561	507
555	492
550	481
550	477
556	482
579	507
625	556
685	622
733	677
756	707
760	718
757	722
757	728
761	739
770	754
780	771
789	786
791	794
789	798
786	803
782	807
779	809
774	811
769	812
763	811
760	806
756	801
751	793
741	779
726	757
707	734
691	710
677	690
664	673
649	656
633	640
620	625
610	615
607	609
9075	9068
9076	9068
9021	9010
8899	8881
8705	8675
8443	8395
8137	8066
7817	7723
7509	7395
7216	7094
6931	6809
6641	6529
6339	6243
6012	5942
5620	5598
5118	5177
4541	4705
3980	4249
3485	3845
3032	3480
2613	3151
2251	2878
1960	2675
1730	2516
1540	2379
1375	2245
1238	2114
1143	2006
1092	1932
1081	1898
1113	1917
1187	1994
1285	2104
1363	2193
1396	2226
1383	2204
1330	2137
1244	2026
1132	1884
1010	1726
898	1579
816	1466
777	1404
785	1399
832	1444
903	1522
987	1626
1072	1742
1139	1834
1164	1857
1149	1799
1106	1682
1051	1537
993	1380
929	1219
862	1060
791	909
724	778
662	665
612	581
574	519
547	480
524	458
504	450
493	457
498	480
521	513
554	552
584	583
596	598
587	590
562	569
532	542
506	521
497	514
506	525
535	557
572	592
600	617
607	616
590	592
569	563
554	542
541	526
529	513
520	499
510	486
497	471
482	451
461	431
440	407
425	388
416	377
420	377
442	394
491	435
554	491
610	540
642	571
659	591
669	605
681	621
697	639
717	660
739	682
756	703
769	720
779	734
789	746
797	754
805	764
813	777
820	787
822	793
816	790
809	783
799	773
784	757
760	736
734	712
708	689
685	664
665	642
646	621
630	606
614	590
602	578
594	570
8982	8904
8980	8895
8929	8850
8806	8743
8608	8561
8332	8304
8005	7996
7666	7676
7346	7378
7058	7119
6796	6894
6547	6685
6299	6486
6050	6294
5788	6120
5508	5972
5211	5836
4919	5696
4642	5543
4386	5398
4165	5290
3998	5234
3884	5219
3796	5207
3700	5156
3573	5048
3422	4884
3269	4697
3139	4521
3055	4392
3044	4346
3118	4404
3240	4519
3337	4601
3366	4602
3328	4532
3239	4405
3105	4237
2939	4037
2756	3826
2585	3630
2451	3470
2370	3365
2352	3319
2386	3325
2458	3360
2550	3391
2642	3383
2697	3317
2665	3184
2532	2984
2325	2728
2074	2429
1806	2113
1539	1799
1285	1502
1057	1239
868	1024
721	863
621	754
556	684
519	643
496	612
484	579
482	550
498	548
532	572
571	609
600	635
614	645
607	634
587	611
559	580
537	555
530	546
543	559
575	587
609	617
629	631
620	616
589	581
555	544
530	519
513	504
499	493
486	483
471	469
456	454
438	438
418	423
396	405
377	388
362	375
358	370
369	376
401	395
444	420
481	443
506	460
525	476
542	493
558	507
574	521
593	534
615	552
637	572
657	593
671	606
683	616
689	620
699	628
713	642
727	658
736	670
736	674
733	674
725	670
712	660
695	649
675	638
658	627
638	614
618	599
597	583
581	571
566	560
557	555
551	552
8857	8751
8852	8774
8822	8767
8734	8698
8573	8554
8337	8333
8050	8062
7753	7783
7481	7531
7252	7329
7064	7169
6898	7038
6745	6922
6606	6819
6494	6744
6430	6713
6393	6704
6343	6673
6269	6611
6200	6553
6173	6537
6199	6572
6257	6636
6305	6685
6295	6672
6205	6573
6041	6395
5838	6175
5635	5954
5474	5770
5393	5647
5404	5580
5463	5538
5489	5470
5438	5347
5315	5168
5138	4947
4924	4699
4685	4434
4442	4177
4218	3942
4031	3747
3895	3595
3814	3487
3776	3414
3757	3352
3701	3239
3562	3031
3353	2760
3123	2516
2901	2338
2673	2194
2421	2049
2153	1891
1880	1718
1617	1541
1376	1363
1174	1198
1015	1054
897	931
814	832
755	756
707	700
658	663
618	649
608	659
628	685
659	714
681	730
685	728
668	704
637	666
600	622
572	589
560	572
569	574
592	590
617	608
627	614
608	595
569	557
532	522
509	503
497	496
492	493
485	491
476	487
466	484
453	479
442	475
431	471
420	467
412	464
408	463
409	463
417	462
427	463
435	460
442	460
454	464
468	473
480	481
490	485
498	488
509	492
523	497
538	503
548	508
555	510
558	512
565	515
577	524
593	539
606	553
614	563
617	571
618	576
614	581
611	587
609	596
607	602
602	607
597	609
588	611
582	616
579	619
577	621
576	622
8307	7231
8349	7231
8358	7224
8303	7170
8170	7046
7958	6847
7696	6598
7425	6338
7185	6104
6996	5919
6856	5785
6747	5687
6655	5611
6576	5548
6516	5491
6483	5437
6451	5367
6389	5259
6290	5117
6188	4970
6122	4854
6103	4782
6116	4746
6119	4711
6069	4642
5943	4520
5749	4348
5521	4154
5297	3968
5107	3808
4953	3665
4815	3516
4678	3344
4522	3159
4341	2964
4127	2755
3887	2536
3634	2323
3383	2130
3150	1967
2947	1839
2780	1742
2649	1672
2548	1614
2471	1563
2397	1512
2287	1446
2107	1358
1895	1261
1724	1189
1627	1156
1573	1144
1525	1133
1469	1115
1393	1083
1300	1031
1187	962
1069	883
951	799
839	718
740	643
662	586
616	567
615	599
650	669
699	742
740	794
769	822
779	830
770	816
740	781
696	732
647	678
606	633
583	604
578	592
585	593
598	603
603	607
584	591
550	560
520	531
503	517
497	513
498	514
500	519
503	529
508	542
513	555
517	565
520	572
521	577
523	583
525	587
524	590
524	590
522	589
516	582
509	573
505	564
505	556
505	549
505	541
503	536
501	530
498	520
492	510
489	500
486	493
485	488
485	483
489	480
499	485
513	497
527	514
541	530
551	546
564	563
579	585
597	610
614	633
627	654
638	674
650	697
663	719
674	738
680	751
683	759
5577	3780
5476	3581
5424	3492
5371	3454
5275	3410
5117	3333
4909	3214
4681	3056
4462	2876
4277	2695
4137	2542
4039	2435
3972	2376
3925	2351
3877	2330
3810	2276
3714	2187
3586	2083
3438	1985
3293	1897
3173	1821
3090	1766
3042	1729
3003	1697
2950	1662
2869	1620
2759	1569
2637	1513
2520	1462
2421	1419
2330	1380
2224	1328
2093	1258
1944	1170
1785	1074
1619	972
1457	879
1314	804
1201	759
1126	745
1085	757
1069	784
1064	811
1058	828
1045	829
1026	826
1011	834
1005	866
1007	910
1009	939
1000	939
982	913
956	876
926	836
889	797
844	760
794	727
744	705
699	692
658	688
626	690
604	698
611	721
659	768
734	831
806	886
854	924
880	944
887	950
873	938
838	910
787	869
734	826
689	790
659	768
646	757
645	758
654	765
657	767
640	748
609	714
581	684
566	668
563	663
564	663
571	666
582	672
597	682
613	691
623	697
630	699
636	701
644	707
650	710
652	709
651	701
649	694
643	687
635	681
625	674
614	668
602	660
592	653
585	650
579	648
569	643
557	638
547	633
540	632
533	626
525	616
516	599
513	587
519	579
530	578
544	578
557	577
573	581
593	592
617	613
645	643
677	682
709	730
743	781
777	830
807	874
829	907
843	927
2341	1577
2091	1316
1983	1189
1959	1152
1970	1165
1981	1207
1964	1241
1896	1234
1772	1167
1614	1053
1461	928
1349	835
1299	804
1302	827
1316	861
1292	854
1233	820
1182	807
1158	842
1152	895
1143	935
1127	947
1103	934
1071	900
1037	860
1008	831
986	820
970	822
955	828
944	833
931	827
910	809
878	783
839	763
798	753
756	749
718	747
694	747
685	752
692	757
710	759
732	759
747	749
750	729
741	703
728	677
730	663
754	666
791	681
820	698
827	709
814	716
795	722
775	731
757	741
744	756
737	772
740	794
752	817
769	845
789	870
811	895
837	921
877	952
925	985
964	1011
989	1026
1002	1033
1006	1036
999	1032
983	1026
958	1015
933	1006
912	997
898	992
893	990
896	993
902	997
900	993
880	973
844	938
813	909
796	892
788	883
785	873
781	862
778	851
776	842
776	833
772	823
766	812
764	805
764	800
762	792
753	778
740	761
726	746
715	736
711	735
711	739
713	747
714	755
715	764
719	776
726	787
729	798
733	809
736	819
742	829
741	830
730	822
711	801
686	773
664	740
645	708
625	673
604	635
589	604
586	590
598	595
630	627
679	682
742	755
810	836
875	912
932	975
974	1022
999	1049
1495	1871
1249	1666
1095	1482
1001	1307
949	1148
936	1023
940	942
938	899
908	877
847	860
774	839
720	812
703	788
723	774
747	760
742	745
720	740
726	764
780	817
851	879
908	926
930	946
922	937
891	910
852	877
827	860
823	864
839	891
861	926
876	953
871	950
842	907
803	844
776	800
773	789
781	795
790	805
800	814
807	820
808	819
799	806
782	786
758	759
727	725
694	692
662	663
640	638
629	625
629	619
636	623
648	633
665	649
685	675
710	705
737	738
766	775
797	813
827	849
859	883
889	913
917	942
943	966
965	982
987	993
1005	999
1019	1002
1026	1003
1029	1003
1030	1002
1029	1002
1027	1001
1025	1001
1022	1000
1019	999
1018	998
1018	998
1019	999
1021	997
1015	991
997	975
969	954
945	935
930	921
917	907
903	891
888	876
875	863
863	852
849	838
835	824
824	813
816	804
808	796
797	788
783	778
771	774
762	777
758	782
758	785
764	790
772	796
784	806
797	819
812	833
826	848
840	863
854	876
866	886
874	891
877	892
870	888
853	875
825	856
793	829
756	794
715	754
672	713
635	676
613	656
616	658
647	687
704	740
779	812
862	890
941	965
1005	1027
1052	1072
1078	1098
2488	3237
2334	3111
2130	2900
1879	2612
1617	2289
1379	1983
1203	1745
1104	1608
1073	1568
1079	1578
1082	1578
1056	1514
990	1373
903	1180
826	1005
788	912
800	905
837	933
884	953
924	962
950	964
958	958
945	937
919	911
893	886
881	873
891	880
924	909
968	956
1005	1000
1005	1009
953	956
871	865
809	793
787	762
788	758
795	760
800	762
803	761
799	755
786	742
767	725
742	704
712	678
683	652
655	630
633	615
621	610
618	613
621	620
631	631
647	649
674	677
707	712
744	752
785	795
827	838
866	880
901	915
931	945
960	972
980	988
990	992
991	985
984	972
978	961
974	953
972	948
970	942
968	936
966	933
965	931
965	929
963	924
960	917
958	912
956	910
954	907
949	902
936	892
919	881
905	869
893	860
879	850
863	835
849	822
837	810
828	802
816	794
804	784
793	775
783	768
777	766
772	764
771	772
780	788
795	813
808	834
814	844
819	848
822	849
829	852
838	858
851	868
865	879
877	888
888	893
893	897
896	898
896	898
895	900
889	901
878	897
858	884
828	861
793	830
757	799
726	775
708	763
711	767
739	792
787	834
850	887
919	947
986	1006
1045	1062
1089	1102
1116	1128
4066	4939
3938	4799
3738	4627
3462	4407
3141	4143
2829	3879
2583	3664
2441	3540
2397	3491
2399	3464
2367	3374
2239	3155
1993	2792
1673	2341
1369	1894
1169	1543
1082	1313
1046	1164
1015	1057
984	979
957	927
936	896
913	874
887	851
860	819
837	782
828	753
847	748
887	775
934	819
951	844
909	819
824	754
752	694
717	660
708	647
706	640
705	633
700	624
689	611
675	594
659	579
641	567
622	554
603	542
587	534
582	538
587	558
601	583
615	607
629	626
649	646
678	676
715	712
757	753
801	795
843	835
882	875
919	912
949	943
974	967
989	982
991	986
982	981
966	965
953	954
943	943
935	934
925	922
916	910
909	899
905	891
900	883
890	870
880	855
870	843
866	837
863	833
859	829
852	821
843	812
835	806
828	800
821	797
812	791
800	782
789	772
781	769
775	766
770	766
767	771
765	773
764	776
767	780
777	792
801	816
832	847
855	871
868	884
872	888
873	889
874	889
877	890
882	892
888	894
893	895
896	895
897	896
898	896
899	898
903	904
911	914
914	924
908	926
890	913
863	891
838	870
818	854
811	849
818	856
841	874
875	903
919	938
969	979
1022	1024
1070	1064
1107	1096
1129	1116
5823	6663
5685	6544
5556	6452
5404	6349
5218	6215
5018	6053
4845	5891
4729	5745
4654	5599
4563	5404
4382	5096
4052	4647
3574	4070
3006	3423
2431	2769
1927	2167
1535	1661
1256	1286
1067	1037
946	885
873	804
840	775
827	777
811	772
776	739
723	673
668	595
637	538
643	524
680	550
712	588
709	609
673	602
632	582
604	562
587	540
572	520
560	499
547	483
532	466
515	452
502	442
494	438
487	435
482	435
482	444
496	464
526	500
563	542
594	577
617	600
638	621
667	649
701	680
739	715
777	752
817	790
857	834
898	877
931	913
955	938
970	955
979	969
979	980
972	984
963	982
953	975
945	969
933	957
919	942
904	924
892	905
879	888
864	871
848	855
833	840
826	829
820	820
814	811
804	798
792	782
783	771
777	765
775	764
773	765
771	767
766	770
766	775
769	781
772	789
782	800
791	812
798	821
803	831
814	840
835	856
862	873
882	888
892	895
896	898
896	897
895	896
895	893
894	888
892	882
890	877
889	874
889	873
889	873
890	874
897	882
911	894
924	911
931	922
925	922
909	912
891	898
877	886
872	878
876	880
891	890
912	906
939	925
971	947
1007	973
1039	998
1067	1022
1083	1036
7315	7576
7213	7455
7129	7339
7033	7206
6901	7038
6732	6829
6537	6576
6322	6276
6066	5910
5736	5456
5296	4914
4741	4301
4102	3663
3433	3048
2778	2475
2167	1948
1639	1483
1233	1113
962	853
800	697
722	632
710	647
732	701
747	741
719	727
646	652
550	544
472	450
439	403
456	415
501	464
542	521
562	559
560	572
544	557
518	527
491	492
464	460
443	434
425	417
415	408
409	405
407	407
408	412
415	422
429	438
451	458
486	485
524	511
555	532
576	549
596	568
622	593
653	624
687	658
723	697
764	740
809	785
853	829
891	867
918	896
938	917
959	944
981	981
1003	1024
1013	1051
1012	1056
1003	1048
991	1035
975	1018
954	998
933	975
912	951
893	928
875	907
858	887
843	868
830	851
818	836
802	816
782	794
770	781
765	776
765	779
768	785
775	794
784	806
794	817
802	829
811	838
822	849
836	863
850	879
860	891
868	898
876	898
886	898
893	898
896	897
898	897
897	893
893	888
888	878
879	865
868	851
858	839
852	829
849	822
848	819
850	820
857	827
870	840
888	859
900	872
904	878
900	877
890	871
879	863
872	857
872	855
879	861
889	864
900	864
911	866
927	872
943	882
961	893
974	902
7295	6449
7112	6192
6933	5953
6742	5718
6528	5479
6277	5218
5980	4918
5618	4554
5179	4107
4656	3594
4075	3054
3479	2549
2919	2126
2427	1801
2001	1546
1616	1310
1264	1065
960	826
731	627
590	504
547	479
592	548
680	666
753	765
759	793
689	737
576	630
471	525
417	471
427	479
479	536
545	604
593	654
611	671
596	654
561	617
522	575
485	537
456	505
437	483
428	472
426	469
431	477
442	490
457	508
473	523
488	531
498	525
507	513
515	507
525	511
541	527
566	551
597	582
634	621
676	666
722	710
765	752
806	791
842	824
871	852
895	879
929	920
983	989
1045	1072
1091	1133
1105	1155
1099	1150
1084	1135
1067	1117
1048	1098
1026	1073
999	1045
973	1015
948	986
922	958
900	934
881	913
863	893
840	867
814	838
799	821
796	818
801	825
807	832
816	842
828	854
842	871
855	886
868	899
880	912
894	926
910	939
920	946
924	945
918	935
910	920
902	907
897	898
894	892
888	883
879	870
865	856
850	841
835	826
821	810
808	796
798	784
792	775
791	771
796	776
811	789
829	807
842	821
849	827
849	827
847	824
842	821
837	816
835	812
837	809
833	803
827	792
820	782
819	776
821	774
826	775
832	777
5195	3812
4892	3526
4629	3299
4394	3116
4174	2957
3949	2802
3697	2632
3388	2420
3009	2153
2580	1852
2147	1557
1776	1321
1510	1173
1342	1104
1230	1067
1105	1002
939	886
748	742
578	607
472	521
457	506
531	560
654	655
763	747
807	792
772	781
685	734
599	685
556	668
571	694
626	748
694	807
741	849
754	861
736	846
700	816
660	780
621	741
588	705
561	673
543	648
537	632
540	624
552	625
568	629
579	631
579	625
561	604
537	575
520	559
522	561
535	575
559	599
592	635
633	677
678	723
723	764
762	806
800	846
834	881
861	910
889	937
934	982
1013	1058
1107	1149
1176	1215
1201	1239
1198	1234
1183	1217
1162	1195
1139	1166
1111	1133
1079	1096
1046	1061
1015	1027
984	995
959	967
937	942
916	922
889	898
862	878
845	868
844	873
851	885
861	902
875	925
893	949
910	970
926	985
940	996
952	1004
963	1009
969	1007
971	1003
967	993
951	974
933	952
916	934
905	922
896	913
884	901
870	892
858	883
844	872
831	861
817	852
805	842
792	833
781	824
775	819
779	824
795	839
813	858
826	868
829	867
825	854
817	835
809	815
799	793
789	771
780	754
771	741
762	733
754	731
748	735
747	741
749	748
751	753
2597	1746
2393	1664
2250	1616
2150	1587
2069	1567
1992	1547
1905	1519
1792	1476
1644	1412
1471	1329
1300	1241
1165	1167
1083	1112
1046	1076
1022	1043
976	1001
895	948
797	891
707	842
646	805
624	786
647	787
698	806
753	827
787	846
795	858
787	868
781	881
793	900
825	928
871	960
919	993
956	1021
970	1036
962	1033
938	1016
907	991
870	958
832	928
799	899
769	872
744	845
722	818
708	796
698	779
688	763
675	742
651	710
627	676
612	657
614	656
629	670
654	692
691	725
733	764
777	804
820	846
863	890
904	933
942	970
972	999
998	1024
1038	1058
1103	1112
1180	1170
1236	1212
1253	1221
1245	1207
1223	1183
1197	1152
1163	1118
1126	1079
1086	1038
1047	999
1012	964
979	931
950	900
924	872
904	856
888	850
879	859
882	878
897	902
918	931
943	962
975	998
1006	1032
1030	1059
1045	1074
1052	1077
1054	1074
1050	1064
1041	1050
1031	1035
1018	1021
997	1005
975	990
958	980
947	973
940	971
934	969
927	968
923	966
917	964
912	963
906	962
901	964
898	966
894	970
894	973
899	974
910	974
923	976
929	972
922	961
901	939
871	905
837	867
800	824
766	784
737	749
718	722
712	712
716	715
729	729
744	745
757	758
765	765
1290	1120
1316	1190
1337	1233
1349	1256
1359	1272
1363	1285
1364	1294
1354	1293
1328	1282
1290	1258
1242	1225
1195	1188
1152	1151
1115	1116
1079	1086
1045	1065
1014	1054
987	1053
970	1058
957	1068
952	1080
953	1092
961	1103
967	1102
968	1092
967	1076
970	1056
972	1032
975	1007
980	985
992	975
1008	977
1027	988
1040	997
1040	998
1028	990
1008	976
985	962
966	954
948	950
933	949
915	945
894	941
879	939
866	937
851	928
823	895
774	830
719	752
682	696
674	680
684	686
702	698
728	716
759	737
793	764
832	795
873	830
912	864
946	891
971	913
994	934
1026	960
1068	995
1114	1028
1142	1044
1141	1039
1124	1019
1098	993
1066	961
1031	925
993	888
954	852
917	817
883	785
851	754
821	726
795	704
783	700
791	719
815	757
848	800
880	839
914	873
947	906
982	939
1016	970
1042	994
1057	1007
1059	1009
1053	1002
1039	985
1022	968
1006	950
993	940
986	945
987	961
989	978
990	988
993	996
994	1004
997	1010
998	1015
1000	1023
1003	1031
1007	1043
1014	1054
1023	1067
1031	1078
1035	1082
1032	1075
1019	1054
1002	1030
989	1012
979	1007
963	998
936	981
903	959
866	934
830	909
796	882
768	852
750	823
741	800
742	785
747	773
752	766
755	762
1082	1056
1127	1054
1156	1057
1175	1067
1191	1078
1203	1087
1211	1093
1213	1094
1207	1092
1189	1082
1164	1063
1132	1037
1098	1007
1069	983
1047	971
1040	976
1046	996
1064	1025
1089	1056
1115	1089
1140	1122
1162	1148
1177	1163
1176	1163
1159	1148
1132	1120
1095	1079
1050	1028
1002	976
960	927
932	895
924	882
929	886
936	892
937	891
931	883
922	873
914	864
913	863
918	869
925	881
936	897
946	916
959	938
970	955
968	959
934	933
862	869
775	790
711	732
690	711
693	710
699	714
709	719
723	727
742	739
767	756
793	775
817	794
839	810
857	826
874	839
895	851
917	863
940	873
947	872
938	862
920	844
895	821
863	790
826	756
790	723
757	693
725	665
693	635
663	606
637	582
621	568
624	575
654	608
699	657
748	707
790	748
825	783
858	816
889	845
916	871
937	889
948	897
949	897
941	890
924	873
904	850
886	828
877	821
891	838
921	873
950	909
968	934
981	952
994	967
1005	981
1016	997
1028	1017
1045	1040
1064	1065
1083	1087
1097	1103
1108	1114
1112	1123
1109	1131
1095	1140
1078	1148
1067	1152
1065	1150
1059	1137
1048	1120
1033	1103
1018	1093
1003	1084
983	1075
958	1056
926	1030
892	1000
863	972
840	944
822	924
812	910
989	894
960	873
949	865
950	864
956	866
961	869
964	870
967	873
967	875
963	876
951	871
933	863
911	853
896	847
891	848
903	862
928	882
956	903
985	921
1015	938
1045	957
1069	972
1082	981
1084	987
1077	993
1059	995
1032	993
994	985
955	975
919	969
897	969
891	976
895	983
898	980
892	964
876	934
858	901
842	869
832	844
831	829
836	820
848	820
867	830
890	845
909	864
918	874
903	869
858	848
803	818
761	797
745	789
744	787
744	787
747	789
750	792
756	794
769	801
783	812
798	823
811	833
822	841
831	848
838	851
840	849
840	844
834	836
823	824
805	806
782	784
753	759
724	736
698	715
673	693
648	669
620	644
593	620
571	600
558	588
565	592
596	617
641	656
688	695
725	729
759	759
790	788
819	816
844	842
860	857
866	860
864	854
855	841
837	820
813	794
790	771
782	760
798	772
831	800
867	831
893	854
912	872
928	889
945	905
964	923
987	947
1014	974
1041	1001
1066	1025
1083	1042
1094	1054
1109	1073
1134	1113
1175	1183
1217	1258
1240	1296
1232	1278
1202	1222
1167	1160
1139	1113
1125	1092
1121	1093
1121	1106
1118	1124
1109	1137
1095	1144
1078	1144
1058	1136
1041	1125
1028	1116
834	854
836	869
838	874
836	873
837	871
837	870
839	872
841	875
846	881
850	890
854	901
857	914
859	926
860	934
866	940
874	945
886	948
894	947
899	940
901	931
904	921
908	917
914	920
926	937
945	967
971	1013
1001	1072
1030	1132
1058	1192
1086	1249
1113	1298
1136	1335
1146	1348
1136	1330
1105	1288
1059	1224
1006	1149
953	1072
907	1002
870	944
845	900
829	869
824	851
831	849
844	854
853	862
855	862
847	856
836	848
827	844
826	847
828	852
831	857
833	863
836	870
839	877
844	884
851	892
861	902
868	910
874	916
879	922
883	927
882	930
879	930
871	925
860	916
843	901
823	884
803	866
782	849
764	833
744	813
721	792
697	768
676	751
660	738
649	730
651	733
671	751
704	778
737	806
763	827
788	848
817	874
844	901
868	922
880	932
880	927
869	909
850	885
825	855
797	827
773	801
761	786
767	791
789	808
813	827
832	841
847	853
861	863
876	873
892	882
911	895
933	910
958	927
980	942
995	953
1005	960
1024	977
1072	1022
1160	1111
1253	1201
1294	1232
1260	1182
1178	1083
1091	982
1028	911
1000	883
1007	899
1036	944
1074	1000
1111	1051
1136	1087
1149	1102
1150	1102
1144	1095
1137	1087
947	1046
955	1042
954	1033
947	1021
943	1012
940	1005
940	1005
944	1009
953	1020
967	1041
987	1068
1009	1098
1028	1122
1042	1141
1050	1153
1053	1160
1053	1161
1045	1155
1033	1145
1018	1134
1004	1125
998	1126
1003	1137
1024	1160
1061	1201
1119	1259
1194	1331
1270	1406
1346	1476
1416	1541
1476	1595
1517	1632
1531	1643
1510	1617
1455	1555
1376	1464
1281	1357
1184	1244
1092	1138
1015	1046
955	974
912	923
887	894
877	882
878	883
881	885
877	876
862	850
845	819
836	801
838	800
846	810
856	826
868	844
882	865
894	885
906	905
920	924
934	945
946	965
955	979
963	992
972	1006
979	1020
984	1034
983	1038
977	1036
965	1025
951	1013
935	997
920	982
905	970
889	958
868	943
848	924
833	909
823	903
819	903
825	913
844	937
871	970
896	999
915	1020
934	1038
958	1061
983	1082
1003	1097
1006	1097
997	1085
973	1058
945	1025
911	988
880	954
854	927
839	911
842	914
858	931
874	947
884	956
892	958
897	957
901	954
902	947
905	938
909	930
915	923
921	918
924	913
929	913
940	919
978	945
1050	993
1120	1036
1132	1031
1071	969
969	881
872	806
809	767
792	772
820	818
878	888
946	959
1002	1004
1032	1015
1036	989
1021	945
999	898
984	868
1106	1118
1093	1100
1079	1082
1063	1064
1049	1048
1040	1037
1038	1035
1042	1041
1055	1055
1082	1085
1116	1122
1151	1162
1180	1195
1204	1223
1222	1246
1235	1263
1241	1277
1244	1291
1245	1309
1246	1329
1252	1355
1265	1384
1285	1416
1312	1448
1349	1476
1396	1506
1451	1533
1504	1555
1552	1570
1595	1582
1631	1592
1656	1602
1661	1599
1631	1568
1563	1500
1467	1403
1353	1289
1234	1170
1120	1058
1021	961
942	886
889	834
858	805
848	798
851	804
856	809
845	798
814	763
774	717
746	686
742	682
754	698
775	723
801	755
827	787
855	822
883	857
910	890
937	921
962	948
982	973
1001	997
1022	1022
1046	1054
1070	1086
1082	1104
1083	1108
1073	1100
1060	1088
1044	1075
1032	1065
1023	1057
1013	1050
1001	1042
985	1031
973	1023
968	1020
970	1025
986	1044
1020	1084
1063	1135
1100	1180
1125	1210
1144	1228
1163	1243
1180	1254
1190	1259
1189	1257
1176	1246
1148	1224
1112	1189
1074	1151
1037	1113
1009	1085
994	1074
999	1083
1018	1107
1035	1125
1041	1128
1039	1122
1033	1108
1021	1090
1005	1067
987	1042
967	1016
950	992
933	969
922	952
914	936
916	928
927	928
953	936
972	941
957	928
906	900
847	879
809	884
807	922
844	992
912	1082
991	1164
1056	1213
1079	1206
1055	1139
986	1023
899	891
820	776
768	704
1087	1031
1067	1008
1048	990
1029	979
1015	974
1010	979
1012	991
1021	1009
1039	1032
1070	1066
1110	1107
1151	1148
1185	1181
1214	1207
1237	1225
1255	1235
1272	1247
1295	1273
1330	1317
1370	1373
1416	1436
1464	1500
1509	1555
1543	1594
1565	1615
1577	1613
1577	1596
1568	1565
1551	1525
1533	1486
1519	1459
1515	1446
1507	1434
1476	1402
1410	1338
1317	1249
1207	1152
1097	1060
997	984
915	931
855	898
814	878
792	864
783	854
784	840
783	819
766	785
725	730
676	673
644	639
643	641
663	668
696	705
731	746
768	789
809	833
850	874
885	906
915	932
941	949
964	962
985	974
1011	990
1042	1014
1076	1042
1098	1062
1104	1071
1101	1075
1095	1080
1087	1082
1080	1086
1076	1092
1074	1101
1074	1112
1071	1120
1068	1127
1069	1134
1075	1142
1095	1154
1130	1171
1177	1191
1219	1209
1245	1220
1259	1225
1267	1223
1270	1216
1271	1212
1269	1209
1264	1210
1250	1211
1226	1206
1195	1193
1164	1179
1141	1169
1136	1172
1151	1190
1178	1214
1196	1227
1196	1227
1185	1215
1167	1197
1146	1180
1122	1160
1096	1141
1070	1120
1045	1101
1021	1081
1001	1063
982	1046
968	1032
959	1022
957	1017
957	1022
953	1032
952	1056
968	1101
1013	1171
1087	1262
1182	1362
1280	1454
1357	1512
1384	1509
1341	1433
1233	1292
1075	1108
905	918
762	761
671	660
976	960
955	949
944	948
943	952
949	963
965	981
986	1003
1012	1026
1039	1050
1074	1078
1112	1107
1149	1135
1179	1157
1199	1175
1213	1190
1220	1206
1229	1229
1255	1268
1304	1321
1368	1387
1441	1459
1512	1528
1573	1583
1615	1621
1635	1634
1628	1620
1600	1583
1554	1530
1503	1468
1453	1411
1419	1369
1400	1343
1383	1322
1348	1287
1286	1236
1208	1173
1129	1116
1063	1077
1021	1062
1001	1069
999	1088
1003	1107
1000	1114
985	1100
954	1064
911	1012
855	944
783	862
714	783
675	738
677	735
705	763
748	805
794	849
840	894
884	934
922	968
949	993
967	1009
975	1014
976	1010
975	1002
978	994
989	988
1003	988
1018	994
1030	1008
1043	1031
1061	1063
1080	1098
1099	1136
1123	1179
1148	1226
1175	1274
1199	1317
1218	1354
1234	1381
1245	1399
1246	1388
1232	1340
1207	1267
1186	1204
1173	1162
1163	1137
1148	1113
1133	1088
1120	1070
1119	1064
1126	1071
1139	1087
1153	1108
1162	1128
1168	1149
1174	1168
1186	1183
1200	1194
1215	1196
1221	1194
1217	1190
1210	1186
1200	1181
1189	1177
1178	1172
1166	1168
1154	1163
1144	1159
1132	1154
1121	1150
1110	1145
1101	1144
1097	1149
1100	1165
1114	1194
1139	1233
1178	1278
1236	1334
1312	1400
1399	1469
1489	1534
1560	1579
1590	1585
1559	1533
1456	1417
1296	1251
1104	1059
910	872
750	721
651	626
1005	1106
1012	1134
1017	1143
1020	1140
1026	1136
1035	1130
1046	1124
1058	1120
1068	1114
1081	1109
1093	1104
1107	1102
1119	1099
1132	1104
1153	1122
1188	1163
1234	1218
1289	1276
1348	1328
1408	1378
1470	1424
1525	1463
1567	1488
1590	1492
1591	1475
1567	1437
1519	1380
1456	1309
1385	1232
1320	1164
1271	1116
1242	1100
1225	1109
1204	1118
1173	1118
1134	1110
1103	1104
1085	1101
1087	1105
1103	1115
1127	1129
1149	1142
1162	1152
1154	1154
1126	1143
1083	1121
1024	1082
945	1019
865	948
815	898
806	881
826	889
858	910
897	936
934	964
969	992
999	1018
1024	1043
1043	1068
1054	1089
1056	1105
1051	1109
1040	1101
1023	1078
1006	1053
1004	1043
1018	1060
1051	1095
1094	1145
1144	1201
1197	1263
1257	1332
1323	1407
1390	1483
1451	1553
1504	1614
1545	1664
1567	1690
1550	1666
1474	1576
1363	1442
1263	1323
1200	1246
1162	1198
1129	1159
1098	1122
1073	1090
1059	1064
1056	1045
1063	1033
1076	1031
1095	1036
1117	1050
1139	1066
1155	1085
1163	1099
1163	1111
1160	1117
1157	1120
1155	1121
1154	1122
1153	1122
1152	1122
1151	1122
1149	1122
1148	1121
1147	1121
1146	1121
1145	1121
1148	1127
1163	1150
1196	1196
1242	1255
1289	1307
1331	1340
1373	1360
1416	1377
1460	1394
1500	1408
1522	1414
1511	1393
1450	1333
1333	1225
1172	1078
988	911
812	751
672	624
586	546
1244	1381
1286	1430
1297	1440
1288	1428
1272	1408
1254	1381
1233	1351
1213	1322
1193	1293
1176	1267
1158	1241
1140	1216
1124	1192
1116	1174
1122	1162
1145	1158
1184	1163
1221	1174
1258	1190
1293	1211
1325	1231
1347	1243
1355	1241
1342	1218
1309	1177
1260	1122
1197	1056
1124	985
1045	912
980	855
946	840
962	894
1015	997
1070	1098
1107	1169
1129	1210
1142	1231
1145	1228
1139	1203
1129	1164
1121	1122
1116	1087
1116	1066
1120	1065
1125	1077
1126	1095
1114	1110
1076	1105
1026	1084
982	1058
959	1036
953	1020
961	1012
974	1012
991	1017
1011	1025
1030	1039
1055	1065
1086	1101
1120	1144
1149	1186
1165	1213
1162	1219
1143	1209
1116	1189
1106	1180
1120	1190
1154	1216
1200	1251
1255	1292
1314	1336
1380	1386
1450	1439
1520	1490
1584	1537
1641	1579
1688	1614
1712	1635
1690	1625
1607	1575
1480	1496
1367	1420
1291	1360
1237	1309
1191	1259
1147	1209
1106	1157
1065	1103
1028	1048
997	999
976	961
967	937
967	922
974	918
991	928
1016	954
1046	989
1068	1019
1079	1034
1082	1037
1083	1039
1083	1039
1083	1039
1083	1039
1083	1039
1083	1039
1083	1039
1083	1039
1085	1040
1093	1049
1119	1077
1175	1133
1242	1199
1293	1241
1310	1243
1308	1221
1299	1191
1291	1166
1285	1148
1279	1139
1258	1124
1206	1087
1114	1020
989	924
847	812
710	702
598	614
532	558
1479	1510
1524	1542
1532	1547
1521	1540
1502	1527
1477	1507
1444	1482
1412	1456
1383	1434
1357	1413
1329	1391
1302	1368
1277	1345
1255	1327
1234	1307
1210	1285
1189	1262
1178	1250
1184	1254
1196	1266
1211	1281
1217	1291
1214	1294
1190	1278
1149	1248
1097	1205
1038	1157
973	1105
909	1055
863	1023
866	1038
948	1126
1084	1267
1215	1399
1303	1484
1351	1523
1366	1522
1347	1479
1295	1398
1219	1284
1134	1160
1063	1052
1015	975
999	936
1008	934
1035	958
1070	1004
1101	1065
1119	1122
1118	1151
1103	1148
1081	1123
1060	1093
1044	1065
1036	1048
1037	1044
1049	1056
1075	1084
1115	1125
1165	1175
1211	1224
1247	1263
1264	1287
1263	1294
1255	1294
1250	1292
1256	1292
1268	1294
1286	1298
1308	1304
1334	1313
1361	1325
1389	1336
1418	1344
1441	1349
1463	1356
1483	1364
1501	1380
1513	1417
1521	1484
1519	1561
1506	1612
1477	1615
1435	1585
1384	1538
1330	1485
1270	1423
1206	1355
1139	1283
1077	1212
1025	1151
986	1102
959	1064
941	1036
935	1010
944	991
965	978
983	970
993	966
995	966
996	966
997	966
997	966
997	966
997	966
997	966
997	966
997	966
998	967
1004	973
1030	990
1078	1021
1132	1054
1158	1062
1145	1036
1108	988
1066	941
1032	907
1014	896
1009	905
1009	925
994	934
954	926
892	899
817	859
739	813
674	770
632	740
1470	1382
1481	1372
1482	1368
1480	1368
1474	1372
1465	1373
1451	1372
1439	1371
1429	1375
1419	1378
1407	1379
1392	1373
1374	1364
1362	1358
1354	1360
1348	1371
1346	1389
1349	1409
1360	1429
1377	1451
1397	1476
1414	1501
1426	1522
1426	1537
1411	1537
1385	1529
1353	1514
1317	1497
1284	1483
1267	1479
1286	1502
1366	1568
1485	1661
1594	1740
1660	1779
1681	1777
1659	1735
1593	1651
1484	1531
1344	1384
1193	1226
1058	1080
956	962
894	882
871	842
885	840
934	882
1015	969
1102	1069
1157	1138
1165	1157
1140	1139
1107	1107
1075	1079
1055	1062
1050	1060
1065	1072
1090	1095
1128	1126
1173	1161
1218	1196
1256	1227
1281	1248
1292	1253
1293	1250
1291	1244
1289	1243
1285	1241
1282	1239
1281	1245
1287	1256
1294	1270
1299	1281
1300	1286
1299	1290
1299	1293
1303	1301
1321	1319
1372	1365
1472	1452
1592	1559
1677	1636
1702	1662
1685	1652
1647	1625
1598	1588
1541	1539
1475	1483
1405	1421
1335	1357
1269	1294
1215	1239
1170	1191
1134	1150
1093	1106
1047	1056
1003	1007
971	973
956	955
953	951
953	950
953	950
953	950
953	950
953	950
953	950
953	950
953	950
953	950
954	949
962	948
975	943
982	926
968	894
929	847
878	797
834	760
807	746
810	764
836	808
877	867
912	922
931	962
936	989
927	1001
906	998
882	989
863	976
1291	1244
1263	1206
1254	1190
1256	1193
1265	1204
1274	1215
1281	1227
1291	1240
1304	1257
1318	1276
1328	1292
1333	1303
1331	1306
1330	1306
1334	1306
1349	1310
1370	1318
1394	1330
1418	1347
1443	1369
1472	1398
1501	1428
1528	1458
1550	1486
1566	1508
1573	1527
1574	1540
1574	1554
1576	1568
1586	1585
1612	1610
1667	1652
1736	1700
1788	1728
1801	1719
1778	1682
1722	1624
1637	1549
1525	1460
1392	1364
1251	1262
1116	1160
1000	1065
914	986
860	928
842	896
870	900
943	948
1037	1016
1107	1074
1133	1102
1123	1104
1102	1095
1083	1088
1073	1088
1075	1092
1084	1097
1099	1103
1119	1110
1139	1113
1160	1117
1179	1121
1189	1120
1186	1107
1175	1087
1165	1075
1167	1079
1170	1086
1176	1097
1190	1115
1212	1142
1236	1171
1258	1199
1274	1222
1287	1242
1300	1260
1313	1274
1328	1284
1352	1282
1391	1268
1436	1245
1468	1225
1477	1215
1474	1214
1459	1214
1436	1208
1402	1193
1359	1167
1309	1134
1255	1095
1202	1050
1150	1002
1101	956
1060	918
1026	900
998	908
976	933
963	956
958	969
956	972
956	972
956	972
956	972
956	972
956	972
956	972
956	972
956	972
956	972
954	969
946	960
928	938
898	901
853	853
803	803
756	760
728	738
727	747
760	789
818	855
889	931
955	1002
1008	1059
1046	1098
1066	1118
1072	1122
1068	1118
1062	1111
1265	1347
1224	1307
1206	1288
1206	1282
1213	1284
1223	1289
1234	1296
1246	1302
1260	1313
1277	1326
1294	1339
1307	1347
1311	1350
1309	1347
1303	1334
1291	1311
1277	1283
1270	1263
1276	1260
1293	1269
1317	1287
1345	1312
1374	1339
1403	1364
1428	1388
1453	1411
1475	1435
1495	1457
1515	1476
1532	1490
1549	1492
1569	1481
1587	1456
1584	1418
1558	1370
1514	1320
1459	1274
1405	1243
1353	1231
1304	1232
1255	1236
1202	1231
1144	1213
1086	1181
1032	1138
990	1091
969	1053
980	1029
1014	1023
1048	1033
1071	1047
1081	1061
1086	1075
1091	1089
1100	1107
1108	1118
1112	1119
1109	1110
1099	1089
1085	1060
1072	1031
1060	1004
1048	981
1028	957
1005	936
993	925
996	925
1003	928
1012	927
1025	927
1044	931
1067	938
1089	947
1110	956
1128	961
1142	963
1151	962
1155	960
1140	946
1099	915
1038	872
992	840
974	836
980	853
994	880
1007	907
1012	927
1006	939
990	939
964	926
929	900
888	868
845	833
814	810
810	813
847	857
908	924
961	982
988	1010
995	1018
996	1019
996	1018
996	1018
996	1018
996	1018
996	1017
996	1016
996	1016
996	1015
994	1014
985	1008
965	994
931	967
888	932
839	890
801	854
782	837
794	848
838	888
904	949
981	1020
1050	1083
1104	1130
1137	1155
1150	1159
1147	1150
1138	1134
1129	1122
1450	1525
1410	1479
1387	1446
1376	1425
1370	1413
1369	1406
1369	1409
1374	1419
1384	1438
1396	1458
1408	1472
1413	1473
1410	1461
1400	1439
1382	1412
1354	1379
1323	1346
1300	1323
1293	1315
1296	1314
1308	1321
1325	1332
1346	1346
1365	1357
1385	1369
1404	1383
1425	1398
1445	1415
1462	1430
1471	1437
1460	1422
1420	1374
1356	1301
1286	1226
1223	1164
1172	1117
1133	1086
1121	1080
1137	1103
1171	1142
1209	1183
1239	1217
1250	1236
1239	1237
1208	1218
1167	1186
1120	1146
1076	1102
1044	1062
1030	1035
1031	1023
1042	1021
1059	1032
1078	1052
1101	1079
1117	1101
1121	1110
1108	1100
1080	1069
1039	1017
993	953
949	890
913	837
885	802
867	783
859	776
855	772
851	765
842	754
830	742
819	732
814	729
811	726
807	718
798	701
784	674
770	645
760	623
756	621
758	647
762	691
772	735
792	772
822	806
857	843
892	880
922	913
945	940
955	959
951	965
937	959
916	953
897	949
884	947
886	950
915	962
962	981
1002	997
1022	1003
1025	1001
1023	996
1022	991
1020	989
1020	988
1019	985
1017	981
1015	975
1013	971
1012	968
1012	968
1008	967
999	962
981	949
952	925
916	890
884	857
866	838
873	843
908	872
962	925
1026	986
1085	1045
1126	1087
1146	1111
1146	1116
1134	1109
1117	1097
1106	1088
1533	1474
1484	1430
1440	1383
1407	1340
1386	1312
1379	1303
1389	1318
1411	1351
1442	1390
1473	1427
1491	1446
1491	1440
1469	1412
1433	1368
1394	1321
1355	1280
1320	1249
1298	1229
1289	1222
1287	1219
1290	1221
1295	1222
1303	1225
1308	1227
1315	1229
1323	1233
1333	1239
1346	1249
1358	1257
1366	1265
1357	1267
1326	1262
1276	1248
1223	1227
1178	1201
1141	1173
1114	1147
1106	1131
1116	1123
1133	1118
1153	1113
1170	1107
1179	1099
1178	1091
1165	1077
1144	1061
1118	1047
1090	1037
1061	1026
1032	1003
1007	972
991	943
989	928
1005	937
1034	964
1063	998
1081	1024
1075	1027
1044	1002
988	949
911	872
831	787
763	714
719	668
701	651
693	643
689	639
683	633
677	633
674	641
679	661
691	690
703	717
702	728
684	713
650	676
609	628
572	578
560	550
586	558
638	597
690	637
727	665
757	687
790	710
822	737
854	766
883	795
907	823
921	844
927	859
934	876
943	895
952	909
957	912
955	901
952	883
949	867
947	862
940	858
933	851
927	845
924	844
921	842
917	839
911	833
902	824
896	819
893	817
893	817
892	818
889	818
880	810
855	786
819	747
784	709
763	687
766	688
796	718
848	773
914	843
978	911
1029	970
1061	1010
1077	1035
1079	1047
1075	1050
1071	1049
1371	1271
1345	1264
1304	1234
1258	1190
1223	1153
1211	1135
1225	1140
1257	1163
1296	1194
1329	1217
1343	1225
1334	1211
1302	1180
1257	1137
1211	1095
1175	1065
1150	1050
1138	1046
1133	1045
1134	1044
1134	1044
1134	1044
1135	1044
1136	1043
1136	1043
1136	1042
1139	1041
1142	1038
1147	1036
1150	1037
1160	1046
1176	1070
1190	1095
1192	1107
1179	1099
1155	1081
1131	1062
1110	1044
1093	1029
1075	1013
1057	994
1039	975
1020	954
1002	934
985	918
971	906
964	905
968	917
970	929
956	923
923	889
886	846
862	811
861	797
882	802
912	824
942	851
954	865
938	858
896	828
830	779
754	721
690	675
653	652
640	646
635	644
627	636
621	627
624	630
638	646
666	677
704	718
741	759
760	782
750	776
714	741
661	681
601	616
558	564
547	541
566	544
590	557
608	568
621	580
638	593
660	611
685	633
713	660
741	687
767	716
791	741
815	766
835	785
849	797
849	795
829	773
800	744
781	724
776	724
777	731
776	737
775	744
777	752
780	762
781	770
779	774
776	778
774	783
774	788
777	794
778	795
780	793
772	780
747	750
706	704
665	658
639	627
639	621
668	646
723	696
792	762
863	828
922	886
967	926
994	951
1009	962
1015	967
1015	967
1218	1244
1225	1253
1203	1236
1164	1201
1128	1168
1104	1139
1098	1123
1107	1121
1126	1125
1138	1126
1138	1118
1122	1097
1090	1066
1049	1028
1011	991
985	961
973	942
970	933
970	930
970	928
969	926
967	921
965	915
963	909
962	907
961	904
957	899
950	892
943	880
937	870
940	860
955	856
973	854
982	851
979	845
968	845
959	847
951	852
946	861
940	871
933	880
921	884
907	885
894	884
886	888
884	897
892	914
911	940
929	961
924	959
890	923
840	867
794	810
762	763
750	733
756	721
771	721
781	725
777	723
759	714
727	699
690	682
663	673
653	673
655	675
656	672
645	659
636	649
638	650
654	665
685	697
727	739
769	782
794	806
787	801
751	764
692	704
623	637
570	585
542	564
542	571
553	589
565	608
576	622
590	637
607	652
626	669
648	688
674	709
701	734
727	758
747	774
764	788
774	796
775	799
758	793
736	784
725	784
730	796
743	815
755	833
770	854
786	878
804	903
820	927
833	948
844	966
856	984
868	1002
877	1012
876	1009
864	987
839	947
797	890
743	824
688	756
648	702
633	673
648	673
690	699
745	741
802	787
853	825
885	847
902	851
905	846
906	838
904	833
1349	1502
1350	1497
1335	1483
1307	1463
1277	1439
1248	1410
1224	1380
1208	1355
1199	1331
1189	1308
1170	1280
1146	1252
1116	1227
1082	1200
1045	1161
1005	1107
969	1047
944	1001
933	979
929	971
924	964
915	951
904	937
895	924
890	916
885	909
879	900
872	891
860	880
844	861
822	831
795	792
771	754
753	729
746	721
751	727
763	742
779	760
799	783
821	809
844	835
864	859
878	881
891	898
905	914
922	932
946	954
975	982
999	1004
996	1005
963	981
908	936
846	883
792	833
750	794
727	771
719	765
718	768
719	779
722	796
724	817
727	839
732	854
734	852
728	832
715	804
697	780
686	766
687	766
702	782
733	814
776	855
817	896
842	922
838	917
802	880
743	821
677	758
631	718
620	716
642	752
673	793
698	822
714	837
728	848
742	860
757	873
774	889
792	905
812	922
832	936
846	947
855	953
862	955
867	960
868	963
871	969
881	981
900	1000
921	1023
945	1048
973	1078
1001	1107
1030	1138
1059	1169
1084	1199
1109	1228
1134	1256
1156	1282
1169	1297
1163	1295
1136	1271
1084	1220
1015	1150
938	1064
858	973
788	890
741	826
722	788
729	775
752	779
782	792
806	798
813	792
805	771
789	743
773	721
762	706
1655	1759
1648	1757
1640	1760
1630	1763
1615	1758
1588	1739
1555	1706
1520	1664
1486	1620
1450	1575
1414	1536
1386	1511
1367	1502
1349	1493
1312	1460
1243	1385
1160	1287
1095	1207
1063	1166
1050	1148
1040	1135
1026	1121
1010	1105
995	1088
983	1071
970	1053
957	1035
944	1019
933	1005
913	988
885	967
849	948
815	934
793	927
787	925
790	923
798	916
809	912
824	911
839	909
856	906
872	904
887	906
900	906
910	902
918	899
931	900
950	908
969	923
978	939
970	951
946	955
915	951
881	943
857	938
846	941
851	958
866	984
891	1019
925	1068
966	1124
1005	1175
1026	1201
1016	1182
977	1127
934	1069
903	1034
887	1020
888	1021
905	1038
935	1068
977	1110
1017	1149
1039	1168
1033	1158
995	1118
936	1059
874	999
837	963
842	966
882	1001
926	1039
953	1060
964	1068
973	1074
982	1081
993	1093
1008	1107
1023	1119
1036	1130
1047	1135
1053	1139
1056	1139
1057	1137
1056	1129
1051	1112
1049	1091
1052	1078
1064	1079
1083	1093
1109	1114
1137	1139
1165	1165
1195	1191
1226	1219
1257	1248
1287	1277
1315	1302
1340	1325
1359	1343
1365	1355
1353	1359
1315	1342
1253	1297
1170	1220
1075	1126
983	1033
906	953
854	894
823	857
812	838
808	826
802	812
784	787
753	754
720	720
693	692
676	675
1785	1726
1793	1752
1809	1782
1826	1810
1834	1831
1824	1830
1795	1806
1752	1762
1702	1712
1654	1664
1614	1628
1596	1618
1596	1628
1598	1642
1574	1631
1501	1571
1400	1480
1315	1402
1269	1358
1248	1335
1232	1317
1216	1301
1203	1285
1184	1266
1163	1243
1140	1216
1117	1190
1097	1169
1084	1152
1069	1140
1059	1137
1060	1156
1073	1187
1086	1213
1089	1220
1080	1209
1060	1184
1040	1157
1022	1132
1003	1107
983	1083
966	1060
952	1041
938	1023
925	1005
911	988
900	973
899	967
911	976
933	1003
963	1044
992	1086
1014	1124
1028	1145
1036	1150
1046	1147
1061	1142
1085	1145
1121	1157
1170	1186
1230	1230
1284	1275
1311	1297
1287	1278
1224	1224
1164	1174
1129	1147
1117	1138
1120	1143
1138	1162
1168	1193
1209	1232
1247	1269
1262	1282
1248	1265
1207	1224
1149	1167
1091	1112
1055	1075
1052	1069
1077	1089
1104	1112
1120	1125
1125	1131
1131	1135
1138	1142
1150	1151
1162	1161
1172	1167
1178	1170
1181	1171
1182	1172
1182	1171
1177	1165
1163	1147
1132	1112
1094	1067
1065	1033
1056	1020
1065	1024
1082	1036
1101	1048
1120	1059
1140	1072
1164	1088
1189	1106
1213	1122
1232	1135
1247	1144
1262	1152
1277	1164
1293	1181
1294	1188
1264	1166
1199	1109
1111	1030
1021	951
946	886
893	846
863	832
848	833
837	837
824	834
801	822
772	802
741	779
716	757
698	742
1599	1429
1644	1488
1687	1544
1727	1596
1756	1638
1764	1655
1744	1644
1704	1611
1656	1568
1612	1533
1585	1516
1583	1522
1602	1549
1627	1583
1632	1601
1592	1582
1523	1537
1461	1493
1424	1465
1401	1445
1382	1424
1363	1405
1347	1385
1327	1362
1302	1335
1274	1307
1246	1280
1221	1255
1203	1235
1190	1220
1192	1218
1212	1229
1247	1252
1276	1276
1285	1289
1278	1291
1259	1287
1240	1287
1223	1293
1210	1304
1198	1313
1185	1324
1173	1333
1164	1344
1155	1354
1145	1361
1135	1363
1128	1365
1137	1377
1165	1402
1207	1436
1251	1470
1286	1486
1295	1467
1279	1413
1240	1329
1196	1229
1152	1129
1120	1041
1108	979
1117	942
1138	932
1154	936
1146	943
1118	948
1091	949
1076	948
1073	950
1079	955
1098	973
1128	1003
1167	1041
1202	1076
1215	1086
1197	1069
1155	1028
1101	975
1048	925
1015	901
1014	914
1042	957
1070	999
1085	1021
1090	1028
1092	1030
1097	1032
1103	1034
1108	1036
1111	1037
1112	1038
1113	1038
1113	1038
1112	1038
1108	1036
1095	1030
1067	1019
1031	1005
1005	993
994	989
995	989
1000	991
1007	994
1012	993
1016	991
1023	989
1032	988
1040	989
1046	991
1049	992
1052	990
1056	981
1061	962
1055	926
1027	882
973	829
903	771
836	722
788	693
769	693
776	720
799	766
824	813
841	852
847	878
842	888
828	885
811	877
798	869
1232	1028
1298	1088
1368	1172
1440	1272
1503	1369
1540	1444
1549	1489
1535	1508
1509	1511
1486	1508
1478	1508
1490	1521
1520	1545
1555	1572
1575	1581
1565	1559
1531	1516
1497	1478
1474	1459
1458	1443
1439	1428
1418	1410
1397	1390
1375	1370
1349	1347
1322	1323
1295	1300
1273	1282
1255	1266
1239	1252
1229	1243
1231	1249
1246	1267
1264	1290
1278	1308
1290	1320
1303	1335
1320	1359
1347	1394
1380	1437
1414	1483
1449	1535
1485	1592
1522	1650
1556	1704
1584	1752
1605	1792
1621	1823
1639	1849
1661	1870
1683	1877
1697	1868
1686	1832
1634	1756
1542	1642
1415	1497
1270	1336
1122	1174
990	1025
882	901
807	806
766	746
756	722
773	733
800	765
822	791
832	804
836	804
840	801
853	808
879	821
913	844
941	862
950	867
934	851
896	818
848	778
805	745
790	743
821	786
884	861
940	925
969	957
977	967
979	968
979	968
980	968
981	969
981	969
981	969
981	969
981	969
981	970
982	972
986	980
991	998
999	1021
1005	1039
1010	1048
1010	1051
1010	1051
1011	1051
1008	1047
1001	1040
993	1032
988	1025
985	1022
985	1022
983	1020
977	1011
956	983
910	926
847	851
787	786
736	749
695	727
665	720
657	727
673	756
717	805
776	868
838	934
893	993
933	1038
956	1069
965	1088
967	1097
965	1102
875	867
909	848
995	904
1115	1005
1240	1124
1350	1236
1434	1333
1492	1410
1528	1472
1549	1514
1559	1544
1572	1565
1588	1583
1603	1594
1599	1591
1560	1560
1504	1514
1460	1479
1440	1462
1429	1449
1417	1434
1399	1415
1384	1396
1365	1379
1347	1361
1328	1345
1310	1332
1294	1323
1284	1318
1273	1313
1271	1313
1287	1325
1317	1349
1345	1372
1364	1388
1372	1396
1382	1407
1401	1426
1433	1455
1472	1490
1519	1531
1576	1582
1639	1636
1705	1693
1769	1745
1825	1793
1873	1836
1914	1870
1943	1891
1960	1898
1956	1888
1929	1858
1877	1810
1794	1741
1684	1654
1552	1557
1412	1456
1270	1357
1140	1267
1029	1188
939	1122
876	1073
844	1044
844	1044
868	1064
888	1079
893	1079
887	1064
875	1039
866	1014
863	988
866	965
867	945
861	923
843	896
815	865
781	835
759	816
766	828
817	879
893	956
958	1018
990	1049
1000	1058
1001	1060
1001	1060
1001	1060
1001	1060
1001	1060
1001	1060
1001	1060
1001	1060
1001	1060
1004	1063
1016	1073
1036	1091
1064	1115
1086	1134
1097	1143
1100	1145
1100	1147
1100	1147
1098	1146
1093	1143
1088	1141
1083	1139
1080	1138
1080	1138
1078	1136
1070	1133
1046	1119
997	1092
934	1060
885	1038
864	1036
863	1049
873	1070
895	1098
929	1136
979	1183
1039	1236
1098	1287
1150	1332
1193	1370
1226	1403
1252	1431
1268	1453
1279	1467
1099	1591
985	1336
964	1202
1002	1144
1065	1124
1136	1129
1211	1158
1284	1211
1355	1283
1417	1363
1470	1439
1511	1504
1542	1554
1564	1591
1575	1618
1573	1639
1561	1651
1547	1647
1533	1630
1514	1598
1489	1556
1459	1511
1432	1466
1404	1428
1384	1402
1370	1391
1365	1393
1364	1404
1368	1419
1369	1427
1364	1418
1356	1388
1351	1351
1354	1332
1365	1341
1381	1369
1404	1405
1432	1445
1466	1486
1502	1520
1536	1542
1571	1556
1603	1559
1634	1554
1660	1547
1686	1543
1709	1541
1723	1536
1725	1526
1722	1520
1712	1518
1694	1517
1666	1511
1625	1497
1572	1478
1514	1456
1457	1435
1403	1418
1357	1406
1317	1396
1282	1388
1254	1383
1242	1390
1255	1425
1285	1474
1306	1508
1305	1512
1285	1489
1249	1448
1207	1397
1160	1338
1115	1279
1072	1224
1031	1171
991	1119
954	1074
919	1034
900	1008
908	1012
958	1051
1030	1114
1090	1166
1120	1194
1129	1201
1130	1202
1130	1203
1130	1203
1130	1203
1130	1203
1130	1203
1130	1203
1130	1203
1131	1203
1132	1203
1139	1205
1150	1208
1165	1213
1177	1216
1184	1219
1185	1220
1185	1220
1185	1220
1185	1220
1184	1220
1184	1220
1183	1220
1183	1220
1183	1219
1182	1220
1183	1223
1183	1235
1185	1261
1188	1294
1196	1326
1210	1352
1229	1373
1253	1394
1282	1422
1320	1456
1363	1495
1411	1539
1457	1580
1497	1616
1531	1649
1564	1680
1594	1709
1617	1734
1633	1749
2211	2710
1807	2221
1556	1890
1401	1665
1295	1497
1232	1382
1217	1336
1249	1358
1323	1436
1417	1546
1514	1656
1598	1751
1662	1818
1705	1857
1735	1874
1755	1869
1761	1851
1747	1811
1713	1755
1663	1685
1604	1609
1539	1530
1478	1456
1428	1396
1398	1360
1388	1351
1399	1367
1422	1400
1449	1438
1466	1468
1461	1474
1424	1450
1374	1413
1347	1394
1357	1407
1390	1439
1433	1475
1476	1509
1514	1534
1538	1543
1546	1532
1535	1504
1512	1461
1475	1408
1438	1355
1408	1312
1389	1288
1377	1284
1370	1296
1372	1316
1380	1334
1392	1350
1402	1365
1408	1377
1412	1388
1414	1399
1416	1407
1419	1415
1426	1423
1433	1431
1440	1441
1449	1454
1471	1486
1524	1547
1591	1623
1639	1676
1649	1690
1627	1675
1587	1643
1537	1604
1482	1562
1425	1519
1369	1474
1314	1429
1262	1382
1213	1341
1172	1305
1143	1278
1137	1264
1160	1265
1202	1274
1238	1284
1256	1288
1261	1290
1262	1291
1262	1291
1262	1291
1262	1291
1262	1291
1262	1291
1262	1291
1262	1291
1262	1291
1261	1290
1261	1289
1259	1286
1255	1283
1253	1281
1252	1280
1251	1279
1252	1279
1252	1279
1252	1279
1252	1279
1252	1279
1252	1279
1252	1279
1252	1279
1253	1280
1257	1285
1275	1303
1313	1340
1363	1387
1409	1430
1438	1459
1458	1476
1476	1489
1500	1509
1529	1535
1564	1565
1602	1595
1637	1624
1669	1650
1699	1677
1729	1702
1756	1727
1779	1745
1793	1755
2897	2737
2424	2370
2081	2074
1827	1832
1627	1635
1489	1502
1432	1451
1456	1486
1544	1581
1662	1702
1780	1811
1872	1892
1931	1933
1955	1938
1950	1915
1921	1872
1874	1816
1812	1747
1739	1669
1656	1582
1568	1490
1480	1399
1399	1316
1332	1250
1292	1211
1283	1203
1303	1224
1343	1268
1390	1318
1430	1365
1451	1399
1452	1421
1443	1432
1440	1441
1453	1448
1473	1453
1494	1455
1510	1452
1517	1444
1509	1427
1487	1405
1451	1379
1407	1353
1357	1324
1308	1298
1270	1278
1253	1278
1267	1306
1302	1352
1338	1391
1361	1413
1375	1423
1385	1428
1393	1429
1400	1429
1408	1430
1411	1428
1412	1420
1411	1412
1412	1405
1417	1406
1429	1413
1458	1435
1516	1477
1586	1529
1635	1564
1650	1574
1641	1568
1620	1556
1598	1545
1573	1532
1548	1519
1519	1502
1487	1479
1453	1452
1422	1429
1396	1414
1376	1399
1357	1376
1332	1339
1308	1296
1291	1262
1283	1246
1280	1240
1279	1239
1279	1239
1279	1239
1279	1239
1279	1239
1279	1239
1279	1239
1279	1239
1279	1239
1280	1242
1282	1248
1286	1260
1292	1277
1295	1289
1296	1295
1297	1297
1298	1298
1298	1298
1298	1298
1298	1298
1298	1298
1298	1298
1298	1298
1298	1298
1299	1298
1301	1299
1313	1304
1339	1317
1373	1333
1403	1350
1423	1363
1436	1372
1447	1381
1462	1391
1483	1406
1509	1425
1533	1441
1555	1455
1573	1467
1592	1480
1613	1493
1630	1504
1644	1510
1650	1513
2367	2000
2134	1877
1918	1735
1719	1588
1550	1463
1441	1390
1411	1380
1457	1433
1553	1520
1663	1612
1757	1678
1814	1710
1832	1704
1818	1674
1785	1637
1744	1603
1697	1570
1640	1530
1570	1474
1488	1401
1397	1317
1308	1238
1231	1171
1172	1125
1138	1101
1133	1100
1155	1121
1198	1163
1252	1215
1301	1260
1338	1291
1362	1305
1377	1303
1381	1290
1376	1269
1365	1246
1351	1222
1336	1202
1320	1187
1307	1181
1297	1188
1293	1211
1296	1246
1303	1285
1309	1324
1320	1361
1336	1390
1366	1409
1401	1418
1429	1422
1444	1425
1451	1431
1454	1439
1454	1449
1454	1457
1454	1467
1451	1475
1445	1478
1437	1479
1431	1481
1430	1487
1435	1493
1446	1496
1467	1496
1491	1495
1507	1490
1510	1483
1502	1470
1491	1450
1480	1428
1468	1403
1455	1379
1438	1351
1414	1319
1387	1285
1365	1252
1349	1227
1334	1207
1313	1189
1278	1168
1238	1149
1205	1135
1190	1129
1185	1127
1184	1127
1184	1127
1184	1127
1184	1127
1184	1127
1184	1127
1184	1127
1185	1127
1185	1127
1188	1131
1198	1144
1219	1170
1244	1204
1266	1231
1275	1245
1278	1249
1279	1249
1279	1249
1279	1249
1279	1249
1279	1249
1279	1249
1279	1249
1279	1249
1279	1249
1279	1248
1280	1248
1283	1251
1289	1254
1297	1261
1307	1267
1313	1270
1318	1268
1322	1266
1330	1267
1340	1270
1348	1273
1356	1276
1361	1277
1367	1278
1373	1277
1377	1274
1378	1270
1378	1265
1776	1706
1712	1668
1625	1617
1528	1563
1449	1521
1407	1502
1413	1512
1462	1544
1530	1587
1595	1622
1635	1636
1642	1624
1619	1591
1579	1547
1537	1504
1505	1471
1482	1444
1452	1414
1405	1376
1344	1329
1273	1278
1210	1234
1161	1204
1130	1191
1117	1190
1120	1198
1139	1214
1176	1245
1224	1285
1264	1319
1285	1334
1282	1326
1259	1300
1228	1267
1197	1233
1166	1201
1139	1172
1119	1148
1104	1130
1104	1122
1119	1130
1156	1158
1209	1200
1267	1248
1323	1295
1372	1333
1402	1352
1404	1341
1384	1310
1366	1285
1360	1279
1369	1294
1388	1321
1411	1357
1438	1398
1464	1439
1486	1475
1504	1507
1520	1536
1537	1566
1553	1594
1565	1612
1564	1614
1549	1592
1529	1560
1509	1529
1491	1504
1467	1473
1436	1432
1396	1383
1357	1331
1315	1277
1272	1223
1226	1169
1180	1113
1136	1060
1098	1013
1069	979
1054	965
1053	977
1061	1003
1070	1028
1075	1040
1077	1044
1077	1044
1077	1044
1077	1044
1077	1044
1077	1044
1077	1044
1077	1045
1077	1045
1078	1047
1082	1050
1096	1062
1125	1088
1162	1121
1191	1148
1205	1160
1210	1165
1210	1165
1210	1165
1210	1165
1210	1165
1210	1165
1210	1165
1210	1165
1210	1165
1211	1165
1211	1166
1214	1170
1219	1179
1228	1190
1236	1199
1239	1199
1235	1192
1226	1178
1219	1165
1215	1157
1212	1150
1210	1144
1207	1137
1206	1132
1203	1125
1198	1115
1190	1103
1181	1092
1174	1084
1722	1738
1697	1725
1672	1716
1649	1712
1632	1710
1624	1701
1625	1689
1636	1674
1647	1655
1652	1637
1645	1615
1622	1590
1588	1562
1548	1533
1510	1505
1475	1477
1443	1450
1412	1427
1382	1409
1353	1397
1324	1387
1303	1386
1293	1393
1295	1407
1304	1424
1317	1439
1331	1452
1355	1469
1386	1490
1414	1511
1432	1540
1441	1584
1442	1634
1431	1664
1407	1660
1376	1635
1343	1598
1311	1556
1279	1506
1251	1446
1228	1384
1219	1323
1222	1267
1230	1215
1238	1168
1245	1131
1245	1111
1233	1114
1217	1136
1207	1161
1214	1184
1234	1208
1265	1235
1305	1267
1349	1303
1396	1343
1438	1381
1478	1420
1516	1457
1553	1493
1587	1529
1612	1554
1615	1560
1594	1542
1557	1510
1523	1480
1496	1457
1465	1433
1425	1403
1375	1364
1322	1323
1267	1279
1213	1232
1158	1188
1103	1145
1052	1104
1006	1068
971	1040
957	1023
967	1018
992	1024
1016	1030
1028	1033
1031	1033
1031	1032
1031	1031
1031	1031
1031	1032
1031	1033
1031	1034
1032	1037
1032	1039
1034	1042
1037	1046
1046	1051
1064	1059
1087	1071
1106	1080
1114	1084
1117	1086
1117	1086
1117	1086
1117	1086
1117	1084
1117	1084
1117	1083
1116	1083
1116	1083
1117	1083
1118	1082
1121	1081
1128	1080
1137	1078
1143	1075
1141	1068
1129	1055
1111	1038
1098	1022
1086	1010
1075	997
1062	979
1049	961
1040	946
1029	933
1016	919
1002	904
991	894
983	886
1708	1631
1695	1608
1695	1606
1701	1615
1703	1623
1694	1617
1670	1595
1639	1562
1602	1526
1572	1501
1546	1482
1525	1471
1506	1460
1489	1452
1475	1446
1459	1438
1445	1429
1433	1419
1424	1406
1421	1395
1421	1387
1430	1393
1447	1413
1469	1440
1493	1468
1510	1487
1520	1494
1528	1491
1537	1484
1550	1480
1585	1504
1660	1580
1756	1691
1826	1780
1848	1824
1834	1832
1803	1823
1759	1797
1699	1748
1620	1673
1523	1574
1420	1457
1311	1328
1205	1196
1107	1074
1031	982
999	955
1030	1018
1102	1137
1169	1237
1207	1281
1226	1288
1240	1281
1255	1272
1271	1261
1291	1255
1315	1257
1343	1270
1373	1289
1404	1312
1433	1334
1454	1348
1459	1355
1449	1352
1427	1345
1410	1339
1397	1335
1384	1334
1369	1335
1350	1333
1327	1328
1298	1317
1268	1302
1238	1287
1212	1274
1188	1263
1166	1252
1146	1239
1126	1217
1104	1187
1084	1155
1067	1126
1058	1107
1053	1094
1048	1085
1046	1080
1046	1079
1048	1085
1052	1096
1059	1112
1068	1132
1076	1152
1084	1171
1090	1186
1095	1192
1097	1188
1096	1176
1096	1166
1095	1161
1095	1160
1094	1158
1094	1157
1093	1155
1091	1149
1088	1143
1086	1138
1085	1135
1084	1134
1084	1131
1080	1124
1072	1110
1059	1090
1045	1068
1032	1051
1022	1038
1009	1027
992	1016
979	1005
967	997
953	985
935	971
916	954
899	940
885	929
871	919
859	910
847	899
839	892
1544	1487
1510	1459
1502	1454
1513	1467
1528	1487
1530	1499
1519	1500
1499	1494
1479	1491
1468	1494
1464	1501
1463	1507
1459	1507
1455	1504
1450	1499
1442	1490
1429	1467
1406	1430
1374	1379
1341	1321
1314	1272
1307	1243
1318	1239
1344	1255
1371	1277
1390	1290
1392	1289
1380	1270
1356	1234
1329	1193
1327	1165
1376	1173
1461	1215
1539	1265
1593	1308
1624	1345
1642	1377
1645	1399
1624	1403
1578	1388
1506	1354
1409	1299
1296	1227
1178	1149
1066	1075
987	1030
979	1045
1068	1144
1213	1286
1327	1391
1369	1424
1361	1410
1338	1380
1307	1346
1274	1311
1249	1285
1236	1274
1237	1279
1249	1296
1268	1321
1285	1344
1300	1362
1306	1367
1306	1358
1303	1338
1300	1316
1299	1305
1303	1304
1313	1311
1321	1320
1328	1326
1327	1326
1321	1323
1315	1321
1312	1325
1310	1327
1305	1327
1294	1320
1276	1309
1251	1294
1223	1276
1195	1256
1172	1235
1153	1214
1139	1196
1130	1183
1128	1178
1136	1186
1154	1207
1181	1239
1213	1277
1247	1318
1279	1356
1303	1383
1312	1395
1303	1383
1282	1355
1264	1331
1254	1319
1250	1314
1249	1310
1246	1304
1239	1294
1230	1281
1221	1270
1213	1262
1209	1256
1204	1249
1197	1239
1188	1227
1172	1217
1154	1210
1136	1208
1122	1207
1115	1206
1109	1205
1102	1203
1097	1200
1091	1198
1084	1195
1075	1192
1065	1188
1057	1185
1051	1182
1045	1180
1039	1178
1033	1175
1028	1173
1475	1487
1471	1511
1479	1533
1496	1553
1517	1574
1533	1589
1541	1598
1544	1606
1549	1616
1561	1630
1573	1642
1581	1648
1582	1649
1579	1646
1576	1641
1563	1626
1537	1597
1490	1545
1423	1470
1348	1387
1281	1311
1234	1252
1214	1221
1215	1210
1224	1211
1234	1218
1231	1219
1213	1211
1178	1187
1134	1153
1094	1120
1075	1098
1082	1094
1099	1094
1121	1095
1146	1097
1171	1101
1191	1108
1203	1118
1210	1137
1209	1164
1198	1193
1177	1225
1154	1259
1134	1293
1131	1332
1166	1377
1250	1426
1355	1470
1428	1493
1449	1495
1437	1489
1417	1486
1397	1485
1380	1489
1372	1502
1379	1528
1399	1567
1433	1613
1471	1663
1506	1710
1532	1740
1532	1734
1499	1672
1440	1571
1386	1476
1350	1411
1333	1372
1327	1347
1324	1325
1321	1304
1313	1282
1305	1268
1304	1266
1312	1279
1322	1294
1328	1309
1328	1321
1327	1331
1323	1340
1316	1344
1303	1339
1285	1326
1265	1309
1247	1289
1231	1270
1221	1252
1224	1246
1241	1252
1269	1272
1305	1298
1342	1325
1375	1349
1401	1367
1410	1372
1396	1357
1367	1330
1340	1307
1328	1293
1322	1287
1317	1281
1307	1269
1293	1253
1279	1239
1269	1230
1261	1224
1255	1217
1244	1205
1232	1190
1220	1181
1220	1191
1232	1225
1253	1272
1270	1308
1279	1327
1281	1332
1281	1333
1281	1333
1280	1333
1280	1333
1279	1333
1277	1333
1276	1333
1276	1333
1275	1332
1275	1332
1274	1332
1273	1332
1506	1527
1541	1551
1569	1574
1591	1594
1609	1610
1621	1620
1632	1630
1643	1643
1657	1659
1670	1673
1679	1679
1683	1680
1681	1678
1677	1673
1670	1663
1652	1642
1618	1604
1563	1551
1488	1482
1405	1407
1327	1334
1266	1276
1230	1241
1215	1226
1215	1230
1227	1248
1238	1272
1245	1295
1239	1308
1225	1315
1210	1322
1206	1343
1212	1368
1214	1380
1205	1370
1188	1342
1171	1312
1162	1297
1169	1301
1197	1335
1244	1395
1307	1480
1380	1578
1463	1686
1544	1791
1615	1879
1660	1922
1669	1906
1647	1844
1620	1781
1602	1747
1597	1737
1602	1742
1612	1750
1628	1763
1653	1783
1689	1811
1733	1847
1781	1884
1832	1921
1878	1957
1908	1977
1892	1952
1809	1863
1678	1726
1553	1592
1464	1492
1405	1418
1358	1352
1313	1286
1271	1226
1236	1177
1212	1146
1210	1139
1224	1156
1247	1186
1273	1222
1299	1260
1322	1299
1344	1335
1361	1363
1364	1374
1356	1368
1339	1350
1318	1326
1293	1298
1270	1269
1253	1244
1247	1228
1254	1225
1269	1228
1285	1232
1297	1233
1306	1231
1305	1228
1292	1220
1271	1208
1251	1195
1240	1185
1234	1178
1227	1170
1214	1159
1198	1145
1185	1131
1176	1119
1170	1112
1163	1105
1150	1095
1136	1083
1130	1079
1149	1102
1200	1163
1268	1246
1323	1312
1351	1346
1358	1356
1358	1357
1359	1357
1359	1357
1359	1357
1359	1357
1358	1357
1358	1357
1358	1357
1358	1357
1358	1357
1358	1357
1358	1357
1555	1587
1553	1561
1561	1556
1576	1567
1591	1582
1601	1594
1610	1603
1624	1616
1639	1630
1653	1642
1660	1651
1661	1654
1659	1654
1653	1651
1642	1642
1620	1625
1584	1597
1536	1562
1480	1520
1418	1468
1354	1413
1300	1363
1264	1321
1250	1294
1252	1285
1273	1293
1303	1315
1335	1346
1362	1376
1384	1407
1411	1439
1448	1477
1486	1513
1506	1532
1497	1528
1471	1511
1441	1493
1423	1484
1430	1492
1466	1524
1530	1578
1615	1647
1715	1726
1823	1808
1928	1891
2014	1961
2057	2002
2038	2001
1974	1965
1907	1923
1867	1890
1851	1870
1846	1857
1844	1843
1844	1830
1849	1818
1859	1811
1875	1804
1889	1796
1906	1790
1922	1785
1925	1774
1898	1751
1820	1700
1702	1627
1587	1543
1489	1461
1407	1376
1328	1290
1248	1203
1176	1123
1116	1060
1078	1021
1067	1011
1085	1028
1120	1064
1164	1109
1212	1162
1263	1220
1312	1278
1350	1327
1368	1354
1366	1355
1345	1337
1320	1311
1288	1280
1258	1248
1228	1219
1207	1191
1192	1170
1185	1150
1176	1128
1164	1106
1155	1089
1150	1086
1151	1094
1151	1103
1145	1107
1136	1102
1127	1090
1119	1079
1109	1070
1097	1059
1083	1044
1069	1028
1058	1017
1052	1009
1044	1004
1036	999
1034	999
1057	1022
1122	1080
1208	1159
1278	1223
1312	1256
1323	1266
1325	1267
1325	1267
1325	1267
1325	1267
1325	1267
1325	1267
1325	1267
1325	1267
1325	1267
1325	1267
1325	1267
1325	1267
1625	1663
1591	1641
1580	1635
1589	1643
1605	1659
1620	1676
1630	1688
1641	1698
1651	1707
1663	1717
1674	1728
1681	1737
1682	1745
1683	1750
1681	1759
1678	1776
1668	1792
1650	1797
1622	1783
1580	1751
1530	1703
1475	1643
1423	1574
1374	1501
1339	1429
1320	1372
1318	1333
1330	1316
1351	1316
1377	1328
1406	1349
1435	1373
1461	1401
1479	1421
1482	1436
1480	1448
1479	1458
1479	1467
1489	1474
1510	1480
1543	1489
1582	1495
1624	1496
1666	1497
1713	1500
1756	1509
1790	1525
1808	1545
1810	1562
1797	1573
1784	1574
1768	1569
1750	1562
1734	1552
1715	1537
1697	1521
1677	1501
1655	1478
1632	1451
1609	1423
1589	1398
1571	1378
1557	1375
1543	1394
1521	1418
1479	1412
1415	1370
1335	1299
1249	1220
1162	1140
1084	1070
1022	1014
986	985
979	980
996	996
1029	1025
1072	1064
1123	1110
1183	1167
1246	1231
1305	1295
1341	1340
1350	1359
1338	1357
1315	1340
1286	1318
1257	1289
1225	1260
1196	1229
1169	1197
1140	1163
1106	1122
1073	1081
1050	1051
1044	1040
1055	1046
1072	1061
1082	1072
1080	1073
1069	1061
1054	1044
1043	1031
1031	1019
1019	1007
1002	992
988	979
981	969
975	962
973	959
975	962
994	978
1043	1014
1107	1059
1158	1097
1185	1116
1192	1121
1194	1122
1194	1122
1194	1122
1194	1122
1194	1122
1194	1122
1194	1122
1194	1122
1194	1122
1194	1122
1194	1122
1194	1122
1694	1706
1697	1730
1700	1744
1708	1751
1723	1764
1738	1778
1753	1793
1765	1806
1774	1817
1784	1826
1793	1836
1804	1847
1815	1861
1826	1877
1846	1907
1884	1962
1931	2033
1962	2092
1969	2124
1948	2124
1905	2097
1842	2043
1762	1963
1667	1859
1565	1737
1469	1617
1392	1511
1342	1435
1315	1388
1311	1370
1324	1380
1353	1413
1390	1461
1424	1502
1449	1530
1470	1548
1485	1559
1493	1560
1493	1548
1484	1525
1470	1492
1447	1450
1415	1399
1380	1344
1347	1288
1324	1241
1311	1203
1310	1172
1316	1153
1325	1150
1337	1162
1349	1186
1357	1213
1362	1237
1361	1252
1356	1259
1344	1257
1329	1251
1309	1240
1286	1224
1261	1204
1243	1189
1249	1197
1287	1239
1338	1299
1360	1333
1337	1325
1281	1287
1215	1239
1150	1191
1091	1149
1047	1118
1022	1103
1020	1101
1036	1112
1060	1131
1092	1154
1131	1185
1182	1230
1244	1290
1310	1354
1361	1407
1388	1438
1395	1453
1390	1457
1373	1452
1351	1438
1324	1418
1295	1392
1263	1360
1224	1320
1180	1276
1135	1231
1100	1192
1079	1161
1074	1136
1077	1117
1080	1104
1076	1092
1064	1076
1046	1060
1031	1045
1021	1035
1012	1025
997	1012
984	998
971	985
963	977
961	973
962	974
973	980
996	993
1025	1011
1049	1025
1061	1031
1064	1033
1065	1033
1065	1033
1065	1033
1065	1033
1065	1033
1065	1033
1065	1033
1065	1033
1065	1033
1065	1033
1065	1033
1065	1033
1691	1651
1725	1676
1742	1691
1750	1702
1762	1717
1775	1732
1788	1745
1802	1759
1814	1774
1825	1787
1838	1799
1848	1807
1861	1815
1878	1827
1913	1857
1977	1924
2064	2021
2149	2123
2210	2211
2239	2276
2242	2313
2212	2318
2148	2283
2051	2213
1931	2112
1804	1998
1688	1891
1600	1808
1545	1755
1522	1730
1525	1721
1552	1722
1589	1727
1621	1727
1638	1724
1645	1712
1642	1691
1629	1664
1604	1626
1569	1579
1522	1527
1470	1473
1413	1420
1354	1366
1294	1315
1241	1269
1191	1226
1143	1187
1107	1160
1093	1154
1106	1172
1140	1209
1178	1252
1216	1292
1243	1320
1259	1337
1263	1339
1261	1334
1252	1324
1241	1311
1225	1294
1210	1276
1213	1272
1247	1291
1297	1326
1332	1351
1334	1359
1312	1351
1284	1340
1256	1329
1233	1320
1218	1318
1210	1321
1212	1326
1219	1330
1227	1332
1242	1337
1264	1350
1302	1384
1359	1434
1421	1493
1473	1543
1505	1576
1525	1599
1538	1616
1543	1627
1539	1631
1527	1625
1506	1608
1475	1580
1435	1545
1393	1507
1352	1472
1313	1433
1269	1382
1222	1312
1174	1235
1137	1175
1115	1144
1099	1126
1082	1112
1069	1102
1058	1092
1047	1079
1032	1065
1019	1051
1008	1041
999	1032
994	1025
993	1021
996	1022
1004	1028
1015	1035
1021	1041
1025	1044
1027	1045
1027	1044
1027	1044
1027	1044
1027	1043
1027	1043
1027	1043
1027	1042
1027	1041
1027	1041
1027	1041
1027	1041
1027	1041
1599	1568
1607	1550
1614	1550
1631	1567
1650	1593
1671	1626
1690	1658
1710	1689
1728	1716
1743	1729
1751	1725
1750	1701
1742	1665
1738	1631
1756	1626
1816	1670
1913	1762
2025	1876
2132	1986
2222	2085
2291	2167
2329	2229
2331	2263
2296	2269
2231	2248
2150	2206
2066	2162
2003	2126
1961	2100
1936	2079
1912	2045
1880	1989
1840	1919
1804	1859
1774	1816
1746	1780
1711	1741
1670	1698
1624	1650
1573	1602
1521	1554
1472	1511
1425	1473
1383	1441
1345	1415
1313	1393
1289	1383
1274	1385
1272	1399
1283	1419
1308	1441
1342	1465
1378	1486
1408	1498
1427	1501
1435	1496
1431	1483
1420	1466
1405	1445
1386	1423
1366	1403
1345	1382
1335	1371
1343	1374
1362	1389
1380	1401
1386	1405
1386	1403
1384	1403
1383	1405
1385	1411
1390	1422
1401	1439
1412	1458
1420	1476
1421	1489
1424	1499
1433	1514
1459	1538
1505	1581
1559	1627
1605	1664
1634	1680
1652	1682
1665	1676
1674	1668
1676	1656
1670	1642
1655	1628
1633	1614
1609	1609
1585	1604
1562	1600
1531	1587
1478	1545
1394	1465
1298	1366
1221	1284
1181	1240
1163	1221
1154	1214
1147	1211
1139	1208
1130	1203
1117	1197
1105	1192
1097	1185
1087	1176
1078	1167
1072	1159
1071	1156
1075	1157
1082	1160
1087	1163
1089	1162
1088	1157
1085	1151
1083	1147
1083	1145
1082	1144
1081	1143
1080	1139
1077	1132
1076	1128
1075	1126
1074	1125
1074	1125
1074	1125
1596	1701
1547	1612
1533	1581
1549	1589
1581	1618
1622	1660
1667	1706
1710	1748
1739	1770
1745	1758
1718	1704
1660	1612
1583	1499
1510	1392
1476	1338
1509	1366
1600	1464
1712	1576
1815	1670
1905	1747
1986	1819
2057	1890
2115	1956
2154	2015
2170	2057
2171	2084
2162	2101
2153	2111
2146	2114
2131	2106
2097	2078
2037	2029
1962	1968
1901	1918
1858	1883
1826	1858
1790	1832
1752	1801
1711	1767
1669	1731
1628	1696
1592	1663
1560	1636
1537	1616
1516	1600
1501	1586
1490	1575
1494	1572
1508	1579
1522	1583
1534	1583
1540	1578
1542	1567
1538	1552
1526	1532
1510	1512
1491	1490
1468	1467
1445	1445
1424	1427
1406	1412
1388	1397
1378	1386
1382	1387
1397	1396
1408	1403
1408	1402
1404	1399
1401	1402
1405	1414
1416	1437
1434	1469
1460	1512
1495	1569
1532	1630
1564	1689
1594	1741
1621	1789
1656	1841
1702	1897
1745	1946
1768	1958
1760	1926
1735	1864
1695	1785
1654	1703
1615	1628
1583	1568
1563	1530
1556	1514
1564	1522
1580	1544
1598	1574
1605	1598
1584	1599
1523	1560
1437	1495
1361	1433
1316	1394
1298	1375
1291	1369
1289	1369
1290	1370
1292	1375
1294	1380
1294	1382
1290	1377
1282	1365
1271	1350
1262	1337
1257	1328
1253	1322
1250	1316
1247	1311
1242	1307
1236	1299
1227	1291
1220	1286
1218	1285
1218	1288
1217	1291
1212	1290
1204	1283
1198	1277
1194	1275
1193	1275
1193	1275
1193	1276
1835	1930
1709	1788
1654	1713
1648	1680
1663	1665
1691	1665
1724	1680
1755	1702
1768	1718
1746	1716
1685	1686
1585	1629
1468	1555
1358	1482
1297	1433
1318	1421
1404	1448
1500	1491
1581	1537
1643	1584
1705	1636
1769	1693
1836	1752
1897	1808
1948	1855
1986	1891
2011	1913
2027	1926
2033	1930
2028	1927
2010	1918
1979	1904
1940	1887
1906	1868
1880	1853
1861	1839
1842	1825
1817	1805
1789	1778
1756	1748
1724	1717
1694	1687
1668	1663
1650	1645
1636	1634
1624	1624
1612	1615
1609	1613
1611	1615
1610	1614
1604	1606
1593	1597
1580	1588
1564	1577
1546	1563
1526	1549
1508	1536
1488	1519
1468	1501
1451	1486
1439	1476
1425	1466
1412	1453
1406	1440
1403	1430
1403	1424
1402	1425
1407	1439
1423	1467
1450	1509
1491	1563
1543	1629
1608	1710
1686	1803
1772	1903
1854	1999
1928	2084
1995	2161
2062	2234
2132	2304
2186	2350
2191	2342
2136	2267
2039	2144
1921	1998
1800	1847
1687	1707
1594	1588
1528	1497
1491	1436
1482	1408
1496	1408
1524	1429
1556	1461
1573	1488
1558	1500
1520	1496
1479	1486
1452	1480
1439	1482
1437	1488
1438	1494
1440	1495
1443	1493
1443	1487
1440	1475
1430	1455
1409	1425
1385	1390
1365	1363
1352	1348
1348	1350
1347	1358
1346	1366
1345	1373
1342	1376
1339	1381
1339	1387
1341	1395
1349	1408
1359	1425
1366	1440
1367	1450
1366	1456
1366	1461
1368	1466
1370	1472
1372	1477
2002	2122
1872	2021
1783	1932
1718	1844
1664	1760
1629	1693
1619	1650
1630	1637
1657	1651
1685	1682
1706	1722
1716	1764
1711	1801
1696	1818
1661	1797
1609	1725
1554	1632
1524	1566
1529	1548
1557	1563
1599	1591
1644	1624
1692	1659
1739	1695
1778	1725
1806	1745
1823	1756
1830	1759
1831	1760
1830	1758
1826	1757
1824	1758
1821	1761
1817	1762
1810	1760
1800	1753
1789	1745
1772	1729
1748	1707
1719	1683
1691	1659
1663	1634
1639	1611
1623	1595
1613	1588
1607	1584
1601	1582
1600	1582
1602	1582
1601	1582
1597	1580
1591	1578
1586	1576
1580	1574
1573	1571
1566	1567
1557	1561
1544	1552
1528	1540
1516	1530
1509	1526
1502	1525
1494	1526
1486	1529
1477	1534
1472	1536
1476	1540
1494	1553
1525	1574
1569	1605
1623	1643
1689	1693
1770	1758
1864	1834
1962	1916
2057	1995
2140	2066
2214	2126
2278	2172
2332	2199
2355	2196
2328	2152
2239	2066
2107	1947
1952	1811
1792	1668
1642	1535
1515	1419
1413	1328
1342	1260
1301	1218
1290	1200
1304	1205
1331	1221
1364	1249
1397	1285
1424	1328
1448	1371
1468	1412
1491	1455
1511	1493
1525	1522
1529	1533
1524	1528
1510	1510
1489	1483
1461	1453
1425	1416
1387	1379
1354	1350
1341	1339
1348	1352
1367	1382
1386	1409
1399	1430
1411	1446
1424	1464
1436	1482
1449	1503
1468	1525
1490	1553
1512	1580
1531	1604
1544	1624
1555	1640
1565	1653
1575	1665
1582	1673
2272	2353
2205	2317
2131	2276
2050	2232
1965	2182
1884	2123
1818	2059
1771	1994
1745	1930
1738	1871
1745	1816
1761	1770
1777	1731
1783	1698
1764	1671
1712	1651
1646	1644
1601	1648
1592	1659
1603	1671
1620	1679
1639	1687
1661	1698
1684	1711
1706	1724
1721	1735
1728	1742
1730	1743
1729	1743
1726	1738
1723	1730
1720	1717
1718	1702
1715	1687
1711	1677
1706	1670
1698	1665
1685	1655
1668	1641
1648	1629
1629	1615
1609	1600
1588	1581
1574	1567
1567	1560
1565	1558
1563	1558
1563	1558
1563	1557
1562	1556
1562	1556
1562	1555
1561	1555
1561	1554
1559	1553
1558	1551
1554	1547
1546	1539
1538	1529
1531	1522
1529	1519
1531	1522
1540	1535
1558	1559
1577	1585
1588	1599
1588	1592
1587	1576
1591	1557
1597	1537
1608	1520
1629	1512
1667	1517
1716	1536
1770	1565
1824	1594
1875	1623
1915	1650
1946	1670
1954	1676
1937	1669
1894	1647
1827	1613
1743	1575
1649	1533
1548	1487
1453	1440
1368	1392
1298	1346
1246	1305
1205	1267
1181	1231
1173	1203
1174	1182
1183	1162
1199	1144
1226	1137
1266	1155
1317	1208
1378	1280
1435	1353
1479	1409
1499	1437
1498	1440
1481	1424
1454	1403
1427	1383
1397	1368
1369	1356
1348	1352
1345	1359
1364	1384
1400	1421
1434	1456
1458	1481
1476	1500
1498	1522
1521	1546
1546	1575
1574	1609
1605	1644
1638	1679
1667	1709
1690	1733
1710	1753
1725	1770
1737	1783
1744	1790
2360	2456
2349	2455
2346	2463
2347	2474
2341	2473
2319	2452
2273	2405
2208	2335
2128	2251
2036	2159
1938	2067
1849	1989
1771	1926
1711	1881
1674	1849
1673	1835
1697	1833
1726	1839
1745	1841
1753	1839
1756	1834
1756	1831
1760	1829
1766	1832
1774	1837
1783	1845
1788	1856
1792	1866
1794	1873
1791	1873
1776	1855
1749	1817
1717	1771
1691	1733
1673	1711
1665	1702
1660	1699
1654	1696
1648	1693
1640	1690
1632	1685
1619	1676
1603	1665
1590	1655
1585	1651
1583	1649
1581	1647
1580	1642
1577	1635
1575	1628
1572	1622
1570	1616
1568	1609
1565	1602
1562	1596
1558	1586
1551	1573
1538	1555
1524	1534
1513	1514
1506	1502
1506	1496
1515	1494
1533	1495
1552	1493
1557	1480
1541	1452
1510	1413
1474	1366
1434	1317
1397	1272
1366	1231
1349	1204
1346	1191
1355	1194
1368	1202
1385	1212
1401	1225
1418	1245
1436	1271
1451	1301
1460	1329
1463	1356
1468	1387
1473	1422
1475	1454
1470	1475
1454	1477
1425	1455
1387	1415
1343	1360
1292	1293
1241	1223
1195	1159
1149	1100
1099	1042
1061	1002
1063	1008
1114	1063
1193	1144
1273	1222
1334	1277
1364	1300
1368	1299
1353	1283
1337	1269
1329	1270
1331	1291
1341	1325
1359	1366
1383	1408
1412	1440
1444	1464
1473	1482
1495	1498
1513	1514
1534	1534
1558	1558
1589	1585
1623	1618
1660	1651
1695	1683
1725	1709
1747	1727
1765	1744
1782	1760
1796	1776
1806	1789
2877	3725
2840	3598
2810	3480
2769	3346
2709	3184
2626	2992
2524	2786
2415	2591
2311	2422
2223	2299
2159	2228
2128	2214
2121	2242
2125	2281
2111	2288
2069	2230
2010	2130
1958	2041
1928	1988
1913	1964
1902	1947
1893	1934
1888	1928
1889	1930
1896	1940
1908	1959
1926	1986
1946	2016
1963	2045
1969	2061
1952	2052
1910	2019
1857	1972
1816	1936
1795	1918
1787	1915
1786	1914
1786	1914
1785	1913
1784	1914
1781	1914
1776	1912
1769	1909
1765	1908
1763	1906
1759	1904
1755	1899
1746	1885
1733	1866
1721	1847
1709	1828
1697	1808
1682	1785
1666	1760
1653	1735
1637	1707
1615	1677
1588	1643
1560	1606
1534	1572
1515	1546
1501	1525
1488	1504
1469	1472
1441	1429
1407	1384
1369	1341
1325	1297
1277	1252
1229	1208
1185	1167
1145	1132
1119	1109
1108	1102
1113	1112
1123	1126
1134	1141
1148	1155
1165	1166
1188	1176
1214	1183
1242	1193
1272	1209
1305	1230
1345	1254
1384	1277
1410	1291
1415	1287
1393	1267
1351	1229
1291	1178
1216	1117
1140	1054
1073	1004
1022	977
987	981
977	1017
1008	1079
1074	1154
1154	1224
1219	1271
1257	1284
1265	1265
1248	1224
1223	1181
1208	1155
1214	1161
1249	1206
1306	1283
1373	1372
1431	1447
1466	1486
1480	1493
1487	1488
1495	1487
1508	1496
1525	1508
1546	1524
1571	1542
1595	1556
1618	1570
1642	1585
1663	1598
1678	1609
1692	1620
1708	1634
1725	1650
1739	1664
4697	5217
4500	5078
4314	4927
4109	4743
3863	4505
3579	4213
3273	3879
2975	3528
2712	3186
2502	2878
2361	2626
2293	2442
2283	2325
2304	2258
2303	2212
2248	2159
2153	2098
2066	2046
2013	2013
1987	1993
1970	1978
1957	1965
1950	1960
1953	1967
1969	1988
1996	2021
2030	2062
2070	2109
2109	2155
2136	2190
2142	2210
2127	2214
2098	2207
2074	2198
2063	2193
2060	2192
2060	2191
2061	2193
2062	2196
2063	2201
2065	2208
2067	2213
2068	2216
2067	2218
2067	2217
2064	2215
2057	2206
2040	2186
2016	2156
1990	2124
1963	2090
1935	2056
1904	2018
1870	1975
1833	1929
1793	1881
1754	1835
1710	1785
1666	1736
1625	1689
1594	1651
1570	1623
1546	1603
1514	1586
1474	1566
1432	1541
1391	1510
1350	1472
1307	1430
1266	1385
1227	1343
1192	1303
1169	1275
1163	1263
1172	1267
1189	1281
1204	1294
1216	1303
1221	1306
1218	1303
1209	1292
1200	1272
1195	1250
1191	1224
1189	1196
1186	1170
1180	1147
1167	1130
1150	1124
1129	1128
1105	1139
1076	1153
1046	1167
1028	1186
1033	1218
1073	1271
1141	1342
1220	1413
1293	1466
1346	1494
1367	1488
1352	1441
1300	1356
1227	1251
1158	1155
1115	1092
1116	1085
1166	1134
1258	1232
1364	1348
1452	1445
1497	1493
1500	1495
1488	1481
1481	1470
1481	1463
1487	1458
1495	1458
1503	1458
1510	1460
1516	1462
1523	1464
1530	1465
1534	1464
1541	1465
1552	1471
1567	1481
1577	1490
4942	4004
4964	4151
4946	4264
4880	4339
4754	4368
4562	4332
4302	4216
3986	4015
3637	3739
3276	3407
2930	3046
2626	2689
2380	2367
2198	2112
2083	1952
2026	1897
2009	1920
2005	1959
2000	1981
1990	1985
1980	1982
1970	1979
1968	1982
1981	1997
2007	2023
2043	2060
2087	2102
2136	2145
2182	2183
2221	2217
2249	2243
2264	2258
2270	2265
2270	2265
2270	2263
2270	2266
2271	2270
2274	2275
2280	2283
2289	2297
2301	2314
2312	2332
2319	2342
2322	2350
2323	2352
2321	2350
2312	2344
2290	2328
2258	2298
2219	2257
2179	2209
2136	2155
2093	2101
2045	2048
1993	1999
1943	1954
1896	1915
1847	1875
1797	1838
1751	1800
1711	1765
1683	1739
1668	1730
1670	1746
1678	1773
1676	1790
1658	1785
1623	1757
1580	1718
1533	1673
1487	1630
1442	1585
1406	1550
1387	1525
1382	1513
1388	1510
1394	1511
1401	1515
1408	1523
1414	1535
1413	1543
1396	1534
1366	1504
1325	1463
1284	1423
1247	1389
1220	1370
1207	1369
1217	1391
1246	1435
1288	1495
1340	1564
1391	1637
1441	1701
1487	1753
1536	1790
1585	1811
1623	1815
1646	1799
1642	1757
1604	1686
1527	1581
1413	1451
1285	1313
1168	1190
1090	1105
1071	1076
1113	1100
1203	1166
1313	1251
1406	1332
1458	1382
1466	1403
1456	1405
1444	1395
1431	1379
1418	1358
1407	1340
1402	1330
1399	1324
1398	1321
1398	1323
1399	1326
1397	1330
1396	1334
1398	1340
1405	1348
1411	1355
2906	2173
3066	2278
3221	2382
3368	2480
3490	2568
3565	2635
3575	2671
3502	2661
3345	2606
3117	2509
2841	2386
2544	2248
2260	2109
2025	1991
1876	1908
1833	1871
1867	1869
1918	1883
1950	1899
1963	1910
1969	1920
1971	1924
1979	1932
1994	1944
2019	1963
2050	1987
2084	2014
2116	2035
2144	2052
2168	2067
2186	2079
2194	2085
2193	2084
2189	2082
2187	2080
2190	2084
2197	2090
2206	2098
2216	2109
2230	2124
2251	2144
2271	2164
2287	2178
2296	2188
2300	2191
2301	2196
2300	2205
2296	2223
2281	2232
2245	2210
2190	2156
2122	2081
2058	2009
2002	1950
1956	1911
1924	1890
1899	1881
1878	1875
1856	1870
1832	1859
1809	1845
1789	1828
1781	1812
1795	1808
1822	1813
1843	1822
1845	1830
1830	1827
1804	1820
1773	1809
1740	1797
1708	1784
1680	1772
1659	1763
1646	1756
1640	1753
1638	1752
1639	1751
1644	1751
1652	1750
1658	1747
1651	1739
1631	1725
1599	1703
1568	1682
1548	1668
1540	1668
1550	1680
1577	1705
1621	1742
1682	1792
1751	1851
1823	1914
1888	1968
1936	2004
1960	2010
1959	1985
1933	1932
1883	1857
1806	1762
1707	1652
1587	1531
1451	1407
1318	1291
1204	1197
1125	1132
1090	1103
1094	1099
1130	1117
1184	1149
1245	1195
1295	1242
1329	1283
1345	1305
1340	1302
1319	1282
1294	1255
1271	1233
1259	1221
1251	1213
1247	1214
1253	1226
1265	1250
1280	1277
1295	1305
1311	1331
1326	1352
1337	1366
1913	1836
1955	1835
1969	1798
1958	1736
1939	1665
1921	1607
1908	1572
1901	1560
1898	1578
1905	1626
1923	1704
1952	1804
1981	1908
2000	1990
1994	2019
1954	1978
1895	1896
1852	1825
1836	1795
1837	1787
1842	1784
1846	1782
1850	1781
1858	1783
1870	1790
1887	1799
1905	1809
1918	1813
1925	1814
1933	1816
1944	1829
1959	1855
1973	1885
1980	1906
1982	1911
1983	1910
1986	1908
1993	1911
2001	1915
2012	1924
2029	1932
2044	1938
2052	1938
2057	1937
2059	1937
2067	1946
2089	1978
2130	2040
2171	2106
2173	2131
2128	2099
2054	2033
1980	1964
1923	1911
1888	1880
1877	1875
1879	1885
1885	1899
1887	1906
1884	1905
1874	1893
1855	1869
1825	1827
1793	1769
1764	1711
1753	1682
1758	1687
1772	1713
1785	1746
1797	1777
1807	1804
1815	1824
1821	1839
1825	1849
1828	1855
1830	1857
1830	1855
1826	1847
1821	1834
1811	1818
1799	1802
1788	1787
1776	1774
1759	1758
1741	1738
1728	1720
1723	1706
1729	1700
1742	1699
1767	1710
1804	1733
1851	1766
1902	1805
1943	1832
1961	1833
1943	1793
1891	1719
1815	1631
1728	1545
1633	1461
1531	1381
1427	1301
1325	1228
1234	1167
1166	1127
1125	1109
1109	1116
1115	1139
1133	1169
1161	1204
1200	1240
1241	1274
1280	1302
1300	1315
1296	1310
1276	1296
1253	1280
1235	1269
1228	1269
1227	1279
1237	1300
1258	1333
1292	1374
1330	1418
1367	1462
1399	1504
1427	1537
1445	1558
1732	1621
1716	1624
1696	1649
1671	1689
1648	1737
1636	1793
1639	1848
1653	1893
1679	1924
1719	1942
1773	1953
1838	1957
1905	1956
1955	1952
1969	1941
1939	1923
1879	1906
1831	1894
1806	1887
1796	1879
1788	1867
1779	1856
1774	1844
1770	1833
1770	1825
1771	1819
1772	1813
1768	1802
1761	1788
1759	1784
1773	1796
1808	1833
1850	1878
1879	1909
1886	1917
1882	1910
1876	1900
1873	1894
1875	1890
1876	1884
1875	1874
1870	1859
1861	1843
1853	1832
1851	1827
1861	1834
1896	1864
1966	1923
2043	1988
2079	2018
2058	1997
2001	1945
1939	1891
1893	1853
1869	1837
1868	1843
1883	1864
1902	1888
1913	1899
1912	1895
1896	1877
1867	1844
1817	1798
1750	1739
1681	1683
1648	1658
1655	1671
1690	1708
1732	1750
1773	1787
1808	1816
1830	1829
1840	1826
1843	1811
1839	1787
1832	1761
1820	1733
1803	1704
1783	1676
1762	1654
1744	1640
1730	1632
1719	1623
1702	1606
1679	1580
1654	1550
1629	1516
1610	1486
1597	1460
1592	1445
1601	1440
1620	1447
1645	1457
1660	1462
1650	1451
1602	1411
1524	1351
1440	1289
1366	1236
1301	1190
1243	1150
1189	1115
1142	1090
1108	1078
1094	1083
1101	1109
1129	1150
1168	1200
1213	1253
1254	1300
1290	1337
1317	1358
1333	1367
1339	1366
1336	1363
1327	1361
1320	1361
1318	1367
1326	1385
1348	1416
1381	1461
1423	1511
1471	1566
1522	1625
1575	1685
1623	1740
1662	1782
1687	1808
1563	1547
1609	1626
1667	1687
1733	1739
1808	1791
1885	1846
1957	1900
2012	1945
2048	1979
2060	2003
2057	2017
2041	2023
2018	2021
1993	2020
1979	2028
1980	2058
1995	2099
2010	2131
2016	2146
2010	2142
1999	2130
1985	2116
1968	2097
1951	2077
1936	2056
1922	2037
1910	2022
1896	2007
1880	1991
1873	1982
1884	1992
1917	2026
1962	2071
1994	2108
2002	2117
1994	2109
1981	2093
1970	2079
1961	2068
1949	2053
1932	2032
1911	2008
1890	1985
1875	1969
1870	1961
1872	1956
1887	1951
1917	1938
1945	1912
1947	1873
1915	1825
1867	1779
1821	1744
1794	1729
1788	1734
1804	1758
1830	1789
1855	1816
1866	1828
1860	1822
1839	1797
1807	1765
1769	1735
1728	1712
1699	1705
1692	1716
1711	1739
1743	1765
1778	1786
1802	1797
1816	1797
1815	1782
1796	1753
1762	1707
1718	1650
1670	1588
1623	1530
1580	1479
1547	1444
1527	1430
1521	1430
1520	1436
1515	1435
1501	1426
1475	1405
1442	1375
1403	1338
1367	1303
1335	1269
1311	1241
1295	1218
1289	1202
1289	1190
1286	1183
1280	1182
1261	1189
1236	1201
1207	1205
1179	1200
1151	1182
1123	1160
1099	1139
1085	1129
1086	1133
1104	1152
1136	1182
1181	1220
1233	1264
1286	1311
1335	1354
1373	1389
1391	1406
1394	1409
1390	1406
1389	1406
1390	1412
1396	1424
1410	1444
1436	1475
1476	1520
1527	1577
1587	1644
1649	1715
1716	1787
1783	1857
1842	1918
1886	1962
1911	1988
1537	1517
1620	1580
1668	1615
1693	1635
1713	1653
1739	1674
1767	1698
1797	1720
1826	1743
1859	1768
1892	1794
1924	1821
1951	1846
1979	1875
2018	1923
2078	2007
2148	2110
2201	2187
2224	2222
2223	2225
2211	2215
2196	2201
2179	2185
2159	2168
2137	2151
2117	2133
2100	2120
2086	2108
2074	2101
2068	2098
2078	2114
2116	2159
2170	2221
2211	2270
2227	2288
2219	2282
2202	2266
2187	2252
2174	2240
2160	2230
2138	2213
2116	2196
2094	2179
2078	2164
2068	2151
2057	2133
2027	2083
1969	1988
1884	1861
1802	1746
1738	1672
1696	1634
1674	1625
1675	1638
1691	1667
1722	1707
1757	1747
1787	1780
1800	1797
1795	1790
1769	1761
1733	1723
1702	1685
1686	1661
1690	1654
1704	1659
1725	1668
1744	1678
1754	1681
1756	1680
1747	1672
1728	1658
1698	1635
1655	1603
1599	1562
1538	1518
1480	1476
1433	1445
1404	1427
1395	1423
1399	1427
1407	1435
1411	1443
1409	1447
1395	1446
1375	1439
1347	1428
1319	1413
1290	1396
1264	1376
1239	1356
1218	1334
1199	1312
1187	1298
1189	1299
1212	1321
1247	1356
1274	1383
1280	1390
1269	1378
1247	1356
1225	1330
1211	1310
1209	1299
1222	1297
1240	1300
1264	1305
1292	1317
1326	1336
1360	1358
1389	1377
1404	1394
1411	1404
1411	1410
1414	1416
1423	1425
1439	1442
1463	1465
1497	1500
1545	1548
1606	1609
1678	1683
1754	1763
1830	1840
1901	1910
1961	1972
2009	2019
2036	2049
1525	1602
1555	1607
1586	1626
1616	1653
1651	1685
1686	1718
1717	1742
1740	1756
1753	1757
1759	1750
1760	1737
1758	1721
1755	1705
1761	1700
1801	1727
1891	1803
2008	1905
2101	1986
2144	2026
2152	2036
2145	2032
2133	2025
2120	2016
2109	2012
2099	2012
2090	2011
2082	2011
2076	2010
2072	2010
2074	2013
2093	2032
2142	2073
2206	2125
2257	2165
2276	2182
2272	2179
2258	2170
2246	2162
2238	2160
2233	2162
2226	2164
2217	2165
2206	2160
2193	2152
2179	2140
2156	2117
2098	2062
1984	1955
1838	1818
1712	1702
1638	1639
1606	1617
1607	1626
1631	1659
1672	1710
1722	1769
1769	1823
1806	1865
1824	1883
1814	1871
1782	1834
1739	1785
1693	1730
1652	1674
1622	1623
1604	1585
1598	1559
1595	1540
1591	1521
1586	1508
1583	1498
1576	1493
1564	1488
1549	1485
1531	1487
1511	1491
1495	1503
1484	1515
1482	1526
1482	1530
1485	1531
1493	1542
1506	1564
1522	1592
1535	1620
1544	1650
1551	1676
1552	1698
1551	1713
1544	1721
1533	1724
1518	1717
1500	1707
1485	1693
1479	1676
1482	1648
1492	1618
1498	1590
1494	1569
1479	1549
1457	1528
1431	1503
1404	1473
1382	1441
1364	1410
1350	1382
1340	1360
1337	1348
1341	1343
1351	1343
1364	1348
1378	1364
1393	1384
1405	1400
1413	1409
1421	1414
1433	1421
1454	1436
1485	1463
1532	1504
1593	1561
1667	1632
1745	1707
1820	1779
1889	1843
1949	1901
1995	1944
2025	1972
1716	1789
1705	1762
1704	1748
1709	1735
1715	1719
1719	1700
1718	1678
1714	1657
1706	1638
1695	1623
1685	1616
1677	1612
1670	1612
1672	1618
1697	1642
1752	1691
1823	1750
1880	1796
1906	1818
1913	1823
1913	1823
1911	1825
1910	1832
1915	1844
1924	1859
1932	1873
1935	1880
1939	1887
1941	1895
1946	1899
1957	1897
1975	1887
2000	1871
2017	1859
2025	1855
2025	1856
2022	1862
2020	1866
2023	1875
2031	1889
2042	1904
2052	1920
2054	1929
2051	1932
2044	1930
2028	1918
1986	1891
1903	1840
1798	1777
1712	1726
1668	1703
1656	1701
1673	1722
1712	1766
1770	1826
1836	1893
1895	1954
1940	2000
1959	2022
1946	2014
1908	1983
1855	1938
1795	1888
1734	1839
1676	1788
1625	1736
1582	1678
1541	1613
1500	1545
1465	1479
1439	1423
1421	1383
1411	1359
1415	1352
1425	1363
1448	1390
1477	1425
1505	1457
1524	1481
1532	1494
1537	1504
1552	1527
1586	1567
1628	1621
1676	1683
1724	1747
1770	1812
1810	1870
1843	1919
1866	1956
1881	1980
1886	1992
1883	1993
1869	1980
1839	1938
1780	1853
1706	1742
1641	1651
1602	1600
1579	1574
1561	1556
1537	1535
1506	1504
1469	1467
1431	1429
1396	1393
1368	1365
1350	1345
1339	1332
1334	1324
1336	1327
1351	1346
1375	1372
1394	1390
1403	1395
1406	1392
1408	1391
1417	1393
1437	1407
1472	1434
1524	1478
1588	1534
1656	1597
1724	1659
1786	1719
1838	1767
1877	1801
1899	1821
1820	1894
1783	1862
1766	1849
1752	1835
1731	1806
1703	1761
1668	1708
1635	1661
1608	1629
1588	1608
1575	1598
1564	1589
1555	1575
1552	1565
1574	1582
1630	1646
1707	1740
1766	1813
1793	1844
1797	1844
1795	1834
1797	1831
1805	1836
1820	1848
1838	1866
1853	1883
1866	1900
1879	1921
1892	1940
1899	1949
1885	1932
1847	1879
1795	1809
1755	1758
1741	1741
1746	1749
1758	1768
1771	1786
1783	1803
1799	1819
1818	1835
1835	1847
1845	1851
1849	1848
1846	1840
1838	1826
1820	1806
1791	1776
1755	1740
1728	1713
1717	1701
1724	1706
1748	1729
1790	1765
1845	1806
1904	1845
1957	1878
1999	1910
2027	1946
2038	1988
2033	2041
2024	2102
2012	2161
1998	2209
1973	2226
1929	2198
1859	2123
1772	2016
1672	1892
1574	1767
1487	1654
1419	1561
1372	1492
1348	1444
1343	1415
1358	1402
1383	1399
1408	1400
1428	1410
1446	1430
1465	1458
1492	1485
1532	1513
1585	1552
1652	1613
1727	1690
1806	1778
1881	1862
1946	1933
1991	1980
2018	2000
2028	2004
2030	1999
2015	1985
1968	1939
1869	1840
1737	1708
1630	1597
1571	1534
1543	1502
1523	1474
1499	1442
1467	1405
1432	1373
1400	1348
1372	1331
1351	1323
1334	1318
1324	1316
1321	1323
1330	1341
1352	1371
1378	1398
1393	1405
1390	1392
1379	1369
1369	1346
1364	1330
1369	1326
1388	1332
1422	1354
1469	1389
1525	1435
1582	1488
1639	1538
1685	1582
1717	1612
1734	1629
2056	2277
2031	2239
2018	2217
1994	2182
1945	2111
1870	2006
1787	1893
1721	1804
1682	1763
1675	1773
1688	1819
1705	1878
1711	1929
1709	1954
1721	1962
1769	1962
1843	1967
1901	1969
1921	1966
1915	1955
1898	1939
1889	1931
1891	1936
1901	1948
1918	1967
1939	1992
1963	2022
1992	2057
2017	2089
2032	2111
2020	2112
1974	2090
1911	2055
1867	2035
1856	2037
1871	2053
1891	2071
1911	2085
1927	2095
1940	2098
1948	2091
1946	2073
1936	2045
1920	2013
1900	1983
1879	1951
1848	1911
1801	1855
1747	1787
1700	1725
1674	1681
1671	1657
1685	1652
1707	1659
1730	1665
1744	1663
1752	1655
1767	1658
1809	1699
1889	1794
2006	1949
2147	2137
2288	2333
2407	2502
2474	2611
2470	2634
2398	2575
2282	2464
2145	2332
2006	2202
1881	2083
1775	1982
1692	1899
1624	1826
1570	1757
1522	1690
1483	1622
1454	1569
1448	1545
1469	1558
1501	1586
1522	1592
1528	1572
1542	1555
1584	1572
1654	1623
1740	1697
1826	1773
1895	1831
1933	1855
1941	1849
1933	1833
1923	1821
1912	1816
1876	1800
1795	1751
1681	1678
1584	1609
1522	1559
1483	1519
1445	1475
1402	1423
1357	1369
1321	1323
1299	1293
1291	1275
1291	1266
1293	1260
1299	1258
1313	1266
1339	1290
1373	1328
1403	1365
1408	1378
1388	1360
1355	1325
1322	1287
1296	1255
1278	1230
1273	1214
1280	1207
1301	1210
1332	1222
1372	1242
1413	1265
1449	1287
1474	1304
1489	1313
2515	2737
2446	2660
2415	2635
2377	2614
2301	2551
2181	2439
2049	2305
1945	2189
1898	2131
1916	2138
1986	2204
2082	2306
2174	2408
2230	2476
2233	2478
2181	2406
2104	2297
2043	2211
2012	2167
1997	2146
1987	2132
1984	2123
1992	2125
2007	2128
2025	2132
2047	2143
2078	2159
2112	2178
2142	2197
2170	2221
2188	2252
2199	2298
2206	2347
2216	2387
2230	2408
2244	2413
2252	2407
2255	2393
2249	2370
2237	2340
2213	2301
2176	2249
2132	2190
2087	2131
2044	2080
2005	2035
1965	1997
1915	1963
1855	1925
1791	1872
1732	1807
1686	1744
1658	1698
1648	1677
1644	1671
1640	1673
1630	1669
1628	1667
1659	1687
1748	1756
1897	1880
2087	2042
2291	2221
2475	2384
2601	2497
2642	2541
2602	2516
2512	2454
2405	2385
2302	2326
2212	2279
2138	2251
2075	2230
2017	2209
1955	2176
1885	2129
1811	2069
1746	2008
1709	1958
1704	1920
1707	1873
1683	1801
1631	1709
1582	1626
1569	1577
1593	1571
1644	1596
1702	1631
1744	1655
1755	1653
1739	1631
1717	1611
1708	1608
1714	1624
1722	1655
1715	1685
1692	1706
1662	1712
1633	1703
1599	1679
1556	1641
1501	1592
1442	1533
1384	1469
1336	1405
1296	1338
1261	1273
1229	1212
1201	1158
1189	1122
1198	1110
1233	1130
1276	1165
1299	1189
1292	1189
1265	1176
1234	1160
1206	1142
1180	1125
1160	1108
1144	1090
1130	1067
1121	1044
1116	1023
1117	1005
1122	994
1126	987
1129	984
2904	2964
2867	3012
2877	3083
2891	3144
2863	3163
2779	3130
2663	3058
2553	2977
2482	2915
2465	2879
2498	2870
2561	2869
2629	2864
2670	2843
2666	2814
2615	2796
2545	2795
2486	2793
2449	2773
2421	2735
2390	2685
2363	2638
2344	2597
2325	2558
2309	2524
2298	2500
2293	2484
2292	2473
2293	2467
2308	2475
2345	2510
2412	2573
2487	2640
2541	2683
2560	2687
2552	2663
2529	2626
2498	2582
2460	2533
2416	2480
2363	2421
2301	2352
2230	2275
2163	2203
2102	2140
2053	2090
2019	2059
2001	2049
1984	2044
1947	2024
1887	1980
1822	1931
1774	1898
1752	1886
1748	1886
1752	1886
1752	1876
1748	1861
1759	1862
1811	1905
1912	1996
2048	2117
2189	2228
2307	2296
2380	2311
2403	2295
2384	2272
2349	2254
2318	2253
2305	2280
2315	2335
2342	2417
2379	2513
2411	2604
2425	2678
2419	2729
2396	2754
2355	2749
2298	2698
2216	2586
2108	2421
1976	2231
1836	2049
1715	1893
1631	1780
1594	1716
1592	1694
1608	1696
1618	1695
1609	1682
1583	1660
1565	1648
1570	1660
1598	1696
1641	1739
1688	1768
1723	1779
1743	1778
1743	1770
1727	1754
1698	1729
1656	1695
1605	1656
1543	1603
1472	1539
1392	1462
1310	1381
1232	1305
1163	1238
1109	1182
1077	1133
1068	1090
1076	1056
1084	1033
1084	1021
1082	1018
1078	1020
1075	1025
1069	1030
1062	1032
1050	1030
1028	1021
1003	1009
978	995
956	984
941	972
928	963
921	957
2874	2625
3022	2844
3156	3016
3264	3153
3336	3269
3367	3373
3367	3467
3353	3558
3340	3643
3323	3703
3296	3719
3245	3673
3166	3565
3068	3424
2995	3307
2985	3264
3027	3287
3062	3313
3054	3297
3009	3247
2947	3180
2886	3116
2833	3062
2788	3019
2752	2992
2731	2984
2721	2992
2720	3010
2722	3031
2736	3054
2762	3066
2795	3060
2822	3032
2827	2992
2806	2948
2770	2903
2724	2855
2672	2804
2619	2750
2563	2696
2501	2638
2432	2575
2357	2508
2287	2448
2228	2400
2182	2361
2153	2331
2141	2310
2136	2297
2127	2294
2110	2303
2093	2323
2088	2352
2091	2373
2094	2371
2078	2330
2043	2258
2004	2182
1990	2140
2026	2166
2118	2263
2241	2398
2340	2504
2368	2518
2328	2450
2270	2362
2231	2304
2217	2278
2229	2280
2275	2324
2360	2414
2481	2551
2625	2720
2770	2899
2901	3071
3010	3227
3092	3356
3131	3436
3101	3436
2982	3329
2786	3134
2560	2902
2348	2678
2167	2483
2031	2334
1948	2240
1914	2196
1906	2185
1903	2184
1892	2177
1876	2173
1874	2184
1898	2216
1938	2259
1967	2273
1955	2219
1907	2115
1858	2018
1827	1960
1803	1923
1776	1889
1747	1854
1714	1819
1673	1781
1620	1740
1559	1695
1496	1653
1437	1617
1386	1590
1340	1561
1285	1513
1214	1433
1138	1333
1078	1249
1046	1194
1031	1156
1026	1131
1026	1110
1030	1098
1035	1094
1043	1097
1049	1111
1056	1133
1063	1160
1070	1186
1076	1209
1077	1227
1077	1237
2247	1805
2476	1985
2647	2117
2788	2237
2932	2385
3097	2587
3288	2855
3505	3181
3725	3542
3919	3892
4049	4180
4087	4364
4028	4430
3905	4399
3774	4317
3688	4231
3656	4166
3638	4112
3601	4057
3542	3992
3473	3917
3406	3840
3347	3767
3304	3703
3280	3656
3276	3624
3289	3607
3312	3598
3338	3596
3358	3594
3360	3581
3324	3541
3258	3479
3190	3416
3135	3367
3089	3327
3045	3288
2996	3246
2947	3202
2897	3159
2847	3116
2794	3077
2742	3042
2699	3014
2664	2995
2636	2978
2605	2948
2570	2905
2544	2864
2542	2856
2571	2893
2623	2960
2677	3025
2709	3062
2698	3042
2629	2954
2517	2816
2399	2667
2324	2564
2333	2549
2429	2634
2576	2777
2698	2915
2727	2972
2664	2943
2572	2864
2498	2782
2447	2705
2424	2649
2442	2632
2514	2667
2639	2761
2807	2904
2994	3071
3181	3246
3360	3418
3516	3570
3621	3677
3645	3708
3560	3637
3384	3476
3162	3266
2940	3051
2743	2853
2586	2695
2486	2592
2439	2545
2426	2532
2428	2534
2430	2537
2435	2546
2455	2569
2495	2611
2542	2662
2551	2686
2484	2653
2361	2571
2247	2488
2175	2429
2128	2382
2083	2332
2038	2279
1992	2224
1950	2172
1910	2127
1875	2089
1846	2058
1826	2037
1815	2027
1803	2023
1772	2007
1705	1974
1614	1919
1526	1854
1456	1784
1396	1707
1340	1625
1289	1544
1247	1469
1217	1410
1205	1372
1212	1357
1234	1367
1268	1389
1305	1419
1339	1452
1368	1481
1385	1500
1383	1054
1480	1078
1557	1111
1645	1168
1776	1266
1979	1435
2273	1698
2660	2069
3117	2538
3595	3066
4035	3593
4382	4062
4606	4427
4716	4680
4744	4840
4726	4940
4694	5003
4655	5033
4608	5031
4547	5003
4473	4954
4386	4889
4296	4805
4202	4699
4110	4574
4023	4432
3943	4283
3867	4134
3803	4001
3757	3899
3726	3845
3703	3843
3681	3870
3656	3891
3629	3888
3599	3866
3564	3833
3526	3795
3485	3753
3447	3715
3411	3683
3384	3663
3363	3651
3350	3649
3343	3652
3337	3652
3313	3634
3264	3587
3212	3527
3192	3487
3220	3491
3280	3525
3343	3573
3377	3611
3361	3617
3278	3575
3143	3483
2992	3369
2878	3269
2843	3224
2901	3249
3024	3328
3154	3422
3231	3484
3233	3487
3177	3438
3092	3357
2999	3261
2917	3174
2867	3114
2867	3094
2924	3120
3026	3184
3156	3269
3293	3360
3432	3450
3555	3524
3640	3570
3656	3561
3583	3475
3426	3316
3223	3117
3010	2910
2813	2716
2655	2560
2553	2457
2505	2404
2489	2380
2484	2362
2481	2341
2483	2326
2498	2325
2536	2348
2589	2400
2642	2475
2673	2562
2675	2641
2661	2695
2638	2719
2608	2723
2569	2714
2521	2695
2467	2664
2413	2623
2361	2572
2311	2511
2265	2441
2225	2370
2196	2308
2180	2266
2175	2256
2179	2287
2178	2334
2154	2357
2101	2335
2024	2279
1933	2204
1837	2119
1743	2031
1661	1946
1597	1870
1557	1807
1540	1761
1537	1727
1544	1702
1559	1685
1575	1679
1587	1678
853	769
845	771
863	802
903	840
966	872
1072	909
1252	983
1533	1131
1922	1382
2403	1740
2927	2177
3437	2643
3878	3084
4231	3466
4501	3789
4719	4073
4894	4322
5019	4530
5095	4695
5139	4839
5161	4973
5165	5089
5136	5167
5066	5187
4950	5141
4794	5031
4608	4870
4412	4680
4227	4491
4080	4332
4002	4236
4004	4216
4055	4249
4104	4284
4114	4288
4097	4267
4061	4227
4017	4179
3970	4127
3928	4079
3897	4043
3876	4019
3870	4008
3872	4006
3879	4012
3885	4015
3870	4003
3824	3956
3757	3879
3695	3793
3662	3724
3660	3692
3690	3713
3740	3787
3794	3898
3825	4014
3815	4102
3771	4143
3714	4141
3670	4112
3661	4077
3684	4048
3713	4006
3717	3925
3679	3809
3610	3696
3528	3612
3447	3554
3379	3516
3332	3498
3314	3494
3328	3511
3368	3536
3415	3561
3460	3573
3498	3575
3523	3563
3526	3538
3491	3492
3399	3414
3251	3297
3066	3140
2867	2956
2679	2774
2524	2615
2417	2499
2355	2424
2317	2370
2282	2320
2241	2260
2200	2202
2177	2156
2181	2139
2219	2151
2290	2187
2388	2237
2491	2293
2577	2357
2638	2433
2686	2525
2729	2626
2763	2724
2777	2797
2766	2834
2727	2823
2662	2764
2571	2661
2467	2532
2366	2397
2290	2284
2260	2223
2296	2239
2368	2309
2429	2385
2447	2436
2429	2463
2394	2479
2348	2486
2293	2482
2229	2457
2159	2411
2087	2347
2019	2274
1954	2192
1896	2110
1847	2034
1813	1975
1792	1938
767	801
791	826
840	866
879	893
887	885
869	842
852	784
880	748
990	767
1204	867
1509	1046
1870	1281
2240	1540
2582	1792
2887	2028
3168	2253
3432	2480
3677	2722
3916	2990
4161	3293
4412	3622
4653	3951
4857	4249
4997	4495
5065	4675
5055	4789
4983	4842
4868	4852
4734	4833
4611	4799
4519	4744
4463	4666
4437	4576
4423	4502
4403	4458
4378	4439
4343	4423
4296	4400
4246	4363
4196	4316
4151	4258
4112	4188
4080	4115
4059	4056
4052	4021
4050	4005
4034	3981
3980	3917
3889	3820
3786	3721
3703	3656
3666	3645
3694	3695
3794	3807
3950	3966
4130	4148
4289	4318
4397	4447
4444	4523
4442	4555
4410	4555
4356	4524
4263	4428
4104	4239
3909	4001
3745	3806
3653	3702
3613	3663
3600	3646
3598	3637
3606	3631
3622	3628
3640	3631
3653	3642
3654	3658
3648	3680
3632	3703
3609	3722
3577	3733
3533	3725
3456	3678
3334	3570
3166	3401
2979	3201
2807	3004
2672	2841
2580	2728
2515	2657
2459	2614
2398	2580
2339	2545
2284	2501
2247	2449
2222	2386
2199	2295
2161	2173
2126	2052
2130	1994
2195	2028
2311	2139
2459	2301
2614	2488
2749	2670
2843	2820
2876	2911
2842	2924
2746	2857
2607	2726
2447	2557
2299	2383
2201	2247
2176	2176
2217	2166
2282	2190
2342	2222
2395	2260
2446	2308
2497	2371
2540	2442
2562	2509
2558	2555
2525	2572
2469	2557
2392	2511
2305	2439
2217	2360
2144	2288
2097	2241
840	866
837	833
843	806
845	784
825	756
783	722
728	687
686	661
676	652
715	671
805	714
933	778
1081	851
1233	929
1381	1011
1534	1103
1703	1216
1905	1363
2154	1553
2452	1786
2785	2052
3126	2331
3451	2605
3742	2868
3994	3121
4204	3366
4376	3602
4518	3831
4632	4042
4712	4218
4733	4329
4679	4356
4574	4326
4485	4297
4445	4304
4449	4354
4471	4427
4485	4494
4479	4532
4443	4517
4369	4442
4260	4310
4135	4149
4025	4000
3952	3896
3915	3844
3887	3829
3837	3821
3762	3807
3696	3793
3669	3785
3685	3790
3739	3799
3824	3812
3931	3826
4050	3849
4168	3891
4271	3949
4352	4019
4418	4107
4470	4200
4494	4276
4444	4284
4284	4190
4058	4022
3864	3859
3752	3745
3691	3657
3646	3571
3599	3482
3555	3398
3522	3340
3508	3322
3527	3362
3578	3461
3660	3610
3756	3784
3850	3952
3916	4070
3935	4100
3888	4034
3766	3885
3581	3679
3355	3437
3131	3196
2942	2992
2812	2857
2747	2806
2731	2821
2742	2874
2752	2926
2734	2932
2676	2875
2576	2755
2436	2592
2263	2414
2100	2260
2005	2164
2003	2137
2083	2173
2222	2261
2400	2396
2598	2562
2784	2737
2921	2889
2988	2991
2969	3024
2873	2987
2720	2895
2549	2770
2391	2625
2273	2474
2199	2324
2156	2203
2129	2112
2119	2047
2131	2017
2175	2034
2252	2102
2349	2207
2442	2325
2513	2429
2551	2500
2545	2527
2503	2508
2442	2464
2382	2416
2341	2380
876	870
828	825
786	782
751	746
720	715
691	690
668	671
653	663
652	666
669	683
697	709
735	741
776	775
820	812
869	855
930	908
1005	966
1098	1025
1215	1080
1356	1137
1515	1196
1684	1256
1856	1320
2035	1399
2229	1509
2442	1656
2677	1843
2925	2056
3170	2277
3389	2484
3563	2666
3687	2819
3769	2953
3838	3077
3920	3214
4033	3385
4168	3592
4303	3813
4406	4007
4447	4140
4409	4194
4301	4177
4155	4116
4015	4053
3917	4020
3874	4022
3876	4039
3905	4043
3930	4022
3937	3980
3916	3928
3877	3868
3823	3798
3759	3719
3694	3645
3648	3588
3631	3560
3649	3563
3703	3591
3784	3638
3882	3695
3971	3747
4011	3771
3976	3750
3877	3689
3762	3616
3660	3545
3561	3469
3454	3385
3345	3299
3249	3226
3189	3186
3182	3196
3246	3266
3379	3394
3570	3571
3787	3770
3996	3965
4140	4110
4180	4177
4111	4156
3960	4064
3758	3920
3525	3736
3290	3529
3086	3330
2950	3169
2897	3074
2919	3045
2984	3069
3050	3109
3069	3126
3017	3089
2902	3008
2754	2907
2612	2823
2501	2768
2429	2734
2394	2707
2394	2689
2426	2682
2494	2688
2594	2714
2713	2764
2837	2833
2943	2916
3017	3007
3051	3096
3047	3175
3008	3222
2913	3196
2752	3066
2549	2859
2362	2651
2219	2485
2118	2356
2053	2260
2040	2209
2083	2208
2170	2250
2277	2312
2377	2370
2448	2404
2475	2403
2460	2368
2419	2311
2371	2252
2335	2212
858	845
824	824
789	800
756	773
727	747
704	726
689	713
684	711
691	721
708	739
733	763
762	793
797	826
835	864
881	909
936	962
993	1012
1034	1050
1059	1068
1067	1067
1064	1053
1054	1027
1044	993
1049	967
1085	961
1162	983
1281	1038
1430	1115
1593	1203
1746	1288
1881	1361
1992	1415
2091	1460
2197	1522
2341	1628
2539	1797
2794	2030
3078	2307
3355	2596
3585	2861
3748	3081
3848	3262
3913	3423
3973	3591
4051	3774
4134	3951
4180	4077
4150	4109
4054	4062
3954	4002
3888	3973
3849	3977
3819	4003
3793	4040
3771	4086
3760	4136
3762	4181
3769	4205
3774	4198
3773	4158
3767	4095
3751	4013
3716	3910
3656	3784
3583	3661
3523	3582
3486	3560
3457	3570
3429	3587
3397	3600
3370	3612
3361	3623
3379	3639
3431	3662
3514	3692
3628	3734
3756	3784
3893	3854
4020	3959
4132	4113
4209	4295
4238	4452
4202	4542
4100	4539
3939	4428
3736	4209
3518	3905
3322	3573
3181	3270
3102	3048
3074	2922
3070	2882
3059	2897
3035	2939
3006	2987
2990	3042
2991	3095
2996	3139
2993	3170
2982	3187
2961	3188
2937	3171
2914	3140
2906	3110
2923	3096
2971	3109
3051	3157
3157	3240
3277	3345
3377	3446
3409	3507
3342	3500
3188	3426
3011	3310
2848	3172
2702	3026
2576	2881
2481	2758
2428	2669
2413	2612
2417	2574
2418	2533
2400	2479
2356	2409
2290	2323
2212	2235
2139	2157
2092	2106
836	831
828	832
812	821
791	802
767	779
746	760
734	751
735	755
749	774
771	801
798	832
827	864
859	897
894	927
932	953
968	965
1002	970
1030	979
1052	1000
1069	1030
1075	1061
1072	1086
1056	1098
1038	1104
1022	1103
1016	1097
1022	1085
1038	1069
1061	1055
1089	1053
1121	1078
1156	1133
1190	1196
1224	1230
1274	1229
1362	1229
1505	1261
1696	1331
1911	1430
2122	1536
2315	1642
2497	1757
2683	1898
2892	2080
3130	2307
3379	2573
3616	2882
3812	3223
3954	3553
4047	3811
4111	3984
4173	4124
4253	4281
4351	4461
4462	4657
4573	4840
4664	4982
4709	5057
4699	5053
4636	4973
4532	4841
4400	4679
4245	4505
4069	4331
3905	4178
3801	4074
3767	4015
3775	3982
3795	3953
3812	3929
3826	3911
3838	3907
3849	3918
3856	3939
3862	3969
3869	4001
3881	4039
3917	4090
4007	4179
4178	4337
4416	4556
4657	4796
4837	4999
4912	5100
4841	5041
4599	4783
4211	4346
3745	3805
3289	3259
2924	2806
2696	2506
2611	2375
2635	2383
2724	2477
2837	2606
2947	2740
3043	2861
3122	2962
3186	3048
3241	3129
3283	3207
3305	3276
3306	3330
3294	3364
3281	3387
3276	3393
3290	3391
3325	3387
3377	3384
3436	3384
3485	3392
3509	3401
3496	3399
3436	3366
3333	3292
3205	3195
3068	3093
2947	3008
2857	2948
2795	2917
2750	2903
2706	2892
2654	2874
2587	2844
2512	2805
2436	2762
2369	2722
2326	2696
829	826
836	839
826	832
807	813
786	796
770	785
765	784
775	798
797	823
828	856
864	893
899	932
935	972
965	1005
980	1024
975	1021
957	1000
943	972
949	951
970	939
1001	939
1031	946
1059	964
1084	995
1105	1038
1120	1082
1122	1117
1112	1141
1099	1157
1097	1175
1131	1212
1209	1275
1297	1338
1334	1355
1305	1318
1248	1259
1205	1212
1190	1185
1197	1167
1208	1138
1220	1098
1246	1060
1308	1049
1420	1088
1589	1181
1813	1332
2109	1547
2478	1826
2868	2131
3194	2398
3431	2613
3639	2824
3873	3071
4138	3361
4417	3671
4677	3970
4881	4224
5001	4406
5026	4505
4965	4526
4844	4487
4693	4413
4545	4337
4421	4272
4322	4211
4237	4139
4154	4043
4066	3930
3976	3816
3896	3719
3843	3664
3827	3660
3852	3713
3911	3812
3995	3946
4093	4092
4190	4234
4287	4359
4387	4467
4510	4562
4662	4656
4836	4751
4990	4825
5061	4835
4987	4731
4727	4494
4301	4138
3775	3722
3243	3308
2794	2953
2478	2687
2316	2517
2279	2427
2325	2389
2415	2392
2526	2436
2638	2502
2737	2567
2820	2619
2903	2674
2993	2747
3091	2845
3192	2962
3283	3089
3357	3208
3403	3300
3418	3354
3406	3369
3374	3350
3334	3309
3298	3252
3264	3184
3231	3112
3187	3046
3130	2991
3066	2948
3007	2915
2966	2902
2951	2909
2962	2942
2988	2987
3022	3041
3049	3092
3065	3134
3068	3163
3064	3185
3056	3198
3048	3204
823	824
844	851
841	854
827	842
813	829
805	823
808	828
823	843
848	870
881	905
920	945
962	990
1006	1035
1045	1079
1077	1124
1095	1165
1094	1186
1067	1166
1019	1102
963	1014
916	932
884	869
878	846
904	869
961	934
1032	1023
1104	1119
1169	1207
1222	1282
1262	1329
1288	1337
1299	1298
1293	1231
1267	1173
1237	1158
1219	1189
1227	1255
1247	1331
1260	1388
1246	1399
1196	1358
1130	1278
1072	1189
1050	1124
1076	1102
1152	1125
1270	1176
1418	1240
1577	1302
1723	1362
1854	1428
2004	1512
2194	1627
2429	1775
2695	1952
2971	2146
3231	2347
3454	2539
3629	2714
3749	2867
3822	2991
3857	3082
3863	3131
3838	3129
3788	3088
3716	3034
3632	2990
3543	2963
3466	2960
3414	2988
3402	3050
3441	3145
3528	3264
3654	3392
3801	3515
3948	3620
4080	3701
4195	3765
4291	3833
4379	3926
4457	4023
4512	4086
4525	4089
4478	4038
4361	3947
4172	3836
3934	3725
3682	3639
3445	3579
3244	3535
3076	3481
2932	3395
2802	3272
2686	3122
2596	2977
2553	2867
2547	2800
2556	2759
2564	2728
2577	2702
2608	2690
2671	2698
2768	2737
2889	2805
3019	2896
3136	2996
3227	3091
3283	3169
3304	3228
3295	3263
3256	3264
3186	3221
3098	3147
3019	3072
2959	3011
2918	2963
2888	2919
2871	2881
2870	2850
2888	2831
2918	2822
2955	2825
2994	2836
3031	2851
3061	2868
3088	2887
3107	2902
3119	2912
828	834
860	865
866	873
855	864
842	852
836	846
841	853
858	873
887	904
925	941
968	984
1012	1028
1057	1072
1103	1113
1150	1147
1195	1170
1220	1171
1200	1141
1134	1083
1042	1010
952	947
889	910
870	912
899	956
968	1030
1063	1116
1158	1195
1245	1255
1312	1291
1346	1297
1337	1272
1275	1216
1191	1154
1131	1115
1131	1123
1188	1179
1284	1269
1386	1364
1462	1434
1486	1456
1447	1420
1360	1337
1255	1237
1167	1156
1122	1118
1124	1129
1160	1177
1209	1239
1255	1303
1303	1363
1351	1419
1405	1466
1469	1505
1542	1531
1626	1543
1715	1543
1809	1532
1902	1521
1995	1519
2090	1536
2180	1565
2254	1597
2299	1623
2307	1635
2289	1639
2270	1646
2273	1668
2306	1722
2373	1810
2470	1928
2595	2068
2732	2217
2870	2352
2987	2457
3073	2518
3125	2537
3143	2524
3153	2501
3185	2503
3271	2560
3390	2666
3488	2791
3535	2907
3541	3006
3525	3088
3507	3160
3509	3234
3543	3326
3606	3439
3677	3564
3724	3678
3719	3756
3653	3782
3541	3760
3408	3702
3287	3633
3195	3576
3134	3540
3091	3521
3052	3496
3007	3448
2960	3368
2922	3266
2905	3161
2911	3072
2944	3014
2996	2994
3060	3013
3133	3067
3198	3134
3235	3184
3225	3188
3176	3149
3116	3097
3060	3051
3008	3009
2956	2963
2900	2908
2845	2852
2798	2800
2759	2758
2734	2732
2723	2721
2722	2722
2729	2732
2742	2750
2755	2768
2764	2780
839	840
866	863
876	874
869	872
858	868
856	868
867	881
889	902
919	928
953	956
991	984
1031	1016
1069	1045
1101	1066
1116	1069
1107	1044
1075	1002
1032	961
988	934
947	919
922	921
921	940
949	979
1007	1036
1080	1096
1150	1148
1203	1179
1230	1187
1231	1173
1211	1145
1178	1121
1146	1112
1119	1120
1108	1129
1119	1141
1158	1162
1219	1195
1287	1233
1338	1263
1355	1273
1325	1254
1261	1213
1186	1170
1134	1146
1121	1154
1152	1190
1210	1240
1275	1285
1336	1322
1396	1359
1450	1398
1493	1431
1519	1447
1520	1439
1495	1407
1444	1348
1376	1275
1307	1200
1252	1142
1224	1108
1219	1096
1229	1102
1247	1127
1267	1167
1288	1210
1302	1235
1319	1241
1349	1240
1407	1253
1492	1283
1600	1333
1718	1395
1829	1458
1912	1504
1959	1528
1970	1527
1954	1512
1928	1490
1913	1473
1932	1475
2002	1518
2126	1622
2289	1780
2462	1954
2617	2107
2737	2219
2835	2296
2928	2359
3034	2432
3161	2530
3299	2655
3432	2794
3538	2928
3611	3050
3653	3159
3679	3277
3706	3404
3743	3530
3780	3642
3802	3732
3787	3789
3722	3801
3611	3760
3471	3680
3330	3579
3211	3479
3132	3404
3104	3364
3125	3362
3172	3383
3205	3388
3195	3352
3147	3283
3091	3216
3050	3170
3020	3139
2985	3107
2944	3067
2899	3021
2857	2978
2826	2941
2808	2915
2804	2901
2812	2898
2830	2905
2853	2920
2875	2935
2889	2945
841	847
859	862
872	874
877	881
876	885
880	887
890	896
908	911
931	932
953	948
971	960
990	969
1007	980
1022	990
1023	996
1007	995
982	991
958	986
946	985
945	986
954	994
974	1009
1006	1028
1048	1054
1089	1079
1123	1099
1142	1112
1146	1122
1140	1128
1127	1131
1119	1139
1130	1159
1154	1190
1177	1215
1189	1226
1197	1232
1212	1236
1229	1242
1243	1248
1247	1249
1239	1246
1219	1239
1199	1231
1191	1230
1201	1235
1227	1244
1253	1250
1270	1243
1276	1230
1286	1222
1303	1222
1320	1227
1328	1230
1323	1227
1300	1217
1261	1202
1213	1181
1166	1161
1128	1145
1105	1136
1099	1134
1107	1142
1138	1168
1195	1220
1261	1281
1303	1322
1308	1328
1291	1311
1273	1288
1261	1264
1260	1245
1270	1229
1282	1215
1287	1201
1280	1181
1263	1157
1241	1135
1220	1116
1207	1111
1214	1122
1252	1152
1327	1196
1433	1243
1543	1283
1634	1308
1694	1316
1730	1318
1759	1324
1799	1346
1865	1388
1955	1447
2061	1513
2169	1582
2279	1652
2399	1732
2550	1836
2728	1968
2910	2123
3077	2296
3235	2486
3379	2690
3500	2896
3586	3090
3637	3263
3654	3403
3651	3514
3642	3599
3642	3667
3652	3720
3661	3750
3648	3742
3594	3688
3510	3607
3431	3532
3377	3480
3337	3445
3299	3414
3252	3378
3200	3339
3144	3293
3090	3245
3045	3201
3006	3164
2981	3135
2967	3116
2964	3107
2966	3105
2969	3107
856	868
869	878
879	885
885	889
889	893
893	900
902	910
916	925
934	942
949	955
958	967
965	974
972	980
980	988
991	999
999	1007
1004	1014
1007	1018
1010	1022
1012	1027
1020	1036
1032	1049
1046	1061
1063	1073
1078	1083
1089	1092
1100	1104
1113	1118
1127	1131
1139	1142
1153	1156
1175	1177
1204	1202
1226	1220
1236	1230
1241	1233
1241	1234
1243	1234
1244	1234
1245	1234
1244	1234
1242	1234
1241	1234
1239	1233
1241	1234
1242	1232
1238	1225
1224	1211
1203	1192
1189	1178
1182	1172
1182	1170
1182	1169
1181	1169
1179	1169
1175	1168
1169	1167
1164	1167
1160	1166
1157	1165
1157	1165
1159	1162
1169	1151
1188	1131
1209	1104
1225	1086
1227	1079
1219	1080
1208	1087
1197	1099
1190	1113
1184	1127
1175	1138
1169	1151
1163	1166
1153	1176
1143	1184
1133	1187
1131	1186
1134	1177
1145	1166
1157	1154
1165	1144
1165	1130
1154	1111
1139	1092
1127	1081
1128	1084
1143	1101
1175	1130
1216	1163
1259	1196
1300	1227
1336	1247
1362	1243
1379	1209
1407	1169
1478	1170
1603	1230
1774	1333
1974	1464
2193	1617
2418	1782
2636	1953
2835	2119
3008	2277
3156	2422
3280	2552
3376	2660
3441	2745
3465	2801
3443	2838
3396	2859
3352	2875
3325	2894
3314	2921
3313	2959
3317	3008
3320	3063
3319	3116
3312	3163
3306	3210
3303	3257
3304	3301
3307	3340
3317	3374
3326	3402
3332	3419
878	885
884	890
889	894
893	900
899	909
909	921
923	936
938	951
954	968
968	982
981	995
989	1004
996	1010
1002	1013
1009	1019
1016	1026
1022	1033
1026	1038
1031	1044
1039	1052
1049	1062
1062	1073
1073	1081
1082	1091
1091	1101
1102	1115
1114	1127
1127	1138
1138	1147
1148	1155
1160	1166
1178	1179
1197	1193
1211	1200
1219	1205
1220	1206
1221	1206
1221	1206
1221	1206
1221	1206
1221	1206
1221	1206
1221	1206
1221	1206
1221	1206
1220	1205
1214	1203
1204	1200
1191	1194
1180	1191
1176	1188
1175	1188
1174	1188
1174	1188
1174	1188
1174	1188
1174	1188
1174	1188
1174	1188
1174	1188
1172	1186
1166	1178
1142	1152
1093	1099
1034	1033
993	987
980	972
988	981
1005	997
1029	1020
1057	1045
1083	1070
1106	1093
1133	1117
1161	1142
1184	1164
1203	1184
1215	1196
1215	1201
1202	1190
1180	1172
1158	1156
1142	1143
1127	1133
1109	1121
1094	1112
1089	1112
1098	1124
1117	1144
1144	1169
1173	1194
1203	1219
1228	1242
1245	1258
1242	1266
1217	1266
1180	1256
1160	1235
1163	1202
1183	1159
1214	1112
1258	1073
1317	1045
1388	1034
1469	1039
1558	1066
1652	1109
1744	1161
1828	1217
1905	1275
1980	1340
2064	1423
2153	1518
2228	1601
2288	1671
2346	1737
2412	1811
2493	1896
2582	1994
2673	2094
2761	2193
2848	2292
2932	2388
3009	2473
3074	2546
3128	2603
3168	2645
3191	2671
893	903
897	910
902	916
910	924
921	934
935	944
948	957
964	972
980	990
995	1004
1007	1016
1015	1025
1020	1032
1024	1037
1030	1044
1038	1051
1046	1060
1054	1068
1060	1072
1066	1077
1073	1082
1082	1091
1090	1101
1102	1115
1114	1130
1129	1144
1141	1157
1150	1166
1158	1173
1166	1179
1175	1186
1182	1187
1187	1184
1188	1179
1188	1177
1188	1177
1188	1176
1188	1176
1188	1176
1188	1176
1188	1176
1188	1176
1188	1176
1188	1176
1189	1177
1189	1178
1191	1182
1194	1192
1200	1204
1202	1212
1204	1217
1206	1219
1205	1219
1205	1219
1205	1219
1205	1219
1205	1219
1205	1219
1205	1219
1205	1219
1204	1218
1199	1217
1179	1209
1140	1195
1091	1176
1057	1163
1045	1156
1047	1154
1056	1150
1067	1147
1079	1144
1091	1140
1102	1134
1111	1126
1122	1119
1134	1115
1143	1113
1151	1113
1155	1115
1155	1121
1152	1131
1148	1140
1144	1146
1141	1151
1138	1157
1136	1161
1139	1169
1154	1185
1173	1202
1195	1221
1213	1233
1233	1245
1251	1258
1265	1264
1271	1258
1273	1234
1263	1197
1236	1151
1187	1104
1121	1052
1050	1000
982	954
927	917
887	895
868	890
873	906
899	939
938	981
980	1026
1023	1062
1060	1075
1094	1052
1128	1010
1162	982
1203	983
1253	1009
1316	1048
1386	1090
1465	1136
1548	1185
1632	1236
1715	1287
1794	1336
1865	1379
1925	1415
1972	1443
2008	1465
2028	1479
917	931
925	939
932	946
938	949
944	955
954	963
965	975
980	989
996	1005
1012	1022
1025	1035
1036	1048
1046	1059
1054	1068
1059	1072
1065	1076
1071	1079
1077	1082
1081	1086
1085	1093
1091	1101
1102	1114
1115	1129
1129	1143
1145	1160
1160	1176
1174	1188
1182	1197
1188	1203
1193	1205
1195	1204
1193	1201
1187	1196
1181	1192
1177	1190
1177	1189
1176	1188
1176	1188
1176	1188
1176	1188
1176	1188
1176	1188
1176	1188
1176	1188
1177	1189
1179	1190
1183	1194
1194	1203
1208	1215
1219	1224
1225	1228
1226	1230
1226	1230
1226	1230
1226	1230
1226	1230
1226	1230
1226	1230
1226	1230
1226	1230
1226	1231
1227	1234
1232	1244
1240	1264
1250	1292
1258	1313
1260	1320
1255	1316
1244	1304
1231	1290
1217	1274
1202	1257
1185	1238
1163	1216
1145	1194
1128	1173
1117	1160
1109	1147
1107	1139
1114	1135
1126	1138
1139	1143
1149	1152
1160	1167
1173	1187
1185	1206
1197	1224
1216	1245
1233	1261
1246	1271
1254	1273
1260	1271
1264	1270
1262	1263
1241	1239
1192	1189
1127	1127
1071	1078
1034	1055
1011	1050
992	1052
981	1057
976	1064
979	1071
993	1081
1021	1095
1056	1112
1099	1132
1141	1153
1172	1171
1174	1177
1131	1166
1065	1142
1011	1118
992	1107
997	1105
1012	1106
1027	1100
1040	1092
1053	1080
1068	1070
1085	1062
1102	1055
1115	1048
1126	1040
1135	1034
1143	1034
1149	1034
943	952
951	960
956	968
960	974
966	979
974	988
987	1001
1002	1015
1018	1031
1034	1048
1048	1060
1060	1071
1070	1076
1076	1081
1080	1085
1083	1091
1087	1097
1090	1102
1094	1108
1103	1117
1114	1128
1127	1137
1141	1150
1157	1166
1173	1182
1188	1197
1200	1208
1208	1216
1213	1224
1216	1229
1216	1229
1214	1228
1209	1225
1207	1222
1206	1222
1206	1221
1206	1221
1206	1221
1206	1221
1206	1221
1206	1221
1206	1221
1206	1221
1206	1221
1206	1221
1207	1223
1209	1225
1217	1231
1226	1240
1232	1246
1236	1250
1237	1251
1237	1251
1237	1251
1237	1251
1237	1251
1237	1251
1237	1251
1237	1251
1237	1251
1238	1252
1241	1254
1253	1263
1275	1279
1303	1300
1324	1316
1334	1323
1331	1323
1324	1318
1314	1314
1304	1308
1292	1302
1279	1296
1264	1287
1249	1279
1232	1270
1219	1264
1206	1254
1192	1235
1176	1206
1159	1173
1150	1152
1155	1155
1173	1176
1198	1209
1223	1241
1247	1270
1270	1293
1286	1308
1292	1311
1289	1304
1282	1292
1275	1280
1267	1268
1250	1255
1219	1242
1183	1229
1157	1219
1144	1209
1142	1200
1142	1191
1140	1179
1138	1165
1129	1143
1116	1115
1100	1082
1083	1047
1068	1012
1056	982
1055	969
1074	990
1113	1054
1162	1136
1194	1198
1208	1227
1208	1234
1204	1234
1195	1228
1178	1215
1156	1198
1137	1180
1119	1163
1101	1147
1084	1130
1068	1116
1058	1106
1053	1104
1051	1103
961	971
971	983
982	996
990	1005
996	1010
1003	1015
1014	1024
1028	1038
1046	1056
1060	1070
1070	1080
1078	1086
1082	1089
1086	1097
1092	1105
1102	1118
1111	1127
1118	1134
1124	1139
1130	1143
1138	1149
1147	1156
1158	1166
1172	1181
1189	1194
1202	1206
1213	1215
1223	1228
1236	1243
1243	1254
1246	1258
1244	1258
1239	1255
1238	1253
1236	1252
1235	1251
1235	1251
1235	1251
1235	1251
1235	1251
1235	1251
1235	1251
1235	1251
1235	1251
1235	1251
1236	1252
1240	1256
1247	1263
1257	1271
1264	1278
1268	1282
1270	1284
1270	1284
1270	1284
1270	1284
1270	1284
1270	1284
1270	1284
1270	1284
1270	1284
1270	1284
1272	1286
1277	1292
1289	1305
1304	1320
1314	1328
1317	1328
1314	1320
1309	1310
1303	1298
1298	1288
1292	1278
1286	1267
1280	1257
1276	1249
1272	1243
1269	1238
1262	1230
1242	1211
1207	1181
1169	1152
1146	1139
1152	1153
1182	1186
1221	1231
1258	1271
1290	1304
1313	1327
1326	1338
1327	1339
1318	1329
1302	1310
1283	1287
1265	1265
1251	1248
1243	1242
1239	1244
1231	1240
1219	1224
1203	1202
1186	1179
1170	1159
1153	1141
1133	1128
1110	1117
1084	1109
1058	1102
1030	1097
1006	1093
995	1092
1008	1092
1050	1094
1107	1094
1151	1096
1175	1102
1184	1111
1191	1121
1191	1125
1187	1129
1178	1128
1171	1131
1162	1131
1152	1129
1143	1125
1135	1125
1131	1127
1131	1132
1132	1136
981	988
996	1003
1007	1014
1015	1024
1020	1032
1026	1040
1033	1048
1049	1064
1067	1085
1084	1105
1094	1120
1102	1134
1109	1145
1120	1159
1130	1169
1140	1173
1147	1173
1151	1170
1152	1170
1154	1170
1160	1174
1168	1181
1179	1191
1191	1199
1200	1205
1208	1210
1216	1215
1228	1223
1243	1236
1254	1245
1260	1252
1264	1263
1266	1271
1268	1279
1269	1283
1270	1284
1270	1284
1270	1284
1270	1284
1270	1284
1270	1284
1270	1284
1270	1284
1270	1284
1270	1284
1270	1284
1273	1286
1278	1287
1283	1290
1288	1292
1290	1293
1291	1293
1291	1293
1291	1293
1291	1293
1291	1293
1291	1293
1291	1293
1291	1293
1291	1293
1291	1293
1294	1296
1302	1304
1318	1318
1337	1336
1346	1345
1343	1341
1331	1329
1316	1314
1300	1298
1285	1283
1269	1267
1253	1251
1237	1234
1224	1220
1212	1206
1200	1192
1189	1180
1172	1168
1154	1159
1142	1160
1142	1168
1163	1188
1198	1215
1239	1247
1277	1276
1307	1299
1328	1316
1340	1326
1340	1326
1329	1317
1310	1300
1287	1282
1265	1266
1252	1260
1254	1267
1265	1283
1268	1289
1253	1279
1226	1252
1197	1221
1171	1193
1153	1175
1142	1166
1138	1163
1140	1165
1147	1172
1159	1186
1171	1203
1180	1214
1173	1202
1139	1156
1094	1092
1060	1045
1052	1027
1056	1028
1064	1033
1070	1036
1075	1041
1082	1048
1089	1057
1095	1063
1098	1066
1098	1068
1100	1072
1108	1079
1116	1088
1122	1094
991	993
1008	1010
1019	1021
1031	1036
1044	1053
1055	1067
1066	1079
1082	1097
1105	1120
1130	1149
1151	1176
1172	1203
1189	1224
1204	1239
1210	1242
1208	1234
1200	1220
1192	1208
1189	1203
1187	1201
1190	1203
1194	1204
1200	1207
1205	1209
1208	1210
1210	1211
1213	1212
1218	1214
1225	1216
1232	1220
1240	1229
1254	1246
1270	1266
1282	1282
1289	1291
1291	1293
1291	1293
1291	1293
1291	1293
1291	1293
1291	1293
1291	1293
1291	1293
1291	1293
1291	1293
1291	1293
1292	1293
1292	1293
1293	1293
1293	1294
1294	1294
1294	1294
1294	1294
1294	1294
1294	1294
1294	1294
1294	1294
1294	1294
1294	1294
1294	1294
1294	1294
1295	1293
1299	1294
1308	1296
1318	1298
1322	1298
1319	1295
1310	1292
1301	1287
1289	1282
1279	1278
1269	1274
1258	1269
1247	1265
1238	1260
1228	1256
1218	1252
1209	1248
1201	1241
1198	1236
1199	1231
1205	1229
1217	1232
1233	1238
1251	1246
1267	1252
1280	1257
1291	1261
1297	1263
1297	1263
1291	1262
1281	1257
1271	1253
1262	1251
1260	1251
1269	1260
1282	1271
1290	1278
1282	1273
1260	1256
1233	1235
1209	1216
1195	1207
1187	1200
1183	1195
1178	1185
1176	1173
1182	1168
1190	1166
1197	1166
1183	1152
1140	1118
1082	1071
1039	1037
1021	1020
1019	1017
1021	1018
1023	1019
1025	1020
1030	1021
1035	1024
1040	1026
1042	1026
1043	1027
1046	1028
1051	1030
1056	1033
1061	1034
993	993
1010	1010
1022	1022
1039	1039
1057	1059
1072	1074
1086	1088
1104	1106
1128	1130
1159	1162
1189	1192
1218	1223
1241	1246
1256	1261
1258	1262
1246	1250
1229	1232
1216	1218
1210	1212
1208	1210
1208	1210
1209	1210
1209	1210
1210	1210
1210	1210
1210	1210
1211	1210
1211	1210
1212	1210
1214	1213
1225	1223
1242	1241
1264	1264
1281	1281
1291	1291
1294	1294
1294	1294
1294	1294
1294	1294
1294	1294
1294	1294
1294	1294
1294	1294
1294	1294
1294	1294
1294	1294
1294	1294
1294	1294
1294	1294
1294	1294
1294	1294
1294	1294
1294	1294
1294	1294
1294	1294
1294	1294
1294	1294
1294	1294
1294	1294
1294	1294
1294	1294
1293	1294
1292	1293
1291	1295
1291	1296
1290	1297
1289	1298
1287	1297
1285	1297
1284	1297
1283	1297
1282	1297
1281	1297
1280	1296
1279	1296
1277	1296
1276	1295
1274	1293
1268	1285
1257	1268
1244	1246
1233	1229
1229	1221
1230	1219
1231	1219
1233	1219
1234	1219
1235	1220
1236	1220
1236	1220
1235	1220
1234	1219
1233	1219
1234	1221
1238	1226
1247	1238
1260	1254
1268	1264
1266	1263
1252	1251
1233	1232
1218	1219
1211	1212
1206	1208
1200	1201
1187	1187
1170	1169
1159	1157
1151	1147
1147	1142
1135	1129
1105	1101
1066	1065
1036	1036
1022	1022
1018	1018
1017	1017
1017	1017
1018	1017
1018	1017
1019	1017
1020	1017
1020	1017
1020	1017
1020	1017
1021	1018
1022	1018
1022	1018
993	993
1010	1010
1022	1022
1040	1040
1059	1059
1075	1075
1088	1088
1106	1107
1131	1131
1163	1163
1193	1193
1223	1223
1247	1247
1262	1262
1263	1263
1251	1251
1232	1232
1219	1219
1213	1213
1210	1210
1210	1210
1210	1210
1210	1210
1210	1210
1210	1210
1210	1210
1210	1210
1210	1210
1210	1210
1213	1213
1223	1223
1241	1241
1264	1264
1281	1281
1291	1291
1294	1294
1294	1294
1294	1294
1294	1294
1294	1294
1294	1294
1294	1294
1294	1294
1294	1294
1294	1294
1294	1294
1294	1294
1294	1294
1294	1294
1294	1294
1294	1294
1294	1294
1294	1294
1294	1294
1294	1294
1294	1294
1294	1294
1294	1294
1294	1294
1294	1294
1294	1294
1294	1295
1296	1297
1301	1306
1307	1316
1312	1323
1314	1327
1315	1328
1315	1328
1315	1328
1315	1328
1315	1328
1315	1328
1315	1328
1315	1328
1315	1328
1314	1328
1311	1324
1300	1312
1278	1286
1248	1252
1226	1227
1216	1214
1212	1210
1212	1210
1212	1210
1212	1210
1212	1210
1212	1210
1212	1210
1212	1210
1212	1210
1212	1210
1215	1213
1220	1219
1234	1232
1252	1251
1263	1263
1263	1263
1251	1251
1232	1232
1219	1219
1213	1213
1208	1208
1201	1201
1187	1187
1169	1169
1156	1156
1146	1146
1141	1141
1128	1128
1101	1101
1065	1066
1036	1038
1022	1024
1018	1020
1017	1020
1017	1020
1017	1020
1017	1020
1017	1020
1017	1020
1017	1020
1017	1020
1017	1020
1017	1020
1017	1020
1017	1020
993	993
1010	1010
1022	1022
1040	1040
1059	1059
1075	1075
1088	1088
1107	1107
1131	1131
1163	1163
1193	1193
1223	1223
1247	1247
1262	1262
1263	1263
1251	1251
1232	1232
1219	1219
1213	1213
1210	1210
1210	1210
1210	1210
1210	1210
1210	1210
1210	1210
1210	1210
1210	1210
1210	1210
1210	1210
1213	1213
1223	1223
1241	1241
1264	1264
1281	1281
1291	1291
1294	1294
1294	1294
1294	1294
1294	1294
1294	1294
1294	1294
1294	1294
1294	1294
1294	1294
1294	1294
1294	1294
1294	1294
1294	1294
1294	1294
1294	1294
1294	1294
1294	1294
1294	1294
1294	1294
1294	1294
1294	1294
1294	1294
1294	1294
1294	1294
1294	1294
1294	1294
1295	1295
1298	1299
1308	1310
1320	1323
1330	1333
1334	1338
1336	1340
1336	1340
1336	1340
1336	1340
1336	1340
1336	1340
1336	1340
1336	1340
1336	1340
1336	1340
1332	1335
1318	1322
1290	1293
1255	1257
1228	1230
1214	1217
1210	1212
1210	1212
1210	1212
1210	1212
1210	1212
1210	1212
1210	1212
1210	1212
1210	1212
1210	1212
1213	1215
1219	1220
1232	1234
1251	1252
1263	1263
1263	1263
1251	1251
1232	1232
1219	1219
1213	1213
1208	1208
1201	1201
1187	1187
1169	1169
1156	1156
1146	1146
1141	1142
1129	1131
1104	1108
1070	1080
1044	1056
1030	1045
1027	1041
1026	1041
1026	1041
1026	1041
1026	1041
1026	1041
1026	1041
1026	1041
1026	1041
1026	1041
1026	1041
1026	1041
1026	1041
993	993
1010	1010
1022	1022
1040	1040
1059	1059
1075	1075
1088	1088
1107	1107
1131	1131
1163	1163
1193	1193
1223	1223
1247	1247
1262	1262
1263	1263
1251	1251
1232	1232
1219	1219
1213	1213
1210	1210
1210	1210
1210	1210
1210	1210
1210	1210
1210	1210
1210	1210
1210	1210
1210	1210
1210	1210
1213	1213
1223	1223
1241	1241
1264	1264
1281	1281
1291	1291
1294	1294
1294	1294
1294	1294
1294	1294
1294	1294
1294	1294
1294	1294
1294	1294
1294	1294
1294	1294
1294	1294
1294	1294
1294	1294
1294	1294
1294	1294
1294	1294
1294	1294
1294	1294
1294	1294
1294	1294
1294	1294
1294	1294
1294	1294
1294	1294
1294	1294
1294	1294
1295	1296
1300	1302
1312	1317
1328	1336
1339	1352
1344	1358
1347	1360
1347	1362
1347	1362
1347	1362
1347	1362
1347	1362
1347	1362
1347	1362
1347	1362
1347	1360
1342	1356
1329	1343
1301	1316
1264	1280
1237	1253
1224	1240
1220	1236
1220	1235
1220	1235
1220	1235
1220	1235
1220	1235
1220	1235
1220	1235
1220	1235
1220	1235
1222	1237
1227	1240
1238	1249
1254	1260
1264	1266
1263	1263
1251	1251
1232	1232
1219	1219
1213	1213
1208	1208
1201	1201
1187	1187
1169	1169
1156	1156
1147	1147
1142	1143
1134	1136
1114	1120
1091	1101
1072	1085
1062	1078
1059	1076
1059	1075
1059	1075
1059	1075
1059	1075
1059	1075
1059	1075
1059	1075
1059	1075
1059	1075
1059	1075
1059	1075
1059	1075
993	993
1010	1010
1022	1022
1040	1040
1059	1059
1075	1075
1088	1088
1107	1106
1131	1131
1163	1163
1193	1193
1223	1223
1247	1247
1262	1262
1263	1263
1251	1251
1232	1232
1219	1219
1213	1213
1210	1210
1210	1210
1210	1210
1210	1210
1210	1210
1210	1210
1210	1210
1210	1210
1210	1210
1210	1210
1213	1213
1223	1223
1241	1241
1264	1264
1281	1281
1291	1291
1294	1294
1294	1294
1294	1294
1294	1294
1294	1294
1294	1294
1294	1294
1294	1294
1294	1294
1294	1294
1294	1294
1294	1294
1294	1294
1294	1294
1294	1294
1294	1294
1294	1294
1294	1294
1294	1294
1294	1294
1294	1294
1294	1294
1294	1294
1294	1294
1294	1294
1294	1294
1297	1298
1305	1308
1324	1329
1348	1356
1367	1379
1375	1389
1378	1392
1379	1393
1379	1393
1379	1393
1379	1393
1379	1393
1379	1393
1379	1393
1379	1393
1378	1393
1374	1389
1362	1378
1336	1356
1303	1327
1277	1305
1265	1294
1261	1291
1261	1291
1261	1291
1261	1291
1261	1291
1261	1291
1261	1291
1261	1291
1261	1291
1261	1290
1261	1290
1262	1288
1264	1285
1268	1279
1270	1273
1265	1266
1251	1251
1232	1232
1219	1219
1213	1213
1208	1208
1201	1201
1187	1187
1169	1169
1156	1156
1147	1148
1143	1144
1138	1140
1125	1131
1109	1120
1097	1110
1091	1106
1089	1105
1088	1105
1088	1105
1088	1105
1088	1105
1088	1105
1088	1105
1088	1105
1088	1105
1088	1105
1088	1105
1088	1105
1088	1105
993	991
1010	1008
1022	1020
1039	1036
1058	1055
1074	1071
1088	1085
1106	1103
1130	1126
1162	1157
1192	1187
1222	1216
1246	1240
1261	1255
1262	1256
1250	1245
1232	1229
1218	1216
1212	1210
1210	1208
1210	1208
1210	1209
1210	1209
1210	1210
1210	1210
1210	1210
1210	1211
1210	1211
1210	1212
1213	1214
1223	1224
1241	1242
1264	1264
1281	1281
1290	1290
1294	1293
1294	1293
1294	1293
1294	1293
1294	1293
1294	1293
1294	1293
1294	1293
1294	1293
1294	1293
1294	1293
1294	1293
1294	1293
1294	1293
1294	1293
1294	1293
1294	1293
1294	1293
1294	1293
1294	1293
1294	1293
1294	1293
1294	1293
1294	1293
1294	1293
1294	1293
1298	1297
1309	1308
1331	1331
1361	1360
1384	1384
1395	1395
1399	1399
1399	1399
1399	1399
1399	1399
1399	1399
1399	1399
1399	1399
1399	1399
1399	1399
1399	1399
1396	1398
1388	1392
1371	1381
1350	1367
1333	1357
1324	1352
1322	1350
1322	1350
1322	1350
1322	1350
1322	1350
1322	1350
1322	1350
1322	1350
1322	1350
1321	1348
1319	1347
1315	1338
1304	1323
1291	1303
1278	1285
1266	1270
1251	1254
1232	1236
1219	1223
1213	1217
1209	1212
1202	1205
1187	1190
1169	1172
1157	1159
1148	1151
1145	1148
1143	1147
1138	1144
1131	1140
1125	1137
1123	1135
1122	1135
1122	1135
1122	1135
1122	1135
1122	1135
1122	1135
1122	1135
1122	1135
1122	1135
1122	1135
1122	1135
1122	1135
1122	1135
987	978
1002	989
1013	998
1028	1009
1045	1024
1060	1040
1075	1055
1093	1072
1114	1091
1142	1112
1170	1135
1197	1159
1220	1180
1235	1195
1238	1200
1229	1198
1217	1193
1207	1189
1203	1188
1201	1187
1203	1191
1204	1195
1207	1201
1209	1206
1210	1209
1211	1211
1212	1213
1214	1218
1216	1225
1220	1232
1229	1240
1245	1252
1265	1267
1280	1278
1288	1284
1291	1286
1291	1287
1291	1287
1291	1287
1291	1287
1291	1287
1291	1287
1291	1287
1291	1287
1291	1287
1291	1287
1291	1287
1291	1287
1291	1287
1291	1287
1291	1287
1291	1287
1291	1287
1291	1287
1291	1287
1291	1287
1291	1287
1291	1287
1291	1287
1291	1287
1291	1287
1295	1289
1305	1299
1327	1319
1355	1345
1378	1365
1389	1375
1392	1378
1393	1379
1393	1379
1393	1379
1393	1379
1393	1379
1393	1379
1393	1379
1393	1379
1393	1379
1392	1378
1389	1377
1383	1376
1376	1372
1371	1370
1369	1369
1368	1369
1367	1369
1367	1369
1367	1369
1367	1369
1367	1369
1367	1369
1367	1369
1367	1369
1366	1368
1364	1366
1355	1359
1337	1344
1314	1325
1294	1308
1279	1296
1264	1284
1248	1272
1235	1261
1229	1254
1223	1247
1215	1237
1201	1222
1183	1205
1170	1192
1160	1180
1156	1172
1154	1165
1148	1154
1142	1142
1138	1132
1135	1126
1135	1125
1135	1125
1135	1125
1135	1125
1135	1125
1135	1125
1135	1125
1135	1125
1135	1125
1135	1125
1135	1125
1135	1125
1135	1125
967	962
974	966
980	969
988	977
1001	988
1016	1003
1032	1019
1049	1035
1064	1049
1079	1060
1095	1071
1113	1084
1131	1097
1145	1108
1153	1117
1157	1127
1163	1139
1166	1148
1169	1154
1170	1156
1176	1164
1184	1175
1195	1190
1204	1202
1209	1208
1211	1212
1216	1218
1224	1229
1236	1245
1246	1257
1253	1263
1261	1268
1270	1272
1276	1274
1279	1276
1280	1276
1281	1277
1281	1277
1281	1277
1281	1277
1281	1277
1281	1277
1281	1277
1281	1277
1281	1277
1281	1277
1281	1277
1281	1277
1281	1277
1281	1277
1281	1277
1281	1277
1281	1277
1281	1277
1281	1277
1281	1277
1281	1277
1281	1277
1281	1277
1281	1277
1281	1277
1283	1279
1292	1286
1309	1302
1331	1321
1349	1336
1358	1344
1360	1347
1362	1347
1362	1347
1362	1347
1362	1347
1362	1347
1362	1347
1362	1347
1362	1347
1362	1347
1361	1347
1361	1347
1361	1347
1360	1347
1359	1346
1359	1346
1359	1346
1359	1346
1359	1346
1359	1346
1359	1346
1359	1346
1359	1346
1359	1346
1359	1346
1358	1347
1357	1346
1353	1347
1346	1349
1337	1350
1327	1349
1321	1347
1313	1341
1304	1333
1295	1325
1288	1318
1280	1310
1266	1296
1252	1281
1235	1264
1222	1251
1209	1238
1197	1225
1186	1210
1167	1185
1143	1155
1126	1132
1117	1120
1115	1117
1115	1117
1115	1117
1115	1117
1115	1117
1115	1117
1115	1117
1115	1117
1115	1117
1115	1117
1115	1117
1115	1117
1115	1117
965	976
968	981
971	985
978	992
991	1004
1005	1017
1022	1034
1038	1050
1052	1065
1063	1078
1073	1089
1082	1096
1089	1102
1097	1107
1105	1111
1116	1121
1130	1132
1141	1140
1146	1145
1150	1148
1158	1156
1170	1169
1187	1187
1202	1201
1208	1208
1213	1213
1219	1219
1232	1232
1249	1251
1262	1264
1269	1270
1272	1273
1273	1273
1273	1273
1273	1273
1274	1273
1274	1273
1274	1273
1274	1273
1274	1273
1274	1273
1274	1273
1274	1273
1274	1273
1274	1273
1274	1273
1274	1273
1274	1273
1274	1273
1274	1273
1274	1273
1274	1273
1274	1273
1274	1273
1274	1273
1274	1273
1274	1273
1274	1273
1274	1273
1274	1273
1275	1274
1277	1276
1284	1283
1298	1297
1317	1315
1331	1328
1338	1336
1340	1338
1340	1338
1340	1338
1340	1338
1340	1338
1340	1338
1340	1338
1340	1338
1340	1338
1340	1338
1340	1338
1340	1338
1340	1338
1340	1338
1340	1338
1340	1338
1340	1338
1340	1338
1340	1338
1340	1338
1340	1338
1340	1338
1340	1338
1340	1338
1340	1338
1341	1339
1342	1341
1346	1347
1353	1358
1363	1374
1370	1385
1370	1388
1364	1382
1355	1374
1347	1366
1340	1358
1332	1350
1318	1337
1304	1323
1289	1309
1276	1297
1264	1288
1253	1278
1237	1259
1209	1231
1176	1200
1151	1175
1138	1164
1136	1161
1135	1161
1135	1161
1135	1161
1135	1161
1135	1161
1135	1161
1135	1161
1135	1161
1135	1161
1135	1161
1135	1161
1135	1161
988	1000
1000	1016
1005	1026
1012	1033
1021	1041
1034	1051
1049	1065
1066	1081
1081	1097
1096	1111
1108	1123
1116	1131
1121	1135
1123	1137
1126	1138
1131	1141
1138	1143
1142	1145
1145	1146
1148	1148
1156	1156
1169	1169
1187	1187
1201	1201
1208	1208
1213	1213
1219	1219
1232	1232
1251	1251
1264	1264
1270	1270
1273	1273
1273	1273
1273	1273
1273	1273
1273	1273
1273	1273
1273	1273
1273	1273
1273	1273
1273	1273
1273	1273
1273	1273
1273	1273
1273	1273
1273	1273
1273	1273
1273	1273
1273	1273
1273	1273
1273	1273
1273	1273
1273	1273
1273	1273
1273	1273
1273	1273
1273	1273
1273	1273
1273	1273
1273	1273
1274	1274
1276	1276
1282	1282
1297	1297
1315	1315
1328	1328
1335	1335
1337	1337
1337	1337
1337	1337
1337	1337
1337	1337
1337	1337
1337	1337
1337	1337
1337	1337
1337	1337
1337	1337
1337	1337
1337	1337
1337	1337
1337	1337
1337	1337
1337	1337
1337	1337
1337	1337
1337	1337
1337	1337
1337	1337
1337	1337
1337	1337
1337	1337
1338	1338
1341	1341
1347	1351
1364	1369
1383	1393
1397	1412
1403	1420
1401	1420
1395	1416
1387	1408
1378	1397
1367	1384
1353	1368
1340	1355
1326	1342
1317	1332
1309	1325
1297	1314
1279	1294
1250	1267
1220	1238
1199	1217
1188	1207
1185	1203
1184	1203
1184	1203
1184	1203
1184	1203
1184	1203
1184	1203
1184	1203
1184	1203
1184	1203
1184	1203
1184	1203
1184	1203
1006	1009
1027	1033
1043	1051
1052	1064
1059	1070
1066	1075
1077	1085
1092	1099
1109	1115
1123	1130
1134	1140
1140	1145
1142	1146
1143	1146
1144	1146
1144	1146
1145	1146
1146	1146
1146	1146
1148	1149
1156	1156
1169	1169
1187	1187
1201	1201
1208	1208
1213	1213
1219	1219
1232	1232
1251	1251
1264	1264
1270	1270
1273	1273
1273	1273
1273	1273
1273	1273
1273	1273
1273	1273
1273	1273
1273	1273
1273	1273
1273	1273
1273	1273
1273	1273
1273	1273
1273	1273
1273	1273
1273	1273
1273	1273
1273	1273
1273	1273
1273	1273
1273	1273
1273	1273
1273	1273
1273	1273
1273	1273
1273	1273
1273	1273
1273	1273
1273	1273
1274	1274
1276	1276
1282	1282
1297	1297
1315	1315
1328	1328
1335	1335
1337	1337
1337	1337
1337	1337
1337	1337
1337	1337
1337	1337
1337	1337
1337	1337
1337	1337
1337	1337
1337	1337
1337	1337
1337	1337
1337	1337
1337	1337
1337	1337
1337	1337
1337	1337
1337	1337
1337	1337
1337	1337
1337	1337
1337	1337
1337	1337
1337	1337
1338	1338
1342	1342
1353	1355
1376	1379
1405	1413
1428	1438
1438	1450
1440	1452
1436	1448
1425	1435
1411	1418
1397	1403
1381	1389
1365	1372
1352	1357
1342	1344
1334	1338
1325	1331
1308	1316
1281	1294
1253	1266
1231	1245
1220	1236
1217	1232
1217	1232
1217	1232
1217	1232
1217	1232
1217	1232
1217	1232
1217	1232
1217	1232
1217	1232
1217	1232
1217	1232
1217	1232
1009	1006
1033	1027
1051	1043
1064	1052
1070	1059
1075	1066
1085	1077
1099	1092
1115	1109
1130	1123
1140	1134
1145	1140
1146	1142
1146	1143
1146	1144
1146	1144
1146	1145
1146	1146
1146	1146
1149	1148
1156	1156
1169	1169
1187	1187
1201	1201
1208	1208
1213	1213
1219	1219
1232	1232
1251	1251
1264	1264
1270	1270
1273	1273
1273	1273
1273	1273
1273	1273
1273	1273
1273	1273
1273	1273
1273	1273
1273	1273
1273	1273
1273	1273
1273	1273
1273	1273
1273	1273
1273	1273
1273	1273
1273	1273
1273	1273
1273	1273
1273	1273
1273	1273
1273	1273
1273	1273
1273	1273
1273	1273
1273	1273
1273	1273
1273	1273
1273	1273
1274	1274
1276	1276
1282	1282
1297	1297
1315	1315
1328	1328
1335	1335
1337	1337
1337	1337
1337	1337
1337	1337
1337	1337
1337	1337
1337	1337
1337	1337
1337	1337
1337	1337
1337	1337
1337	1337
1337	1337
1337	1337
1337	1337
1337	1337
1337	1337
1337	1337
1337	1337
1337	1337
1337	1337
1337	1337
1337	1337
1337	1337
1337	1337
1338	1338
1342	1342
1355	1353
1379	1376
1413	1405
1438	1428
1450	1438
1452	1440
1448	1436
1435	1425
1418	1411
1403	1397
1389	1381
1372	1365
1357	1352
1344	1342
1338	1335
1332	1326
1319	1314
1300	1298
1278	1281
1260	1270
1252	1264
1250	1262
1250	1262
1250	1262
1250	1262
1250	1262
1250	1262
1250	1262
1250	1262
1250	1262
1250	1262
1250	1262
1250	1262
1250	1262
1000	988
1016	1000
1026	1005
1033	1012
1041	1021
1051	1034
1065	1049
1081	1066
1097	1081
1111	1096
1123	1108
1131	1116
1135	1120
1137	1123
1138	1125
1141	1131
1143	1138
1145	1142
1146	1145
1148	1148
1156	1156
1169	1169
1187	1187
1201	1201
1208	1208
1213	1213
1219	1219
1232	1232
1251	1251
1264	1264
1270	1270
1273	1273
1273	1273
1273	1273
1273	1273
1273	1273
1273	1273
1273	1273
1273	1273
1273	1273
1273	1273
1273	1273
1273	1273
1273	1273
1273	1273
1273	1273
1273	1273
1273	1273
1273	1273
1273	1273
1273	1273
1273	1273
1273	1273
1273	1273
1273	1273
1273	1273
1273	1273
1273	1273
1273	1273
1273	1273
1274	1274
1276	1276
1282	1282
1297	1297
1315	1315
1328	1328
1335	1335
1337	1337
1337	1337
1337	1337
1337	1337
1337	1337
1337	1337
1337	1337
1337	1337
1337	1337
1337	1337
1337	1337
1337	1337
1337	1337
1337	1337
1337	1337
1337	1337
1337	1337
1337	1337
1337	1337
1337	1337
1337	1337
1337	1337
1337	1337
1337	1337
1337	1337
1338	1338
1341	1341
1351	1347
1369	1364
1393	1383
1412	1397
1420	1403
1420	1401
1416	1395
1408	1387
1397	1378
1384	1367
1368	1353
1355	1340
1342	1326
1332	1317
1325	1310
1316	1300
1303	1288
1289	1275
1276	1262
1267	1255
1263	1252
1262	1250
1262	1250
1262	1250
1262	1250
1262	1250
1262	1250
1262	1250
1262	1250
1262	1250
1262	1250
1262	1250
1262	1250
1262	1250
977	967
982	970
986	972
992	978
1003	989
1017	1004
1033	1020
1050	1035
1064	1049
1077	1059
1088	1068
1095	1076
1101	1083
1105	1090
1110	1097
1120	1109
1131	1122
1139	1134
1143	1139
1147	1144
1155	1152
1168	1165
1186	1183
1201	1198
1208	1206
1212	1211
1219	1218
1232	1232
1251	1250
1264	1264
1270	1271
1273	1274
1273	1275
1274	1275
1274	1276
1274	1276
1274	1276
1274	1276
1274	1276
1274	1276
1274	1276
1274	1276
1274	1276
1274	1276
1274	1276
1274	1276
1273	1275
1273	1274
1273	1273
1273	1272
1273	1271
1273	1271
1273	1271
1273	1271
1273	1271
1273	1271
1273	1271
1273	1271
1273	1271
1273	1271
1274	1272
1276	1274
1282	1280
1296	1293
1314	1310
1327	1322
1335	1328
1336	1330
1336	1330
1336	1331
1336	1331
1336	1332
1336	1333
1336	1333
1336	1334
1337	1334
1337	1335
1337	1335
1337	1335
1337	1335
1337	1336
1337	1337
1337	1337
1337	1337
1337	1337
1337	1336
1337	1335
1337	1335
1337	1334
1336	1334
1336	1333
1336	1333
1338	1333
1339	1335
1346	1340
1358	1348
1373	1360
1385	1369
1388	1370
1383	1365
1374	1357
1366	1349
1358	1342
1350	1334
1337	1321
1323	1307
1310	1293
1298	1280
1289	1269
1280	1260
1270	1252
1258	1243
1246	1230
1238	1224
1233	1220
1233	1219
1233	1219
1233	1219
1233	1219
1233	1219
1233	1219
1233	1219
1233	1219
1233	1219
1233	1219
1233	1219
1233	1219
1233	1219
963	964
965	967
968	972
973	977
982	983
995	994
1010	1008
1025	1023
1038	1036
1047	1045
1054	1052
1063	1061
1073	1071
1082	1078
1089	1083
1100	1088
1111	1093
1121	1097
1127	1102
1132	1109
1141	1121
1156	1135
1173	1152
1188	1168
1197	1180
1205	1194
1215	1209
1231	1229
1250	1249
1265	1265
1272	1274
1277	1282
1279	1288
1281	1293
1282	1296
1283	1296
1283	1297
1283	1297
1283	1297
1283	1297
1283	1297
1283	1297
1283	1297
1283	1297
1282	1296
1282	1295
1280	1290
1276	1280
1270	1266
1267	1257
1265	1251
1264	1250
1264	1250
1264	1250
1264	1250
1264	1250
1264	1250
1264	1250
1264	1250
1264	1250
1265	1251
1266	1251
1270	1253
1281	1256
1294	1262
1303	1265
1309	1268
1310	1269
1311	1272
1313	1277
1315	1283
1318	1289
1320	1293
1322	1299
1324	1306
1327	1311
1328	1313
1328	1315
1329	1317
1332	1323
1334	1328
1336	1334
1337	1336
1337	1336
1336	1334
1334	1328
1332	1323
1329	1316
1327	1312
1324	1307
1322	1300
1320	1295
1319	1292
1320	1292
1324	1295
1331	1302
1340	1311
1345	1317
1347	1319
1344	1319
1338	1316
1333	1313
1327	1309
1319	1301
1306	1290
1293	1282
1279	1272
1267	1261
1256	1251
1246	1242
1240	1236
1232	1228
1223	1220
1216	1213
1213	1209
1212	1208
1212	1208
1212	1208
1212	1208
1212	1208
1212	1208
1212	1208
1212	1208
1212	1208
1212	1208
1212	1208
1212	1208
1212	1208
965	965
971	971
978	978
984	983
989	988
997	996
1011	1009
1025	1023
1039	1038
1049	1052
1058	1062
1066	1070
1074	1075
1078	1078
1078	1074
1075	1065
1070	1053
1067	1045
1071	1047
1080	1059
1095	1076
1112	1096
1129	1115
1145	1132
1162	1152
1182	1174
1202	1199
1226	1225
1249	1248
1266	1266
1277	1279
1288	1294
1300	1309
1309	1320
1313	1327
1314	1328
1315	1328
1315	1328
1315	1328
1315	1328
1315	1328
1315	1328
1315	1328
1315	1328
1314	1328
1312	1324
1303	1313
1286	1289
1261	1257
1244	1234
1235	1222
1233	1219
1233	1219
1233	1219
1233	1219
1233	1219
1233	1219
1233	1219
1233	1219
1233	1219
1233	1219
1232	1218
1230	1213
1226	1202
1221	1191
1218	1181
1217	1179
1220	1185
1225	1193
1234	1205
1244	1216
1253	1226
1260	1235
1270	1248
1282	1263
1291	1275
1295	1280
1298	1285
1302	1291
1311	1303
1323	1319
1331	1331
1336	1337
1336	1335
1331	1330
1323	1319
1311	1303
1301	1290
1293	1281
1284	1271
1275	1259
1265	1248
1260	1238
1258	1233
1261	1235
1268	1241
1278	1249
1286	1256
1289	1259
1289	1260
1289	1260
1288	1259
1285	1258
1280	1256
1274	1254
1269	1252
1263	1250
1257	1247
1250	1244
1245	1240
1238	1234
1228	1221
1215	1206
1207	1195
1202	1189
1201	1187
1201	1186
1201	1186
1201	1186
1201	1186
1201	1186
1201	1186
1201	1186
1201	1186
1201	1186
1201	1186
1201	1186
1201	1186
964	962
967	963
971	963
974	964
977	966
987	974
1000	987
1014	1001
1030	1018
1045	1034
1058	1048
1069	1060
1075	1069
1077	1074
1072	1070
1061	1060
1044	1044
1036	1038
1039	1042
1051	1057
1071	1075
1094	1097
1114	1120
1134	1142
1152	1162
1175	1182
1198	1203
1225	1227
1248	1250
1266	1267
1280	1281
1296	1298
1314	1316
1326	1328
1333	1335
1335	1337
1335	1337
1335	1337
1335	1337
1335	1337
1335	1337
1335	1337
1335	1337
1335	1337
1335	1337
1331	1332
1318	1319
1291	1292
1256	1256
1230	1230
1216	1217
1212	1212
1212	1212
1212	1212
1212	1212
1212	1212
1212	1212
1212	1212
1212	1212
1212	1212
1212	1212
1210	1210
1205	1204
1191	1190
1176	1175
1166	1167
1165	1169
1173	1179
1186	1191
1198	1202
1207	1210
1217	1220
1226	1231
1241	1244
1256	1259
1268	1268
1274	1274
1280	1280
1287	1288
1302	1305
1321	1327
1334	1342
1339	1344
1337	1341
1331	1335
1320	1325
1303	1310
1290	1295
1278	1283
1268	1274
1258	1265
1246	1255
1235	1245
1228	1237
1226	1232
1228	1228
1230	1224
1234	1221
1235	1220
1235	1220
1235	1220
1235	1220
1234	1220
1234	1219
1234	1219
1233	1219
1232	1219
1232	1219
1231	1219
1229	1216
1222	1210
1208	1196
1191	1178
1179	1164
1172	1158
1169	1156
1169	1155
1169	1155
1169	1155
1169	1155
1169	1155
1169	1155
1169	1155
1169	1155
1169	1155
1169	1155
1169	1155
1169	1155
962	961
961	960
959	958
957	955
959	955
965	959
975	968
989	982
1005	998
1022	1014
1035	1027
1049	1039
1060	1051
1068	1062
1069	1067
1061	1064
1050	1059
1045	1058
1052	1064
1065	1075
1081	1088
1102	1106
1126	1131
1151	1159
1173	1184
1194	1206
1213	1225
1234	1243
1254	1261
1271	1278
1285	1293
1301	1308
1318	1322
1329	1331
1335	1336
1337	1337
1337	1337
1337	1337
1337	1337
1337	1337
1337	1337
1337	1337
1337	1337
1337	1337
1337	1337
1333	1334
1320	1322
1294	1299
1261	1270
1235	1247
1223	1236
1219	1233
1219	1233
1219	1233
1219	1233
1219	1233
1219	1233
1219	1233
1219	1233
1219	1233
1219	1232
1217	1231
1210	1224
1197	1211
1183	1196
1177	1190
1181	1193
1191	1201
1201	1210
1210	1219
1218	1229
1229	1242
1241	1253
1254	1265
1266	1273
1273	1282
1279	1289
1286	1298
1296	1311
1316	1330
1339	1353
1353	1367
1355	1369
1350	1364
1343	1358
1335	1349
1322	1337
1308	1323
1294	1307
1283	1294
1274	1283
1266	1275
1258	1268
1252	1263
1246	1257
1237	1245
1225	1229
1218	1218
1213	1212
1212	1210
1212	1210
1212	1210
1212	1210
1212	1210
1212	1210
1212	1210
1212	1210
1212	1210
1212	1210
1210	1208
1204	1202
1189	1187
1171	1169
1158	1156
1151	1149
1148	1146
1148	1146
1148	1146
1148	1146
1148	1146
1148	1146
1148	1146
1148	1146
1148	1146
1148	1146
1148	1146
1148	1146
1148	1146
961	963
960	962
958	960
955	957
955	960
959	965
969	976
982	991
999	1007
1014	1022
1026	1033
1036	1043
1046	1051
1057	1061
1066	1070
1069	1075
1069	1077
1069	1078
1075	1083
1083	1093
1095	1105
1114	1126
1138	1150
1166	1177
1191	1201
1217	1226
1238	1250
1257	1271
1274	1288
1291	1306
1306	1319
1319	1328
1328	1334
1333	1337
1336	1337
1337	1337
1337	1337
1337	1337
1337	1337
1337	1337
1337	1337
1337	1337
1337	1337
1337	1337
1337	1337
1334	1335
1325	1327
1306	1312
1281	1292
1263	1277
1254	1270
1251	1267
1251	1267
1251	1267
1251	1267
1251	1267
1251	1267
1251	1267
1251	1267
1251	1267
1250	1266
1248	1264
1241	1257
1229	1244
1212	1227
1204	1216
1204	1215
1210	1219
1218	1230
1229	1242
1241	1253
1254	1264
1264	1273
1274	1283
1283	1293
1292	1305
1303	1318
1315	1328
1327	1341
1345	1357
1366	1376
1380	1391
1383	1395
1380	1393
1375	1389
1366	1381
1353	1368
1339	1353
1322	1338
1307	1322
1295	1307
1284	1294
1277	1285
1271	1276
1263	1267
1250	1253
1232	1234
1219	1221
1213	1215
1210	1212
1210	1212
1210	1212
1210	1212
1210	1212
1210	1212
1210	1212
1210	1212
1210	1212
1210	1212
1208	1210
1202	1204
1187	1189
1169	1171
1156	1158
1149	1151
1146	1148
1146	1148
1146	1148
1146	1148
1146	1148
1146	1148
1146	1148
1146	1148
1146	1148
1146	1148
1146	1148
1146	1148
1146	1148
967	977
968	982
967	983
966	982
969	987
977	998
993	1015
1006	1030
1022	1042
1036	1054
1048	1066
1059	1080
1067	1089
1075	1097
1081	1099
1083	1098
1085	1095
1086	1095
1092	1104
1103	1116
1119	1134
1143	1157
1166	1182
1191	1206
1213	1227
1238	1252
1261	1277
1285	1301
1305	1320
1320	1336
1333	1346
1338	1348
1339	1344
1338	1341
1337	1338
1337	1337
1337	1337
1337	1337
1337	1337
1337	1337
1337	1337
1337	1337
1337	1337
1337	1337
1337	1337
1335	1336
1329	1331
1317	1323
1301	1311
1289	1302
1282	1298
1281	1297
1280	1296
1280	1296
1280	1296
1280	1296
1280	1296
1280	1296
1280	1296
1280	1296
1280	1296
1277	1294
1271	1287
1257	1274
1240	1255
1227	1242
1225	1239
1230	1245
1242	1254
1254	1264
1264	1273
1274	1283
1283	1293
1294	1305
1306	1319
1318	1329
1329	1339
1339	1348
1351	1363
1367	1380
1387	1401
1400	1416
1406	1421
1405	1417
1401	1409
1393	1401
1381	1390
1366	1375
1350	1358
1334	1343
1320	1332
1306	1320
1295	1308
1285	1299
1275	1289
1260	1275
1242	1257
1228	1244
1222	1237
1220	1235
1220	1235
1220	1235
1220	1235
1220	1235
1220	1235
1220	1235
1220	1235
1220	1235
1219	1235
1217	1233
1210	1226
1196	1212
1178	1194
1165	1181
1158	1174
1156	1171
1155	1171
1155	1171
1155	1171
1155	1171
1155	1171
1155	1171
1155	1171
1155	1171
1155	1171
1155	1171
1155	1171
1155	1171
993	1011
1003	1029
1007	1035
1007	1037
1014	1043
1025	1056
1043	1073
1057	1088
1068	1097
1076	1102
1087	1111
1100	1125
1114	1140
1123	1151
1124	1151
1117	1142
1110	1130
1109	1125
1118	1132
1130	1146
1149	1162
1170	1182
1193	1202
1216	1225
1241	1253
1268	1281
1294	1309
1317	1332
1337	1351
1351	1365
1360	1372
1359	1368
1351	1356
1343	1346
1339	1340
1338	1338
1337	1337
1337	1337
1337	1337
1337	1337
1337	1337
1337	1337
1337	1337
1337	1337
1337	1337
1336	1337
1334	1336
1328	1334
1323	1332
1317	1329
1315	1328
1315	1328
1315	1328
1315	1328
1315	1328
1315	1328
1315	1328
1315	1328
1315	1328
1315	1328
1314	1328
1312	1326
1305	1319
1291	1306
1273	1287
1260	1273
1255	1268
1258	1269
1265	1274
1274	1282
1282	1293
1294	1305
1306	1318
1318	1329
1330	1338
1338	1348
1348	1359
1359	1372
1377	1390
1396	1411
1419	1433
1433	1447
1437	1450
1431	1444
1421	1434
1410	1420
1397	1406
1382	1390
1365	1374
1351	1360
1340	1348
1331	1339
1323	1334
1315	1329
1307	1324
1295	1315
1280	1304
1268	1296
1262	1292
1261	1291
1261	1291
1261	1291
1261	1291
1261	1291
1261	1291
1261	1291
1261	1290
1261	1290
1260	1289
1258	1288
1252	1281
1237	1267
1219	1249
1205	1235
1199	1228
1196	1226
1196	1226
1196	1226
1196	1226
1196	1226
1196	1226
1196	1226
1196	1226
1196	1226
1196	1227
1196	1227
1196	1227
1196	1227
1029	1044
1052	1073
1063	1088
1066	1095
1073	1101
1085	1110
1102	1126
1115	1138
1125	1150
1131	1158
1139	1165
1150	1176
1166	1189
1178	1201
1179	1203
1167	1190
1150	1171
1142	1156
1145	1156
1158	1168
1176	1188
1195	1207
1213	1225
1235	1245
1260	1267
1289	1293
1317	1321
1343	1348
1363	1370
1376	1383
1381	1385
1373	1374
1358	1358
1346	1345
1341	1339
1338	1336
1337	1335
1337	1335
1337	1335
1337	1335
1337	1335
1337	1335
1337	1335
1337	1335
1337	1335
1337	1335
1337	1335
1336	1335
1335	1336
1335	1337
1335	1337
1335	1337
1335	1337
1335	1337
1335	1337
1335	1337
1335	1337
1335	1337
1335	1337
1335	1337
1335	1337
1333	1335
1326	1327
1313	1315
1294	1296
1281	1283
1275	1277
1274	1277
1279	1283
1289	1295
1303	1312
1316	1326
1330	1338
1338	1348
1348	1358
1358	1370
1370	1383
1385	1394
1400	1407
1420	1424
1440	1441
1454	1455
1458	1459
1454	1458
1445	1451
1431	1437
1415	1420
1399	1405
1384	1392
1370	1380
1358	1367
1348	1356
1341	1345
1337	1339
1334	1338
1330	1341
1326	1344
1322	1348
1321	1349
1322	1350
1322	1350
1322	1349
1322	1348
1322	1347
1321	1347
1321	1347
1321	1346
1321	1346
1320	1345
1317	1343
1312	1337
1298	1325
1280	1309
1266	1296
1260	1291
1258	1288
1258	1288
1258	1288
1258	1288
1258	1288
1259	1289
1259	1291
1260	1293
1260	1293
1260	1294
1260	1295
1260	1295
1260	1295
1058	1076
1090	1106
1108	1124
1118	1132
1123	1136
1129	1140
1141	1150
1154	1164
1169	1181
1179	1194
1187	1203
1197	1212
1209	1224
1220	1234
1222	1235
1209	1224
1187	1202
1169	1184
1167	1183
1179	1195
1200	1215
1221	1235
1239	1253
1255	1266
1274	1280
1296	1298
1321	1322
1347	1344
1369	1361
1380	1371
1381	1369
1369	1358
1352	1340
1338	1327
1332	1320
1330	1318
1329	1317
1329	1317
1329	1317
1329	1317
1329	1317
1329	1317
1329	1317
1329	1317
1329	1317
1329	1317
1330	1319
1332	1326
1335	1331
1337	1337
1338	1339
1338	1340
1338	1340
1338	1340
1338	1340
1338	1340
1338	1340
1338	1340
1338	1340
1338	1340
1338	1340
1336	1338
1329	1331
1316	1318
1297	1299
1283	1286
1278	1282
1279	1286
1288	1295
1301	1310
1319	1326
1333	1342
1347	1356
1358	1370
1370	1382
1382	1392
1392	1398
1400	1404
1409	1410
1422	1420
1437	1431
1450	1440
1455	1442
1454	1442
1449	1438
1435	1427
1420	1414
1406	1400
1393	1387
1384	1377
1372	1366
1358	1352
1345	1337
1337	1327
1337	1328
1344	1338
1354	1353
1363	1365
1367	1372
1368	1372
1366	1367
1364	1362
1362	1355
1359	1349
1357	1344
1355	1339
1353	1333
1352	1330
1351	1330
1350	1330
1347	1330
1338	1333
1328	1333
1321	1334
1317	1333
1315	1333
1315	1333
1315	1333
1315	1333
1315	1333
1316	1334
1318	1336
1321	1337
1322	1338
1323	1339
1323	1339
1323	1338
1323	1338
1092	1095
1115	1113
1128	1123
1136	1130
1139	1137
1144	1143
1153	1154
1168	1168
1185	1186
1200	1200
1210	1211
1220	1220
1231	1231
1242	1238
1243	1239
1232	1232
1215	1223
1203	1218
1203	1223
1216	1236
1233	1250
1251	1263
1264	1273
1274	1283
1287	1295
1302	1310
1322	1326
1339	1339
1352	1348
1359	1353
1358	1354
1347	1346
1330	1330
1317	1318
1310	1312
1307	1309
1307	1309
1307	1309
1307	1309
1307	1309
1307	1309
1307	1309
1307	1309
1307	1309
1307	1309
1309	1311
1313	1316
1321	1328
1333	1342
1341	1354
1345	1359
1347	1361
1347	1362
1347	1362
1347	1362
1347	1362
1347	1362
1347	1362
1347	1362
1347	1362
1347	1361
1344	1358
1338	1352
1325	1338
1306	1321
1293	1309
1289	1305
1295	1310
1307	1321
1322	1333
1335	1344
1351	1358
1366	1375
1381	1389
1392	1398
1398	1403
1402	1406
1407	1414
1411	1420
1419	1426
1426	1428
1429	1427
1429	1422
1426	1416
1423	1413
1416	1408
1406	1399
1391	1385
1377	1369
1366	1356
1355	1347
1341	1334
1326	1322
1316	1315
1317	1317
1329	1327
1347	1341
1359	1353
1364	1356
1363	1353
1356	1343
1345	1330
1333	1313
1323	1300
1315	1290
1307	1281
1298	1271
1293	1264
1291	1261
1293	1262
1299	1270
1310	1286
1322	1307
1334	1323
1339	1330
1340	1331
1339	1330
1339	1329
1338	1328
1338	1328
1339	1327
1338	1326
1338	1325
1338	1322
1337	1320
1336	1319
1336	1319
1336	1319
1087	1075
1102	1090
1111	1097
1117	1104
1128	1116
1137	1128
1150	1143
1164	1158
1182	1174
1196	1188
1207	1200
1216	1208
1222	1214
1228	1217
1229	1220
1228	1226
1227	1234
1232	1244
1241	1256
1253	1266
1264	1274
1273	1285
1283	1295
1295	1309
1308	1324
1323	1337
1336	1351
1345	1359
1353	1367
1359	1374
1363	1379
1358	1377
1346	1368
1335	1360
1330	1356
1328	1355
1328	1355
1328	1355
1328	1355
1328	1355
1328	1355
1328	1355
1328	1355
1328	1355
1328	1355
1330	1356
1335	1360
1346	1369
1360	1381
1372	1389
1376	1393
1379	1395
1379	1395
1379	1395
1379	1395
1379	1395
1379	1395
1379	1395
1379	1395
1379	1395
1378	1395
1376	1392
1370	1386
1355	1371
1339	1356
1325	1342
1322	1338
1327	1343
1336	1351
1345	1359
1354	1368
1366	1378
1382	1393
1397	1408
1406	1418
1411	1426
1416	1432
1424	1440
1432	1448
1439	1455
1440	1455
1434	1448
1426	1440
1418	1432
1413	1426
1408	1419
1399	1408
1385	1394
1369	1379
1357	1369
1349	1360
1339	1352
1330	1343
1324	1338
1325	1339
1333	1348
1346	1358
1355	1362
1354	1359
1349	1352
1338	1341
1324	1327
1306	1311
1292	1296
1281	1284
1273	1276
1264	1269
1257	1264
1253	1261
1253	1260
1259	1264
1275	1273
1293	1287
1308	1296
1315	1300
1315	1298
1312	1295
1310	1293
1308	1291
1308	1291
1309	1290
1307	1289
1305	1287
1302	1284
1299	1281
1296	1277
1296	1277
1296	1276
1069	1069
1083	1082
1090	1087
1094	1089
1105	1098
1118	1111
1134	1128
1149	1143
1163	1155
1178	1166
1190	1180
1200	1192
1207	1201
1212	1209
1219	1221
1230	1240
1245	1262
1261	1282
1272	1293
1281	1300
1288	1307
1299	1319
1313	1335
1328	1350
1342	1363
1355	1374
1368	1387
1378	1400
1387	1410
1394	1418
1398	1422
1398	1423
1393	1421
1389	1420
1387	1419
1386	1419
1386	1419
1386	1419
1386	1419
1386	1419
1386	1419
1386	1419
1386	1419
1386	1419
1386	1419
1387	1419
1389	1420
1394	1422
1401	1425
1406	1426
1408	1427
1409	1428
1409	1428
1409	1428
1409	1428
1409	1428
1409	1428
1409	1428
1409	1428
1409	1428
1409	1427
1407	1425
1400	1418
1386	1404
1369	1387
1356	1374
1353	1371
1359	1376
1368	1387
1378	1400
1388	1411
1396	1419
1409	1432
1424	1446
1437	1461
1448	1475
1454	1481
1461	1486
1466	1489
1470	1490
1470	1490
1466	1489
1461	1486
1454	1481
1448	1475
1437	1461
1424	1446
1409	1432
1396	1419
1388	1411
1378	1400
1368	1387
1359	1376
1352	1370
1353	1371
1362	1379
1371	1387
1375	1390
1370	1384
1360	1374
1349	1363
1337	1352
1323	1338
1308	1323
1294	1307
1284	1295
1277	1286
1275	1283
1274	1284
1274	1285
1277	1286
1280	1282
1283	1279
1287	1276
1287	1273
1285	1269
1280	1264
1277	1261
1276	1259
1276	1259
1276	1259
1275	1259
1273	1257
1270	1254
1266	1250
1263	1247
1262	1245
1261	1244
1071	1080
1083	1086
1087	1091
1090	1095
1098	1106
1111	1119
1127	1133
1140	1143
1150	1151
1159	1161
1172	1174
1186	1187
1198	1200
1209	1212
1225	1231
1251	1262
1281	1302
1307	1333
1319	1348
1326	1355
1332	1360
1344	1370
1360	1384
1375	1399
1386	1410
1395	1419
1408	1431
1422	1445
1434	1460
1445	1473
1449	1479
1450	1481
1451	1482
1450	1482
1450	1482
1450	1482
1450	1482
1450	1482
1450	1482
1450	1482
1450	1482
1450	1482
1450	1482
1450	1482
1450	1482
1450	1482
1450	1482
1451	1483
1452	1483
1452	1483
1453	1483
1453	1483
1453	1483
1453	1483
1453	1483
1453	1483
1453	1483
1453	1483
1453	1483
1453	1483
1452	1483
1451	1481
1443	1474
1429	1460
1412	1441
1399	1428
1394	1423
1399	1424
1408	1432
1422	1445
1435	1461
1447	1475
1458	1486
1473	1498
1487	1511
1501	1525
1509	1535
1514	1543
1516	1546
1517	1547
1517	1547
1516	1546
1514	1543
1509	1535
1501	1525
1487	1511
1473	1498
1458	1486
1447	1475
1435	1461
1422	1445
1408	1432
1399	1424
1393	1421
1392	1419
1398	1419
1402	1417
1403	1415
1399	1411
1390	1404
1380	1394
1369	1383
1354	1368
1339	1353
1322	1338
1308	1322
1297	1310
1292	1302
1292	1299
1292	1296
1289	1291
1282	1279
1270	1264
1261	1252
1256	1245
1252	1240
1247	1235
1244	1232
1242	1230
1242	1230
1242	1230
1242	1230
1240	1227
1236	1224
1231	1220
1229	1218
1227	1216
1227	1216
1096	1122
1098	1119
1102	1121
1108	1128
1122	1144
1135	1157
1146	1167
1153	1172
1160	1179
1171	1191
1186	1208
1200	1222
1211	1230
1222	1240
1241	1258
1277	1294
1321	1340
1358	1379
1377	1402
1385	1413
1389	1417
1396	1422
1407	1431
1421	1445
1435	1461
1447	1475
1458	1486
1472	1497
1486	1509
1498	1519
1504	1525
1509	1532
1512	1538
1514	1544
1515	1546
1516	1547
1516	1547
1516	1547
1516	1547
1516	1547
1516	1547
1516	1547
1516	1547
1516	1547
1516	1547
1516	1547
1516	1547
1515	1547
1515	1545
1515	1545
1515	1545
1515	1544
1515	1544
1515	1544
1515	1544
1515	1544
1515	1544
1515	1544
1515	1544
1515	1544
1514	1544
1511	1542
1505	1535
1491	1521
1473	1504
1459	1490
1453	1483
1453	1483
1460	1488
1473	1498
1487	1511
1501	1525
1512	1537
1522	1547
1533	1557
1547	1567
1559	1580
1568	1592
1574	1600
1577	1605
1577	1605
1574	1600
1568	1592
1559	1580
1547	1567
1533	1557
1522	1547
1512	1537
1501	1525
1487	1511
1473	1498
1460	1488
1453	1483
1450	1480
1446	1474
1441	1466
1435	1456
1428	1445
1423	1437
1415	1427
1406	1414
1395	1403
1381	1391
1366	1375
1350	1358
1335	1344
1323	1334
1315	1328
1309	1323
1305	1318
1298	1311
1284	1297
1266	1280
1253	1265
1245	1257
1240	1252
1235	1247
1232	1244
1230	1242
1230	1242
1230	1242
1230	1242
1227	1240
1224	1236
1220	1231
1218	1229
1216	1227
1216	1227
1155	1190
1148	1180
1147	1177
1155	1187
1172	1201
1186	1216
1193	1223
1198	1227
1204	1235
1218	1248
1235	1266
1250	1280
1259	1288
1265	1295
1282	1311
1316	1341
1359	1381
1399	1417
1424	1440
1436	1453
1441	1460
1447	1469
1457	1479
1471	1494
1487	1510
1501	1524
1512	1537
1521	1544
1529	1550
1537	1555
1542	1562
1552	1574
1564	1589
1573	1601
1577	1607
1579	1609
1579	1609
1579	1609
1579	1609
1579	1609
1579	1609
1579	1609
1579	1609
1579	1609
1579	1609
1579	1608
1577	1605
1575	1600
1572	1594
1570	1589
1570	1586
1569	1585
1569	1585
1569	1585
1569	1585
1569	1585
1569	1585
1569	1585
1569	1585
1569	1585
1568	1585
1566	1583
1560	1576
1547	1563
1528	1545
1515	1532
1509	1528
1509	1531
1515	1538
1523	1546
1533	1555
1546	1566
1559	1579
1570	1591
1579	1601
1588	1611
1599	1619
1611	1629
1622	1638
1628	1644
1628	1644
1622	1638
1611	1629
1599	1619
1588	1611
1579	1601
1570	1591
1559	1579
1546	1565
1533	1555
1523	1546
1515	1538
1509	1531
1505	1524
1499	1517
1488	1505
1475	1490
1464	1478
1453	1467
1441	1455
1427	1439
1412	1422
1398	1406
1382	1390
1365	1374
1351	1360
1343	1351
1339	1348
1337	1348
1335	1349
1328	1343
1314	1330
1297	1313
1284	1300
1274	1291
1269	1285
1264	1281
1261	1278
1259	1275
1259	1275
1259	1275
1259	1275
1257	1273
1254	1270
1250	1265
1247	1263
1245	1261
1244	1260
1225	1254
1211	1240
1208	1236
1216	1242
1230	1254
1244	1269
1252	1279
1257	1287
1265	1294
1278	1305
1294	1320
1309	1333
1318	1345
1325	1355
1339	1369
1367	1392
1402	1422
1433	1448
1454	1465
1465	1476
1475	1486
1485	1499
1498	1514
1513	1531
1529	1546
1544	1560
1557	1574
1565	1582
1571	1587
1574	1591
1580	1597
1595	1611
1612	1628
1625	1642
1632	1648
1634	1649
1634	1650
1634	1650
1634	1650
1634	1649
1633	1648
1633	1648
1633	1647
1633	1647
1633	1646
1632	1645
1627	1639
1618	1627
1607	1612
1598	1599
1594	1593
1593	1593
1593	1594
1593	1595
1593	1597
1594	1598
1594	1599
1594	1599
1594	1598
1594	1598
1593	1596
1590	1594
1583	1588
1570	1576
1554	1561
1544	1554
1543	1558
1549	1567
1559	1578
1568	1587
1575	1594
1584	1602
1596	1614
1610	1629
1622	1640
1631	1647
1638	1652
1643	1656
1650	1659
1653	1660
1653	1660
1650	1659
1643	1656
1638	1652
1631	1646
1622	1638
1609	1627
1596	1611
1584	1600
1574	1591
1567	1582
1558	1574
1548	1562
1537	1549
1526	1535
1512	1519
1497	1503
1486	1491
1475	1482
1465	1473
1450	1461
1434	1444
1415	1425
1399	1410
1385	1397
1372	1386
1362	1376
1356	1368
1357	1366
1356	1363
1351	1359
1339	1349
1324	1337
1313	1329
1304	1322
1299	1317
1295	1312
1292	1310
1290	1307
1290	1306
1290	1305
1289	1305
1286	1302
1283	1299
1279	1293
1276	1290
1275	1288
1274	1287
1273	1281
1264	1278
1259	1277
1264	1282
1275	1293
1289	1308
1302	1322
1313	1335
1322	1347
1330	1356
1342	1367
1357	1381
1371	1397
1383	1411
1397	1426
1417	1444
1442	1464
1463	1482
1476	1493
1489	1504
1500	1516
1515	1531
1530	1546
1546	1562
1562	1576
1575	1587
1585	1596
1594	1603
1599	1611
1602	1617
1609	1622
1623	1633
1636	1643
1649	1650
1654	1655
1655	1656
1657	1656
1656	1656
1655	1653
1654	1649
1651	1644
1649	1639
1648	1638
1649	1638
1647	1637
1645	1635
1637	1625
1622	1608
1604	1586
1591	1572
1586	1572
1588	1580
1593	1592
1598	1603
1602	1615
1606	1625
1608	1631
1608	1631
1607	1627
1605	1623
1603	1618
1600	1612
1594	1606
1585	1605
1578	1607
1577	1614
1584	1624
1594	1634
1603	1639
1610	1643
1616	1648
1624	1655
1636	1665
1648	1674
1658	1680
1664	1683
1666	1684
1668	1685
1669	1685
1669	1685
1669	1684
1668	1683
1666	1679
1662	1674
1657	1667
1649	1659
1639	1650
1627	1640
1613	1628
1603	1615
1595	1604
1585	1596
1575	1586
1562	1575
1547	1561
1530	1549
1513	1535
1502	1524
1492	1512
1484	1502
1473	1490
1456	1476
1439	1461
1424	1447
1412	1436
1403	1427
1396	1420
1388	1415
1383	1411
1380	1407
1375	1404
1368	1396
1360	1388
1352	1381
1347	1375
1342	1370
1337	1365
1334	1362
1331	1358
1329	1351
1326	1345
1323	1339
1319	1332
1314	1323
1307	1314
1303	1307
1300	1302
1299	1301
1283	1291
1288	1302
1291	1310
1300	1321
1313	1335
1328	1351
1342	1365
1357	1380
1371	1397
1383	1410
1393	1420
1407	1431
1424	1445
1438	1460
1453	1476
1471	1492
1487	1508
1503	1523
1515	1536
1524	1546
1534	1554
1548	1565
1564	1578
1577	1593
1590	1605
1599	1613
1607	1622
1615	1630
1625	1639
1632	1646
1637	1648
1641	1645
1645	1641
1647	1636
1650	1635
1650	1634
1650	1634
1649	1634
1645	1631
1640	1626
1632	1621
1627	1619
1625	1621
1627	1626
1627	1627
1624	1626
1612	1613
1590	1589
1566	1563
1554	1551
1559	1561
1574	1582
1595	1609
1614	1636
1635	1663
1653	1686
1664	1701
1665	1702
1658	1693
1649	1682
1642	1671
1633	1660
1628	1656
1633	1666
1646	1689
1662	1711
1675	1722
1682	1728
1685	1730
1687	1730
1689	1732
1694	1733
1700	1736
1705	1738
1708	1740
1710	1740
1711	1740
1710	1739
1709	1737
1707	1732
1704	1726
1701	1719
1697	1713
1689	1704
1679	1692
1668	1680
1659	1668
1650	1659
1640	1650
1627	1640
1615	1628
1604	1615
1595	1605
1587	1597
1578	1592
1570	1589
1562	1584
1552	1578
1539	1565
1526	1550
1514	1536
1502	1525
1489	1514
1476	1503
1463	1491
1453	1479
1447	1471
1443	1468
1442	1468
1441	1469
1437	1466
1431	1459
1420	1448
1410	1435
1402	1424
1395	1416
1390	1408
1386	1403
1380	1395
1370	1382
1359	1367
1348	1354
1338	1343
1328	1331
1314	1317
1303	1306
1298	1300
1297	1299
1311	1338
1326	1352
1334	1360
1345	1370
1361	1382
1376	1397
1389	1410
1405	1425
1421	1439
1433	1449
1441	1455
1450	1459
1460	1466
1473	1475
1488	1489
1504	1506
1520	1524
1538	1544
1553	1563
1565	1576
1572	1583
1580	1588
1591	1596
1605	1612
1619	1627
1630	1640
1637	1647
1643	1651
1649	1656
1655	1660
1653	1656
1644	1639
1629	1615
1617	1594
1611	1585
1610	1583
1610	1585
1612	1590
1614	1598
1614	1607
1616	1618
1621	1630
1629	1643
1638	1655
1641	1664
1642	1667
1631	1658
1607	1640
1582	1619
1573	1612
1584	1625
1609	1651
1639	1682
1670	1713
1699	1744
1724	1767
1740	1781
1742	1782
1732	1773
1719	1759
1706	1745
1695	1733
1690	1730
1703	1742
1728	1766
1751	1788
1764	1799
1767	1802
1769	1803
1769	1803
1769	1803
1769	1803
1770	1803
1771	1803
1771	1803
1771	1803
1771	1803
1770	1802
1765	1795
1756	1782
1745	1767
1734	1754
1727	1743
1719	1735
1707	1723
1693	1709
1680	1695
1669	1681
1659	1669
1651	1661
1640	1652
1627	1643
1616	1632
1609	1624
1603	1618
1603	1615
1601	1612
1595	1607
1585	1600
1570	1586
1555	1573
1542	1562
1534	1552
1524	1541
1511	1530
1499	1517
1489	1507
1486	1503
1487	1503
1487	1502
1484	1498
1478	1490
1468	1481
1455	1472
1443	1460
1431	1450
1422	1439
1414	1428
1405	1415
1391	1401
1375	1387
1361	1375
1351	1364
1339	1354
1327	1341
1318	1332
1313	1327
1312	1325
1362	1380
1377	1393
1382	1396
1389	1400
1397	1404
1410	1413
1422	1423
1436	1434
1445	1439
1452	1442
1455	1443
1457	1444
1460	1445
1467	1449
1478	1460
1497	1481
1518	1506
1542	1532
1562	1551
1576	1563
1582	1569
1586	1572
1593	1579
1608	1594
1625	1611
1639	1625
1645	1632
1649	1636
1654	1642
1659	1649
1656	1646
1634	1620
1599	1583
1572	1553
1559	1543
1559	1544
1562	1551
1573	1566
1589	1587
1609	1612
1625	1635
1643	1656
1658	1674
1673	1691
1686	1705
1693	1716
1690	1717
1676	1709
1660	1699
1658	1699
1673	1717
1700	1745
1731	1777
1763	1808
1791	1838
1814	1859
1825	1870
1826	1871
1818	1863
1805	1850
1789	1833
1776	1820
1773	1815
1784	1823
1805	1839
1823	1855
1833	1863
1835	1865
1835	1866
1835	1866
1835	1866
1835	1866
1835	1866
1835	1866
1835	1866
1835	1866
1835	1865
1834	1862
1825	1853
1809	1835
1789	1811
1773	1792
1762	1779
1751	1769
1740	1758
1726	1748
1713	1736
1699	1722
1684	1706
1673	1692
1666	1684
1659	1680
1652	1675
1645	1666
1637	1657
1631	1649
1626	1642
1620	1637
1613	1632
1605	1626
1593	1616
1582	1606
1572	1593
1561	1580
1548	1568
1536	1557
1528	1550
1523	1545
1522	1541
1518	1536
1510	1527
1503	1519
1497	1515
1489	1512
1481	1506
1472	1499
1461	1488
1447	1472
1432	1454
1418	1439
1405	1429
1395	1418
1384	1405
1371	1390
1357	1375
1346	1364
1341	1359
1340	1358
1393	1411
1403	1416
1404	1414
1404	1412
1406	1412
1411	1412
1417	1414
1423	1415
1425	1416
1426	1416
1427	1416
1427	1416
1428	1417
1431	1419
1441	1429
1463	1451
1491	1478
1517	1502
1533	1515
1542	1521
1546	1525
1552	1532
1559	1542
1573	1557
1590	1574
1606	1589
1615	1599
1619	1608
1626	1614
1632	1619
1630	1618
1607	1601
1571	1575
1545	1558
1537	1555
1542	1560
1552	1570
1569	1586
1592	1609
1621	1638
1647	1664
1670	1688
1690	1707
1707	1724
1723	1739
1735	1751
1740	1756
1736	1752
1727	1745
1730	1748
1749	1769
1779	1802
1813	1839
1846	1874
1876	1905
1898	1929
1911	1941
1912	1942
1903	1933
1890	1918
1873	1900
1858	1883
1849	1871
1854	1873
1867	1885
1880	1897
1888	1904
1889	1905
1890	1906
1890	1906
1890	1906
1890	1906
1890	1906
1890	1906
1890	1906
1890	1906
1889	1906
1887	1903
1877	1893
1856	1873
1829	1847
1807	1826
1795	1816
1786	1810
1780	1807
1773	1802
1765	1793
1749	1779
1731	1762
1718	1748
1709	1737
1704	1729
1698	1719
1687	1708
1676	1697
1669	1690
1664	1689
1661	1689
1658	1687
1652	1682
1643	1671
1630	1656
1615	1639
1600	1624
1589	1614
1581	1604
1573	1595
1568	1588
1562	1582
1555	1577
1549	1574
1544	1572
1541	1571
1539	1568
1535	1563
1527	1553
1514	1539
1498	1521
1480	1507
1466	1494
1455	1484
1442	1469
1427	1451
1410	1434
1395	1423
1387	1415
1383	1413
1382	1413
1449	1517
1444	1503
1439	1491
1434	1486
1432	1481
1429	1475
1428	1469
1426	1464
1425	1460
1425	1459
1424	1459
1424	1458
1424	1456
1425	1454
1433	1459
1451	1476
1476	1498
1497	1518
1508	1529
1513	1535
1517	1540
1528	1554
1541	1568
1557	1585
1572	1600
1588	1615
1602	1631
1612	1644
1618	1651
1624	1655
1624	1657
1616	1657
1604	1657
1596	1657
1596	1660
1600	1662
1608	1667
1622	1676
1643	1689
1668	1708
1691	1724
1711	1736
1726	1746
1740	1756
1753	1766
1764	1772
1767	1772
1761	1763
1752	1753
1757	1757
1778	1778
1813	1813
1853	1853
1890	1890
1922	1923
1946	1947
1956	1957
1957	1957
1948	1948
1931	1927
1910	1905
1892	1885
1878	1876
1881	1879
1893	1893
1904	1906
1911	1912
1912	1914
1913	1915
1913	1915
1913	1915
1913	1915
1913	1915
1913	1915
1913	1915
1913	1915
1913	1915
1911	1913
1903	1909
1887	1900
1866	1885
1849	1875
1841	1870
1837	1867
1835	1863
1830	1857
1822	1846
1807	1831
1790	1814
1775	1799
1763	1785
1751	1771
1740	1759
1728	1751
1720	1745
1716	1746
1718	1747
1720	1749
1718	1747
1711	1736
1698	1722
1682	1706
1665	1690
1651	1679
1640	1668
1629	1656
1617	1642
1609	1633
1605	1631
1603	1632
1603	1632
1602	1631
1600	1628
1597	1622
1589	1611
1576	1597
1560	1581
1544	1566
1532	1555
1521	1545
1510	1534
1495	1519
1478	1504
1462	1491
1451	1482
1446	1476
1445	1474
1444	1474
1619	1751
1597	1721
1581	1699
1571	1686
1564	1674
1554	1662
1543	1647
1533	1635
1527	1624
1525	1618
1524	1615
1522	1613
1518	1609
1515	1606
1517	1607
1531	1621
1555	1644
1575	1666
1587	1678
1594	1688
1602	1698
1616	1711
1632	1725
1646	1738
1659	1749
1675	1765
1692	1782
1705	1797
1713	1804
1715	1808
1720	1811
1725	1816
1733	1823
1738	1828
1741	1828
1741	1823
1740	1815
1742	1807
1746	1798
1752	1791
1757	1785
1762	1781
1764	1778
1768	1773
1771	1768
1772	1763
1768	1755
1757	1742
1746	1729
1749	1732
1770	1752
1802	1782
1839	1816
1875	1850
1906	1881
1931	1907
1945	1925
1945	1925
1933	1908
1910	1884
1886	1861
1869	1846
1864	1845
1872	1860
1891	1882
1905	1901
1912	1911
1914	1912
1915	1913
1915	1913
1915	1913
1915	1913
1915	1913
1915	1913
1915	1913
1915	1914
1915	1914
1914	1914
1913	1916
1910	1920
1905	1923
1901	1926
1899	1926
1895	1921
1889	1911
1878	1898
1866	1883
1850	1867
1834	1852
1819	1837
1804	1823
1792	1812
1782	1806
1776	1803
1773	1800
1773	1799
1775	1797
1775	1793
1770	1788
1759	1777
1744	1762
1727	1749
1715	1738
1705	1728
1695	1717
1681	1703
1667	1691
1660	1687
1659	1687
1661	1686
1659	1681
1657	1676
1652	1670
1644	1661
1631	1649
1615	1636
1602	1623
1589	1612
1578	1600
1567	1587
1554	1574
1541	1562
1529	1552
1518	1541
1508	1530
1502	1521
1500	1518
1499	1516
1900	2000
1861	1956
1835	1927
1816	1906
1801	1888
1785	1873
1771	1860
1756	1846
1742	1830
1733	1817
1727	1810
1723	1804
1718	1797
1716	1795
1719	1800
1734	1818
1757	1844
1779	1864
1792	1878
1803	1889
1813	1900
1827	1909
1837	1918
1847	1928
1859	1939
1874	1953
1890	1968
1905	1982
1914	1992
1917	1996
1919	1994
1919	1985
1918	1973
1917	1959
1909	1943
1897	1924
1881	1901
1862	1875
1843	1847
1824	1822
1808	1799
1796	1779
1785	1761
1772	1742
1760	1721
1746	1701
1733	1683
1718	1665
1706	1651
1708	1653
1726	1670
1755	1698
1787	1729
1820	1760
1851	1792
1879	1819
1896	1836
1896	1837
1880	1822
1857	1801
1834	1782
1821	1769
1823	1770
1841	1790
1869	1818
1891	1844
1902	1857
1906	1860
1907	1860
1907	1860
1907	1859
1907	1859
1907	1859
1907	1859
1907	1859
1907	1859
1907	1859
1909	1862
1913	1871
1923	1887
1938	1907
1946	1923
1947	1927
1941	1921
1930	1909
1914	1895
1900	1880
1883	1865
1868	1848
1853	1835
1840	1822
1833	1814
1828	1811
1825	1809
1823	1807
1820	1803
1815	1797
1810	1791
1803	1785
1793	1774
1780	1762
1769	1751
1759	1741
1746	1726
1733	1711
1719	1699
1710	1693
1709	1693
1709	1694
1707	1692
1698	1682
1689	1671
1682	1660
1673	1650
1664	1644
1655	1637
1644	1628
1632	1617
1618	1604
1604	1589
1591	1578
1582	1568
1573	1559
1560	1547
1546	1532
1533	1517
1526	1505
1523	1498
2157	1500
2106	1474
2072	1462
2048	1457
2029	1455
2011	1454
1998	1455
1982	1456
1965	1455
1950	1455
1938	1458
1927	1461
1915	1462
1910	1466
1916	1475
1938	1493
1967	1515
1991	1536
2005	1549
2013	1563
2019	1575
2026	1586
2033	1595
2044	1604
2058	1609
2074	1611
2088	1611
2104	1612
2118	1615
2125	1611
2122	1593
2105	1560
2076	1525
2050	1495
2022	1472
1996	1453
1967	1432
1936	1408
1906	1382
1876	1356
1847	1332
1820	1310
1797	1291
1770	1269
1743	1244
1718	1220
1693	1197
1671	1179
1656	1167
1656	1167
1673	1179
1701	1197
1733	1217
1765	1238
1797	1260
1825	1279
1843	1290
1843	1292
1831	1284
1813	1272
1795	1262
1783	1254
1782	1252
1799	1263
1830	1283
1857	1300
1870	1309
1875	1310
1875	1305
1875	1300
1875	1296
1875	1294
1875	1293
1875	1291
1875	1286
1876	1282
1876	1278
1879	1280
1891	1293
1913	1314
1941	1339
1962	1356
1970	1364
1968	1364
1958	1358
1942	1347
1927	1336
1910	1326
1896	1316
1881	1307
1865	1296
1856	1289
1852	1285
1849	1281
1849	1277
1847	1272
1845	1267
1841	1266
1835	1267
1822	1261
1805	1254
1791	1245
1779	1239
1762	1228
1746	1222
1733	1218
1727	1219
1730	1223
1734	1226
1732	1222
1724	1208
1712	1190
1698	1172
1688	1159
1680	1153
1674	1149
1666	1145
1657	1140
1646	1133
1631	1124
1617	1114
1605	1105
1597	1100
1586	1093
1571	1084
1555	1073
1540	1062
1530	1011
