32747	32747
32747	32747
32747	32747
32747	32747
32747	32747
32747	32747
32747	32747
32747	32747
32747	32747
32747	32747
32747	32747
32747	32747
32747	32747
32747	32747
32747	32747
32747	32747
32747	32747
32747	32747
32747	32747
32747	32747
32747	32747
32747	32747
32747	32747
32747	32747
32747	32747
32747	32747
32747	32747
32747	32747
32747	32747
32747	32747
32747	32747
32747	32747
32747	32747
32747	32747
32747	32747
32747	32747
32747	32747
32747	32747
32747	32747
32747	32747
32747	32747
32747	32747
32747	32747
32747	32747
32747	32747
32747	32747
32747	32747
32747	32747
32747	32747
32747	32747
32747	32747
32747	32747
32747	32747
32747	32747
32747	32747
32747	32747
32747	32747
32747	32747
32747	32747
32747	32747
32747	32747
32747	32747
32747	32747
32747	32747
32747	32747
32747	32747
32747	32747
32747	32747
32747	32747
32747	32747
32747	32747
32747	32747
32747	32747
32747	32747
32747	32747
32747	32747
32747	32747
32747	32745
32739	32726
32704	32672
32640	32617
32605	32607
32616	32632
32649	32665
32677	32685
32687	32694
32701	32703
32691	32666
32638	32620
32603	32570
32521	32484
32465	32448
32413	32321
32033	31344
30080	28278
26359	24889
24075	23685
23521	23568
23847	24310
24867	25433
25973	26491
26959	27310
27483	27481
27421	27447
27535	27528
27373	27152
26974	26862
26765	26608
26384	26147
25944	25743
25477	25103
24732	24549
24587	24736
24957	25313
25785	26246
26572	26717
26680	26488
26221	26006
26012	26335
26835	27213
27331	27278
27178	27108
27070	27030
26994	27011
27185	27616
28344	29286
30286	31161
31794	32178
32366	32439
32447	32400
32294	32144
32019	31968
31880	31426
30191	27840
24366	20117
15626	11487
8254	6251
5323	4998
4906	4928
4960	4871
4667	4516
4572	4867
5284	5629
5767	5701
5568	5526
5632	5804
5958	6059
6133	6220
6358	6546
6756	6926
7022	7055
7115	7304
7607	7906
8104	8244
8532	9178
10094	10749
10331	8376
5615	3499
2598	2352
2221	2233
2682	3783
5487	7512
9520	11065
11423	10041
7485	5227
4312	4731
5794	6653
6858	6472
5833	5295
4998	4919
5066	5483
6036	6457
6615	6612
6661	6888
7158	7216
7043	6894
6928	7075
7192	7470
8791	12178
17431	23082
27674	30551
31892	32352
32472	32472
32447	32474
32554	32635
32672	32676
32662	32653
32649	32650
32650	32652
32657	32667
32679	32695
32708	32721
32733	32742
32746	32747
32747	32747
32747	32747
32747	32747
32747	32747
32747	32747
32747	32747
32747	32747
32747	32747
32747	32747
32747	32747
32747	32747
32747	32747
32747	32747
32747	32747
32747	32747
32747	32747
32747	32747
32747	32747
32747	32747
32747	32747
32747	32747
32747	32747
32747	32747
32747	32747
32747	32747
32747	32747
32747	32747
32747	32747
32747	32747
32747	32747
32747	32747
32747	32747
32747	32747
32747	32747
32747	32747
32747	32747
32747	32747
32747	32747
32747	32747
32747	32747
32747	32747
32747	32747
32747	32747
32747	32747
32747	32747
32747	32747
32747	32747
32747	32747
32747	32747
32747	32747
32747	32747
32747	32747
32747	32747
32747	32747
32747	32747
32747	32747
32747	32747
32747	32747
32747	32747
32747	32747
32747	32747
32747	32747
32747	32747
32747	32747
32747	32747
32747	32747
32747	32747
32747	32747
32747	32747
32747	32747
32747	32747
32747	32747
32747	32747
32747	32747
32747	32747
32747	32747
32747	32747
32747	32747
32747	32747
32747	32747
32747	32747
32747	32747
32747	32747
32747	32747
32747	32747
32747	32747
32747	32747
32747	32747
32747	32747
32747	32747
32747	32747
32747	32745
32739	32725
32703	32668
32633	32601
32586	32579
32585	32598
32618	32638
32655	32666
32673	32685
32694	32700
32694	32674
32651	32642
32642	32627
32592	32549
32506	32466
32422	32336
32065	31387
30132	28343
26422	24921
24056	23642
23471	23488
23703	24113
24688	25368
26085	26760
27305	27643
27750	27692
27604	27625
27723	27730
27584	27371
27193	27079
26975	26806
26541	26209
25864	25558
25299	25075
24919	24867
24902	24958
25056	25271
25638	26083
26481	26715
26736	26577
26345	26198
26261	26557
26934	27181
27254	27293
27361	27397
27331	27187
27049	27021
27180	27556
28156	28960
29892	30818
31587	32089
32336	32424
32441	32423
32353	32223
32081	31989
31900	31627
30921	29536
27279	24075
20045	15591
11409	8224
6303	5387
5062	4992
4952	4841
4681	4582
4652	4942
5366	5746
5933	5896
5747	5666
5721	5867
6025	6165
6279	6394
6521	6661
6804	6926
7010	7078
7190	7405
7701	7962
8125	8253
8524	9128
9990	10653
10317	8463
5756	3645
2715	2429
2259	2234
2636	3685
5335	7350
9449	11230
11894	10742
8214	5758
4484	4540
5418	6375
6884	6794
6297	5704
5216	4888
4832	5171
5770	6282
6503	6520
6579	6851
7198	7311
7163	7020
7040	7132
7175	7373
8578	11758
16805	22426
27178	30248
31711	32234
32396	32430
32430	32470
32554	32634
32672	32672
32655	32639
32631	32628
32629	32632
32642	32658
32679	32699
32717	32729
32739	32744
32746	32747
32747	32747
32747	32747
32747	32747
32747	32747
32747	32747
32747	32747
32747	32747
32747	32747
32747	32747
32747	32747
32747	32747
32747	32747
32747	32747
32747	32747
32747	32747
32747	32747
32747	32747
32747	32747
32747	32747
32747	32747
32747	32747
32747	32747
32747	32747
32747	32747
32747	32747
32747	32747
32747	32747
32747	32747
32747	32747
32747	32747
32747	32747
32747	32747
32747	32747
32747	32747
32747	32747
32747	32747
32747	32747
32747	32747
32747	32747
32747	32747
32747	32747
32747	32747
32747	32747
32747	32747
32747	32747
32747	32747
32747	32747
32747	32747
32747	32747
32747	32747
32747	32747
32747	32747
32747	32747
32747	32747
32747	32747
32747	32747
32747	32747
32747	32747
32747	32747
32747	32747
32747	32747
32747	32747
32747	32747
32747	32747
32747	32747
32747	32747
32747	32747
32747	32747
32747	32747
32747	32747
32747	32747
32747	32747
32747	32747
32747	32747
32747	32747
32747	32747
32747	32747
32747	32747
32747	32747
32747	32747
32747	32747
32747	32747
32747	32747
32747	32747
32747	32747
32747	32747
32747	32747
32747	32747
32747	32747
32747	32747
32747	32747
32747	32745
32739	32725
32701	32666
32626	32590
32565	32556
32559	32573
32594	32616
32634	32648
32659	32671
32687	32700
32698	32680
32656	32651
32658	32654
32625	32578
32529	32480
32439	32365
32122	31481
30270	28517
26608	25079
24158	23698
23505	23506
23700	24102
24706	25460
26272	27017
27580	27886
27947	27844
27733	27742
27833	27854
27743	27581
27450	27366
27277	27104
26798	26373
25899	25467
25148	24964
24916	24960
25032	25067
25100	25226
25519	25941
26376	26667
26741	26631
26464	26394
26524	26825
27144	27309
27348	27433
27597	27683
27588	27359
27133	27045
27159	27459
27941	28626
29497	30456
31337	31954
32268	32380
32404	32415
32404	32344
32234	32122
32019	31899
31645	31072
29909	27845
24655	20416
15707	11448
8298	6412
5503	5102
4877	4725
4643	4652
4788	5070
5459	5838
6065	6071
5933	5828
5859	5984
6141	6292
6431	6557
6674	6784
6882	6967
7038	7116
7247	7472
7748	7981
8127	8255
8523	9089
9914	10596
10346	8586
5931	3804
2824	2497
2322	2303
2669	3592
5082	7015
9207	11259
12298	11480
9110	6553
4920	4508
5051	6029
6862	7125
6800	6181
5522	4953
4675	4888
5482	6075
6390	6459
6517	6776
7141	7320
7265	7199
7237	7272
7220	7335
8459	11514
16435	22044
26905	30092
31610	32151
32337	32408
32446	32498
32576	32641
32673	32669
32651	32629
32618	32612
32614	32619
32634	32654
32678	32703
32723	32735
32742	32745
32747	32747
32747	32747
32747	32747
32747	32747
32747	32747
32747	32747
32747	32747
32747	32747
32747	32747
32747	32747
32747	32747
32747	32747
32747	32747
32747	32747
32747	32747
32747	32747
32747	32747
32747	32747
32747	32747
32747	32747
32747	32747
32747	32747
32747	32747
32747	32747
32747	32747
32747	32747
32747	32747
32747	32747
32747	32747
32747	32747
32747	32747
32747	32747
32747	32747
32747	32747
32747	32747
32747	32747
32747	32747
32747	32747
32747	32747
32747	32747
32747	32747
32747	32747
32747	32747
32747	32747
32747	32747
32747	32747
32747	32747
32747	32747
32747	32747
32747	32747
32747	32747
32747	32747
32747	32747
32747	32747
32747	32747
32747	32747
32747	32747
32747	32747
32747	32747
32747	32747
32747	32747
32747	32747
32747	32747
32747	32747
32747	32747
32747	32747
32747	32747
32747	32747
32747	32747
32747	32747
32747	32747
32747	32747
32747	32747
32747	32747
32747	32747
32747	32747
32747	32747
32747	32747
32747	32747
32747	32747
32747	32747
32747	32747
32747	32747
32747	32747
32747	32747
32747	32747
32747	32747
32747	32747
32747	32747
32747	32747
32747	32747
32747	32747
32747	32745
32739	32725
32699	32664
32620	32582
32555	32543
32548	32564
32584	32604
32621	32632
32644	32662
32681	32699
32700	32680
32656	32649
32658	32655
32629	32586
32537	32491
32457	32398
32182	31591
30449	28767
26889	25325
24322	23793
23568	23562
23765	24187
24819	25600
26423	27160
27700	27985
28033	27926
27815	27810
27888	27921
27857	27758
27689	27648
27580	27404
27072	26593
26035	25511
25102	24866
24809	24886
25007	25073
25099	25194
25446	25839
26270	26586
26709	26670
26584	26591
26777	27100
27401	27518
27513	27590
27777	27887
27786	27520
27239	27091
27135	27354
27746	28345
29165	30135
31077	31781
32161	32299
32326	32358
32415	32444
32406	32306
32188	32093
32017	31852
31379	30262
28121	24737
20368	15723
11572	8460
6491	5416
4903	4703
4678	4784
4983	5246
5549	5861
6095	6148
6064	5988
6020	6133
6280	6424
6565	6693
6812	6916
7001	7067
7121	7188
7307	7507
7753	7965
8109	8245
8515	9055
9853	10558
10391	8721
6111	3957
2912	2548
2396	2415
2750	3511
4781	6593
8850	11120
12487	12068
10047	7613
5783	4903
4960	5730
6693	7237
7141	6613
5903	5178
4700	4735
5246	5868
6288	6437
6497	6693
7015	7241
7311	7348
7403	7381
7256	7343
8466	11500
16391	22008
26923	30145
31649	32151
32312	32394
32461	32529
32597	32651
32673	32668
32649	32625
32611	32604
32608	32616
32633	32654
32681	32706
32726	32737
32743	32746
32747	32747
32747	32747
32747	32747
32747	32747
32747	32747
32747	32747
32747	32747
32747	32747
32747	32747
32747	32747
32747	32747
32747	32747
32747	32747
32747	32747
32747	32747
32747	32747
32747	32747
32747	32747
32747	32747
32747	32747
32747	32747
32747	32747
32747	32747
32747	32747
32747	32747
32747	32747
32747	32747
32747	32747
32747	32747
32747	32747
32747	32747
32747	32747
32747	32747
32747	32747
32747	32747
32747	32747
32747	32747
32747	32747
32747	32747
32747	32747
32747	32747
32747	32747
32747	32747
32747	32747
32747	32747
32747	32747
32747	32747
32747	32747
32747	32747
32747	32747
32747	32747
32747	32747
32747	32747
32747	32747
32747	32747
32747	32747
32747	32747
32747	32747
32747	32747
32747	32747
32747	32747
32747	32747
32747	32747
32747	32747
32747	32747
32747	32747
32747	32747
32747	32747
32747	32747
32747	32747
32747	32747
32747	32747
32747	32747
32747	32747
32747	32747
32747	32747
32747	32747
32747	32747
32747	32747
32747	32747
32747	32747
32747	32747
32747	32747
32747	32747
32747	32747
32747	32747
32747	32747
32747	32747
32747	32747
32747	32747
32747	32747
32747	32747
32747	32745
32739	32725
32699	32664
32620	32580
32551	32543
32552	32569
32585	32600
32614	32625
32639	32656
32681	32700
32703	32684
32658	32649
32654	32650
32624	32586
32539	32498
32465	32418
32230	31703
30650	29060
27225	25618
24510	23875
23590	23561
23757	24184
24824	25606
26415	27131
27652	27938
28010	27944
27866	27868
27935	27971
27938	27880
27844	27820
27757	27581
27246	26758
26185	25629
25185	24907
24818	24882
25005	25078
25105	25186
25409	25777
26193	26527
26702	26733
26722	26792
27011	27340
27614	27683
27628	27685
27886	28025
27943	27673
27364	27164
27142	27287
27600	28127
28893	29846
30816	31584
32035	32210
32249	32300
32399	32494
32521	32471
32373	32274
32219	32184
32042	31516
30267	28002
24661	20480
15961	11738
8399	6276
5260	4932
4924	5059
5243	5414
5592	5827
6068	6195
6190	6167
6205	6303
6429	6564
6701	6833
6956	7063
7150	7203
7241	7283
7371	7534
7743	7936
8080	8232
8497	9007
9777	10513
10439	8877
6318	4129
3003	2596
2463	2518
2816	3419
4485	6188
8478	10885
12510	12516
11003	8916
7083	5841
5345	5630
6381	7022
7210	6942
6343	5570
4927	4754
5102	5688
6181	6419
6498	6631
6882	7128
7294	7396
7442	7375
7232	7352
8518	11547
16404	22030
26998	30264
31753	32202
32302	32358
32430	32517
32594	32649
32671	32666
32649	32624
32609	32605
32611	32621
32638	32661
32685	32709
32727	32737
32743	32746
32747	32747
32747	32747
32747	32747
32747	32747
32747	32747
32747	32747
32747	32747
32747	32747
32747	32747
32747	32747
32747	32747
32747	32747
32747	32747
32747	32747
32747	32747
32747	32747
32747	32747
32747	32747
32747	32747
32747	32747
32747	32747
32747	32747
32747	32747
32747	32747
32747	32747
32747	32747
32747	32747
32747	32747
32747	32747
32747	32747
32747	32747
32747	32747
32747	32747
32747	32747
32747	32747
32747	32747
32747	32747
32747	32747
32747	32747
32747	32747
32747	32747
32747	32747
32747	32747
32747	32747
32747	32747
32747	32747
32747	32747
32747	32747
32747	32747
32747	32747
32747	32747
32747	32747
32747	32747
32747	32747
32747	32747
32747	32747
32747	32747
32747	32747
32747	32747
32747	32747
32747	32747
32747	32747
32747	32747
32747	32747
32747	32747
32747	32747
32747	32747
32747	32747
32747	32747
32747	32747
32747	32747
32747	32747
32747	32747
32747	32747
32747	32747
32747	32747
32747	32747
32747	32747
32747	32747
32747	32747
32747	32747
32747	32747
32747	32747
32747	32747
32747	32747
32747	32747
32747	32747
32747	32747
32747	32747
32747	32747
32747	32747
32747	32747
32747	32745
32739	32725
32700	32665
32621	32580
32553	32549
32560	32576
32587	32601
32614	32625
32636	32656
32679	32700
32706	32690
32665	32650
32648	32642
32618	32584
32541	32501
32472	32433
32278	31821
30875	29393
27608	25943
24694	23923
23546	23468
23633	24041
24671	25438
26227	26919
27429	27734
27854	27854
27822	27830
27873	27895
27869	27827
27790	27757
27680	27513
27211	26775
26261	25760
25352	25082
24968	24988
25064	25110
25126	25203
25416	25767
26175	26526
26742	26835
26880	26983
27206	27512
27742	27764
27675	27725
27949	28120
28070	27818
27503	27279
27214	27294
27534	27984
28683	29595
30569	31389
31917	32154
32228	32291
32402	32511
32568	32560
32504	32426
32374	32356
32293	32007
31316	30042
27975	24908
20828	16102
11546	8106
6167	5437
5361	5468
5507	5485
5529	5752
6081	6321
6391	6394
6421	6492
6589	6711
6844	6983
7112	7224
7307	7355
7370	7380
7431	7553
7729	7905
8057	8218
8479	8952
9692	10461
10500	9061
6560	4325
3102	2635
2510	2587
2841	3316
4226	5845
8138	10602
12406	12835
11910	10314
8666	7255
6278	5894
6072	6547
6979	7093
6762	6072
5337	4953
5070	5536
6049	6375
6502	6602
6781	7016
7228	7359
7380	7295
7178	7347
8510	11443
16168	21762
26832	30225
31783	32225
32287	32307
32371	32467
32567	32637
32669	32666
32649	32623
32610	32608
32616	32631
32650	32672
32696	32715
32730	32739
32744	32745
32747	32747
32747	32747
32747	32747
32747	32747
32747	32747
32747	32747
32747	32747
32747	32747
32747	32747
32747	32747
32747	32747
32747	32747
32747	32747
32747	32747
32747	32747
32747	32747
32747	32747
32747	32747
32747	32747
32747	32747
32747	32747
32747	32747
32747	32747
32747	32747
32747	32747
32747	32747
32747	32747
32747	32747
32747	32747
32747	32747
32747	32747
32747	32747
32747	32747
32747	32747
32747	32747
32747	32747
32747	32747
32747	32747
32747	32747
32747	32747
32747	32747
32747	32747
32747	32747
32747	32747
32747	32747
32747	32747
32747	32747
32747	32747
32747	32747
32747	32747
32747	32747
32747	32747
32747	32747
32747	32747
32747	32747
32747	32747
32747	32747
32747	32747
32747	32747
32747	32747
32747	32747
32747	32747
32747	32747
32747	32747
32747	32747
32747	32747
32747	32747
32747	32747
32747	32747
32747	32747
32747	32747
32747	32747
32747	32747
32747	32747
32747	32747
32747	32747
32747	32747
32747	32747
32747	32747
32747	32747
32747	32747
32747	32747
32747	32747
32747	32747
32747	32747
32747	32747
32747	32747
32747	32747
32747	32747
32747	32747
32747	32747
32747	32747
32747	32745
32739	32725
32701	32665
32625	32585
32562	32556
32566	32580
32591	32602
32614	32625
32636	32656
32679	32702
32709	32697
32673	32654
32644	32633
32612	32583
32545	32506
32477	32448
32327	31944
31114	29749
28015	26276
24855	23913
23430	23294
23428	23820
24438	25185
25941	26594
27080	27385
27540	27592
27594	27580
27567	27547
27516	27480
27444	27400
27326	27191
26957	26627
26231	25842
25518	25289
25168	25136
25143	25141
25149	25235
25459	25811
26223	26588
26835	26967
27046	27154
27349	27601
27778	27769
27683	27757
28009	28207
28183	27954
27651	27422
27327	27357
27526	27887
28500	29349
30306	31165
31779	32113
32257	32342
32430	32501
32533	32529
32507	32477
32461	32451
32376	32137
31715	31098
30104	28317
25287	20897
15797	11186
7993	6416
5966	5868
5680	5450
5420	5716
6190	6546
6664	6657
6653	6685
6752	6857
6990	7133
7271	7390
7475	7508
7498	7476
7485	7567
7707	7873
8034	8211
8465	8897
9607	10422
10580	9275
6832	4544
3206	2669
2545	2638
2851	3218
4009	5561
7833	10298
12222	13033
12687	11614
10272	8936
7702	6660
6036	6061
6570	7037
7053	6565
5839	5273
5125	5396
5871	6273
6490	6604
6738	6936
7153	7292
7312	7240
7159	7324
8364	11022
15456	20955
26174	29823
31600	32161
32261	32274
32329	32426
32542	32626
32666	32665
32649	32623
32610	32610
32620	32641
32662	32686
32705	32722
32729	32735
32740	32744
32746	32747
32747	32747
32747	32747
32747	32747
32747	32747
32747	32747
32747	32747
32747	32747
32747	32747
32747	32747
32747	32747
32747	32747
32747	32747
32747	32747
32747	32747
32747	32747
32747	32747
32747	32747
32747	32747
32747	32747
32747	32747
32747	32747
32747	32747
32747	32747
32747	32747
32747	32747
32747	32747
32747	32747
32747	32747
32747	32747
32747	32747
32747	32747
32747	32747
32747	32747
32747	32747
32747	32747
32747	32747
32747	32747
32747	32747
32747	32747
32747	32747
32747	32747
32747	32747
32747	32747
32747	32747
32747	32747
32747	32747
32747	32747
32747	32747
32747	32747
32747	32747
32747	32747
32747	32747
32747	32747
32747	32747
32747	32747
32747	32747
32747	32747
32747	32747
32747	32747
32747	32747
32747	32747
32747	32747
32747	32747
32747	32747
32747	32747
32747	32747
32747	32747
32747	32747
32747	32747
32747	32747
32747	32747
32747	32747
32747	32747
32747	32747
32747	32747
32747	32747
32747	32747
32747	32747
32747	32747
32747	32747
32747	32747
32747	32747
32747	32747
32747	32747
32747	32747
32747	32747
32747	32747
32747	32747
32747	32747
32747	32747
32747	32747
32747	32745
32739	32725
32701	32668
32631	32595
32573	32567
32573	32584
32592	32602
32615	32626
32638	32656
32681	32702
32713	32702
32681	32657
32641	32624
32610	32585
32553	32515
32486	32461
32373	32068
31355	30114
28425	26587
24966	23841
23261	23096
23233	23639
24257	24986
25689	26273
26683	26935
27062	27110
27091	27017
26915	26843
26819	26821
26825	26816
26780	26707
26576	26376
26124	25861
25628	25444
25312	25228
25169	25135
25149	25264
25513	25883
26301	26678
26950	27110
27198	27291
27437	27618
27743	27742
27707	27835
28113	28322
28308	28087
27796	27568
27456	27438
27526	27789
28294	29051
29961	30858
31572	32037
32279	32402
32460	32463
32422	32379
32370	32404
32457	32486
32421	32215
31924	31629
31246	30417
28556	25189
20517	15447
11113	8274
6870	6198
5735	5425
5424	5799
6367	6788
6927	6906
6867	6863
6904	6991
7118	7270
7422	7551
7632	7649
7618	7562
7531	7568
7679	7834
8010	8206
8455	8848
9529	10385
10674	9511
7130	4784
3322	2705
2587	2697
2885	3163
3842	5314
7547	10000
12023	13153
13280	12641
11636	10580
9409	7948
6545	5921
6213	6826
7138	6915
6294	5612
5205	5240
5632	6102
6444	6626
6744	6905
7106	7263
7318	7291
7229	7313
8087	10291
14273	19588
24983	29012
31169	32002
32235	32292
32345	32434
32542	32626
32666	32665
32649	32625
32611	32611
32625	32648
32672	32697
32712	32721
32723	32727
32735	32742
32746	32747
32747	32747
32747	32747
32747	32747
32747	32747
32747	32747
32747	32747
32747	32747
32747	32747
32747	32747
32747	32747
32747	32747
32747	32747
32747	32747
32747	32747
32747	32747
32747	32747
32747	32747
32747	32747
32747	32747
32747	32747
32747	32747
32747	32747
32747	32747
32747	32747
32747	32747
32747	32747
32747	32747
32747	32747
32747	32747
32747	32747
32747	32747
32747	32747
32747	32747
32747	32747
32747	32747
32747	32747
32747	32747
32747	32747
32747	32747
32747	32747
32747	32747
32747	32747
32747	32747
32747	32747
32747	32747
32747	32747
32747	32747
32747	32747
32747	32747
32747	32747
32747	32747
32747	32747
32747	32747
32747	32747
32747	32747
32747	32747
32747	32747
32747	32747
32747	32747
32747	32747
32747	32747
32747	32747
32747	32747
32747	32747
32747	32747
32747	32747
32747	32747
32747	32747
32747	32747
32747	32747
32747	32747
32747	32747
32747	32747
32747	32747
32747	32747
32747	32747
32747	32747
32747	32747
32747	32747
32747	32747
32747	32747
32747	32747
32747	32747
32747	32747
32747	32747
32747	32747
32747	32747
32747	32747
32747	32747
32747	32747
32747	32747
32747	32745
32739	32726
32704	32672
32638	32608
32587	32580
32581	32587
32594	32605
32617	32628
32641	32660
32683	32705
32716	32709
32688	32660
32636	32617
32607	32593
32566	32529
32495	32477
32419	32188
31593	30475
28825	26874
25036	23726
23076	22928
23117	23575
24222	24927
25553	26014
26284	26400
26420	26392
26308	26145
25959	25859
25881	25973
26077	26157
26214	26239
26224	26156
26034	25875
25705	25536
25380	25238
25132	25079
25114	25271
25559	25949
26379	26766
27057	27234
27328	27399
27487	27598
27686	27723
27788	27991
28288	28481
28442	28215
27928	27698
27564	27495
27497	27642
28011	28645
29497	30436
31284	31903
32266	32441
32483	32423
32308	32221
32214	32295
32407	32482
32460	32336
32147	31962
31770	31393
30409	28313
24845	20273
15420	11317
8482	6800
5915	5556
5601	5988
6524	6936
7101	7095
7046	7017
7035	7106
7228	7383
7554	7693
7772	7777
7725	7634
7564	7558
7637	7789
7987	8207
8452	8804
9450	10352
10770	9751
7434	5027
3439	2745
2636	2784
2960	3156
3717	5091
7269	9726
11853	13233
13681	13302
12563	11909
11120	9633
7710	6383
6145	6572
7008	7037
6586	5871
5259	5072
5351	5867
6343	6630
6766	6902
7092	7273
7392	7436
7390	7356
7798	9465
12911	17998
23564	28019
30639	31817
32237	32358
32410	32479
32565	32635
32668	32666
32649	32626
32614	32614
32627	32650
32677	32698
32712	32712
32711	32716
32728	32739
32745	32747
32747	32747
32747	32747
32747	32747
32747	32747
32747	32747
32747	32747
32747	32747
32747	32747
32747	32747
32747	32747
32747	32747
32747	32747
32747	32747
32747	32747
32747	32747
32747	32747
32747	32747
32747	32747
32747	32747
32747	32747
32747	32747
32747	32747
32747	32747
32747	32747
32747	32747
32747	32747
32747	32747
32747	32747
32747	32747
32747	32747
32747	32747
32747	32747
32747	32747
32747	32747
32747	32747
32747	32747
32747	32747
32747	32747
32747	32747
32747	32747
32747	32747
32747	32747
32747	32747
32747	32747
32747	32747
32747	32747
32747	32747
32747	32747
32747	32747
32747	32747
32747	32747
32747	32747
32747	32747
32747	32747
32747	32747
32747	32747
32747	32747
32747	32747
32747	32747
32747	32747
32747	32747
32747	32747
32747	32747
32747	32747
32747	32747
32747	32747
32747	32747
32747	32747
32747	32747
32747	32747
32747	32747
32747	32747
32747	32747
32747	32747
32747	32747
32747	32747
32747	32747
32747	32747
32747	32747
32747	32747
32747	32747
32747	32747
32747	32747
32747	32747
32747	32747
32747	32747
32747	32747
32747	32747
32747	32747
32747	32747
32747	32747
32747	32745
32739	32726
32704	32677
32645	32618
32598	32590
32590	32595
32602	32613
32624	32637
32652	32670
32689	32710
32719	32714
32693	32659
32627	32609
32605	32599
32579	32540
32505	32489
32460	32296
31816	30818
29215	27157
25109	23628
22927	22823
23091	23625
24305	24977
25496	25789
25855	25773
25625	25469
25294	25071
24860	24796
24921	25150
25398	25612
25787	25926
26026	26071
26052	25965
25818	25633
25425	25222
25065	24995
25053	25245
25562	25970
26408	26810
27125	27328
27436	27494
27535	27587
27656	27752
27928	28208
28507	28656
28574	28324
28031	27800
27647	27521
27424	27426
27635	28126
28915	29920
30934	31733
32219	32446
32495	32420
32289	32193
32191	32276
32390	32462
32467	32422
32333	32201
32014	31736
31214	30140
28071	24701
20244	15474
11288	8328
6680	6002
5908	6171
6586	6954
7165	7220
7185	7141
7139	7196
7314	7480
7660	7811
7888	7884
7805	7686
7579	7538
7596	7748
7969	8217
8461	8771
9375	10311
10853	9973
7721	5259
3554	2790
2696	2892
3076	3205
3644	4898
7009	9481
11720	13289
13905	13620
13023	12764
12540	11424
9396	7489
6510	6426
6748	6932
6669	6004
5279	4910
5071	5599
6181	6569
6747	6879
7063	7272
7457	7583
7582	7473
7647	8854
11829	16703
22416	27238
30247	31705
32262	32421
32467	32514
32582	32641
32670	32666
32649	32628
32619	32618
32630	32653
32676	32694
32701	32700
32699	32707
32720	32735
32743	32746
32747	32747
32747	32747
32747	32747
32747	32747
32747	32747
32747	32747
32747	32747
32747	32747
32747	32747
32747	32747
32747	32747
32747	32747
32747	32747
32747	32747
32747	32747
32747	32747
32747	32747
32747	32747
32747	32747
32747	32747
32747	32747
32747	32747
32747	32747
32747	32747
32747	32747
32747	32747
32747	32747
32747	32747
32747	32747
32747	32747
32747	32747
32747	32747
32747	32747
32747	32747
32747	32747
32747	32747
32747	32747
32747	32747
32747	32747
32747	32747
32747	32747
32747	32747
32747	32747
32747	32747
32747	32747
32747	32747
32747	32747
32747	32747
32747	32747
32747	32747
32747	32747
32747	32747
32747	32747
32747	32747
32747	32747
32747	32747
32747	32747
32747	32747
32747	32747
32747	32747
32747	32747
32747	32747
32747	32747
32747	32747
32747	32747
32747	32747
32747	32747
32747	32747
32747	32747
32747	32747
32747	32747
32747	32747
32747	32747
32747	32747
32747	32747
32747	32747
32747	32747
32747	32747
32747	32747
32747	32747
32747	32747
32747	32747
32747	32747
32747	32747
32747	32747
32747	32747
32747	32747
32747	32747
32747	32747
32747	32747
32747	32747
32747	32745
32739	32727
32706	32678
32651	32626
32607	32598
32595	32601
32609	32621
32633	32649
32664	32682
32700	32715
32724	32721
32698	32657
32614	32597
32601	32605
32588	32548
32508	32496
32490	32388
32008	31130
29587	27457
25235	23607
22859	22787
23119	23704
24396	25010
25395	25490
25330	25023
24689	24402
24164	23949
23816	23871
24134	24517
24912	25263
25551	25794
25990	26132
26190	26150
26010	25793
25523	25243
25019	24919
24980	25189
25517	25928
26371	26789
27137	27381
27524	27585
27606	27617
27673	27828
28093	28425
28707	28795
28655	28373
28075	27853
27691	27515
27313	27169
27205	27543
28269	29353
30557	31540
32134	32406
32476	32437
32358	32307
32314	32367
32415	32421
32396	32388
32393	32342
32176	31887
31515	30999
30015	28016
24675	20173
15325	11214
8438	6922
6318	6286
6551	6904
7184	7306
7295	7238
7219	7264
7383	7552
7744	7900
7977	7959
7858	7711
7578	7515
7556	7713
7955	8230
8474	8743
9305	10268
10920	10169
7980	5471
3658	2829
2751	2994
3201	3295
3637	4759
6770	9238
11582	13287
13985	13694
13134	13145
13477	12985
11262	9053
7309	6508
6494	6685
6579	6031
5291	4811
4851	5337
5962	6418
6638	6783
6975	7210
7450	7657
7730	7637
7684	8607
11268	16015
21840	26898
30117	31700
32294	32443
32465	32501
32570	32635
32668	32667
32651	32633
32624	32627
32637	32656
32673	32686
32689	32687
32688	32697
32716	32732
32742	32746
32747	32747
32747	32747
32747	32747
32747	32747
32747	32747
32747	32747
32747	32747
32747	32747
32747	32747
32747	32747
32747	32747
32747	32747
32747	32747
32747	32747
32747	32747
32747	32747
32747	32747
32747	32747
32747	32747
32747	32747
32747	32747
32747	32747
32747	32747
32747	32747
32747	32747
32747	32747
32747	32747
32747	32747
32747	32747
32747	32747
32747	32747
32747	32747
32747	32747
32747	32747
32747	32747
32747	32747
32747	32747
32747	32747
32747	32747
32747	32747
32747	32747
32747	32747
32747	32747
32747	32747
32747	32747
32747	32747
32747	32747
32747	32747
32747	32747
32747	32747
32747	32747
32747	32747
32747	32747
32747	32747
32747	32747
32747	32747
32747	32747
32747	32747
32747	32747
32747	32747
32747	32747
32747	32747
32747	32747
32747	32747
32747	32747
32747	32747
32747	32747
32747	32747
32747	32747
32747	32747
32747	32747
32747	32747
32747	32747
32747	32747
32747	32747
32747	32747
32747	32747
32747	32747
32747	32747
32747	32747
32747	32747
32747	32747
32747	32747
32747	32747
32747	32747
32747	32747
32747	32747
32747	32747
32747	32747
32747	32747
32747	32747
32747	32745
32739	32727
32707	32681
32654	32631
32615	32607
32606	32610
32619	32630
32645	32663
32680	32696
32710	32721
32731	32727
32702	32652
32603	32585
32602	32616
32597	32551
32507	32497
32509	32451
32156	31392
29932	27788
25460	23719
22905	22810
23135	23704
24347	24863
25101	25002
24632	24133
23654	23287
23056	22948
22986	23221
23632	24133
24630	25064
25427	25738
26008	26224
26359	26374
26255	26020
25699	25334
25021	24863
24901	25105
25423	25819
26258	26694
27082	27388
27587	27688
27712	27711
27763	27942
28245	28583
28819	28839
28638	28328
28034	27832
27685	27487
27204	26928
26799	26987
27640	28790
30160	31310
32000	32303
32394	32409
32413	32433
32457	32472
32441	32350
32254	32243
32318	32369
32286	32040
31720	31412
30988	30025
27983	24541
20017	15305
11283	8469
6936	6423
6535	6898
7230	7388
7382	7311
7273	7311
7432	7613
7806	7961
8036	8005
7883	7715
7559	7478
7512	7673
7936	8235
8483	8718
9241	10230
10977	10345
8213	5663
3754	2859
2783	3062
3300	3406
3706	4704
6561	8963
11361	13174
13947	13671
13101	13200
13875	14023
12894	10722
8408	6882
6384	6436
6421	6021
5355	4829
4750	5133
5717	6176
6419	6596
6824	7094
7377	7645
7795	7768
7815	8631
11155	15863
21777	26935
30192	31756
32312	32419
32417	32450
32536	32621
32665	32668
32653	32638
32631	32635
32646	32660
32672	32677
32677	32674
32678	32691
32714	32731
32741	32745
32747	32747
32747	32747
32747	32747
32747	32747
32747	32747
32747	32747
32747	32747
32747	32747
32747	32747
32747	32747
32747	32747
32747	32747
32747	32747
32747	32747
32747	32747
32747	32747
32747	32747
32747	32747
32747	32747
32747	32747
32747	32747
32747	32747
32747	32747
32747	32747
32747	32747
32747	32747
32747	32747
32747	32747
32747	32747
32747	32747
32747	32747
32747	32747
32747	32747
32747	32747
32747	32747
32747	32747
32747	32747
32747	32747
32747	32747
32747	32747
32747	32747
32747	32747
32747	32747
32747	32747
32747	32747
32747	32747
32747	32747
32747	32747
32747	32747
32747	32747
32747	32747
32747	32747
32747	32747
32747	32747
32747	32747
32747	32747
32747	32747
32747	32747
32747	32747
32747	32747
32747	32747
32747	32747
32747	32747
32747	32747
32747	32747
32747	32747
32747	32747
32747	32747
32747	32747
32747	32747
32747	32747
32747	32747
32747	32747
32747	32747
32747	32747
32747	32747
32747	32747
32747	32747
32747	32747
32747	32747
32747	32747
32747	32747
32747	32747
32747	32747
32747	32747
32747	32747
32747	32747
32747	32747
32747	32747
32747	32747
32747	32747
32747	32746
32740	32730
32711	32687
32661	32639
32625	32618
32616	32620
32627	32642
32661	32677
32692	32707
32718	32729
32735	32731
32701	32646
32591	32579
32603	32626
32609	32556
32503	32493
32515	32489
32256	31593
30243	28147
25792	23971
23064	22873
23100	23560
24080	24462
24547	24293
23774	23158
22610	22242
22099	22177
22445	22872
23399	23956
24475	24922
25296	25626
25937	26223
26440	26529
26467	26254
25908	25467
25053	24815
24813	24991
25282	25654
26082	26536
26969	27344
27616	27778
27835	27849
27898	28065
28343	28632
28801	28755
28505	28178
27905	27747
27638	27445
27123	26750
26488	26536
27103	28268
29749	31032
31825	32180
32298	32343
32400	32470
32518	32523
32443	32280
32120	32095
32203	32317
32316	32181
31959	31721
31469	31041
30026	27909
24427	19816
14890	10730
8018	6802
6656	6982
7318	7474
7457	7371
7312	7342
7464	7651
7850	8004
8068	8025
7888	7701
7527	7433
7462	7628
7905	8224
8478	8689
9186	10195
11029	10499
8424	5840
3841	2879
2789	3080
3350	3515
3840	4727
6383	8636
11019	12922
13826	13662
13101	13099
13813	14427
13989	12158
9592	7495
6484	6287
6293	6046
5509	4983
4784	5010
5474	5872
6113	6331
6622	6960
7293	7591
7767	7790
7883	8697
11196	15932
21917	27104
30318	31801
32290	32363
32354	32404
32510	32614
32665	32673
32658	32644
32638	32645
32656	32668
32672	32671
32666	32665
32671	32688
32707	32726
32738	32744
32746	32747
32747	32747
32747	32747
32747	32747
32747	32747
32747	32747
32747	32747
32747	32747
32747	32747
32747	32747
32747	32747
32747	32747
32747	32747
32747	32747
32747	32747
32747	32747
32747	32747
32747	32747
32747	32747
32747	32747
32747	32747
32747	32747
32747	32747
32747	32747
32747	32747
32747	32747
32747	32747
32747	32747
32747	32747
32747	32747
32747	32747
32747	32747
32747	32747
32747	32747
32747	32747
32747	32747
32747	32747
32747	32747
32747	32747
32747	32747
32747	32747
32747	32747
32747	32747
32747	32747
32747	32747
32747	32747
32747	32747
32747	32747
32747	32747
32747	32747
32747	32747
32747	32747
32747	32747
32747	32747
32747	32747
32747	32747
32747	32747
32747	32747
32747	32747
32747	32747
32747	32747
32747	32747
32747	32747
32747	32747
32747	32747
32747	32747
32747	32747
32747	32747
32747	32747
32747	32747
32747	32747
32747	32747
32747	32747
32747	32747
32747	32747
32747	32747
32747	32747
32747	32747
32747	32747
32747	32747
32747	32747
32747	32747
32747	32747
32747	32747
32747	32747
32747	32747
32747	32747
32747	32747
32747	32747
32747	32747
32747	32747
32747	32746
32742	32734
32718	32697
32673	32653
32637	32629
32627	32628
32636	32651
32671	32688
32701	32712
32724	32736
32740	32732
32700	32641
32585	32575
32609	32639
32624	32567
32508	32495
32522	32512
32329	31756
30524	28539
26226	24353
23311	22953
23007	23293
23635	23851
23802	23450
22875	22244
21724	21431
21429	21705
22188	22764
23347	23888
24361	24751
25077	25387
25712	26055
26352	26529
26543	26386
26051	25569
25075	24763
24704	24842
25102	25451
25875	26345
26813	27232
27557	27771
27886	27954
28029	28163
28363	28564
28662	28567
28303	27988
27753	27646
27582	27414
27081	26657
26310	26253
26724	27833
29331	30710
31634	32093
32257	32306
32357	32432
32504	32523
32448	32272
32103	32064
32155	32242
32259	32222
32146	31995
31806	31586
31161	30068
27707	23733
18639	13617
9785	7657
7003	7116
7387	7531
7518	7422
7345	7350
7467	7664
7882	8043
8092	8032
7878	7670
7478	7373
7402	7576
7867	8203
8462	8653
9122	10146
11051	10625
8619	6018
3942	2914
2793	3066
3350	3599
3992	4798
6224	8264
10576	12557
13658	13714
13210	12979
13448	14250
14418	13110
10622	8204
6750	6266
6243	6137
5749	5249
4929	4956
5241	5546
5783	6052
6420	6844
7237	7534
7680	7688
7793	8601
11081	15828
21864	27099
30313	31759
32213	32289
32316	32398
32519	32620
32674	32683
32671	32656
32648	32653
32667	32675
32673	32663
32655	32656
32664	32681
32700	32718
32733	32742
32746	32747
32747	32747
32747	32747
32747	32747
32747	32747
32747	32747
32747	32747
32747	32747
32747	32747
32747	32747
32747	32747
32747	32747
32747	32747
32747	32747
32747	32747
32747	32747
32747	32747
32747	32747
32747	32747
32747	32747
32747	32747
32747	32747
32747	32747
32747	32747
32747	32747
32747	32747
32747	32747
32747	32747
32747	32747
32747	32747
32747	32747
32747	32747
32747	32747
32747	32747
32747	32747
32747	32747
32747	32747
32747	32747
32747	32747
32747	32747
32747	32747
32747	32747
32747	32747
32747	32747
32747	32747
32747	32747
32747	32747
32747	32747
32747	32747
32747	32747
32747	32747
32747	32747
32747	32747
32747	32747
32747	32747
32747	32747
32747	32747
32747	32747
32747	32747
32747	32747
32747	32747
32747	32747
32747	32747
32747	32747
32747	32747
32747	32747
32747	32747
32747	32747
32747	32747
32747	32747
32747	32747
32747	32747
32747	32747
32747	32747
32747	32747
32747	32747
32747	32747
32747	32747
32747	32747
32747	32747
32747	32747
32747	32747
32747	32747
32747	32747
32747	32747
32747	32747
32747	32747
32747	32747
32747	32747
32747	32747
32747	32747
32747	32746
32744	32737
32726	32709
32689	32668
32653	32641
32638	32639
32645	32660
32678	32693
32705	32716
32729	32738
32741	32734
32703	32645
32591	32582
32619	32652
32642	32589
32534	32519
32542	32541
32391	31907
30822	29004
26795	24874
23644	23061
22911	22999
23144	23186
23028	22658
22147	21622
21216	21048
21181	21596
22191	22819
23387	23872
24271	24581
24834	25097
25410	25767
26104	26336
26409	26299
26000	25531
25018	24659
24544	24633
24870	25228
25678	26170
26633	27009
27285	27498
27685	27873
28050	28193
28300	28397
28440	28352
28131	27871
27684	27609
27566	27414
27095	26679
26320	26214
26580	27539
28921	30322
31401	32028
32277	32327
32338	32387
32466	32510
32462	32328
32192	32156
32201	32215
32182	32184
32219	32197
32097	31973
31777	31200
29648	26548
21978	16781
12148	9037
7606	7278
7386	7529
7562	7491
7388	7344
7427	7650
7920	8105
8137	8040
7862	7629
7408	7281
7305	7492
7813	8182
8453	8617
9038	10046
11016	10717
8827	6248
4099	2988
2811	3044
3322	3642
4107	4844
6050	7867
10079	12133
13453	13785
13369	12865
12913	13631
14196	13450
11296	8821
7062	6315
6244	6264
6025	5564
5124	4937
5031	5260
5523	5839
6245	6726
7179	7474
7563	7524
7599	8327
10673	15310
21343	26681
30042	31589
32085	32205
32296	32425
32550	32640
32687	32696
32685	32667
32656	32658
32670	32675
32670	32657
32644	32644
32655	32671
32688	32708
32725	32738
32745	32747
32747	32747
32747	32747
32747	32747
32747	32747
32747	32747
32747	32747
32747	32747
32747	32747
32747	32747
32747	32747
32747	32747
32747	32747
32747	32747
32747	32747
32747	32747
32747	32747
32747	32747
32747	32747
32747	32747
32747	32747
32747	32747
32747	32747
32747	32747
32747	32747
32747	32747
32747	32747
32747	32747
32747	32747
32747	32747
32747	32747
32747	32747
32747	32747
32747	32747
32747	32747
32747	32747
32747	32747
32747	32747
32747	32747
32747	32747
32747	32747
32747	32747
32747	32747
32747	32747
32747	32747
32747	32747
32747	32747
32747	32747
32747	32747
32747	32747
32747	32747
32747	32747
32747	32747
32747	32747
32747	32747
32747	32747
32747	32747
32747	32747
32747	32747
32747	32747
32747	32747
32747	32747
32747	32747
32747	32747
32747	32747
32747	32747
32747	32747
32747	32747
32747	32747
32747	32747
32747	32747
32747	32747
32747	32747
32747	32747
32747	32747
32747	32747
32747	32747
32747	32747
32747	32747
32747	32747
32747	32747
32747	32747
32747	32747
32747	32747
32747	32747
32747	32747
32747	32747
32747	32747
32747	32747
32747	32747
32747	32747
32747	32746
32745	32742
32733	32718
32702	32684
32670	32660
32655	32656
32662	32672
32686	32697
32706	32716
32729	32738
32742	32737
32713	32667
32624	32616
32645	32673
32666	32626
32582	32570
32587	32584
32466	32076
31167	29577
27524	25544
24068	23218
22872	22790
22749	22629
22402	22105
21778	21460
21230	21196
21414	21850
22411	22977
23481	23908
24250	24504
24704	24915
25184	25498
25802	26010
26068	25966
25705	25300
24852	24501
24335	24368
24597	25006
25531	26049
26443	26650
26733	26836
27084	27478
27879	28111
28164	28175
28207	28190
28080	27920
27784	27705
27631	27461
27171	26821
26532	26440
26697	27410
28539	29864
31076	31901
32282	32370
32364	32387
32457	32506
32484	32383
32285	32259
32283	32258
32190	32179
32242	32298
32287	32217
32079	31705
30661	28393
24638	19742
14710	10753
8428	7469
7308	7448
7580	7582
7470	7349
7374	7626
7984	8211
8204	8051
7834	7574
7312	7139
7139	7346
7722	8156
8458	8582
8918	9868
10885	10764
9074	6567
4342	3121
2869	3046
3298	3641
4132	4799
5827	7461
9589	11704
13228	13809
13489	12733
12324	12768
13486	13221
11546	9225
7298	6338
6220	6351
6257	5848
5313	4925
4846	5053
5405	5752
6112	6569
7064	7380
7455	7409
7450	8011
10056	14398
20317	25808
29481	31287
31911	32104
32270	32449
32581	32658
32696	32706
32696	32678
32662	32664
32671	32676
32667	32649
32633	32633
32645	32663
32679	32700
32719	32736
32744	32747
32747	32747
32747	32747
32747	32747
32747	32747
32747	32747
32747	32747
32747	32747
32747	32747
32747	32747
32747	32747
32747	32747
32747	32747
32747	32747
32747	32747
32747	32747
32747	32747
32747	32747
32747	32747
32747	32747
32747	32747
32747	32747
32747	32747
32747	32747
32747	32747
32747	32747
32747	32747
32747	32747
32747	32747
32747	32747
32747	32747
32747	32747
32747	32747
32747	32747
32747	32747
32747	32747
32747	32747
32747	32747
32747	32747
32747	32747
32747	32747
32747	32747
32747	32747
32747	32747
32747	32747
32747	32747
32747	32747
32747	32747
32747	32747
32747	32747
32747	32747
32747	32747
32747	32747
32747	32747
32747	32747
32747	32747
32747	32747
32747	32747
32747	32747
32747	32747
32747	32747
32747	32747
32747	32747
32747	32747
32747	32747
32747	32747
32747	32747
32747	32747
32747	32747
32747	32747
32747	32747
32747	32747
32747	32747
32747	32747
32747	32747
32747	32747
32747	32747
32747	32747
32747	32747
32747	32747
32747	32747
32747	32747
32747	32747
32747	32747
32747	32747
32747	32747
32747	32747
32747	32747
32747	32747
32747	32747
32747	32747
32747	32747
32746	32743
32737	32726
32711	32696
32685	32679
32675	32675
32679	32684
32692	32699
32706	32716
32729	32739
32744	32741
32726	32699
32671	32664
32678	32692
32688	32666
32639	32631
32640	32634
32545	32247
31526	30195
28328	26291
24549	23420
22898	22685
22505	22268
22020	21854
21762	21678
21620	21692
21935	22304
22728	23164
23592	23983
24305	24544
24718	24894
25105	25344
25558	25680
25668	25535
25303	25008
24686	24392
24190	24160
24377	24844
25452	25990
26269	26227
26024	25945
26225	26851
27538	27928
27984	27957
28014	28108
28143	28112
28032	27931
27791	27584
27316	27049
26850	26788
26928	27359
28170	29355
30649	31663
32207	32394
32423	32439
32486	32523
32499	32417
32336	32322
32354	32346
32286	32249
32275	32335
32364	32320
32197	31928
31230	29617
26631	22223
17118	12544
9358	7687
7179	7292
7558	7692
7617	7436
7391	7653
8081	8321
8249	8027
7789	7527
7239	7016
6964	7172
7607	8123
8467	8549
8779	9644
10702	10779
9334	6933
4638	3291
2950	3072
3288	3610
4074	4668
5571	7085
9160	11322
12999	13771
13527	12597
11812	11930
12624	12712
11527	9460
7451	6308
6115	6311
6347	6021
5453	4922
4714	4939
5402	5773
6032	6414
6922	7290
7401	7384
7385	7744
9416	13361
19074	24701
28750	30904
31722	32006
32234	32452
32594	32666
32703	32712
32703	32684
32670	32668
32673	32675
32664	32643
32625	32625
32639	32657
32676	32694
32717	32734
32744	32747
32747	32747
32747	32747
32747	32747
32747	32747
32747	32747
32747	32747
32747	32747
32747	32747
32747	32747
32747	32747
32747	32747
32747	32747
32747	32747
32747	32747
32747	32747
32747	32747
32747	32747
32747	32747
32747	32747
32747	32747
32747	32747
32747	32747
32747	32747
32747	32747
32747	32747
32747	32747
32747	32747
32747	32747
32747	32747
32747	32747
32747	32747
32747	32747
32747	32747
32747	32747
32747	32747
32747	32747
32747	32747
32747	32747
32747	32747
32747	32747
32747	32747
32747	32747
32747	32747
32747	32747
32747	32747
32747	32747
32747	32747
32747	32747
32747	32747
32747	32747
32747	32747
32747	32747
32747	32747
32747	32747
32747	32747
32747	32747
32747	32747
32747	32747
32747	32747
32747	32747
32747	32747
32747	32747
32747	32747
32747	32747
32747	32747
32747	32747
32747	32747
32747	32747
32747	32747
32747	32747
32747	32747
32747	32747
32747	32747
32747	32747
32747	32747
32747	32747
32747	32747
32747	32747
32747	32747
32747	32747
32747	32747
32747	32747
32747	32747
32747	32747
32747	32747
32747	32747
32747	32747
32747	32747
32747	32747
32747	32747
32747	32747
32746	32743
32738	32728
32716	32704
32698	32695
32693	32693
32695	32697
32700	32703
32708	32719
32730	32740
32745	32745
32738	32727
32713	32705
32707	32709
32705	32696
32687	32683
32686	32675
32606	32382
31823	30732
29055	26999
25033	23653
22953	22627
22369	22094
21885	21845
21932	22011
22052	22165
22392	22675
22973	23306
23679	24051
24370	24611
24790	24947
25118	25294
25436	25485
25413	25249
25048	24859
24671	24444
24217	24127
24306	24782
25419	25942
26113	25865
25418	25183
25463	26244
27146	27694
27804	27794
27893	28073
28235	28313
28304	28208
28035	27796
27534	27296
27125	27038
27055	27255
27809	28848
30173	31326
32042	32364
32468	32500
32527	32538
32513	32449
32385	32379
32416	32424
32383	32336
32331	32370
32400	32359
32244	32055
31613	30489
28127	24212
19193	14182
10241	7894
7034	7097
7491	7792
7826	7658
7562	7787
8191	8369
8209	7941
7734	7530
7270	6999
6869	7032
7495	8071
8453	8516
8674	9472
10552	10791
9554	7252
4904	3450
3024	3102
3284	3566
3979	4506
5332	6771
8809	11005
12793	13709
13542	12538
11515	11369
11981	12307
11519	9692
7626	6284
5944	6120
6248	6044
5533	4955
4670	4891
5416	5811
6018	6352
6869	7288
7436	7399
7308	7503
8925	12565
18061	23741
28080	30553
31564	31937
32205	32441
32590	32666
32703	32714
32707	32691
32677	32673
32673	32671
32658	32634
32614	32613
32631	32653
32672	32691
32716	32734
32744	32747
32747	32747
32747	32747
32747	32747
32747	32747
32747	32747
32747	32747
32747	32747
32747	32747
32747	32747
32747	32747
32747	32747
32747	32747
32747	32747
32747	32747
32747	32747
32747	32747
32747	32747
32747	32747
32747	32747
32747	32747
32747	32747
32747	32747
32747	32747
32747	32747
32747	32747
32747	32747
32747	32747
32747	32747
32747	32747
32747	32747
32747	32747
32747	32747
32747	32747
32747	32747
32747	32747
32747	32747
32747	32747
32747	32747
32747	32747
32747	32747
32747	32747
32747	32747
32747	32747
32747	32747
32747	32747
32747	32747
32747	32747
32747	32747
32747	32747
32747	32747
32747	32747
32747	32747
32747	32747
32747	32747
32747	32747
32747	32747
32747	32747
32747	32747
32747	32747
32747	32747
32747	32747
32747	32747
32747	32747
32747	32747
32747	32747
32747	32747
32747	32747
32747	32747
32747	32747
32747	32747
32747	32747
32747	32747
32747	32747
32747	32747
32747	32747
32747	32747
32747	32747
32747	32747
32747	32747
32747	32747
32747	32747
32747	32747
32747	32747
32747	32747
32747	32747
32747	32747
32747	32747
32747	32747
32747	32747
32747	32747
32747	32747
32746	32745
32740	32732
32722	32714
32708	32708
32706	32706
32708	32708
32710	32710
32715	32723
32733	32741
32746	32746
32744	32740
32733	32726
32722	32719
32716	32714
32710	32711
32709	32698
32643	32467
32028	31132
29639	27622
25517	23917
23026	22585
22304	22067
21939	21986
22148	22268
22322	22422
22613	22832
23058	23335
23680	24041
24358	24609
24799	24959
25123	25286
25411	25446
25364	25204
25029	24903
24784	24591
24345	24198
24314	24745
25346	25834
25945	25611
25066	24756
25012	25837
26830	27486
27685	27728
27855	28068
28282	28438
28501	28456
28304	28076
27811	27551
27325	27150
27045	27089
27477	28390
29678	30911
31784	32264
32463	32524
32537	32539
32528	32492
32453	32448
32465	32460
32421	32388
32390	32429
32449	32392
32277	32146
31889	31132
29262	25788
20907	15579
11016	8112
6959	6958
7408	7842
8015	7928
7822	7966
8258	8320
8079	7812
7692	7606
7414	7111
6874	6948
7387	7984
8397	8475
8618	9389
10479	10810
9709	7481
5101	3566
3074	3119
3282	3536
3898	4367
5138	6522
8523	10734
12607	13643
13574	12577
11458	11151
11696	12171
11682	10039
7918	6350
5766	5819
5980	5919
5551	5025
4697	4864
5378	5804
6051	6403
6932	7381
7525	7386
7144	7262
8667	12204
17541	23183
27673	30355
31515	31938
32197	32418
32570	32656
32700	32714
32709	32697
32686	32680
32674	32666
32649	32622
32601	32601
32620	32646
32668	32690
32715	32734
32744	32747
32747	32747
32747	32747
32747	32747
32747	32747
32747	32747
32747	32747
32747	32747
32747	32747
32747	32747
32747	32747
32747	32747
32747	32747
32747	32747
32747	32747
32747	32747
32747	32747
32747	32747
32747	32747
32747	32747
32747	32747
32747	32747
32747	32747
32747	32747
32747	32747
32747	32747
32747	32747
32747	32747
32747	32747
32747	32747
32747	32747
32747	32747
32747	32747
32747	32747
32747	32747
32747	32747
32747	32747
32747	32747
32747	32747
32747	32747
32747	32747
32747	32747
32747	32747
32747	32747
32747	32747
32747	32747
32747	32747
32747	32747
32747	32747
32747	32747
32747	32747
32747	32747
32747	32747
32747	32747
32747	32747
32747	32747
32747	32747
32747	32747
32747	32747
32747	32747
32747	32747
32747	32747
32747	32747
32747	32747
32747	32747
32747	32747
32747	32747
32747	32747
32747	32747
32747	32747
32747	32747
32747	32747
32747	32747
32747	32747
32747	32747
32747	32747
32747	32747
32747	32747
32747	32747
32747	32747
32747	32747
32747	32747
32747	32747
32747	32747
32747	32747
32747	32747
32747	32747
32747	32747
32747	32747
32747	32747
32747	32747
32747	32747
32747	32746
32742	32734
32727	32720
32717	32716
32716	32716
32717	32718
32718	32719
32722	32727
32736	32742
32746	32747
32746	32744
32741	32736
32732	32727
32726	32725
32725	32724
32722	32710
32663	32521
32174	31446
30135	28205
26038	24255
23158	22595
22308	22154
22120	22216
22368	22448
22459	22526
22672	22839
23002	23231
23551	23903
24222	24486
24696	24881
25071	25266
25428	25503
25460	25327
25162	25019
24870	24647
24374	24185
24245	24615
25172	25641
25767	25464
24951	24649
24885	25681
26676	27391
27682	27783
27908	28096
28298	28477
28591	28609
28522	28345
28102	27824
27541	27282
27077	26999
27246	28003
29181	30433
31442	32084
32395	32498
32513	32516
32525	32526
32515	32507
32496	32466
32430	32418
32450	32498
32503	32422
32298	32204
32071	31572
30083	27006
22313	16789
11764	8464
7125	7034
7415	7844
8098	8091
7996	8069
8243	8206
7933	7716
7701	7732
7604	7259
6912	6880
7264	7856
8294	8413
8594	9367
10458	10838
9827	7656
5262	3659
3105	3120
3279	3512
3830	4250
4974	6296
8240	10455
12403	13563
13622	12703
11569	11169
11651	12228
11972	10509
8366	6576
5686	5521
5641	5694
5497	5079
4742	4826
5279	5740
6082	6491
7022	7470
7583	7306
6910	7046
8596	12187
17430	23002
27555	30371
31607	32019
32210	32380
32529	32635
32691	32710
32708	32700
32692	32684
32674	32658
32636	32607
32585	32585
32606	32636
32663	32688
32715	32734
32744	32747
32747	32747
32747	32747
32747	32747
32747	32747
32747	32747
32747	32747
32747	32747
32747	32747
32747	32747
32747	32747
32747	32747
32747	32747
32747	32747
32747	32747
32747	32747
32747	32747
32747	32747
32747	32747
32747	32747
32747	32747
32747	32747
32747	32747
32747	32747
32747	32747
32747	32747
32747	32747
32747	32747
32747	32747
32747	32747
32747	32747
32747	32747
32747	32747
32747	32747
32747	32747
32747	32747
32747	32747
32747	32747
32747	32747
32747	32747
32747	32747
32747	32747
32747	32747
32747	32747
32747	32747
32747	32747
32747	32747
32747	32747
32747	32747
32747	32747
32747	32747
32747	32747
32747	32747
32747	32747
32747	32747
32747	32747
32747	32747
32747	32747
32747	32747
32747	32747
32747	32747
32747	32747
32747	32747
32747	32747
32747	32747
32747	32747
32747	32747
32747	32747
32747	32747
32747	32747
32747	32747
32747	32747
32747	32747
32747	32747
32747	32747
32747	32747
32747	32747
32747	32747
32747	32747
32747	32747
32747	32747
32747	32747
32747	32747
32747	32747
32747	32747
32747	32747
32747	32747
32747	32747
32747	32747
32747	32747
32747	32747
32747	32747
32747	32746
32743	32738
32733	32729
32727	32727
32728	32729
32730	32730
32730	32731
32731	32734
32739	32744
32746	32747
32746	32745
32743	32740
32737	32733
32732	32732
32732	32731
32730	32720
32679	32566
32295	31716
30586	28785
26619	24698
23401	22705
22407	22331
22374	22484
22581	22592
22562	22599
22717	22817
22900	23059
23344	23685
24012	24289
24530	24754
24991	25241
25471	25615
25640	25550
25381	25164
24908	24612
24309	24108
24133	24459
24992	25479
25679	25486
25082	24841
25070	25807
26753	27473
27809	27933
28024	28143
28284	28430
28552	28614
28592	28491
28316	28082
27809	27532
27269	27085
27158	27702
28713	29930
31045	31843
32274	32432
32459	32474
32512	32545
32550	32534
32500	32462
32436	32451
32500	32549
32537	32438
32303	32223
32158	31828
30643	27953
23543	17997
12719	9211
7772	7531
7663	7890
8074	8086
8007	8043
8156	8090
7847	7699
7762	7851
7734	7343
6905	6785
7120	7697
8158	8337
8576	9366
10451	10868
9938	7824
5420	3750
3122	3106
3264	3484
3762	4138
4813	6064
7934	10131
12156	13456
13669	12868
11762	11282
11678	12317
12281	11045
8970	7016
5820	5364
5345	5431
5365	5064
4751	4763
5142	5629
6070	6530
7041	7471
7566	7196
6705	6895
8600	12231
17372	22893
27535	30484
31782	32146
32237	32340
32484	32610
32681	32705
32706	32699
32692	32684
32670	32650
32623	32595
32572	32572
32595	32625
32656	32686
32714	32734
32744	32747
32747	32747
32747	32747
32747	32747
32747	32747
32747	32747
32747	32747
32747	32747
32747	32747
32747	32747
32747	32747
32747	32747
32747	32747
32747	32747
32747	32747
32747	32747
32747	32747
32747	32747
32747	32747
32747	32747
32747	32747
32747	32747
32747	32747
32747	32747
32747	32747
32747	32747
32747	32747
32747	32747
32747	32747
32747	32747
32747	32747
32747	32747
32747	32747
32747	32747
32747	32747
32747	32747
32747	32747
32747	32747
32747	32747
32747	32747
32747	32747
32747	32747
32747	32747
32747	32747
32747	32747
32747	32747
32747	32747
32747	32747
32747	32747
32747	32747
32747	32747
32747	32747
32747	32747
32747	32747
32747	32747
32747	32747
32747	32747
32747	32747
32747	32747
32747	32747
32747	32747
32747	32747
32747	32747
32747	32747
32747	32747
32747	32747
32747	32747
32747	32747
32747	32747
32747	32747
32747	32747
32747	32747
32747	32747
32747	32747
32747	32747
32747	32747
32747	32747
32747	32747
32747	32747
32747	32747
32747	32747
32747	32747
32747	32747
32747	32747
32747	32747
32747	32747
32747	32747
32747	32747
32747	32747
32747	32747
32747	32747
32747	32747
32747	32746
32744	32742
32738	32736
32735	32735
32736	32737
32738	32738
32738	32738
32738	32741
32743	32745
32746	32747
32747	32746
32745	32743
32741	32739
32739	32739
32739	32739
32738	32729
32693	32601
32392	31935
30981	29346
27252	25259
23792	22953
22615	22576
22657	22749
22776	22727
22676	22720
22826	22871
22866	22953
23197	23525
23852	24142
24407	24672
24965	25283
25587	25812
25916	25882
25713	25419
25057	24691
24382	24185
24192	24485
25002	25526
25827	25781
25522	25361
25581	26231
27073	27718
28021	28111
28136	28168
28219	28292
28370	28428
28449	28422
28345	28213
28039	27831
27584	27317
27207	27504
28307	29450
30638	31571
32127	32354
32411	32443
32504	32556
32568	32535
32486	32450
32448	32483
32538	32575
32550	32446
32313	32235
32198	31970
31041	28767
24781	19456
14193	10644
9120	8600
8281	8101
8065	8009
7922	7953
8059	8024
7844	7750
7828	7899
7738	7298
6818	6661
6962	7522
8007	8249
8555	9362
10434	10887
10049	8008
5593	3849
3133	3078
3232	3439
3678	4018
4648	5818
7594	9768
11865	13317
13703	13046
11981	11415
11690	12343
12521	11589
9716	7723
6263	5473
5205	5192
5160	4952
4690	4668
4982	5474
5981	6463
6940	7361
7488	7128
6624	6827
8518	11995
16935	22434
27274	30459
31876	32238
32269	32327
32459	32594
32669	32694
32697	32691
32686	32677
32664	32643
32614	32582
32562	32561
32581	32614
32650	32682
32713	32734
32744	32747
32747	32747
32747	32747
32747	32747
32747	32747
32747	32747
32747	32747
32747	32747
32747	32747
32747	32747
32747	32747
32747	32747
32747	32747
32747	32747
32747	32747
32747	32747
32747	32747
32747	32747
32747	32747
32747	32747
32747	32747
32747	32747
32747	32747
32747	32747
32747	32747
32747	32747
32747	32747
32747	32747
32747	32747
32747	32747
32747	32747
32747	32747
32747	32747
32747	32747
32747	32747
32747	32747
32747	32747
32747	32747
32747	32747
32747	32747
32747	32747
32747	32747
32747	32747
32747	32747
32747	32747
32747	32747
32747	32747
32747	32747
32747	32747
32747	32747
32747	32747
32747	32747
32747	32747
32747	32747
32747	32747
32747	32747
32747	32747
32747	32747
32747	32747
32747	32747
32747	32747
32747	32747
32747	32747
32747	32747
32747	32747
32747	32747
32747	32747
32747	32747
32747	32747
32747	32747
32747	32747
32747	32747
32747	32747
32747	32747
32747	32747
32747	32747
32747	32747
32747	32747
32747	32747
32747	32747
32747	32747
32747	32747
32747	32747
32747	32747
32747	32747
32747	32747
32747	32747
32747	32747
32747	32747
32747	32747
32747	32747
32747	32747
32747	32746
32744	32742
32739	32738
32738	32739
32741	32742
32743	32744
32744	32744
32744	32744
32745	32746
32747	32747
32747	32747
32746	32745
32744	32744
32744	32744
32744	32743
32741	32733
32702	32627
32467	32106
31312	29872
27925	25931
24336	23352
22935	22879
22950	22992
22947	22855
22815	22899
23029	23061
23012	23052
23263	23568
23876	24161
24433	24727
25067	25442
25813	26111
26291	26314
26161	25830
25410	25014
24715	24529
24513	24754
25232	25780
26176	26280
26163	26083
26281	26821
27506	28011
28212	28228
28191	28151
28118	28101
28100	28108
28121	28135
28147	28139
28109	28038
27867	27576
27323	27405
28000	29045
30261	31305
31975	32287
32384	32438
32512	32573
32577	32529
32465	32433
32452	32501
32555	32576
32547	32455
32348	32276
32239	32079
31389	29574
26180	21359
16386	12897
11172	10168
9214	8493
8154	7990
7883	7910
8020	8022
7895	7827
7866	7855
7622	7157
6685	6532
6817	7358
7853	8155
8522	9335
10389	10882
10151	8193
5775	3952
3147	3033
3177	3367
3576	3892
4486	5571
7240	9370
11538	13140
13710	13209
12202	11542
11662	12280
12653	12088
10563	8687
7051	5919
5297	5043
4928	4759
4566	4548
4813	5282
5805	6280
6731	7172
7396	7155
6717	6845
8261	11306
15888	21379
26552	30122
31770	32226
32287	32346
32471	32594
32659	32682
32682	32680
32677	32672
32659	32638
32609	32577
32557	32554
32573	32607
32644	32680
32713	32734
32744	32747
32747	32747
32747	32747
32747	32747
32747	32747
32747	32747
32747	32747
32747	32747
32747	32747
32747	32747
32747	32747
32747	32747
32747	32747
32747	32747
32747	32747
32747	32747
32747	32747
32747	32747
32747	32747
32747	32747
32747	32747
32747	32747
32747	32747
32747	32747
32747	32747
32747	32747
32747	32747
32747	32747
32747	32747
32747	32747
32747	32747
32747	32747
32747	32747
32747	32747
32747	32747
32747	32747
32747	32747
32747	32747
32747	32747
32747	32747
32747	32747
32747	32747
32747	32747
32747	32747
32747	32747
32747	32747
32747	32747
32747	32747
32747	32747
32747	32747
32747	32747
32747	32747
32747	32747
32747	32747
32747	32747
32747	32747
32747	32747
32747	32747
32747	32747
32747	32747
32747	32747
32747	32747
32747	32747
32747	32747
32747	32747
32747	32747
32747	32747
32747	32747
32747	32747
32747	32747
32747	32747
32747	32747
32747	32747
32747	32747
32747	32747
32747	32747
32747	32747
32747	32747
32747	32747
32747	32747
32747	32747
32747	32747
32747	32747
32747	32747
32747	32747
32747	32747
32747	32747
32747	32747
32747	32747
32747	32747
32747	32747
32747	32747
32747	32746
32744	32739
32735	32733
32733	32735
32738	32742
32743	32744
32744	32744
32744	32744
32745	32746
32747	32747
32747	32747
32746	32745
32744	32744
32744	32744
32744	32743
32740	32731
32705	32644
32521	32237
31588	30364
28615	26685
25007	23883
23358	23231
23244	23212
23100	22987
22990	23139
23329	23408
23387	23430
23622	23892
24159	24404
24652	24943
25297	25706
26119	26471
26702	26769
26643	26322
25895	25509
25226	25027
24958	25112
25511	26043
26517	26751
26769	26756
26923	27342
27854	28198
28284	28238
28172	28109
28032	27947
27860	27786
27738	27738
27784	27866
27961	28027
27966	27719
27422	27368
27796	28727
29931	31046
31825	32228
32383	32460
32538	32596
32592	32530
32453	32417
32444	32498
32545	32557
32530	32471
32406	32355
32321	32212
31745	30432
27769	23710
19250	15809
13646	11905
10188	8918
8312	8077
7966	7980
8063	8062
7958	7883
7865	7769
7472	7002
6566	6433
6700	7211
7704	8054
8469	9275
10299	10837
10221	8363
5952	4055
3151	2978
3096	3269
3460	3773
4348	5344
6890	8957
11178	12924
13679	13352
12416	11669
11606	12139
12672	12513
11453	9838
8140	6697
5666	5054
4727	4527
4399	4416
4643	5058
5554	6013
6459	6948
7307	7260
6931	6902
7839	10241
14355	19851
25444	29494
31471	32107
32278	32385
32505	32605
32656	32671
32672	32671
32671	32667
32656	32637
32607	32576
32553	32546
32562	32597
32636	32678
32712	32733
32744	32747
32747	32747
32747	32747
32747	32747
32747	32747
32747	32747
32747	32747
32747	32747
32747	32747
32747	32747
32747	32747
32747	32747
32747	32747
32747	32747
32747	32747
32747	32747
32747	32747
32747	32747
32747	32747
32747	32747
32747	32747
32747	32747
32747	32747
32747	32747
32747	32747
32747	32747
32747	32747
32747	32747
32747	32747
32747	32747
32747	32747
32747	32747
32747	32747
32747	32747
32747	32747
32747	32747
32747	32747
32747	32747
32747	32747
32747	32747
32747	32747
32747	32747
32747	32747
32747	32747
32747	32747
32747	32747
32747	32747
32747	32747
32747	32747
32747	32747
32747	32747
32747	32747
32747	32747
32747	32747
32747	32747
32747	32747
32747	32747
32747	32747
32747	32747
32747	32747
32747	32747
32747	32747
32747	32747
32747	32747
32747	32747
32747	32747
32747	32747
32747	32747
32747	32747
32747	32747
32747	32747
32747	32747
32747	32747
32747	32747
32747	32747
32747	32747
32747	32747
32747	32747
32747	32747
32747	32747
32747	32747
32747	32747
32747	32747
32747	32747
32747	32747
32747	32747
32747	32747
32747	32747
32747	32747
32747	32747
32747	32747
32747	32747
32747	32746
32743	32737
32731	32726
32726	32731
32736	32741
32743	32744
32744	32744
32744	32744
32745	32746
32747	32747
32747	32747
32746	32745
32744	32744
32744	32744
32744	32743
32739	32728
32707	32659
32566	32346
31829	30824
29303	27485
25761	24510
23856	23626
23553	23441
23267	23151
23200	23419
23691	23864
23937	24037
24218	24435
24635	24809
24998	25242
25571	25975
26401	26773
27025	27126
27035	26752
26364	26008
25730	25493
25326	25348
25633	26124
26651	27019
27173	27243
27393	27703
28060	28257
28247	28168
28124	28098
28041	27931
27781	27616
27471	27394
27406	27499
27651	27799
27840	27691
27444	27355
27676	28490
29641	30788
31659	32166
32387	32488
32564	32616
32610	32548
32465	32422
32436	32476
32509	32519
32507	32493
32479	32460
32437	32370
32093	31254
29369	26218
22401	18931
16080	13389
10876	9146
8396	8187
8123	8120
8139	8087
7973	7891
7847	7714
7397	6938
6528	6396
6625	7086
7565	7943
8392	9181
10172	10750
10260	8509
6114	4145
3149	2909
2998	3156
3344	3674
4248	5158
6563	8541
10792	12666
13605	13460
12617	11793
11540	11949
12597	12840
12300	11054
9413	7738
6304	5266
4634	4323
4228	4278
4471	4815
5257	5706
6173	6708
7178	7326
7129	6948
7385	9143
12819	18345
24358	28884
31173	31992
32272	32428
32544	32620
32657	32667
32668	32668
32668	32664
32655	32637
32607	32575
32550	32539
32553	32586
32631	32674
32711	32733
32744	32747
32747	32747
32747	32747
32747	32747
32747	32747
32747	32747
32747	32747
32747	32747
32747	32747
32747	32747
32747	32747
32747	32747
32747	32747
32747	32747
32747	32747
32747	32747
32747	32747
32747	32747
32747	32747
32747	32747
32747	32747
32747	32747
32747	32747
32747	32747
32747	32747
32747	32747
32747	32747
32747	32747
32747	32747
32747	32747
32747	32747
32747	32747
32747	32747
32747	32747
32747	32747
32747	32747
32747	32747
32747	32747
32747	32747
32747	32747
32747	32747
32747	32747
32747	32747
32747	32747
32747	32747
32747	32747
32747	32747
32747	32747
32747	32747
32747	32747
32747	32747
32747	32747
32747	32747
32747	32747
32747	32747
32747	32747
32747	32747
32747	32747
32747	32747
32747	32747
32747	32747
32747	32747
32747	32747
32747	32747
32747	32747
32747	32747
32747	32747
32747	32747
32747	32747
32747	32747
32747	32747
32747	32747
32747	32747
32747	32747
32747	32747
32747	32747
32747	32747
32747	32747
32747	32747
32747	32747
32747	32747
32747	32747
32747	32747
32747	32747
32747	32747
32747	32747
32747	32747
32747	32747
32747	32747
32747	32747
32747	32747
32747	32747
32747	32746
32742	32734
32727	32722
32722	32726
32733	32740
32743	32744
32744	32744
32744	32744
32745	32746
32747	32747
32747	32747
32746	32745
32744	32744
32744	32744
32744	32743
32737	32728
32708	32673
32603	32439
32043	31251
29966	28283
26539	25172
24380	24040
23885	23706
23485	23371
23461	23726
24052	24326
24524	24700
24880	25036
25142	25221
25318	25484
25755	26125
26532	26898
27158	27276
27226	27010
26697	26392
26104	25790
25488	25347
25497	25940
26527	27042
27372	27565
27748	27997
28234	28299
28197	28100
28105	28153
28163	28088
27917	27681
27438	27252
27165	27191
27311	27471
27574	27532
27394	27340
27599	28302
29367	30511
31459	32068
32370	32506
32582	32627
32625	32578
32511	32467
32457	32460
32464	32470
32486	32515
32540	32550
32539	32501
32358	31884
30680	28423
25266	21722
18056	14343
11076	9009
8250	8174
8215	8212
8153	8039
7919	7868
7855	7754
7464	7022
6605	6432
6596	6992
7437	7832
8301	9068
10023	10642
10278	8635
6258	4230
3143	2832
2885	3029
3230	3592
4178	5006
6263	8137
10395	12381
13495	13533
12797	11912
11473	11737
12458	13048
13015	12188
10712	8921
7156	5693
4697	4203
4086	4147
4293	4559
4945	5399
5900	6451
6950	7214
7154	6921
7053	8410
11836	17435
23776	28627
31106	31998
32303	32461
32567	32630
32658	32666
32667	32667
32667	32664
32654	32636
32605	32572
32547	32534
32545	32578
32626	32672
32710	32733
32744	32747
32747	32747
32747	32747
32747	32747
32747	32747
32747	32747
32747	32747
32747	32747
32747	32747
32747	32747
32747	32747
32747	32747
32747	32747
32747	32747
32747	32747
32747	32747
32747	32747
32747	32747
32747	32747
32747	32747
32747	32747
32747	32747
32747	32747
32747	32747
32747	32747
32747	32747
32747	32747
32747	32747
32747	32747
32747	32747
32747	32747
32747	32747
32747	32747
32747	32747
32747	32747
32747	32747
32747	32747
32747	32747
32747	32747
32747	32747
32747	32747
32747	32747
32747	32747
32747	32747
32747	32747
32747	32747
32747	32747
32747	32747
32747	32747
32747	32747
32747	32747
32747	32747
32747	32747
32747	32747
32747	32747
32747	32747
32747	32747
32747	32747
32747	32747
32747	32747
32747	32747
32747	32747
32747	32747
32747	32747
32747	32747
32747	32747
32747	32747
32747	32747
32747	32747
32747	32747
32747	32747
32747	32747
32747	32747
32747	32747
32747	32747
32747	32747
32747	32747
32747	32747
32747	32747
32747	32747
32747	32747
32747	32747
32747	32747
32747	32747
32747	32747
32747	32747
32747	32747
32747	32747
32747	32747
32747	32747
32747	32747
32747	32747
32747	32746
32741	32733
32724	32718
32717	32722
32729	32735
32738	32739
32739	32739
32739	32741
32743	32745
32746	32747
32747	32746
32745	32743
32741	32738
32738	32738
32738	32737
32732	32724
32710	32686
32634	32508
32215	31617
30559	29015
27267	25798
24882	24447
24238	24023
23783	23675
23779	24044
24373	24709
25011	25262
25438	25527
25535	25509
25500	25579
25777	26094
26471	26822
27080	27217
27215	27092
26894	26653
26345	25921
25451	25124
25124	25515
26181	26875
27424	27800
28076	28319
28471	28414
28209	28071
28105	28235
28327	28307
28156	27899
27590	27308
27109	27029
27063	27174
27284	27322
27291	27298
27524	28127
29081	30192
31197	31909
32305	32493
32577	32615
32619	32598
32566	32535
32501	32456
32417	32419
32468	32535
32585	32606
32602	32577
32502	32248
31539	30023
27472	23885
19497	14867
10941	8613
7898	7985
8153	8166
8054	7906
7814	7835
7907	7882
7649	7222
6772	6535
6610	6924
7323	7717
8201	8938
9858	10516
10272	8735
6385	4304
3129	2747
2762	2900
3124	3535
4137	4892
6005	7767
10015	12092
13364	13582
12948	12020
11417	11537
12287	13142
13536	13122
11889	10113
8143	6318
4947	4210
4004	4033
4118	4299
4637	5120
5665	6185
6615	6898
6946	6792
6896	8166
11546	17221
23716	28707
31233	32099
32349	32465
32558	32625
32656	32666
32667	32667
32667	32664
32654	32633
32602	32569
32543	32531
32540	32574
32622	32671
32710	32733
32744	32747
32747	32747
32747	32747
32747	32747
32747	32747
32747	32747
32747	32747
32747	32747
32747	32747
32747	32747
32747	32747
32747	32747
32747	32747
32747	32747
32747	32747
32747	32747
32747	32747
32747	32747
32747	32747
32747	32747
32747	32747
32747	32747
32747	32747
32747	32747
32747	32747
32747	32747
32747	32747
32747	32747
32747	32747
32747	32747
32747	32747
32747	32747
32747	32747
32747	32747
32747	32747
32747	32747
32747	32747
32747	32747
32747	32747
32747	32747
32747	32747
32747	32747
32747	32747
32747	32747
32747	32747
32747	32747
32747	32747
32747	32747
32747	32747
32747	32747
32747	32747
32747	32747
32747	32747
32747	32747
32747	32747
32747	32747
32747	32747
32747	32747
32747	32747
32747	32747
32747	32747
32747	32747
32747	32747
32747	32747
32747	32747
32747	32747
32747	32747
32747	32747
32747	32747
32747	32747
32747	32747
32747	32747
32747	32747
32747	32747
32747	32747
32747	32747
32747	32747
32747	32747
32747	32747
32747	32747
32747	32747
32747	32747
32747	32747
32747	32747
32747	32747
32747	32747
32747	32747
32747	32747
32747	32747
32747	32747
32747	32747
32747	32747
32747	32746
32741	32733
32724	32717
32716	32720
32725	32729
32731	32732
32732	32732
32733	32737
32741	32744
32746	32747
32747	32746
32744	32739
32734	32731
32731	32730
32730	32729
32726	32720
32711	32694
32656	32554
32338	31896
31032	29617
27881	26332
25317	24819
24593	24386
24160	24058
24145	24348
24620	24955
25321	25623
25790	25818
25742	25621
25528	25531
25671	25946
26297	26640
26901	27056
27117	27110
27042	26872
26521	25959
25280	24737
24574	24911
25652	26533
27326	27919
28339	28625
28730	28563
28243	28029
28051	28209
28354	28386
28280	28048
27744	27430
27166	27002
26949	26987
27066	27130
27163	27219
27425	27931
28769	29816
30854	31672
32184	32445
32548	32568
32563	32565
32580	32581
32539	32452
32371	32367
32443	32537
32596	32620
32619	32602
32549	32398
31986	31004
28969	25484
20682	15405
10928	8309
7551	7719
7968	8000
7871	7736
7716	7833
7992	8039
7851	7434
6958	6659
6652	6880
7221	7605
8095	8804
9686	10379
10243	8808
6489	4367
3118	2668
2646	2779
3032	3497
4120	4813
5793	7445
9671	11815
13220	13597
13068	12120
11384	11373
12113	13140
13845	13779
12833	11197
9170	7092
5375	4360
4001	3941
3949	4053
4359	4878
5474	5949
6259	6472
6574	6561
6810	8171
11572	17210
23670	28673
31238	32111
32327	32417
32517	32606
32652	32666
32668	32668
32665	32662
32650	32625
32591	32559
32536	32528
32539	32572
32622	32671
32710	32733
32744	32747
32747	32747
32747	32747
32747	32747
32747	32747
32747	32747
32747	32747
32747	32747
32747	32747
32747	32747
32747	32747
32747	32747
32747	32747
32747	32747
32747	32747
32747	32747
32747	32747
32747	32747
32747	32747
32747	32747
32747	32747
32747	32747
32747	32747
32747	32747
32747	32747
32747	32747
32747	32747
32747	32747
32747	32747
32747	32747
32747	32747
32747	32747
32747	32747
32747	32747
32747	32747
32747	32747
32747	32747
32747	32747
32747	32747
32747	32747
32747	32747
32747	32747
32747	32747
32747	32747
32747	32747
32747	32747
32747	32747
32747	32747
32747	32747
32747	32747
32747	32747
32747	32747
32747	32747
32747	32747
32747	32747
32747	32747
32747	32747
32747	32747
32747	32747
32747	32747
32747	32747
32747	32747
32747	32747
32747	32747
32747	32747
32747	32747
32747	32747
32747	32747
32747	32747
32747	32747
32747	32747
32747	32747
32747	32747
32747	32747
32747	32747
32747	32747
32747	32747
32747	32747
32747	32747
32747	32747
32747	32747
32747	32747
32747	32747
32747	32747
32747	32747
32747	32747
32747	32747
32747	32747
32747	32747
32747	32747
32747	32747
32747	32747
32747	32746
32741	32733
32724	32717
32714	32717
32720	32723
32725	32726
32726	32726
32727	32732
32737	32743
32746	32747
32747	32746
32742	32736
32727	32722
32719	32718
32718	32718
32716	32713
32709	32700
32662	32569
32400	32073
31361	30060
28350	26752
25664	25133
24926	24765
24578	24484
24521	24622
24782	25069
25454	25780
25941	25928
25796	25614
25468	25427
25536	25793
26142	26486
26759	26935
27048	27137
27173	27038
26618	25880
24973	24192
23842	24094
24874	25910
26918	27725
28298	28657
28757	28541
28151	27871
27841	27965
28104	28164
28114	27953
27716	27451
27212	27030
26929	26905
26933	26977
27024	27100
27298	27720
28440	29405
30456	31371
32012	32368
32498	32495
32463	32477
32537	32581
32550	32434
32321	32308
32405	32510
32569	32589
32601	32592
32544	32417
32149	31510
29926	26761
21974	16398
11461	8444
7453	7532
7762	7795
7681	7598
7663	7860
8069	8131
7948	7545
7085	6769
6704	6855
7138	7506
7991	8674
9522	10240
10196	8855
6569	4420
3110	2600
2539	2669
2957	3476
4123	4760
5629	7180
9375	11559
13071	13582
13152	12199
11371	11256
11968	13071
13962	14161
13501	12095
10148	7936
5936	4631
4068	3881
3799	3838
4121	4682
5331	5789
6001	6110
6191	6269
6651	8066
11352	16746
23001	28018
30797	31888
32215	32348
32479	32593
32652	32671
32674	32671
32667	32658
32644	32615
32580	32548
32529	32525
32539	32572
32622	32671
32710	32733
32744	32747
32747	32747
32747	32747
32747	32747
32747	32747
32747	32747
32747	32747
32747	32747
32747	32747
32747	32747
32747	32747
32747	32747
32747	32747
32747	32747
32747	32747
32747	32747
32747	32747
32747	32747
32747	32747
32747	32747
32747	32747
32747	32747
32747	32747
32747	32747
32747	32747
32747	32747
32747	32747
32747	32747
32747	32747
32747	32747
32747	32747
32747	32747
32747	32747
32747	32747
32747	32747
32747	32747
32747	32747
32747	32747
32747	32747
32747	32747
32747	32747
32747	32747
32747	32747
32747	32747
32747	32747
32747	32747
32747	32747
32747	32747
32747	32747
32747	32747
32747	32747
32747	32747
32747	32747
32747	32747
32747	32747
32747	32747
32747	32747
32747	32747
32747	32747
32747	32747
32747	32747
32747	32747
32747	32747
32747	32747
32747	32747
32747	32747
32747	32747
32747	32747
32747	32747
32747	32747
32747	32747
32747	32747
32747	32747
32747	32747
32747	32747
32747	32747
32747	32747
32747	32747
32747	32747
32747	32747
32747	32747
32747	32747
32747	32747
32747	32747
32747	32747
32747	32747
32747	32747
32747	32747
32747	32747
32747	32747
32747	32747
32747	32747
32747	32746
32741	32733
32724	32718
32715	32716
32716	32718
32718	32718
32718	32719
32722	32727
32736	32742
32746	32747
32747	32746
32741	32733
32724	32717
32714	32714
32714	32713
32712	32710
32710	32700
32659	32561
32415	32160
31565	30372
28717	27105
25971	25414
25236	25133
24993	24896
24867	24846
24880	25095
25472	25813
25974	25952
25805	25610
25447	25392
25495	25752
26105	26460
26737	26918
27048	27161
27208	27049
26533	25636
24512	23498
22935	23049
23787	24885
26022	26981
27677	28113
28263	28107
27769	27495
27414	27467
27560	27622
27628	27563
27443	27290
27135	27000
26900	26849
26838	26851
26887	26973
27159	27518
28121	28999
30042	31042
31807	32267
32433	32412
32346	32362
32461	32551
32533	32410
32276	32260
32362	32462
32504	32531
32563	32576
32522	32384
32167	31744
30583	27957
23582	18036
12732	9187
7743	7534
7638	7649
7571	7545
7666	7893
8091	8107
7891	7515
7119	6841
6749	6843
7079	7426
7902	8553
9371	10110
10147	8887
6641	4473
3113	2547
2453	2578
2896	3459
4128	4726
5500	6960
9109	11309
12895	13518
13191	12262
11375	11188
11855	12968
13938	14307
13903	12775
11006	8775
6563	4979
4178	3841
3674	3661
3926	4510
5216	5717
5907	5941
5946	5998
6357	7615
10543	15471
21420	26560
29829	31432
32066	32320
32483	32602
32663	32685
32687	32682
32672	32656
32635	32604
32568	32541
32525	32524
32537	32573
32622	32671
32710	32733
32744	32747
32747	32747
32747	32747
32747	32747
32747	32747
32747	32747
32747	32747
32747	32747
32747	32747
32747	32747
32747	32747
32747	32747
32747	32747
32747	32747
32747	32747
32747	32747
32747	32747
32747	32747
32747	32747
32747	32747
32747	32747
32747	32747
32747	32747
32747	32747
32747	32747
32747	32747
32747	32747
32747	32747
32747	32747
32747	32747
32747	32747
32747	32747
32747	32747
32747	32747
32747	32747
32747	32747
32747	32747
32747	32747
32747	32747
32747	32747
32747	32747
32747	32747
32747	32747
32747	32747
32747	32747
32747	32747
32747	32747
32747	32747
32747	32747
32747	32747
32747	32747
32747	32747
32747	32747
32747	32747
32747	32747
32747	32747
32747	32747
32747	32747
32747	32747
32747	32747
32747	32747
32747	32747
32747	32747
32747	32747
32747	32747
32747	32747
32747	32747
32747	32747
32747	32747
32747	32747
32747	32747
32747	32747
32747	32747
32747	32747
32747	32747
32747	32747
32747	32747
32747	32747
32747	32747
32747	32747
32747	32747
32747	32747
32747	32747
32747	32747
32747	32747
32747	32747
32747	32747
32747	32747
32747	32747
32747	32747
32747	32747
32747	32747
32747	32746
32742	32734
32727	32721
32719	32718
32718	32718
32718	32718
32718	32719
32722	32727
32736	32742
32746	32747
32747	32746
32741	32733
32724	32717
32714	32714
32714	32714
32713	32712
32713	32702
32654	32547
32406	32200
31709	30656
29114	27541
26363	25752
25558	25475
25357	25237
25133	25009
24956	25114
25473	25819
26001	26004
25885	25716
25572	25525
25627	25870
26206	26538
26791	26941
27024	27072
27050	26835
26278	25321
24092	22910
22137	22033
22596	23599
24725	25725
26483	26981
27224	27217
27052	26874
26778	26771
26820	26899
26972	27017
27016	26981
26917	26839
26765	26718
26704	26714
26761	26859
27040	27338
27844	28633
29656	30708
31582	32139
32363	32351
32274	32283
32396	32505
32512	32398
32271	32253
32345	32426
32454	32482
32538	32574
32521	32369
32173	31896
31122	29138
25418	20159
14623	10482
8381	7700
7596	7597
7571	7573
7672	7872
8041	8013
7768	7428
7118	6891
6785	6828
7026	7351
7809	8421
9212	9975
10089	8918
6725	4556
3153	2536
2408	2530
2863	3451
4131	4699
5400	6770
8837	11004
12627	13360
13165	12306
11411	11175
11787	12853
13811	14264
14064	13231
11726	9583
7237	5378
4304	3802
3578	3522
3723	4275
5028	5636
5930	5982
5919	5862
6048	6969
9364	13702
19329	24697
28636	30919
31954	32352
32530	32632
32683	32702
32704	32695
32678	32656
32630	32598
32564	32537
32524	32524
32539	32575
32623	32671
32710	32733
32744	32747
32747	32747
32747	32747
32747	32747
32747	32747
32747	32747
32747	32747
32747	32747
32747	32747
32747	32747
32747	32747
32747	32747
32747	32747
32747	32747
32747	32747
32747	32747
32747	32747
32747	32747
32747	32747
32747	32747
32747	32747
32747	32747
32747	32747
32747	32747
32747	32747
32747	32747
32747	32747
32747	32747
32747	32747
32747	32747
32747	32747
32747	32747
32747	32747
32747	32747
32747	32747
32747	32747
32747	32747
32747	32747
32747	32747
32747	32747
32747	32747
32747	32747
32747	32747
32747	32747
32747	32747
32747	32747
32747	32747
32747	32747
32747	32747
32747	32747
32747	32747
32747	32747
32747	32747
32747	32747
32747	32747
32747	32747
32747	32747
32747	32747
32747	32747
32747	32747
32747	32747
32747	32747
32747	32747
32747	32747
32747	32747
32747	32747
32747	32747
32747	32747
32747	32747
32747	32747
32747	32747
32747	32747
32747	32747
32747	32747
32747	32747
32747	32747
32747	32747
32747	32747
32747	32747
32747	32747
32747	32747
32747	32747
32747	32747
32747	32747
32747	32747
32747	32747
32747	32747
32747	32747
32747	32747
32747	32747
32747	32747
32747	32747
32747	32746
32743	32737
32732	32727
32726	32726
32726	32726
32726	32726
32726	32726
32727	32732
32737	32743
32746	32747
32747	32746
32742	32736
32727	32722
32719	32718
32718	32718
32718	32719
32720	32705
32651	32537
32399	32237
31865	31010
29674	28191
26964	26234
25936	25799
25649	25480
25310	25147
25075	25220
25550	25890
26098	26155
26101	25985
25875	25835
25913	26109
26374	26622
26792	26855
26835	26763
26646	26417
25949	25124
23995	22795
21864	21484
21737	22472
23431	24362
25108	25636
25961	26121
26157	26109
26039	26012
26071	26206
26380	26533
26631	26658
26630	26563
26498	26468
26487	26555
26662	26794
26957	27201
27623	28333
29307	30379
31329	31982
32289	32338
32286	32285
32365	32463
32494	32429
32338	32328
32398	32454
32466	32493
32556	32597
32555	32422
32263	32087
31605	30200
27195	22418
16845	12142
9237	7929
7568	7590
7646	7630
7625	7758
7939	7950
7731	7440
7184	6968
6815	6802
6963	7265
7684	8253
9015	9811
10013	8960
6849	4703
3264	2597
2434	2542
2868	3455
4128	4671
5317	6584
8521	10588
12208	13067
13057	12337
11482	11216
11758	12729
13609	14072
14033	13499
12330	10376
7965	5823
4423	3750
3498	3399
3466	3896
4654	5422
5932	6126
6076	5932
5924	6493
8382	12195
17553	23152
27701	30563
31907	32391
32569	32652
32695	32712
32714	32702
32683	32657
32633	32601
32569	32542
32527	32526
32544	32579
32627	32673
32711	32733
32744	32747
32747	32747
32747	32747
32747	32747
32747	32747
32747	32747
32747	32747
32747	32747
32747	32747
32747	32747
32747	32747
32747	32747
32747	32747
32747	32747
32747	32747
32747	32747
32747	32747
32747	32747
32747	32747
32747	32747
32747	32747
32747	32747
32747	32747
32747	32747
32747	32747
32747	32747
32747	32747
32747	32747
32747	32747
32747	32747
32747	32747
32747	32747
32747	32747
32747	32747
32747	32747
32747	32747
32747	32747
32747	32747
32747	32747
32747	32747
32747	32747
32747	32747
32747	32747
32747	32747
32747	32747
32747	32747
32747	32747
32747	32747
32747	32747
32747	32747
32747	32747
32747	32747
32747	32747
32747	32747
32747	32747
32747	32747
32747	32747
32747	32747
32747	32747
32747	32747
32747	32747
32747	32747
32747	32747
32747	32747
32747	32747
32747	32747
32747	32747
32747	32747
32747	32747
32747	32747
32747	32747
32747	32747
32747	32747
32747	32747
32747	32747
32747	32747
32747	32747
32747	32747
32747	32747
32747	32747
32747	32747
32747	32747
32747	32747
32747	32747
32747	32747
32747	32747
32747	32747
32747	32747
32747	32747
32747	32747
32747	32747
32747	32747
32747	32746
32744	32741
32737	32733
32732	32732
32732	32732
32732	32732
32732	32732
32733	32737
32741	32744
32746	32747
32747	32746
32744	32739
32734	32731
32731	32730
32730	32730
32730	32731
32729	32712
32653	32538
32405	32289
32045	31425
30348	28996
27722	26827
26353	26091
25870	25648
25442	25297
25276	25435
25734	26055
26289	26406
26414	26347
26262	26214
26247	26363
26517	26646
26692	26635
26476	26253
26025	25831
25562	25039
24196	23162
22202	21609
21534	21943
22657	23450
24144	24662
25022	25271
25424	25458
25418	25412
25520	25740
26018	26265
26418	26453
26394	26299
26218	26199
26271	26423
26611	26777
26918	27102
27452	28079
28987	30044
31047	31790
32205	32357
32366	32351
32379	32441
32493	32492
32461	32461
32504	32535
32542	32565
32611	32641
32611	32523
32419	32314
32016	31046
28702	24555
19198	14059
10294	8241
7563	7586
7716	7668
7548	7610
7833	7948
7832	7606
7369	7108
6871	6791
6912	7181
7553	8071
8809	9638
9942	9019
7020	4912
3446	2726
2521	2595
2895	3448
4093	4623
5232	6396
8176	10108
11709	12697
12905	12365
11582	11290
11748	12600
13382	13830
13915	13657
12828	11123
8719	6315
4570	3712
3448	3297
3186	3427
4138	5054
5824	6242
6294	6126
5985	6306
7851	11313
16507	22270
27210	30401
31873	32372
32551	32643
32692	32712
32716	32707
32685	32664
32640	32615
32587	32560
32538	32535
32551	32585
32631	32676
32711	32733
32744	32747
32747	32747
32747	32747
32747	32747
32747	32747
32747	32747
32747	32747
32747	32747
32747	32747
32747	32747
32747	32747
32747	32747
32747	32747
32747	32747
32747	32747
32747	32747
32747	32747
32747	32747
32747	32747
32747	32747
32747	32747
32747	32747
32747	32747
32747	32747
32747	32747
32747	32747
32747	32747
32747	32747
32747	32747
32747	32747
32747	32747
32747	32747
32747	32747
32747	32747
32747	32747
32747	32747
32747	32747
32747	32747
32747	32747
32747	32747
32747	32747
32747	32747
32747	32747
32747	32747
32747	32747
32747	32747
32747	32747
32747	32747
32747	32747
32747	32747
32747	32747
32747	32747
32747	32747
32747	32747
32747	32747
32747	32747
32747	32747
32747	32747
32747	32747
32747	32747
32747	32747
32747	32747
32747	32747
32747	32747
32747	32747
32747	32747
32747	32747
32747	32747
32747	32747
32747	32747
32747	32747
32747	32747
32747	32747
32747	32747
32747	32747
32747	32747
32747	32747
32747	32747
32747	32747
32747	32747
32747	32747
32747	32747
32747	32747
32747	32747
32747	32747
32747	32747
32747	32747
32747	32747
32747	32747
32747	32747
32747	32747
32747	32747
32747	32746
32745	32743
32741	32739
32739	32739
32739	32739
32739	32739
32739	32739
32739	32741
32743	32745
32746	32747
32747	32746
32745	32743
32741	32738
32738	32738
32738	32738
32738	32738
32736	32719
32660	32547
32427	32345
32205	31783
30938	29730
28437	27391
26726	26323
26035	25791
25599	25503
25540	25716
25991	26289
26532	26680
26720	26669
26573	26498
26480	26521
26581	26608
26556	26394
26103	25711
25350	25159
25087	24899
24429	23694
22888	22267
22030	22222
22746	23409
24036	24519
24847	25069
25192	25201
25149	25153
25295	25573
25915	26215
26393	26421
26334	26206
26109	26102
26205	26408
26635	26805
26903	27028
27304	27853
28681	29704
30729	31561
32096	32361
32438	32429
32414	32444
32505	32551
32567	32579
32599	32613
32620	32635
32662	32677
32657	32611
32557	32494
32308	31652
29905	26498
21611	16236
11655	8783
7666	7570
7708	7674
7528	7535
7750	7943
7972	7858
7633	7311
6989	6842
6923	7149
7471	7940
8662	9526
9916	9108
7208	5145
3662	2887
2622	2642
2896	3399
4009	4526
5124	6212
7864	9682
11272	12374
12771	12398
11684	11356
11714	12461
13181	13645
13843	13792
13227	11759
9435	6858
4806	3740
3428	3239
2991	3057
3664	4624
5563	6170
6350	6222
6031	6225
7583	10862
15973	21829
26960	30282
31774	32269
32473	32605
32677	32709
32716	32708
32687	32668
32649	32629
32604	32578
32555	32549
32562	32596
32636	32678
32712	32733
32744	32747
32747	32747
32747	32747
32747	32747
32747	32747
32747	32747
32747	32747
32747	32747
32747	32747
32747	32747
32747	32747
32747	32747
32747	32747
32747	32747
32747	32747
32747	32747
32747	32747
32747	32747
32747	32747
32747	32747
32747	32747
32747	32747
32747	32747
32747	32747
32747	32747
32747	32747
32747	32747
32747	32747
32747	32747
32747	32747
32747	32747
32747	32747
32747	32747
32747	32747
32747	32747
32747	32747
32747	32747
32747	32747
32747	32747
32747	32747
32747	32747
32747	32747
32747	32747
32747	32747
32747	32747
32747	32747
32747	32747
32747	32747
32747	32747
32747	32747
32747	32747
32747	32747
32747	32747
32747	32747
32747	32747
32747	32747
32747	32747
32747	32747
32747	32747
32747	32747
32747	32747
32747	32747
32747	32747
32747	32747
32747	32747
32747	32747
32747	32747
32747	32747
32747	32747
32747	32747
32747	32747
32747	32747
32747	32747
32747	32747
32747	32747
32747	32747
32747	32747
32747	32747
32747	32747
32747	32747
32747	32747
32747	32747
32747	32747
32747	32747
32747	32747
32747	32747
32747	32747
32747	32747
32747	32747
32747	32747
32747	32747
32747	32747
32747	32747
32746	32745
32744	32744
32744	32744
32744	32744
32744	32744
32744	32744
32744	32744
32745	32746
32747	32747
32747	32747
32746	32745
32744	32744
32744	32744
32744	32744
32744	32744
32742	32725
32671	32572
32468	32409
32325	32026
31351	30276
29008	27865
27030	26495
26162	25947
25813	25767
25829	26000
26253	26525
26758	26898
26926	26853
26729	26617
26561	26562
26580	26564
26468	26255
25880	25355
24863	24634
24675	24743
24607	24222
23701	23252
23050	23183
23603	24175
24734	25166
25423	25521
25492	25381
25264	25241
25373	25649
25997	26308
26496	26530
26444	26320
26229	26228
26334	26525
26725	26851
26903	26969
27177	27636
28382	29352
30392	31302
31954	32326
32470	32482
32458	32471
32524	32584
32619	32637
32649	32656
32665	32678
32692	32695
32680	32656
32626	32589
32473	32054
30839	28230
24000	18623
13367	9662
7943	7541
7601	7632
7569	7545
7659	7862
8040	8072
7896	7536
7152	6946
6978	7158
7427	7863
8578	9474
9929	9206
7389	5371
3883	3060
2723	2675
2865	3306
3874	4385
4982	6034
7606	9367
10964	12152
12682	12428
11773	11401
11652	12317
13034	13566
13871	13937
13530	12267
10092	7454
5159	3865
3455	3245
2965	2925
3378	4198
5072	5712
5998	6006
5915	6117
7388	10525
15530	21397
26631	30054
31601	32134
32391	32567
32665	32703
32715	32707
32687	32669
32653	32638
32620	32596
32576	32567
32579	32606
32643	32679
32713	32734
32744	32747
32747	32747
32747	32747
32747	32747
32747	32747
32747	32747
32747	32747
32747	32747
32747	32747
32747	32747
32747	32747
32747	32747
32747	32747
32747	32747
32747	32747
32747	32747
32747	32747
32747	32747
32747	32747
32747	32747
32747	32747
32747	32747
32747	32747
32747	32747
32747	32747
32747	32747
32747	32747
32747	32747
32747	32747
32747	32747
32747	32747
32747	32747
32747	32747
32747	32747
32747	32747
32747	32747
32747	32747
32747	32747
32747	32747
32747	32747
32747	32747
32747	32747
32747	32747
32747	32747
32747	32747
32747	32747
32747	32747
32747	32747
32747	32747
32747	32747
32747	32747
32747	32747
32747	32747
32747	32747
32747	32747
32747	32747
32747	32747
32747	32747
32747	32747
32747	32747
32747	32747
32747	32747
32747	32747
32747	32747
32747	32747
32747	32747
32747	32747
32747	32747
32747	32747
32747	32747
32747	32747
32747	32747
32747	32747
32747	32747
32747	32747
32747	32747
32747	32747
32747	32747
32747	32747
32747	32747
32747	32747
32747	32747
32747	32747
32747	32747
32747	32747
32747	32747
32747	32747
32747	32747
32747	32747
32747	32747
32747	32747
32747	32747
32747	32747
32746	32745
32744	32744
32744	32744
32744	32744
32744	32744
32744	32744
32744	32744
32745	32746
32747	32747
32747	32747
32746	32745
32744	32744
32744	32744
32744	32744
32744	32744
32742	32729
32687	32608
32525	32477
32415	32191
31640	30702
29497	28292
27311	26648
26278	26113
26058	26055
26104	26236
26448	26689
26890	27005
27003	26897
26740	26605
26541	26545
26574	26572
26489	26282
25898	25342
24799	24545
24627	24828
24923	24831
24602	24378
24294	24433
24785	25267
25754	26135
26314	26269
26052	25789
25589	25521
25608	25840
26149	26441
26627	26685
26635	26544
26477	26485
26570	26710
26843	26907
26908	26924
27072	27445
28098	29003
30040	31023
31789	32261
32468	32513
32503	32510
32551	32597
32634	32653
32666	32676
32687	32698
32706	32702
32687	32667
32648	32621
32553	32309
31536	29690
26210	21067
15373	10883
8417	7534
7437	7553
7606	7550
7523	7682
7982	8173
8079	7720
7299	7046
7023	7149
7369	7772
8483	9406
9915	9269
7532	5575
4106	3251
2844	2720
2839	3214
3728	4221
4822	5852
7374	9106
10721	11971
12591	12443
11841	11427
11568	12160
12908	13545
13949	14076
13753	12683
10714	8100
5611	4071
3527	3325
3105	3045
3307	3795
4329	4801
5174	5448
5651	6016
7238	10153
14921	20715
26078	29711
31433	32072
32372	32566
32665	32704
32715	32707
32689	32671
32658	32646
32634	32616
32597	32590
32598	32620
32651	32683
32713	32734
32744	32747
32747	32747
32747	32747
32747	32747
32747	32747
32747	32747
32747	32747
32747	32747
32747	32747
32747	32747
32747	32747
32747	32747
32747	32747
32747	32747
32747	32747
32747	32747
32747	32747
32747	32747
32747	32747
32747	32747
32747	32747
32747	32747
32747	32747
32747	32747
32747	32747
32747	32747
32747	32747
32747	32747
32747	32747
32747	32747
32747	32747
32747	32747
32747	32747
32747	32747
32747	32747
32747	32747
32747	32747
32747	32747
32747	32747
32747	32747
32747	32747
32747	32747
32747	32747
32747	32747
32747	32747
32747	32747
32747	32747
32747	32747
32747	32747
32747	32747
32747	32747
32747	32747
32747	32747
32747	32747
32747	32747
32747	32747
32747	32747
32747	32747
32747	32747
32747	32747
32747	32747
32747	32747
32747	32747
32747	32747
32747	32747
32747	32747
32747	32747
32747	32747
32747	32747
32747	32747
32747	32747
32747	32747
32747	32747
32747	32747
32747	32747
32747	32747
32747	32747
32747	32747
32747	32747
32747	32747
32747	32747
32747	32747
32747	32747
32747	32747
32747	32747
32747	32747
32747	32747
32747	32747
32747	32747
32747	32747
32747	32747
32747	32747
32747	32747
32746	32746
32745	32745
32745	32745
32745	32745
32745	32745
32745	32745
32745	32745
32746	32746
32747	32747
32747	32747
32746	32746
32745	32745
32745	32745
32745	32745
32745	32745
32744	32734
32705	32649
32587	32538
32480	32304
31872	31078
29965	28720
27601	26802
26388	26269
26286	26309
26320	26381
26530	26721
26886	26971
26946	26822
26661	26532
26493	26537
26617	26665
26635	26482
26166	25687
25212	24977
25049	25271
25467	25545
25518	25459
25452	25576
25844	26224
26639	26977
27109	26960
26601	26221
25955	25840
25871	26038
26286	26539
26728	26813
26810	26767
26735	26748
26808	26889
26951	26961
26929	26914
27004	27295
27857	28689
29709	30749
31616	32185
32451	32531
32542	32551
32573	32607
32636	32657
32670	32684
32699	32711
32716	32708
32690	32670
32650	32630
32586	32450
32005	30787
28053	23370
17576	12446
9140	7637
7319	7473
7591	7490
7347	7455
7824	8141
8143	7825
7392	7095
7019	7079
7246	7609
8312	9252
9814	9245
7604	5732
4312	3450
3004	2820
2870	3162
3604	4065
4658	5657
7124	8822
10454	11759
12460	12416
11884	11438
11470	11995
12776	13516
14010	14169
13898	13016
11294	8759
6111	4329
3642	3470
3366	3343
3426	3513
3597	3815
4245	4814
5373	5951
7130	9776
14251	19956
25497	29414
31371	32118
32434	32597
32678	32708
32716	32708
32689	32673
32662	32654
32646	32629
32612	32609
32618	32638
32661	32687
32714	32734
32744	32747
32747	32747
32747	32747
32747	32747
32747	32747
32747	32747
32747	32747
32747	32747
32747	32747
32747	32747
32747	32747
32747	32747
32747	32747
32747	32747
32747	32747
32747	32747
32747	32747
32747	32747
32747	32747
32747	32747
32747	32747
32747	32747
32747	32747
32747	32747
32747	32747
32747	32747
32747	32747
32747	32747
32747	32747
32747	32747
32747	32747
32747	32747
32747	32747
32747	32747
32747	32747
32747	32747
32747	32747
32747	32747
32747	32747
32747	32747
32747	32747
32747	32747
32747	32747
32747	32747
32747	32747
32747	32747
32747	32747
32747	32747
32747	32747
32747	32747
32747	32747
32747	32747
32747	32747
32747	32747
32747	32747
32747	32747
32747	32747
32747	32747
32747	32747
32747	32747
32747	32747
32747	32747
32747	32747
32747	32747
32747	32747
32747	32747
32747	32747
32747	32747
32747	32747
32747	32747
32747	32747
32747	32747
32747	32747
32747	32747
32747	32747
32747	32747
32747	32747
32747	32747
32747	32747
32747	32747
32747	32747
32747	32747
32747	32747
32747	32747
32747	32747
32747	32747
32747	32747
32747	32747
32747	32747
32747	32747
32747	32747
32747	32747
32747	32747
32747	32747
32747	32747
32747	32747
32747	32747
32747	32747
32747	32747
32747	32747
32747	32747
32747	32747
32747	32747
32747	32747
32747	32747
32747	32747
32747	32747
32747	32747
32746	32739
32719	32680
32625	32568
32499	32367
32052	31412
30407	29148
27901	26971
26495	26393
26460	26494
26452	26430
26493	26620
26751	26816
26789	26671
26527	26438
26449	26558
26712	26841
26884	26815
26604	26275
25932	25744
25759	25913
26088	26217
26275	26289
26302	26374
26548	26830
27187	27509
27637	27452
27031	26593
26290	26138
26114	26209
26388	26597
26777	26892
26940	26947
26947	26966
27003	27033
27041	27017
26973	26941
26994	27215
27690	28446
29437	30510
31458	32102
32424	32534
32564	32575
32591	32613
32638	32657
32672	32690
32708	32723
32725	32715
32694	32672
32651	32629
32591	32503
32251	31471
29403	25392
19884	14368
10218	7990
7351	7439
7539	7396
7202	7275
7651	8025
8110	7852
7431	7103
6970	6964
7067	7381
8056	9000
9605	9119
7584	5819
4481	3669
3224	3006
2987	3183
3528	3939
4508	5455
6840	8490
10125	11476
12259	12330
11891	11432
11364	11818
12622	13447
14011	14174
13936	13239
11783	9371
6612	4620
3804	3664
3690	3729
3700	3515
3301	3354
3808	4517
5220	5876
7004	9490
13805	19518
25235	29369
31453	32233
32514	32640
32696	32716
32719	32708
32689	32673
32665	32660
32652	32637
32625	32624
32633	32651
32669	32690
32715	32734
32744	32747
32747	32747
32747	32747
32747	32747
32747	32747
32747	32747
32747	32747
32747	32747
32747	32747
32747	32747
32747	32747
32747	32747
32747	32747
32747	32747
32747	32747
32747	32747
32747	32747
32747	32747
32747	32747
32747	32747
32747	32747
32747	32747
32747	32747
32747	32747
32747	32747
32747	32747
32747	32747
32747	32747
32747	32747
32747	32747
32747	32747
32747	32747
32747	32747
32747	32747
32747	32747
32747	32747
32747	32747
32747	32747
32747	32747
32747	32747
32747	32747
32747	32747
32747	32747
32747	32747
32747	32747
32747	32747
32747	32747
32747	32747
32747	32747
32747	32747
32747	32747
32747	32747
32747	32747
32747	32747
32747	32747
32747	32747
32747	32747
32747	32747
32747	32747
32747	32747
32747	32747
32747	32747
32747	32747
32747	32747
32747	32747
32747	32747
32747	32747
32747	32747
32747	32747
32747	32747
32747	32747
32747	32747
32747	32747
32747	32747
32747	32747
32747	32747
32747	32747
32747	32747
32747	32747
32747	32747
32747	32747
32747	32747
32747	32747
32747	32747
32747	32747
32747	32747
32747	32747
32747	32747
32747	32747
32747	32747
32747	32747
32747	32747
32747	32747
32747	32747
32747	32747
32747	32747
32747	32747
32747	32747
32747	32747
32747	32747
32747	32747
32747	32747
32747	32747
32747	32747
32747	32747
32747	32747
32747	32747
32747	32746
32745	32739
32724	32688
32631	32552
32475	32380
32177	31691
30804	29556
28216	27158
26599	26478
26558	26588
26499	26398
26377	26445
26544	26602
26584	26498
26393	26353
26426	26613
26851	27065
27193	27208
27103	26906
26678	26507
26441	26475
26563	26661
26731	26762
26769	26797
26896	27112
27429	27751
27904	27740
27325	26889
26586	26416
26345	26369
26480	26639
26807	26944
27037	27091
27123	27142
27151	27140
27112	27078
27046	27026
27055	27219
27609	28292
29240	30323
31320	32023
32387	32526
32570	32586
32598	32616
32639	32658
32673	32691
32714	32728
32730	32718
32697	32675
32654	32630
32589	32510
32334	31804
30289	27094
22224	16623
11724	8697
7591	7469
7470	7314
7146	7216
7544	7905
8041	7846
7449	7104
6922	6849
6875	7121
7746	8678
9312	8901
7480	5843
4627	3910
3516	3292
3203	3281
3514	3859
4384	5255
6535	8102
9729	11116
11985	12183
11854	11405
11261	11643
12451	13332
13931	14084
13863	13332
12137	9885
7087	4950
4027	3912
4047	4151
4085	3820
3551	3588
4026	4651
5220	5762
6833	9292
13629	19442
25308	29537
31622	32349
32578	32668
32709	32722
32720	32706
32689	32675
32669	32664
32656	32645
32632	32632
32643	32657
32673	32692
32716	32734
32744	32747
32747	32747
32747	32747
32747	32747
32747	32747
32747	32747
32747	32747
32747	32747
32747	32747
32747	32747
32747	32747
32747	32747
32747	32747
32747	32747
32747	32747
32747	32747
32747	32747
32747	32747
32747	32747
32747	32747
32747	32747
32747	32747
32747	32747
32747	32747
32747	32747
32747	32747
32747	32747
32747	32747
32747	32747
32747	32747
32747	32747
32747	32747
32747	32747
32747	32747
32747	32747
32747	32747
32747	32747
32747	32747
32747	32747
32747	32747
32747	32747
32747	32747
32747	32747
32747	32747
32747	32747
32747	32747
32747	32747
32747	32747
32747	32747
32747	32747
32747	32747
32747	32747
32747	32747
32747	32747
32747	32747
32747	32747
32747	32747
32747	32747
32747	32747
32747	32747
32747	32747
32747	32747
32747	32747
32747	32747
32747	32747
32747	32747
32747	32747
32747	32747
32747	32747
32747	32747
32747	32747
32747	32747
32747	32747
32747	32747
32747	32747
32747	32747
32747	32747
32747	32747
32747	32747
32747	32747
32747	32747
32747	32747
32747	32747
32747	32747
32747	32747
32747	32747
32747	32747
32747	32747
32747	32747
32747	32747
32747	32747
32747	32747
32747	32747
32747	32747
32747	32747
32747	32747
32747	32747
32747	32747
32747	32747
32747	32747
32747	32747
32747	32747
32747	32747
32747	32747
32747	32747
32747	32747
32747	32747
32747	32746
32744	32736
32719	32681
32616	32521
32430	32370
32256	31908
31143	29942
28554	27398
26737	26549
26601	26617
26505	26353
26274	26294
26371	26431
26429	26366
26304	26312
26444	26695
27007	27296
27493	27570
27526	27386
27185	26984
26830	26754
26752	26808
26872	26917
26936	26956
27038	27222
27518	27836
28010	27888
27524	27136
26860	26687
26583	26549
26591	26706
26859	27015
27146	27236
27286	27299
27277	27225
27172	27146
27147	27158
27184	27302
27613	28214
29108	30180
31202	31946
32347	32513
32569	32587
32600	32618
32640	32658
32674	32693
32715	32729
32731	32719
32699	32677
32657	32635
32597	32519
32355	31942
30855	28493
24469	19074
13622	9780
8027	7526
7377	7250
7174	7264
7528	7839
7992	7846
7484	7142
6927	6792
6731	6884
7436	8331
8985	8645
7339	5846
4780	4195
3888	3676
3510	3453
3557	3822
4296	5075
6222	7691
9289	10709
11663	11992
11787	11374
11171	11486
12279	13181
13792	13922
13710	13315
12356	10302
7562	5357
4349	4233
4442	4600
4549	4303
4084	4157
4531	4967
5287	5645
6644	9099
13467	19365
25341	29639
31730	32421
32617	32687
32717	32722
32714	32699
32684	32673
32669	32665
32660	32652
32643	32644
32652	32662
32674	32693
32716	32734
32744	32747
32747	32747
32747	32747
32747	32747
32747	32747
32747	32747
32747	32747
32747	32747
32747	32747
32747	32747
32747	32747
32747	32747
32747	32747
32747	32747
32747	32747
32747	32747
32747	32747
32747	32747
32747	32747
32747	32747
32747	32747
32747	32747
32747	32747
32747	32747
32747	32747
32747	32747
32747	32747
32747	32747
32747	32747
32747	32747
32747	32747
32747	32747
32747	32747
32747	32747
32747	32747
32747	32747
32747	32747
32747	32747
32747	32747
32747	32747
32747	32747
32747	32747
32747	32747
32747	32747
32747	32747
32747	32747
32747	32747
32747	32747
32747	32747
32747	32747
32747	32747
32747	32747
32747	32747
32747	32747
32747	32747
32747	32747
32747	32747
32747	32747
32747	32747
32747	32747
32747	32747
32747	32747
32747	32747
32747	32747
32747	32747
32747	32747
32747	32747
32747	32747
32747	32747
32747	32747
32747	32747
32747	32747
32747	32747
32747	32747
32747	32747
32747	32747
32747	32747
32747	32747
32747	32747
32747	32747
32747	32747
32747	32747
32747	32747
32747	32747
32747	32747
32747	32747
32747	32747
32747	32747
32747	32747
32747	32747
32747	32747
32747	32747
32747	32747
32747	32747
32747	32747
32747	32747
32747	32747
32747	32747
32747	32747
32747	32747
32747	32747
32747	32747
32747	32747
32747	32747
32747	32747
32747	32747
32747	32747
32747	32746
32741	32733
32711	32671
32597	32493
32403	32366
32317	32067
31421	30301
28924	27701
26931	26636
26621	26620
26513	26362
26263	26263
26330	26389
26394	26349
26310	26349
26513	26803
27158	27489
27726	27833
27796	27633
27381	27117
26895	26757
26705	26734
26806	26884
26949	27014
27116	27302
27572	27866
28038	27957
27666	27351
27124	26962
26834	26753
26745	26820
26957	27127
27285	27398
27455	27450
27393	27306
27232	27225
27278	27326
27359	27432
27663	28174
29002	30047
31083	31862
32303	32493
32561	32586
32603	32622
32642	32659
32674	32693
32715	32730
32732	32720
32700	32680
32664	32646
32614	32540
32375	32001
31218	29589
26449	21496
15778	11190
8636	7589
7251	7173
7209	7336
7558	7824
7981	7877
7561	7244
7020	6830
6673	6718
7169	8006
8660	8386
7200	5858
4956	4525
4328	4131
3885	3685
3646	3825
4245	4923
5927	7288
8851	10295
11323	11785
11715	11357
11116	11367
12127	13025
13625	13728
13520	13223
12467	10640
8045	5856
4783	4627
4859	5060
5030	4798
4590	4642
4929	5198
5332	5559
6475	8817
13058	18904
24949	29390
31624	32405
32629	32701
32720	32716
32705	32689
32678	32670
32667	32666
32663	32658
32653	32653
32658	32665
32676	32693
32716	32734
32744	32747
32747	32747
32747	32747
32747	32747
32747	32747
32747	32747
32747	32747
32747	32747
32747	32747
32747	32747
32747	32747
32747	32747
32747	32747
32747	32747
32747	32747
32747	32747
32747	32747
32747	32747
32747	32747
32747	32747
32747	32747
32747	32747
32747	32747
32747	32747
32747	32747
32747	32747
32747	32747
32747	32747
32747	32747
32747	32747
32747	32747
32747	32747
32747	32747
32747	32747
32747	32747
32747	32747
32747	32747
32747	32747
32747	32747
32747	32747
32747	32747
32747	32747
32747	32747
32747	32747
32747	32747
32747	32747
32747	32747
32747	32747
32747	32747
32747	32747
32747	32747
32747	32747
32747	32747
32747	32747
32747	32747
32747	32747
32747	32747
32747	32747
32747	32747
32747	32747
32747	32747
32747	32747
32747	32747
32747	32747
32747	32747
32747	32747
32747	32747
32747	32747
32747	32747
32747	32747
32747	32747
32747	32747
32747	32747
32747	32747
32747	32747
32747	32747
32747	32747
32747	32747
32747	32747
32747	32747
32747	32747
32747	32747
32747	32747
32747	32747
32747	32747
32747	32747
32747	32747
32747	32747
32747	32747
32747	32747
32747	32747
32747	32747
32747	32747
32747	32747
32747	32747
32747	32747
32747	32747
32747	32747
32747	32747
32747	32747
32747	32747
32747	32747
32747	32747
32747	32747
32747	32747
32747	32747
32747	32747
32747	32746
32740	32728
32705	32661
32588	32491
32407	32386
32371	32194
31651	30642
29329	28083
27204	26775
26665	26644
26576	26472
26398	26408
26475	26532
26529	26481
26441	26478
26646	26936
27299	27634
27873	27975
27917	27701
27388	27076
26833	26675
26605	26619
26694	26804
26929	27062
27218	27417
27655	27892
28028	27974
27768	27544
27374	27233
27095	26981
26931	26971
27097	27274
27449	27576
27624	27594
27501	27381
27299	27321
27422	27507
27534	27550
27694	28112
28869	29888
30937	31761
32248	32472
32554	32586
32608	32629
32647	32662
32675	32693
32716	32731
32733	32721
32702	32684
32669	32658
32634	32571
32394	32033
31439	30357
28004	23666
18014	12863
9428	7699
7099	7041
7157	7317
7526	7783
7966	7920
7668	7405
7198	6969
6718	6635
6962	7717
8351	8135
7066	5880
5146	4877
4789	4617
4287	3943
3763	3858
4214	4797
5662	6917
8446	9911
11010	11600
11668	11372
11098	11286
12003	12879
13464	13549
13344	13113
12516	10926
8555	6448
5314	5068
5264	5478
5464	5217
4949	4916
5102	5273
5335	5521
6340	8444
12355	17976
24035	28705
31245	32262
32597	32693
32715	32707
32695	32680
32673	32667
32667	32666
32665	32663
32659	32659
32660	32666
32675	32692
32716	32734
32744	32747
32747	32747
32747	32747
32747	32747
32747	32747
32747	32747
32747	32747
32747	32747
32747	32747
32747	32747
32747	32747
32747	32747
32747	32747
32747	32747
32747	32747
32747	32747
32747	32747
32747	32747
32747	32747
32747	32747
32747	32747
32747	32747
32747	32747
32747	32747
32747	32747
32747	32747
32747	32747
32747	32747
32747	32747
32747	32747
32747	32747
32747	32747
32747	32747
32747	32747
32747	32747
32747	32747
32747	32747
32747	32747
32747	32747
32747	32747
32747	32747
32747	32747
32747	32747
32747	32747
32747	32747
32747	32747
32747	32747
32747	32747
32747	32747
32747	32747
32747	32747
32747	32747
32747	32747
32747	32747
32747	32747
32747	32747
32747	32747
32747	32747
32747	32747
32747	32747
32747	32747
32747	32747
32747	32747
32747	32747
32747	32747
32747	32747
32747	32747
32747	32747
32747	32747
32747	32747
32747	32747
32747	32747
32747	32747
32747	32747
32747	32747
32747	32747
32747	32747
32747	32747
32747	32747
32747	32747
32747	32747
32747	32747
32747	32747
32747	32747
32747	32747
32747	32747
32747	32747
32747	32747
32747	32747
32747	32747
32747	32747
32747	32747
32747	32747
32747	32747
32747	32747
32747	32747
32747	32747
32747	32747
32747	32747
32747	32747
32747	32747
32747	32747
32747	32747
32747	32747
32747	32747
32747	32747
32747	32747
32747	32745
32739	32726
32700	32657
32588	32507
32441	32426
32421	32287
31840	30964
29765	28538
27571	26994
26768	26726
26722	26703
26684	26713
26783	26831
26815	26752
26691	26707
26846	27108
27441	27747
27959	28037
27954	27709
27375	27061
26831	26671
26573	26538
26576	26685
26856	27066
27298	27528
27736	27905
27985	27946
27819	27693
27587	27475
27334	27197
27112	27124
27237	27417
27603	27730
27761	27701
27575	27439
27370	27426
27564	27667
27664	27612
27659	27979
28670	29664
30738	31621
32173	32443
32547	32586
32611	32637
32653	32664
32676	32693
32716	32732
32734	32723
32704	32688
32677	32669
32650	32593
32415	32063
31588	30865
29140	25517
20243	14768
10489	7983
7013	6874
7000	7172
7387	7665
7902	7935
7778	7594
7425	7171
6829	6607
6793	7439
8037	7868
6911	5881
5314	5200
5222	5071
4671	4196
3888	3901
4203	4690
5430	6594
8099	9590
10758	11468
11666	11424
11118	11243
11908	12756
13329	13418
13228	13033
12552	11198
9093	7112
5916	5527
5623	5805
5809	5568
5274	5170
5266	5352
5368	5531
6255	8070
11562	16863
22874	27776
30686	32016
32515	32670
32706	32703
32688	32676
32669	32667
32667	32666
32665	32662
32659	32656
32656	32661
32673	32691
32715	32734
32744	32747
32747	32747
32747	32747
32747	32747
32747	32747
32747	32747
32747	32747
32747	32747
32747	32747
32747	32747
32747	32747
32747	32747
32747	32747
32747	32747
32747	32747
32747	32747
32747	32747
32747	32747
32747	32747
32747	32747
32747	32747
32747	32747
32747	32747
32747	32747
32747	32747
32747	32747
32747	32747
32747	32747
32747	32747
32747	32747
32747	32747
32747	32747
32747	32747
32747	32747
32747	32747
32747	32747
32747	32747
32747	32747
32747	32747
32747	32747
32747	32747
32747	32747
32747	32747
32747	32747
32747	32747
32747	32747
32747	32747
32747	32747
32747	32747
32747	32747
32747	32747
32747	32747
32747	32747
32747	32747
32747	32747
32747	32747
32747	32747
32747	32747
32747	32747
32747	32747
32747	32747
32747	32747
32747	32747
32747	32747
32747	32747
32747	32747
32747	32747
32747	32747
32747	32747
32747	32747
32747	32747
32747	32747
32747	32747
32747	32747
32747	32747
32747	32747
32747	32747
32747	32747
32747	32747
32747	32747
32747	32747
32747	32747
32747	32747
32747	32747
32747	32747
32747	32747
32747	32747
32747	32747
32747	32747
32747	32747
32747	32747
32747	32747
32747	32747
32747	32747
32747	32747
32747	32747
32747	32747
32747	32747
32747	32747
32747	32747
32747	32747
32747	32747
32747	32747
32747	32747
32747	32747
32747	32747
32747	32747
32747	32745
32739	32725
32697	32653
32594	32528
32480	32467
32456	32346
31990	31270
30228	29060
28018	27294
26941	26882
26959	27032
27066	27112
27179	27218
27188	27105
27021	27008
27107	27326
27613	27877
28048	28097
27998	27761
27455	27174
26957	26772
26593	26445
26372	26424
26613	26910
27245	27544
27761	27876
27901	27865
27807	27761
27720	27642
27510	27362
27252	27237
27335	27514
27701	27823
27834	27741
27588	27459
27429	27528
27689	27777
27724	27583
27525	27754
28383	29361
30474	31435
32073	32408
32540	32591
32619	32645
32658	32666
32678	32694
32717	32732
32734	32725
32708	32692
32681	32676
32663	32612
32451	32139
31756	31263
30020	27129
22449	16913
11922	8607
7119	6757
6809	6958
7166	7466
7764	7891
7843	7753
7636	7370
6942	6582
6614	7139
7686	7550
6698	5814
5409	5445
5571	5449
4999	4413
3998	3945
4205	4615
5242	6326
7816	9337
10575	11399
11709	11513
11164	11221
11839	12661
13236	13358
13197	13021
12612	11476
9655	7822
6549	5974
5902	6013
6047	5911
5722	5651
5677	5623
5506	5593
6220	7799
10935	15925
21841	26901
30114	31731
32402	32631
32692	32696
32684	32674
32669	32667
32667	32666
32662	32656
32650	32644
32644	32652
32666	32688
32715	32734
32744	32747
32747	32747
32747	32747
32747	32747
32747	32747
32747	32747
32747	32747
32747	32747
32747	32747
32747	32747
32747	32747
32747	32747
32747	32747
32747	32747
32747	32747
32747	32747
32747	32747
32747	32747
32747	32747
32747	32747
32747	32747
32747	32747
32747	32747
32747	32747
32747	32747
32747	32747
32747	32747
32747	32747
32747	32747
32747	32747
32747	32747
32747	32747
32747	32747
32747	32747
32747	32747
32747	32747
32747	32747
32747	32747
32747	32747
32747	32747
32747	32747
32747	32747
32747	32747
32747	32747
32747	32747
32747	32747
32747	32747
32747	32747
32747	32747
32747	32747
32747	32747
32747	32747
32747	32747
32747	32747
32747	32747
32747	32747
32747	32747
32747	32747
32747	32747
32747	32747
32747	32747
32747	32747
32747	32747
32747	32747
32747	32747
32747	32747
32747	32747
32747	32747
32747	32747
32747	32747
32747	32747
32747	32747
32747	32747
32747	32747
32747	32747
32747	32747
32747	32747
32747	32747
32747	32747
32747	32747
32747	32747
32747	32747
32747	32747
32747	32747
32747	32747
32747	32747
32747	32747
32747	32747
32747	32747
32747	32747
32747	32747
32747	32747
32747	32747
32747	32747
32747	32747
32747	32747
32747	32747
32747	32747
32747	32747
32747	32747
32747	32747
32747	32747
32747	32747
32747	32747
32747	32747
32747	32747
32747	32747
32747	32745
32739	32723
32691	32644
32587	32536
32503	32488
32461	32365
32096	31543
30680	29603
28511	27651
27178	27101
27249	27401
27470	27515
27570	27602
27566	27477
27385	27344
27410	27586
27829	28049
28184	28202
28097	27884
27617	27365
27133	26869
26548	26213
25967	25918
26114	26510
26993	27419
27695	27800
27791	27743
27725	27738
27749	27705
27593	27437
27312	27278
27364	27534
27720	27830
27822	27702
27543	27442
27469	27618
27789	27841
27714	27476
27310	27447
28020	28995
30158	31208
31951	32361
32533	32595
32628	32651
32663	32671
32683	32700
32719	32734
32736	32728
32713	32700
32689	32683
32669	32628
32498	32256
31978	31643
30776	28571
24592	19227
13747	9662
7523	6791
6696	6782
6943	7227
7565	7784
7845	7854
7790	7512
7008	6521
6407	6812
7299	7177
6414	5660
5402	5580
5814	5733
5247	4581
4084	3985
4212	4557
5095	6114
7596	9148
10455	11380
11787	11617
11225	11215
11789	12596
13190	13370
13257	13081
12705	11756
10213	8519
7163	6376
6111	6131
6208	6223
6208	6225
6203	6005
5736	5730
6274	7656
10474	15167
20957	26123
29596	31462
32292	32593
32680	32692
32684	32674
32669	32667
32667	32665
32660	32649
32636	32628
32628	32638
32659	32686
32714	32734
32744	32747
32747	32747
32747	32747
32747	32747
32747	32747
32747	32747
32747	32747
32747	32747
32747	32747
32747	32747
32747	32747
32747	32747
32747	32747
32747	32747
32747	32747
32747	32747
32747	32747
32747	32747
32747	32747
32747	32747
32747	32747
32747	32747
32747	32747
32747	32747
32747	32747
32747	32747
32747	32747
32747	32747
32747	32747
32747	32747
32747	32747
32747	32747
32747	32747
32747	32747
32747	32747
32747	32747
32747	32747
32747	32747
32747	32747
32747	32747
32747	32747
32747	32747
32747	32747
32747	32747
32747	32747
32747	32747
32747	32747
32747	32747
32747	32747
32747	32747
32747	32747
32747	32747
32747	32747
32747	32747
32747	32747
32747	32747
32747	32747
32747	32747
32747	32747
32747	32747
32747	32747
32747	32747
32747	32747
32747	32747
32747	32747
32747	32747
32747	32747
32747	32747
32747	32747
32747	32747
32747	32747
32747	32747
32747	32747
32747	32747
32747	32747
32747	32747
32747	32747
32747	32747
32747	32747
32747	32747
32747	32747
32747	32747
32747	32747
32747	32747
32747	32747
32747	32747
32747	32747
32747	32747
32747	32747
32747	32747
32747	32747
32747	32747
32747	32747
32747	32747
32747	32747
32747	32747
32747	32747
32747	32747
32747	32747
32747	32747
32747	32747
32747	32747
32747	32747
32747	32747
32747	32747
32747	32747
32747	32747
32747	32745
32739	32722
32686	32629
32570	32527
32506	32485
32446	32360
32170	31774
31089	30105
28985	28018
27451	27354
27546	27739
27814	27843
27887	27915
27882	27799
27708	27657
27700	27844
28051	28237
28341	28338
28224	28018
27760	27489
27189	26794
26284	25738
25311	25169
25389	25916
26584	27182
27566	27706
27681	27618
27604	27642
27685	27670
27573	27422
27287	27241
27319	27487
27668	27773
27752	27624
27478	27426
27518	27704
27858	27856
27651	27322
27064	27119
27636	28603
29814	30960
31807	32298
32510	32587
32625	32650
32667	32678
32691	32708
32724	32736
32737	32729
32716	32707
32698	32691
32677	32637
32540	32377
32200	31989
31413	29817
26562	21576
15889	11150
8276	7040
6726	6715
6787	7006
7351	7639
7806	7901
7879	7584
7020	6439
6213	6502
6909	6779
6083	5443
5320	5629
5970	5939
5443	4725
4168	4028
4223	4516
4988	5960
7433	8999
10348	11356
11852	11711
11281	11211
11746	12561
13204	13456
13391	13194
12816	12012
10700	9121
7668	6691
6267	6228
6334	6420
6463	6487
6434	6215
5962	5977
6440	7554
9968	14304
19961	25281
29072	31229
32214	32568
32671	32690
32682	32674
32669	32667
32667	32664
32657	32644
32626	32613
32613	32628
32654	32683
32713	32734
32744	32747
32747	32747
32747	32747
32747	32747
32747	32747
32747	32747
32747	32747
32747	32747
32747	32747
32747	32747
32747	32747
32747	32747
32747	32747
32747	32747
32747	32747
32747	32747
32747	32747
32747	32747
32747	32747
32747	32747
32747	32747
32747	32747
32747	32747
32747	32747
32747	32747
32747	32747
32747	32747
32747	32747
32747	32747
32747	32747
32747	32747
32747	32747
32747	32747
32747	32747
32747	32747
32747	32747
32747	32747
32747	32747
32747	32747
32747	32747
32747	32747
32747	32747
32747	32747
32747	32747
32747	32747
32747	32747
32747	32747
32747	32747
32747	32747
32747	32747
32747	32747
32747	32747
32747	32747
32747	32747
32747	32747
32747	32747
32747	32747
32747	32747
32747	32747
32747	32747
32747	32747
32747	32747
32747	32747
32747	32747
32747	32747
32747	32747
32747	32747
32747	32747
32747	32747
32747	32747
32747	32747
32747	32747
32747	32747
32747	32747
32747	32747
32747	32747
32747	32747
32747	32747
32747	32747
32747	32747
32747	32747
32747	32747
32747	32747
32747	32747
32747	32747
32747	32747
32747	32747
32747	32747
32747	32747
32747	32747
32747	32747
32747	32747
32747	32747
32747	32747
32747	32747
32747	32747
32747	32747
32747	32747
32747	32747
32747	32747
32747	32747
32747	32747
32747	32747
32747	32747
32747	32747
32747	32747
32747	32747
32747	32745
32738	32720
32679	32617
32552	32514
32497	32477
32432	32362
32236	31969
31422	30514
29390	28376
27766	27633
27797	27972
28031	28048
28084	28113
28089	28018
27936	27885
27912	28029
28202	28361
28450	28443
28324	28095
27786	27427
26992	26422
25722	25004
24465	24311
24619	25308
26162	26928
27421	27607
27581	27502
27479	27515
27568	27569
27490	27348
27216	27170
27242	27406
27587	27700
27699	27607
27511	27516
27636	27799
27880	27792
27519	27148
26850	26840
27287	28215
29457	30689
31638	32198
32439	32531
32591	32639
32669	32686
32703	32718
32731	32738
32739	32733
32723	32714
32706	32699
32682	32642
32565	32454
32345	32231
31892	30805
28254	23847
18272	13071
9413	7515
6861	6716
6699	6840
7153	7495
7763	7932
7913	7585
6989	6387
6115	6297
6573	6383
5737	5215
5230	5668
6108	6136
5657	4922
4325	4122
4244	4473
4903	5852
7303	8837
10172	11234
11830	11759
11319	11198
11698	12540
13270	13619
13580	13316
12890	12186
11060	9547
7991	6878
6398	6364
6471	6511
6446	6350
6260	6170
6144	6302
6671	7445
9395	13359
18904	24415
28566	31030
32160	32555
32665	32687
32682	32674
32669	32667
32667	32664
32656	32640
32620	32607
32607	32622
32650	32682
32713	32734
32744	32747
32747	32747
32747	32747
32747	32747
32747	32747
32747	32747
32747	32747
32747	32747
32747	32747
32747	32747
32747	32747
32747	32747
32747	32747
32747	32747
32747	32747
32747	32747
32747	32747
32747	32747
32747	32747
32747	32747
32747	32747
32747	32747
32747	32747
32747	32747
32747	32747
32747	32747
32747	32747
32747	32747
32747	32747
32747	32747
32747	32747
32747	32747
32747	32747
32747	32747
32747	32747
32747	32747
32747	32747
32747	32747
32747	32747
32747	32747
32747	32747
32747	32747
32747	32747
32747	32747
32747	32747
32747	32747
32747	32747
32747	32747
32747	32747
32747	32747
32747	32747
32747	32747
32747	32747
32747	32747
32747	32747
32747	32747
32747	32747
32747	32747
32747	32747
32747	32747
32747	32747
32747	32747
32747	32747
32747	32747
32747	32747
32747	32747
32747	32747
32747	32747
32747	32747
32747	32747
32747	32747
32747	32747
32747	32747
32747	32747
32747	32747
32747	32747
32747	32747
32747	32747
32747	32747
32747	32747
32747	32747
32747	32747
32747	32747
32747	32747
32747	32747
32747	32747
32747	32747
32747	32747
32747	32747
32747	32747
32747	32747
32747	32747
32747	32747
32747	32747
32747	32747
32747	32747
32747	32747
32747	32747
32747	32747
32747	32747
32747	32747
32747	32747
32747	32747
32747	32747
32747	32747
32747	32747
32747	32747
32747	32745
32738	32720
32679	32614
32549	32510
32500	32485
32448	32400
32324	32137
31673	30804
29689	28699
28103	27908
27949	28027
28057	28078
28112	28142
28127	28078
28015	27978
27999	28092
28231	28365
28451	28456
28345	28083
27682	27170
26541	25774
24916	24127
23620	23580
24052	24914
25919	26783
27325	27522
27487	27400
27376	27412
27463	27469
27404	27285
27171	27129
27197	27351
27535	27680
27746	27747
27737	27777
27859	27902
27832	27628
27320	26984
26724	26671
27004	27837
29064	30374
31430	32050
32303	32408
32508	32600
32658	32688
32707	32721
32732	32738
32739	32734
32729	32720
32713	32706
32691	32651
32577	32473
32381	32325
32168	31496
29613	25963
20841	15430
10990	8250
7061	6702
6627	6717
6987	7374
7754	7980
7922	7539
6952	6427
6190	6259
6324	6008
5407	5035
5207	5775
6309	6403
5968	5253
4621	4310
4288	4412
4815	5761
7174	8609
9859	10944
11676	11737
11340	11168
11618	12501
13363	13825
13788	13417
12904	12280
11331	9871
8210	7011
6547	6550
6631	6580
6376	6134
5999	6073
6323	6604
6847	7348
9021	12782
18261	23877
28238	30887
32113	32540
32659	32685
32681	32673
32669	32667
32667	32664
32656	32640
32618	32605
32605	32620
32650	32682
32713	32734
32744	32747
32747	32747
32747	32747
32747	32747
32747	32747
32747	32747
32747	32747
32747	32747
32747	32747
32747	32747
32747	32747
32747	32747
32747	32747
32747	32747
32747	32747
32747	32747
32747	32747
32747	32747
32747	32747
32747	32747
32747	32747
32747	32747
32747	32747
32747	32747
32747	32747
32747	32747
32747	32747
32747	32747
32747	32747
32747	32747
32747	32747
32747	32747
32747	32747
32747	32747
32747	32747
32747	32747
32747	32747
32747	32747
32747	32747
32747	32747
32747	32747
32747	32747
32747	32747
32747	32747
32747	32747
32747	32747
32747	32747
32747	32747
32747	32747
32747	32747
32747	32747
32747	32747
32747	32747
32747	32747
32747	32747
32747	32747
32747	32747
32747	32747
32747	32747
32747	32747
32747	32747
32747	32747
32747	32747
32747	32747
32747	32747
32747	32747
32747	32747
32747	32747
32747	32747
32747	32747
32747	32747
32747	32747
32747	32747
32747	32747
32747	32747
32747	32747
32747	32747
32747	32747
32747	32747
32747	32747
32747	32747
32747	32747
32747	32747
32747	32747
32747	32747
32747	32747
32747	32747
32747	32747
32747	32747
32747	32747
32747	32747
32747	32747
32747	32747
32747	32747
32747	32747
32747	32747
32747	32747
32747	32747
32747	32747
32747	32747
32747	32747
32747	32747
32747	32747
32747	32747
32747	32747
32747	32747
32747	32747
32747	32745
32738	32720
32683	32623
32562	32527
32516	32510
32495	32471
32428	32279
31838	30973
29869	28935
28377	28092
27930	27839
27807	27818
27852	27885
27905	27909
27916	27940
28003	28105
28229	28343
28425	28443
28337	28036
27524	26829
25990	25040
24097	23349
23000	23179
23860	24870
25942	26810
27319	27471
27411	27327
27318	27367
27420	27433
27391	27309
27233	27205
27261	27394
27570	27750
27899	28005
28078	28122
28105	27977
27736	27437
27147	26915
26737	26636
26796	27455
28618	29994
31181	31889
32161	32276
32406	32534
32616	32660
32688	32705
32720	32729
32736	32736
32733	32725
32718	32711
32699	32664
32584	32455
32337	32308
32283	31922
30632	27825
23440	18129
13074	9406
7452	6698
6520	6583
6821	7258
7757	8035
7922	7486
6950	6562
6408	6353
6156	5672
5110	4902
5248	5945
6569	6739
6370	5699
5035	4574
4345	4336
4708	5668
7032	8346
9468	10554
11423	11659
11346	11138
11503	12391
13373	13951
13932	13485
12945	12477
11794	10486
8784	7456
6882	6785
6771	6652
6398	6107
5972	6148
6510	6771
6899	7390
9197	13074
18545	24056
28309	30891
32101	32532
32658	32684
32681	32673
32669	32667
32667	32664
32656	32640
32618	32605
32605	32620
32650	32682
32713	32734
32744	32747
32747	32747
32747	32747
32747	32747
32747	32747
32747	32747
32747	32747
32747	32747
32747	32747
32747	32747
32747	32747
32747	32747
32747	32747
32747	32747
32747	32747
32747	32747
32747	32747
32747	32747
32747	32747
32747	32747
32747	32747
32747	32747
32747	32747
32747	32747
32747	32747
32747	32747
32747	32747
32747	32747
32747	32747
32747	32747
32747	32747
32747	32747
32747	32747
32747	32747
32747	32747
32747	32747
32747	32747
32747	32747
32747	32747
32747	32747
32747	32747
32747	32747
32747	32747
32747	32747
32747	32747
32747	32747
32747	32747
32747	32747
32747	32747
32747	32747
32747	32747
32747	32747
32747	32747
32747	32747
32747	32747
32747	32747
32747	32747
32747	32747
32747	32747
32747	32747
32747	32747
32747	32747
32747	32747
32747	32747
32747	32747
32747	32747
32747	32747
32747	32747
32747	32747
32747	32747
32747	32747
32747	32747
32747	32747
32747	32747
32747	32747
32747	32747
32747	32747
32747	32747
32747	32747
32747	32747
32747	32747
32747	32747
32747	32747
32747	32747
32747	32747
32747	32747
32747	32747
32747	32747
32747	32747
32747	32747
32747	32747
32747	32747
32747	32747
32747	32747
32747	32747
32747	32747
32747	32747
32747	32747
32747	32747
32747	32747
32747	32747
32747	32747
32747	32747
32747	32747
32747	32747
32747	32747
32747	32747
32747	32745
32739	32722
32689	32638
32584	32549
32537	32536
32532	32530
32505	32367
31925	31038
29924	29017
28464	28065
27682	27383
27228	27187
27209	27268
27361	27488
27649	27835
28032	28220
28375	28480
28533	28519
28381	28036
27432	26593
25583	24507
23540	22904
22766	23177
24042	25136
26196	26990
27408	27491
27396	27307
27314	27380
27451	27491
27496	27474
27443	27438
27481	27581
27728	27908
28090	28249
28349	28351
28229	27978
27658	27356
27150	27033
26909	26718
26655	27078
28124	29554
30903	31761
32103	32225
32342	32462
32546	32597
32637	32669
32695	32714
32727	32735
32735	32726
32716	32711
32702	32676
32592	32443
32304	32279
32324	32160
31330	29326
25823	20969
15657	11166
8253	6834
6390	6381
6612	7102
7695	8024
7903	7470
7016	6758
6659	6475
6037	5400
4864	4795
5294	6117
6836	7074
6777	6157
5464	4845
4397	4242
4590	5559
6891	8120
9163	10233
11187	11564
11356	11124
11379	12188
13191	13858
13923	13545
13137	12983
12769	11880
10321	8764
7717	7179
6919	6714
6481	6281
6245	6441
6698	6800
6942	7821
10239	14529
19971	25113
28899	31132
32173	32551
32663	32685
32682	32674
32669	32667
32667	32664
32656	32640
32620	32607
32607	32622
32650	32682
32713	32734
32744	32747
32747	32747
32747	32747
32747	32747
32747	32747
32747	32747
32747	32747
32747	32747
32747	32747
32747	32747
32747	32747
32747	32747
32747	32747
32747	32747
32747	32747
32747	32747
32747	32747
32747	32747
32747	32747
32747	32747
32747	32747
32747	32747
32747	32747
32747	32747
32747	32747
32747	32747
32747	32747
32747	32747
32747	32747
32747	32747
32747	32747
32747	32747
32747	32747
32747	32747
32747	32747
32747	32747
32747	32747
32747	32747
32747	32747
32747	32747
32747	32747
32747	32747
32747	32747
32747	32747
32747	32747
32747	32747
32747	32747
32747	32747
32747	32747
32747	32747
32747	32747
32747	32747
32747	32747
32747	32747
32747	32747
32747	32747
32747	32747
32747	32747
32747	32747
32747	32747
32747	32747
32747	32747
32747	32747
32747	32747
32747	32747
32747	32747
32747	32747
32747	32747
32747	32747
32747	32747
32747	32747
32747	32747
32747	32747
32747	32747
32747	32747
32747	32747
32747	32747
32747	32747
32747	32747
32747	32747
32747	32747
32747	32747
32747	32747
32747	32747
32747	32747
32747	32747
32747	32747
32747	32747
32747	32747
32747	32747
32747	32747
32747	32747
32747	32747
32747	32747
32747	32747
32747	32747
32747	32747
32747	32747
32747	32747
32747	32747
32747	32747
32747	32747
32747	32747
32747	32747
32747	32747
32747	32747
32747	32747
32747	32745
32739	32724
32695	32652
32606	32572
32554	32547
32545	32547
32529	32394
31937	31019
29861	28917
28311	27794
27232	26740
26433	26304
26308	26414
26616	26915
27295	27716
28124	28463
28696	28798
28791	28697
28497	28117
27485	26575
25458	24303
23347	22822
22861	23448
24418	25526
26516	27207
27536	27568
27452	27350
27345	27412
27512	27606
27685	27739
27776	27802
27836	27895
27994	28125
28276	28410
28476	28416
28221	27941
27658	27448
27351	27320
27199	26882
26585	26754
27648	29103
30621	31675
32138	32280
32354	32426
32486	32540
32589	32635
32669	32700
32722	32733
32731	32719
32701	32688
32679	32661
32593	32458
32330	32310
32362	32276
31751	30410
27814	23721
18596	13526
9570	7238
6313	6143
6343	6863
7510	7893
7831	7484
7140	6965
6858	6553
5939	5198
4684	4714
5338	6271
7079	7391
7155	6578
5859	5096
4443	4153
4469	5439
6753	7973
9012	10061
11011	11465
11365	11145
11280	11933
12859	13574
13784	13590
13439	13723
14179	14063
12999	11278
9500	8164
7367	6896
6615	6547
6673	6850
6917	6933
7399	9074
12411	17162
22373	26826
29851	31536
32304	32589
32675	32690
32682	32674
32669	32667
32667	32664
32657	32644
32626	32613
32613	32628
32654	32683
32713	32734
32744	32747
32747	32747
32747	32747
32747	32747
32747	32747
32747	32747
32747	32747
32747	32747
32747	32747
32747	32747
32747	32747
32747	32747
32747	32747
32747	32747
32747	32747
32747	32747
32747	32747
32747	32747
32747	32747
32747	32747
32747	32747
32747	32747
32747	32747
32747	32747
32747	32747
32747	32747
32747	32747
32747	32747
32747	32747
32747	32747
32747	32747
32747	32747
32747	32747
32747	32747
32747	32747
32747	32747
32747	32747
32747	32747
32747	32747
32747	32747
32747	32747
32747	32747
32747	32747
32747	32747
32747	32747
32747	32747
32747	32747
32747	32747
32747	32747
32747	32747
32747	32747
32747	32747
32747	32747
32747	32747
32747	32747
32747	32747
32747	32747
32747	32747
32747	32747
32747	32747
32747	32747
32747	32747
32747	32747
32747	32747
32747	32747
32747	32747
32747	32747
32747	32747
32747	32747
32747	32747
32747	32747
32747	32747
32747	32747
32747	32747
32747	32747
32747	32747
32747	32747
32747	32747
32747	32747
32747	32747
32747	32747
32747	32747
32747	32747
32747	32747
32747	32747
32747	32747
32747	32747
32747	32747
32747	32747
32747	32747
32747	32747
32747	32747
32747	32747
32747	32747
32747	32747
32747	32747
32747	32747
32747	32747
32747	32747
32747	32747
32747	32747
32747	32747
32747	32747
32747	32747
32747	32747
32747	32747
32747	32747
32747	32745
32739	32725
32699	32664
32624	32590
32563	32543
32529	32522
32500	32361
31892	30928
29700	28674
27979	27364
26688	26079
25673	25483
25476	25623
25923	26383
26969	27617
28233	28727
29035	29134
29056	28870
28608	28244
27661	26758
25583	24359
23392	22932
23079	23756
24758	25821
26725	27331
27619	27658
27556	27431
27373	27415
27538	27703
27868	28011
28119	28187
28227	28259
28305	28374
28461	28540
28551	28449
28238	27983
27766	27648
27634	27651
27514	27096
26617	26569
27298	28725
30358	31583
32182	32374
32431	32463
32498	32541
32590	32635
32669	32698
32721	32731
32725	32702
32669	32641
32625	32610
32573	32492
32413	32400
32412	32306
31941	31110
29366	26206
21594	16215
11291	7958
6403	5960
6062	6545
7192	7622
7671	7472
7259	7141
6994	6576
5852	5067
4594	4718
5445	6469
7344	7716
7535	7004
6260	5361
4511	4086
4353	5303
6609	7869
8953	9977
10863	11346
11362	11198
11240	11729
12545	13287
13633	13609
13667	14334
15521	16464
16350	14884
12550	10288
8634	7568
6997	6908
7108	7252
7268	7531
8738	11491
15724	20644
25226	28680
30803	31909
32418	32619
32683	32692
32684	32674
32669	32667
32667	32665
32660	32649
32636	32628
32628	32638
32659	32686
32714	32734
32744	32747
32747	32747
32747	32747
32747	32747
32747	32747
32747	32747
32747	32747
32747	32747
32747	32747
32747	32747
32747	32747
32747	32747
32747	32747
32747	32747
32747	32747
32747	32747
32747	32747
32747	32747
32747	32747
32747	32747
32747	32747
32747	32747
32747	32747
32747	32747
32747	32747
32747	32747
32747	32747
32747	32747
32747	32747
32747	32747
32747	32747
32747	32747
32747	32747
32747	32747
32747	32747
32747	32747
32747	32747
32747	32747
32747	32747
32747	32747
32747	32747
32747	32747
32747	32747
32747	32747
32747	32747
32747	32747
32747	32747
32747	32747
32747	32747
32747	32747
32747	32747
32747	32747
32747	32747
32747	32747
32747	32747
32747	32747
32747	32747
32747	32747
32747	32747
32747	32747
32747	32747
32747	32747
32747	32747
32747	32747
32747	32747
32747	32747
32747	32747
32747	32747
32747	32747
32747	32747
32747	32747
32747	32747
32747	32747
32747	32747
32747	32747
32747	32747
32747	32747
32747	32747
32747	32747
32747	32747
32747	32747
32747	32747
32747	32747
32747	32747
32747	32747
32747	32747
32747	32747
32747	32747
32747	32747
32747	32747
32747	32747
32747	32747
32747	32747
32747	32747
32747	32747
32747	32747
32747	32747
32747	32747
32747	32747
32747	32747
32747	32747
32747	32747
32747	32747
32747	32747
32747	32747
32747	32747
32747	32747
32747	32745
32739	32726
32704	32671
32637	32604
32572	32539
32510	32489
32454	32305
31805	30776
29454	28329
27551	26874
26162	25542
25139	24951
24946	25111
25459	26007
26718	27507
28259	28858
29221	29323
29201	28953
28658	28336
27834	26965
25754	24482
23501	23078
23279	23988
24959	25945
26757	27310
27613	27714
27663	27515
27376	27354
27488	27720
27973	28202
28382	28499
28559	28580
28590	28610
28647	28681
28673	28582
28405	28190
27998	27887
27877	27900
27770	27332
26779	26594
27169	28511
30159	31475
32179	32442
32521	32551
32573	32606
32639	32670
32695	32713
32727	32732
32720	32683
32632	32583
32551	32533
32524	32509
32501	32505
32459	32291
31990	31516
30493	28258
24323	18898
13239	8994
6757	5922
5822	6192
6783	7246
7416	7384
7313	7244
7055	6548
5766	4987
4594	4834
5659	6747
7661	8071
7946	7467
6709	5682
4638	4065
4260	5161
6447	7760
8912	9901
10696	11197
11352	11270
11255	11621
12370	13150
13586	13625
13728	14581
16356	18415
19602	18966
16643	13732
11152	9256
8123	7714
7715	7743
7881	8747
10999	14828
19628	24254
27850	30186
31486	32144
32474	32630
32689	32696
32684	32674
32669	32667
32667	32666
32662	32656
32650	32644
32644	32652
32666	32688
32715	32734
32744	32747
32747	32747
32747	32747
32747	32747
32747	32747
32747	32747
32747	32747
32747	32747
32747	32747
32747	32747
32747	32747
32747	32747
32747	32747
32747	32747
32747	32747
32747	32747
32747	32747
32747	32747
32747	32747
32747	32747
32747	32747
32747	32747
32747	32747
32747	32747
32747	32747
32747	32747
32747	32747
32747	32747
32747	32747
32747	32747
32747	32747
32747	32747
32747	32747
32747	32747
32747	32747
32747	32747
32747	32747
32747	32747
32747	32747
32747	32747
32747	32747
32747	32747
32747	32747
32747	32747
32747	32747
32747	32747
32747	32747
32747	32747
32747	32747
32747	32747
32747	32747
32747	32747
32747	32747
32747	32747
32747	32747
32747	32747
32747	32747
32747	32747
32747	32747
32747	32747
32747	32747
32747	32747
32747	32747
32747	32747
32747	32747
32747	32747
32747	32747
32747	32747
32747	32747
32747	32747
32747	32747
32747	32747
32747	32747
32747	32747
32747	32747
32747	32747
32747	32747
32747	32747
32747	32747
32747	32747
32747	32747
32747	32747
32747	32747
32747	32747
32747	32747
32747	32747
32747	32747
32747	32747
32747	32747
32747	32747
32747	32747
32747	32747
32747	32747
32747	32747
32747	32747
32747	32747
32747	32747
32747	32747
32747	32747
32747	32747
32747	32747
32747	32747
32747	32747
32747	32747
32747	32747
32747	32747
32747	32747
32747	32745
32739	32726
32704	32677
32645	32614
32581	32548
32514	32478
32425	32243
31688	30566
29130	27911
27085	26404
25736	25195
24877	24745
24751	24896
25228	25768
26492	27307
28100	28743
29149	29281
29181	28932
28639	28321
27829	26959
25744	24487
23557	23208
23469	24181
25096	25976
26684	27189
27529	27721
27746	27583
27353	27257
27389	27665
27986	28282
28520	28682
28773	28801
28803	28802
28816	28841
28859	28842
28752	28572
28338	28138
28045	28040
27944	27577
27061	26835
27293	28503
30068	31380
32135	32457
32569	32609
32634	32658
32678	32698
32713	32725
32735	32736
32719	32677
32617	32553
32501	32462
32450	32480
32537	32567
32495	32277
32006	31760
31254	29780
26535	21309
15260	10317
7399	6072
5679	5873
6365	6826
7094	7214
7266	7239
7013	6456
5662	4954
4686	5054
5974	7096
8013	8443
8377	7962
7210	6076
4853	4121
4209	5022
6264	7618
8835	9789
10495	11029
11337	11350
11295	11593
12336	13179
13678	13700
13705	14508
16576	19519
22034	22650
21029	18096
14980	12388
10613	9600
9060	8781
9071	10637
13868	18418
23256	27190
29710	31103
31846	32268
32515	32645
32697	32702
32688	32676
32669	32667
32667	32666
32665	32662
32659	32656
32656	32661
32673	32691
32715	32734
32744	32747
32747	32747
32747	32747
32747	32747
32747	32747
32747	32747
32747	32747
32747	32747
32747	32747
32747	32747
32747	32747
32747	32747
32747	32747
32747	32747
32747	32747
32747	32747
32747	32747
32747	32747
32747	32747
32747	32747
32747	32747
32747	32747
32747	32747
32747	32747
32747	32747
32747	32747
32747	32747
32747	32747
32747	32747
32747	32747
32747	32747
32747	32747
32747	32747
32747	32747
32747	32747
32747	32747
32747	32747
32747	32747
32747	32747
32747	32747
32747	32747
32747	32747
32747	32747
32747	32747
32747	32747
32747	32747
32747	32747
32747	32747
32747	32747
32747	32747
32747	32747
32747	32747
32747	32747
32747	32747
32747	32747
32747	32747
32747	32747
32747	32747
32747	32747
32747	32747
32747	32747
32747	32747
32747	32747
32747	32747
32747	32747
32747	32747
32747	32747
32747	32747
32747	32747
32747	32747
32747	32747
32747	32747
32747	32747
32747	32747
32747	32747
32747	32747
32747	32747
32747	32747
32747	32747
32747	32747
32747	32747
32747	32747
32747	32747
32747	32747
32747	32747
32747	32747
32747	32747
32747	32747
32747	32747
32747	32747
32747	32747
32747	32747
32747	32747
32747	32747
32747	32747
32747	32747
32747	32747
32747	32747
32747	32747
32747	32747
32747	32747
32747	32747
32747	32747
32747	32747
32747	32747
32747	32747
32747	32747
32747	32745
32739	32727
32706	32678
32650	32624
32601	32576
32547	32505
32424	32192
31547	30305
28754	27466
26635	26013
25445	25027
24825	24757
24760	24860
25114	25562
26186	26920
27662	28299
28751	28973
28980	28822
28552	28160
27546	26603
25422	24287
23526	23329
23687	24407
25242	25992
26578	27029
27400	27687
27795	27647
27360	27206
27317	27614
27968	28297
28564	28756
28870	28917
28927	28926
28941	28984
29064	29158
29186	29046
28743	28402
28174	28112
28062	27814
27418	27219
27593	28650
30077	31317
32073	32419
32544	32587
32610	32635
32662	32687
32707	32722
32734	32736
32723	32687
32631	32568
32495	32419
32380	32420
32516	32579
32512	32300
32068	31939
31725	30776
28152	23340
17273	11871
8286	6393
5658	5658
6025	6444
6763	6981
7117	7116
6862	6288
5536	4946
4835	5348
6343	7472
8362	8801
8799	8466
7743	6539
5168	4274
4217	4898
6061	7433
8705	9626
10261	10842
11306	11411
11324	11582
12366	13287
13840	13850
13727	14336
16379	19795
23349	25284
24835	22596
19655	16903
14736	13109
11892	11182
11516	13546
17285	21902
26189	29172
30748	31508
31991	32342
32562	32670
32708	32706
32695	32680
32673	32667
32667	32666
32665	32663
32659	32659
32660	32666
32675	32692
32716	32734
32744	32747
32747	32747
32747	32747
32747	32747
32747	32747
32747	32747
32747	32747
32747	32747
32747	32747
32747	32747
32747	32747
32747	32747
32747	32747
32747	32747
32747	32747
32747	32747
32747	32747
32747	32747
32747	32747
32747	32747
32747	32747
32747	32747
32747	32747
32747	32747
32747	32747
32747	32747
32747	32747
32747	32747
32747	32747
32747	32747
32747	32747
32747	32747
32747	32747
32747	32747
32747	32747
32747	32747
32747	32747
32747	32747
32747	32747
32747	32747
32747	32747
32747	32747
32747	32747
32747	32747
32747	32747
32747	32747
32747	32747
32747	32747
32747	32747
32747	32747
32747	32747
32747	32747
32747	32747
32747	32747
32747	32747
32747	32747
32747	32747
32747	32747
32747	32747
32747	32747
32747	32747
32747	32747
32747	32747
32747	32747
32747	32747
32747	32747
32747	32747
32747	32747
32747	32747
32747	32747
32747	32747
32747	32747
32747	32747
32747	32747
32747	32747
32747	32747
32747	32747
32747	32747
32747	32747
32747	32747
32747	32747
32747	32747
32747	32747
32747	32747
32747	32747
32747	32747
32747	32747
32747	32747
32747	32747
32747	32747
32747	32747
32747	32747
32747	32747
32747	32747
32747	32747
32747	32747
32747	32747
32747	32747
32747	32747
32747	32747
32747	32747
32747	32747
32747	32747
32747	32747
32747	32747
32747	32747
32747	32747
32747	32745
32739	32727
32707	32680
32655	32636
32623	32614
32594	32551
32441	32138
31383	30016
28354	27025
26242	25731
25298	25005
24886	24848
24824	24847
24980	25267
25711	26272
26890	27485
27993	28360
28567	28589
28375	27860
27028	25971
24865	23952
23442	23451
23920	24636
25373	25981
26447	26844
27248	27632
27848	27758
27474	27301
27392	27674
28012	28332
28588	28779
28894	28950
28967	28977
29006	29081
29224	29423
29563	29477
29136	28684
28331	28195
28167	28023
27745	27595
27907	28824
30104	31257
31989	32331
32447	32479
32503	32540
32587	32633
32674	32704
32726	32735
32729	32704
32665	32612
32531	32426
32350	32376
32480	32553
32503	32345
32178	32100
31999	31359
29267	25027
19241	13572
9334	6834
5760	5582
5821	6170
6484	6745
6906	6895
6610	6045
5382	4946
5013	5658
6706	7810
8661	9112
9186	8944
8279	7058
5595	4544
4292	4792
5841	7209
8514	9407
9986	10618
11229	11420
11320	11564
12384	13359
13967	14025
13870	14273
16077	19552
23682	26654
27457	26375
24314	22092
20059	18182
16524	15491
15753	17806
21344	25287
28516	30455
31288	31675
32035	32370
32583	32683
32716	32716
32705	32689
32678	32670
32667	32666
32663	32658
32653	32653
32658	32665
32676	32693
32716	32734
32744	32747
32747	32747
32747	32747
32747	32747
32747	32747
32747	32747
32747	32747
32747	32747
32747	32747
32747	32747
32747	32747
32747	32747
32747	32747
32747	32747
32747	32747
32747	32747
32747	32747
32747	32747
32747	32747
32747	32747
32747	32747
32747	32747
32747	32747
32747	32747
32747	32747
32747	32747
32747	32747
32747	32747
32747	32747
32747	32747
32747	32747
32747	32747
32747	32747
32747	32747
32747	32747
32747	32747
32747	32747
32747	32747
32747	32747
32747	32747
32747	32747
32747	32747
32747	32747
32747	32747
32747	32747
32747	32747
32747	32747
32747	32747
32747	32747
32747	32747
32747	32747
32747	32747
32747	32747
32747	32747
32747	32747
32747	32747
32747	32747
32747	32747
32747	32747
32747	32747
32747	32747
32747	32747
32747	32747
32747	32747
32747	32747
32747	32747
32747	32747
32747	32747
32747	32747
32747	32747
32747	32747
32747	32747
32747	32747
32747	32747
32747	32747
32747	32747
32747	32747
32747	32747
32747	32747
32747	32747
32747	32747
32747	32747
32747	32747
32747	32747
32747	32747
32747	32747
32747	32747
32747	32747
32747	32747
32747	32747
32747	32747
32747	32747
32747	32747
32747	32747
32747	32747
32747	32747
32747	32747
32747	32747
32747	32747
32747	32747
32747	32747
32747	32747
32747	32747
32747	32747
32747	32747
32747	32747
32747	32747
32747	32746
32740	32729
32710	32682
32658	32642
32641	32644
32636	32588
32452	32078
31215	29722
27976	26641
25943	25575
25292	25096
25011	24958
24882	24805
24781	24857
25059	25386
25822	26344
26904	27445
27900	28167
28078	27493
26494	25363
24374	23688
23404	23562
24069	24727
25338	25820
26197	26587
27061	27569
27925	27952
27739	27585
27657	27895
28185	28448
28660	28810
28902	28944
28958	28974
29016	29112
29292	29549
29765	29751
29442	28958
28524	28309
28253	28146
27939	27817
28079	28889
30058	31147
31868	32217
32336	32364
32395	32447
32511	32579
32637	32685
32717	32734
32734	32724
32700	32661
32586	32473
32378	32380
32456	32495
32449	32356
32278	32235
32155	31689
30050	26464
21149	15356
10487	7373
5978	5656
5779	6031
6298	6533
6668	6612
6295	5766
5219	4963
5201	5949
7008	8066
8877	9351
9515	9380
8795	7617
6124	4927
4444	4712
5615	6948
8268	9134
9675	10346
11073	11363
11298	11559
12385	13349
13969	14127
14053	14329
15820	19069
23340	26933
28765	28927
28070	26806
25370	23731
22091	21012
21151	22817
25547	28312
30295	31287
31600	31749
31992	32288
32518	32652
32708	32721
32714	32699
32684	32673
32669	32665
32660	32652
32643	32644
32652	32662
32674	32693
32716	32734
32744	32747
32747	32747
32747	32747
32747	32747
32747	32747
32747	32747
32747	32747
32747	32747
32747	32747
32747	32747
32747	32747
32747	32747
32747	32747
32747	32747
32747	32747
32747	32747
32747	32747
32747	32747
32747	32747
32747	32747
32747	32747
32747	32747
32747	32747
32747	32747
32747	32747
32747	32747
32747	32747
32747	32747
32747	32747
32747	32747
32747	32747
32747	32747
32747	32747
32747	32747
32747	32747
32747	32747
32747	32747
32747	32747
32747	32747
32747	32747
32747	32747
32747	32747
32747	32747
32747	32747
32747	32747
32747	32747
32747	32747
32747	32747
32747	32747
32747	32747
32747	32747
32747	32747
32747	32747
32747	32747
32747	32747
32747	32747
32747	32747
32747	32747
32747	32747
32747	32747
32747	32747
32747	32747
32747	32747
32747	32747
32747	32747
32747	32747
32747	32747
32747	32747
32747	32747
32747	32747
32747	32747
32747	32747
32747	32747
32747	32747
32747	32747
32747	32747
32747	32747
32747	32747
32747	32747
32747	32747
32747	32747
32747	32747
32747	32747
32747	32747
32747	32747
32747	32747
32747	32747
32747	32747
32747	32747
32747	32747
32747	32747
32747	32747
32747	32747
32747	32747
32747	32747
32747	32747
32747	32747
32747	32747
32747	32747
32747	32747
32747	32747
32747	32747
32747	32747
32747	32747
32747	32747
32747	32747
32747	32747
32747	32746
32741	32732
32712	32685
32657	32641
32641	32652
32652	32605
32447	32018
31069	29483
27679	26356
25760	25544
25403	25290
25208	25116
24967	24769
24567	24405
24330	24384
24605	25016
25600	26294
26990	27520
27641	27167
26216	25158
24292	23733
23514	23642
24028	24516
24971	25356
25733	26208
26831	27513
28039	28217
28113	28003
28062	28248
28464	28654
28792	28879
28923	28935
28930	28942
28988	29086
29261	29515
29751	29809
29590	29151
28686	28384
28249	28113
27917	27804
28029	28767
29863	30925
31673	32080
32256	32331
32381	32442
32508	32578
32637	32684
32716	32734
32738	32734
32722	32696
32637	32537
32449	32427
32444	32405
32316	32274
32300	32321
32259	31913
30660	27732
22970	17166
11749	8049
6334	5862
5863	6007
6194	6361
6427	6305
5964	5494
5096	5024
5411	6214
7234	8217
8990	9504
9765	9743
9265	8190
6731	5410
4662	4655
5391	6670
7984	8832
9337	10016
10826	11242
11294	11611
12411	13280
13843	14082
14131	14353
15555	18466
22623	26522
29082	30228
30390	30012
29265	28156
26920	26079
26132	27216
28908	30451
31381	31725
31750	31732
31833	32071
32356	32575
32684	32718
32720	32706
32689	32675
32669	32664
32656	32645
32632	32632
32643	32657
32673	32692
32716	32734
32744	32747
32747	32747
32747	32747
32747	32747
32747	32747
32747	32747
32747	32747
32747	32747
32747	32747
32747	32747
32747	32747
32747	32747
32747	32747
32747	32747
32747	32747
32747	32747
32747	32747
32747	32747
32747	32747
32747	32747
32747	32747
32747	32747
32747	32747
32747	32747
32747	32747
32747	32747
32747	32747
32747	32747
32747	32747
32747	32747
32747	32747
32747	32747
32747	32747
32747	32747
32747	32747
32747	32747
32747	32747
32747	32747
32747	32747
32747	32747
32747	32747
32747	32747
32747	32747
32747	32747
32747	32747
32747	32747
32747	32747
32747	32747
32747	32747
32747	32747
32747	32747
32747	32747
32747	32747
32747	32747
32747	32747
32747	32747
32747	32747
32747	32747
32747	32747
32747	32747
32747	32747
32747	32747
32747	32747
32747	32747
32747	32747
32747	32747
32747	32747
32747	32747
32747	32747
32747	32747
32747	32747
32747	32747
32747	32747
32747	32747
32747	32747
32747	32747
32747	32747
32747	32747
32747	32747
32747	32747
32747	32747
32747	32747
32747	32747
32747	32747
32747	32747
32747	32747
32747	32747
32747	32747
32747	32747
32747	32747
32747	32747
32747	32747
32747	32747
32747	32747
32747	32747
32747	32747
32747	32747
32747	32747
32747	32747
32747	32747
32747	32747
32747	32747
32747	32747
32747	32747
32747	32747
32747	32747
32747	32747
32747	32746
32743	32734
32716	32687
32655	32631
32627	32635
32640	32599
32430	31969
30969	29331
27501	26215
25709	25627
25608	25559
25478	25339
25110	24790
24407	24007
23661	23446
23447	23729
24300	25090
25966	26734
27126	26957
26300	25472
24725	24159
23810	23705
23807	24032
24316	24659
25123	25772
26604	27483
28179	28494
28487	28419
28467	28608
28765	28884
28956	28984
28975	28945
28916	28910
28942	29019
29157	29353
29559	29662
29546	29176
28687	28290
28049	27861
27670	27576
27796	28489
29525	30558
31341	31853
32164	32338
32437	32504
32565	32617
32662	32695
32717	32733
32737	32734
32722	32704
32661	32594
32530	32498
32449	32316
32164	32145
32263	32363
32349	32107
31183	28856
24679	18988
13166	8930
6835	6141
5997	6031
6131	6216
6197	6011
5668	5286
5061	5173
5677	6480
7405	8284
9014	9574
9942	10035
9683	8760
7391	5969
4937	4634
5179	6384
7682	8518
8992	9656
10517	11075
11300	11701
12446	13171
13638	13908
14049	14240
15213	17816
21804	25857
28890	30644
31393	31531
31281	30711
30011	29531
29553	30103
30899	31533
31830	31879
31814	31703
31674	31851
32189	32495
32657	32709
32719	32708
32689	32673
32665	32660
32652	32637
32626	32624
32633	32651
32669	32690
32715	32734
32744	32747
32747	32747
32747	32747
32747	32747
32747	32747
32747	32747
32747	32747
32747	32747
32747	32747
32747	32747
32747	32747
32747	32747
32747	32747
32747	32747
32747	32747
32747	32747
32747	32747
32747	32747
32747	32747
32747	32747
32747	32747
32747	32747
32747	32747
32747	32747
32747	32747
32747	32747
32747	32747
32747	32747
32747	32747
32747	32747
32747	32747
32747	32747
32747	32747
32747	32747
32747	32747
32747	32747
32747	32747
32747	32747
32747	32747
32747	32747
32747	32747
32747	32747
32747	32747
32747	32747
32747	32747
32747	32747
32747	32747
32747	32747
32747	32747
32747	32747
32747	32747
32747	32747
32747	32747
32747	32747
32747	32747
32747	32747
32747	32747
32747	32747
32747	32747
32747	32747
32747	32747
32747	32747
32747	32747
32747	32747
32747	32747
32747	32747
32747	32747
32747	32747
32747	32747
32747	32747
32747	32747
32747	32747
32747	32747
32747	32747
32747	32747
32747	32747
32747	32747
32747	32747
32747	32747
32747	32747
32747	32747
32747	32747
32747	32747
32747	32747
32747	32747
32747	32747
32747	32747
32747	32747
32747	32747
32747	32747
32747	32747
32747	32747
32747	32747
32747	32747
32747	32747
32747	32747
32747	32747
32747	32747
32747	32747
32747	32747
32747	32747
32747	32747
32747	32747
32747	32747
32747	32747
32747	32747
32747	32747
32747	32746
32744	32738
32723	32694
32658	32622
32604	32606
32611	32573
32407	31938
30925	29283
27463	26218
25786	25793
25857	25853
25769	25587
25284	24854
24316	23722
23160	22736
22560	22730
23264	24093
25074	26009
26668	26873
26628	26103
25461	24809
24233	23808
23568	23518
23657	24009
24604	25452
26474	27505
28301	28687
28724	28676
28715	28833
28959	29047
29084	29078
29041	28983
28928	28898
28904	28949
29033	29148
29283	29385
29324	28970
28418	27907
27576	27373
27246	27236
27498	28156
29105	30047
30814	31422
31902	32223
32398	32487
32547	32597
32634	32663
32687	32705
32715	32714
32703	32684
32657	32624
32593	32563
32477	32289
32097	32083
32241	32399
32436	32290
31632	29831
26234	20803
14781	10069
7482	6430
6084	6016
6046	6059
5973	5744
5431	5181
5152	5441
6028	6788
7577	8313
8979	9578
10052	10260
10044	9299
8058	6556
5245	4638
4992	6108
7378	8203
8664	9311
10205	10885
11265	11724
12388	13004
13425	13727
13901	14031
14822	17206
21088	25259
28594	30669
31660	32000
32005	31791
31492	31297
31318	31511
31748	31901
31954	31956
31914	31798
31719	31845
32167	32475
32645	32703
32716	32709
32691	32675
32663	32657
32647	32631
32615	32611
32619	32639
32661	32687
32714	32734
32744	32747
32747	32747
32747	32747
32747	32747
32747	32747
32747	32747
32747	32747
32747	32747
32747	32747
32747	32747
32747	32747
32747	32747
32747	32747
32747	32747
32747	32747
32747	32747
32747	32747
32747	32747
32747	32747
32747	32747
32747	32747
32747	32747
32747	32747
32747	32747
32747	32747
32747	32747
32747	32747
32747	32747
32747	32747
32747	32747
32747	32747
32747	32747
32747	32747
32747	32747
32747	32747
32747	32747
32747	32747
32747	32747
32747	32747
32747	32747
32747	32747
32747	32747
32747	32747
32747	32747
32747	32747
32747	32747
32747	32747
32747	32747
32747	32747
32747	32747
32747	32747
32747	32747
32747	32747
32747	32747
32747	32747
32747	32747
32747	32747
32747	32747
32747	32747
32747	32747
32747	32747
32747	32747
32747	32747
32747	32747
32747	32747
32747	32747
32747	32747
32747	32747
32747	32747
32747	32747
32747	32747
32747	32747
32747	32747
32747	32747
32747	32747
32747	32747
32747	32747
32747	32747
32747	32747
32747	32747
32747	32747
32747	32747
32747	32747
32747	32747
32747	32747
32747	32747
32747	32747
32747	32747
32747	32747
32747	32747
32747	32747
32747	32747
32747	32747
32747	32747
32747	32747
32747	32747
32747	32747
32747	32747
32747	32747
32747	32747
32747	32747
32747	32747
32747	32747
32747	32747
32747	32747
32747	32747
32747	32747
32747	32746
32744	32739
32727	32699
32658	32608
32571	32557
32560	32529
32372	31921
30931	29316
27535	26332
25948	26006
26103	26108
26000	25772
25410	24902
24267	23558
22872	22331
22066	22169
22673	23505
24530	25555
26388	26877
26964	26686
26135	25419
24666	23997
23506	23265
23329	23722
24438	25415
26529	27594
28380	28734
28750	28689
28725	28849
28985	29086
29133	29133
29097	29033
28960	28906
28884	28896
28924	28957
29007	29055
28951	28524
27844	27207
26824	26688
26720	26884
27244	27876
28680	29437
30081	30707
31314	31777
32040	32177
32265	32338
32400	32461
32525	32585
32635	32657
32659	32646
32629	32624
32625	32610
32526	32343
32161	32135
32274	32430
32501	32429
31983	30619
27591	22571
16563	11446
8245	6684
6077	5920
5913	5890
5765	5532
5290	5197
5371	5828
6474	7158
7784	8356
8931	9545
10110	10426
10345	9787
8694	7137
5568	4675
4836	5851
7082	7906
8382	9035
9952	10706
11149	11575
12149	12750
13267	13669
13849	13867
14477	16705
20539	24819
28349	30587
31660	32061
32170	32125
32011	31941
31946	31976
31989	32002
32027	32061
32058	31998
31959	32065
32301	32528
32654	32701
32714	32707
32693	32677
32664	32654
32641	32624
32605	32597
32604	32625
32652	32683
32713	32734
32744	32747
32747	32747
32747	32747
32747	32747
32747	32747
32747	32747
32747	32747
32747	32747
32747	32747
32747	32747
32747	32747
32747	32747
32747	32747
32747	32747
32747	32747
32747	32747
32747	32747
32747	32747
32747	32747
32747	32747
32747	32747
32747	32747
32747	32747
32747	32747
32747	32747
32747	32747
32747	32747
32747	32747
32747	32747
32747	32747
32747	32747
32747	32747
32747	32747
32747	32747
32747	32747
32747	32747
32747	32747
32747	32747
32747	32747
32747	32747
32747	32747
32747	32747
32747	32747
32747	32747
32747	32747
32747	32747
32747	32747
32747	32747
32747	32747
32747	32747
32747	32747
32747	32747
32747	32747
32747	32747
32747	32747
32747	32747
32747	32747
32747	32747
32747	32747
32747	32747
32747	32747
32747	32747
32747	32747
32747	32747
32747	32747
32747	32747
32747	32747
32747	32747
32747	32747
32747	32747
32747	32747
32747	32747
32747	32747
32747	32747
32747	32747
32747	32747
32747	32747
32747	32747
32747	32747
32747	32747
32747	32747
32747	32747
32747	32747
32747	32747
32747	32747
32747	32747
32747	32747
32747	32747
32747	32747
32747	32747
32747	32747
32747	32747
32747	32747
32747	32747
32747	32747
32747	32747
32747	32747
32747	32747
32747	32747
32747	32747
32747	32747
32747	32747
32747	32747
32747	32747
32747	32747
32747	32747
32747	32747
32747	32746
32744	32739
32728	32701
32651	32580
32510	32477
32476	32457
32320	31895
30940	29380
27661	26504
26143	26206
26294	26264
26102	25817
25410	24864
24200	23470
22767	22216
21949	22050
22545	23374
24409	25457
26338	26907
27093	26902
26408	25715
24951	24240
23708	23446
23526	23967
24736	25728
26794	27752
28408	28652
28598	28512
28554	28700
28870	29005
29089	29121
29107	29058
28989	28924
28882	28862
28838	28790
28733	28665
28431	27848
27005	26254
25863	25851
26114	26519
27033	27663
28302	28806
29224	29733
30349	30877
31205	31389
31515	31619
31723	31860
32037	32236
32416	32532
32583	32591
32590	32600
32621	32627
32574	32442
32299	32250
32320	32433
32518	32507
32222	31211
28716	24231
18450	13016
9121	6935
6017	5772
5749	5722
5606	5415
5267	5339
5706	6302
6973	7569
8033	8434
8898	9502
10128	10535
10574	10196
9255	7677
5898	4745
4708	5610
6793	7628
8148	8838
9773	10534
10939	11249
11732	12420
13183	13786
13990	13863
14264	16319
20097	24441
28101	30439
31561	32004
32184	32227
32184	32125
32097	32082
32074	32100
32143	32159
32146	32139
32188	32309
32469	32598
32671	32700
32709	32706
32697	32685
32672	32659
32643	32620
32601	32592
32597	32617
32648	32681
32713	32734
32744	32747
32747	32747
32747	32747
32747	32747
32747	32747
32747	32747
32747	32747
32747	32747
32747	32747
32747	32747
32747	32747
32747	32747
32747	32747
32747	32747
32747	32747
32747	32747
32747	32747
32747	32747
32747	32747
32747	32747
32747	32747
32747	32747
32747	32747
32747	32747
32747	32747
32747	32747
32747	32747
32747	32747
32747	32747
32747	32747
32747	32747
32747	32747
32747	32747
32747	32747
32747	32747
32747	32747
32747	32747
32747	32747
32747	32747
32747	32747
32747	32747
32747	32747
32747	32747
32747	32747
32747	32747
32747	32747
32747	32747
32747	32747
32747	32747
32747	32747
32747	32747
32747	32747
32747	32747
32747	32747
32747	32747
32747	32747
32747	32747
32747	32747
32747	32747
32747	32747
32747	32747
32747	32747
32747	32747
32747	32747
32747	32747
32747	32747
32747	32747
32747	32747
32747	32747
32747	32747
32747	32747
32747	32747
32747	32747
32747	32747
32747	32747
32747	32747
32747	32747
32747	32747
32747	32747
32747	32747
32747	32747
32747	32747
32747	32747
32747	32747
32747	32747
32747	32747
32747	32747
32747	32747
32747	32747
32747	32747
32747	32747
32747	32747
32747	32747
32747	32747
32747	32747
32747	32747
32747	32747
32747	32747
32747	32747
32747	32747
32747	32747
32747	32747
32747	32747
32747	32747
32747	32747
32747	32747
32747	32747
32747	32746
32744	32739
32727	32696
32628	32522
32414	32365
32375	32383
32257	31829
30889	29390
27760	26668
26323	26369
26417	26323
26083	25735
25287	24738
24097	23418
22780	22304
22093	22230
22733	23554
24570	25596
26428	26904
26971	26683
26158	25528
24914	24410
24086	23988
24166	24647
25386	26281
27188	27949
28416	28528
28410	28315
28373	28539
28726	28879
28975	29025
29033	29014
28974	28925
28874	28815
28716	28542
28320	28056
27632	26883
25927	25126
24757	24865
25329	25983
26706	27411
27956	28236
28374	28644
29105	29576
29908	30099
30195	30235
30310	30531
30933	31448
31942	32287
32455	32503
32518	32543
32584	32616
32603	32536
32439	32367
32361	32420
32500	32530
32353	31610
29619	25799
20463	14846
10236	7352
6064	5694
5630	5610
5544	5438
5416	5650
6174	6848
7490	7976
8294	8534
8881	9446
10111	10588
10741	10532
9759	8216
6298	4897
4618	5359
6487	7351
7923	8644
9582	10332
10685	10882
11290	12090
13128	13973
14231	13977
14152	15982
19629	23992
27772	30233
31436	31943
32201	32320
32319	32251
32188	32168
32201	32256
32279	32229
32164	32178
32299	32453
32575	32649
32683	32698
32700	32700
32697	32692
32683	32671
32651	32630
32609	32599
32602	32621
32650	32683
32713	32734
32744	32747
32747	32747
32747	32747
32747	32747
32747	32747
32747	32747
32747	32747
32747	32747
32747	32747
32747	32747
32747	32747
32747	32747
32747	32747
32747	32747
32747	32747
32747	32747
32747	32747
32747	32747
32747	32747
32747	32747
32747	32747
32747	32747
32747	32747
32747	32747
32747	32747
32747	32747
32747	32747
32747	32747
32747	32747
32747	32747
32747	32747
32747	32747
32747	32747
32747	32747
32747	32747
32747	32747
32747	32747
32747	32747
32747	32747
32747	32747
32747	32747
32747	32747
32747	32747
32747	32747
32747	32747
32747	32747
32747	32747
32747	32747
32747	32747
32747	32747
32747	32747
32747	32747
32747	32747
32747	32747
32747	32747
32747	32747
32747	32747
32747	32747
32747	32747
32747	32747
32747	32747
32747	32747
32747	32747
32747	32747
32747	32747
32747	32747
32747	32747
32747	32747
32747	32747
32747	32747
32747	32747
32747	32747
32747	32747
32747	32747
32747	32747
32747	32747
32747	32747
32747	32747
32747	32747
32747	32747
32747	32747
32747	32747
32747	32747
32747	32747
32747	32747
32747	32747
32747	32747
32747	32747
32747	32747
32747	32747
32747	32747
32747	32747
32747	32747
32747	32747
32747	32747
32747	32747
32747	32747
32747	32747
32747	32747
32747	32747
32747	32747
32747	32747
32747	32747
32747	32747
32747	32747
32747	32747
32747	32747
32747	32746
32743	32736
32717	32674
32581	32433
32289	32241
32293	32333
32195	31705
30718	29274
27784	26803
26483	26493
26494	26341
26034	25618
25123	24560
23950	23347
22819	22457
22339	22523
23031	23821
24791	25753
26492	26811
26658	26137
25460	24854
24471	24342
24422	24638
24970	25459
26113	26861
27585	28145
28439	28462
28344	28279
28354	28513
28669	28766
28816	28838
28860	28881
28895	28880
28828	28711
28481	28096
27594	27044
26407	25580
24657	23913
23577	23712
24258	25096
26065	26962
27566	27751
27668	27638
27824	28132
28400	28509
28423	28201
28065	28299
29015	30058
31113	31872
32243	32361
32390	32438
32513	32583
32611	32592
32531	32461
32413	32428
32489	32526
32406	31858
30354	27315
22648	17029
11763	8135
6403	5818
5649	5615
5629	5647
5764	6143
6774	7449
7989	8334
8515	8623
8853	9365
10049	10591
10849	10810
10232	8806
6831	5187
4581	5082
6134	7029
7636	8339
9251	10038
10463	10667
11030	11862
13044	14040
14357	14037
14026	15600
19044	23398
27355	30026
31371	31953
32256	32416
32451	32389
32316	32297
32344	32395
32388	32295
32207	32226
32361	32518
32619	32667
32687	32691
32687	32686
32686	32690
32690	32685
32672	32651
32628	32617
32618	32632
32657	32685
32713	32734
32744	32747
32747	32747
32747	32747
32747	32747
32747	32747
32747	32747
32747	32747
32747	32747
32747	32747
32747	32747
32747	32747
32747	32747
32747	32747
32747	32747
32747	32747
32747	32747
32747	32747
32747	32747
32747	32747
32747	32747
32747	32747
32747	32747
32747	32747
32747	32747
32747	32747
32747	32747
32747	32747
32747	32747
32747	32747
32747	32747
32747	32747
32747	32747
32747	32747
32747	32747
32747	32747
32747	32747
32747	32747
32747	32747
32747	32747
32747	32747
32747	32747
32747	32747
32747	32747
32747	32747
32747	32747
32747	32747
32747	32747
32747	32747
32747	32747
32747	32747
32747	32747
32747	32747
32747	32747
32747	32747
32747	32747
32747	32747
32747	32747
32747	32747
32747	32747
32747	32747
32747	32747
32747	32747
32747	32747
32747	32747
32747	32747
32747	32747
32747	32747
32747	32747
32747	32747
32747	32747
32747	32747
32747	32747
32747	32747
32747	32747
32747	32747
32747	32747
32747	32747
32747	32747
32747	32747
32747	32747
32747	32747
32747	32747
32747	32747
32747	32747
32747	32747
32747	32747
32747	32747
32747	32747
32747	32747
32747	32747
32747	32747
32747	32747
32747	32747
32747	32747
32747	32747
32747	32747
32747	32747
32747	32747
32747	32747
32747	32747
32747	32747
32747	32747
32747	32747
32747	32747
32747	32747
32747	32747
32747	32747
32747	32746
32740	32729
32703	32644
32524	32340
32173	32144
32245	32320
32140	31537
30458	29065
27742	26907
26622	26603
26556	26362
26011	25532
24962	24337
23709	23149
22730	22507
22527	22816
23367	24134
25017	25853
26433	26554
26155	25365
24491	23884
23749	24052
24598	25167
25670	26166
26718	27325
27889	28289
28466	28467
28410	28415
28508	28626
28696	28690
28641	28605
28621	28684
28751	28774
28712	28517
28111	27439
26581	25715
24911	24124
23368	22770
22459	22528
23032	23962
25153	26298
27066	27279
27072	26814
26759	26910
27089	27045
26633	25942
25387	25502
26509	28168
29927	31243
31923	32163
32238	32320
32443	32552
32606	32612
32579	32525
32477	32472
32506	32525
32427	32026
30966	28739
24868	19445
13688	9354
7083	6174
5850	5797
5890	6020
6248	6726
7403	8022
8418	8619
8681	8687
8822	9274
9945	10528
10881	11006
10644	9405
7461	5601
4627	4831
5769	6665
7273	7910
8769	9655
10294	10640
10991	11752
12900	13924
14288	13968
13838	15161
18367	22698
26870	29822
31359	32015
32325	32483
32535	32504
32450	32428
32449	32468
32445	32371
32310	32332
32437	32554
32634	32672
32685	32681
32671	32665
32669	32678
32689	32694
32691	32674
32655	32640
32636	32645
32663	32687
32714	32734
32744	32747
32747	32747
32747	32747
32747	32747
32747	32747
32747	32747
32747	32747
32747	32747
32747	32747
32747	32747
32747	32747
32747	32747
32747	32747
32747	32747
32747	32747
32747	32747
32747	32747
32747	32747
32747	32747
32747	32747
32747	32747
32747	32747
32747	32747
32747	32747
32747	32747
32747	32747
32747	32747
32747	32747
32747	32747
32747	32747
32747	32747
32747	32747
32747	32747
32747	32747
32747	32747
32747	32747
32747	32747
32747	32747
32747	32747
32747	32747
32747	32747
32747	32747
32747	32747
32747	32747
32747	32747
32747	32747
32747	32747
32747	32747
32747	32747
32747	32747
32747	32747
32747	32747
32747	32747
32747	32747
32747	32747
32747	32747
32747	32747
32747	32747
32747	32747
32747	32747
32747	32747
32747	32747
32747	32747
32747	32747
32747	32747
32747	32747
32747	32747
32747	32747
32747	32747
32747	32747
32747	32747
32747	32747
32747	32747
32747	32747
32747	32747
32747	32747
32747	32747
32747	32747
32747	32747
32747	32747
32747	32747
32747	32747
32747	32747
32747	32747
32747	32747
32747	32747
32747	32747
32747	32747
32747	32747
32747	32747
32747	32747
32747	32747
32747	32747
32747	32747
32747	32747
32747	32747
32747	32747
32747	32747
32747	32747
32747	32747
32747	32747
32747	32747
32747	32747
32747	32747
32747	32747
32747	32747
32747	32747
32747	32745
32739	32722
32687	32615
32481	32280
32114	32101
32233	32308
32073	31357
30197	28856
27698	27002
26758	26712
26626	26400
26012	25470
24804	24066
23343	22760
22411	22348
22593	23103
23802	24589
25351	25969
26270	26096
25424	24421
23452	22925
23049	23727
24662	25517
26163	26667
27149	27641
28076	28347
28439	28456
28488	28570
28670	28731
28707	28599
28461	28374
28383	28470
28569	28599
28504	28220
27642	26686
25503	24389
23520	22853
22309	21863
21574	21559
21981	22927
24247	25553
26437	26689
26453	26119
26002	26130
26271	26065
25284	24058
22975	22817
23949	26087
28492	30390
31466	31924
32108	32248
32404	32534
32599	32610
32589	32556
32520	32512
32526	32529
32449	32173
31485	29941
26831	21784
15835	10922
8017	6691
6218	6169
6305	6471
6732	7233
7901	8455
8743	8833
8811	8747
8815	9202
9822	10394
10805	11071
10916	9894
8049	6062
4787	4695
5461	6300
6857	7414
8238	9254
10146	10674
11034	11690
12729	13718
14120	13838
13637	14746
17716	21996
26350	29569
31311	32057
32372	32518
32580	32577
32546	32518
32509	32496
32471	32431
32411	32434
32502	32577
32637	32670
32679	32670
32657	32648
32651	32666
32683	32700
32706	32694
32673	32655
32646	32650
32666	32687
32714	32734
32744	32747
32747	32747
32747	32747
32747	32747
32747	32747
32747	32747
32747	32747
32747	32747
32747	32747
32747	32747
32747	32747
32747	32747
32747	32747
32747	32747
32747	32747
32747	32747
32747	32747
32747	32747
32747	32747
32747	32747
32747	32747
32747	32747
32747	32747
32747	32747
32747	32747
32747	32747
32747	32747
32747	32747
32747	32747
32747	32747
32747	32747
32747	32747
32747	32747
32747	32747
32747	32747
32747	32747
32747	32747
32747	32747
32747	32747
32747	32747
32747	32747
32747	32747
32747	32747
32747	32747
32747	32747
32747	32747
32747	32747
32747	32747
32747	32747
32747	32747
32747	32747
32747	32747
32747	32747
32747	32747
32747	32747
32747	32747
32747	32747
32747	32747
32747	32747
32747	32747
32747	32747
32747	32747
32747	32747
32747	32747
32747	32747
32747	32747
32747	32747
32747	32747
32747	32747
32747	32747
32747	32747
32747	32747
32747	32747
32747	32747
32747	32747
32747	32747
32747	32747
32747	32747
32747	32747
32747	32747
32747	32747
32747	32747
32747	32747
32747	32747
32747	32747
32747	32747
32747	32747
32747	32747
32747	32747
32747	32747
32747	32747
32747	32747
32747	32747
32747	32747
32747	32747
32747	32747
32747	32747
32747	32747
32747	32747
32747	32747
32747	32747
32747	32747
32747	32747
32747	32747
32747	32747
32747	32747
32747	32747
32747	32745
32736	32717
32676	32600
32466	32279
32129	32127
32239	32272
31964	31165
29973	28701
27681	27096
26882	26803
26663	26382
25945	25356
24627	23806
22997	22359
22038	22129
22619	23409
24320	25160
25789	26117
26049	25516
24577	23478
22585	22255
22634	23573
24734	25759
26497	27025
27467	27873
28189	28331
28345	28374
28487	28630
28721	28718
28615	28438
28258	28153
28158	28245
28330	28332
28183	27813
27090	25925
24525	23301
22479	21975
21611	21277
21002	20941
21310	22235
23563	24875
25742	25958
25694	25384
25337	25550
25715	25397
24322	22643
21075	20581
21662	24054
26926	29343
30861	31631
31997	32221
32404	32532
32592	32599
32587	32561
32540	32535
32540	32536
32485	32319
31904	30853
28378	23881
18084	12773
9171	7332
6711	6683
6810	6936
7151	7602
8214	8718
8965	9007
8937	8832
8859	9169
9693	10197
10619	10995
11028	10222
8519	6502
5029	4676
5226	5926
6407	6904
7725	8871
9984	10672
11051	11618
12566	13526
13973	13741
13500	14425
17168	21357
25811	29241
31177	32037
32385	32535
32598	32614
32595	32564
32535	32507
32480	32464
32463	32487
32531	32586
32637	32667
32678	32667
32653	32641
32644	32659
32682	32701
32712	32703
32682	32661
32648	32650
32664	32687
32714	32734
32744	32747
32747	32747
32747	32747
32747	32747
32747	32747
32747	32747
32747	32747
32747	32747
32747	32747
32747	32747
32747	32747
32747	32747
32747	32747
32747	32747
32747	32747
32747	32747
32747	32747
32747	32747
32747	32747
32747	32747
32747	32747
32747	32747
32747	32747
32747	32747
32747	32747
32747	32747
32747	32747
32747	32747
32747	32747
32747	32747
32747	32747
32747	32747
32747	32747
32747	32747
32747	32747
32747	32747
32747	32747
32747	32747
32747	32747
32747	32747
32747	32747
32747	32747
32747	32747
32747	32747
32747	32747
32747	32747
32747	32747
32747	32747
32747	32747
32747	32747
32747	32747
32747	32747
32747	32747
32747	32747
32747	32747
32747	32747
32747	32747
32747	32747
32747	32747
32747	32747
32747	32747
32747	32747
32747	32747
32747	32747
32747	32747
32747	32747
32747	32747
32747	32747
32747	32747
32747	32747
32747	32747
32747	32747
32747	32747
32747	32747
32747	32747
32747	32747
32747	32747
32747	32747
32747	32747
32747	32747
32747	32747
32747	32747
32747	32747
32747	32747
32747	32747
32747	32747
32747	32747
32747	32747
32747	32747
32747	32747
32747	32747
32747	32747
32747	32747
32747	32747
32747	32747
32747	32747
32747	32747
32747	32747
32747	32747
32747	32747
32747	32747
32747	32747
32747	32747
32747	32747
32747	32747
32747	32747
32747	32747
32747	32744
32735	32715
32672	32598
32479	32325
32207	32202
32262	32198
31792	30933
29753	28575
27680	27181
26973	26843
26614	26228
25708	25105
24429	23667
22887	22246
21941	22111
22760	23739
24792	25653
26145	26207
25813	24979
23871	22795
22093	22009
22592	23672
24918	26004
26793	27344
27764	28094
28283	28294
28224	28252
28417	28587
28646	28574
28403	28190
28003	27902
27907	27973
28021	27962
27741	27292
26470	25179
23684	22474
21774	21436
21209	20947
20693	20629
20983	21874
23132	24329
25055	25133
24766	24408
24372	24636
24844	24498
23283	21358
19497	18760
19741	22236
25398	28216
30146	31260
31854	32191
32404	32528
32581	32587
32573	32555
32547	32545
32549	32547
32521	32438
32207	31498
29577	25769
20424	14910
10599	8136
7277	7211
7301	7367
7518	7884
8411	8874
9124	9165
9077	8962
8961	9188
9580	9979
10384	10839
11036	10426
8878	6890
5287	4692
4989	5512
5903	6359
7201	8483
9799	10636
11036	11545
12427	13386
13893	13730
13463	14217
16721	20771
25268	28863
30980	31968
32371	32537
32611	32632
32618	32588
32549	32518
32495	32485
32489	32511
32546	32593
32639	32670
32678	32668
32651	32639
32642	32657
32681	32703
32714	32706
32685	32665
32651	32651
32667	32688
32715	32734
32744	32747
32747	32747
32747	32747
32747	32747
32747	32747
32747	32747
32747	32747
32747	32747
32747	32747
32747	32747
32747	32747
32747	32747
32747	32747
32747	32747
32747	32747
32747	32747
32747	32747
32747	32747
32747	32747
32747	32747
32747	32747
32747	32747
32747	32747
32747	32747
32747	32747
32747	32747
32747	32747
32747	32747
32747	32747
32747	32747
32747	32747
32747	32747
32747	32747
32747	32747
32747	32747
32747	32747
32747	32747
32747	32747
32747	32747
32747	32747
32747	32747
32747	32747
32747	32747
32747	32747
32747	32747
32747	32747
32747	32747
32747	32747
32747	32747
32747	32747
32747	32747
32747	32747
32747	32747
32747	32747
32747	32747
32747	32747
32747	32747
32747	32747
32747	32747
32747	32747
32747	32747
32747	32747
32747	32747
32747	32747
32747	32747
32747	32747
32747	32747
32747	32747
32747	32747
32747	32747
32747	32747
32747	32747
32747	32747
32747	32747
32747	32747
32747	32747
32747	32747
32747	32747
32747	32747
32747	32747
32747	32747
32747	32747
32747	32747
32747	32747
32747	32747
32747	32747
32747	32747
32747	32747
32747	32747
32747	32747
32747	32747
32747	32747
32747	32747
32747	32747
32747	32747
32747	32747
32747	32747
32747	32747
32747	32747
32747	32747
32747	32747
32747	32747
32747	32747
32747	32747
32747	32747
32747	32747
32747	32747
32747	32745
32736	32717
32675	32607
32506	32393
32313	32303
32291	32102
31572	30659
29522	28451
27671	27225
26998	26790
26442	25916
25296	24721
24199	23637
23013	22456
22176	22357
23025	24032
25090	25900
26269	26150
25561	24590
23459	22510
22023	22143
22848	23959
25194	26278
27089	27665
28072	28328
28398	28287
28136	28145
28326	28488
28495	28345
28112	27877
27698	27615
27617	27654
27645	27512
27212	26689
25798	24464
22971	21844
21292	21096
20958	20738
20503	20461
20827	21679
22819	23831
24335	24198
23638	23101
22929	23154
23416	23164
22028	20142
18272	17490
18427	20937
24209	27235
29443	30831
31641	32104
32367	32501
32552	32559
32553	32549
32552	32557
32558	32554
32539	32508
32389	31926
30512	27479
22784	17275
12328	9154
7871	7634
7663	7712
7844	8139
8568	8976
9237	9306
9235	9132
9116	9253
9505	9786
10157	10667
10990	10552
9149	7200
5483	4652
4686	5034
5350	5782
6655	8073
9596	10591
11026	11488
12321	13289
13877	13804
13533	14117
16353	20222
24724	28459
30752	31874
32350	32541
32619	32648
32636	32607
32570	32539
32519	32512
32519	32538
32569	32608
32646	32673
32679	32671
32657	32646
32647	32663
32683	32705
32714	32707
32688	32669
32658	32661
32674	32697
32719	32736
32744	32747
32747	32747
32747	32747
32747	32747
32747	32747
32747	32747
32747	32747
32747	32747
32747	32747
32747	32747
32747	32747
32747	32747
32747	32747
32747	32747
32747	32747
32747	32747
32747	32747
32747	32747
32747	32747
32747	32747
32747	32747
32747	32747
32747	32747
32747	32747
32747	32747
32747	32747
32747	32747
32747	32747
32747	32747
32747	32747
32747	32747
32747	32747
32747	32747
32747	32747
32747	32747
32747	32747
32747	32747
32747	32747
32747	32747
32747	32747
32747	32747
32747	32747
32747	32747
32747	32747
32747	32747
32747	32747
32747	32747
32747	32747
32747	32747
32747	32747
32747	32747
32747	32747
32747	32747
32747	32747
32747	32747
32747	32747
32747	32747
32747	32747
32747	32747
32747	32747
32747	32747
32747	32747
32747	32747
32747	32747
32747	32747
32747	32747
32747	32747
32747	32747
32747	32747
32747	32747
32747	32747
32747	32747
32747	32747
32747	32747
32747	32747
32747	32747
32747	32747
32747	32747
32747	32747
32747	32747
32747	32747
32747	32747
32747	32747
32747	32747
32747	32747
32747	32747
32747	32747
32747	32747
32747	32747
32747	32747
32747	32747
32747	32747
32747	32747
32747	32747
32747	32747
32747	32747
32747	32747
32747	32747
32747	32747
32747	32747
32747	32747
32747	32747
32747	32747
32747	32747
32747	32747
32747	32747
32747	32747
32747	32745
32738	32719
32679	32611
32527	32450
32410	32398
32314	31998
31348	30388
29295	28325
27631	27201
26921	26615
26151	25504
24814	24271
23897	23532
23096	22673
22460	22645
23273	24206
25173	25880
26141	25930
25285	24327
23305	22530
22237	22488
23223	24282
25446	26501
27336	27948
28357	28556
28531	28325
28111	28091
28252	28375
28310	28088
27805	27553
27389	27322
27323	27328
27259	27052
26674	26087
25162	23833
22399	21379
20947	20833
20722	20501
20275	20264
20649	21452
22439	23207
23432	23033
22240	21481
21137	21307
21681	21676
20871	19336
17763	17142
18085	20482
23621	26591
28849	30372
31341	31933
32270	32435
32496	32515
32530	32548
32564	32570
32567	32556
32542	32522
32462	32178
31213	28948
25013	19720
14329	10411
8489	7893
7826	7923
8103	8363
8693	9029
9292	9410
9398	9337
9315	9371
9488	9663
9992	10525
10927	10608
9323	7402
5575	4516
4309	4505
4776	5201
6108	7654
9379	10530
11015	11448
12243	13226
13902	13943
13696	14112
16057	19704
24170	28027
30501	31768
32321	32541
32629	32661
32655	32631
32600	32573
32556	32554
32562	32580
32605	32636
32665	32686
32690	32684
32672	32663
32663	32674
32691	32709
32715	32707
32689	32673
32667	32671
32686	32706
32725	32738
32745	32747
32747	32747
32747	32747
32747	32747
32747	32747
32747	32747
32747	32747
32747	32747
32747	32747
32747	32747
32747	32747
32747	32747
32747	32747
32747	32747
32747	32747
32747	32747
32747	32747
32747	32747
32747	32747
32747	32747
32747	32747
32747	32747
32747	32747
32747	32747
32747	32747
32747	32747
32747	32747
32747	32747
32747	32747
32747	32747
32747	32747
32747	32747
32747	32747
32747	32747
32747	32747
32747	32747
32747	32747
32747	32747
32747	32747
32747	32747
32747	32747
32747	32747
32747	32747
32747	32747
32747	32747
32747	32747
32747	32747
32747	32747
32747	32747
32747	32747
32747	32747
32747	32747
32747	32747
32747	32747
32747	32747
32747	32747
32747	32747
32747	32747
32747	32747
32747	32747
32747	32747
32747	32747
32747	32747
32747	32747
32747	32747
32747	32747
32747	32747
32747	32747
32747	32747
32747	32747
32747	32747
32747	32747
32747	32747
32747	32747
32747	32747
32747	32747
32747	32747
32747	32747
32747	32747
32747	32747
32747	32747
32747	32747
32747	32747
32747	32747
32747	32747
32747	32747
32747	32747
32747	32747
32747	32747
32747	32747
32747	32747
32747	32747
32747	32747
32747	32747
32747	32747
32747	32747
32747	32747
32747	32747
32747	32747
32747	32747
32747	32747
32747	32747
32747	32747
32747	32747
32747	32747
32747	32747
32747	32747
32747	32746
32740	32723
32682	32609
32531	32482
32479	32464
32317	31892
31139	30145
29092	28189
27534	27080
26712	26306
25758	25064
24358	23821
23477	23181
22852	22564
22483	22751
23391	24258
25116	25700
25868	25609
24985	24118
23251	22663
22522	22844
23549	24517
25596	26625
27497	28153
28571	28727
28631	28366
28120	28080
28213	28280
28149	27863
27546	27292
27149	27101
27106	27078
26949	26664
26218	25586
24659	23375
22027	21094
20713	20587
20418	20140
19897	19904
20302	21027
21815	22292
22199	21529
20526	19611
19170	19366
19942	20330
20074	19147
18086	17740
18652	20760
23496	26116
28199	29729
30833	31599
32079	32326
32427	32474
32517	32554
32579	32584
32577	32558
32534	32508
32467	32302
31699	30112
26953	22092
16530	11932
9193	8036
7811	7992
8278	8539
8777	9030
9281	9466
9551	9564
9550	9538
9548	9636
9918	10436
10853	10604
9398	7498
5568	4307
3888	3972
4231	4665
5592	7236
9129	10428
10974	11393
12160	13161
13929	14103
13912	14177
15816	19202
23593	27555
30213	31641
32284	32539
32637	32670
32670	32656
32635	32616
32603	32602
32611	32626
32645	32665
32684	32696
32699	32692
32684	32680
32680	32687
32700	32713
32717	32709
32691	32677
32674	32683
32699	32717
32733	32742
32746	32747
32747	32747
32747	32747
32747	32747
32747	32747
32747	32747
32747	32747
32747	32747
32747	32747
32747	32747
32747	32747
32747	32747
32747	32747
32747	32747
32747	32747
32747	32747
32747	32747
32747	32747
32747	32747
32747	32747
32747	32747
32747	32747
32747	32747
32747	32747
32747	32747
32747	32747
32747	32747
32747	32747
32747	32747
32747	32747
32747	32747
32747	32747
32747	32747
32747	32747
32747	32747
32747	32747
32747	32747
32747	32747
32747	32747
32747	32747
32747	32747
32747	32747
32747	32747
32747	32747
32747	32747
32747	32747
32747	32747
32747	32747
32747	32747
32747	32747
32747	32747
32747	32747
32747	32747
32747	32747
32747	32747
32747	32747
32747	32747
32747	32747
32747	32747
32747	32747
32747	32747
32747	32747
32747	32747
32747	32747
32747	32747
32747	32747
32747	32747
32747	32747
32747	32747
32747	32747
32747	32747
32747	32747
32747	32747
32747	32747
32747	32747
32747	32747
32747	32747
32747	32747
32747	32747
32747	32747
32747	32747
32747	32747
32747	32747
32747	32747
32747	32747
32747	32747
32747	32747
32747	32747
32747	32747
32747	32747
32747	32747
32747	32747
32747	32747
32747	32747
32747	32747
32747	32747
32747	32747
32747	32747
32747	32747
32747	32747
32747	32747
32747	32747
32747	32747
32747	32747
32747	32747
32747	32747
32747	32747
32747	32746
32742	32726
32681	32600
32519	32487
32503	32482
32281	31770
30942	29922
28899	28028
27359	26831
26360	25864
25286	24626
23953	23379
22928	22545
22225	22071
22193	22661
23418	24288
25056	25520
25591	25292
24692	23914
23175	22738
22724	23097
23768	24661
25673	26693
27594	28275
28670	28769
28612	28322
28090	28070
28193	28225
28044	27723
27396	27160
27045	27023
27026	26968
26780	26433
25938	25290
24388	23187
21932	21052
20634	20394
20074	19678
19377	19383
19760	20370
20915	21058
20631	19703
18555	17580
17161	17478
18324	19187
19585	19367
18885	18796
19563	21184
23274	25334
27102	28613
29916	30974
31723	32154
32352	32443
32512	32563
32590	32591
32580	32555
32524	32490
32455	32364
32015	30955
28515	24272
18855	13749
10114	8239
7746	7972
8365	8649
8816	8982
9213	9466
9670	9778
9789	9742
9688	9714
9949	10414
10793	10556
9409	7534
5537	4109
3507	3500
3756	4199
5125	6821
8831	10250
10862	11285
12038	13056
13917	14240
14125	14262
15597	18690
22964	27011
29871	31487
32240	32535
32644	32680
32689	32683
32672	32659
32650	32650
32657	32666
32678	32690
32700	32704
32704	32700
32697	32695
32697	32702
32711	32720
32721	32711
32692	32679
32677	32690
32708	32726
32738	32744
32746	32747
32747	32747
32747	32747
32747	32747
32747	32747
32747	32747
32747	32747
32747	32747
32747	32747
32747	32747
32747	32747
32747	32747
32747	32747
32747	32747
32747	32747
32747	32747
32747	32747
32747	32747
32747	32747
32747	32747
32747	32747
32747	32747
32747	32747
32747	32747
32747	32747
32747	32747
32747	32747
32747	32747
32747	32747
32747	32747
32747	32747
32747	32747
32747	32747
32747	32747
32747	32747
32747	32747
32747	32747
32747	32747
32747	32747
32747	32747
32747	32747
32747	32747
32747	32747
32747	32747
32747	32747
32747	32747
32747	32747
32747	32747
32747	32747
32747	32747
32747	32747
32747	32747
32747	32747
32747	32747
32747	32747
32747	32747
32747	32747
32747	32747
32747	32747
32747	32747
32747	32747
32747	32747
32747	32747
32747	32747
32747	32747
32747	32747
32747	32747
32747	32747
32747	32747
32747	32747
32747	32747
32747	32747
32747	32747
32747	32747
32747	32747
32747	32747
32747	32747
32747	32747
32747	32747
32747	32747
32747	32747
32747	32747
32747	32747
32747	32747
32747	32747
32747	32747
32747	32747
32747	32747
32747	32747
32747	32747
32747	32747
32747	32747
32747	32747
32747	32747
32747	32747
32747	32747
32747	32747
32747	32747
32747	32747
32747	32747
32747	32747
32747	32747
32747	32747
32747	32747
32747	32747
32747	32747
32747	32747
32747	32746
32742	32725
32676	32588
32500	32471
32489	32450
32195	31609
30722	29688
28682	27811
27086	26454
25868	25302
24742	24149
23530	22913
22333	21841
21533	21541
21922	22643
23554	24447
25120	25450
25411	25065
24479	23756
23103	22785
22887	23325
23991	24837
25807	26802
27683	28314
28618	28608
28380	28096
27931	27994
28170	28214
28019	27692
27379	27178
27104	27106
27108	27018
26780	26386
25870	25236
24412	23335
22204	21352
20832	20387
19847	19274
18885	18845
19156	19597
19858	19656
18914	17781
16549	15583
15229	15677
16780	18089
19099	19530
19544	19607
20100	21102
22436	23864
25308	26848
28457	29948
31111	31844
32216	32394
32499	32563
32589	32586
32569	32548
32522	32494
32464	32412
32211	31521
29704	26198
21222	15859
11401	8723
7822	7969
8398	8695
8807	8898
9106	9419
9741	9949
10005	9954
9879	9877
10065	10452
10763	10515
9418	7589
5564	4007
3243	3143
3388	3822
4722	6419
8489	9987
10662	11106
11854	12888
13834	14305
14289	14322
15357	18137
22259	26380
29463	31298
32178	32525
32646	32690
32701	32703
32698	32690
32683	32682
32684	32690
32695	32701
32704	32707
32706	32705
32702	32703
32707	32712
32721	32728
32725	32712
32692	32679
32678	32691
32714	32731
32741	32745
32747	32747
32747	32747
32747	32747
32747	32747
32747	32747
32747	32747
32747	32747
32747	32747
32747	32747
32747	32747
32747	32747
32747	32747
32747	32747
32747	32747
32747	32747
32747	32747
32747	32747
32747	32747
32747	32747
32747	32747
32747	32747
32747	32747
32747	32747
32747	32747
32747	32747
32747	32747
32747	32747
32747	32747
32747	32747
32747	32747
32747	32747
32747	32747
32747	32747
32747	32747
32747	32747
32747	32747
32747	32747
32747	32747
32747	32747
32747	32747
32747	32747
32747	32747
32747	32747
32747	32747
32747	32747
32747	32747
32747	32747
32747	32747
32747	32747
32747	32747
32747	32747
32747	32747
32747	32747
32747	32747
32747	32747
32747	32747
32747	32747
32747	32747
32747	32747
32747	32747
32747	32747
32747	32747
32747	32747
32747	32747
32747	32747
32747	32747
32747	32747
32747	32747
32747	32747
32747	32747
32747	32747
32747	32747
32747	32747
32747	32747
32747	32747
32747	32747
32747	32747
32747	32747
32747	32747
32747	32747
32747	32747
32747	32747
32747	32747
32747	32747
32747	32747
32747	32747
32747	32747
32747	32747
32747	32747
32747	32747
32747	32747
32747	32747
32747	32747
32747	32747
32747	32747
32747	32747
32747	32747
32747	32747
32747	32747
32747	32747
32747	32747
32747	32747
32747	32747
32747	32747
32747	32747
32747	32747
32747	32747
32747	32746
32741	32722
32668	32571
32475	32437
32436	32351
32025	31363
30421	29381
28391	27501
26702	25953
25267	24669
24138	23607
23036	22434
21869	21450
21306	21546
22175	23073
24034	24840
25345	25498
25346	24965
24411	23751
23183	22978
23204	23727
24414	25227
26131	27043
27804	28267
28375	28199
27891	27645
27613	27828
28119	28228
28058	27752
27476	27324
27295	27322
27318	27196
26919	26501
25991	25413
24708	23818
22862	22055
21409	20725
19926	19158
18650	18531
18722	18947
18896	18366
17367	16105
14853	13898
13553	14033
15266	16856
18283	19168
19500	19592
19759	20159
20806	21687
22887	24518
26487	28478
30140	31271
31905	32239
32434	32536
32568	32559
32539	32528
32527	32523
32508	32473
32345	31885
30579	27850
23541	18225
13159	9695
8226	8096
8429	8689
8755	8799
8985	9340
9753	10054
10169	10150
10094	10092
10244	10550
10779	10522
9498	7759
5752	4090
3165	2942
3140	3550
4408	6067
8131	9666
10391	10871
11624	12662
13668	14270
14361	14319
15078	17527
21468	25659
28989	31075
32100	32504
32644	32693
32708	32711
32707	32701
32689	32684
32681	32685
32688	32693
32699	32702
32703	32704
32705	32707
32712	32719
32727	32729
32726	32713
32693	32679
32680	32694
32715	32732
32742	32746
32747	32747
32747	32747
32747	32747
32747	32747
32747	32747
32747	32747
32747	32747
32747	32747
32747	32747
32747	32747
32747	32747
32747	32747
32747	32747
32747	32747
32747	32747
32747	32747
32747	32747
32747	32747
32747	32747
32747	32747
32747	32747
32747	32747
32747	32747
32747	32747
32747	32747
32747	32747
32747	32747
32747	32747
32747	32747
32747	32747
32747	32747
32747	32747
32747	32747
32747	32747
32747	32747
32747	32747
32747	32747
32747	32747
32747	32747
32747	32747
32747	32747
32747	32747
32747	32747
32747	32747
32747	32747
32747	32747
32747	32747
32747	32747
32747	32747
32747	32747
32747	32747
32747	32747
32747	32747
32747	32747
32747	32747
32747	32747
32747	32747
32747	32747
32747	32747
32747	32747
32747	32747
32747	32747
32747	32747
32747	32747
32747	32747
32747	32747
32747	32747
32747	32747
32747	32747
32747	32747
32747	32747
32747	32747
32747	32747
32747	32747
32747	32747
32747	32747
32747	32747
32747	32747
32747	32747
32747	32747
32747	32747
32747	32747
32747	32747
32747	32747
32747	32747
32747	32747
32747	32747
32747	32747
32747	32747
32747	32747
32747	32747
32747	32747
32747	32747
32747	32747
32747	32747
32747	32747
32747	32747
32747	32747
32747	32747
32747	32747
32747	32747
32747	32747
32747	32747
32747	32747
32747	32747
32747	32747
32747	32747
32747	32746
32739	32715
32657	32556
32452	32395
32351	32193
31767	31008
30009	28966
27991	27085
26204	25359
24611	24018
23545	23085
22593	22133
21806	21695
21871	22378
23153	24041
24855	25421
25668	25620
25363	24977
24494	23940
23507	23449
23814	24426
25131	25893
26682	27411
27933	28108
27930	27548
27178	27031
27197	27615
28049	28237
28118	27854
27634	27539
27558	27608
27593	27440
27134	26708
26227	25735
25192	24535
23799	23070
22317	21406
20364	19409
18775	18547
18584	18563
18204	17395
16233	14952
13753	12810
12383	12742
13892	15493
17039	18095
18542	18584
18493	18459
18631	19150
20202	21922
24187	26605
28735	30297
31284	31886
32266	32469
32533	32517
32492	32496
32532	32563
32568	32543
32444	32115
31207	29213
25694	20724
15378	11246
9070	8424
8487	8636
8669	8693
8876	9252
9715	10077
10259	10300
10292	10316
10449	10687
10850	10614
9706	8105
6151	4406
3295	2907
3013	3385
4210	5813
7825	9353
10114	10637
11397	12420
13440	14141
14334	14247
14759	16883
20619	24869
28463	30821
32005	32469
32633	32688
32704	32704
32698	32684
32670	32659
32654	32654
32659	32671
32683	32692
32699	32703
32707	32710
32714	32720
32724	32726
32721	32709
32691	32683
32683	32696
32717	32734
32743	32746
32747	32747
32747	32747
32747	32747
32747	32747
32747	32747
32747	32747
32747	32747
32747	32747
32747	32747
32747	32747
32747	32747
32747	32747
32747	32747
32747	32747
32747	32747
32747	32747
32747	32747
32747	32747
32747	32747
32747	32747
32747	32747
32747	32747
32747	32747
32747	32747
32747	32747
32747	32747
32747	32747
32747	32747
32747	32747
32747	32747
32747	32747
32747	32747
32747	32747
32747	32747
32747	32747
32747	32747
32747	32747
32747	32747
32747	32747
32747	32747
32747	32747
32747	32747
32747	32747
32747	32747
32747	32747
32747	32747
32747	32747
32747	32747
32747	32747
32747	32747
32747	32747
32747	32747
32747	32747
32747	32747
32747	32747
32747	32747
32747	32747
32747	32747
32747	32747
32747	32747
32747	32747
32747	32747
32747	32747
32747	32747
32747	32747
32747	32747
32747	32747
32747	32747
32747	32747
32747	32747
32747	32747
32747	32747
32747	32747
32747	32747
32747	32747
32747	32747
32747	32747
32747	32747
32747	32747
32747	32747
32747	32747
32747	32747
32747	32747
32747	32747
32747	32747
32747	32747
32747	32747
32747	32747
32747	32747
32747	32747
32747	32747
32747	32747
32747	32747
32747	32747
32747	32747
32747	32747
32747	32747
32747	32747
32747	32747
32747	32747
32747	32747
32747	32747
32746	32746
32745	32745
32745	32745
32745	32745
32745	32745
32745	32743
32734	32706
32643	32535
32423	32338
32234	31969
31411	30538
29478	28431
27479	26558
25622	24712
23949	23422
23083	22774
22478	22308
22369	22666
23175	23843
24579	25255
25751	25986
25957	25738
25412	25050
24655	24259
24022	24157
24673	25365
26064	26733
27340	27805
27992	27803
27305	26734
26373	26409
26834	27453
27986	28211
28130	27926
27776	27751
27816	27881
27852	27669
27339	26921
26490	26098
25722	25301
24788	24154
23326	22241
21012	19910
19167	18829
18699	18436
17805	16791
15575	14396
13357	12482
11950	12062
12899	14202
15521	16441
16826	16812
16617	16425
16404	16754
17706	19423
21795	24433
26888	28850
30268	31268
31959	32350
32488	32481
32451	32466
32531	32594
32618	32600
32508	32252
31635	30268
27557	23188
17926	13316
10349	8975
8587	8548
8549	8596
8797	9174
9631	10023
10271	10393
10456	10517
10642	10834
10966	10791
10046	8633
6770	4951
3630	3028
3001	3332
4146	5704
7639	9126
9909	10470
11231	12206
13197	13954
14238	14125
14428	16244
19770	24062
27921	30549
31896	32426
32612	32675
32695	32690
32675	32655
32634	32616
32610	32613
32623	32640
32658	32677
32691	32702
32708	32710
32712	32712
32713	32712
32709	32702
32694	32688
32692	32704
32721	32736
32744	32747
32747	32747
32747	32747
32747	32747
32747	32747
32747	32747
32747	32747
32747	32747
32747	32747
32747	32747
32747	32747
32747	32747
32747	32747
32747	32747
32747	32747
32747	32747
32747	32747
32747	32747
32747	32747
32747	32747
32747	32747
32747	32747
32747	32747
32747	32747
32747	32747
32747	32747
32747	32747
32747	32747
32747	32747
32747	32747
32747	32747
32747	32747
32747	32747
32747	32747
32747	32747
32747	32747
32747	32747
32747	32747
32747	32747
32747	32747
32747	32747
32747	32747
32747	32747
32747	32747
32747	32747
32747	32747
32747	32747
32747	32747
32747	32747
32747	32747
32747	32747
32747	32747
32747	32747
32747	32747
32747	32747
32747	32747
32747	32747
32747	32747
32747	32747
32747	32747
32747	32747
32747	32747
32747	32747
32747	32747
32747	32747
32747	32747
32747	32747
32747	32747
32747	32747
32747	32747
32747	32747
32747	32747
32747	32747
32747	32747
32747	32747
32747	32747
32747	32747
32747	32747
32747	32747
32747	32747
32747	32747
32747	32747
32747	32747
32747	32747
32747	32747
32747	32747
32747	32747
32747	32747
32747	32747
32747	32747
32747	32747
32747	32747
32747	32747
32747	32747
32747	32747
32747	32747
32747	32747
32747	32747
32747	32747
32747	32747
32747	32747
32747	32747
32747	32747
32745	32743
32742	32742
32741	32741
32741	32742
32742	32743
32742	32739
32726	32695
32624	32510
32383	32263
32083	31690
30979	29982
28863	27820
26888	25968
25000	24072
23351	22960
22849	22852
22918	23140
23572	24167
24816	25424
25910	26240
26376	26322
26112	25808
25465	25125
24814	24588
24578	24928
25586	26327
26989	27527
27914	28076
27907	27354
26575	25895
25642	25948
26665	27437
27968	28148
28072	27926
27855	27900
28010	28082
28032	27821
27475	27073
26700	26406
26173	25933
25587	25030
24159	22969
21621	20428
19608	19172
18885	18413
17570	16444
15280	14310
13536	12825
12242	12060
12411	13152
13947	14489
14676	14634
14513	14420
14458	14783
15631	17209
19463	22090
24707	27015
28908	30409
31515	32176
32439	32464
32432	32451
32530	32607
32643	32623
32533	32320
31902	31011
29037	25429
20565	15698
11941	9706
8736	8447
8415	8519
8758	9111
9519	9905
10216	10430
10566	10675
10806	10973
11110	11030
10483	9283
7538	5649
4110	3257
3073	3371
4212	5744
7599	9033
9829	10417
11162	12064
12987	13762
14118	14001
14138	15682
18994	23307
27391	30276
31774	32368
32577	32655
32678	32668
32645	32615
32589	32571
32566	32570
32586	32606
32634	32658
32683	32698
32705	32704
32700	32695
32692	32692
32692	32692
32694	32696
32701	32712
32726	32738
32745	32747
32747	32747
32747	32747
32747	32747
32747	32747
32747	32747
32747	32747
32747	32747
32747	32747
32747	32747
32747	32747
32747	32747
32747	32747
32747	32747
32747	32747
32747	32747
32747	32747
32747	32747
32747	32747
32747	32747
32747	32747
32747	32747
32747	32747
32747	32747
32747	32747
32747	32747
32747	32747
32747	32747
32747	32747
32747	32747
32747	32747
32747	32747
32747	32747
32747	32747
32747	32747
32747	32747
32747	32747
32747	32747
32747	32747
32747	32747
32747	32747
32747	32747
32747	32747
32747	32747
32747	32747
32747	32747
32747	32747
32747	32747
32747	32747
32747	32747
32747	32747
32747	32747
32747	32747
32747	32747
32747	32747
32747	32747
32747	32747
32747	32747
32747	32747
32747	32747
32747	32747
32747	32747
32747	32747
32747	32747
32747	32747
32747	32747
32747	32747
32747	32747
32747	32747
32747	32747
32747	32747
32747	32747
32747	32747
32747	32747
32747	32747
32747	32747
32747	32747
32747	32747
32747	32747
32747	32747
32747	32747
32747	32747
32747	32747
32747	32747
32747	32747
32747	32747
32747	32747
32747	32747
32747	32747
32747	32747
32747	32747
32747	32747
32747	32747
32747	32747
32747	32747
32747	32747
32747	32747
32747	32747
32747	32747
32747	32747
32747	32747
32747	32747
32746	32745
32740	32732
32727	32726
32727	32727
32724	32723
32726	32731
32731	32720
32698	32659
32591	32476
32328	32155
31874	31334
30471	29362
28203	27163
26257	25347
24397	23516
22908	22718
22926	23372
23919	24527
25166	25773
26269	26577
26680	26640
26504	26314
26089	25824
25522	25204
24943	24848
25045	25573
26322	27072
27667	28059
28223	28100
27620	26796
25849	25188
25139	25760
26739	27579
28006	28070
27965	27867
27867	27969
28103	28174
28097	27860
27506	27133
26820	26609
26466	26317
26040	25512
24629	23400
22009	20763
19875	19334
18899	18261
17294	16153
15129	14431
13986	13538
13015	12593
12421	12474
12595	12611
12511	12426
12440	12561
12777	13162
13928	15306
17340	19836
22501	25074
27400	29398
30945	31918
32350	32450
32442	32466
32540	32616
32645	32618
32520	32332
32043	31484
30114	27303
23046	18147
13709	10604
8983	8379
8298	8464
8743	9062
9398	9759
10118	10413
10624	10780
10929	11093
11247	11269
10921	9945
8339	6410
4672	3566
3212	3477
4361	5889
7678	9055
9853	10456
11172	11993
12845	13616
14030	13929
13952	15257
18347	22630
26886	29986
31627	32288
32529	32622
32652	32647
32614	32571
32537	32520
32517	32529
32548	32575
32608	32642
32671	32693
32698	32695
32686	32681
32678	32677
32682	32688
32695	32701
32707	32717
32729	32739
32744	32746
32747	32747
32747	32747
32747	32747
32747	32747
32747	32747
32747	32747
32747	32747
32747	32747
32747	32747
32747	32747
32747	32747
32747	32747
32747	32747
32747	32747
32747	32747
32747	32747
32747	32747
32747	32747
32747	32747
32747	32747
32747	32747
32747	32747
32747	32747
32747	32747
32747	32747
32747	32747
32747	32747
32747	32747
32747	32747
32747	32747
32747	32747
32747	32747
32747	32747
32747	32747
32747	32747
32747	32747
32747	32747
32747	32747
32747	32747
32747	32747
32747	32747
32747	32747
32747	32747
32747	32747
32747	32747
32747	32747
32747	32747
32747	32747
32747	32747
32747	32747
32747	32747
32747	32747
32747	32747
32747	32747
32747	32747
32747	32747
32747	32747
32747	32747
32747	32747
32747	32747
32747	32747
32747	32747
32747	32747
32747	32747
32747	32747
32747	32747
32747	32747
32747	32747
32747	32747
32747	32747
32747	32747
32747	32747
32747	32747
32747	32747
32747	32747
32747	32747
32747	32747
32747	32747
32747	32747
32747	32747
32747	32747
32747	32747
32747	32747
32747	32747
32747	32747
32747	32747
32747	32747
32747	32747
32747	32747
32747	32747
32747	32747
32747	32747
32747	32747
32747	32747
32747	32747
32747	32747
32747	32747
32747	32747
32747	32747
32747	32747
32747	32747
32746	32741
32727	32703
32681	32678
32685	32684
32671	32664
32675	32693
32692	32663
32617	32577
32525	32416
32229	31957
31525	30815
29811	28631
27456	26428
25533	24673
23825	23117
22738	22821
23368	24239
25206	26052
26667	27043
27185	27086
26811	26485
26216	26036
25918	25789
25591	25335
25134	25153
25485	26088
26816	27486
27970	28213
28182	27828
27141	26187
25256	24752
24959	25842
26972	27783
28059	28003
27877	27823
27870	27995
28124	28160
28047	27789
27443	27110
26860	26710
26607	26452
26144	25603
24747	23557
22182	20892
19886	19169
18548	17776
16783	15742
14922	14499
14383	14268
13966	13496
12963	12436
11910	11365
10874	10586
10570	10772
11124	11642
12480	13845
15799	18200
20822	23467
25997	28305
30199	31484
32148	32397
32462	32502
32566	32625
32638	32594
32483	32316
32110	31758
30837	28754
25207	20524
15663	11785
9439	8419
8229	8430
8736	9021
9291	9623
10003	10348
10614	10831
11027	11204
11356	11442
11251	10498
9072	7174
5289	3951
3410	3618
4529	6061
7793	9132
9934	10528
11195	11949
12752	13529
13994	13943
13910	14990
17794	21949
26297	29591
31399	32163
32452	32571
32615	32615
32574	32513
32461	32441
32457	32483
32513	32545
32586	32626
32662	32683
32688	32682
32672	32666
32666	32671
32678	32685
32694	32701
32707	32717
32729	32738
32743	32746
32747	32747
32747	32747
32747	32747
32747	32747
32747	32747
32747	32747
32747	32747
32747	32747
32747	32747
32747	32747
32747	32747
32747	32747
32747	32747
32747	32747
32747	32747
32747	32747
32747	32747
32747	32747
32747	32747
32747	32747
32747	32747
32747	32747
32747	32747
32747	32747
32747	32747
32747	32747
32747	32747
32747	32747
32747	32747
32747	32747
32747	32747
32747	32747
32747	32747
32747	32747
32747	32747
32747	32747
32747	32747
32747	32747
32747	32747
32747	32747
32747	32747
32747	32747
32747	32747
32747	32747
32747	32747
32747	32747
32747	32747
32747	32747
32747	32747
32747	32747
32747	32747
32747	32747
32747	32747
32747	32747
32747	32747
32747	32747
32747	32747
32747	32747
32747	32747
32747	32747
32747	32747
32747	32747
32747	32747
32747	32747
32747	32747
32747	32747
32747	32747
32747	32747
32747	32747
32747	32747
32747	32747
32747	32747
32747	32747
32747	32747
32747	32747
32747	32747
32747	32747
32747	32747
32747	32747
32747	32747
32747	32747
32747	32747
32747	32747
32747	32747
32747	32747
32747	32747
32747	32747
32747	32747
32747	32747
32747	32747
32747	32747
32747	32747
32747	32747
32747	32747
32747	32747
32747	32747
32747	32747
32747	32747
32747	32747
32747	32747
32747	32747
32744	32732
32699	32639
32584	32576
32598	32598
32565	32554
32581	32622
32620	32552
32459	32409
32382	32271
31996	31535
30861	29938
28813	27610
26468	25464
24597	23840
23229	22878
22893	23327
24153	25250
26359	27193
27620	27697
27504	27102
26596	26133
25824	25696
25698	25724
25686	25585
25523	25668
26053	26584
27136	27615
27936	28034
27840	27327
26535	25620
24872	24635
25084	26088
27195	27896
28058	27957
27860	27856
27927	28032
28104	28076
27913	27643
27328	27053
26866	26758
26644	26414
26024	25470
24696	23625
22309	20944
19719	18701
17813	16917
15984	15138
14559	14368
14502	14738
14827	14610
14063	13277
12323	11274
10271	9507
9106	9088
9436	10177
11391	13140
15339	17760
20208	22589
24916	27180
29222	30783
31751	32240
32443	32526
32582	32620
32619	32560
32447	32303
32156	31922
31310	29825
27016	22806
17869	13379
10230	8625
8222	8413
8728	8989
9230	9536
9906	10247
10541	10835
11121	11324
11440	11505
11403	10864
9682	7912
5966	4429
3675	3773
4661	6174
7863	9190
9997	10562
11151	11854
12659	13466
13990	14029
14000	14845
17261	21151
25512	29003
31040	31965
32337	32489
32562	32576
32529	32440
32357	32338
32377	32436
32484	32526
32568	32617
32654	32675
32674	32665
32656	32653
32660	32668
32678	32684
32691	32694
32700	32710
32724	32735
32743	32745
32747	32747
32747	32747
32747	32747
32747	32747
32747	32747
32747	32747
32747	32747
32747	32747
32747	32747
32747	32747
32747	32747
32747	32747
32747	32747
32747	32747
32747	32747
32747	32747
32747	32747
32747	32747
32747	32747
32747	32747
32747	32747
32747	32747
32747	32747
32747	32747
32747	32747
32747	32747
32747	32747
32747	32747
32747	32747
32747	32747
32747	32747
32747	32747
32747	32747
32747	32747
32747	32747
32747	32747
32747	32747
32747	32747
32747	32747
32747	32747
32747	32747
32747	32747
32747	32747
32747	32747
32747	32747
32747	32747
32747	32747
32747	32747
32747	32747
32747	32747
32747	32747
32747	32747
32747	32747
32747	32747
32747	32747
32747	32747
32747	32747
32747	32747
32747	32747
32747	32747
32747	32747
32747	32747
32747	32747
32747	32747
32747	32747
32747	32747
32747	32747
32747	32747
32747	32747
32747	32747
32747	32747
32747	32747
32747	32747
32747	32747
32747	32747
32747	32747
32747	32747
32747	32747
32747	32747
32747	32747
32747	32747
32747	32747
32747	32747
32747	32747
32747	32747
32747	32747
32747	32747
32747	32747
32747	32747
32747	32747
32747	32747
32747	32747
32747	32747
32747	32747
32747	32747
32747	32747
32747	32747
32747	32747
32747	32747
32747	32747
32747	32746
32741	32719
32661	32560
32470	32460
32503	32506
32462	32442
32490	32552
32550	32440
32291	32203
32140	31922
31422	30634
29612	28433
27207	26046
25005	24090
23326	22779
22541	22691
23223	24047
25069	26163
27129	27736
27913	27752
27375	26858
26311	25850
25570	25488
25561	25706
25841	25941
26070	26329
26694	27050
27334	27561
27707	27680
27377	26772
25968	25186
24707	24753
25368	26340
27287	27850
27983	27933
27913	27960
28029	28074
28056	27947
27745	27487
27222	27014
26875	26774
26613	26300
25844	25315
24663	23744
22500	21035
19528	18144
16944	15924
15080	14446
14073	14014
14283	14800
15348	15628
15459	14812
13738	12324
10775	9377
8385	7979
8273	9332
11126	13493
16097	18553
20657	22467
24210	26092
28051	29808
31118	31930
32336	32504
32567	32598
32593	32535
32429	32312
32200	32033
31624	30607
28478	24897
20167	15252
11284	9000
8293	8419
8723	8977
9212	9506
9844	10148
10445	10817
11202	11434
11482	11475
11406	11062
10156	8582
6648	4957
3990	3927
4734	6190
7843	9169
9993	10512
11018	11692
12540	13399
13988	14139
14148	14758
16726	20263
24568	28251
30565	31707
32188	32388
32491	32524
32482	32369
32261	32234
32298	32387
32456	32509
32562	32612
32650	32665
32661	32647
32635	32636
32652	32668
32679	32682
32679	32678
32681	32694
32711	32729
32738	32744
32746	32747
32747	32747
32747	32747
32747	32747
32747	32747
32747	32747
32747	32747
32747	32747
32747	32747
32747	32747
32747	32747
32747	32747
32747	32747
32747	32747
32747	32747
32747	32747
32747	32747
32747	32747
32747	32747
32747	32747
32747	32747
32747	32747
32747	32747
32747	32747
32747	32747
32747	32747
32747	32747
32747	32747
32747	32747
32747	32747
32747	32747
32747	32747
32747	32747
32747	32747
32747	32747
32747	32747
32747	32747
32747	32747
32747	32747
32747	32747
32747	32747
32747	32747
32747	32747
32747	32747
32747	32747
32747	32747
32747	32747
32747	32747
32747	32747
32747	32747
32747	32747
32747	32747
32747	32747
32747	32747
32747	32747
32747	32747
32747	32747
32747	32747
32747	32747
32747	32747
32747	32747
32747	32747
32747	32747
32747	32747
32747	32747
32747	32747
32747	32747
32747	32747
32747	32747
32747	32747
32747	32747
32747	32747
32747	32747
32747	32747
32747	32747
32747	32747
32747	32747
32747	32747
32747	32747
32747	32747
32747	32747
32747	32747
32747	32747
32747	32747
32747	32747
32747	32747
32747	32747
32747	32747
32747	32747
32747	32747
32747	32747
32747	32747
32747	32747
32747	32747
32747	32747
32747	32747
32747	32747
32747	32747
32747	32747
32747	32747
32747	32746
32737	32706
32628	32504
32397	32387
32446	32466
32428	32412
32469	32540
32534	32401
32202	32016
31756	31217
30277	29010
27571	26136
24851	23805
22974	22297
21788	21573
21781	22449
23475	24657
25809	26801
27506	27830
27780	27469
27018	26519
26052	25696
25502	25488
25623	25847
26096	26331
26581	26879
27169	27337
27383	27412
27439	27346
27006	26389
25631	24994
24732	24966
25628	26484
27247	27703
27873	27925
27986	28053
28090	28051
27941	27774
27575	27370
27185	27029
26898	26755
26533	26176
25727	25268
24736	23931
22730	21175
19443	17758
16299	15160
14355	13836
13554	13507
13772	14420
15323	16158
16586	16387
15463	13883
11931	10049
8660	8081
8487	9902
12168	14927
17682	19965
21582	22710
23751	25094
26818	28660
30281	31444
32114	32413
32518	32551
32560	32525
32442	32335
32227	32103
31851	31187
29611	26620
22191	17017
12369	9456
8427	8449
8722	8970
9207	9499
9817	10094
10386	10799
11241	11481
11476	11410
11366	11177
10503	9121
7242	5456
4315	4082
4765	6136
7730	9054
9890	10379
10833	11500
12399	13312
13960	14201
14239	14655
16235	19435
23638	27473
30056	31429
32029	32280
32405	32465
32440	32339
32221	32187
32251	32349
32431	32495
32552	32603
32640	32653
32643	32623
32611	32617
32639	32666
32678	32674
32662	32651
32652	32669
32692	32715
32733	32741
32746	32747
32747	32747
32747	32747
32747	32747
32747	32747
32747	32747
32747	32747
32747	32747
32747	32747
32747	32747
32747	32747
32747	32747
32747	32747
32747	32747
32747	32747
32747	32747
32747	32747
32747	32747
32747	32747
32747	32747
32747	32747
32747	32747
32747	32747
32747	32747
32747	32747
32747	32747
32747	32747
32747	32747
32747	32747
32747	32747
32747	32747
32747	32747
32747	32747
32747	32747
32747	32747
32747	32747
32747	32747
32747	32747
32747	32747
32747	32747
32747	32747
32747	32747
32747	32747
32747	32747
32747	32747
32747	32747
32747	32747
32747	32747
32747	32747
32747	32747
32747	32747
32747	32747
32747	32747
32747	32747
32747	32747
32747	32747
32747	32747
32747	32747
32747	32747
32747	32747
32747	32747
32747	32747
32747	32747
32747	32747
32747	32747
32747	32747
32747	32747
32747	32747
32747	32747
32747	32747
32747	32747
32747	32747
32747	32747
32747	32747
32747	32747
32747	32747
32747	32747
32747	32747
32747	32747
32747	32747
32747	32747
32747	32747
32747	32747
32747	32747
32747	32747
32747	32747
32747	32747
32747	32747
32747	32747
32747	32747
32747	32747
32747	32747
32747	32747
32747	32747
32747	32747
32747	32747
32747	32747
32747	32747
32747	32747
32747	32747
32747	32744
32731	32695
32613	32491
32390	32385
32453	32492
32479	32480
32529	32585
32574	32445
32189	31797
31135	30033
28474	26661
24852	23263
22038	21231
20762	20489
20391	20582
21196	22258
23624	25038
26258	27142
27629	27723
27510	27108
26641	26200
25856	25648
25595	25690
25900	26173
26452	26709
26951	27194
27372	27402
27316	27251
27240	27159
26863	26309
25639	25118
24969	25259
25873	26583
27183	27579
27797	27933
28042	28093
28055	27918
27723	27525
27380	27277
27200	27101
26949	26732
26441	26089
25721	25362
24909	24153
22956	21338
19470	17605
15976	14724
13868	13323
12999	12858
13015	13621
14674	15912
16909	17225
16595	15053
12993	11027
9711	9383
10145	11871
14268	16912
19341	21156
22239	22797
23280	24159
25617	27468
29332	30833
31796	32277
32447	32493
32512	32512
32458	32351
32226	32134
32018	31614
30420	27862
23699	18383
13261	9864
8558	8469
8699	8929
9163	9469
9804	10093
10384	10788
11222	11443
11417	11351
11357	11282
10770	9532
7721	5900
4635	4249
4789	6036
7553	8850
9691	10185
10633	11318
12259	13212
13901	14195
14231	14507
15810	18733
22809	26731
29553	31149
31871	32160
32298	32384
32406	32348
32252	32207
32242	32322
32405	32480
32546	32596
32632	32636
32622	32598
32588	32600
32631	32662
32675	32664
32640	32620
32619	32640
32670	32701
32724	32739
32745	32747
32747	32747
32747	32747
32747	32747
32747	32747
32747	32747
32747	32747
32747	32747
32747	32747
32747	32747
32747	32747
32747	32747
32747	32747
32747	32747
32747	32747
32747	32747
32747	32747
32747	32747
32747	32747
32747	32747
32747	32747
32747	32747
32747	32747
32747	32747
32747	32747
32747	32747
32747	32747
32747	32747
32747	32747
32747	32747
32747	32747
32747	32747
32747	32747
32747	32747
32747	32747
32747	32747
32747	32747
32747	32747
32747	32747
32747	32747
32747	32747
32747	32747
32747	32747
32747	32747
32747	32747
32747	32747
32747	32747
32747	32747
32747	32747
32747	32747
32747	32747
32747	32747
32747	32747
32747	32747
32747	32747
32747	32747
32747	32747
32747	32747
32747	32747
32747	32747
32747	32747
32747	32747
32747	32747
32747	32747
32747	32747
32747	32747
32747	32747
32747	32747
32747	32747
32747	32747
32747	32747
32747	32747
32747	32747
32747	32747
32747	32747
32747	32747
32747	32747
32747	32747
32747	32747
32747	32747
32747	32747
32747	32747
32747	32747
32747	32747
32747	32747
32747	32747
32747	32747
32747	32747
32747	32747
32747	32747
32747	32747
32747	32747
32747	32747
32747	32747
32747	32747
32747	32747
32747	32747
32747	32747
32747	32747
32747	32747
32747	32743
32730	32692
32619	32516
32433	32424
32478	32529
32547	32561
32594	32627
32613	32483
32128	31410
30180	28383
26179	23919
21920	20388
19426	19042
19081	19333
19700	20265
21149	22393
23870	25331
26529	27308
27642	27593
27276	26824
26358	25980
25747	25692
25791	26016
26302	26599
26853	27057
27215	27352
27415	27346
27205	27128
27148	27139
26950	26521
25979	25567
25479	25752
26265	26815
27264	27582
27806	27977
28086	28088
27949	27690
27396	27179
27100	27139
27204	27190
27033	26745
26394	26067
25795	25533
25125	24371
23145	21467
19503	17516
15755	14375
13400	12740
12293	12021
12027	12488
13484	14862
16172	16833
16471	15136
13312	11716
10922	11182
12413	14303
16475	18576
20314	21502
22118	22341
22553	23195
24487	26332
28378	30174
31442	32132
32393	32446
32452	32463
32440	32336
32201	32139
32115	31873
30909	28636
24668	19285
13850	10120
8599	8415
8607	8813
9043	9377
9772	10111
10411	10781
11155	11340
11323	11299
11379	11400
11003	9882
8147	6324
4972	4439
4818	5920
7331	8580
9426	9949
10434	11148
12114	13095
13820	14141
14160	14321
15415	18088
22004	25984
29035	30865
31711	32025
32162	32272
32360	32373
32316	32257
32251	32300
32380	32465
32538	32593
32620	32621
32598	32574
32566	32587
32624	32658
32669	32652
32619	32591
32590	32613
32650	32688
32720	32737
32745	32747
32747	32747
32747	32747
32747	32747
32747	32747
32747	32747
32747	32747
32747	32747
32747	32747
32747	32747
32747	32747
32747	32747
32747	32747
32747	32747
32747	32747
32747	32747
32747	32747
32747	32747
32747	32747
32747	32747
32747	32747
32747	32747
32747	32747
32747	32747
32747	32747
32747	32747
32747	32747
32747	32747
32747	32747
32747	32747
32747	32747
32747	32747
32747	32747
32747	32747
32747	32747
32747	32747
32747	32747
32747	32747
32747	32747
32747	32747
32747	32747
32747	32747
32747	32747
32747	32747
32747	32747
32747	32747
32747	32747
32747	32747
32747	32747
32747	32747
32747	32747
32747	32747
32747	32747
32747	32747
32747	32747
32747	32747
32747	32747
32747	32747
32747	32747
32747	32747
32747	32747
32747	32747
32747	32747
32747	32747
32747	32747
32747	32747
32747	32747
32747	32747
32747	32747
32747	32747
32747	32747
32747	32747
32747	32747
32747	32747
32747	32747
32747	32747
32747	32747
32747	32747
32747	32747
32747	32747
32747	32747
32747	32747
32747	32747
32747	32747
32747	32747
32747	32747
32747	32747
32747	32747
32747	32747
32747	32747
32747	32747
32747	32747
32747	32747
32747	32747
32747	32747
32747	32747
32747	32747
32747	32747
32747	32747
32747	32747
32747	32743
32730	32697
32639	32562
32497	32469
32494	32538
32577	32595
32604	32613
32596	32442
31931	30801
28940	26485
23792	21313
19374	18131
17627	17800
18427	19209
19983	20796
21765	22972
24346	25680
26756	27432
27670	27543
27175	26697
26240	25905
25756	25811
26033	26356
26699	26999
27216	27349
27415	27440
27397	27255
27094	27040
27123	27221
27178	26917
26541	26261
26236	26480
26872	27250
27521	27709
27870	28017
28107	28053
27808	27417
27016	26764
26746	26925
27154	27264
27145	26824
26429	26110
25905	25705
25317	24543
23269	21509
19433	17305
15392	13852
12721	11920
11352	10974
10856	11157
11987	13253
14547	15279
15098	14098
12800	11904
11883	12815
14427	16280
17993	19355
20311	20894
21187	21320
21548	22189
23451	25308
27480	29527
31082	31999
32361	32409
32377	32374
32375	32304
32189	32151
32164	31972
31109	29003
25174	19766
14142	10189
8526	8276
8446	8634
8859	9231
9706	10122
10444	10767
11066	11204
11203	11244
11411	11528
11236	10223
8575	6764
5336	4664
4870	5810
7101	8291
9139	9707
10240	10986
11968	12973
13735	14083
14083	14146
15041	17452
21186	25204
28493	30574
31545	31875
31999	32138
32298	32387
32370	32300
32259	32280
32359	32452
32533	32587
32613	32606
32577	32554
32549	32576
32617	32652
32662	32637
32596	32564
32563	32590
32635	32681
32714	32735
32744	32747
32747	32747
32747	32747
32747	32747
32747	32747
32747	32747
32747	32747
32747	32747
32747	32747
32747	32747
32747	32747
32747	32747
32747	32747
32747	32747
32747	32747
32747	32747
32747	32747
32747	32747
32747	32747
32747	32747
32747	32747
32747	32747
32747	32747
32747	32747
32747	32747
32747	32747
32747	32747
32747	32747
32747	32747
32747	32747
32747	32747
32747	32747
32747	32747
32747	32747
32747	32747
32747	32747
32747	32747
32747	32747
32747	32747
32747	32747
32747	32747
32747	32747
32747	32747
32747	32747
32747	32747
32747	32747
32747	32747
32747	32747
32747	32747
32747	32747
32747	32747
32747	32747
32747	32747
32747	32747
32747	32747
32747	32747
32747	32747
32747	32747
32747	32747
32747	32747
32747	32747
32747	32747
32747	32747
32747	32747
32747	32747
32747	32747
32747	32747
32747	32747
32747	32747
32747	32747
32747	32747
32747	32747
32747	32747
32747	32747
32747	32747
32747	32747
32747	32747
32747	32747
32747	32747
32747	32747
32747	32747
32747	32747
32747	32747
32747	32747
32747	32747
32747	32747
32747	32747
32747	32747
32747	32747
32747	32747
32747	32747
32747	32747
32747	32747
32747	32747
32747	32747
32747	32747
32747	32747
32747	32747
32747	32747
32747	32747
32747	32744
32733	32709
32671	32618
32558	32504
32484	32512
32557	32572
32550	32531
32501	32304
31604	30049
27628	24712
21816	19396
17728	16913
16933	17664
18812	20005
21035	21929
22829	23853
24991	26099
27011	27583
27772	27622
27237	26753
26300	25983
25870	25972
26246	26608
26973	27262
27447	27527
27528	27460
27324	27119
26948	26933
27095	27309
27421	27348
27160	27032
27083	27307
27582	27777
27845	27851
27882	27980
28062	27988
27677	27185
26687	26388
26404	26692
27077	27318
27274	26961
26537	26198
26000	25814
25427	24627
23288	21417
19184	16870
14758	13028
11736	10820
10182	9762
9597	9799
10451	11474
12531	13150
13096	12519
11906	11812
12531	13955
15705	17318
18505	19206
19541	19696
19814	20010
20416	21201
22516	24394
26643	28886
30710	31853
32325	32378
32302	32278
32303	32286
32224	32205
32192	31959
31095	29065
25346	19964
14248	10156
8389	8097
8256	8437
8662	9068
9619	10113
10465	10749
10969	11061
11075	11186
11436	11644
11451	10556
9005	7221
5725	4917
4959	5736
6897	8023
8877	9490
10073	10838
11826	12853
13656	14042
14035	14012
14713	16850
20379	24425
27944	30271
31368	31717
31831	31998
32228	32386
32400	32324
32255	32261
32342	32445
32530	32586
32607	32593
32560	32534
32535	32568
32615	32649
32654	32622
32575	32539
32537	32570
32621	32675
32712	32735
32744	32747
32747	32747
32747	32747
32747	32747
32747	32747
32747	32747
32747	32747
32747	32747
32747	32747
32747	32747
32747	32747
32747	32747
32747	32747
32747	32747
32747	32747
32747	32747
32747	32747
32747	32747
32747	32747
32747	32747
32747	32747
32747	32747
32747	32747
32747	32747
32747	32747
32747	32747
32747	32747
32747	32747
32747	32747
32747	32747
32747	32747
32747	32747
32747	32747
32747	32747
32747	32747
32747	32747
32747	32747
32747	32747
32747	32747
32747	32747
32747	32747
32747	32747
32747	32747
32747	32747
32747	32747
32747	32747
32747	32747
32747	32747
32747	32747
32747	32747
32747	32747
32747	32747
32747	32747
32747	32747
32747	32747
32747	32747
32747	32747
32747	32747
32747	32747
32747	32747
32747	32747
32747	32747
32747	32747
32747	32747
32747	32747
32747	32747
32747	32747
32747	32747
32747	32747
32747	32747
32747	32747
32747	32747
32747	32747
32747	32747
32747	32747
32747	32747
32747	32747
32747	32747
32747	32747
32747	32747
32747	32747
32747	32747
32747	32747
32747	32747
32747	32747
32747	32747
32747	32747
32747	32747
32747	32747
32747	32747
32747	32747
32747	32747
32747	32747
32747	32747
32747	32747
32747	32747
32747	32747
32747	32747
32747	32747
32747	32747
32747	32745
32738	32726
32702	32666
32607	32529
32467	32475
32518	32522
32473	32426
32369	32105
31212	29304
26497	23398
20611	18488
17206	16814
17275	18409
19872	21258
22353	23188
23931	24737
25640	26538
27292	27783
27950	27807
27434	26954
26499	26175
26045	26123
26369	26706
27045	27318
27484	27549
27513	27382
27168	26914
26735	26758
26991	27311
27563	27662
27656	27678
27814	28019
28190	28205
28056	27845
27723	27767
27886	27869
27580	27063
26517	26181
26200	26545
27023	27365
27391	27105
26661	26274
26030	25817
25416	24584
23170	21161
18740	16199
13854	11919
10485	9503
8868	8489
8358	8537
9062	9850
10654	11162
11264	11136
11159	11700
12864	14433
16024	17276
18026	18330
18367	18337
18407	18694
19269	20197
21572	23475
25796	28223
30306	31671
32263	32343
32250	32213
32261	32307
32310	32303
32238	31917
31010	29029
25418	20116
14381	10183
8287	7917
8064	8256
8493	8926
9523	10077
10466	10721
10872	10920
10954	11123
11448	11732
11630	10849
9409	7662
6111	5186
5079	5704
6741	7809
8672	9327
9944	10718
11700	12739
13589	14026
14037	13941
14458	16326
19639	23680
27401	29952
31177	31558
31676	31868
32156	32368
32409	32330
32252	32251
32333	32441
32530	32585
32602	32580
32542	32516
32523	32559
32609	32641
32644	32607
32553	32514
32512	32547
32608	32665
32708	32733
32744	32747
32747	32747
32747	32747
32747	32747
32747	32747
32747	32747
32747	32747
32747	32747
32747	32747
32747	32747
32747	32747
32747	32747
32747	32747
32747	32747
32747	32747
32747	32747
32747	32747
32747	32747
32747	32747
32747	32747
32747	32747
32747	32747
32747	32747
32747	32747
32747	32747
32747	32747
32747	32747
32747	32747
32747	32747
32747	32747
32747	32747
32747	32747
32747	32747
32747	32747
32747	32747
32747	32747
32747	32747
32747	32747
32747	32747
32747	32747
32747	32747
32747	32747
32747	32747
32747	32747
32747	32747
32747	32747
32747	32747
32747	32747
32747	32747
32747	32747
32747	32747
32747	32747
32747	32747
32747	32747
32747	32747
32747	32747
32747	32747
32747	32747
32747	32747
32747	32747
32747	32747
32747	32747
32747	32747
32747	32747
32747	32747
32747	32747
32747	32747
32747	32747
32747	32747
32747	32747
32747	32747
32747	32747
32747	32747
32747	32747
32747	32747
32747	32747
32747	32747
32747	32747
32747	32747
32747	32747
32747	32747
32747	32747
32747	32747
32747	32747
32747	32747
32747	32747
32747	32747
32747	32747
32747	32747
32747	32747
32747	32747
32747	32747
32747	32747
32747	32747
32747	32747
32747	32747
32747	32747
32747	32747
32747	32747
32747	32747
32747	32746
32742	32734
32721	32697
32642	32548
32466	32459
32498	32494
32427	32357
32266	31920
30857	28710
25736	22727
20290	18611
17722	17651
18356	19640
21145	22481
23458	24147
24736	25390
26152	26928
27588	28018
28165	28028
27675	27211
26752	26397
26210	26204
26363	26621
26904	27151
27325	27402
27368	27210
26948	26661
26480	26521
26799	27187
27539	27768
27908	28056
28254	28447
28516	28369
28011	27590
27312	27330
27545	27675
27521	27091
26572	26232
26234	26575
27064	27429
27475	27190
26718	26274
25958	25700
25276	24409
22908	20754
18130	15354
12774	10656
9119	8130
7565	7290
7243	7436
7891	8558
9274	9828
10162	10414
10835	11632
12804	14131
15335	16216
16730	16968
17044	17066
17160	17467
18074	19030
20438	22412
24885	27542
29887	31464
32180	32304
32218	32182
32257	32352
32403	32403
32303	31933
31023	29129
25676	20515
14804	10461
8325	7769
7856	8072
8346	8794
9406	9995
10422	10668
10769	10784
10837	11058
11438	11776
11744	11077
9751	8061
6475	5449
5218	5708
6634	7654
8530	9224
9860	10619
11573	12616
13513	14018
14068	13934
14286	15897
18988	22991
26863	29609
30967	31401
31543	31765
32096	32348
32414	32342
32264	32260
32339	32446
32532	32581
32593	32567
32525	32498
32509	32549
32601	32637
32636	32593
32533	32491
32487	32525
32588	32653
32701	32731
32743	32747
32747	32747
32747	32747
32747	32747
32747	32747
32747	32747
32747	32747
32747	32747
32747	32747
32747	32747
32747	32747
32747	32747
32747	32747
32747	32747
32747	32747
32747	32747
32747	32747
32747	32747
32747	32747
32747	32747
32747	32747
32747	32747
32747	32747
32747	32747
32747	32747
32747	32747
32747	32747
32747	32747
32747	32747
32747	32747
32747	32747
32747	32747
32747	32747
32747	32747
32747	32747
32747	32747
32747	32747
32747	32747
32747	32747
32747	32747
32747	32747
32747	32747
32747	32747
32747	32747
32747	32747
32747	32747
32747	32747
32747	32747
32747	32747
32747	32747
32747	32747
32747	32747
32747	32747
32747	32747
32747	32747
32747	32747
32747	32747
32747	32747
32747	32747
32747	32747
32747	32747
32747	32747
32747	32747
32747	32747
32747	32747
32747	32747
32747	32747
32747	32747
32747	32747
32747	32747
32747	32747
32747	32747
32747	32747
32747	32747
32747	32747
32747	32747
32747	32747
32747	32747
32747	32747
32747	32747
32747	32747
32747	32747
32747	32747
32747	32747
32747	32747
32747	32747
32747	32747
32747	32747
32747	32747
32747	32747
32747	32747
32747	32747
32747	32747
32747	32747
32747	32747
32747	32747
32747	32747
32747	32747
32747	32747
32747	32747
32747	32745
32740	32729
32718	32700
32656	32571
32492	32482
32515	32511
32443	32364
32227	31792
30604	28356
25423	22703
20744	19545
19003	19128
19889	21096
22409	23498
24234	24734
25205	25797
26521	27261
27873	28256
28366	28219
27880	27428
26959	26555
26285	26176
26222	26384
26607	26836
27027	27146
27146	27004
26744	26451
26267	26312
26593	27000
27394	27691
27914	28137
28373	28544
28527	28237
27701	27090
26685	26701
27053	27408
27486	27248
26853	26551
26529	26810
27226	27518
27510	27183
26673	26168
25787	25479
25025	24117
22533	20248
17441	14461
11689	9434
7848	6902
6453	6315
6366	6579
7006	7682
8502	9265
9856	10326
10826	11481
12291	13127
13861	14443
14903	15297
15620	15829
15974	16218
16718	17619
19089	21257
24018	26973
29560	31304
32108	32270
32198	32179
32273	32389
32453	32460
32367	32029
31212	29501
26297	21364
15702	11131
8591	7688
7629	7858
8181	8646
9246	9857
10334	10596
10670	10666
10738	10994
11402	11761
11783	11220
10017	8393
6787	5688
5353	5733
6568	7549
8440	9165
9806	10532
11438	12471
13417	14009
14124	13974
14189	15557
18411	22330
26298	29218
30726	31253
31444	31698
32059	32338
32420	32365
32295	32291
32360	32457
32537	32581
32587	32554
32511	32483
32493	32536
32592	32630
32627	32583
32518	32470
32467	32505
32570	32639
32694	32727
32743	32747
32747	32747
32747	32747
32747	32747
32747	32747
32747	32747
32747	32747
32747	32747
32747	32747
32747	32747
32747	32747
32747	32747
32747	32747
32747	32747
32747	32747
32747	32747
32747	32747
32747	32747
32747	32747
32747	32747
32747	32747
32747	32747
32747	32747
32747	32747
32747	32747
32747	32747
32747	32747
32747	32747
32747	32747
32747	32747
32747	32747
32747	32747
32747	32747
32747	32747
32747	32747
32747	32747
32747	32747
32747	32747
32747	32747
32747	32747
32747	32747
32747	32747
32747	32747
32747	32747
32747	32747
32747	32747
32747	32747
32747	32747
32747	32747
32747	32747
32747	32747
32747	32747
32747	32747
32747	32747
32747	32747
32747	32747
32747	32747
32747	32747
32747	32747
32747	32747
32747	32747
32747	32747
32747	32747
32747	32747
32747	32747
32747	32747
32747	32747
32747	32747
32747	32747
32747	32747
32747	32747
32747	32747
32747	32747
32747	32747
32747	32747
32747	32747
32747	32747
32747	32747
32747	32747
32747	32747
32747	32747
32747	32747
32747	32747
32747	32747
32747	32747
32747	32747
32747	32747
32747	32747
32747	32747
32747	32747
32747	32747
32747	32747
32747	32747
32747	32747
32747	32747
32747	32747
32747	32747
32747	32747
32746	32746
32745	32745
32745	32741
32731	32712
32693	32677
32652	32597
32541	32532
32559	32559
32513	32432
32255	31732
30469	28245
25518	23186
21714	20954
20706	20961
21685	22693
23698	24447
24892	25199
25575	26138
26851	27563
28122	28443
28505	28336
27989	27527
27028	26573
26227	26032
25995	26087
26274	26502
26722	26883
26938	26858
26651	26395
26217	26243
26490	26865
27238	27536
27779	28024
28268	28413
28325	27926
27249	26496
25988	26012
26505	27096
27450	27468
27261	27052
27017	27199
27474	27623
27499	27098
26540	25992
25563	25211
24720	23763
22100	19705
16769	13658
10778	8469
6894	6029
5703	5695
5839	6080
6519	7272
8269	9247
9997	10482
10800	11082
11389	11712
12047	12427
12903	13475
14036	14423
14622	14794
15202	16119
17794	20325
23486	26740
29480	31274
32089	32252
32186	32174
32275	32379
32428	32440
32398	32171
31538	30109
27268	22667
17116	12266
9161	7739
7410	7591
7956	8437
9025	9668
10213	10520
10586	10572
10653	10928
11334	11691
11742	11272
10192	8642
7030	5875
5464	5757
6521	7474
8384	9132
9767	10437
11275	12284
13281	13969
14175	14038
14144	15274
17868	21654
25668	28751
30442	31117
31392	31683
32051	32337
32434	32400
32345	32336
32390	32471
32543	32582
32581	32546
32502	32475
32484	32528
32586	32624
32620	32571
32504	32455
32449	32488
32555	32628
32687	32725
32741	32747
32747	32747
32747	32747
32747	32747
32747	32747
32747	32747
32747	32747
32747	32747
32747	32747
32747	32747
32747	32747
32747	32747
32747	32747
32747	32747
32747	32747
32747	32747
32747	32747
32747	32747
32747	32747
32747	32747
32747	32747
32747	32747
32747	32747
32747	32747
32747	32747
32747	32747
32747	32747
32747	32747
32747	32747
32747	32747
32747	32747
32747	32747
32747	32747
32747	32747
32747	32747
32747	32747
32747	32747
32747	32747
32747	32747
32747	32747
32747	32747
32747	32747
32747	32747
32747	32747
32747	32747
32747	32747
32747	32747
32747	32747
32747	32747
32747	32747
32747	32747
32747	32747
32747	32747
32747	32747
32747	32747
32747	32747
32747	32747
32747	32747
32747	32747
32747	32747
32747	32747
32747	32747
32747	32747
32747	32747
32747	32747
32747	32747
32747	32747
32747	32747
32747	32747
32747	32747
32747	32747
32747	32747
32747	32747
32747	32747
32747	32747
32747	32747
32747	32747
32747	32747
32747	32747
32747	32747
32747	32747
32747	32747
32747	32747
32747	32747
32747	32747
32747	32747
32747	32747
32747	32747
32747	32747
32747	32747
32747	32747
32747	32747
32747	32747
32747	32747
32747	32747
32747	32747
32747	32747
32747	32747
32746	32745
32744	32744
32744	32738
32721	32689
32655	32640
32637	32616
32589	32583
32602	32609
32590	32521
32302	31695
30395	28296
25881	23967
22919	22518
22524	22893
23576	24378
25065	25475
25640	25772
26058	26573
27232	27863
28323	28560
28567	28365
27984	27482
26935	26432
26044	25815
25756	25845
26040	26290
26539	26738
26849	26845
26727	26534
26371	26365
26548	26849
27154	27402
27612	27847
28083	28201
28065	27588
26827	25987
25423	25449
26025	26786
27373	27641
27647	27563
27542	27630
27744	27723
27469	26991
26392	25818
25355	24963
24421	23400
21669	19206
16213	13065
10186	7911
6405	5632
5411	5512
5744	6051
6545	7381
8477	9514
10224	10539
10555	10446
10345	10315
10397	10644
11093	11714
12363	12850
13128	13358
13865	15024
17100	20098
23630	27037
29728	31403
32133	32268
32197	32185
32265	32330
32341	32356
32378	32292
31887	30806
28421	24284
18960	13858
10110	8032
7299	7336
7685	8160
8746	9434
10073	10444
10523	10506
10591	10859
11243	11570
11632	11243
10279	8805
7198	6004
5541	5772
6483	7419
8346	9112
9719	10318
11076	12054
13096	13886
14198	14105
14116	15013
17320	20927
24955	28205
30122	30993
31388	31717
32077	32346
32446	32430
32391	32381
32420	32487
32551	32586
32580	32544
32498	32472
32480	32524
32583	32621
32614	32563
32493	32442
32435	32476
32544	32622
32685	32724
32741	32747
32747	32747
32747	32747
32747	32747
32747	32747
32747	32747
32747	32747
32747	32747
32747	32747
32747	32747
32747	32747
32747	32747
32747	32747
32747	32747
32747	32747
32747	32747
32747	32747
32747	32747
32747	32747
32747	32747
32747	32747
32747	32747
32747	32747
32747	32747
32747	32747
32747	32747
32747	32747
32747	32747
32747	32747
32747	32747
32747	32747
32747	32747
32747	32747
32747	32747
32747	32747
32747	32747
32747	32747
32747	32747
32747	32747
32747	32747
32747	32747
32747	32747
32747	32747
32747	32747
32747	32747
32747	32747
32747	32747
32747	32747
32747	32747
32747	32747
32747	32747
32747	32747
32747	32747
32747	32747
32747	32747
32747	32747
32747	32747
32747	32747
32747	32747
32747	32747
32747	32747
32747	32747
32747	32747
32747	32747
32747	32747
32747	32747
32747	32747
32747	32747
32747	32747
32747	32747
32747	32747
32747	32747
32747	32747
32747	32747
32747	32747
32747	32747
32747	32747
32747	32747
32747	32747
32747	32747
32747	32747
32747	32747
32747	32747
32747	32747
32747	32747
32747	32747
32747	32747
32747	32747
32747	32747
32747	32747
32747	32747
32747	32747
32747	32747
32746	32746
32745	32745
32745	32745
32745	32745
32745	32745
32745	32744
32744	32744
32743	32736
32713	32670
32624	32602
32605	32611
32610	32601
32598	32607
32617	32564
32303	31609
30288	28371
26324	24820
24116	23993
24214	24706
25369	25998
26412	26535
26479	26469
26676	27118
27671	28157
28473	28609
28563	28320
27887	27321
26719	26182
25794	25599
25599	25754
26011	26306
26586	26804
26943	26997
26948	26808
26654	26611
26726	26935
27149	27318
27478	27686
27910	28017
27854	27349
26560	25710
25144	25159
25729	26531
27231	27669
27856	27906
27927	27959
27949	27801
27449	26927
26314	25725
25227	24778
24165	23076
21293	18808
15832	12750
9967	7808
6415	5734
5588	5751
6066	6495
7113	7993
9013	9873
10340	10377
10109	9756
9458	9277
9240	9376
9710	10231
10830	11371
11826	12357
13285	14972
17588	20986
24652	27898
30262	31644
32221	32322
32260	32237
32272	32275
32239	32243
32312	32338
32148	31410
29532	25992
21063	15833
11476	8682
7439	7204
7435	7855
8425	9170
9915	10371
10480	10463
10545	10789
11129	11410
11471	11147
10288	8888
7293	6079
5581	5769
6445	7375
8321	9098
9670	10185
10845	11780
12861	13758
14183	14141
14077	14739
16745	20150
24170	27590
29763	30871
31414	31787
32121	32358
32451	32451
32428	32420
32446	32502
32561	32594
32584	32546
32500	32474
32481	32524
32582	32618
32609	32554
32483	32431
32426	32469
32542	32620
32685	32724
32741	32747
32747	32747
32747	32747
32747	32747
32747	32747
32747	32747
32747	32747
32747	32747
32747	32747
32747	32747
32747	32747
32747	32747
32747	32747
32747	32747
32747	32747
32747	32747
32747	32747
32747	32747
32747	32747
32747	32747
32747	32747
32747	32747
32747	32747
32747	32747
32747	32747
32747	32747
32747	32747
32747	32747
32747	32747
32747	32747
32747	32747
32747	32747
32747	32747
32747	32747
32747	32747
32747	32747
32747	32747
32747	32747
32747	32747
32747	32747
32747	32747
32747	32747
32747	32747
32747	32747
32747	32747
32747	32747
32747	32747
32747	32747
32747	32747
32747	32747
32747	32747
32747	32747
32747	32747
32747	32747
32747	32747
32747	32747
32747	32747
32747	32747
32747	32747
32747	32747
32747	32747
32747	32747
32747	32747
32747	32747
32747	32747
32747	32747
32747	32747
32747	32747
32747	32747
32747	32747
32747	32747
32747	32747
32747	32747
32747	32747
32747	32747
32747	32747
32747	32747
32747	32747
32747	32747
32747	32747
32747	32747
32747	32747
32747	32747
32747	32747
32747	32747
32747	32747
32747	32747
32747	32747
32747	32747
32747	32747
32747	32747
32747	32747
32747	32747
32746	32745
32744	32744
32744	32744
32744	32744
32744	32743
32743	32742
32741	32738
32737	32730
32708	32664
32610	32575
32571	32586
32592	32565
32529	32533
32569	32534
32225	31436
30091	28367
26699	25575
25154	25243
25633	26217
26853	27333
27523	27424
27211	27117
27279	27652
28084	28407
28567	28612
28527	28244
27744	27103
26444	25897
25551	25451
25573	25848
26204	26562
26867	27084
27212	27266
27235	27109
26952	26877
26927	27051
27171	27265
27380	27569
27795	27902
27742	27241
26483	25700
25193	25190
25663	26363
27024	27515
27815	27982
28070	28103
28044	27837
27462	26945
26355	25758
25206	24674
23973	22810
20990	18524
15638	12697
10087	8091
6829	6229
6113	6298
6688	7277
8050	8912
9682	10164
10258	10004
9567	9144
8837	8646
8553	8576
8759	9134
9679	10353
11177	12292
13940	16335
19462	22998
26394	29110
30904	31881
32291	32382
32355	32330
32313	32257
32181	32163
32228	32308
32261	31817
30447	27586
23220	18050
13209	9733
7913	7296
7299	7591
8117	8901
9744	10285
10438	10435
10509	10721
11004	11234
11283	11009
10237	8901
7333	6114
5597	5754
6402	7330
8295	9077
9614	10042
10605	11489
12601	13591
14132	14152
14021	14456
16162	19350
23352	26942
29386	30749
31452	31868
32176	32369
32443	32449
32443	32442
32465	32514
32571	32603
32593	32551
32508	32480
32489	32530
32585	32615
32601	32546
32475	32428
32425	32472
32546	32626
32687	32725
32741	32747
32747	32747
32747	32747
32747	32747
32747	32747
32747	32747
32747	32747
32747	32747
32747	32747
32747	32747
32747	32747
32747	32747
32747	32747
32747	32747
32747	32747
32747	32747
32747	32747
32747	32747
32747	32747
32747	32747
32747	32747
32747	32747
32747	32747
32747	32747
32747	32747
32747	32747
32747	32747
32747	32747
32747	32747
32747	32747
32747	32747
32747	32747
32747	32747
32747	32747
32747	32747
32747	32747
32747	32747
32747	32747
32747	32747
32747	32747
32747	32747
32747	32747
32747	32747
32747	32747
32747	32747
32747	32747
32747	32747
32747	32747
32747	32747
32747	32747
32747	32747
32747	32747
32747	32747
32747	32747
32747	32747
32747	32747
32747	32747
32747	32747
32747	32747
32747	32747
32747	32747
32747	32747
32747	32747
32747	32747
32747	32747
32747	32747
32747	32747
32747	32747
32747	32747
32747	32747
32747	32747
32747	32747
32747	32747
32747	32747
32747	32747
32747	32747
32747	32747
32747	32747
32747	32747
32747	32747
32747	32747
32747	32747
32747	32747
32747	32747
32747	32747
32747	32747
32747	32747
32747	32747
32747	32747
32747	32747
32747	32747
32747	32747
32747	32747
32746	32745
32744	32744
32744	32744
32744	32744
32744	32743
32741	32738
32733	32729
32726	32721
32705	32666
32616	32569
32547	32554
32549	32491
32414	32404
32457	32428
32073	31181
29802	28246
26922	26143
25961	26204
26692	27295
27857	28188
28192	27934
27628	27508
27669	28017
28361	28559
28605	28585
28477	28172
27614	26904
26204	25667
25396	25418
25686	26105
26567	26991
27311	27508
27589	27590
27511	27353
27176	27074
27074	27129
27179	27219
27298	27478
27708	27827
27684	27220
26548	25898
25502	25483
25800	26288
26794	27227
27563	27812
27979	28056
28014	27824
27481	27023
26479	25877
25255	24618
23812	22581
20748	18347
15597	12839
10416	8578
7420	6868
6767	6959
7418	8164
9060	9824
10237	10260
9964	9483
8982	8602
8362	8198
8075	8035
8165	8543
9227	10260
11685	13570
16008	19022
22392	25667
28399	30317
31449	32028
32302	32412
32437	32422
32373	32290
32197	32146
32163	32220
32242	32020
31108	28949
25259	20335
15204	11140
8718	7644
7342	7447
7874	8656
9558	10177
10381	10403
10475	10652
10873	11045
11073	10835
10136	8870
7342	6133
5604	5731
6352	7270
8252	9042
9553	9908
10385	11214
12339	13405
14052	14147
13975	14206
15615	18571
22525	26276
29003	30631
31491	31953
32230	32378
32429	32441
32453	32460
32477	32517
32573	32607
32599	32561
32522	32498
32505	32541
32588	32608
32588	32533
32472	32435
32442	32491
32563	32637
32692	32727
32743	32747
32747	32747
32747	32747
32747	32747
32747	32747
32747	32747
32747	32747
32747	32747
32747	32747
32747	32747
32747	32747
32747	32747
32747	32747
32747	32747
32747	32747
32747	32747
32747	32747
32747	32747
32747	32747
32747	32747
32747	32747
32747	32747
32747	32747
32747	32747
32747	32747
32747	32747
32747	32747
32747	32747
32747	32747
32747	32747
32747	32747
32747	32747
32747	32747
32747	32747
32747	32747
32747	32747
32747	32747
32747	32747
32747	32747
32747	32747
32747	32747
32747	32747
32747	32747
32747	32747
32747	32747
32747	32747
32747	32747
32747	32747
32747	32747
32747	32747
32747	32747
32747	32747
32747	32747
32747	32747
32747	32747
32747	32747
32747	32747
32747	32747
32747	32747
32747	32747
32747	32747
32747	32747
32747	32747
32747	32747
32747	32747
32747	32747
32747	32747
32747	32747
32747	32747
32747	32747
32747	32747
32747	32747
32747	32747
32747	32747
32747	32747
32747	32747
32747	32747
32747	32747
32747	32747
32747	32747
32747	32747
32747	32747
32747	32747
32747	32747
32747	32747
32747	32747
32747	32747
32747	32747
32747	32747
32747	32747
32747	32747
32747	32747
32747	32746
32745	32743
32741	32739
32739	32739
32739	32739
32738	32737
32733	32726
32717	32710
32706	32702
32692	32666
32625	32574
32539	32529
32505	32419
32311	32284
32331	32280
31853	30861
29443	28015
26970	26479
26500	26848
27361	27914
28363	28553
28433	28099
27766	27654
27828	28155
28451	28584
28583	28549
28453	28143
27556	26815
26101	25598
25408	25542
25936	26467
27015	27480
27797	27960
27985	27907
27751	27543
27337	27206
27164	27170
27177	27187
27252	27421
27639	27757
27630	27228
26681	26201
25942	25912
26055	26300
26596	26912
27228	27515
27750	27890
27899	27758
27471	27076
26577	25962
25270	24522
23611	22326
20524	18238
15658	13072
10783	9022
7894	7362
7297	7566
8161	9077
10052	10650
10666	10235
9601	8970
8470	8150
7959	7820
7737	7817
8174	8897
10064	11733
13888	16456
19382	22565
25695	28326
30180	31275
31830	32112
32297	32425
32493	32493
32441	32358
32271	32196
32151	32158
32184	32094
31549	30036
27065	22570
17369	12826
9782	8188
7570	7469
7747	8432
9317	9987
10274	10359
10444	10578
10722	10830
10830	10610
9971	8784
7329	6162
5628	5719
6291	7185
8170	8980
9495	9820
10232	10991
12081	13179
13916	14112
13953	14028
15141	17821
21676	25574
28605	30515
31525	32017
32272	32388
32425	32440
32459	32471
32485	32520
32573	32613
32611	32583
32549	32530
32533	32559
32582	32588
32562	32519
32479	32464
32479	32528
32594	32658
32704	32731
32743	32747
32747	32747
32747	32747
32747	32747
32747	32747
32747	32747
32747	32747
32747	32747
32747	32747
32747	32747
32747	32747
32747	32747
32747	32747
32747	32747
32747	32747
32747	32747
32747	32747
32747	32747
32747	32747
32747	32747
32747	32747
32747	32747
32747	32747
32747	32747
32747	32747
32747	32747
32747	32747
32747	32747
32747	32747
32747	32747
32747	32747
32747	32747
32747	32747
32747	32747
32747	32747
32747	32747
32747	32747
32747	32747
32747	32747
32747	32747
32747	32747
32747	32747
32747	32747
32747	32747
32747	32747
32747	32747
32747	32747
32747	32747
32747	32747
32747	32747
32747	32747
32747	32747
32747	32747
32747	32747
32747	32747
32747	32747
32747	32747
32747	32747
32747	32747
32747	32747
32747	32747
32747	32747
32747	32747
32747	32747
32747	32747
32747	32747
32747	32747
32747	32747
32747	32747
32747	32747
32747	32747
32747	32747
32747	32747
32747	32747
32747	32747
32747	32747
32747	32747
32747	32747
32747	32747
32747	32747
32747	32747
32747	32747
32747	32747
32747	32747
32747	32747
32747	32747
32747	32747
32747	32747
32747	32747
32747	32747
32747	32747
32747	32747
32747	32746
32744	32741
32736	32732
32732	32732
32730	32730
32731	32728
32721	32710
32698	32688
32684	32679
32671	32652
32619	32579
32547	32525
32485	32388
32278	32236
32240	32107
31574	30483
29036	27707
26866	26601
26787	27205
27695	28157
28497	28606
28459	28146
27851	27749
27885	28147
28384	28496
28512	28512
28447	28159
27595	26875
26200	25756
25638	25846
26300	26878
27449	27911
28204	28328
28306	28170
27955	27708
27481	27326
27245	27216
27206	27214
27275	27416
27589	27669
27551	27229
26829	26523
26379	26332
26330	26366
26472	26662
26930	27233
27517	27710
27762	27650
27393	27025
26536	25905
25150	24306
23310	21997
20264	18127
15722	13264
11026	9254
8117	7652
7762	8311
9217	10374
11401	11803
11436	10612
9716	8983
8485	8182
8001	7911
8011	8475
9410	10834
12766	15194
17958	20801
23580	26254
28632	30398
31443	31929
32120	32229
32351	32473
32550	32562
32512	32437
32360	32285
32223	32192
32187	32141
31838	30855
28602	24709
19686	14783
11064	8887
7940	7640
7710	8199
8973	9671
10081	10288
10409	10493
10550	10581
10546	10330
9733	8646
7305	6214
5689	5727
6229	7073
8049	8893
9454	9801
10172	10838
11823	12885
13691	14030
13965	13952
14771	17112
20793	24820
28189	30402
31546	32057
32289	32396
32437	32455
32470	32476
32490	32525
32580	32622
32631	32613
32586	32569
32564	32564
32561	32545
32523	32505
32502	32513
32538	32581
32634	32682
32716	32736
32744	32747
32747	32747
32747	32747
32747	32747
32747	32747
32747	32747
32747	32747
32747	32747
32747	32747
32747	32747
32747	32747
32747	32747
32747	32747
32747	32747
32747	32747
32747	32747
32747	32747
32747	32747
32747	32747
32747	32747
32747	32747
32747	32747
32747	32747
32747	32747
32747	32747
32747	32747
32747	32747
32747	32747
32747	32747
32747	32747
32747	32747
32747	32747
32747	32747
32747	32747
32747	32747
32747	32747
32747	32747
32747	32747
32747	32747
32747	32747
32747	32747
32747	32747
32747	32747
32747	32747
32747	32747
32747	32747
32747	32747
32747	32747
32747	32747
32747	32747
32747	32747
32747	32747
32747	32747
32747	32747
32747	32747
32747	32747
32747	32747
32747	32747
32747	32747
32747	32747
32747	32747
32747	32747
32747	32747
32747	32747
32747	32747
32747	32747
32747	32747
32747	32747
32747	32747
32747	32747
32747	32747
32747	32747
32747	32747
32747	32747
32747	32747
32747	32747
32747	32747
32747	32747
32747	32747
32747	32747
32747	32747
32747	32747
32747	32747
32747	32747
32747	32747
32747	32747
32747	32747
32747	32747
32747	32747
32747	32747
32747	32747
32747	32747
32747	32746
32743	32737
32730	32724
32723	32723
32721	32721
32718	32713
32703	32691
32674	32663
32655	32651
32641	32619
32594	32572
32556	32531
32480	32391
32303	32249
32177	31915
31243	30068
28627	27395
26713	26625
26942	27401
27835	28193
28443	28524
28423	28203
27978	27873
27928	28082
28241	28349
28413	28471
28440	28190
27680	27035
26442	26072
26004	26233
26681	27236
27771	28185
28433	28516
28458	28281
28031	27770
27551	27396
27309	27270
27264	27286
27344	27443
27540	27558
27441	27209
26952	26783
26709	26641
26535	26438
26417	26518
26744	27048
27356	27582
27651	27543
27274	26890
26389	25740
24946	24037
22965	21627
19946	17929
15663	13315
11138	9439
8464	8322
8933	10074
11513	12976
14023	14221
13565	12488
11442	10657
10148	9826
9629	9616
9972	10912
12490	14611
17178	20077
23005	25572
27650	29360
30740	31680
32159	32328
32369	32406
32478	32564
32623	32628
32584	32510
32437	32385
32350	32318
32276	32211
32028	31436
29843	26692
22124	17080
12731	9869
8447	7837
7650	7910
8549	9266
9825	10183
10369	10416
10385	10345
10280	10071
9518	8517
7283	6273
5757	5746
6170	6950
7911	8799
9436	9835
10193	10749
11589	12565
13419	13919
14001	13947
14504	16485
19955	24083
27783	30293
31554	32065
32285	32403
32462	32480
32474	32470
32483	32526
32588	32638
32656	32649
32628	32609
32590	32560
32519	32484
32469	32486
32522	32560
32594	32629
32666	32700
32725	32739
32745	32747
32747	32747
32747	32747
32747	32747
32747	32747
32747	32747
32747	32747
32747	32747
32747	32747
32747	32747
32747	32747
32747	32747
32747	32747
32747	32747
32747	32747
32747	32747
32747	32747
32747	32747
32747	32747
32747	32747
32747	32747
32747	32747
32747	32747
32747	32747
32747	32747
32747	32747
32747	32747
32747	32747
32747	32747
32747	32747
32747	32747
32747	32747
32747	32747
32747	32747
32747	32747
32747	32747
32747	32747
32747	32747
32747	32747
32747	32747
32747	32747
32747	32747
32747	32747
32747	32747
32747	32747
32747	32747
32747	32747
32747	32747
32747	32747
32747	32747
32747	32747
32747	32747
32747	32747
32747	32747
32747	32747
32747	32747
32747	32747
32747	32747
32747	32747
32747	32747
32747	32747
32747	32747
32747	32747
32747	32747
32747	32747
32747	32747
32747	32747
32747	32747
32747	32747
32747	32747
32747	32747
32747	32747
32747	32747
32747	32747
32747	32747
32747	32747
32747	32747
32747	32747
32747	32747
32747	32747
32747	32747
32747	32747
32747	32747
32747	32747
32747	32747
32747	32747
32747	32747
32747	32747
32747	32747
32747	32747
32747	32747
32747	32747
32747	32746
32742	32734
32726	32717
32713	32712
32713	32713
32708	32700
32686	32668
32652	32638
32632	32625
32609	32581
32554	32548
32551	32530
32470	32389
32317	32249
32096	31691
30882	29650
28261	27159
26645	26712
27136	27611
27970	28216
28366	28412
28350	28211
28054	27953
27942	28006
28108	28214
28316	28401
28388	28165
27724	27179
26689	26390
26354	26564
26963	27446
27906	28250
28438	28481
28382	28152
27858	27598
27427	27335
27298	27299
27322	27362
27410	27456
27476	27441
27335	27176
27023	26933
26877	26781
26622	26461
26387	26452
26658	26967
27286	27522
27591	27471
27186	26783
26276	25635
24842	23884
22728	21312
19609	17642
15504	13357
11473	10192
9789	10383
11844	13809
15862	17577
18563	18588
17815	16709
15684	14929
14426	14083
13879	13927
14439	15614
17441	19730
22296	24969
27428	29317
30560	31380
31961	32331
32504	32552
32560	32573
32610	32652
32683	32683
32640	32565
32494	32467
32474	32465
32403	32296
32151	31812
30784	28444
24604	19784
15030	11391
9171	7979
7469	7567
8142	8894
9567	10049
10301	10341
10255	10169
10103	9934
9435	8482
7286	6298
5786	5743
6110	6838
7788	8713
9422	9878
10229	10704
11424	12322
13206	13831
14030	13959
14318	16011
19293	23487
27448	30190
31541	32050
32268	32402
32481	32493
32467	32445
32463	32518
32588	32648
32674	32675
32659	32638
32604	32547
32475	32424
32420	32467
32535	32587
32619	32644
32673	32703
32726	32739
32745	32747
32747	32747
32747	32747
32747	32747
32747	32747
32747	32747
32747	32747
32747	32747
32747	32747
32747	32747
32747	32747
32747	32747
32747	32747
32747	32747
32747	32747
32747	32747
32747	32747
32747	32747
32747	32747
32747	32747
32747	32747
32747	32747
32747	32747
32747	32747
32747	32747
32747	32747
32747	32747
32747	32747
32747	32747
32747	32747
32747	32747
32747	32747
32747	32747
32747	32747
32747	32747
32747	32747
32747	32747
32747	32747
32747	32747
32747	32747
32747	32747
32747	32747
32747	32747
32747	32747
32747	32747
32747	32747
32747	32747
32747	32747
32747	32747
32747	32747
32747	32747
32747	32747
32747	32747
32747	32747
32747	32747
32747	32747
32747	32747
32747	32747
32747	32747
32747	32747
32747	32747
32747	32747
32747	32747
32747	32747
32747	32747
32747	32747
32747	32747
32747	32747
32747	32747
32747	32747
32747	32747
32747	32747
32747	32747
32747	32747
32747	32747
32747	32747
32747	32747
32747	32747
32747	32747
32747	32747
32747	32747
32747	32747
32747	32747
32747	32747
32747	32747
32747	32747
32747	32747
32747	32747
32747	32747
32747	32747
32747	32747
32747	32747
32747	32746
32741	32732
32722	32712
32705	32705
32706	32706
32700	32686
32670	32652
32637	32626
32620	32612
32594	32560
32530	32530
32544	32524
32458	32375
32302	32206
31974	31436
30507	29257
27981	27065
26744	26962
27455	27907
28171	28285
28322	28297
28228	28125
28020	27948
27930	27967
28050	28150
28251	28319
28286	28080
27709	27266
26880	26651
26628	26805
27125	27515
27877	28135
28258	28254
28105	27810
27464	27216
27136	27167
27243	27328
27405	27455
27476	27467
27429	27362
27269	27165
27067	26991
26906	26772
26593	26431
26356	26421
26634	26945
27264	27496
27563	27439
27150	26753
26269	25676
24913	23917
22651	21122
19378	17520
15684	14050
12867	12420
12906	14367
16591	19151
21528	23257
24080	24014
23326	22412
21572	20928
20473	20145
19957	20027
20525	21573
23113	24935
26845	28700
30289	31399
32016	32329
32507	32609
32656	32669
32672	32677
32692	32709
32721	32714
32671	32598
32530	32520
32555	32571
32507	32373
32223	32024
31432	29876
26949	22738
17943	13573
10298	8247
7315	7296
7870	8645
9356	9886
10182	10223
10107	10001
9964	9877
9462	8537
7310	6290
5771	5718
6053	6747
7691	8644
9402	9897
10248	10677
11333	12196
13101	13794
14053	13961
14185	15685
18824	23045
27168	30073
31507	32035
32257	32400
32485	32488
32442	32410
32431	32501
32583	32648
32682	32689
32675	32651
32606	32529
32439	32380
32385	32448
32532	32586
32612	32630
32659	32693
32720	32737
32745	32747
32747	32747
32747	32747
32747	32747
32747	32747
32747	32747
32747	32747
32747	32747
32747	32747
32747	32747
32747	32747
32747	32747
32747	32747
32747	32747
32747	32747
32747	32747
32747	32747
32747	32747
32747	32747
32747	32747
32747	32747
32747	32747
32747	32747
32747	32747
32747	32747
32747	32747
32747	32747
32747	32747
32747	32747
32747	32747
32747	32747
32747	32747
32747	32747
32747	32747
32747	32747
32747	32747
32747	32747
32747	32747
32747	32747
32747	32747
32747	32747
32747	32747
32747	32747
32747	32747
32747	32747
32747	32747
32747	32747
32747	32747
32747	32747
32747	32747
32747	32747
32747	32747
32747	32747
32747	32747
32747	32747
32747	32747
32747	32747
32747	32747
32747	32747
32747	32747
32747	32747
32747	32747
32747	32747
32747	32747
32747	32747
32747	32747
32747	32747
32747	32747
32747	32747
32747	32747
32747	32747
32747	32747
32747	32747
32747	32747
32747	32747
32747	32747
32747	32747
32747	32747
32747	32747
32747	32747
32747	32747
32747	32747
32747	32747
32747	32747
32747	32747
32747	32747
32747	32747
32747	32747
32747	32747
32747	32747
32747	32747
32747	32747
32747	32746
32741	32731
32719	32708
32700	32700
32702	32702
32696	32680
32659	32642
32629	32623
32616	32613
32597	32567
32543	32544
32557	32536
32467	32381
32294	32153
31827	31163
30137	28914
27802	27127
27016	27352
27852	28231
28374	28357
28272	28171
28073	27989
27938	27923
27948	28008
28092	28182
28250	28264
28183	27982
27686	27359
27080	26916
26904	27033
27266	27539
27785	27941
27992	27937
27750	27410
27036	26828
26859	27037
27253	27442
27573	27629
27611	27545
27455	27362
27280	27206
27125	27014
26865	26687
26507	26371
26327	26414
26634	26935
27240	27457
27518	27396
27121	26748
26309	25781
25069	24056
22725	21164
19550	18076
16916	16218
16103	16660
17925	19816
22120	24500
26554	27947
28557	28504
28043	27437
26861	26381
26002	25723
25578	25651
26035	26760
27755	28844
29909	30889
31699	32243
32523	32639
32685	32709
32717	32720
32721	32724
32728	32733
32736	32724
32679	32597
32523	32519
32576	32613
32558	32411
32255	32130
31842	30942
28942	25590
21140	16328
12056	9050
7548	7289
7774	8500
9172	9687
9978	10002
9848	9723
9729	9750
9454	8582
7336	6285
5753	5688
5999	6669
7603	8575
9367	9891
10248	10660
11289	12144
13068	13796
14076	13951
14072	15421
18442	22648
26873	29912
31450	32031
32269	32408
32484	32475
32417	32378
32408	32486
32577	32645
32683	32693
32681	32656
32602	32516
32420	32358
32367	32436
32522	32578
32595	32611
32642	32681
32715	32735
32744	32747
32747	32747
32747	32747
32747	32747
32747	32747
32747	32747
32747	32747
32747	32747
32747	32747
32747	32747
32747	32747
32747	32747
32747	32747
32747	32747
32747	32747
32747	32747
32747	32747
32747	32747
32747	32747
32747	32747
32747	32747
32747	32747
32747	32747
32747	32747
32747	32747
32747	32747
32747	32747
32747	32747
32747	32747
32747	32747
32747	32747
32747	32747
32747	32747
32747	32747
32747	32747
32747	32747
32747	32747
32747	32747
32747	32747
32747	32747
32747	32747
32747	32747
32747	32747
32747	32747
32747	32747
32747	32747
32747	32747
32747	32747
32747	32747
32747	32747
32747	32747
32747	32747
32747	32747
32747	32747
32747	32747
32747	32747
32747	32747
32747	32747
32747	32747
32747	32747
32747	32747
32747	32747
32747	32747
32747	32747
32747	32747
32747	32747
32747	32747
32747	32747
32747	32747
32747	32747
32747	32747
32747	32747
32747	32747
32747	32747
32747	32747
32747	32747
32747	32747
32747	32747
32747	32747
32747	32747
32747	32747
32747	32747
32747	32747
32747	32747
32747	32747
32747	32747
32747	32747
32747	32747
32747	32747
32747	32747
32747	32747
32747	32747
32747	32746
32741	32731
32719	32708
32700	32701
32704	32704
32695	32678
32655	32639
32628	32623
32621	32620
32614	32600
32587	32587
32590	32563
32498	32413
32299	32094
31656	30867
29771	28617
27714	27302
27395	27795
28227	28476
28488	28354
28181	28025
27917	27869
27884	27946
28035	28135
28230	28301
28322	28264
28120	27928
27715	27510
27346	27252
27248	27327
27457	27603
27719	27764
27737	27637
27433	27096
26753	26608
26741	27039
27367	27640
27814	27869
27818	27702
27567	27451
27365	27298
27204	27040
26816	26592
26421	26318
26308	26412
26625	26901
27176	27367
27419	27302
27043	26694
26286	25795
25132	24210
23036	21763
20618	19833
19574	19908
20786	22088
23655	25342
27012	28538
29780	30617
31013	31039
30826	30517
30188	29869
29578	29365
29276	29355
29613	30026
30511	30979
31409	31829
32215	32499
32648	32710
32732	32737
32738	32739
32739	32739
32741	32742
32741	32724
32672	32576
32490	32485
32553	32602
32554	32418
32274	32193
32081	31647
30435	28018
24241	19448
14558	10684
8419	7622
7768	8319
8921	9419
9704	9694
9499	9359
9402	9509
9321	8537
7346	6311
5770	5680
5956	6596
7517	8499
9318	9866
10231	10631
11248	12102
13040	13798
14091	13934
13956	15153
18032	22197
26498	29687
31363	32037
32301	32434
32491	32467
32398	32364
32400	32485
32577	32645
32683	32693
32683	32655
32601	32511
32413	32353
32364	32436
32520	32574
32588	32602
32634	32676
32711	32733
32744	32747
32747	32747
32747	32747
32747	32747
32747	32747
32747	32747
32747	32747
32747	32747
32747	32747
32747	32747
32747	32747
32747	32747
32747	32747
32747	32747
32747	32747
32747	32747
32747	32747
32747	32747
32747	32747
32747	32747
32747	32747
32747	32747
32747	32747
32747	32747
32747	32747
32747	32747
32747	32747
32747	32747
32747	32747
32747	32747
32747	32747
32747	32747
32747	32747
32747	32747
32747	32747
32747	32747
32747	32747
32747	32747
32747	32747
32747	32747
32747	32747
32747	32747
32747	32747
32747	32747
32747	32747
32747	32747
32747	32747
32747	32747
32747	32747
32747	32747
32747	32747
32747	32747
32747	32747
32747	32747
32747	32747
32747	32747
32747	32747
32747	32747
32747	32747
32747	32747
32747	32747
32747	32747
32747	32747
32747	32747
32747	32747
32747	32747
32747	32747
32747	32747
32747	32747
32747	32747
32747	32747
32747	32747
32747	32747
32747	32747
32747	32747
32747	32747
32747	32747
32747	32747
32747	32747
32747	32747
32747	32747
32747	32747
32747	32747
32747	32747
32747	32747
32747	32747
32747	32747
32747	32747
32747	32747
32747	32747
32747	32747
32747	32747
32747	32746
32741	32731
32720	32710
32704	32705
32709	32708
32698	32676
32655	32637
32628	32626
32627	32631
32636	32635
32632	32626
32614	32580
32522	32433
32284	31990
31427	30521
29390	28339
27667	27512
27776	28183
28490	28581
28475	28264
28048	27881
27804	27814
27905	28043
28193	28322
28416	28462
28429	28299
28102	27923
27800	27718
27664	27640
27646	27672
27704	27725
27709	27647
27543	27409
27214	26933
26665	26596
26788	27136
27513	27819
28013	28073
28017	27880
27725	27585
27486	27402
27279	27061
26778	26524
26362	26288
26302	26405
26592	26830
27055	27212
27242	27128
26887	26557
26142	25631
25030	24392
23775	23240
22895	22888
23326	24226
25482	26888
28241	29387
30279	30944
31439	31795
32015	32087
32041	31923
31759	31559
31352	31209
31173	31251
31418	31614
31775	31872
31955	32115
32347	32556
32676	32725
32740	32744
32744	32744
32744	32744
32744	32744
32742	32723
32664	32555
32455	32446
32513	32550
32503	32401
32306	32256
32220	32051
31420	29863
26969	22693
17718	13212
10014	8304
7793	8010
8536	9079
9412	9422
9228	9094
9153	9260
9087	8376
7302	6352
5821	5695
5927	6530
7431	8415
9255	9821
10187	10579
11183	12032
12987	13769
14085	13907
13837	14870
17579	21668
26033	29383
31240	32033
32337	32462
32499	32467
32396	32366
32404	32492
32581	32647
32683	32693
32683	32656
32601	32512
32416	32360
32371	32441
32526	32580
32594	32607
32637	32676
32711	32733
32744	32747
32747	32747
32747	32747
32747	32747
32747	32747
32747	32747
32747	32747
32747	32747
32747	32747
32747	32747
32747	32747
32747	32747
32747	32747
32747	32747
32747	32747
32747	32747
32747	32747
32747	32747
32747	32747
32747	32747
32747	32747
32747	32747
32747	32747
32747	32747
32747	32747
32747	32747
32747	32747
32747	32747
32747	32747
32747	32747
32747	32747
32747	32747
32747	32747
32747	32747
32747	32747
32747	32747
32747	32747
32747	32747
32747	32747
32747	32747
32747	32747
32747	32747
32747	32747
32747	32747
32747	32747
32747	32747
32747	32747
32747	32747
32747	32747
32747	32747
32747	32747
32747	32747
32747	32747
32747	32747
32747	32747
32747	32747
32747	32747
32747	32747
32747	32747
32747	32747
32747	32747
32747	32747
32747	32747
32747	32747
32747	32747
32747	32747
32747	32747
32747	32747
32747	32747
32747	32747
32747	32747
32747	32747
32747	32747
32747	32747
32747	32747
32747	32747
32747	32747
32747	32747
32747	32747
32747	32747
32747	32747
32747	32747
32747	32747
32747	32747
32747	32747
32747	32747
32747	32747
32747	32747
32747	32747
32747	32747
32747	32747
32747	32747
32747	32746
32741	32732
32722	32713
32711	32713
32717	32713
32701	32678
32655	32636
32627	32627
32631	32642
32652	32658
32651	32632
32601	32563
32509	32414
32212	31810
31109	30101
28972	28056
27612	27683
28062	28437
28598	28548
28361	28124
27911	27782
27759	27842
28000	28193
28376	28511
28588	28594
28512	28326
28098	27941
27901	27933
27984	28022
28041	28022
27962	27868
27741	27584
27415	27256
27088	26889
26723	26717
26909	27227
27571	27862
28054	28132
28104	27997
27856	27715
27602	27498
27339	27083
26769	26505
26352	26296
26317	26404
26552	26728
26890	26995
26999	26888
26669	26363
25944	25421
24946	24768
24955	25375
25895	26484
27184	28036
29003	29977
30822	31450
31844	32060
32184	32283
32372	32422
32424	32382
32295	32166
32027	31941
31944	32019
32126	32214
32238	32190
32148	32218
32398	32579
32685	32728
32742	32745
32745	32745
32745	32745
32745	32745
32743	32723
32662	32550
32448	32433
32483	32496
32441	32385
32358	32342
32316	32251
31969	31098
29139	25759
21253	16492
12388	9534
8073	7766
8164	8785
9235	9336
9203	9100
9117	9091
8772	8053
7115	6310
5848	5715
5909	6471
7348	8332
9186	9762
10125	10501
11087	11929
12898	13709
14057	13873
13724	14583
17093	21074
25485	29004
31063	31995
32353	32479
32508	32470
32407	32381
32422	32503
32587	32649
32684	32693
32684	32656
32605	32521
32430	32374
32385	32454
32539	32591
32608	32619
32643	32679
32712	32733
32744	32747
32747	32747
32747	32747
32747	32747
32747	32747
32747	32747
32747	32747
32747	32747
32747	32747
32747	32747
32747	32747
32747	32747
32747	32747
32747	32747
32747	32747
32747	32747
32747	32747
32747	32747
32747	32747
32747	32747
32747	32747
32747	32747
32747	32747
32747	32747
32747	32747
32747	32747
32747	32747
32747	32747
32747	32747
32747	32747
32747	32747
32747	32747
32747	32747
32747	32747
32747	32747
32747	32747
32747	32747
32747	32747
32747	32747
32747	32747
32747	32747
32747	32747
32747	32747
32747	32747
32747	32747
32747	32747
32747	32747
32747	32747
32747	32747
32747	32747
32747	32747
32747	32747
32747	32747
32747	32747
32747	32747
32747	32747
32747	32747
32747	32747
32747	32747
32747	32747
32747	32747
32747	32747
32747	32747
32747	32747
32747	32747
32747	32747
32747	32747
32747	32747
32747	32747
32747	32747
32747	32747
32747	32747
32747	32747
32747	32747
32747	32747
32747	32747
32747	32747
32747	32747
32747	32747
32747	32747
32747	32747
32747	32747
32747	32747
32747	32747
32747	32747
32747	32747
32747	32747
32747	32747
32747	32747
32747	32747
32747	32747
32747	32747
32747	32746
32741	32733
32722	32715
32713	32718
32720	32717
32702	32678
32655	32636
32628	32628
32634	32648
32663	32665
32645	32605
32557	32515
32466	32358
32092	31557
30709	29619
28529	27768
27535	27775
28222	28537
28576	28429
28214	27999
27831	27757
27798	27940
28139	28350
28526	28636
28673	28636
28506	28282
28047	27927
27964	28090
28224	28319
28349	28297
28168	27987
27770	27541
27323	27145
27005	26889
26819	26847
26993	27219
27473	27710
27896	28010
28049	28016
27934	27826
27714	27586
27401	27125
26807	26550
26408	26357
26366	26422
26510	26612
26695	26740
26717	26612
26427	26176
25829	25427
25214	25521
26380	27498
28557	29404
30043	30564
31038	31485
31883	32181
32367	32452
32471	32472
32470	32464
32443	32408
32345	32257
32171	32131
32154	32222
32297	32353
32360	32314
32278	32330
32472	32616
32701	32734
32745	32747
32747	32747
32747	32747
32747	32747
32745	32727
32668	32562
32465	32445
32478	32467
32408	32387
32423	32440
32409	32345
32215	31800
30668	28349
24731	20195
15514	11577
9000	7942
8050	8671
9226	9452
9417	9347
9255	8965
8349	7521
6697	6101
5785	5709
5889	6419
7271	8258
9124	9706
10060	10411
10971	11805
12785	13628
14011	13845
13628	14305
16584	20423
24861	28546
30817	31912
32345	32487
32513	32480
32431	32413
32449	32520
32596	32651
32683	32691
32684	32659
32610	32532
32446	32394
32403	32471
32556	32608
32622	32630
32650	32681
32713	32734
32744	32747
32747	32747
32747	32747
32747	32747
32747	32747
32747	32747
32747	32747
32747	32747
32747	32747
32747	32747
32747	32747
32747	32747
32747	32747
32747	32747
32747	32747
32747	32747
32747	32747
32747	32747
32747	32747
32747	32747
32747	32747
32747	32747
32747	32747
32747	32747
32747	32747
32747	32747
32747	32747
32747	32747
32747	32747
32747	32747
32747	32747
32747	32747
32747	32747
32747	32747
32747	32747
32747	32747
32747	32747
32747	32747
32747	32747
32747	32747
32747	32747
32747	32747
32747	32747
32747	32747
32747	32747
32747	32747
32747	32747
32747	32747
32747	32747
32747	32747
32747	32747
32747	32747
32747	32747
32747	32747
32747	32747
32747	32747
32747	32747
32747	32747
32747	32747
32747	32747
32747	32747
32747	32747
32747	32747
32747	32747
32747	32747
32747	32747
32747	32747
32747	32747
32747	32747
32747	32747
32747	32747
32747	32747
32747	32747
32747	32747
32747	32747
32747	32747
32747	32747
32747	32747
32747	32747
32747	32747
32747	32747
32747	32747
32747	32747
32747	32747
32747	32747
32747	32747
32747	32747
32747	32747
32747	32747
32747	32747
32747	32747
32747	32747
32747	32746
32741	32733
32724	32717
32716	32719
32722	32717
32702	32678
32655	32636
32628	32628
32635	32650
32664	32660
32630	32567
32504	32455
32408	32277
31936	31267
30279	29140
28132	27540
27482	27832
28282	28524
28482	28291
28095	27932
27830	27818
27909	28080
28284	28471
28599	28655
28637	28548
28381	28147
27931	27857
27954	28147
28337	28470
28511	28446
28281	28047
27774	27494
27242	27049
26925	26876
26880	26922
26992	27100
27249	27421
27602	27768
27896	27972
27983	27936
27845	27711
27511	27228
26912	26667
26529	26472
26460	26471
26491	26507
26509	26493
26442	26350
26217	26055
25874	25748
25903	26594
27783	29124
30280	31085
31545	31781
31919	32050
32205	32363
32483	32543
32541	32506
32454	32400
32352	32309
32259	32205
32156	32146
32176	32227
32286	32342
32378	32389
32399	32462
32566	32664
32719	32740
32746	32747
32747	32747
32747	32747
32747	32747
32745	32728
32674	32577
32487	32467
32492	32478
32429	32429
32496	32539
32502	32412
32312	32141
31612	30260
27681	23789
19028	14306
10617	8613
8194	8639
9218	9544
9604	9548
9324	8733
7799	6831
6121	5758
5653	5685
5876	6377
7208	8196
9074	9660
9995	10315
10844	11663
12651	13531
13964	13830
13560	14051
16079	19743
24178	28014
30493	31766
32300	32481
32517	32499
32468	32459
32488	32543
32601	32650
32679	32689
32683	32662
32616	32543
32464	32417
32430	32495
32578	32628
32638	32640
32656	32683
32713	32734
32744	32747
32747	32747
32747	32747
32747	32747
32747	32747
32747	32747
32747	32747
32747	32747
32747	32747
32747	32747
32747	32747
32747	32747
32747	32747
32747	32747
32747	32747
32747	32747
32747	32747
32747	32747
32747	32747
32747	32747
32747	32747
32747	32747
32747	32747
32747	32747
32747	32747
32747	32747
32747	32747
32747	32747
32747	32747
32747	32747
32747	32747
32747	32747
32747	32747
32747	32747
32747	32747
32747	32747
32747	32747
32747	32747
32747	32747
32747	32747
32747	32747
32747	32747
32747	32747
32747	32747
32747	32747
32747	32747
32747	32747
32747	32747
32747	32747
32747	32747
32747	32747
32747	32747
32747	32747
32747	32747
32747	32747
32747	32747
32747	32747
32747	32747
32747	32747
32747	32747
32747	32747
32747	32747
32747	32747
32747	32747
32747	32747
32747	32747
32747	32747
32747	32747
32747	32747
32747	32747
32747	32747
32747	32747
32747	32747
32747	32747
32747	32747
32747	32747
32747	32747
32747	32747
32747	32747
32747	32747
32747	32747
32747	32747
32747	32747
32747	32747
32747	32747
32747	32747
32747	32747
32747	32747
32747	32747
32747	32747
32747	32747
32747	32747
32747	32746
32741	32733
32724	32717
32716	32717
32719	32714
32701	32677
32654	32636
32628	32628
32635	32652
32664	32661
32623	32552
32471	32415
32354	32188
31768	30983
29899	28762
27874	27460
27540	27930
28327	28480
28373	28176
28023	27932
27898	27938
28051	28216
28387	28517
28577	28566
28488	28359
28174	27952
27775	27739
27872	28094
28310	28461
28510	28449
28281	28033
27735	27435
27169	26967
26857	26850
26900	26938
26942	26951
27006	27131
27313	27534
27753	27936
28051	28088
28038	27917
27713	27422
27102	26850
26707	26637
26596	26549
26496	26431
26360	26288
26220	26150
26083	26032
26063	26271
26803	27744
28981	30220
31206	31831
32128	32206
32200	32208
32275	32379
32475	32528
32526	32482
32421	32358
32308	32269
32239	32214
32202	32208
32232	32261
32294	32338
32396	32447
32502	32568
32642	32700
32732	32743
32746	32747
32747	32747
32747	32747
32747	32747
32745	32729
32677	32581
32493	32471
32504	32509
32485	32498
32565	32611
32579	32480
32384	32319
32130	31446
29765	26693
22274	17172
12547	9533
8394	8481
8960	9311
9413	9342
9019	8254
7163	6171
5600	5458
5551	5685
5886	6359
7170	8152
9040	9624
9938	10216
10704	11500
12500	13418
13909	13820
13517	13830
15589	19057
23462	27423
30096	31552
32211	32458
32527	32531
32519	32516
32534	32566
32607	32643
32670	32685
32683	32665
32624	32556
32485	32443
32455	32520
32597	32646
32654	32653
32664	32687
32714	32734
32744	32747
32747	32747
32747	32747
32747	32747
32747	32747
32747	32747
32747	32747
32747	32747
32747	32747
32747	32747
32747	32747
32747	32747
32747	32747
32747	32747
32747	32747
32747	32747
32747	32747
32747	32747
32747	32747
32747	32747
32747	32747
32747	32747
32747	32747
32747	32747
32747	32747
32747	32747
32747	32747
32747	32747
32747	32747
32747	32747
32747	32747
32747	32747
32747	32747
32747	32747
32747	32747
32747	32747
32747	32747
32747	32747
32747	32747
32747	32747
32747	32747
32747	32747
32747	32747
32747	32747
32747	32747
32747	32747
32747	32747
32747	32747
32747	32747
32747	32747
32747	32747
32747	32747
32747	32747
32747	32747
32747	32747
32747	32747
32747	32747
32747	32747
32747	32747
32747	32747
32747	32747
32747	32747
32747	32747
32747	32747
32747	32747
32747	32747
32747	32747
32747	32747
32747	32747
32747	32747
32747	32747
32747	32747
32747	32747
32747	32747
32747	32747
32747	32747
32747	32747
32747	32747
32747	32747
32747	32747
32747	32747
32747	32747
32747	32747
32747	32747
32747	32747
32747	32747
32747	32747
32747	32747
32747	32747
32747	32747
32747	32747
32747	32747
32747	32746
32741	32733
32724	32717
32714	32714
32713	32708
32697	32676
32654	32636
32628	32628
32635	32652
32667	32668
32633	32560
32475	32406
32321	32105
31607	30735
29608	28532
27801	27556
27736	28104
28392	28437
28274	28083
27981	27961
27992	28063
28176	28306
28418	28478
28465	28394
28280	28134
27955	27768
27629	27624
27761	27972
28182	28332
28389	28345
28202	27972
27690	27395
27130	26924
26817	26823
26891	26928
26895	26847
26852	26947
27132	27384
27661	27926
28127	28232
28237	28155
27966	27671
27337	27072
26916	26830
26752	26655
26533	26396
26267	26158
26083	26047
26053	26129
26372	26902
27751	28831
29960	30949
31672	32098
32283	32310
32281	32267
32300	32370
32446	32488
32488	32457
32413	32367
32332	32310
32304	32311
32325	32345
32360	32363
32361	32378
32421	32484
32552	32620
32680	32720
32739	32745
32747	32747
32747	32747
32747	32747
32747	32747
32745	32730
32677	32582
32488	32459
32492	32527
32540	32569
32618	32646
32619	32542
32469	32437
32376	32026
30940	28613
24752	19641
14415	10553
8684	8322
8609	8874
8888	8704
8293	7534
6549	5724
5328	5350
5562	5743
5930	6368
7153	8132
9019	9596
9881	10117
10560	11332
12336	13289
13842	13819
13499	13649
15143	18399
22750	26801
29650	31286
32083	32418
32537	32573
32578	32578
32580	32592
32611	32634
32659	32679
32684	32670
32632	32570
32501	32464
32475	32537
32611	32660
32667	32664
32670	32689
32715	32734
32744	32747
32747	32747
32747	32747
32747	32747
32747	32747
32747	32747
32747	32747
32747	32747
32747	32747
32747	32747
32747	32747
32747	32747
32747	32747
32747	32747
32747	32747
32747	32747
32747	32747
32747	32747
32747	32747
32747	32747
32747	32747
32747	32747
32747	32747
32747	32747
32747	32747
32747	32747
32747	32747
32747	32747
32747	32747
32747	32747
32747	32747
32747	32747
32747	32747
32747	32747
32747	32747
32747	32747
32747	32747
32747	32747
32747	32747
32747	32747
32747	32747
32747	32747
32747	32747
32747	32747
32747	32747
32747	32747
32747	32747
32747	32747
32747	32747
32747	32747
32747	32747
32747	32747
32747	32747
32747	32747
32747	32747
32747	32747
32747	32747
32747	32747
32747	32747
32747	32747
32747	32747
32747	32747
32747	32747
32747	32747
32747	32747
32747	32747
32747	32747
32747	32747
32747	32747
32747	32747
32747	32747
32747	32747
32747	32747
32747	32747
32747	32747
32747	32747
32747	32747
32747	32747
32747	32747
32747	32747
32747	32747
32747	32747
32747	32747
32747	32747
32747	32747
32747	32747
32747	32747
32747	32747
32747	32747
32747	32747
32747	32747
32747	32747
32747	32746
32741	32733
32724	32717
32712	32711
32708	32705
32693	32675
32654	32636
32628	32628
32635	32652
32670	32674
32646	32583
32500	32422
32301	32030
31460	30523
29391	28413
27855	27774
28014	28309
28448	28364
28145	27972
27924	27970
28052	28147
28243	28329
28377	28374
28311	28209
28087	27957
27818	27670
27565	27560
27674	27850
28030	28161
28225	28208
28107	27928
27687	27419
27161	26951
26831	26825
26879	26910
26875	26824
26820	26900
27074	27320
27606	27889
28127	28282
28340	28306
28161	27892
27563	27294
27134	27032
26925	26779
26597	26409
26238	26110
26044	26055
26143	26348
26794	27611
28720	29859
30801	31476
31900	32131
32235	32280
32299	32317
32344	32382
32429	32455
32459	32440
32418	32388
32366	32358
32370	32398
32437	32469
32483	32468
32436	32419
32436	32486
32553	32625
32684	32722
32739	32746
32747	32747
32747	32747
32747	32747
32747	32747
32745	32732
32686	32596
32495	32433
32437	32484
32545	32601
32636	32634
32604	32559
32526	32508
32455	32217
31455	29675
26384	21565
16208	11899
9512	8769
8821	8852
8548	8023
7422	6753
6080	5563
5354	5449
5684	5850
6004	6398
7157	8121
9004	9574
9836	10028
10422	11162
12162	13148
13767	13817
13502	13508
14749	17791
22071	26193
29193	30995
31931	32361
32538	32605
32629	32631
32622	32614
32614	32627
32649	32670
32682	32675
32641	32585
32521	32486
32497	32554
32623	32669
32677	32673
32677	32693
32717	32734
32744	32747
32747	32747
32747	32747
32747	32747
32747	32747
32747	32747
32747	32747
32747	32747
32747	32747
32747	32747
32747	32747
32747	32747
32747	32747
32747	32747
32747	32747
32747	32747
32747	32747
32747	32747
32747	32747
32747	32747
32747	32747
32747	32747
32747	32747
32747	32747
32747	32747
32747	32747
32747	32747
32747	32747
32747	32747
32747	32747
32747	32747
32747	32747
32747	32747
32747	32747
32747	32747
32747	32747
32747	32747
32747	32747
32747	32747
32747	32747
32747	32747
32747	32747
32747	32747
32747	32747
32747	32747
32747	32747
32747	32747
32747	32747
32747	32747
32747	32747
32747	32747
32747	32747
32747	32747
32747	32747
32747	32747
32747	32747
32747	32747
32747	32747
32747	32747
32747	32747
32747	32747
32747	32747
32747	32747
32747	32747
32747	32747
32747	32747
32747	32747
32747	32747
32747	32747
32747	32747
32747	32747
32747	32747
32747	32747
32747	32747
32747	32747
32747	32747
32747	32747
32747	32747
32747	32747
32747	32747
32747	32747
32747	32747
32747	32747
32747	32747
32747	32747
32747	32747
32747	32747
32747	32747
32747	32747
32747	32747
32747	32747
32747	32747
32747	32746
32741	32733
32724	32717
32712	32710
32706	32702
32692	32674
32654	32636
32629	32629
32637	32654
32671	32678
32655	32598
32522	32432
32281	31952
31308	30319
29199	28331
27947	28001
28269	28461
28434	28218
27959	27808
27816	27920
28048	28162
28242	28284
28283	28237
28155	28059
27968	27885
27799	27696
27605	27583
27653	27777
27909	28019
28085	28098
28051	27934
27752	27523
27281	27064
26913	26852
26858	26871
26859	26847
26867	26942
27084	27280
27513	27757
27975	28140
28243	28270
28198	27996
27723	27485
27335	27224
27093	26910
26685	26455
26261	26130
26088	26153
26327	26654
27280	28330
29628	30769
31503	31876
32033	32096
32147	32217
32300	32360
32387	32401
32417	32428
32433	32431
32420	32396
32372	32359
32372	32406
32458	32507
32537	32527
32490	32452
32443	32467
32523	32595
32666	32714
32738	32745
32747	32747
32747	32747
32747	32747
32747	32747
32746	32736
32701	32628
32509	32384
32314	32355
32476	32586
32618	32585
32536	32519
32530	32528
32463	32256
31675	30282
27553	23321
18370	14148
11594	10624
10424	10043
9109	7902
6836	6145
5785	5585
5500	5605
5819	5966
6082	6440
7164	8109
8989	9555
9804	9961
10308	11011
12003	13010
13690	13818
13526	13410
14421	17253
21446	25614
28746	30698
31764	32285
32521	32619
32657	32662
32650	32630
32619	32620
32636	32657
32675	32673
32650	32600
32545	32510
32520	32569
32635	32677
32683	32679
32683	32699
32719	32736
32744	32747
32747	32747
32747	32747
32747	32747
32747	32747
32747	32747
32747	32747
32747	32747
32747	32747
32747	32747
32747	32747
32747	32747
32747	32747
32747	32747
32747	32747
32747	32747
32747	32747
32747	32747
32747	32747
32747	32747
32747	32747
32747	32747
32747	32747
32747	32747
32747	32747
32747	32747
32747	32747
32747	32747
32747	32747
32747	32747
32747	32747
32747	32747
32747	32747
32747	32747
32747	32747
32747	32747
32747	32747
32747	32747
32747	32747
32747	32747
32747	32747
32747	32747
32747	32747
32747	32747
32747	32747
32747	32747
32747	32747
32747	32747
32747	32747
32747	32747
32747	32747
32747	32747
32747	32747
32747	32747
32747	32747
32747	32747
32747	32747
32747	32747
32747	32747
32747	32747
32747	32747
32747	32747
32747	32747
32747	32747
32747	32747
32747	32747
32747	32747
32747	32747
32747	32747
32747	32747
32747	32747
32747	32747
32747	32747
32747	32747
32747	32747
32747	32747
32747	32747
32747	32747
32747	32747
32747	32747
32747	32747
32747	32747
32747	32747
32747	32747
32747	32747
32747	32747
32747	32747
32747	32747
32747	32747
32747	32747
32747	32747
32747	32747
32747	32746
32741	32733
32724	32717
32712	32710
32706	32702
32692	32674
32654	32636
32629	32630
32638	32653
32669	32671
32645	32588
32512	32417
32233	31837
31117	30088
28999	28237
27990	28141
28395	28477
28301	27987
27709	27593
27654	27812
27987	28121
28196	28210
28179	28114
28042	27974
27930	27904
27876	27808
27722	27678
27701	27769
27857	27941
28007	28049
28053	28004
27887	27705
27477	27249
27052	26908
26829	26796
26804	26839
26893	26972
27075	27204
27353	27516
27675	27822
27947	28038
28055	27959
27788	27621
27500	27393
27245	27036
26781	26526
26318	26189
26172	26296
26559	27004
27770	28957
30328	31416
31989	32171
32177	32151
32167	32241
32335	32398
32412	32401
32394	32398
32413	32425
32426	32409
32380	32353
32347	32367
32416	32482
32542	32561
32543	32507
32479	32474
32500	32561
32640	32703
32735	32744
32747	32747
32747	32747
32747	32747
32747	32747
32747	32741
32718	32654
32514	32305
32141	32165
32354	32539
32590	32531
32455	32451
32505	32535
32483	32315
31884	30855
28777	25434
21375	17737
15377	14343
13865	12904
11063	8813
6923	5905
5636	5592
5543	5628
5851	6029
6158	6493
7179	8095
8967	9548
9804	9940
10240	10896
11871	12897
13629	13829
13565	13363
14171	16786
20848	25026
28281	30392
31586	32197
32486	32614
32660	32669
32658	32638
32619	32610
32616	32639
32661	32674
32659	32621
32572	32540
32545	32590
32645	32682
32690	32689
32693	32708
32726	32738
32745	32747
32747	32747
32747	32747
32747	32747
32747	32747
32747	32747
32747	32747
32747	32747
32747	32747
32747	32747
32747	32747
32747	32747
32747	32747
32747	32747
32747	32747
32747	32747
32747	32747
32747	32747
32747	32747
32747	32747
32747	32747
32747	32747
32747	32747
32747	32747
32747	32747
32747	32747
32747	32747
32747	32747
32747	32747
32747	32747
32747	32747
32747	32747
32747	32747
32747	32747
32747	32747
32747	32747
32747	32747
32747	32747
32747	32747
32747	32747
32747	32747
32747	32747
32747	32747
32747	32747
32747	32747
32747	32747
32747	32747
32747	32747
32747	32747
32747	32747
32747	32747
32747	32747
32747	32747
32747	32747
32747	32747
32747	32747
32747	32747
32747	32747
32747	32747
32747	32747
32747	32747
32747	32747
32747	32747
32747	32747
32747	32747
32747	32747
32747	32747
32747	32747
32747	32747
32747	32747
32747	32747
32747	32747
32747	32747
32747	32747
32747	32747
32747	32747
32747	32747
32747	32747
32747	32747
32747	32747
32747	32747
32747	32747
32747	32747
32747	32747
32747	32747
32747	32747
32747	32747
32747	32747
32747	32747
32747	32747
32747	32747
32747	32747
32747	32746
32741	32733
32724	32717
32712	32710
32706	32702
32692	32674
32654	32636
32630	32632
32641	32655
32662	32650
32607	32547
32475	32373
32148	31671
30866	29816
28790	28137
27977	28144
28342	28321
28054	27703
27451	27386
27492	27696
27905	28067
28153	28164
28123	28060
27997	27953
27935	27941
27944	27913
27852	27813
27812	27843
27889	27944
28005	28066
28113	28123
28067	27935
27737	27500
27255	27018
26822	26716
26697	26743
26812	26898
26982	27070
27155	27250
27350	27468
27597	27731
27825	27836
27774	27697
27633	27540
27384	27154
26883	26614
26394	26249
26235	26398
26766	27362
28266	29503
30820	31793
32254	32367
32348	32316
32316	32359
32411	32437
32420	32388
32371	32376
32402	32430
32445	32440
32418	32381
32351	32347
32383	32455
32539	32592
32600	32579
32546	32514
32504	32544
32620	32691
32729	32743
32746	32747
32747	32747
32747	32747
32747	32747
32747	32744
32728	32673
32516	32251
32023	32032
32271	32511
32582	32509
32415	32413
32498	32562
32546	32434
32161	31503
30132	27838
24941	22215
20334	19384
18646	17058
14240	10801
7824	6131
5627	5537
5463	5538
5815	6071
6262	6591
7216	8065
8929	9562
9889	10025
10251	10828
11774	12811
13589	13857
13641	13388
14011	16345
20176	24316
27725	30045
31400	32103
32445	32591
32643	32652
32646	32630
32612	32597
32595	32613
32644	32667
32669	32642
32602	32574
32580	32614
32662	32691
32700	32700
32708	32720
32733	32742
32746	32747
32747	32747
32747	32747
32747	32747
32747	32747
32747	32747
32747	32747
32747	32747
32747	32747
32747	32747
32747	32747
32747	32747
32747	32747
32747	32747
32747	32747
32747	32747
32747	32747
32747	32747
32747	32747
32747	32747
32747	32747
32747	32747
32747	32747
32747	32747
32747	32747
32747	32747
32747	32747
32747	32747
32747	32747
32747	32747
32747	32747
32747	32747
32747	32747
32747	32747
32747	32747
32747	32747
32747	32747
32747	32747
32747	32747
32747	32747
32747	32747
32747	32747
32747	32747
32747	32747
32747	32747
32747	32747
32747	32747
32747	32747
32747	32747
32747	32747
32747	32747
32747	32747
32747	32747
32747	32747
32747	32747
32747	32747
32747	32747
32747	32747
32747	32747
32747	32747
32747	32747
32747	32747
32747	32747
32747	32747
32747	32747
32747	32747
32747	32747
32747	32747
32747	32747
32747	32747
32747	32747
32747	32747
32747	32747
32747	32747
32747	32747
32747	32747
32747	32747
32747	32747
32747	32747
32747	32747
32747	32747
32747	32747
32747	32747
32747	32747
32747	32747
32747	32747
32747	32747
32747	32747
32747	32747
32747	32747
32747	32747
32747	32747
32747	32746
32741	32733
32724	32717
32712	32710
32706	32702
32692	32674
32654	32638
32632	32638
32650	32659
32650	32612
32547	32486
32429	32317
32035	31452
30564	29530
28617	28078
27949	28051
28135	28030
27749	27450
27272	27266
27410	27634
27869	28059
28169	28200
28170	28107
28037	27975
27933	27918
27920	27923
27926	27939
27960	27984
28006	28032
28070	28130
28202	28259
28265	28188
28024	27794
27513	27204
26911	26697
26589	26567
26607	26692
26804	26916
27011	27091
27166	27253
27374	27520
27649	27712
27720	27719
27722	27664
27512	27274
26995	26723
26483	26295
26234	26415
26915	27732
28829	30081
31245	32039
32399	32492
32494	32482
32477	32486
32491	32478
32442	32405
32384	32393
32422	32457
32483	32494
32482	32455
32420	32405
32424	32487
32565	32622
32643	32635
32606	32564
32537	32557
32620	32684
32725	32740
32746	32747
32747	32747
32747	32747
32747	32747
32747	32746
32736	32690
32555	32312
32097	32101
32317	32539
32611	32546
32459	32457
32539	32612
32619	32557
32408	32047
31268	29911
28139	26411
25161	24410
23504	21459
17908	13463
9387	6810
5803	5537
5441	5535
5835	6160
6429	6761
7283	8019
8861	9619
10099	10257
10358	10808
11706	12753
13574	13916
13774	13513
13944	15890
19336	23378
27009	29635
31198	32008
32396	32560
32614	32623
32617	32607
32592	32579
32575	32595
32629	32663
32678	32664
32634	32614
32616	32643
32681	32704
32711	32714
32720	32731
32740	32744
32746	32747
32747	32747
32747	32747
32747	32747
32747	32747
32747	32747
32747	32747
32747	32747
32747	32747
32747	32747
32747	32747
32747	32747
32747	32747
32747	32747
32747	32747
32747	32747
32747	32747
32747	32747
32747	32747
32747	32747
32747	32747
32747	32747
32747	32747
32747	32747
32747	32747
32747	32747
32747	32747
32747	32747
32747	32747
32747	32747
32747	32747
32747	32747
32747	32747
32747	32747
32747	32747
32747	32747
32747	32747
32747	32747
32747	32747
32747	32747
32747	32747
32747	32747
32747	32747
32747	32747
32747	32747
32747	32747
32747	32747
32747	32747
32747	32747
32747	32747
32747	32747
32747	32747
32747	32747
32747	32747
32747	32747
32747	32747
32747	32747
32747	32747
32747	32747
32747	32747
32747	32747
32747	32747
32747	32747
32747	32747
32747	32747
32747	32747
32747	32747
32747	32747
32747	32747
32747	32747
32747	32747
32747	32747
32747	32747
32747	32747
32747	32747
32747	32747
32747	32747
32747	32747
32747	32747
32747	32747
32747	32747
32747	32747
32747	32747
32747	32747
32747	32747
32747	32747
32747	32747
32747	32747
32747	32747
32747	32747
32747	32747
32747	32747
32747	32746
32741	32733
32724	32717
32712	32710
32706	32702
32692	32674
32654	32638
32634	32645
32659	32665
32638	32566
32479	32422
32387	32268
31915	31222
30264	29277
28505	28073
27940	27931
27881	27718
27480	27287
27214	27273
27441	27672
27915	28125
28265	28324
28312	28249
28153	28040
27936	27858
27829	27865
27951	28046
28120	28164
28178	28174
28180	28222
28305	28396
28450	28422
28290	28071
27778	27446
27104	26804
26570	26430
26396	26473
26630	26808
26961	27071
27142	27207
27301	27428
27551	27621
27652	27706
27768	27754
27617	27389
27121	26854
26591	26345
26228	26429
27079	28145
29446	30699
31672	32255
32503	32571
32582	32578
32572	32563
32550	32525
32491	32458
32445	32452
32475	32506
32534	32550
32556	32549
32533	32525
32535	32568
32611	32644
32656	32653
32633	32604
32580	32594
32638	32688
32722	32739
32746	32747
32747	32747
32747	32747
32747	32747
32747	32747
32741	32713
32629	32477
32338	32340
32477	32618
32663	32624
32569	32570
32621	32671
32678	32641
32555	32364
31957	31252
30341	29463
28821	28321
27382	25174
21310	16245
11273	7811
6189	5667
5554	5658
5938	6293
6633	6963
7364	7961
8781	9689
10365	10562
10522	10817
11649	12705
13569	13993
13946	13701
13936	15432
18404	22308
26184	29164
30969	31895
32332	32517
32576	32581
32575	32572
32570	32561
32561	32580
32623	32663
32687	32685
32669	32655
32657	32675
32698	32716
32725	32727
32732	32738
32744	32745
32747	32747
32747	32747
32747	32747
32747	32747
32747	32747
32747	32747
32747	32747
32747	32747
32747	32747
32747	32747
32747	32747
32747	32747
32747	32747
32747	32747
32747	32747
32747	32747
32747	32747
32747	32747
32747	32747
32747	32747
32747	32747
32747	32747
32747	32747
32747	32747
32747	32747
32747	32747
32747	32747
32747	32747
32747	32747
32747	32747
32747	32747
32747	32747
32747	32747
32747	32747
32747	32747
32747	32747
32747	32747
32747	32747
32747	32747
32747	32747
32747	32747
32747	32747
32747	32747
32747	32747
32747	32747
32747	32747
32747	32747
32747	32747
32747	32747
32747	32747
32747	32747
32747	32747
32747	32747
32747	32747
32747	32747
32747	32747
32747	32747
32747	32747
32747	32747
32747	32747
32747	32747
32747	32747
32747	32747
32747	32747
32747	32747
32747	32747
32747	32747
32747	32747
32747	32747
32747	32747
32747	32747
32747	32747
32747	32747
32747	32747
32747	32747
32747	32747
32747	32747
32747	32747
32747	32747
32747	32747
32747	32747
32747	32747
32747	32747
32747	32747
32747	32747
32747	32747
32747	32747
32747	32747
32747	32747
32747	32747
32747	32747
32747	32747
32747	32746
32741	32733
32724	32717
32712	32710
32706	32702
32692	32674
32655	32639
32637	32651
32668	32671
32631	32537
32434	32382
32355	32220
31804	31028
30028	29092
28438	28093
27948	27847
27703	27509
27332	27237
27264	27380
27564	27789
28033	28250
28413	28498
28507	28442
28321	28163
27998	27862
27802	27847
27978	28132
28257	28325
28341	28320
28301	28327
28412	28521
28602	28597
28478	28259
27979	27677
27363	27034
26714	26464
26350	26395
26566	26787
26981	27105
27167	27196
27251	27344
27446	27518
27573	27659
27756	27775
27670	27477
27244	26994
26722	26451
26333	26600
27386	28630
30037	31239
32024	32426
32579	32619
32625	32620
32611	32599
32585	32567
32546	32529
32521	32526
32540	32562
32588	32609
32622	32629
32631	32633
32635	32642
32647	32650
32646	32642
32631	32619
32611	32624
32655	32694
32722	32738
32745	32747
32747	32747
32747	32747
32747	32747
32747	32747
32745	32733
32697	32634
32576	32576
32634	32691
32711	32696
32672	32672
32694	32713
32711	32681
32617	32495
32278	31953
31574	31250
31017	30721
29874	27794
24006	18718
13163	8972
6758	5920
5709	5774
6022	6391
6787	7115
7423	7907
8709	9728
10556	10792
10652	10824
11589	12643
13550	14058
14104	13878
13941	15036
17580	21322
25375	28654
30693	31749
32249	32458
32529	32539
32540	32545
32552	32549
32549	32571
32615	32664
32697	32704
32697	32689
32689	32701
32717	32728
32732	32735
32738	32742
32744	32746
32747	32747
32747	32747
32747	32747
32747	32747
32747	32747
32747	32747
32747	32747
32747	32747
32747	32747
32747	32747
32747	32747
32747	32747
32747	32747
32747	32747
32747	32747
32747	32747
32747	32747
32747	32747
32747	32747
32747	32747
32747	32747
32747	32747
32747	32747
32747	32747
32747	32747
32747	32747
32747	32747
32747	32747
32747	32747
32747	32747
32747	32747
32747	32747
32747	32747
32747	32747
32747	32747
32747	32747
32747	32747
32747	32747
32747	32747
32747	32747
32747	32747
32747	32747
32747	32747
32747	32747
32747	32747
32747	32747
32747	32747
32747	32747
32747	32747
32747	32747
32747	32747
32747	32747
32747	32747
32747	32747
32747	32747
32747	32747
32747	32747
32747	32747
32747	32747
32747	32747
32747	32747
32747	32747
32747	32747
32747	32747
32747	32747
32747	32747
32747	32747
32747	32747
32747	32747
32747	32747
32747	32747
32747	32747
32747	32747
32747	32747
32747	32747
32747	32747
32747	32747
32747	32747
32747	32747
32747	32747
32747	32747
32747	32747
32747	32747
32747	32747
32747	32747
32747	32747
32747	32747
32747	32747
32747	32747
32747	32747
32747	32747
32747	32747
32747	32746
32741	32733
32724	32717
32712	32710
32706	32702
32692	32674
32655	32639
32639	32654
32671	32675
32634	32537
32431	32376
32337	32171
31705	30878
29860	28966
28385	28096
27952	27814
27631	27438
27303	27276
27364	27521
27719	27942
28178	28396
28565	28665
28688	28626
28494	28316
28123	27962
27879	27904
28027	28189
28334	28425
28451	28430
28405	28425
28506	28613
28697	28686
28556	28328
28070	27836
27609	27320
26974	26661
26482	26477
26618	26823
27006	27109
27133	27125
27134	27191
27284	27378
27472	27576
27669	27700
27642	27513
27337	27116
26856	26625
26593	26982
27886	29185
30555	31629
32254	32533
32627	32649
32649	32641
32632	32622
32613	32604
32595	32589
32588	32589
32598	32615
32634	32650
32662	32671
32677	32681
32675	32667
32653	32639
32627	32619
32612	32611
32618	32638
32668	32700
32724	32739
32745	32747
32747	32747
32747	32747
32747	32747
32747	32747
32746	32743
32733	32716
32701	32701
32716	32732
32737	32731
32725	32725
32730	32734
32727	32699
32636	32533
32397	32253
32140	32073
32022	31848
31182	29429
25990	20792
14953	10254
7516	6294
5866	5831
6040	6428
6860	7187
7447	7873
8650	9710
10603	10875
10709	10813
11522	12555
13499	14088
14213	13990
13911	14715
16940	20525
24639	28115
30360	31566
32141	32385
32469	32496
32509	32525
32536	32534
32533	32556
32608	32662
32701	32715
32712	32708
32708	32715
32726	32734
32736	32738
32740	32743
32745	32746
32747	32747
32747	32747
32747	32747
32747	32747
32747	32747
32747	32747
32747	32747
32747	32747
32747	32747
32747	32747
32747	32747
32747	32747
32747	32747
32747	32747
32747	32747
32747	32747
32747	32747
32747	32747
32747	32747
32747	32747
32747	32747
32747	32747
32747	32747
32747	32747
32747	32747
32747	32747
32747	32747
32747	32747
32747	32747
32747	32747
32747	32747
32747	32747
32747	32747
32747	32747
32747	32747
32747	32747
32747	32747
32747	32747
32747	32747
32747	32747
32747	32747
32747	32747
32747	32747
32747	32747
32747	32747
32747	32747
32747	32747
32747	32747
32747	32747
32747	32747
32747	32747
32747	32747
32747	32747
32747	32747
32747	32747
32747	32747
32747	32747
32747	32747
32747	32747
32747	32747
32747	32747
32747	32747
32747	32747
32747	32747
32747	32747
32747	32747
32747	32747
32747	32747
32747	32747
32747	32747
32747	32747
32747	32747
32747	32747
32747	32747
32747	32747
32747	32747
32747	32747
32747	32747
32747	32747
32747	32747
32747	32747
32747	32747
32747	32747
32747	32747
32747	32747
32747	32747
32747	32747
32747	32747
32747	32747
32747	32747
32747	32747
32747	32747
32747	32746
32741	32733
32724	32717
32712	32710
32706	32702
32692	32674
32655	32639
32639	32655
32674	32680
32642	32554
32455	32391
32321	32107
31590	30730
29708	28844
28313	28060
27935	27802
27621	27438
27330	27343
27462	27639
27842	28065
28293	28505
28673	28778
28803	28748
28619	28443
28257	28093
27991	27976
28048	28180
28323	28430
28477	28472
28458	28481
28557	28659
28726	28692
28536	28292
28052	27887
27756	27537
27207	26871
26648	26592
26682	26841
26986	27055
27046	27004
26983	27012
27100	27227
27357	27452
27502	27517
27511	27470
27365	27180
26954	26810
26933	27492
28502	29770
31000	31898
32386	32586
32650	32666
32664	32656
32650	32641
32637	32633
32630	32631
32635	32638
32645	32653
32664	32672
32680	32681
32681	32677
32670	32656
32637	32617
32601	32591
32587	32593
32610	32639
32673	32703
32726	32739
32745	32747
32747	32747
32747	32747
32747	32747
32747	32747
32747	32746
32745	32742
32738	32738
32742	32745
32744	32743
32742	32742
32742	32741
32733	32705
32638	32522
32404	32336
32332	32341
32328	32221
31773	30446
27507	22627
16760	11715
8483	6813
6089	5903
6061	6445
6885	7210
7451	7847
8599	9640
10545	10850
10712	10795
11445	12443
13415	14079
14270	14041
13838	14417
16395	19815
23920	27532
29981	31356
32022	32302
32406	32450
32479	32506
32520	32521
32519	32547
32602	32660
32701	32716
32715	32710
32710	32717
32726	32731
32733	32735
32737	32742
32745	32746
32747	32747
32747	32747
32747	32747
32747	32747
32747	32747
32747	32747
32747	32747
32747	32747
32747	32747
32747	32747
32747	32747
32747	32747
32747	32747
32747	32747
32747	32747
32747	32747
32747	32747
32747	32747
32747	32747
32747	32747
32747	32747
32747	32747
32747	32747
32747	32747
32747	32747
32747	32747
32747	32747
32747	32747
32747	32747
32747	32747
32747	32747
32747	32747
32747	32747
32747	32747
32747	32747
32747	32747
32747	32747
32747	32747
32747	32747
32747	32747
32747	32747
32747	32747
32747	32747
32747	32747
32747	32747
32747	32747
32747	32747
32747	32747
32747	32747
32747	32747
32747	32747
32747	32747
32747	32747
32747	32747
32747	32747
32747	32747
32747	32747
32747	32747
32747	32747
32747	32747
32747	32747
32747	32747
32747	32747
32747	32747
32747	32747
32747	32747
32747	32747
32747	32747
32747	32747
32747	32747
32747	32747
32747	32747
32747	32747
32747	32747
32747	32747
32747	32747
32747	32747
32747	32747
32747	32747
32747	32747
32747	32747
32747	32747
32747	32747
32747	32747
32747	32747
32747	32747
32747	32747
32747	32747
32747	32747
32747	32747
32747	32747
32747	32747
32747	32746
32741	32733
32724	32717
32712	32710
32706	32702
32692	32674
32655	32639
32639	32655
32674	32681
32652	32574
32485	32407
32297	32015
31435	30535
29515	28684
28197	27985
27887	27772
27608	27444
27355	27384
27513	27694
27897	28112
28333	28538
28699	28800
28825	28777
28660	28501
28322	28164
28042	27978
27987	28077
28214	28340
28415	28442
28455	28487
28559	28649
28699	28640
28458	28196
27965	27847
27782	27621
27319	26984
26741	26645
26694	26818
26933	26986
26970	26919
26886	26899
26977	27117
27248	27297
27273	27261
27303	27351
27318	27172
26995	26965
27279	28026
29125	30334
31382	32096
32467	32613
32662	32674
32673	32669
32664	32659
32655	32656
32657	32661
32665	32669
32673	32676
32679	32680
32679	32672
32661	32652
32643	32631
32616	32598
32580	32569
32565	32574
32599	32634
32673	32707
32728	32740
32746	32747
32747	32747
32747	32747
32747	32747
32747	32747
32747	32747
32746	32746
32745	32745
32746	32746
32746	32746
32745	32745
32745	32744
32736	32708
32633	32497
32364	32319
32348	32361
32326	32266
32027	31123
28733	24333
18651	13380
9645	7476
6430	6078
6154	6495
6910	7221
7453	7829
8547	9549
10438	10782
10698	10775
11358	12308
13300	14036
14291	14055
13741	14123
15868	19116
23183	26915
29582	31144
31910	32225
32340	32396
32440	32481
32501	32503
32503	32534
32595	32657
32697	32710
32707	32699
32699	32709
32719	32725
32728	32730
32734	32740
32744	32746
32747	32747
32747	32747
32747	32747
32747	32747
32747	32747
32747	32747
32747	32747
32747	32747
32747	32747
32747	32747
32747	32747
32747	32747
32747	32747
32747	32747
32747	32747
32747	32747
32747	32747
32747	32747
32747	32747
32747	32747
32747	32747
32747	32747
32747	32747
32747	32747
32747	32747
32747	32747
32747	32747
32747	32747
32747	32747
32747	32747
32747	32747
32747	32747
32747	32747
32747	32747
32747	32747
32747	32747
32747	32747
32747	32747
32747	32747
32747	32747
32747	32747
32747	32747
32747	32747
32747	32747
32747	32747
32747	32747
32747	32747
32747	32747
32747	32747
32747	32747
32747	32747
32747	32747
32747	32747
32747	32747
32747	32747
32747	32747
32747	32747
32747	32747
32747	32747
32747	32747
32747	32747
32747	32747
32747	32747
32747	32747
32747	32747
32747	32747
32747	32747
32747	32747
32747	32747
32747	32747
32747	32747
32747	32747
32747	32747
32747	32747
32747	32747
32747	32747
32747	32747
32747	32747
32747	32747
32747	32747
32747	32747
32747	32747
32747	32747
32747	32747
32747	32747
32747	32747
32747	32747
32747	32747
32747	32747
32747	32747
32747	32747
32747	32747
32747	32746
32741	32733
32724	32716
32712	32710
32706	32701
32690	32674
32654	32639
32639	32655
32673	32683
32657	32587
32499	32405
32246	31883
31218	30271
29258	28467
28035	27869
27807	27716
27571	27428
27357	27392
27516	27683
27873	28074
28285	28478
28632	28727
28752	28709
28604	28455
28292	28136
28000	27892
27847	27900
28030	28175
28285	28350
28395	28449
28526	28610
28645	28570
28363	28086
27851	27748
27713	27589
27317	26999
26753	26647
26675	26787
26904	26976
26984	26953
26922	26921
26977	27090
27176	27141
27026	26979
27061	27181
27213	27108
26989	27085
27592	28518
29693	30825
31701	32249
32522	32629
32666	32677
32677	32676
32671	32670
32668	32668
32671	32676
32681	32684
32685	32684
32682	32676
32670	32658
32640	32628
32619	32611
32601	32588
32571	32558
32554	32566
32594	32632
32672	32706
32728	32740
32746	32747
32747	32747
32747	32747
32747	32747
32747	32747
32747	32747
32747	32747
32747	32747
32747	32747
32747	32747
32747	32747
32747	32746
32740	32711
32630	32482
32341	32296
32323	32300
32226	32186
32111	31547
29680	25870
20569	15187
10930	8223
6859	6348
6320	6581
6950	7238
7454	7811
8492	9443
10307	10693
10678	10754
11259	12146
13150	13956
14279	14050
13652	13861
15388	18449
22456	26303
29194	30959
31828	32168
32287	32343
32402	32455
32482	32486
32489	32523
32590	32654
32695	32703
32694	32684
32684	32696
32710	32719
32721	32724
32730	32738
32744	32746
32747	32747
32747	32747
32747	32747
32747	32747
32747	32747
32747	32747
32747	32747
32747	32747
32747	32747
32747	32747
32747	32747
32747	32747
32747	32747
32747	32747
32747	32747
32747	32747
32747	32747
32747	32747
32747	32747
32747	32747
32747	32747
32747	32747
32747	32747
32747	32747
32747	32747
32747	32747
32747	32747
32747	32747
32747	32747
32747	32747
32747	32747
32747	32747
32747	32747
32747	32747
32747	32747
32747	32747
32747	32747
32747	32747
32747	32747
32747	32747
32747	32747
32747	32747
32747	32747
32747	32747
32747	32747
32747	32747
32747	32747
32747	32747
32747	32747
32747	32747
32747	32747
32747	32747
32747	32747
32747	32747
32747	32747
32747	32747
32747	32747
32747	32747
32747	32747
32747	32747
32747	32747
32747	32747
32747	32747
32747	32747
32747	32747
32747	32747
32747	32747
32747	32747
32747	32747
32747	32747
32747	32747
32747	32747
32747	32747
32747	32747
32747	32747
32747	32747
32747	32747
32747	32747
32747	32747
32747	32747
32747	32747
32747	32747
32747	32747
32747	32747
32747	32747
32747	32747
32747	32747
32747	32747
32747	32747
32747	32747
32747	32747
32747	32747
32747	32746
32741	32733
32723	32714
32710	32708
32705	32697
32687	32670
32652	32638
32640	32656
32673	32682
32657	32587
32495	32376
32158	31706
30942	29944
28942	28205
27832	27717
27696	27632
27509	27389
27336	27374
27486	27634
27805	27991
28185	28362
28501	28588
28612	28569
28470	28332
28179	28026
27878	27745
27668	27697
27824	27990
28129	28230
28305	28388
28480	28573
28606	28518
28295	28004
27757	27644
27605	27495
27256	26966
26741	26638
26664	26778
26923	27041
27097	27106
27091	27075
27095	27149
27152	27019
26817	26735
26838	27009
27088	27025
26976	27212
27890	28963
30178	31227
31952	32365
32562	32640
32668	32675
32676	32676
32674	32674
32674	32676
32677	32681
32684	32685
32685	32683
32679	32672
32663	32647
32629	32615
32608	32602
32596	32588
32577	32566
32561	32570
32597	32634
32672	32704
32726	32739
32745	32747
32747	32747
32747	32747
32747	32747
32747	32747
32747	32747
32747	32747
32747	32747
32747	32747
32747	32747
32747	32747
32747	32746
32740	32714
32638	32497
32360	32310
32310	32236
32116	32085
32108	31779
30368	27211
22438	17041
12265	8994
7306	6644
6505	6680
6992	7250
7454	7794
8435	9325
10163	10595
10655	10729
11145	11955
12966	13837
14231	14036
13598	13668
14989	17853
21773	25715
28827	30798
31778	32141
32244	32294
32359	32426
32461	32471
32474	32512
32582	32650
32692	32699
32685	32671
32671	32684
32701	32710
32712	32715
32723	32734
32742	32745
32746	32747
32747	32747
32747	32747
32747	32747
32747	32747
32747	32747
32747	32747
32747	32747
32747	32747
32747	32747
32747	32747
32747	32747
32747	32747
32747	32747
32747	32747
32747	32747
32747	32747
32747	32747
32747	32747
32747	32747
32747	32747
32747	32747
32747	32747
32747	32747
32747	32747
32747	32747
32747	32747
32747	32747
32747	32747
32747	32747
32747	32747
32747	32747
32747	32747
32747	32747
32747	32747
32747	32747
32747	32747
32747	32747
32747	32747
32747	32747
32747	32747
32747	32747
32747	32747
32747	32747
32747	32747
32747	32747
32747	32747
32747	32747
32747	32747
32747	32747
32747	32747
32747	32747
32747	32747
32747	32747
32747	32747
32747	32747
32747	32747
32747	32747
32747	32747
32747	32747
32747	32747
32747	32747
32747	32747
32747	32747
32747	32747
32747	32747
32747	32747
32747	32747
32747	32747
32747	32747
32747	32747
32747	32747
32747	32747
32747	32747
32747	32747
32747	32747
32747	32747
32747	32747
32747	32747
32747	32747
32747	32747
32747	32747
32747	32747
32747	32747
32747	32747
32747	32747
32747	32747
32747	32747
32747	32747
32747	32747
32747	32747
32747	32747
32747	32746
32740	32731
32720	32714
32709	32704
32700	32690
32677	32660
32645	32636
32641	32655
32674	32679
32651	32577
32472	32325
32044	31495
30634	29586
28596	27913
27603	27545
27559	27526
27429	27340
27311	27362
27466	27601
27754	27921
28094	28250
28372	28449
28466	28418
28317	28183
28036	27891
27741	27601
27513	27533
27662	27838
27996	28124
28224	28328
28445	28554
28596	28507
28277	27974
27708	27567
27507	27397
27184	26931
26733	26636
26662	26782
26955	27120
27241	27298
27301	27272
27251	27238
27162	26946
26680	26571
26679	26870
26978	26971
27017	27395
28225	29384
30587	31542
32138	32446
32588	32645
32663	32666
32667	32667
32669	32672
32676	32678
32680	32681
32680	32681
32681	32678
32675	32665
32655	32639
32624	32613
32607	32605
32602	32599
32593	32584
32579	32586
32610	32639
32673	32702
32725	32739
32745	32747
32747	32747
32747	32747
32747	32747
32747	32747
32747	32747
32747	32747
32747	32747
32747	32747
32747	32747
32747	32747
32747	32746
32740	32715
32648	32526
32405	32347
32314	32203
32060	32033
32097	31910
30869	28370
24205	18874
13602	9748
7705	6880
6649	6755
7020	7257
7453	7780
8378	9205
10005	10487
10624	10691
11014	11745
12753	13679
14149	14017
13591	13572
14700	17350
21148	25156
28476	30658
31747	32133
32215	32245
32312	32392
32441	32456
32463	32503
32576	32647
32687	32691
32672	32656
32654	32669
32688	32697
32698	32702
32712	32726
32737	32744
32746	32747
32747	32747
32747	32747
32747	32747
32747	32747
32747	32747
32747	32747
32747	32747
32747	32747
32747	32747
32747	32747
32747	32747
32747	32747
32747	32747
32747	32747
32747	32747
32747	32747
32747	32747
32747	32747
32747	32747
32747	32747
32747	32747
32747	32747
32747	32747
32747	32747
32747	32747
32747	32747
32747	32747
32747	32747
32747	32747
32747	32747
32747	32747
32747	32747
32747	32747
32747	32747
32747	32747
32747	32747
32747	32747
32747	32747
32747	32747
32747	32747
32747	32747
32747	32747
32747	32747
32747	32747
32747	32747
32747	32747
32747	32747
32747	32747
32747	32747
32747	32747
32747	32747
32747	32747
32747	32747
32747	32747
32747	32747
32747	32747
32747	32747
32747	32747
32747	32747
32747	32747
32747	32747
32747	32747
32747	32747
32747	32747
32747	32747
32747	32747
32747	32747
32747	32747
32747	32747
32747	32747
32747	32747
32747	32747
32747	32747
32747	32747
32747	32747
32747	32747
32747	32747
32747	32747
32747	32747
32747	32747
32747	32747
32747	32747
32747	32747
32747	32747
32747	32747
32747	32747
32747	32747
32747	32747
32747	32747
32747	32747
32747	32747
32747	32745
32740	32730
32719	32709
32704	32700
32691	32679
32664	32648
32639	32636
32645	32659
32678	32681
32649	32566
32445	32262
31918	31274
30322	29226
28252	27622
27376	27372
27425	27419
27352	27298
27309	27385
27499	27633
27774	27921
28067	28200
28302	28362
28364	28307
28200	28064
27920	27780
27642	27511
27434	27462
27595	27770
27932	28060
28168	28285
28418	28545
28600	28520
28294	27981
27690	27511
27410	27290
27097	26877
26696	26599
26608	26723
26910	27120
27297	27395
27410	27371
27316	27260
27146	26907
26629	26507
26598	26777
26905	26970
27148	27676
28623	29812
30953	31796
32276	32504
32605	32645
32654	32653
32653	32653
32658	32663
32671	32675
32679	32679
32678	32677
32678	32676
32673	32665
32654	32639
32629	32622
32620	32619
32618	32618
32616	32611
32609	32616
32633	32654
32678	32703
32725	32738
32745	32747
32747	32747
32747	32747
32747	32747
32747	32747
32747	32747
32747	32747
32747	32747
32747	32747
32747	32747
32747	32747
32747	32746
32738	32713
32654	32553
32448	32379
32320	32207
32087	32075
32137	32007
31255	29357
25814	20635
14964	10538
8078	7037
6720	6785
7030	7259
7450	7763
8318	9080
9849	10377
10590	10654
10883	11532
12527	13493
14032	13992
13632	13566
14518	16928
20574	24617
28133	30519
31725	32134
32196	32208
32271	32359
32418	32443
32455	32497
32573	32644
32684	32681
32655	32632
32632	32650
32671	32682
32682	32686
32701	32718
32734	32742
32746	32747
32747	32747
32747	32747
32747	32747
32747	32747
32747	32747
32747	32747
32747	32747
32747	32747
32747	32747
32747	32747
32747	32747
32747	32747
32747	32747
32747	32747
32747	32747
32747	32747
32747	32747
32747	32747
32747	32747
32747	32747
32747	32747
32747	32747
32747	32747
32747	32747
32747	32747
32747	32747
32747	32747
32747	32747
32747	32747
32747	32747
32747	32747
32747	32747
32747	32747
32747	32747
32747	32747
32747	32747
32747	32747
32747	32747
32747	32747
32747	32747
32747	32747
32747	32747
32747	32747
32747	32747
32747	32747
32747	32747
32747	32747
32747	32747
32747	32747
32747	32747
32747	32747
32747	32747
32747	32747
32747	32747
32747	32747
32747	32747
32747	32747
32747	32747
32747	32747
32747	32747
32747	32747
32747	32747
32747	32747
32747	32747
32747	32747
32747	32747
32747	32747
32747	32747
32747	32747
32747	32747
32747	32747
32747	32747
32747	32747
32747	32747
32747	32747
32747	32747
32747	32747
32747	32747
32747	32747
32747	32747
32747	32747
32747	32747
32747	32747
32747	32747
32747	32747
32747	32747
32747	32747
32747	32747
32747	32747
32747	32747
32747	32747
32747	32745
32740	32730
32717	32707
32701	32693
32680	32665
32649	32640
32635	32641
32653	32670
32687	32687
32649	32567
32431	32209
31796	31065
30036	28908
27947	27368
27184	27234
27325	27348
27311	27294
27349	27465
27609	27751
27887	28013
28129	28233
28311	28350
28330	28259
28144	28004
27860	27727
27602	27498
27449	27494
27629	27796
27938	28045
28136	28242
28378	28511
28576	28505
28284	27969
27656	27422
27273	27129
26953	26752
26574	26456
26431	26522
26713	26950
27168	27294
27312	27255
27179	27125
27041	26861
26638	26530
26587	26725
26863	27023
27363	28051
29087	30256
31294	32009
32391	32557
32622	32645
32644	32639
32637	32639
32645	32653
32662	32669
32675	32677
32678	32676
32678	32676
32677	32670
32663	32654
32650	32646
32646	32649
32651	32651
32651	32649
32648	32653
32663	32678
32692	32711
32727	32739
32745	32747
32747	32747
32747	32747
32747	32747
32747	32747
32747	32747
32747	32747
32747	32747
32747	32747
32747	32747
32747	32747
32747	32744
32735	32710
32654	32566
32464	32382
32314	32238
32180	32195
32230	32100
31551	30158
27206	22297
16414	11488
8527	7174
6742	6794
7035	7263
7452	7748
8260	8958
9696	10272
10558	10618
10756	11321
12301	13294
13900	13972
13711	13632
14413	16568
20028	24079
27772	30360
31684	32130
32185	32180
32236	32324
32395	32427
32446	32493
32570	32642
32677	32668
32633	32610
32611	32633
32658	32669
32669	32673
32690	32712
32730	32740
32746	32747
32747	32747
32747	32747
32747	32747
32747	32747
32747	32747
32747	32747
32747	32747
32747	32747
32747	32747
32747	32747
32747	32747
32747	32747
32747	32747
32747	32747
32747	32747
32747	32747
32747	32747
32747	32747
32747	32747
32747	32747
32747	32747
32747	32747
32747	32747
32747	32747
32747	32747
32747	32747
32747	32747
32747	32747
32747	32747
32747	32747
32747	32747
32747	32747
32747	32747
32747	32747
32747	32747
32747	32747
32747	32747
32747	32747
32747	32747
32747	32747
32747	32747
32747	32747
32747	32747
32747	32747
32747	32747
32747	32747
32747	32747
32747	32747
32747	32747
32747	32747
32747	32747
32747	32747
32747	32747
32747	32747
32747	32747
32747	32747
32747	32747
32747	32747
32747	32747
32747	32747
32747	32747
32747	32747
32747	32747
32747	32747
32747	32747
32747	32747
32747	32747
32747	32747
32747	32747
32747	32747
32747	32747
32747	32747
32747	32747
32747	32747
32747	32747
32747	32747
32747	32747
32747	32747
32747	32747
32747	32747
32747	32747
32747	32747
32747	32747
32747	32747
32747	32747
32747	32747
32747	32747
32747	32747
32747	32747
32747	32747
32747	32747
32747	32745
32740	32730
32716	32706
32697	32684
32668	32652
32639	32634
32635	32646
32663	32684
32697	32694
32656	32576
32433	32177
31699	30891
29800	28644
27703	27174
27052	27155
27286	27339
27329	27345
27443	27604
27783	27941
28072	28174
28262	28335
28387	28395
28353	28263
28137	27990
27844	27712
27609	27542
27532	27603
27740	27885
27990	28049
28095	28169
28280	28399
28462	28395
28182	27866
27532	27259
27062	26896
26726	26537
26346	26192
26123	26181
26366	26624
26865	27007
27019	26940
26855	26829
26831	26771
26655	26579
26592	26674
26813	27091
27619	28479
29582	30697
31603	32192
32489	32605
32641	32644
32633	32623
32619	32624
32632	32641
32650	32659
32668	32674
32677	32678
32680	32680
32683	32680
32678	32674
32673	32671
32673	32676
32680	32683
32684	32682
32682	32684
32692	32702
32711	32722
32734	32742
32746	32747
32747	32747
32747	32747
32747	32747
32747	32747
32747	32747
32747	32747
32747	32747
32747	32747
32747	32747
32747	32747
32747	32743
32732	32703
32647	32562
32460	32364
32295	32275
32298	32346
32344	32194
31783	30775
28361	23869
18037	12740
9205	7402
6780	6798
7041	7267
7452	7730
8198	8840
9551	10171
10529	10583
10635	11122
12078	13094
13764	13956
13813	13737
14349	16234
19476	23505
27363	30152
31610	32107
32174	32160
32210	32297
32372	32413
32438	32490
32567	32640
32669	32655
32615	32590
32592	32620
32649	32662
32662	32667
32684	32708
32727	32739
32745	32747
32747	32747
32747	32747
32747	32747
32747	32747
32747	32747
32747	32747
32747	32747
32747	32747
32747	32747
32747	32747
32747	32747
32747	32747
32747	32747
32747	32747
32747	32747
32747	32747
32747	32747
32747	32747
32747	32747
32747	32747
32747	32747
32747	32747
32747	32747
32747	32747
32747	32747
32747	32747
32747	32747
32747	32747
32747	32747
32747	32747
32747	32747
32747	32747
32747	32747
32747	32747
32747	32747
32747	32747
32747	32747
32747	32747
32747	32747
32747	32747
32747	32747
32747	32747
32747	32747
32747	32747
32747	32747
32747	32747
32747	32747
32747	32747
32747	32747
32747	32747
32747	32747
32747	32747
32747	32747
32747	32747
32747	32747
32747	32747
32747	32747
32747	32747
32747	32747
32747	32747
32747	32747
32747	32747
32747	32747
32747	32747
32747	32747
32747	32747
32747	32747
32747	32747
32747	32747
32747	32747
32747	32747
32747	32747
32747	32747
32747	32747
32747	32747
32747	32747
32747	32747
32747	32747
32747	32747
32747	32747
32747	32747
32747	32747
32747	32747
32747	32747
32747	32747
32747	32747
32747	32747
32747	32747
32747	32747
32747	32747
32747	32747
32747	32745
32740	32730
32716	32705
32695	32678
32659	32642
32633	32631
32636	32652
32674	32696
32707	32703
32669	32593
32447	32167
31637	30768
29626	28455
27537	27056
26987	27140
27311	27392
27408	27452
27581	27777
27984	28156
28274	28352
28411	28454
28474	28452
28383	28276
28138	27986
27836	27712
27629	27603
27642	27741
27871	27975
28026	28025
28010	28028
28096	28180
28219	28144
27931	27620
27283	26996
26782	26616
26455	26275
26073	25879
25766	25790
25973	26248
26512	26664
26667	26568
26471	26464
26541	26611
26618	26584
26549	26559
26710	27118
27855	28885
30042	31089
31863	32333
32560	32640
32652	32640
32621	32609
32606	32610
32620	32627
32637	32647
32660	32670
32676	32681
32685	32688
32690	32691
32692	32692
32691	32692
32693	32696
32699	32702
32701	32698
32695	32696
32703	32712
32723	32733
32739	32744
32746	32747
32747	32747
32747	32747
32747	32747
32747	32747
32747	32747
32747	32747
32747	32747
32747	32747
32747	32747
32747	32747
32747	32743
32728	32697
32638	32554
32450	32348
32292	32312
32392	32461
32438	32286
31973	31242
29305	25372
19871	14380
10226	7834
6906	6833
7056	7275
7451	7712
8141	8731
9417	10081
10505	10556
10527	10941
11880	12914
13646	13954
13927	13853
14293	15891
18888	22874
26882	29879
31484	32057
32152	32146
32191	32278
32354	32399
32430	32485
32565	32632
32658	32639
32599	32573
32576	32608
32643	32658
32661	32666
32682	32707
32727	32739
32745	32747
32747	32747
32747	32747
32747	32747
32747	32747
32747	32747
32747	32747
32747	32747
32747	32747
32747	32747
32747	32747
32747	32747
32747	32747
32747	32747
32747	32747
32747	32747
32747	32747
32747	32747
32747	32747
32747	32747
32747	32747
32747	32747
32747	32747
32747	32747
32747	32747
32747	32747
32747	32747
32747	32747
32747	32747
32747	32747
32747	32747
32747	32747
32747	32747
32747	32747
32747	32747
32747	32747
32747	32747
32747	32747
32747	32747
32747	32747
32747	32747
32747	32747
32747	32747
32747	32747
32747	32747
32747	32747
32747	32747
32747	32747
32747	32747
32747	32747
32747	32747
32747	32747
32747	32747
32747	32747
32747	32747
32747	32747
32747	32747
32747	32747
32747	32747
32747	32747
32747	32747
32747	32747
32747	32747
32747	32747
32747	32747
32747	32747
32747	32747
32747	32747
32747	32747
32747	32747
32747	32747
32747	32747
32747	32747
32747	32747
32747	32747
32747	32747
32747	32747
32747	32747
32747	32747
32747	32747
32747	32747
32747	32747
32747	32747
32747	32747
32747	32747
32747	32747
32747	32747
32747	32747
32747	32747
32747	32747
32747	32747
32747	32747
32747	32745
32740	32730
32716	32705
32693	32676
32655	32639
32630	32629
32636	32654
32678	32701
32715	32708
32675	32605
32463	32171
31612	30696
29518	28339
27447	27010
26992	27186
27388	27494
27529	27591
27740	27952
28173	28340
28446	28502
28531	28546
28537	28487
28393	28264
28117	27962
27813	27692
27630	27645
27732	27858
27968	28021
28002	27932
27849	27803
27811	27847
27850	27757
27544	27242
26926	26665
26484	26351
26219	26049
25837	25623
25479	25489
25675	25966
26253	26424
26430	26316
26186	26149
26237	26386
26498	26506
26421	26370
26531	27077
28020	29213
30415	31397
32055	32429
32602	32657
32651	32628
32607	32596
32594	32599
32607	32613
32622	32634
32648	32661
32672	32681
32689	32695
32699	32699
32700	32699
32696	32695
32694	32696
32697	32698
32694	32686
32681	32680
32692	32706
32721	32731
32740	32744
32746	32747
32747	32747
32747	32747
32747	32747
32747	32747
32747	32747
32747	32747
32747	32747
32747	32747
32747	32747
32747	32747
32747	32743
32728	32694
32633	32550
32447	32350
32303	32343
32439	32509
32484	32361
32137	31607
30090	26815
21867	16338
11575	8493
7153	6911
7081	7279
7448	7692
8090	8635
9300	10004
10487	10536
10438	10788
11710	12765
13550	13966
14044	13965
14230	15539
18283	22204
26345	29543
31309	31983
32121	32130
32177	32263
32341	32389
32421	32477
32554	32620
32643	32624
32584	32558
32563	32596
32634	32654
32659	32666
32682	32707
32727	32739
32745	32747
32747	32747
32747	32747
32747	32747
32747	32747
32747	32747
32747	32747
32747	32747
32747	32747
32747	32747
32747	32747
32747	32747
32747	32747
32747	32747
32747	32747
32747	32747
32747	32747
32747	32747
32747	32747
32747	32747
32747	32747
32747	32747
32747	32747
32747	32747
32747	32747
32747	32747
32747	32747
32747	32747
32747	32747
32747	32747
32747	32747
32747	32747
32747	32747
32747	32747
32747	32747
32747	32747
32747	32747
32747	32747
32747	32747
32747	32747
32747	32747
32747	32747
32747	32747
32747	32747
32747	32747
32747	32747
32747	32747
32747	32747
32747	32747
32747	32747
32747	32747
32747	32747
32747	32747
32747	32747
32747	32747
32747	32747
32747	32747
32747	32747
32747	32747
32747	32747
32747	32747
32747	32747
32747	32747
32747	32747
32747	32747
32747	32747
32747	32747
32747	32747
32747	32747
32747	32747
32747	32747
32747	32747
32747	32747
32747	32747
32747	32747
32747	32747
32747	32747
32747	32747
32747	32747
32747	32747
32747	32747
32747	32747
32747	32747
32747	32747
32747	32747
32747	32747
32747	32747
32747	32747
32747	32747
32747	32747
32747	32747
32747	32747
32747	32745
32740	32730
32716	32705
32693	32674
32655	32637
32629	32629
32636	32655
32679	32703
32716	32708
32679	32614
32476	32183
31609	30668
29469	28288
27420	27022
27039	27264
27486	27611
27661	27736
27891	28101
28309	28465
28550	28590
28601	28595
28559	28480
28363	28221
28067	27911
27762	27645
27594	27643
27774	27917
28007	28008
27920	27778
27627	27517
27465	27449
27418	27303
27088	26803
26522	26329
26226	26166
26082	25932
25722	25499
25349	25361
25557	25875
26189	26385
26402	26274
26088	25960
25976	26136
26315	26350
26226	26122
26304	26974
28101	29435
30671	31600
32171	32473
32611	32651
32642	32613
32590	32581
32584	32589
32597	32601
32610	32620
32635	32651
32664	32676
32688	32694
32699	32700
32699	32694
32686	32679
32676	32676
32677	32677
32672	32662
32654	32656
32669	32688
32709	32726
32736	32743
32746	32747
32747	32747
32747	32747
32747	32747
32747	32747
32747	32747
32747	32747
32747	32747
32747	32747
32747	32747
32747	32747
32747	32743
32728	32693
32633	32547
32449	32363
32327	32369
32451	32499
32474	32394
32261	31891
30748	28145
23840	18384
13073	9297
7489	7028
7113	7286
7440	7671
8042	8554
9207	9947
10481	10529
10374	10672
11581	12650
13483	13985
14150	14060
14167	15210
17718	21566
25815	29189
31108	31881
32076	32109
32161	32250
32330	32379
32409	32462
32538	32604
32629	32611
32576	32550
32553	32586
32629	32651
32659	32666
32682	32707
32727	32739
32745	32747
32747	32747
32747	32747
32747	32747
32747	32747
32747	32747
32747	32747
32747	32747
32747	32747
32747	32747
32747	32747
32747	32747
32747	32747
32747	32747
32747	32747
32747	32747
32747	32747
32747	32747
32747	32747
32747	32747
32747	32747
32747	32747
32747	32747
32747	32747
32747	32747
32747	32747
32747	32747
32747	32747
32747	32747
32747	32747
32747	32747
32747	32747
32747	32747
32747	32747
32747	32747
32747	32747
32747	32747
32747	32747
32747	32747
32747	32747
32747	32747
32747	32747
32747	32747
32747	32747
32747	32747
32747	32747
32747	32747
32747	32747
32747	32747
32747	32747
32747	32747
32747	32747
32747	32747
32747	32747
32747	32747
32747	32747
32747	32747
32747	32747
32747	32747
32747	32747
32747	32747
32747	32747
32747	32747
32747	32747
32747	32747
32747	32747
32747	32747
32747	32747
32747	32747
32747	32747
32747	32747
32747	32747
32747	32747
32747	32747
32747	32747
32747	32747
32747	32747
32747	32747
32747	32747
32747	32747
32747	32747
32747	32747
32747	32747
32747	32747
32747	32747
32747	32747
32747	32747
32747	32747
32747	32747
32747	32747
32747	32747
32747	32747
32747	32745
32740	32730
32716	32705
32693	32674
32654	32636
32628	32628
32636	32655
32679	32703
32716	32709
32681	32617
32484	32193
31618	30668
29459	28278
27429	27057
27101	27342
27579	27712
27774	27856
28012	28208
28395	28527
28601	28630
28628	28607
28549	28450
28317	28165
28010	27850
27699	27578
27538	27612
27770	27925
27996	27952
27807	27606
27398	27238
27138	27084
27020	26893
26673	26406
26170	26054
26048	26076
26048	25925
25721	25500
25355	25379
25596	25939
26285	26505
26537	26392
26144	25899
25797	25914
26122	26173
26022	25880
26084	26850
28120	29556
30820	31708
32223	32482
32604	32641
32629	32597
32574	32568
32574	32584
32591	32595
32600	32610
32623	32638
32656	32672
32683	32691
32697	32700
32696	32686
32672	32662
32656	32655
32656	32654
32649	32640
32633	32635
32649	32672
32696	32718
32732	32742
32746	32747
32747	32747
32747	32747
32747	32747
32747	32747
32747	32747
32747	32747
32747	32747
32747	32747
32747	32747
32747	32747
32747	32743
32728	32692
32632	32545
32450	32372
32347	32384
32447	32464
32431	32390
32336	32097
31261	29230
25494	20145
14409	10054
7829	7153
7150	7291
7435	7652
8007	8494
9144	9911
10483	10534
10340	10601
11496	12573
13437	14005
14233	14130
14107	14946
17271	21060
25384	28890
30927	31782
32029	32087
32150	32242
32321	32368
32395	32446
32520	32588
32618	32605
32569	32545
32548	32583
32625	32651
32659	32666
32682	32707
32727	32739
32745	32747
32747	32747
32747	32747
32747	32747
32747	32747
32747	32747
32747	32747
32747	32747
32747	32747
32747	32747
32747	32747
32747	32747
32747	32747
32747	32747
32747	32747
32747	32747
32747	32747
32747	32747
32747	32747
32747	32747
32747	32747
32747	32747
32747	32747
32747	32747
32747	32747
32747	32747
32747	32747
32747	32747
32747	32747
32747	32747
32747	32747
32747	32747
32747	32747
32747	32747
32747	32747
32747	32747
32747	32747
32747	32747
32747	32747
32747	32747
32747	32747
32747	32747
32747	32747
32747	32747
32747	32747
32747	32747
32747	32747
32747	32747
32747	32747
32747	32747
32747	32747
32747	32747
32747	32747
32747	32747
32747	32747
32747	32747
32747	32747
32747	32747
32747	32747
32747	32747
32747	32747
32747	32747
32747	32747
32747	32747
32747	32747
32747	32747
32747	32747
32747	32747
32747	32747
32747	32747
32747	32747
32747	32747
32747	32747
32747	32747
32747	32747
32747	32747
32747	32747
32747	32747
32747	32747
32747	32747
32747	32747
32747	32747
32747	32747
32747	32747
32747	32747
32747	32747
32747	32747
32747	32747
32747	32747
32747	32747
32747	32747
32747	32747
32747	32745
32740	32730
32716	32705
32693	32674
32654	32636
32628	32628
32636	32655
32679	32703
32716	32710
32681	32620
32488	32201
31626	30675
29462	28287
27448	27090
27147	27398
27641	27777
27842	27932
28085	28273
28439	28554
28618	28640
28637	28603
28533	28420
28276	28123
27966	27808
27651	27528
27492	27578
27754	27914
27972	27899
27717	27475
27235	27039
26913	26833
26752	26615
26399	26142
25940	25880
25953	26047
26060	25957
25762	25543
25408	25445
25680	26039
26406	26644
26687	26533
26235	25898
25699	25766
25979	26044
25876	25715
25930	26760
28114	29615
30892	31760
32240	32478
32591	32628
32617	32586
32563	32558
32567	32580
32587	32592
32596	32603
32614	32630
32650	32666
32678	32686
32693	32696
32692	32677
32661	32645
32638	32636
32635	32634
32630	32623
32617	32619
32634	32658
32686	32711
32730	32740
32746	32747
32747	32747
32747	32747
32747	32747
32747	32747
32747	32747
32747	32747
32747	32747
32747	32747
32747	32747
32747	32747
32747	32743
32728	32692
32631	32544
32450	32380
32360	32395
32440	32432
32388	32373
32373	32222
31582	29921
26559	21293
15297	10572
8069	7244
7177	7295
7431	7640
7982	8458
9107	9892
10485	10539
10324	10563
11451	12531
13412	14018
14283	14172
14071	14784
16993	20746
25112	28697
30803	31712
31996	32073
32143	32236
32317	32361
32386	32431
32506	32577
32611	32600
32568	32545
32548	32582
32625	32651
32659	32666
32682	32707
32727	32739
32745	32747
32747	32747
32747	32747
32747	32747
32747	32747
32747	32747
32747	32747
32747	32747
32747	32747
32747	32747
32747	32747
32747	32747
32747	32104
32747	21606
