11157	9286
8690	7524
6822	6439
6280	6240
6273	6347
6431	6511
6564	6588
6580	6562
6542	6534
6528	6524
6514	6502
6489	6473
6458	6441
6426	6416
6412	6419
6438	6463
6476	6458
6404	6320
6222	6134
6074	6049
6063	6117
6203	6307
6415	6510
6581	6614
6600	6533
6422	6268
6085	5890
5717	5597
5538	5518
5505	5489
5498	5555
5657	5761
5835	5879
5924	5999
6101	6200
6253	6239
6169	6076
5982	5885
5780	5664
5547	5442
5331	5200
5061	4976
5006	5160
5360	5492
5491	5369
5198	5059
5017	5076
5185	5264
5290	5281
5280	5291
5301	5294
5265	5223
5185	5167
5185	5239
5325	5430
5547	5678
5835	6016
6192	6311
6347	6317
6279	6312
6484	6847
7428	8228
9187	10203
11125	11853
12349	12656
12827	12922
13002	13135
13321	13489
13514	13291
12747	11863
10657	9216
7684	6247
5048	4196
3792	3958
4764	6137
7855	9618
11181	12413
13271	13753
13908	13797
13512	13141
12762	12434
12185	12025
11997	12160
12559	13146
13800	14374
14776	14999
15112	15178
15216	15220
15173	15054
14798	14297
13483	12404
11256	10260
9509	8968
8567	8307
8225	8308
8465	8572
8566	8483
8456	8606
8982	9545
10191	10755
11034	10859
10232	9350
8495	7881
7603	7635
7926	8427
9073	9751
10309	10595
10526	10102
9416	8596
7772	7037
6438	5989
5689	5524
5464	5462
5489	5529
5589	5678
5797	5939
6096	6249
6382	6488
6568	6637
6713	6798
6891	6969
7020	7052
7075	7102
7137	7186
7247	7319
7396	7481
7570	7677
7807	7955
8084	8154
8160	8138
8136	8177
8250	8325
8379	8408
8437	8492
8596	8755
8942	9130
9293	9416
9506	9575
9634	9693
9764	9845
9948	10073
10223	10392
10579	10780
10997	11228
11458	11660
11819	11939
12034	12107
12162	12193
12199	12180
12145	12108
12087	12113
12209	12393
12631	12875
13089	13268
13426	13579
13724	13856
13965	14048
14105	14142
14164	14188
14230	14297
14384	14479
14569	14654
14731	14800
14852	14885
14892	14875
14838	14787
14726	14663
14600	14525
14428	14305
14170	14043
13922	13786
13606	13371
13107	12857
12653	12486
12333	12169
11993	11809
11613	11398
11162	10914
10682	10466
10256	10030
9771	9492
9221	8996
8850	8771
8728	8680
8609	8515
8421	8329
8258	8205
8182	8198
8257	8354
8481	8629
8782	8939
9093	9250
9410	9572
9732	9905
10091	10288
10488	10684
10870	11038
11181	11299
11400	11504
11630	11790
11968	12135
12269	12369
12437	12483
12508	12521
12514	12490
12447	12388
12310	12217
12111	11995
11891	11813
11764	11724
11676	11608
11533	11466
11420	11393
11376	11351
11305	11229
11122	11000
10877	10769
10682	10603
10525	10438
10343	10244
10142	10045
9954	9869
9778	9669
9532	9480
9563	10474
11157	9286
8689	7523
6819	6438
6279	6240
6271	6347
6430	6511
6564	6590
6581	6563
6545	6535
6529	6524
6515	6502
6488	6471
6456	6440
6425	6412
6406	6408
6415	6424
6425	6402
6352	6279
6195	6116
6056	6029
6047	6105
6204	6327
6458	6562
6616	6598
6512	6373
6208	6036
5868	5716
5598	5541
5533	5546
5544	5526
5533	5598
5714	5825
5892	5922
5957	6023
6124	6222
6269	6241
6153	6037
5922	5812
5693	5564
5439	5335
5240	5132
5025	4974
5039	5213
5428	5574
5583	5467
5293	5148
5097	5146
5246	5326
5353	5353
5354	5365
5370	5349
5303	5239
5181	5148
5156	5209
5298	5409
5527	5652
5785	5931
6063	6145
6154	6106
6050	6053
6175	6477
7001	7757
8712	9758
10747	11556
12134	12503
12711	12823
12911	13042
13224	13390
13436	13269
12819	12041
10925	9527
7996	6541
5339	4519
4184	4433
5298	6677
8332	9969
11374	12457
13206	13637
13787	13707
13459	13112
12732	12384
12116	11958
11952	12142
12540	13091
13686	14202
14559	14762
14864	14922
14960	14961
14894	14707
14325	13676
12739	11631
10564	9732
9190	8864
8685	8649
8755	8929
9026	8941
8708	8514
8554	8928
9552	10253
10831	11131
11034	10497
9629	8683
7941	7586
7638	8006
8573	9263
9980	10611
11018	11105
10858	10342
9666	8951
8269	7654
7114	6652
6293	6050
5908	5829
5782	5745
5731	5744
5796	5884
6001	6130
6252	6358
6443	6520
6600	6693
6789	6876
6941	6990
7032	7075
7127	7183
7244	7310
7373	7439
7507	7596
7715	7861
7990	8066
8077	8058
8052	8091
8160	8231
8281	8308
8332	8384
8485	8635
8814	8993
9151	9271
9369	9450
9526	9601
9682	9773
9876	9997
10140	10300
10478	10670
10878	11102
11323	11515
11668	11786
11891	11987
12078	12153
12209	12236
12236	12222
12210	12234
12324	12498
12726	12958
13163	13336
13491	13638
13779	13905
14011	14088
14143	14175
14195	14214
14249	14304
14381	14463
14547	14626
14699	14762
14810	14837
14838	14817
14776	14720
14659	14598
14537	14466
14373	14253
14116	13977
13845	13697
13505	13262
12994	12744
12539	12377
12228	12072
11897	11718
11526	11311
11067	10813
10573	10349
10134	9908
9652	9376
9113	8898
8761	8691
8663	8634
8581	8506
8421	8338
8266	8216
8199	8223
8291	8402
8541	8703
8871	9037
9196	9358
9523	9686
9852	10031
10222	10426
10632	10834
11021	11185
11322	11432
11526	11617
11727	11870
12036	12198
12331	12427
12488	12519
12526	12520
12504	12479
12441	12378
12297	12198
12084	11970
11872	11794
11738	11693
11646	11594
11535	11482
11434	11396
11361	11323
11274	11207
11113	10996
10872	10756
10660	10579
10499	10410
10317	10217
10116	10018
9927	9840
9752	9642
9512	9466
9556	10473
11159	9286
8687	7521
6817	6437
6280	6241
6272	6347
6431	6510
6564	6589
6582	6564
6548	6538
6534	6527
6516	6501
6485	6468
6453	6436
6419	6406
6395	6389
6386	6380
6364	6333
6283	6218
6146	6075
6027	6010
6034	6108
6225	6368
6511	6611
6626	6536
6353	6130
5911	5729
5587	5492
5454	5476
5533	5582
5592	5571
5575	5646
5774	5891
5954	5970
5991	6051
6151	6246
6283	6239
6124	5985
5847	5714
5574	5426
5292	5192
5117	5051
4997	4999
5102	5297
5521	5672
5692	5586
5415	5270
5209	5240
5320	5385
5412	5420
5433	5452
5457	5431
5369	5286
5203	5147
5135	5175
5258	5365
5476	5585
5688	5786
5862	5890
5864	5796
5721	5686
5748	5968
6410	7108
8051	9136
10216	11147
11850	12316
12591	12735
12834	12954
13113	13258
13319	13220
12898	12279
11300	9983
8482	7026
5845	5086
4857	5215
6152	7523
9074	10525
11709	12579
13170	13521
13660	13619
13418	13096
12707	12325
12021	11856
11873	12094
12491	13003
13525	13969
14285	14472
14568	14614
14634	14609
14479	14160
13583	12731
11684	10616
9741	9190
8951	8912
9000	9208
9487	9699
9662	9318
8842	8561
8732	9378
10262	11042
11447	11346
10759	9810
8727	7796
7278	7293
7787	8573
9474	10342
11078	11562
11708	11492
10994	10358
9728	9187
8744	8343
7940	7527
7141	6826
6602	6440
6309	6186
6071	5971
5902	5877
5898	5960
6041	6132
6224	6316
6417	6528
6644	6748
6834	6905
6973	7039
7109	7178
7245	7304
7351	7392
7432	7493
7590	7719
7841	7918
7933	7922
7923	7964
8033	8104
8155	8185
8210	8262
8360	8501
8661	8816
8952	9067
9174	9281
9388	9493
9592	9690
9786	9894
10014	10151
10305	10479
10676	10890
11099	11283
11431	11562
11685	11816
11957	12091
12204	12285
12333	12355
12369	12404
12498	12655
12862	13074
13262	13423
13570	13711
13846	13967
14063	14137
14185	14213
14228	14242
14268	14313
14375	14447
14523	14593
14660	14715
14756	14779
14773	14745
14697	14639
14574	14511
14453	14390
14301	14179
14035	13886
13742	13578
13374	13122
12848	12593
12390	12231
12088	11934
11769	11592
11399	11180
10932	10671
10419	10188
9970	9741
9493	9228
8976	8775
8650	8592
8580	8571
8546	8492
8423	8350
8287	8245
8235	8272
8352	8477
8635	8812
8994	9172
9342	9510
9679	9847
10023	10207
10406	10615
10828	11037
11224	11386
11519	11619
11699	11773
11863	11980
12126	12277
12410	12508
12559	12566
12547	12518
12490	12466
12432	12376
12288	12176
12054	11939
11840	11761
11699	11647
11607	11573
11539	11500
11451	11393
11334	11280
11230	11175
11095	10990
10862	10740
10635	10548
10465	10378
10282	10181
10080	9980
9888	9801
9713	9607
9483	9449
9552	10476
11162	9282
8682	7512
6808	6428
6275	6240
6274	6347
6430	6507
6563	6589
6587	6572
6555	6549
6542	6535
6519	6499
6477	6460
6445	6426
6406	6386
6371	6360
6352	6339
6313	6275
6220	6155
6086	6026
5992	6001
6055	6154
6288	6435
6559	6619
6570	6392
6126	5835
5589	5415
5317	5289
5325	5418
5535	5619
5640	5619
5619	5690
5817	5931
5988	6000
6014	6068
6167	6258
6287	6223
6089	5924
5760	5601
5439	5274
5131	5040
4998	4983
4997	5060
5203	5409
5620	5758
5780	5683
5527	5389
5324	5338
5387	5425
5440	5451
5478	5511
5531	5511
5450	5356
5255	5174
5136	5149
5205	5292
5388	5475
5546	5596
5618	5601
5544	5462
5372	5306
5311	5449
5802	6436
7353	8468
9640	10709
11565	12160
12519	12710
12818	12915
13023	13119
13168	13131
12943	12498
11687	10495
9069	7671
6561	5903
5792	6255
7235	8564
9974	11214
12153	12792
13211	13463
13580	13560
13400	13098
12693	12268
11923	11748
11793	12050
12454	12928
13391	13783
14073	14257
14350	14380
14362	14267
14008	13481
12657	11618
10547	9656
9116	8948
9057	9294
9591	9921
10216	10307
10045	9463
8850	8605
8966	9842
10856	11558
11656	11107
10076	8853
7721	6958
6753	7173
8089	9247
10381	11312
11918	12131
11923	11365
10621	9902
9367	9065
8923	8817
8637	8365
8034	7721
7465	7268
7096	6918
6714	6485
6252	6043
5890	5808
5793	5838
5921	6034
6168	6317
6464	6595
6707	6804
6891	6980
7070	7160
7241	7301
7335	7351
7361	7387
7451	7552
7660	7734
7762	7765
7783	7829
7901	7975
8036	8078
8117	8177
8273	8400
8534	8653
8752	8849
8966	9103
9252	9394
9515	9612
9694	9771
9851	9942
10058	10209
10391	10597
10801	10984
11135	11280
11436	11614
11805	11994
12158	12287
12382	12453
12514	12588
12697	12845
13024	13198
13357	13496
13637	13772
13904	14013
14102	14168
14215	14245
14260	14268
14285	14320
14373	14438
14506	14573
14632	14680
14715	14727
14718	14683
14629	14566
14496	14432
14372	14306
14217	14095
13944	13786
13626	13448
13230	12969
12690	12436
12233	12072
11931	11782
11622	11442
11248	11023
10766	10499
10239	10006
9787	9567
9331	9085
8853	8667
8554	8504
8503	8510
8506	8476
8427	8371
8322	8293
8299	8349
8445	8585
8759	8949
9140	9327
9504	9681
9854	10031
10212	10401
10603	10813
11030	11240
11436	11598
11728	11818
11889	11948
12018	12109
12227	12361
12493	12588
12628	12617
12568	12518
12481	12461
12435	12384
12292	12168
12029	11904
11802	11720
11653	11602
11576	11561
11546	11516
11459	11378
11294	11226
11179	11136
11073	10975
10848	10724
10613	10522
10436	10344
10248	10144
10040	9936
9841	9751
9660	9559
9447	9428
9551	10487
11170	9274
8672	7496
6790	6414
6270	6240
6276	6346
6426	6502
6559	6591
6596	6585
6572	6564
6559	6548
6524	6494
6465	6445
6429	6408
6380	6347
6322	6310
6304	6294
6274	6232
6172	6100
6032	5988
5982	6026
6117	6243
6380	6498
6568	6549
6412	6160
5837	5530
5302	5169
5123	5149
5241	5382
5535	5646
5686	5675
5675	5733
5837	5933
5982	5995
6010	6067
6156	6238
6253	6180
6032	5850
5664	5482
5299	5121
4978	4906
4903	4948
5027	5153
5328	5529
5709	5815
5820	5727
5588	5465
5409	5413
5438	5447
5440	5444
5473	5520
5554	5551
5502	5413
5307	5212
5148	5129
5152	5206
5272	5332
5374	5387
5370	5325
5261	5181
5094	5009
4964	5027
5296	5857
6731	7855
9100	10297
11311	12052
12515	12762
12876	12933
12967	12988
13002	13003
12927	12647
12019	10997
9716	8449
7465	6938
6938	7461
8430	9655
10893	11916
12628	13063
13322	13471
13543	13523
13376	13080
12663	12214
11857	11699
11785	12082
12501	12955
13381	13743
14026	14215
14309	14315
14239	14025
13563	12764
11678	10516
9550	8994
8899	9172
9610	10052
10407	10656
10729	10517
9980	9267
8715	8671
9251	10236
11177	11615
11329	10386
9098	7823
6851	6377
6520	7293
8524	9898
11089	11883
12194	12021
11441	10595
9704	9001
8632	8599
8778	8981
9075	9002
8808	8585
8396	8249
8121	7956
7709	7359
6927	6474
6067	5764
5588	5532
5574	5692
5859	6049
6234	6402
6544	6659
6765	6870
6981	7095
7202	7277
7315	7313
7291	7282
7310	7382
7476	7558
7610	7646
7684	7740
7809	7884
7957	8018
8078	8147
8239	8352
8456	8537
8598	8672
8788	8953
9136	9305
9438	9532
9592	9627
9650	9685
9753	9875
10050	10258
10462	10642
10800	10963
11153	11377
11620	11852
12056	12219
12354	12476
12603	12741
12892	13042
13183	13311
13427	13546
13675	13811
13935	14038
14116	14178
14226	14261
14278	14287
14298	14329
14381	14445
14514	14575
14630	14671
14701	14705
14687	14646
14587	14516
14442	14371
14302	14226
14125	13993
13834	13666
13494	13304
13078	12812
12534	12278
12071	11906
11760	11610
11442	11261
11057	10823
10562	10288
10028	9796
9587	9388
9181	8967
8768	8601
8492	8445
8438	8452
8462	8455
8429	8399
8376	8373
8404	8474
8587	8739
8919	9114
9309	9496
9675	9851
10033	10219
10406	10597
10789	10990
11201	11417
11622	11791
11917	12005
12069	12120
12175	12241
12329	12439
12558	12648
12680	12656
12598	12538
12496	12475
12456	12409
12316	12178
12023	11878
11760	11670
11603	11562
11554	11561
11557	11522
11447	11344
11242	11165
11121	11090
11041	10953
10833	10706
10596	10502
10412	10316
10215	10106
9994	9883
9780	9685
9593	9495
9394	9396
9538	10494
11179	9264
8656	7470
6763	6397
6262	6242
6283	6350
6424	6495
6554	6594
6609	6602
6593	6587
6584	6565
6532	6487
6451	6423
6408	6383
6344	6296
6257	6240
6241	6245
6238	6203
6150	6080
6024	5997
6021	6097
6219	6354
6468	6530
6509	6391
6162	5854
5527	5261
5093	5022
5024	5088
5209	5370
5535	5663
5722	5736
5741	5781
5846	5909
5942	5958
5983	6039
6116	6178
6177	6097
5944	5753
5553	5354
5154	4976
4846	4800
4837	4937
5079	5253
5446	5630
5772	5834
5809	5710
5582	5481
5445	5457
5471	5461
5431	5412
5430	5474
5512	5521
5487	5415
5318	5225
5150	5109
5099	5118
5149	5175
5186	5170
5134	5087
5042	4991
4925	4840
4760	4761
4950	5427
6231	7326
8602	9906
11068	11961
12544	12855
12979	12992
12945	12888
12863	12881
12883	12736
12287	11469
10400	9337
8531	8137
8210	8729
9606	10667
11698	12514
13041	13325
13456	13514
13523	13470
13306	13009
12594	12168
11857	11766
11924	12269
12699	13133
13530	13866
14137	14324
14416	14401
14256	13893
13185	12093
10778	9584
8847	8721
9124	9811
10510	11030
11288	11252
10911	10289
9510	8833
8547	8837
9619	10567
11239	11286
10617	9428
8092	6968
6279	6124
6569	7593
8998	10410
11457	11931
11816	11234
10353	9372
8507	7959
7824	8063
8511	8971
9286	9412
9395	9328
9284	9282
9278	9202
8963	8514
7873	7137
6431	5857
5472	5277
5242	5331
5506	5722
5943	6145
6315	6454
6570	6683
6810	6952
7091	7195
7243	7236
7195	7160
7165	7224
7319	7425
7517	7591
7653	7708
7766	7833
7911	7993
8071	8147
8232	8326
8409	8464
8499	8552
8663	8836
9037	9221
9358	9443
9480	9479
9447	9418
9433	9528
9702	9916
10127	10299
10452	10617
10833	11097
11384	11655
11891	12077
12244	12420
12621	12839
13047	13216
13333	13414
13486	13577
13698	13831
13953	14050
14119	14177
14231	14271
14296	14303
14312	14344
14404	14476
14549	14610
14660	14694
14715	14711
14685	14635
14570	14491
14412	14328
14241	14139
14017	13867
13699	13525
13342	13142
12907	12641
12365	12110
11896	11721
11564	11406
11232	11040
10824	10578
10308	10034
9778	9556
9367	9199
9039	8875
8715	8576
8473	8414
8396	8403
8418	8431
8438	8442
8457	8491
8556	8652
8787	8950
9133	9320
9506	9683
9855	10031
10219	10410
10600	10781
10956	11138
11337	11556
11768	11949
12079	12168
12229	12284
12330	12375
12430	12513
12607	12683
12710	12688
12639	12586
12545	12521
12494	12445
12353	12209
12039	11869
11727	11619
11555	11530
11545	11566
11566	11516
11417	11290
11178	11101
11064	11038
10995	10914
10801	10683
10576	10479
10384	10284
10174	10058
9937	9815
9704	9600
9501	9404
9313	9332
9498	10480
11189	9250
8637	7438
6733	6375
6254	6248
6290	6352
6418	6486
6546	6595
6619	6620
6611	6608
6603	6584
6539	6485
6439	6412
6391	6359
6303	6237
6183	6160
6168	6188
6199	6186
6148	6101
6067	6068
6117	6214
6339	6451
6512	6490
6371	6157
5864	5542
5252	5057
4971	4967
5012	5097
5226	5384
5542	5670
5748	5789
5810	5831
5851	5872
5890	5906
5932	5977
6030	6063
6042	5954
5807	5622
5422	5220
5021	4853
4748	4730
4802	4942
5120	5319
5516	5680
5781	5806
5753	5648
5534	5461
5447	5472
5490	5470
5418	5375
5366	5387
5411	5416
5389	5333
5257	5177
5108	5061
5037	5029
5031	5025
5003	4967
4925	4898
4887	4885
4859	4791
4699	4657
4770	5151
5851	6864
8124	9494
10792	11840
12552	12945
13094	13074
12968	12852
12793	12809
12850	12799
12506	11913
11105	10290
9681	9405
9502	9947
10657	11501
12306	12935
13330	13520
13574	13559
13500	13391
13193	12889
12512	12160
11953	11978
12225	12618
13048	13450
13797	14090
14329	14493
14574	14537
14322	13800
12852	11505
10045	8920
8486	8809
9656	10660
11496	11967
11996	11572
10770	9775
8885	8410
8534	9193
10112	10898
11200	10835
9874	8598
7373	6488
6067	6160
6803	7954
9380	10666
11417	11467
10919	10018
9014	8108
7458	7188
7327	7785
8393	8961
9378	9621
9753	9865
10018	10207
10371	10407
10192	9657
8824	7828
6848	6032
5455	5118
4984	5012
5151	5357
5591	5814
6010	6167
6297	6420
6560	6724
6891	7021
7087	7088
7050	7015
7026	7097
7218	7356
7483	7586
7659	7706
7741	7794
7874	7970
8054	8123
8192	8268
8341	8389
8418	8466
8573	8745
8949	9137
9282	9370
9403	9378
9301	9215
9176	9236
9401	9619
9826	9988
10121	10278
10497	10786
11111	11416
11669	11875
12066	12290
12560	12863
13141	13345
13459	13513
13555	13624
13731	13856
13977	14072
14144	14203
14255	14298
14319	14325
14332	14370
14440	14524
14598	14658
14702	14731
14740	14728
14694	14636
14563	14478
14388	14287
14177	14043
13888	13716
13537	13353
13164	12954
12715	12452
12181	11924
11701	11511
11341	11170
10990	10785
10554	10294
10023	9753
9507	9300
9138	9012
8903	8793
8683	8574
8479	8406
8373	8373
8396	8432
8470	8516
8574	8653
8751	8881
9032	9203
9382	9564
9733	9894
10051	10220
10403	10597
10787	10954
11103	11258
11443	11658
11882	12072
12210	12297
12363	12419
12470	12503
12533	12580
12645	12697
12719	12708
12679	12645
12609	12573
12536	12478
12390	12252
12074	11879
11708	11581
11516	11509
11547	11580
11575	11502
11378	11237
11122	11049
11015	10986
10937	10856
10748	10638
10535	10439
10338	10230
10114	9988
9854	9727
9603	9491
9385	9286
9201	9238
9424	10441
11188	9233
8614	7411
6708	6360
6253	6256
6302	6358
6417	6477
6541	6594
6624	6626
6617	6611
6605	6586
6544	6492
6448	6417
6391	6349
6280	6198
6129	6095
6104	6134
6163	6174
6165	6152
6154	6187
6256	6348
6440	6493
6472	6362
6160	5890
5582	5287
5060	4946
4931	4978
5052	5151
5278	5423
5562	5676
5760	5817
5850	5861
5849	5837
5837	5847
5861	5884
5897	5890
5846	5755
5619	5457
5280	5098
4928	4790
4714	4715
4801	4950
5139	5338
5524	5660
5732	5731
5671	5580
5492	5445
5446	5476
5489	5463
5399	5337
5296	5282
5273	5259
5223	5175
5116	5057
5008	4971
4948	4932
4913	4884
4839	4789
4751	4748
4781	4831
4854	4823
4743	4677
4726	4998
5557	6442
7634	9033
10442	11640
12488	12978
13174	13158
13027	12883
12803	12805
12848	12846
12683	12310
11774	11225
10810	10624
10699	11017
11516	12111
12690	13156
13462	13612
13640	13587
13475	13306
13067	12762
12441	12202
12137	12299
12643	13077
13495	13845
14116	14333
14505	14627
14677	14602
14302	13627
12485	10983
9505	8548
8442	9147
10305	11471
12302	12612
12355	11561
10409	9222
8409	8264
8812	9773
10728	11288
11235	10555
9440	8198
7135	6444
6194	6415
7134	8280
9583	10599
10973	10622
9767	8752
7860	7236
6949	7016
7392	7951
8541	9033
9379	9617
9834	10108
10455	10824
11118	11209
10978	10359
9390	8239
7114	6182
5522	5111
4903	4841
4896	5032
5223	5439
5645	5824
5971	6110
6257	6429
6602	6745
6830	6858
6848	6852
6902	7016
7173	7339
7477	7578
7635	7658
7676	7720
7801	7896
7975	8025
8069	8127
8199	8257
8301	8361
8477	8655
8864	9065
9229	9345
9401	9381
9284	9153
9061	9075
9202	9399
9585	9724
9833	9970
10189	10487
10828	11148
11410	11622
11835	12093
12428	12805
13155	13414
13558	13621
13659	13715
13802	13914
14027	14130
14212	14279
14328	14358
14363	14356
14362	14403
14478	14566
14642	14696
14735	14756
14757	14737
14691	14626
14544	14452
14350	14237
14098	13929
13739	13542
13349	13162
12965	12749
12508	12247
11980	11724
11490	11286
11101	10920
10731	10514
10272	10009
9741	9479
9248	9061
8927	8840
8774	8716
8649	8569
8484	8411
8372	8373
8413	8475
8547	8632
8727	8842
8975	9130
9298	9475
9652	9819
9974	10118
10259	10410
10586	10775
10956	11107
11234	11364
11530	11743
11968	12167
12307	12398
12467	12534
12587	12616
12628	12645
12679	12706
12714	12709
12697	12681
12648	12602
12549	12492
12414	12292
12114	11909
11711	11565
11494	11496
11543	11585
11571	11487
11348	11201
11088	11021
10981	10938
10869	10775
10664	10560
10458	10360
10256	10145
10021	9887
9750	9614
9483	9364
9254	9154
9076	9125
9331	10385
11182	9218
8599	7394
6696	6358
6261	6270
6317	6367
6417	6472
6533	6586
6618	6619
6602	6590
6582	6570
6544	6508
6474	6444
6412	6357
6279	6187
6108	6065
6063	6096
6139	6174
6199	6222
6263	6329
6404	6467
6493	6454
6338	6149
5902	5628
5357	5124
4972	4922
4953	5027
5114	5221
5350	5481
5598	5688
5755	5811
5849	5854
5830	5802
5783	5776
5765	5748
5719	5671
5597	5503
5389	5265
5134	5004
4885	4795
4748	4758
4839	4974
5146	5324
5483	5591
5641	5636
5594	5539
5493	5470
5473	5483
5474	5431
5360	5283
5219	5171
5127	5081
5029	4979
4929	4887
4855	4835
4823	4812
4792	4753
4701	4650
4622	4641
4708	4800
4870	4884
4836	4773
4770	4930
5331	6047
7126	8507
9999	11333
12322	12927
13200	13224
13106	12963
12869	12843
12858	12869
12806	12629
12353	12052
11816	11696
11720	11882
12156	12502
12871	13198
13449	13596
13639	13578
13429	13205
12928	12629
12380	12263
12349	12647
13086	13556
13954	14238
14420	14541
14626	14677
14663	14507
14085	13265
12003	10489
9144	8448
8650	9616
10918	12084
12778	12858
12317	11262
9960	8817
8259	8497
9399	10536
11432	11771
11459	10606
9452	8289
7343	6749
6562	6821
7530	8566
9618	10270
10259	9625
8685	7809
7245	7046
7167	7519
8000	8483
8863	9098
9239	9381
9635	10033
10524	10983
11284	11313
10990	10292
9291	8164
7114	6290
5727	5371
5138	4976
4880	4869
4945	5091
5270	5452
5618	5775
5928	6092
6255	6397
6500	6571
6623	6697
6817	6986
7179	7347
7461	7522
7540	7535
7541	7585
7667	7757
7813	7829
7842	7885
7961	8043
8119	8214
8354	8548
8770	8991
9197	9362
9467	9483
9396	9244
9110	9060
9126	9263
9406	9514
9602	9724
9932	10228
10560	10873
11128	11337
11555	11845
12224	12664
13085	13411
13617	13727
13789	13843
13911	14000
14109	14221
14327	14401
14438	14437
14415	14391
14393	14436
14507	14588
14657	14705
14737	14750
14742	14714
14661	14589
14500	14398
14287	14158
13996	13797
13574	13352
13146	12953
12753	12535
12291	12033
11768	11508
11273	11058
10862	10677
10478	10253
10006	9741
9481	9236
9025	8860
8751	8688
8658	8634
8600	8547
8479	8418
8390	8412
8480	8577
8682	8793
8915	9055
9211	9383
9561	9742
9913	10075
10219	10350
10473	10612
10771	10946
11114	11250
11361	11472
11625	11825
12048	12244
12383	12473
12545	12616
12675	12704
12707	12708
12713	12711
12698	12686
12681	12667
12636	12583
12525	12475
12416	12315
12154	11950
11741	11578
11493	11488
11531	11571
11554	11471
11333	11196
11089	11019
10962	10893
10794	10674
10553	10442
10344	10244
10141	10024
9898	9762
9623	9483
9352	9231
9120	9025
8952	9017
9237	10325
11165	9203
8585	7384
6695	6366
6278	6291
6337	6384
6425	6469
6524	6573
6602	6595
6571	6545
6535	6535
6537	6530
6518	6491
6449	6383
6298	6205
6120	6066
6052	6077
6131	6189
6246	6310
6386	6467
6527	6537
6473	6331
6122	5874
5624	5393
5198	5052
4971	4965
5014	5093
5186	5297
5427	5551
5644	5701
5739	5773
5803	5806
5782	5748
5716	5682
5637	5579
5504	5417
5323	5229
5144	5065
4996	4936
4887	4853
4840	4860
4921	5030
5172	5322
5445	5525
5558	5560
5552	5547
5544	5542
5529	5500
5445	5371
5285	5202
5124	5056
4985	4917
4850	4789
4739	4702
4678	4670
4666	4664
4650	4622
4583	4547
4537	4572
4658	4773
4879	4940
4935	4890
4857	4914
5153	5686
6619	7943
9476	10920
12047	12781
13154	13247
13173	13050
12943	12878
12849	12848
12855	12845
12798	12722
12637	12569
12533	12544
12614	12742
12925	13134
13337	13487
13545	13484
13308	13043
12734	12454
12282	12295
12528	12950
13468	13965
14344	14573
14673	14698
14689	14644
14515	14213
13624	12665
11380	10006
8946	8580
9047	10140
11425	12448
12915	12728
11948	10763
9505	8601
8414	9027
10173	11369
12161	12321
11857	10934
9792	8672
7765	7194
7037	7329
8013	8888
9621	9885
9559	8811
8001	7457
7320	7537
7958	8430
8824	9053
9088	8997
8902	8950
9221	9691
10222	10639
10804	10649
10180	9443
8553	7667
6944	6462
6185	6007
5809	5545
5249	5009
4881	4877
4969	5113
5275	5436
5591	5740
5883	6021
6149	6280
6411	6568
6761	6985
7198	7347
7415	7417
7387	7355
7357	7405
7489	7566
7594	7572
7552	7580
7667	7777
7897	8039
8220	8430
8661	8898
9142	9367
9538	9612
9561	9423
9268	9163
9146	9200
9275	9341
9406	9521
9720	9999
10310	10598
10826	11023
11244	11553
11966	12453
12930	13329
13612	13794
13903	13972
14026	14100
14196	14322
14441	14523
14541	14507
14451	14411
14413	14455
14518	14587
14643	14680
14704	14710
14695	14659
14600	14518
14423	14314
14194	14053
13872	13646
13397	13153
12937	12736
12533	12314
12072	11814
11550	11293
11051	10830
10630	10438
10234	10008
9755	9501
9254	9029
8839	8696
8604	8563
8552	8552
8541	8512
8466	8430
8433	8489
8595	8725
8859	8990
9129	9282
9450	9627
9811	9993
10164	10323
10460	10580
10695	10819
10961	11119
11268	11391
11489	11592
11729	11918
12126	12311
12443	12532
12605	12679
12742	12774
12775	12766
12747	12717
12679	12645
12627	12608
12572	12517
12468	12432
12397	12324
12187	11996
11788	11613
11507	11481
11507	11538
11526	11450
11331	11209
11111	11032
10951	10845
10708	10559
10418	10300
10198	10100
9996	9881
9757	9626
9488	9351
9221	9102
8998	8906
8844	8922
9161	10271
11140	9183
8569	7382
6699	6380
6301	6319
6364	6404
6437	6471
6515	6557
6580	6566
6529	6491
6477	6492
6526	6557
6566	6544
6491	6416
6331	6243
6159	6095
6067	6088
6149	6232
6319	6411
6502	6575
6595	6530
6368	6127
5847	5575
5354	5198
5101	5047
5032	5053
5103	5171
5260	5376
5508	5623
5691	5712
5709	5712
5719	5719
5699	5664
5615	5556
5477	5379
5269	5158
5054	4973
4917	4889
4882	4891
4912	4935
4961	4994
5046	5131
5245	5362
5453	5504
5526	5539
5561	5593
5623	5627
5591	5514
5408	5292
5185	5090
5009	4932
4855	4778
4706	4642
4587	4545
4518	4499
4492	4488
4486	4481
4475	4474
4491	4540
4632	4751
4874	4967
5007	4995
4951	4931
5028	5383
6155	7385
8911	10429
11677	12541
13034	13216
13198	13095
12981	12875
12792	12764
12815	12933
13069	13173
13212	13187
13116	13026
12951	12919
12955	13051
13181	13297
13338	13260
13057	12765
12455	12218
12143	12289
12654	13174
13745	14253
14611	14798
14841	14796
14699	14537
14243	13734
12941	11874
10663	9571
8911	8915
9593	10697
11825	12592
12766	12308
11344	10144
9078	8538
8761	9694
10986	12154
12826	12858
12312	11356
10199	9055
8127	7579
7514	7917
8630	9359
9789	9722
9207	8510
7962	7783
7987	8426
8905	9257
9385	9265
8963	8627
8415	8442
8725	9181
9626	9867
9794	9418
8832	8161
7538	7079
6855	6855
6972	7036
6909	6552
6040	5525
5128	4904
4839	4889
5002	5138
5273	5397
5516	5655
5819	6013
6225	6460
6711	6965
7178	7304
7326	7280
7213	7165
7165	7222
7307	7371
7369	7313
7266	7282
7374	7516
7682	7873
8089	8310
8531	8763
9021	9290
9518	9653
9669	9580
9442	9310
9222	9188
9185	9197
9239	9339
9525	9780
10063	10316
10523	10707
10927	11242
11669	12178
12698	13155
13513	13775
13947	14050
14111	14172
14266	14393
14519	14595
14594	14530
14454	14407
14410	14453
14507	14558
14601	14628
14646	14644
14623	14578
14511	14423
14317	14201
14074	13923
13727	13484
13211	12952
12723	12520
12315	12096
11855	11595
11332	11074
10830	10609
10408	10212
10005	9774
9522	9275
9045	8846
8681	8559
8486	8459
8459	8475
8485	8479
8463	8458
8497	8592
8741	8905
9060	9204
9350	9509
9680	9862
10048	10230
10401	10556
10692	10808
10920	11032
11162	11298
11431	11544
11632	11725
11854	12023
12211	12378
12503	12590
12660	12732
12794	12827
12832	12814
12780	12721
12652	12591
12553	12521
12478	12425
12384	12370
12359	12317
12209	12038
11838	11656
11525	11472
11471	11492
11482	11424
11326	11224
11130	11044
10934	10789
10613	10433
10275	10149
10044	9949
9849	9737
9618	9490
9359	9227
9105	8993
8896	8812
8764	8862
9117	10236
11110	9162
8555	7376
6707	6401
6331	6356
6401	6435
6457	6479
6511	6542
6553	6530
6484	6436
6419	6447
6510	6574
6607	6588
6527	6449
6367	6289
6211	6143
6105	6120
6193	6299
6410	6515
6595	6629
6578	6426
6172	5860
5547	5292
5129	5062
5061	5092
5129	5162
5202	5256
5336	5451
5578	5682
5723	5707
5658	5621
5604	5598
5580	5539
5473	5385
5280	5163
5043	4927
4830	4766
4741	4754
4801	4868
4943	5017
5079	5131
5192	5267
5359	5450
5514	5548
5562	5577
5608	5653
5687	5683
5621	5505
5357	5203
5066	4957
4873	4805
4740	4675
4610	4546
4488	4435
4388	4349
4322	4311
4315	4338
4374	4421
4474	4543
4633	4745
4867	4976
5050	5068
5033	4966
4957	5161
5771	6875
8344	9890
11239	12236
12855	13133
13174	13093
12967	12826
12691	12633
12702	12899
13151	13369
13488	13509
13444	13334
13205	13092
13024	13010
13032	13054
13020	12895
12671	12388
12126	11975
12022	12298
12770	13347
13925	14408
14734	14889
14902	14815
14645	14352
13866	13121
12131	11010
9969	9254
9050	9419
10244	11258
12128	12559
12394	11670
10581	9465
8693	8573
9188	10362
11698	12777
13316	13250
12646	11645
10427	9216
8270	7817
7961	8587
9405	10049
10259	9991
9433	8884
8598	8644
8935	9287
9533	9560
9341	8923
8446	8070
7917	8009
8285	8613
8832	8800
8488	7967
7401	6945
6725	6782
7095	7565
8034	8309
8248	7817
7121	6352
5683	5212
4952	4858
4876	4944
5025	5106
5198	5333
5531	5779
6059	6341
6619	6876
7077	7184
7190	7129
7056	7008
7011	7068
7151	7206
7188	7115
7048	7059
7154	7318
7520	7750
7986	8198
8383	8580
8821	9100
9363	9552
9635	9623
9542	9425
9304	9201
9123	9077
9081	9161
9324	9555
9809	10044
10237	10420
10638	10949
11368	11870
12396	12888
13308	13640
13882	14037
14135	14209
14305	14421
14532	14589
14570	14498
14424	14385
14395	14435
14477	14513
14540	14560
14569	14562
14534	14481
14404	14305
14192	14069
13933	13774
13568	13310
13026	12752
12519	12313
12108	11886
11642	11385
11124	10864
10621	10400
10195	9999
9789	9553
9305	9065
8857	8684
8546	8447
8394	8375
8391	8419
8449	8468
8486	8518
8593	8727
8907	9094
9264	9419
9568	9728
9899	10084
10271	10452
10624	10779
10915	11032
11142	11254
11374	11497
11612	11710
11793	11880
11996	12143
12305	12451
12565	12648
12719	12785
12842	12875
12881	12858
12808	12726
12625	12537
12474	12426
12375	12322
12290	12293
12308	12292
12213	12065
11875	11685
11536	11451
11426	11434
11426	11383
11307	11220
11132	11032
10895	10715
10506	10302
10134	10003
9901	9808
9713	9610
9496	9376
9252	9129
9012	8908
8816	8747
8717	8835
9107	10223
11077	9136
8537	7370
6715	6424
6366	6396
6440	6469
6483	6491
6506	6527
6528	6500
6443	6388
6370	6409
6490	6579
6628	6615
6550	6473
6401	6336
6271	6203
6161	6178
6262	6385
6511	6605
6647	6608
6467	6220
5898	5554
5255	5050
4969	4989
5072	5167
5238	5278
5302	5337
5407	5516
5635	5718
5733	5680
5591	5513
5468	5449
5424	5373
5289	5183
5069	4952
4843	4744
4672	4631
4638	4685
4764	4865
4971	5075
5167	5246
5320	5400
5482	5552
5602	5628
5637	5647
5667	5688
5696	5663
5580	5450
5284	5108
4946	4823
4740	4687
4641	4596
4549	4496
4437	4371
4303	4241
4190	4162
4169	4213
4288	4383
4479	4571
4667	4767
4876	4985
5075	5121
5096	5009
4929	5019
5479	6436
7805	9338
10752	11879
12630	13015
13116	13062
12930	12760
12587	12497
12557	12775
13066	13322
13472	13523
13505	13446
13356	13247
13130	13018
12913	12800
12657	12467
12233	12003
11840	11825
12017	12412
12952	13532
14060	14473
14742	14862
14855	14743
14505	14085
13406	12449
11313	10216
9418	9114
9346	10020
10914	11768
12317	12366
11850	10883
9742	8796
8386	8693
9648	10964
12253	13179
13564	13383
12705	11640
10349	9090
8198	7958
8417	9340
10307	10932
11035	10703
10200	9801
9636	9663
9742	9735
9559	9204
8719	8198
7776	7573
7605	7787
7980	8059
7947	7628
7151	6645
6274	6185
6434	6991
7736	8520
9177	9539
9486	8999
8191	7260
6408	5748
5318	5081
4980	4951
4952	4960
5000	5113
5314	5588
5894	6189
6459	6696
6882	6986
7014	6988
6943	6909
6912	6965
7041	7088
7071	6996
6926	6929
7024	7194
7414	7664
7904	8093
8229	8368
8563	8819
9085	9305
9448	9519
9519	9453
9336	9198
9067	8971
8937	8986
9123	9329
9567	9795
9997	10189
10408	10697
11082	11543
12046	12545
13004	13394
13703	13926
14084	14204
14311	14411
14489	14518
14493	14435
14386	14369
14387	14417
14443	14457
14469	14476
14477	14464
14430	14369
14283	14174
14051	13919
13778	13612
13399	13134
12840	12565
12327	12119
11915	11693
11451	11193
10928	10669
10430	10206
10004	9806
9594	9356
9109	8879
8693	8551
8444	8371
8332	8329
8356	8398
8446	8497
8547	8616
8725	8889
9086	9286
9461	9618
9768	9927
10102	10285
10471	10653
10826	10980
11116	11240
11356	11471
11590	11705
11806	11893
11971	12051
12153	12276
12409	12534
12635	12715
12780	12839
12887	12914
12916	12893
12829	12727
12601	12487
12404	12341
12278	12225
12198	12212
12242	12246
12187	12060
11880	11689
11524	11415
11371	11364
11360	11326
11262	11185
11095	10985
10825	10619
10387	10172
9999	9871
9777	9692
9603	9507
9402	9290
9173	9058
8948	8852
8771	8712
8700	8832
9122	10218
11034	9104
8509	7359
6722	6446
6401	6439
6485	6508
6509	6503
6504	6511
6504	6472
6416	6357
6339	6377
6470	6567
6623	6612
6553	6482
6426	6380
6332	6272
6235	6255
6347	6474
6593	6656
6633	6501
6259	5934
5574	5242
5000	4878
4886	4985
5129	5265
5353	5390
5400	5419
5473	5565
5666	5725
5712	5628
5506	5392
5316	5275
5239	5175
5078	4966
4857	4764
4685	4624
4587	4582
4612	4677
4768	4875
4987	5100
5208	5310
5405	5491
5564	5624
5668	5693
5704	5704
5694	5669
5628	5559
5465	5340
5185	5010
4844	4713
4629	4586
4559	4536
4503	4463
4405	4337
4262	4186
4120	4080
4083	4131
4231	4359
4495	4622
4731	4825
4919	5015
5104	5160
5144	5047
4927	4930
5263	6070
7312	8789
10248	11485
12377	12878
13052	13029
12903	12718
12526	12403
12433	12623
12886	13115
13248	13311
13343	13362
13355	13298
13186	13021
12813	12579
12334	12089
11873	11725
11700	11851
12196	12696
13258	13787
14216	14520
14701	14770
14727	14575
14261	13718
12878	11778
10592	9606
9087	9156
9736	10602
11485	12126
12339	12017
11186	10049
8946	8258
8244	8936
10131	11483
12639	13359
13551	13225
12439	11291
9958	8744
8033	8105
8928	10141
11244	11877
11952	11637
11197	10837
10591	10365
10047	9588
9028	8444
7920	7537
7365	7430
7647	7841
7843	7584
7113	6549
6032	5698
5663	6004
6699	7619
8598	9466
10093	10377
10256	9732
8913	7972
7097	6395
5906	5598
5412	5290
5190	5102
5059	5101
5253	5495
5765	6022
6245	6444
6614	6744
6825	6865
6869	6859
6860	6896
6960	7014
7011	6951
6892	6890
6973	7129
7340	7585
7819	7984
8077	8161
8297	8504
8742	8967
9149	9287
9363	9365
9280	9142
8989	8867
8807	8833
8950	9140
9369	9603
9821	10018
10234	10495
10824	11222
11678	12157
12631	13060
13427	13728
13969	14155
14290	14377
14418	14421
14402	14381
14375	14390
14409	14420
14413	14403
14393	14388
14379	14360
14318	14248
14153	14036
13904	13763
13614	13443
13224	12956
12663	12389
12150	11943
11739	11515
11274	11012
10752	10494
10250	10031
9828	9629
9416	9180
8938	8725
8567	8456
8383	8338
8319	8328
8365	8423
8493	8570
8656	8762
8900	9079
9281	9477
9651	9804
9954	10115
10288	10472
10658	10841
11013	11167
11307	11435
11561	11683
11807	11917
12008	12085
12156	12233
12319	12418
12520	12620
12709	12783
12845	12895
12927	12944
12939	12911
12842	12727
12584	12453
12353	12275
12205	12145
12117	12132
12167	12180
12133	12018
11850	11659
11486	11365
11307	11292
11284	11249
11190	11111
11017	10892
10720	10499
10257	10039
9872	9753
9667	9591
9512	9422
9328	9222
9114	9007
8908	8819
8749	8701
8697	8843
9140	10217
10993	9074
8489	7351
6728	6469
6437	6481
6527	6542
6531	6510
6497	6492
6482	6452
6398	6345
6324	6358
6444	6535
6587	6579
6531	6475
6440	6419
6392	6350
6323	6350
6437	6555
6639	6645
6540	6311
5984	5605
5244	4964
4810	4787
4880	5040
5219	5367
5458	5486
5486	5490
5530	5599
5667	5693
5652	5542
5395	5253
5150	5084
5034	4958
4858	4753
4669	4610
4578	4566
4572	4599
4649	4720
4806	4900
4999	5099
5205	5312
5412	5499
5561	5612
5656	5690
5710	5699
5657	5583
5488	5385
5287	5183
5063	4920
4767	4641
4560	4516
4496	4480
4460	4426
4381	4322
4256	4187
4127	4087
4082	4121
4216	4356
4520	4680
4810	4909
4988	5064
5138	5183
5165	5063
4917	4860
5085	5747
6847	8243
9717	11057
12090	12728
12999	13027
12924	12743
12542	12394
12378	12501
12695	12860
12950	12999
13053	13120
13177	13181
13105	12936
12692	12403
12108	11857
11687	11639
11763	12075
12556	13120
13668	14110
14415	14591
14673	14665
14562	14333
13920	13253
12301	11146
10009	9202
8956	9315
10109	11049
11838	12248
12144	11506
10457	9276
8335	7977
8349	9341
10652	11925
12883	13366
13334	12824
11894	10667
9356	8307
7899	8348
9506	10918
12078	12692
12751	12442
11984	11497
10986	10391
9692	8938
8250	7737
7456	7405
7558	7836
8097	8153
7868	7252
6476	5773
5335	5264
5601	6319
7313	8391
9358	10073
10474	10558
10325	9811
9104	8333
7631	7076
6689	6431
6248	6081
5895	5695
5528	5448
5481	5605
5767	5919
6054	6186
6336	6494
6641	6754
6817	6830
6822	6841
6897	6960
6984	6960
6919	6922
6985	7105
7275	7492
7709	7858
7931	7979
8076	8233
8429	8628
8813	8978
9107	9161
9122	9009
8865	8750
8697	8733
8849	9035
9260	9493
9705	9903
10097	10318
10590	10923
11321	11770
12233	12677
13086	13458
13789	14055
14235	14325
14346	14341
14343	14372
14419	14462
14473	14449
14402	14355
14319	14298
14279	14252
14200	14123
14018	13892
13749	13601
13444	13268
13046	12781
12491	12218
11980	11773
11566	11344
11102	10843
10580	10323
10078	9859
9657	9462
9254	9025
8799	8612
8484	8410
8373	8357
8358	8381
8426	8496
8586	8693
8814	8951
9112	9298
9491	9679
9840	9987
10137	10295
10470	10654
10841	11020
11192	11349
11491	11626
11759	11894
12021	12128
12210	12279
12348	12419
12491	12563
12635	12708
12783	12853
12911	12945
12960	12962
12949	12916
12844	12723
12573	12435
12324	12236
12157	12085
12047	12054
12083	12093
12047	11939
11781	11596
11426	11304
11240	11218
11201	11158
11088	10999
10895	10761
10583	10358
10117	9905
9746	9640
9565	9499
9428	9348
9262	9165
9066	8968
8879	8799
8737	8696
8699	8848
9145	10202
10949	9042
8466	7344
6738	6492
6470	6520
6565	6577
6552	6516
6488	6473
6461	6436
6396	6351
6331	6352
6414	6483
6524	6520
6487	6455
6444	6448
6447	6433
6425	6453
6522	6601
6628	6558
6364	6055
5671	5281
4957	4758
4701	4774
4932	5128
5317	5462
5541	5564
5552	5548
5571	5611
5639	5625
5554	5429
5269	5107
4976	4887
4818	4743
4650	4567
4517	4504
4518	4554
4604	4659
4722	4790
4861	4932
5002	5078
5165	5260
5347	5418
5461	5502
5544	5593
5626	5619
5558	5448
5318	5195
5097	5020
4940	4837
4716	4605
4526	4481
4454	4437
4416	4392
4361	4324
4283	4245
4210	4185
4173	4190
4256	4384
4556	4735
4885	4990
5060	5115
5162	5184
5151	5036
4871	4773
4912	5441
6394	7688
9147	10572
11755	12554
12955	13062
13001	12845
12646	12479
12405	12446
12555	12650
12692	12712
12744	12805
12866	12896
12852	12717
12498	12232
11972	11773
11682	11749
12002	12440
13006	13594
14093	14438
14625	14693
14673	14582
14389	14050
13513	12730
11712	10578
9572	8968
8951	9494
10383	11291
11928	12090
11707	10845
9717	8650
8006	8029
8738	9905
11194	12294
13008	13238
12979	12263
11183	9905
8703	7931
7907	8723
10115	11591
12690	13214
13206	12830
12225	11479
10627	9714
8823	8078
7598	7462
7633	7998
8414	8747
8862	8635
8011	7086
6114	5395
5125	5344
5985	6926
7995	8983
9717	10111
10193	10040
9724	9302
8832	8385
8025	7785
7654	7581
7502	7358
7124	6822
6513	6264
6112	6044
6015	5997
5990	6024
6125	6287
6475	6639
6741	6764
6754	6760
6819	6907
6974	6993
6991	7001
7042	7104
7210	7370
7557	7705
7787	7841
7920	8047
8204	8364
8516	8666
8798	8877
8873	8795
8689	8617
8615	8698
8848	9048
9264	9472
9655	9816
9975	10155
10376	10655
11005	11411
11844	12279
12706	13131
13538	13889
14130	14251
14287	14301
14342	14425
14515	14573
14562	14497
14400	14314
14252	14214
14184	14145
14086	13999
13886	13748
13599	13442
13275	13093
12871	12606
12317	12043
11806	11597
11389	11169
10924	10666
10404	10144
9901	9682
9483	9294
9096	8888
8688	8535
8445	8412
8412	8424
8447	8483
8538	8617
8728	8863
9017	9183
9360	9544
9726	9891
10038	10179
10324	10485
10660	10844
11029	11208
11378	11536
11681	11818
11961	12103
12236	12336
12410	12470
12533	12597
12657	12704
12745	12793
12855	12918
12968	12991
12984	12965
12940	12902
12833	12716
12573	12436
12323	12228
12137	12052
11995	11982
11996	11991
11936	11827
11676	11502
11345	11230
11173	11145
11113	11051
10958	10848
10727	10589
10412	10196
9968	9767
9621	9525
9457	9397
9335	9266
9187	9099
9011	8922
8844	8773
8718	8683
8689	8835
9128	10172
10906	9012
8444	7335
6745	6513
6501	6553
6598	6602
6570	6521
6480	6457
6444	6429
6404	6375
6352	6357
6384	6421
6441	6439
6424	6422
6441	6473
6500	6515
6528	6556
6589	6605
6549	6393
6122	5762
5366	5008
4755	4646
4681	4824
5024	5230
5407	5535
5598	5614
5599	5591
5597	5605
5583	5526
5427	5294
5131	4960
4807	4694
4613	4544
4478	4431
4419	4446
4501	4574
4652	4730
4800	4861
4917	4962
5005	5051
5107	5169
5226	5266
5285	5308
5352	5410
5462	5469
5421	5314
5179	5051
4957	4895
4841	4771
4681	4593
4520	4471
4436	4413
4393	4378
4366	4359
4356	4357
4361	4356
4343	4335
4364	4456
4609	4784
4933	5036
5093	5122
5138	5135
5075	4947
4769	4642
4713	5125
5934	7106
8522	10011
11345	12329
12896	13120
13121	13001
12812	12625
12493	12451
12473	12507
12519	12511
12503	12512
12529	12535
12494	12392
12228	12037
11864	11767
11786	11957
12304	12811
13404	13969
14402	14659
14753	14738
14644	14475
14187	13735
13069	12184
11144	10093
9251	8842
8993	9632
10521	11328
11764	11671
11053	10082
9034	8247
7994	8402
9349	10553
11699	12556
13004	12991
12508	11599
10391	9126
8125	7712
8096	9212
10706	12095
13023	13378
13229	12691
11856	10807
9670	8606
7791	7346
7338	7742
8414	9134
9676	9890
9707	9115
8164	7023
5988	5361
5307	5778
6598	7576
8514	9227
9605	9636
9418	9091
8772	8524
8370	8320
8377	8533
8748	8948
9055	9000
8768	8397
7960	7539
7175	6871
6603	6364
6173	6063
6068	6176
6347	6512
6615	6639
6624	6635
6710	6833
6947	7023
7066	7095
7115	7118
7140	7224
7370	7522
7641	7734
7834	7959
8091	8211
8314	8412
8505	8571
8580	8537
8483	8477
8558	8724
8937	9162
9367	9534
9663	9769
9875	10010
10191	10431
10731	11088
11476	11877
12296	12748
13209	13630
13945	14135
14230	14300
14396	14523
14637	14688
14652	14540
14399	14275
14191	14140
14097	14045
13976	13881
13757	13612
13454	13286
13115	12926
12700	12430
12137	11858
11620	11406
11198	10975
10733	10473
10209	9951
9710	9491
9296	9114
8935	8758
8598	8489
8448	8457
8495	8537
8578	8623
8686	8777
8906	9065
9249	9440
9633	9812
9976	10119
10253	10385
10531	10691
10864	11047
11232	11412
11582	11739
11883	12025
12171	12317
12445	12540
12599	12649
12706	12767
12813	12838
12848	12871
12917	12976
13020	13026
13001	12957
12917	12875
12810	12706
12576	12449
12344	12248
12144	12040
11960	11922
11909	11883
11812	11695
11546	11387
11249	11155
11106	11074
11023	10933
10806	10669
10531	10388
10221	10021
9810	9626
9488	9394
9332	9279
9224	9161
9089	9011
8932	8856
8786	8726
8677	8645
8653	8800
9090	10132
10869	8987
8424	7331
6752	6528
6522	6580
6625	6626
6582	6524
6471	6441
6429	6425
6418	6406
6386	6368
6356	6349
6343	6342
6353	6382
6429	6489
6545	6593
6627	6642
6630	6560
6412	6166
5838	5463
5100	4813
4653	4634
4739	4922
5131	5325
5480	5580
5631	5641
5630	5622
5614	5582
5510	5405
5283	5148
4990	4814
4647	4512
4426	4374
4345	4340
4369	4429
4512	4607
4701	4789
4859	4914
4955	4986
5004	5025
5045	5067
5080	5078
5072	5081
5118	5184
5254	5296
5288	5223
5116	5005
4910	4842
4787	4724
4655	4587
4526	4480
4447	4427
4414	4414
4426	4446
4478	4517
4551	4566
4555	4532
4525	4574
4684	4820
4939	5012
5044	5050
5040	5009
4931	4794
4616	4473
4492	4798
5461	6489
7833	9367
10850	12037
12799	13164
13252	13170
12998	12791
12607	12484
12428	12416
12413	12397
12363	12322
12278	12226
12152	12051
11926	11810
11738	11751
11871	12124
12518	13029
13586	14083
14436	14618
14651	14580
14439	14215
13860	13318
12558	11621
10604	9676
9019	8793
9060	9734
10558	11209
11406	11049
10251	9286
8474	8090
8267	8985
10033	11143
12057	12642
12834	12595
11906	10833
9562	8404
7702	7707
8468	9780
11240	12435
13112	13236
12885	12133
11050	9762
8489	7495
6971	7001
7544	8463
9521	10421
10915	10875
10327	9375
8172	6932
5954	5508
5687	6348
7243	8123
8810	9186
9221	8964
8556	8158
7908	7861
8015	8329
8772	9301
9860	10350
10670	10743
10563	10178
9677	9135
8601	8086
7589	7125
6724	6429
6276	6254
6327	6423
6476	6467
6442	6457
6556	6710
6869	6995
7084	7141
7153	7113
7054	7062
7160	7316
7482	7636
7785	7935
8070	8164
8217	8245
8273	8301
8310	8293
8294	8362
8530	8781
9062	9318
9519	9649
9723	9771
9822	9910
10047	10244
10493	10790
11115	11470
11862	12310
12794	13267
13659	13949
14150	14311
14471	14628
14741	14774
14707	14562
14388	14237
14135	14071
14018	13956
13877	13768
13637	13484
13318	13146
12968	12771
12538	12255
11952	11667
11418	11200
10990	10764
10523	10263
10001	9744
9504	9287
9098	8929
8777	8636
8528	8475
8478	8532
8604	8673
8732	8791
8861	8963
9105	9289
9497	9711
9912	10085
10236	10362
10482	10609
10752	10910
11083	11267
11453	11631
11800	11955
12102	12242
12386	12529
12649	12727
12770	12809
12863	12917
12951	12954
12939	12943
12974	13028
13063	13057
13008	12940
12883	12834
12777	12687
12579	12471
12379	12282
12173	12049
11943	11872
11828	11771
11681	11551
11402	11258
11143	11071
11035	11002
10929	10805
10641	10472
10315	10170
10018	9842
9656	9484
9348	9255
9189	9137
9087	9029
8968	8897
8829	8761
8700	8646
8605	8579
8595	8751
9047	10095
10839	8964
8408	7320
6748	6534
6535	6599
6643	6639
6592	6527
6466	6430
6418	6425
6438	6442
6423	6384
6328	6279
6246	6248
6284	6343
6419	6503
6586	6659
6705	6702
6629	6469
6222	5902
5544	5192
4897	4711
4648	4706
4854	5046
5241	5405
5528	5605
5642	5649
5642	5633
5607	5535
5417	5274
5132	4996
4851	4680
4502	4354
4268	4242
4259	4302
4368	4453
4546	4647
4742	4827
4891	4938
4969	4988
4997	4999
4991	4970
4935	4896
4863	4855
4886	4957
5048	5137
5190	5194
5151	5066
4966	4867
4777	4697
4629	4572
4530	4502
4484	4478
4486	4507
4541	4586
4640	4695
4743	4770
4765	4734
4706	4713
4761	4832
4889	4915
4911	4891
4859	4811
4725	4590
4422	4280
4264	4476
4993	5866
7115	8660
10278	11672
12644	13168
13351	13315
13154	12933
12700	12509
12385	12337
12332	12330
12304	12249
12165	12059
11933	11802
11683	11615
11610	11693
11867	12140
12508	12950
13411	13804
14067	14180
14166	14060
13890	13640
13261	12688
11905	10974
10043	9279
8835	8798
9176	9852
10571	11010
10929	10315
9400	8561
8105	8175
8737	9627
10622	11511
12157	12489
12461	12018
11146	9951
8698	7757
7446	7893
8980	10388
11721	12659
13060	12938
12360	11389
10112	8710
7476	6715
6606	7137
8155	9424
10642	11495
11761	11384
10473	9239
7907	6714
5921	5732
6149	6956
7849	8576
9001	9093
8889	8479
8004	7613
7443	7551
7927	8505
9230	10048
10881	11610
12112	12313
12212	11877
11392	10831
10228	9598
8950	8313
7720	7219
6852	6627
6520	6472
6419	6342
6273	6271
6365	6526
6700	6852
6974	7065
7095	7039
6942	6894
6954	7116
7320	7536
7743	7937
8093	8183
8200	8165
8125	8110
8114	8125
8169	8294
8526	8837
9168	9453
9660	9778
9826	9841
9853	9892
9976	10110
10289	10509
10766	11064
11416	11834
12311	12810
13280	13686
14021	14299
14526	14696
14794	14800
14710	14547
14360	14200
14086	14013
13950	13878
13786	13666
13525	13368
13194	13016
12832	12629
12381	12086
11766	11465
11208	10984
10768	10543
10298	10041
9780	9526
9292	9082
8905	8753
8629	8532
8478	8477
8531	8624
8726	8820
8897	8967
9048	9160
9318	9518
9746	9975
10185	10358
10498	10613
10726	10849
10988	11144
11319	11499
11681	11860
12028	12184
12325	12462
12599	12730
12835	12892
12917	12942
12989	13041
13069	13057
13027	13011
13033	13077
13105	13084
13012	12922
12842	12784
12735	12665
12578	12493
12413	12325
12208	12067
11935	11830
11751	11664
11547	11404
11256	11126
11034	10984
10956	10918
10823	10667
10465	10266
10094	9955
9820	9673
9510	9350
9215	9114
9042	8985
8935	8885
8826	8764
8701	8644
8590	8546
8509	8494
8524	8695
9007	10067
10821	8955
8397	7311
6742	6530
6532	6597
6644	6639
6589	6520
6458	6421
6411	6424
6452	6470
6454	6399
6310	6221
6166	6168
6224	6312
6414	6516
6615	6701
6742	6706
6567	6324
5997	5631
5272	4973
4773	4693
4724	4841
5007	5185
5347	5476
5564	5619
5640	5641
5630	5610
5561	5455
5296	5123
4972	4847
4718	4556
4375	4221
4142	4143
4205	4297
4396	4497
4597	4692
4776	4847
4898	4934
4956	4970
4975	4965
4935	4879
4806	4734
4685	4673
4705	4782
4894	5024
5145	5225
5242	5186
5073	4929
4789	4678
4604	4560
4542	4535
4545	4565
4601	4645
4698	4755
4812	4866
4906	4926
4917	4886
4845	4820
4810	4806
4794	4762
4717	4670
4623	4567
4487	4369
4222	4096
4058	4189
4564	5276
6407	7940
9664	11247
12422	13108
13390	13402
13254	13020
12753	12508
12335	12256
12253	12279
12291	12262
12179	12043
11875	11709
11583	11525
11547	11633
11781	11985
12249	12556
12867	13125
13286	13331
13276	13144
12956	12709
12346	11805
11074	10231
9448	8903
8711	8895
9402	10067
10639	10818
10442	9604
8656	8024
7960	8439
9252	10148
10946	11560
11952	12088
11895	11291
10263	8993
7836	7202
7340	8226
9576	11003
12164	12844
12989	12634
11849	10700
9310	7911
6844	6404
6718	7684
9033	10444
11585	12177
12075	11315
10098	8698
7391	6404
5935	6077
6740	7658
8515	9085
9295	9183
8843	8381
7906	7546
7424	7613
8108	8848
9749	10747
11744	12609
13219	13508
13491	13248
12863	12383
11832	11210
10529	9813
9093	8407
7812	7347
7018	6778
6572	6378
6222	6150
6183	6298
6442	6584
6718	6837
6903	6877
6794	6735
6782	6937
7167	7423
7678	7910
8099	8204
8209	8141
8057	8015
8018	8059
8136	8290
8541	8868
9210	9515
9741	9885
9953	9973
9970	9967
9986	10037
10127	10263
10446	10684
10984	11357
11799	12297
12826	13346
13819	14216
14509	14696
14777	14761
14661	14503
14323	14167
14053	13970
13894	13803
13692	13561
13411	13246
13076	12896
12708	12489
12230	11917
11582	11266
10996	10763
10540	10307
10062	9808
9553	9315
9096	8906
8747	8621
8528	8472
8464	8504
8595	8715
8846	8961
9062	9147
9244	9367
9536	9746
9984	10218
10434	10609
10749	10868
10979	11097
11233	11386
11555	11730
11908	12085
12249	12399
12534	12663
12790	12908
12989	13024
13027	13037
13077	13128
13155	13141
13105	13082
13092	13127
13145	13111
13017	12899
12791	12718
12667	12617
12558	12496
12436	12354
12236	12082
11928	11793
11681	11562
11421	11265
11116	10995
10917	10877
10856	10806
10695	10509
10281	10060
9882	9749
9637	9516
9377	9229
9092	8984
8902	8841
8791	8739
8684	8628
8571	8520
8475	8436
8410	8407
8452	8646
8980	10055
10820	8957
8393	7301
6722	6505
6508	6574
6618	6612
6563	6497
6441	6408
6400	6419
6455	6482
6474	6410
6303	6194
6124	6128
6198	6309
6428	6543
6640	6711
6720	6632
6427	6119
5750	5377
5055	4829
4728	4746
4853	5012
5181	5333
5456	5544
5604	5634
5636	5621
5592	5542
5459	5320
5136	4954
4805	4696
4585	4436
4263	4115
4048	4074
4171	4303
4434	4553
4656	4743
4811	4859
4885	4899
4909	4918
4921	4910
4865	4784
4683	4596
4547	4545
4588	4675
4805	4968
5137	5270
5329	5289
5155	4970
4787	4656
4586	4564
4568	4589
4622	4668
4725	4789
4855	4914
4962	4993
5006	5000
4972	4930
4880	4829
4779	4726
4660	4589
4517	4453
4394	4333
4259	4162
4046	3944
3900	3965
4216	4771
5774	7260
9048	10779
12131	12974
13361	13425
13296	13056
12764	12491
12286	12188
12188	12241
12295	12316
12267	12141
11960	11779
11650	11597
11604	11640
11690	11755
11856	11990
12134	12248
12304	12291
12200	12052
11863	11632
11314	10848
10220	9529
8955	8673
8765	9186
9809	10437
10821	10731
10096	9113
8206	7792
8030	8748
9613	10366
10913	11276
11493	11520
11230	10501
9357	8066
7068	6789
7375	8646
10196	11604
12592	13053
12985	12442
11485	10211
8782	7475
6628	6519
7200	8479
9996	11366
12255	12454
11919	10796
9364	7944
6818	6192
6158	6678
7568	8544
9317	9719
9735	9467
9040	8558
8102	7775
7694	7939
8515	9349
10344	11411
12446	13323
13938	14239
14274	14125
13867	13531
13115	12607
12009	11326
10574	9782
9017	8352
7822	7401
7038	6698
6402	6194
6100	6097
6157	6252
6379	6517
6626	6662
6638	6613
6660	6808
7036	7299
7566	7814
8028	8157
8183	8118
8032	7991
8015	8079
8180	8335
8566	8862
9188	9498
9756	9951
10071	10131
10141	10114
10075	10044
10046	10097
10205	10377
10612	10917
11307	11782
12340	12942
13527	14026
14388	14602
14688	14676
14589	14451
14296	14152
14039	13941
13842	13723
13587	13439
13282	13120
12954	12775
12579	12349
12071	11745
11399	11071
10792	10546
10308	10067
9817	9568
9331	9115
8929	8775
8652	8562
8500	8476
8496	8562
8670	8808
8957	9094
9217	9333
9454	9595
9771	9979
10207	10434
10647	10833
10990	11120
11238	11355
11486	11632
11791	11959
12126	12291
12444	12588
12716	12834
12946	13044
13104	13116
13098	13090
13119	13172
13208	13209
13183	13158
13162	13183
13187	13137
13025	12872
12731	12630
12575	12537
12503	12466
12424	12353
12236	12077
11904	11746
11605	11458
11300	11135
10986	10867
10790	10748
10712	10644
10512	10311
10075	9851
9678	9561
9469	9377
9262	9131
8997	8884
8795	8730
8671	8616
8559	8504
8452	8408
8371	8343
8328	8337
8398	8611
8963	10055
10834	8970
8399	7291
6695	6463
6460	6523
6566	6560
6512	6456
6416	6393
6390	6410
6446	6476
6472	6412
6304	6192
6124	6129
6212	6336
6467	6580
6656	6684
6631	6475
6208	5867
5502	5166
4908	4769
4756	4848
5011	5192
5356	5485
5570	5621
5647	5652
5633	5589
5517	5426
5296	5129
4937	4764
4636	4545
4452	4326
4172	4038
3981	4023
4147	4309
4470	4608
4719	4801
4851	4867
4861	4847
4835	4831
4835	4822
4771	4678
4565	4474
4438	4459
4526	4634
4780	4960
5147	5291
5355	5303
5147	4935
4741	4618
4577	4589
4622	4660
4708	4768
4837	4908
4973	5023
5048	5046
5018	4971
4909	4842
4773	4710
4649	4588
4514	4437
4358	4285
4215	4147
4073	3994
3912	3842
3803	3825
3976	4388
5250	6651
8446	10270
11768	12758
13265	13404
13308	13070
12772	12484
12268	12161
12152	12207
12288	12353
12355	12273
12120	11958
11848	11798
11777	11734
11662	11583
11529	11510
11512	11509
11488	11430
11331	11188
11020	10819
10554	10168
9671	9160
8820	8807
9158	9766
10443	10973
11146	10825
10032	9019
8197	7918
8244	8932
9645	10178
10520	10758
10927	10932
10590	9772
8565	7315
6526	6588
7557	9123
10798	12167
13013	13298
13063	12366
11276	9924
8521	7357
6758	6942
7898	9351
10880	12067
12607	12375
11449	10068
8563	7274
6476	6309
6746	7613
8648	9571
10163	10335
10136	9709
9202	8716
8318	8081
8102	8456
9132	10032
11040	12055
12986	13742
14250	14498
14535	14449
14303	14114
13853	13504
13052	12488
11805	11025
10215	9466
8834	8307
7828	7357
6904	6513
6221	6036
5959	5974
6069	6218
6366	6469
6513	6539
6602	6737
6940	7174
7412	7645
7856	8012
8075	8053
8008	7999
8050	8140
8249	8386
8578	8827
9120	9425
9715	9962
10152	10267
10305	10278
10210	10127
10065	10047
10087	10187
10344	10573
10891	11322
11869	12506
13155	13727
14150	14413
14542	14566
14515	14415
14288	14163
14045	13925
13785	13626
13456	13289
13128	12977
12821	12645
12440	12194
11897	11561
11211	10885
10595	10331
10076	9822
9568	9330
9119	8939
8803	8702
8634	8588
8562	8562
8589	8656
8765	8905
9064	9226
9383	9535
9687	9850
10030	10222
10423	10628
10829	11027
11208	11365
11499	11618
11741	11875
12021	12171
12323	12472
12614	12740
12857	12960
13057	13134
13175	13166
13132	13108
13130	13181
13232	13254
13245	13226
13220	13226
13216	13155
13026	12845
12661	12525
12454	12426
12415	12402
12376	12317
12204	12045
11864	11686
11519	11353
11180	11010
10860	10738
10650	10585
10519	10422
10270	10067
9843	9639
9485	9386
9317	9249
9161	9052
8934	8826
8736	8660
8595	8531
8467	8411
8364	8326
8297	8281
8275	8296
8368	8591
8953	10058
10858	8992
8407	7282
6662	6412
6399	6457
6501	6493
6453	6410
6387	6380
6380	6399
6430	6454
6448	6395
6302	6208
6157	6181
6277	6412
6540	6630
6660	6617
6486	6256
5949	5605
5280	5013
4841	4781
4832	4975
5166	5358
5512	5616
5667	5683
5678	5655
5610	5531
5416	5269
5099	4910
4726	4575
4475	4406
4336	4232
4101	3989
3944	3998
4134	4313
4493	4650
4770	4845
4879	4867
4827	4779
4743	4727
4728	4719
4673	4579
4464	4376
4351	4392
4491	4625
4792	4974
5150	5271
5302	5220
5045	4833
4655	4568
4572	4622
4684	4736
4791	4850
4916	4977
5029	5054
5047	5008
4940	4852
4751	4648
4559	4493
4450	4419
4381	4332
4267	4191
4108	4024
3949	3882
3826	3786
3763	3764
3841	4126
4837	6114
7848	9704
11312	12457
13113	13364
13331	13117
12822	12530
12313	12195
12165	12195
12261	12338
12383	12358
12266	12156
12078	12036
11980	11870
11705	11535
11397	11299
11231	11171
11117	11055
10977	10873
10745	10590
10377	10075
9698	9360
9229	9429
9945	10621
11240	11607
11583	11122
10306	9367
8631	8338
8493	8893
9304	9635
9915	10196
10431	10453
10057	9170
7956	6831
6288	6658
7905	9646
11363	12670
13393	13539
13157	12319
11119	9738
8416	7451
7117	7561
8694	10183
11576	12466
12619	12008
10813	9342
7947	6948
6576	6888
7738	8831
9844	10542
10806	10651
10190	9605
9056	8647
8419	8406
8658	9201
9993	10912
11827	12651
13342	13868
14200	14348
14357	14305
14239	14157
14025	13812
13501	13082
12540	11880
11160	10476
9879	9361
8860	8316
7734	7153
6636	6223
5957	5849
5892	6031
6205	6352
6453	6516
6588	6702
6867	7049
7235	7425
7620	7789
7895	7931
7940	7975
8059	8167
8281	8400
8554	8765
9029	9332
9647	9940
10184	10346
10421	10412
10345	10254
10167	10113
10099	10126
10201	10347
10585	10951
11454	12072
12732	13338
13820	14150
14349	14439
14446	14391
14296	14185
14055	13900
13714	13508
13303	13117
12962	12826
12683	12511
12290	12021
11706	11365
11020	10698
10405	10130
9856	9585
9333	9109
8928	8798
8716	8681
8674	8680
8691	8705
8733	8789
8887	9026
9191	9376
9567	9758
9945	10130
10307	10475
10638	10808
10991	11200
11410	11600
11750	11873
11987	12106
12232	12365
12500	12629
12752	12863
12965	13055
13133	13194
13221	13202
13161	13130
13144	13192
13247	13278
13281	13259
13240	13226
13203	13140
13006	12805
12589	12419
12332	12309
12314	12322
12306	12253
12145	11987
11801	11607
11419	11236
11056	10886
10734	10603
10493	10395
10292	10161
9998	9806
9607	9432
9306	9228
9179	9134
9073	8990
8896	8800
8713	8632
8556	8479
8409	8350
8305	8274
8255	8249
8256	8287
8365	8590
8952	10064
10879	9013
8418	7274
6635	6368
6344	6399
6439	6433
6398	6369
6364	6369
6378	6393
6413	6426
6410	6357
6285	6224
6214	6271
6390	6527
6637	6680
6644	6517
6306	6021
5698	5381
5118	4932
4840	4842
4942	5108
5303	5488
5627	5704
5725	5710
5673	5622
5548	5437
5284	5098
4898	4703
4540	4420
4347	4302
4252	4172
4068	3978
3947	4004
4141	4321
4507	4669
4788	4857
4871	4837
4770	4701
4648	4628
4632	4635
4602	4515
4405	4312
4284	4332
4447	4609
4799	4987
5137	5216
5195	5079
4896	4705
4567	4525
4565	4643
4723	4789
4846	4897
4946	4985
5001	4994
4954	4886
4792	4680
4555	4433
4329	4273
4259	4270
4280	4271
4226	4155
4065	3970
3886	3822
3783	3769
3768	3766
3793	3970
4524	5627
7233	9053
10738	12049
12898	13319
13394	13235
12957	12668
12442	12306
12241	12216
12223	12262
12316	12347
12338	12304
12266	12215
12118	11960
11758	11577
11441	11352
11278	11223
11179	11148
11118	11073
11011	10919
10774	10553
10290	10094
10109	10416
10960	11567
12031	12205
12032	11531
10801	9999
9316	8880
8695	8678
8772	8983
9338	9775
10115	10121
9636	8689
7547	6637
6392	7033
8446	10232
11898	13095
13686	13686
13153	12167
10871	9494
8321	7622
7592	8281
9508	10907
12039	12555
12317	11419
10121	8757
7651	7063
7146	7866
8974	10094
10887	11181
10990	10442
9731	9065
8601	8421
8522	8875
9446	10206
11069	11904
12606	13134
13501	13745
13881	13926
13910	13882
13865	13841
13774	13635
13415	13109
12710	12225
11691	11179
10736	10340
9923	9407
8769	8052
7329	6682
6198	5931
5882	5985
6154	6316
6434	6508
6574	6669
6794	6930
7064	7208
7375	7543
7677	7758
7812	7882
7988	8107
8223	8334
8473	8664
8921	9230
9568	9891
10164	10352
10455	10472
10438	10374
10307	10249
10203	10172
10176	10243
10405	10692
11121	11681
12311	12918
13435	13836
14116	14287
14358	14355
14291	14189
14042	13855
13626	13379
13143	12949
12797	12676
12543	12368
12130	11835
11501	11153
10823	10511
10222	9941
9659	9385
9138	8930
8784	8697
8673	8694
8742	8795
8840	8872
8905	8959
9050	9187
9362	9562
9780	9999
10212	10408
10578	10724
10854	10988
11159	11372
11606	11818
11982	12104
12211	12313
12425	12538
12653	12764
12870	12969
13055	13130
13194	13246
13267	13256
13223	13197
13203	13235
13272	13289
13275	13234
13193	13157
13129	13072
12945	12746
12518	12334
12234	12216
12229	12243
12230	12175
12064	11907
11714	11506
11302	11105
10920	10749
10592	10454
10325	10197
10059	9908
9737	9559
9388	9247
9145	9083
9048	9017
8981	8928
8862	8786
8704	8623
8537	8454
8378	8317
8272	8248
8236	8240
8259	8297
8380	8607
8966	10079
10895	9028
8424	7271
6617	6336
6306	6357
6396	6391
6362	6343
6347	6364
6379	6395
6403	6396
6361	6304
6250	6236
6282	6394
6539	6676
6748	6727
6600	6389
6111	5797
5488	5223
5029	4917
4888	4939
5062	5233
5419	5581
5691	5739
5727	5680
5613	5532
5434	5301
5125	4927
4722	4541
4400	4312
4266	4240
4204	4147
4069	4002
3985	4044
4173	4343
4514	4663
4769	4821
4819	4768
4691	4614
4563	4549
4563	4583
4572	4505
4397	4295
4243	4272
4386	4569
4783	4978
5109	5143
5075	4927
4753	4599
4509	4502
4559	4646
4730	4797
4849	4885
4907	4906
4880	4837
4774	4696
4609	4511
4395	4277
4174	4122
4125	4165
4207	4226
4205	4147
4060	3965
3879	3814
3781	3774
3784	3789
3789	3884
4283	5182
6597	8316
10038	11510
12593	13242
13489	13429
13192	12904
12662	12497
12384	12289
12209	12176
12203	12270
12337	12373
12364	12291
12149	11957
11766	11620
11534	11476
11428	11389
11369	11372
11386	11405
11419	11412
11357	11242
11099	11022
11117	11428
11882	12322
12582	12580
12315	11850
11254	10598
9941	9340
8833	8480
8368	8569
9043	9598
9951	9850
9237	8275
7308	6727
6837	7722
9209	10914
12424	13438
13846	13662
12954	11813
10437	9109
8144	7770
8084	8997
10258	11476
12265	12377
11800	10731
9493	8400
7708	7578
8057	9022
10164	11080
11477	11274
10618	9753
8937	8363
8154	8335
8850	9585
10441	11324
12142	12787
13211	13423
13489	13483
13444	13397
13356	13330
13317	13292
13221	13084
12886	12643
12359	12035
11706	11414
11186	10993
10744	10350
9762	9009
8166	7339
6655	6214
6035	6058
6180	6316
6417	6481
6534	6613
6714	6820
6919	7029
7167	7320
7458	7554
7624	7707
7819	7946
8067	8189
8335	8534
8804	9131
9484	9817
10098	10294
10409	10455
10462	10447
10424	10392
10342	10284
10234	10238
10327	10532
10873	11352
11921	12503
13035	13485
13842	14091
14231	14273
14241	14149
13996	13789
13531	13256
12999	12792
12643	12526
12394	12209
11954	11637
11289	10943
10620	10324
10046	9767
9492	9227
8993	8810
8692	8643
8660	8722
8811	8900
8976	9031
9085	9156
9259	9409
9596	9811
10038	10263
10475	10666
10823	10954
11063	11185
11348	11565
11804	12024
12191	12311
12406	12499
12594	12693
12794	12892
12985	13069
13144	13208
13264	13310
13336	13343
13331	13319
13313	13315
13308	13279
13222	13150
13078	13032
13000	12949
12841	12662
12449	12276
12183	12161
12175	12184
12161	12094
11975	11807
11606	11385
11167	10958
10769	10592
10435	10287
10144	9998
9845	9681
9514	9350
9205	9087
9004	8946
8918	8897
8881	8855
8817	8762
8694	8614
8527	8439
8360	8300
8259	8239
8236	8248
8273	8319
8406	8631
8986	10093
10901	9033
8427	7268
6607	6322
6289	6337
6377	6372
6344	6328
6341	6364
6385	6396
6394	6365
6307	6245
6214	6253
6368	6537
6711	6833
6852	6746
6530	6239
5916	5602
5332	5128
5002	4953
4970	5054
5185	5348
5509	5637
5711	5719
5673	5594
5494	5388
5266	5119
4945	4754
4568	4414
4304	4242
4218	4208
4192	4154
4099	4051
4047	4106
4224	4371
4517	4635
4713	4740
4723	4664
4589	4520
4483	4485
4521	4563
4575	4533
4434	4315
4222	4212
4306	4494
4728	4937
5055	5057
4952	4795
4640	4537
4493	4510
4567	4636
4702	4754
4784	4790
4767	4722
4661	4592
4529	4477
4434	4384
4314	4221
4128	4070
4062	4095
4139	4171
4174	4143
4084	4005
3928	3858
3810	3790
3795	3799
3792	3834
4103	4790
5969	7526
9232	10848
12176	13088
13556	13647
13485	13216
12958	12757
12598	12433
12269	12149
12127	12197
12312	12394
12389	12278
12086	11871
11694	11586
11528	11478
11418	11364
11329	11325
11347	11400
11478	11567
11635	11662
11663	11704
11849	12111
12421	12665
12731	12590
12274	11858
11385	10859
10255	9599
8972	8520
8389	8628
9125	9622
9805	9503
8769	7889
7231	7088
7599	8701
10174	11696
12944	13693
13857	13451
12546	11259
9831	8600
7884	7862
8507	9612
10844	11828
12261	12017
11197	10091
9043	8322
8082	8355
9081	10067
10995	11516
11430	10779
9820	8880
8207	7944
8115	8677
9518	10483
11436	12277
12930	13337
13512	13501
13377	13202
13019	12862
12749	12662
12582	12481
12340	12154
11944	11725
11514	11318
11165	11085
11089	11125
11093	10884
10443	9772
8941	8051
7246	6649
6316	6205
6229	6299
6365	6411
6460	6531
6627	6724
6810	6902
7016	7145
7264	7347
7407	7478
7581	7707
7842	7988
8165	8394
8687	9033
9391	9723
9991	10179
10297	10368
10412	10452
10481	10489
10461	10400
10329	10290
10318	10444
10696	11084
11576	12112
12636	13115
13525	13838
14032	14117
14115	14043
13905	13700
13440	13155
12884	12657
12488	12355
12211	12014
11747	11423
11073	10730
10415	10132
9866	9605
9350	9107
8898	8743
8655	8635
8678	8768
8882	8996
9096	9179
9262	9367
9506	9685
9895	10116
10336	10545
10730	10893
11032	11153
11265	11395
11564	11781
12018	12230
12388	12501
12588	12667
12754	12841
12932	13020
13103	13177
13243	13299
13349	13392
13429	13456
13466	13463
13442	13400
13334	13244
13139	13032
12943	12883
12840	12791
12696	12549
12375	12237
12160	12141
12144	12138
12094	12004
11866	11685
11470	11239
11008	10794
10596	10416
10250	10097
9948	9800
9645	9485
9325	9177
9047	8941
8862	8812
8784	8771
8767	8766
8753	8721
8669	8597
8512	8428
8351	8293
8257	8242
8246	8264
8294	8341
8425	8644
8989	10092
10904	9038
8429	7269
6603	6317
6281	6330
6368	6364
6336	6324
6337	6363
6385	6391
6379	6332
6258	6194
6197	6290
6471	6689
6880	6969
6922	6729
6429	6075
5730	5433
5215	5076
5014	5014
5070	5171
5305	5447
5571	5659
5689	5657
5575	5458
5328	5194
5052	4901
4741	4577
4430	4310
4232	4194
4190	4196
4194	4174
4140	4114
4121	4180
4283	4404
4511	4588
4631	4632
4597	4539
4472	4424
4408	4433
4491	4554
4591	4572
4486	4349
4219	4162
4225	4403
4647	4862
4975	4959
4842	4689
4569	4511
4510	4542
4581	4619
4646	4658
4647	4607
4541	4456
4371	4304
4269	4274
4296	4320
4310	4254
4168	4094
4048	4045
4068	4098
4122	4132
4118	4078
4014	3937
3863	3807
3786	3786
3784	3804
3970	4460
5393	6751
8400	10122
11673	12849
13552	13816
13762	13543
13288	13066
12866	12648
12410	12214
12132	12182
12303	12396
12371	12213
11968	11726
11554	11461
11399	11315
11199	11072
10967	10891
10858	10890
11002	11178
11381	11571
11743	11914
12104	12300
12463	12523
12430	12185
11836	11455
11073	10668
10197	9675
9199	8908
8900	9144
9484	9687
9543	9006
8245	7588
7359	7716
8616	9883
11264	12519
13433	13857
13736	13087
11988	10586
9159	8066
7611	7911
8834	10058
11206	11940
12057	11552
10628	9616
8847	8518
8672	9221
10001	10783
11302	11328
10795	9871
8885	8162
7893	8087
8653	9474
10418	11358
12188	12840
13271	13478
13503	13403
13206	12927
12602	12287
12017	11784
11556	11319
11074	10831
10609	10414
10258	10154
10134	10231
10442	10696
10884	10892
10661	10185
9499	8684
7864	7166
6672	6390
6270	6249
6271	6310
6366	6450
6552	6654
6740	6824
6920	7021
7106	7160
7195	7243
7326	7448
7599	7779
7996	8269
8591	8943
9292	9599
9840	10013
10130	10219
10298	10380
10457	10509
10516	10471
10404	10346
10334	10396
10568	10868
11279	11753
12245	12728
13164	13518
13754	13878
13909	13867
13764	13590
13350	13067
12781	12527
12322	12153
11985	11775
11510	11194
10853	10518
10212	9938
9690	9452
9226	9018
8844	8722
8664	8671
8736	8845
8975	9104
9223	9332
9448	9591
9775	9992
10224	10449
10654	10827
10976	11102
11219	11336
11463	11610
11798	12015
12242	12438
12583	12684
12761	12833
12909	12988
13069	13149
13223	13292
13350	13401
13447	13490
13535	13571
13590	13583
13533	13444
13321	13182
13042	12923
12825	12752
12694	12625
12533	12414
12290	12194
12144	12126
12116	12080
12010	11892
11733	11532
11304	11061
10823	10602
10399	10211
10041	9883
9738	9598
9453	9304
9158	9023
8903	8804
8728	8676
8645	8634
8642	8662
8675	8668
8634	8570
8494	8414
8344	8290
8260	8250
8261	8285
8319	8364
8437	8636
8963	10068
10904	9038
8428	7268
6602	6315
6279	6329
6368	6362
6335	6322
6337	6362
6380	6379
6356	6297
6224	6182
6222	6368
6595	6840
7015	7055
6930	6660
6297	5908
5563	5301
5136	5056
5047	5090
5173	5286
5408	5525
5609	5647
5628	5552
5432	5288
5131	4967
4812	4660
4522	4395
4290	4213
4169	4154
4166	4185
4197	4194
4181	4172
4191	4248
4335	4425
4492	4528
4532	4508
4461	4403
4352	4326
4337	4382
4459	4537
4594	4597
4525	4382
4228	4131
4161	4317
4546	4756
4869	4853
4746	4617
4528	4509
4534	4565
4576	4571
4548	4512
4457	4379
4280	4182
4098	4056
4067	4130
4221	4307
4348	4321
4240	4140
4059	4013
4005	4027
4072	4120
4155	4153
4108	4023
3919	3821
3768	3757
3760	3773
3866	4194
4906	6074
7646	9437
11164	12552
13455	13881
13946	13805
13587	13369
13149	12889
12597	12342
12201	12213
12307	12372
12306	12096
11807	11545
11374	11286
11219	11105
10925	10718
10503	10307
10160	10120
10221	10459
10777	11121
11447	11732
11949	12073
12083	11976
11757	11441
11082	10739
10441	10184
9941	9714
9579	9590
9731	9891
9918	9696
9189	8496
7851	7545
7793	8606
9804	11124
12331	13266
13814	13898
13485	12603
11342	9884
8527	7622
7432	7995
9093	10342
11346	11828
11697	11050
10155	9340
8888	8912
9353	10016
10668	11087
11106	10655
9830	8874
8130	7850
8096	8741
9594	10484
11313	12027
12599	13006
13244	13324
13284	13149
12904	12525
12037	11524
11053	10626
10228	9860
9538	9275
9076	8924
8813	8765
8829	9047
9403	9829
10203	10426
10443	10232
9799	9176
8435	7691
7052	6579
6295	6172
6156	6206
6286	6388
6502	6613
6704	6788
6865	6940
6994	7016
7020	7039
7101	7214
7380	7599
7866	8178
8520	8861
9176	9438
9646	9803
9920	10027
10128	10233
10338	10426
10473	10468
10420	10370
10341	10366
10476	10704
11037	11445
11885	12343
12780	13146
13406	13561
13629	13632
13573	13443
13238	12967
12670	12387
12142	11935
11737	11519
11255	10950
10627	10306
10007	9748
9518	9313
9124	8958
8827	8743
8719	8754
8842	8967
9111	9253
9388	9521
9666	9842
10055	10294
10539	10764
10954	11102
11217	11316
11417	11530
11663	11824
12019	12238
12455	12638
12772	12860
12930	12995
13062	13132
13205	13276
13345	13405
13459	13506
13545	13585
13624	13657
13671	13642
13559	13424
13262	13095
12953	12838
12751	12670
12585	12486
12379	12277
12195	12143
12113	12092
12060	11996
11894	11750
11564	11345
11104	10853
10613	10389
10180	9987
9813	9657
9519	9390
9262	9132
9004	8879
8768	8674
8598	8541
8505	8494
8512	8550
8588	8603
8586	8536
8469	8398
8334	8287
8263	8262
8279	8312
8347	8384
8439	8611
8910	10026
10904	9038
8428	7268
6602	6314
6277	6327
6366	6362
6334	6320
6334	6353
6365	6352
6320	6267
6212	6206
6294	6479
6731	6963
7092	7064
6867	6535
6138	5750
5431	5211
5092	5062
5091	5167
5266	5379
5482	5563
5601	5590
5523	5410
5260	5091
4912	4732
4563	4418
4303	4220
4160	4122
4110	4116
4139	4167
4192	4203
4206	4215
4245	4300
4369	4429
4461	4458
4427	4381
4325	4275
4244	4240
4271	4334
4417	4506
4572	4590
4534	4403
4243	4129
4125	4245
4440	4631
4741	4745
4671	4579
4522	4521
4539	4545
4519	4467
4402	4333
4252	4161
4068	3986
3937	3934
3984	4080
4201	4311
4371	4359
4283	4174
4072	4001
3970	3988
4041	4116
4182	4206
4175	4085
3958	3833
3753	3727
3732	3740
3779	3982
4521	5545
7060	8901
10744	12269
13289	13821
13989	13937
13789	13607
13389	13106
12777	12476
12289	12240
12277	12280
12164	11910
11600	11331
11176	11115
11074	10979
10798	10544
10244	9930
9667	9542
9616	9879
10270	10706
11115	11433
11609	11610
11448	11176
10856	10526
10215	9963
9800	9738
9776	9905
10127	10405
10622	10616
10299	9698
8955	8271
7879	7968
8616	9719
11030	12264
13219	13806
13986	13736
13043	11957
10598	9183
8002	7361
7439	8198
9360	10524
11326	11569
11257	10577
9812	9257
9115	9421
10026	10661
11055	11040
10578	9782
8867	8121
7793	8010
8699	9645
10599	11402
12006	12446
12764	12980
13082	13069
12949	12715
12339	11809
11162	10491
9864	9309
8819	8406
8093	7879
7741	7640
7554	7520
7597	7840
8243	8741
9229	9634
9902	9998
9878	9511
8912	8170
7413	6767
6320	6101
6060	6126
6235	6359
6485	6601
6702	6783
6851	6901
6926	6924
6906	6902
6941	7043
7219	7469
7779	8127
8473	8786
9048	9255
9420	9561
9688	9802
9913	10024
10132	10242
10324	10363
10357	10336
10319	10335
10415	10591
10860	11198
11580	11987
12391	12746
13014	13190
13294	13344
13335	13252
13078	12825
12529	12227
11956	11719
11496	11266
11003	10709
10397	10088
9809	9571
9368	9198
9052	8934
8848	8809
8823	8890
8999	9143
9300	9458
9609	9761
9926	10114
10330	10565
10801	11020
11203	11347
11460	11554
11648	11753
11878	12028
12214	12426
12638	12819
12946	13034
13096	13152
13210	13273
13336	13397
13456	13513
13558	13596
13627	13653
13675	13693
13682	13628
13514	13350
13166	12999
12871	12784
12713	12632
12521	12387
12256	12156
12098	12071
12052	12021
11964	11871
11738	11568
11361	11126
10876	10624
10382	10156
9947	9751
9575	9425
9296	9184
9080	8969
8858	8749
8645	8553
8475	8413
8376	8362
8386	8438
8497	8534
8533	8496
8439	8377
8321	8283
8266	8275
8302	8341
8381	8413
8447	8594
8867	9989
10904	9038
8428	7268
6602	6314
6277	6327
6366	6362
6333	6320
6331	6344
6345	6322
6288	6249
6234	6279
6411	6623
6861	7043
7099	6986
6724	6359
5965	5611
5339	5166
5088	5087
5144	5235
5340	5441
5519	5556
5545	5482
5373	5228
5060	4877
4687	4496
4321	4185
4099	4055
4039	4041
4055	4080
4109	4142
4171	4195
4212	4238
4274	4326
4380	4414
4413	4377
4321	4259
4203	4163
4151	4169
4215	4285
4368	4451
4517	4544
4507	4403
4262	4147
4117	4192
4338	4497
4607	4642
4617	4572
4538	4528
4514	4472
4392	4301
4213	4140
4074	4019
3973	3949
3950	3982
4045	4132
4226	4305
4343	4328
4259	4166
4074	4004
3976	3994
4050	4127
4195	4225
4197	4106
3974	3845
3753	3717
3718	3708
3703	3811
4234	5162
6657	8539
10453	12035
13097	13666
13894	13926
13862	13736
13537	13255
12915	12596
12364	12243
12182	12096
11914	11635
11328	11086
10962	10948
10973	10955
10842	10623
10308	9945
9622	9458
9521	9797
10207	10644
11019	11254
11288	11102
10747	10327
9950	9673
9507	9433
9468	9631
9927	10330
10786	11187
11376	11206
10656	9870
9101	8594
8517	8930
9791	10947
12150	13153
13793	14028
13855	13285
12336	11099
9746	8505
7634	7341
7698	8586
9704	10685
11235	11254
10830	10196
9623	9343
9475	9977
10629	11129
11206	10765
9930	8971
8192	7824
7969	8587
9517	10524
11402	12040
12448	12693
12855	12942
12935	12801
12507	12046
11435	10725
9984	9284
8663	8133
7699	7381
7176	7071
7011	6945
6853	6776
6779	6932
7243	7672
8163	8674
9165	9565
9772	9691
9271	8571
7732	6943
6362	6060
6001	6085
6221	6360
6495	6617
6722	6807
6866	6899
6908	6891
6862	6843
6863	6945
7121	7390
7733	8098
8434	8703
8903	9052
9177	9306
9439	9562
9665	9758
9854	9965
10074	10157
10205	10231
10256	10290
10370	10522
10749	11026
11340	11680
12027	12340
12594	12784
12926	13020
13054	13008
12863	12634
12346	12046
11768	11519
11286	11042
10775	10482
10176	9885
9628	9417
9253	9124
9023	8952
8916	8923
8977	9077
9214	9375
9547	9718
9887	10057
10230	10410
10598	10798
11005	11208
11397	11564
11703	11819
11918	12009
12102	12218
12374	12572
12787	12970
13105	13189
13250	13298
13348	13398
13451	13502
13553	13599
13638	13665
13678	13681
13677	13666
13634	13555
13424	13245
13060	12904
12796	12733
12679	12600
12479	12322
12172	12063
12005	11980
11954	11906
11822	11701
11540	11346
11122	10877
10624	10373
10133	9915
9707	9513
9341	9196
9081	8990
8906	8821
8730	8635
8541	8451
8369	8304
8257	8242
8269	8333
8410	8465
8480	8456
8406	8353
8307	8279
8272	8290
8328	8374
8417	8448
8476	8609
8867	9985
10904	9038
8428	7268
6602	6314
6277	6327
6366	6362
6332	6318
6325	6333
6325	6293
6265	6254
6291	6388
6559	6769
6960	7063
7022	6828
6518	6151
5794	5499
5290	5164
5114	5129
5194	5289
5388	5464
5506	5495
5434	5324
5181	5013
4836	4653
4462	4269
4097	3975
3915	3912
3939	3975
4013	4045
4076	4106
4135	4162
4194	4231
4274	4325
4364	4374
4346	4287
4216	4150
4100	4077
4087	4121
4177	4243
4310	4377
4427	4456
4439	4375
4275	4180
4136	4163
4251	4371
4480	4555
4587	4587
4569	4531
4462	4357
4229	4109
4023	3978
3966	3980
4013	4060
4113	4167
4214	4249
4270	4275
4264	4234
4184	4124
4069	4028
4015	4034
4084	4146
4200	4217
4183	4095
3974	3855
3771	3737
3729	3702
3653	3692
4034	4908
6396	8311
10265	11865
12916	13476
13723	13814
13823	13752
13585	13328
13014	12702
12442	12238
12055	11848
11585	11284
10997	10789
10704	10740
10841	10928
10929	10806
10553	10221
9925	9787
9878	10169
10560	10937
11196	11267
11105	10721
10198	9682
9311	9157
9189	9348
9602	9958
10418	10941
11444	11816
11920	11656
11053	10307
9691	9438
9627	10211
11069	12060
12988	13670
13980	13886
13395	12545
11399	10109
8883	7963
7521	7632
8248	9180
10149	10870
11156	10992
10527	10003
9651	9623
9963	10554
11148	11437
11192	10415
9367	8441
7966	8044
8596	9437
10369	11229
11914	12391
12689	12860
12934	12911
12761	12425
11874	11125
10273	9447
8741	8176
7737	7395
7156	7022
6984	6993
6996	6943
6824	6673
6555	6525
6620	6844
7207	7712
8336	8981
9489	9692
9480	8869
8007	7122
6436	6066
5988	6084
6231	6379
6511	6635
6742	6830
6888	6918
6920	6905
6880	6858
6861	6923
7082	7351
7698	8063
8378	8600
8742	8841
8941	9061
9196	9317
9404	9466
9534	9633
9760	9880
9978	10060
10136	10217
10324	10481
10688	10923
11170	11435
11704	11958
12177	12368
12532	12664
12738	12725
12611	12405
12139	11855
11584	11333
11095	10848
10574	10280
9983	9710
9480	9306
9179	9095
9042	9020
9034	9087
9181	9315
9478	9659
9844	10030
10215	10394
10563	10720
10868	11015
11181	11369
11568	11767
11948	12097
12208	12282
12338	12402
12518	12694
12906	13099
13240	13328
13382	13422
13463	13505
13545	13588
13629	13665
13692	13706
13695	13668
13630	13586
13536	13455
13323	13151
12974	12825
12726	12672
12627	12553
12433	12277
12118	11996
11919	11869
11815	11739
11631	11486
11306	11095
10859	10611
10358	10112
9885	9673
9474	9287
9119	8986
8888	8817
8756	8693
8623	8544
8457	8370
8288	8216
8162	8143
8167	8238
8327	8398
8424	8410
8372	8327
8290	8272
8279	8307
8353	8406
8459	8496
8526	8658
8913	10014
10904	9038
8428	7268
6602	6314
6277	6327
6366	6362
6333	6318
6324	6327
6310	6280
6262	6292
6381	6530
6718	6899
7014	7017
6874	6612
6274	5932
5638	5421
5276	5196
5162	5180
5240	5323
5402	5447
5442	5383
5274	5123
4950	4771
4599	4425
4245	4060
3897	3792
3762	3797
3860	3924
3978	4016
4042	4062
4085	4112
4151	4197
4249	4294
4321	4312
4266	4195
4117	4055
4022	4023
4051	4099
4152	4204
4247	4284
4316	4338
4344	4323
4275	4212
4164	4151
4185	4268
4378	4489
4574	4615
4600	4528
4402	4240
4079	3956
3896	3898
3953	4043
4155	4265
4358	4413
4421	4385
4314	4234
4165	4118
4090	4073
4060	4054
4062	4089
4127	4172
4202	4204
4161	4077
3970	3868
3799	3779
3773	3735
3655	3638
3913	4733
6195	8122
10101	11714
12759	13305
13557	13678
13733	13706
13579	13364
13100	12826
12554	12278
11969	11627
11263	10910
10614	10422
10362	10432
10596	10777
10892	10873
10707	10448
10219	10143
10281	10592
10961	11266
11411	11346
11054	10575
10007	9505
9209	9189
9403	9750
10162	10613
11092	11562
11961	12212
12228	11957
11446	10872
10475	10427
10749	11330
12039	12765
13379	13744
13769	13409
12682	11648
10430	9229
8286	7789
7818	8301
9084	9951
10688	11116
11172	10904
10488	10124
9987	10158
10594	11150
11571	11602
11092	10134
9075	8357
8244	8712
9516	10385
11138	11732
12192	12549
12807	12946
12930	12746
12371	11791
11004	10064
9114	8328
7791	7482
7312	7233
7221	7271
7363	7449
7484	7438
7305	7102
6875	6658
6492	6428
6545	6909
7525	8294
9018	9477
9497	9042
8230	7309
6552	6122
6014	6104
6254	6395
6518	6633
6744	6840
6905	6937
6948	6949
6941	6926
6918	6957
7085	7326
7648	7989
8273	8461
8568	8641
8729	8845
8976	9087
9147	9177
9213	9293
9419	9562
9700	9832
9964	10104
10259	10445
10656	10865
11062	11254
11442	11621
11785	11954
12129	12290
12401	12428
12356	12178
11938	11665
11401	11152
10915	10664
10396	10112
9833	9583
9386	9250
9161	9118
9109	9135
9196	9294
9429	9596
9786	9985
10184	10379
10566	10746
10907	11036
11142	11251
11383	11553
11759	11977
12188	12361
12480	12543
12564	12589
12666	12818
13021	13216
13356	13443
13490	13526
13556	13588
13618	13651
13680	13707
13725	13720
13686	13621
13549	13480
13421	13345
13233	13080
12916	12768
12661	12593
12540	12470
12369	12230
12081	11943
11830	11733
11642	11532
11398	11235
11039	10819
10582	10333
10086	9852
9637	9438
9254	9078
8923	8801
8718	8668
8629	8590
8539	8478
8402	8319
8233	8154
8090	8065
8087	8161
8258	8340
8376	8369
8338	8302
8275	8267
8283	8322
8377	8439
8499	8543
8582	8718
8975	10054
10904	9038
8428	7268
6602	6314
6277	6327
6366	6362
6333	6318
6324	6325
6308	6283
6289	6358
6497	6680
6866	6994
7017	6907
6676	6360
6026	5732
5514	5377
5298	5248
5224	5234
5277	5340
5389	5394
5345	5235
5076	4888
4696	4516
4354	4202
4042	3874
3725	3641
3640	3709
3804	3893
3955	3991
4004	4011
4022	4047
4087	4139
4194	4239
4253	4231
4175	4100
4028	3983
3974	3997
4046	4102
4148	4174
4185	4183
4188	4203
4232	4257
4262	4240
4195	4155
4150	4199
4307	4447
4575	4643
4625	4521
4352	4161
3996	3897
3874	3931
4040	4187
4347	4489
4591	4627
4589	4486
4340	4194
4080	4025
4016	4036
4057	4079
4102	4132
4165	4193
4207	4192
4142	4062
3966	3883
3831	3828
3833	3801
3710	3653
3861	4607
6008	7912
9907	11552
12627	13189
13452	13591
13670	13671
13581	13413
13207	12975
12715	12394
12000	11539
11051	10593
10226	9994
9929	10022
10234	10485
10673	10715
10592	10368
10171	10122
10276	10591
10950	11231
11353	11279
11031	10655
10237	9891
9731	9815
10106	10517
10952	11364
11727	12023
12232	12326
12264	12026
11649	11263
11028	11065
11366	11834
12368	12874
13260	13412
13245	12728
11898	10844
9739	8798
8245	8196
8618	9337
10138	10832
11294	11460
11362	11097
10808	10632
10673	10938
11351	11740
11903	11670
11003	10059
9196	8788
9000	9691
10539	11262
11753	12075
12345	12620
12847	12916
12737	12299
11650	10853
9965	9055
8251	7688
7414	7366
7439	7562
7699	7842
7977	8078
8124	8099
7996	7815
7557	7225
6849	6507
6322	6424
6869	7593
8404	9061
9330	9089
8404	7512
6717	6228
6074	6136
6270	6392
6499	6603
6715	6817
6894	6940
6971	6998
7019	7020
7009	7021
7104	7293
7563	7857
8106	8280
8388	8469
8563	8681
8797	8884
8916	8914
8923	8985
9099	9242
9400	9566
9748	9942
10155	10388
10627	10836
11001	11133
11244	11341
11443	11568
11733	11916
12065	12144
12114	11977
11756	11492
11223	10970
10730	10491
10238	9980
9733	9516
9352	9245
9192	9187
9219	9287
9394	9532
9705	9904
10117	10336
10544	10740
10926	11091
11231	11343
11432	11522
11640	11805
12002	12221
12427	12601
12714	12767
12774	12784
12838	12969
13149	13328
13455	13534
13575	13602
13625	13646
13667	13691
13712	13727
13733	13715
13659	13567
13462	13374
13309	13246
13158	13032
12882	12732
12602	12504
12428	12358
12274	12168
12035	11881
11722	11574
11435	11294
11141	10964
10760	10538
10301	10059
9825	9606
9407	9226
9059	8897
8753	8644
8578	8547
8529	8510
8482	8432
8369	8288
8203	8116
8047	8011
8031	8105
8205	8292
8331	8331
8308	8279
8262	8263
8287	8333
8397	8468
8535	8587
8633	8773
9032	10091
10906	9039
8431	7268
6603	6311
6275	6322
6362	6359
6334	6320
6325	6330
6319	6309
6345	6455
6631	6829
6987	7045
6968	6758
6452	6110
5799	5566
5428	5367
5339	5314
5288	5283
5304	5339
5353	5317
5218	5057
4857	4640
4437	4261
4119	3993
3862	3713
3586	3525
3554	3650
3773	3877
3943	3971
3971	3961
3959	3975
4014	4068
4122	4163
4169	4139
4077	4009
3952	3930
3947	3996
4062	4120
4154	4152
4123	4084
4060	4069
4116	4180
4232	4247
4217	4167
4138	4168
4275	4431
4579	4659
4636	4512
4328	4144
4009	3952
3977	4071
4212	4378
4540	4675
4750	4751
4673	4524
4340	4163
4034	3976
3984	4023
4069	4107
4141	4171
4196	4212
4210	4181
4126	4051
3964	3895
3861	3874
3897	3884
3797	3722
3870	4523
5831	7678
9672	11368
12509	13128
13424	13581
13677	13702
13641	13513
13343	13147
12906	12590
12165	11625
11007	10394
9880	9556
9462	9584
9852	10156
10373	10412
10255	9984
9732	9627
9725	9992
10331	10629
10817	10883
10861	10791
10705	10647
10668	10813
11083	11428
11762	12025
12190	12253
12239	12158
12004	11774
11489	11217
11052	11056
11245	11576
11994	12413
12721	12800
12568	12031
11254	10367
9547	8992
8857	9168
9810	10570
11240	11689
11885	11866
11726	11553
11436	11434
11578	11839
12116	12257
12136	11697
11008	10258
9728	9649
10054	10751
11447	11930
12172	12301
12453	12661
12811	12730
12308	11574
10669	9759
8952	8307
7860	7644
7641	7774
7965	8150
8305	8426
8516	8587
8642	8670
8649	8556
8355	8021
7554	7018
6552	6330
6476	6994
7759	8528
9024	9033
8537	7728
6926	6375
6157	6170
6271	6366
6448	6539
6652	6763
6853	6918
6973	7034
7087	7113
7105	7093
7123	7238
7433	7664
7882	8064
8206	8328
8447	8564
8662	8718
8725	8703
8696	8737
8831	8957
9108	9290
9502	9746
10013	10301
10579	10806
10959	11054
11106	11134
11164	11237
11376	11560
11748	11875
11898	11800
11597	11331
11054	10790
10552	10327
10105	9885
9675	9498
9363	9284
9262	9290
9358	9466
9609	9786
9991	10220
10457	10687
10904	11099
11269	11416
11539	11641
11733	11833
11958	12116
12297	12485
12665	12813
12912	12959
12975	12986
13034	13145
13294	13438
13544	13606
13639	13656
13670	13683
13695	13708
13721	13729
13726	13700
13631	13523
13399	13293
13219	13162
13092	12990
12855	12705
12556	12424
12319	12233
12161	12076
11956	11784
11586	11385
11206	11040
10870	10685
10478	10257
10029	9800
9579	9377
9199	9038
8889	8743
8616	8521
8471	8454
8457	8456
8445	8412
8358	8283
8195	8103
8026	7984
7999	8068
8169	8253
8297	8301
8285	8262
8253	8263
8293	8348
8418	8496
8571	8628
8678	8820
9076	10122
10910	9041
8433	7269
6600	6306
6265	6310
6352	6354
6334	6325
6333	6342
6344	6364
6436	6584
6781	6970
7077	7053
6878	6587
6230	5888
5618	5451
5384	5382
5389	5375
5342	5317
5315	5318
5294	5215
5071	4869
4633	4395
4183	4018
3901	3803
3702	3584
3484	3447
3501	3622
3759	3873
3935	3953
3938	3911
3896	3905
3937	3991
4042	4074
4074	4040
3984	3927
3894	3896
3937	4006
4082	4140
4158	4129
4067	3994
3948	3953
4014	4108
4194	4237
4222	4173
4139	4163
4269	4430
4584	4665
4638	4508
4338	4186
4106	4104
4172	4287
4430	4575
4701	4786
4813	4770
4660	4496
4307	4135
4013	3966
3978	4034
4097	4156
4201	4231
4242	4236
4209	4162
4100	4027
3958	3907
3890	3912
3948	3948
3884	3807
3916	4482
5688	7458
9437	11180
12402	13100
13444	13629
13745	13795
13762	13654
13498	13312
13091	12812
12410	11843
11118	10332
9642	9197
9069	9228
9563	9922
10152	10152
9922	9553
9187	8952
8915	9068
9335	9624
9888	10134
10399	10703
11019	11300
11531	11742
11971	12211
12405	12492
12447	12290
12061	11800
11522	11246
10986	10761
10599	10527
10588	10813
11183	11612
11955	12072
11893	11455
10860	10254
9802	9645
9850	10362
11035	11673
12121	12319
12312	12204
12099	12057
12097	12210
12380	12560
12657	12563
12226	11695
11103	10637
10449	10605
11039	11572
12013	12259
12350	12406
12522	12660
12671	12372
11689	10708
9652	8769
8199	7945
7933	8066
8266	8466
8629	8737
8790	8799
8800	8827
8901	9000
9090	9124
9047	8807
8371	7761
7103	6578
6373	6594
7203	8009
8691	8946
8656	7952
7151	6546
6252	6201
6256	6322
6382	6462
6572	6689
6792	6871
6951	7040
7127	7175
7172	7139
7122	7160
7267	7432
7628	7832
8032	8213
8371	8494
8572	8598
8585	8554
8543	8573
8640	8734
8858	9027
9251	9524
9839	10180
10506	10764
10925	11002
11013	10988
10962	10981
11082	11259
11463	11629
11692	11626
11443	11187
10905	10641
10405	10196
10003	9821
9655	9514
9410	9359
9363	9420
9519	9660
9835	10042
10277	10526
10778	11022
11244	11434
11594	11720
11827	11928
12033	12154
12295	12450
12609	12766
12902	13014
13092	13140
13164	13189
13239	13328
13441	13547
13622	13666
13685	13694
13700	13701
13706	13711
13715	13717
13710	13677
13610	13502
13371	13249
13157	13085
13015	12929
12817	12677
12523	12366
12225	12117
12034	11952
11829	11645
11413	11179
10968	10782
10600	10410
10203	9989
9769	9558
9357	9176
9017	8877
8744	8618
8508	8432
8397	8396
8414	8429
8434	8414
8369	8297
8210	8116
8034	7990
7997	8059
8151	8231
8274	8281
8269	8257
8254	8268
8306	8364
8439	8523
8602	8665
8717	8858
9115	10149
10917	9049
8437	7269
6593	6287
6234	6278
6322	6339
6335	6334
6351	6371
6397	6457
6577	6756
6954	7104
7139	7024
6766	6411
6035	5711
5488	5382
5371	5406
5434	5421
5378	5334
5305	5274
5212	5093
4911	4672
4415	4164
3955	3803
3706	3637
3567	3483
3414	3407
3483	3619
3762	3871
3925	3931
3905	3870
3849	3850
3879	3923
3962	3983
3974	3939
3893	3858
3849	3878
3939	4017
4092	4140
4142	4093
4009	3918
3861	3869
3942	4050
4149	4201
4199	4162
4137	4166
4271	4425
4573	4651
4629	4521
4383	4282
4253	4297
4391	4510
4627	4726
4787	4808
4775	4695
4573	4421
4262	4117
4018	3980
4002	4070
4158	4242
4306	4331
4321	4275
4209	4134
4062	4002
3959	3936
3936	3957
3986	3988
3937	3874
3967	4478
5597	7285
9229	11002
12301	13078
13481	13699
13834	13903
13891	13794
13635	13442
13236	13000
12653	12104
11323	10409
9566	9003
8831	9017
9417	9837
10101	10100
9834	9405
8945	8582
8388	8371
8484	8663
8881	9176
9602	10163
10780	11343
11781	12114
12389	12613
12740	12722
12538	12226
11838	11427
11032	10695
10430	10226
10054	9919
9882	10015
10334	10758
11132	11310
11231	10950
10581	10269
10143	10280
10677	11241
11821	12275
12508	12515
12383	12245
12196	12250
12376	12531
12678	12774
12746	12529
12122	11612
11170	10929
10950	11179
11515	11837
12071	12200
12281	12382
12509	12557
12375	11840
10949	9856
8827	8116
7856	7978
8315	8686
8971	9127
9160	9094
8968	8828
8732	8729
8835	9020
9226	9396
9467	9381
9071	8517
7777	7033
6513	6427
6843	7624
8429	8883
8772	8173
7378	6718
6344	6231
6240	6281
6327	6400
6506	6626
6728	6812
6899	7003
7106	7170
7173	7132
7083	7065
7104	7211
7386	7610
7859	8097
8294	8435
8507	8520
8499	8471
8464	8485
8529	8587
8674	8812
9023	9307
9653	10033
10400	10689
10869	10946
10943	10892
10828	10808
10871	11021
11218	11391
11475	11432
11274	11041
10777	10524
10298	10104
9938	9791
9664	9563
9491	9468
9497	9579
9702	9867
10067	10297
10550	10812
11076	11327
11550	11738
11887	12004
12105	12203
12319	12457
12609	12763
12904	13027
13135	13220
13282	13322
13349	13381
13430	13499
13580	13649
13697	13722
13729	13726
13721	13715
13709	13704
13702	13697
13684	13653
13590	13490
13362	13228
13109	13010
12928	12848
12755	12632
12480	12309
12140	11999
11888	11788
11657	11460
11217	10964
10735	10529
10334	10135
9928	9722
9522	9330
9152	8995
8854	8733
8622	8520
8434	8379
8361	8376
8402	8430
8444	8437
8401	8339
8256	8168
8086	8037
8038	8089
8169	8239
8279	8287
8280	8273
8277	8297
8339	8400
8478	8561
8640	8703
8751	8892
9146	10175
10934	9063
8448	7270
6577	6250
6176	6211
6265	6307
6331	6353
6382	6419
6479	6598
6778	6987
7164	7242
7183	6975
6646	6260
5889	5598
5420	5361
5383	5434
5465	5447
5391	5321
5261	5195
5096	4942
4728	4474
4205	3955
3753	3615
3533	3487
3446	3402
3375	3406
3501	3641
3772	3864
3900	3893
3866	3834
3818	3823
3845	3872
3893	3893
3873	3837
3806	3799
3821	3874
3945	4017
4076	4105
4089	4035
3948	3862
3813	3830
3912	4018
4104	4148
4146	4120
4111	4153
4259	4403
4540	4621
4622	4557
4472	4416
4423	4484
4577	4670
4741	4776
4766	4717
4642	4547
4440	4326
4212	4112
4041	4019
4051	4140
4260	4377
4456	4473
4425	4332
4218	4113
4037	3996
3986	3994
4007	4016
4018	3999
3948	3901
4001	4479
5527	7140
9039	10832
12196	13056
13521	13764
13901	13972
13966	13872
13705	13499
13297	13099
12818	12333
11570	10604
9664	8996
8751	8916
9345	9828
10165	10244
10055	9683
9243	8842
8536	8343
8228	8162
8151	8268
8597	9150
9836	10522
11121	11629
12070	12425
12633	12643
12455	12112
11677	11210
10776	10434
10192	10009
9836	9658
9532	9536
9710	10001
10282	10443
10433	10294
10124	10033
10112	10403
10867	11399
11872	12183
12278	12176
11985	11826
11784	11852
11986	12139
12276	12360
12334	12145
11800	11385
11037	10863
10880	11034
11239	11442
11631	11818
12027	12242
12373	12284
11874	11129
10154	9139
8331	7922
7962	8329
8817	9230
9463	9491
9339	9062
8735	8439
8261	8249
8412	8698
9034	9345
9577	9671
9550	9139
8438	7583
6834	6481
6698	7403
8268	8855
8884	8372
7593	6884
6441	6260
6232	6258
6306	6383
6490	6600
6691	6759
6829	6914
7005	7064
7075	7045
7000	6968
6975	7046
7197	7420
7684	7952
8183	8351
8448	8474
8462	8441
8443	8464
8494	8519
8562	8661
8847	9120
9475	9873
10259	10570
10767	10856
10863	10812
10742	10701
10734	10850
11020	11171
11249	11218
11090	10889
10662	10430
10220	10040
9897	9788
9708	9650
9620	9628
9682	9780
9921	10103
10317	10560
10817	11089
11353	11599
11818	12002
12152	12268
12367	12464
12580	12716
12869	13014
13145	13256
13350	13426
13479	13511
13527	13548
13586	13641
13702	13751
13779	13789
13784	13770
13752	13733
13714	13698
13683	13669
13650	13617
13557	13463
13337	13193
13051	12928
12832	12749
12665	12555
12407	12227
12038	11859
11713	11581
11431	11235
10998	10743
10502	10274
10058	9845
9640	9446
9266	9106
8958	8824
8706	8605
8517	8442
8391	8365
8368	8393
8427	8461
8481	8484
8459	8409
8340	8264
8193	8147
8142	8177
8234	8288
8319	8327
8328	8326
8337	8361
8405	8467
8542	8620
8691	8748
8792	8927
9176	10202
10959	9083
8464	7275
6559	6199
6096	6114
6181	6256
6324	6380
6430	6492
6603	6795
7046	7279
7407	7387
7216	6914
6534	6138
5791	5542
5406	5374
5408	5456
5474	5443
5366	5274
5181	5076
4939	4756
4526	4268
4005	3769
3582	3452
3381	3349
3335	3332
3357	3423
3538	3668
3776	3838
3852	3835
3813	3796
3797	3811
3826	3833
3827	3805
3771	3741
3732	3756
3812	3888
3957	4008
4033	4032
4005	3959
3893	3832
3806	3838
3919	4006
4065	4083
4072	4053
4063	4115
4219	4355
4488	4587
4632	4626
4596	4573
4577	4618
4677	4724
4733	4697
4620	4525
4431	4352
4287	4233
4178	4123
4085	4082
4132	4244
4393	4535
4620	4620
4536	4398
4247	4122
4052	4035
4059	4093
4107	4097
4059	4009
3941	3900
4003	4459
5446	6985
8840	10648
12086	13036
13564	13821
13936	13978
13956	13859
13680	13461
13260	13091
12884	12490
11811	10882
9905	9137
8770	8841
9231	9747
10184	10417
10416	10241
9967	9660
9346	9029
8684	8305
7936	7692
7681	7958
8457	9061
9705	10364
11019	11594
11998	12171
12121	11904
11581	11218
10885	10631
10458	10306
10117	9873
9615	9419
9322	9321
9367	9397
9382	9335
9303	9353
9544	9892
10359	10854
11266	11511
11548	11403
11177	10985
10900	10925
11026	11182
11365	11528
11608	11539
11312	10975
10624	10353
10220	10228
10369	10613
10941	11326
11723	12028
12103	11824
11183	10299
9375	8622
8193	8148
8424	8859
9270	9533
9584	9415
9060	8579
8066	7640
7405	7416
7667	8084
8571	9040
9442	9732
9828	9617
9033	8159
7258	6690
6715	7317
8178	8841
8975	8545
7795	7057
6550	6305
6241	6260
6324	6417
6525	6621
6687	6721
6750	6789
6838	6874
6886	6880
6872	6870
6889	6954
7077	7268
7503	7754
8001	8214
8367	8441
8456	8453
8463	8491
8513	8520
8527	8584
8728	8975
9312	9705
10089	10402
10609	10717
10748	10724
10673	10639
10655	10741
10868	10986
11039	11007
10900	10740
10550	10347
10151	9985
9868	9808
9788	9789
9807	9844
9915	10029
10181	10370
10590	10833
11093	11356
11610	11847
12058	12235
12385	12508
12612	12706
12807	12929
13070	13207
13329	13440
13537	13623
13675	13689
13681	13680
13703	13750
13806	13848
13871	13868
13850	13823
13790	13753
13719	13686
13657	13628
13597	13555
13490	13394
13264	13116
12965	12834
12727	12639
12549	12438
12287	12097
11885	11679
11498	11337
11175	10987
10763	10517
10264	10013
9771	9541
9336	9160
9013	8889
8777	8673
8578	8498
8434	8394
8380	8388
8411	8445
8481	8515
8540	8550
8540	8511
8463	8406
8353	8316
8303	8319
8349	8379
8399	8408
8411	8419
8438	8465
8511	8568
8634	8703
8763	8806
8840	8962
9204	10233
10992	9106
8482	7277
6540	6147
6011	6010
6084	6192
6305	6401
6484	6587
6762	7034
7350	7590
7657	7526
7236	6852
6439	6056
5746	5538
5432	5411
5435	5466
5459	5400
5298	5178
5050	4912
4745	4540
4307	4058
3816	3601
3432	3314
3248	3223
3231	3266
3336	3434
3555	3668
3747	3779
3769	3747
3735	3741
3763	3786
3798	3790
3763	3724
3688	3669
3684	3743
3834	3926
3990	4008
3993	3958
3924	3893
3860	3833
3832	3871
3937	3997
4024	4015
3989	3977
3997	4059
4164	4296
4439	4564
4661	4716
4730	4715
4694	4684
4682	4668
4616	4521
4402	4286
4200	4156
4147	4156
4159	4152
4146	4166
4235	4361
4522	4668
4744	4724
4618	4457
4296	4180
4125	4132
4174	4217
4224	4187
4113	4022
3930	3878
3971	4396
5324	6791
8609	10440
11961	13011
13606	13866
13943	13941
13891	13772
13580	13347
13137	12989
12841	12550
11985	11143
10176	9328
8817	8729
9006	9488
9989	10380
10615	10716
10717	10624
10430	10097
9611	8980
8285	7654
7231	7095
7229	7578
8103	8780
9544	10279
10869	11250
11433	11465
11408	11309
11216	11146
11082	10956
10720	10364
9929	9475
9060	8716
8466	8314
8250	8258
8334	8497
8767	9147
9605	10066
10438	10638
10636	10466
10221	10008
9889	9886
9991	10192
10457	10725
10906	10928
10757	10426
10002	9595
9317	9251
9435	9838
10384	10975
11493	11793
11726	11234
10408	9486
8738	8350
8355	8648
9052	9393
9567	9539
9317	8914
8361	7715
7076	6568
6314	6374
6735	7302
7957	8599
9178	9662
9971	9972
9541	8696
7699	6957
6810	7294
8124	8832
9054	8712
8010	7254
6690	6376
6264	6277
6355	6465
6581	6666
6702	6698
6679	6665
6659	6658
6664	6685
6725	6776
6837	6917
7024	7159
7327	7533
7775	8031
8250	8393
8452	8470
8493	8529
8558	8555
8540	8556
8656	8866
9173	9535
9892	10191
10403	10533
10594	10610
10596	10584
10608	10677
10779	10860
10884	10840
10741	10608
10450	10270
10089	9940
9855	9847
9890	9957
10025	10099
10190	10314
10470	10660
10878	11117
11366	11615
11858	12076
12272	12443
12595	12726
12832	12918
13003	13104
13225	13349
13469	13582
13693	13789
13844	13843
13807	13775
13783	13827
13886	13931
13949	13938
13910	13866
13817	13764
13713	13662
13614	13570
13523	13467
13389	13277
13137	12984
12842	12717
12611	12517
12416	12289
12124	11920
11693	11470
11262	11081
10911	10733
10525	10285
10024	9751
9483	9241
9041	8891
8783	8703
8634	8564
8496	8434
8397	8389
8408	8442
8483	8519
8553	8585
8610	8628
8631	8622
8597	8567
8536	8511
8495	8492
8495	8501
8509	8515
8526	8541
8564	8597
8641	8692
8748	8801
8846	8875
8895	9005
9240	10265
11023	9123
8497	7281
6530	6118
5954	5934
6005	6129
6273	6410
6540	6700
6946	7291
7647	7870
7863	7624
7238	6794
6366	6007
5739	5572
5489	5464
5465	5456
5412	5317
5185	5031
4875	4707
4524	4313
4088	3861
3644	3456
3307	3205
3142	3124
3146	3208
3300	3415
3532	3624
3675	3682
3664	3642
3639	3660
3698	3729
3739	3724
3693	3657
3634	3636
3680	3771
3889	3996
4050	4040
3987	3926
3886	3871
3869	3867
3876	3903
3945	3976
3978	3954
3927	3918
3944	4012
4120	4261
4419	4576
4712	4804
4834	4805
4739	4670
4609	4545
4448	4324
4190	4080
4018	4012
4049	4104
4151	4182
4209	4250
4331	4456
4598	4717
4772	4743
4638	4497
4366	4281
4250	4268
4308	4338
4327	4267
4166	4049
3930	3854
3922	4305
5174	6579
8365	10219
11819	12962
13626	13902
13953	13908
13822	13674
13455	13197
12975	12827
12702	12471
12001	11256
10343	9475
8857	8606
8707	9058
9516	9978
10396	10765
11070	11268
11289	11078
10606	9910
9073	8228
7507	7003
6753	6755
7002	7479
8123	8815
9443	9950
10347	10671
10960	11223
11457	11627
11693	11599
11315	10846
10241	9570
8901	8302
7841	7565
7475	7546
7736	8019
8378	8795
9224	9613
9889	9989
9912	9707
9475	9300
9230	9288
9468	9745
10065	10348
10507	10479
10254	9865
9397	8968
8704	8709
9022	9584
10270	10930
11409	11564
11295	10617
9707	8861
8371	8357
8726	9236
9638	9784
9650	9292
8767	8123
7399	6648
5960	5451
5225	5356
5820	6523
7328	8136
8885	9544
10036	10216
9920	9120
8062	7190
6903	7292
8093	8840
9147	8897
8249	7498
6879	6489
6312	6291
6367	6488
6606	6682
6699	6670
6618	6566
6521	6492
6487	6520
6593	6690
6793	6900
6996	7082
7180	7325
7545	7820
8090	8289
8398	8449
8493	8547
8588	8591
8563	8552
8617	8784
9044	9365
9688	9968
10181	10326
10415	10465
10494	10519
10570	10654
10748	10810
10810	10746
10639	10513
10370	10214
10053	9926
9871	9903
10001	10124
10245	10354
10469	10604
10763	10950
11164	11393
11630	11866
12088	12294
12478	12639
12788	12921
13027	13101
13165	13244
13347	13461
13574	13691
13816	13923
13978	13965
13903	13847
13837	13874
13935	13980
13995	13977
13939	13881
13817	13747
13679	13610
13547	13485
13426	13354
13255	13124
12972	12822
12688	12576
12477	12377
12261	12116
11936	11724
11490	11257
11038	10846
10669	10489
10285	10048
9778	9494
9218	8980
8797	8680
8615	8582
8555	8524
8485	8446
8428	8435
8471	8518
8563	8599
8629	8655
8682	8703
8721	8725
8726	8717
8705	8692
8676	8661
8644	8634
8633	8638
8654	8675
8702	8736
8775	8817
8862	8903
8935	8952
8963	9066
9296	10309
11043	9131
8506	7292
6543	6125
5946	5908
5959	6078
6232	6405
6595	6831
7148	7539
7900	8079
7993	7670
7215	6736
6312	5986
5760	5626
5554	5517
5482	5427
5330	5191
5018	4837
4660	4480
4290	4088
3880	3676
3490	3334
3208	3119
3071	3058
3090	3158
3260	3366
3465	3532
3565	3566
3551	3536
3542	3565
3602	3629
3642	3634
3620	3610
3616	3648
3720	3836
3972	4086
4135	4107
4028	3948
3905	3903
3917	3927
3926	3923
3928	3932
3928	3913
3898	3896
3924	3995
4110	4264
4441	4619
4770	4863
4878	4814
4703	4587
4484	4387
4281	4165
4050	3964
3927	3944
4000	4076
4144	4204
4256	4321
4407	4509
4606	4678
4701	4672
4600	4516
4442	4403
4393	4406
4421	4418
4384	4310
4204	4075
3938	3835
3871	4211
5023	6370
8126	9990
11647	12875
13605	13919
13973	13911
13795	13609
13347	13055
12805	12629
12480	12243
11805	11131
10306	9505
8885	8530
8444	8573
8855	9241
9710	10247
10805	11296
11603	11632
11353	10806
10071	9260
8470	7782
7258	6924
6805	6911
7202	7603
8047	8500
8982	9522
10118	10738
11300	11729
11954	11940
11672	11172
10504	9745
8986	8313
7808	7527
7476	7626
7924	8313
8739	9154
9504	9741
9832	9769
9583	9359
9187	9123
9199	9401
9693	10019
10298	10454
10435	10226
9867	9436
9038	8771
8719	8929
9388	10011
10666	11193
11448	11339
10844	10051
9178	8526
8322	8610
9191	9758
10047	9961
9538	8882
8088	7229
6366	5573
4918	4474
4326	4529
5075	5871
6794	7733
8626	9422
10047	10352
10150	9390
8296	7342
6965	7296
8087	8879
9264	9102
8521	7789
7135	6671
6410	6323
6360	6464
6573	6643
6652	6613
6554	6494
6439	6398
6386	6423
6507	6627
6760	6889
6987	7044
7082	7170
7349	7607
7887	8113
8260	8353
8432	8514
8578	8595
8574	8555
8594	8718
8929	9200
9488	9751
9965	10124
10234	10309
10368	10435
10526	10645
10759	10824
10810	10721
10597	10465
10336	10201
10071	9968
9934	9986
10112	10277
10441	10591
10730	10876
11035	11223
11429	11648
11875	12097
12308	12501
12673	12828
12970	13095
13194	13256
13303	13366
13456	13560
13666	13784
13910	14021
14075	14053
13977	13901
13875	13901
13952	13991
13995	13971
13919	13854
13777	13696
13611	13529
13449	13377
13305	13222
13107	12963
12797	12644
12515	12414
12319	12215
12086	11929
11740	11522
11289	11057
10838	10640
10451	10260
10046	9804
9534	9256
8995	8778
8628	8547
8527	8537
8556	8562
8552	8534
8524	8537
8566	8604
8640	8671
8696	8720
8746	8771
8794	8813
8825	8829
8830	8828
8819	8801
8778	8762
8760	8768
8783	8807
8833	8865
8898	8933
8969	9000
9022	9032
9039	9144
9374	10363
11045	9132
8510	7309
6573	6165
5982	5923
5946	6042
6196	6407
6665	6984
7366	7775
8103	8215
8052	7662
7167	6675
6270	5977
5792	5684
5621	5561
5483	5371
5216	5024
4815	4610
4420	4240
4059	3874
3692	3517
3366	3237
3139	3069
3036	3034
3070	3138
3227	3311
3377	3419
3444	3452
3454	3456
3464	3480
3500	3519
3532	3546
3561	3590
3631	3693
3790	3922
4068	4185
4229	4191
4100	4012
3968	3970
3991	3995
3968	3927
3891	3878
3882	3893
3900	3912
3945	4014
4134	4299
4489	4669
4807	4873
4849	4747
4597	4449
4323	4222
4134	4053
3981	3938
3924	3945
3995	4061
4134	4210
4290	4377
4461	4529
4566	4575
4567	4548
4530	4519
4517	4519
4519	4509
4485	4447
4390	4313
4214	4090
3948	3830
3835	4133
4892	6188
7905	9763
11449	12737
13540	13914
14007	13954
13818	13589
13279	12942
12651	12421
12202	11892
11413	10765
10047	9396
8900	8559
8337	8219
8224	8394
8756	9307
9998	10713
11303	11643
11686	11456
11024	10444
9790	9123
8495	7943
7501	7189
7021	6984
7068	7283
7661	8236
8989	9835
10645	11303
11722	11869
11745	11372
10805	10139
9473	8902
8500	8306
8324	8524
8858	9261
9663	9985
10172	10193
10064	9832
9574	9382
9319	9420
9667	10010
10374	10665
10801	10733
10469	10061
9606	9221
9014	9051
9322	9772
10329	10904
11377	11615
11525	11094
10388	9560
8828	8433
8507	8999
9652	10147
10267	9964
9318	8447
7447	6414
5453	4651
4069	3731
3681	3963
4569	5422
6416	7446
8438	9327
10028	10395
10246	9508
8405	7413
6996	7304
8103	8934
9388	9310
8812	8127
7470	6947
6594	6407
6368	6422
6503	6555
6554	6517
6466	6419
6379	6350
6345	6385
6472	6599
6745	6890
6992	7031
7035	7072
7200	7412
7659	7878
8047	8181
8305	8423
8520	8569
8571	8561
8582	8671
8831	9053
9304	9554
9772	9943
10064	10153
10232	10331
10469	10636
10785	10866
10848	10745
10604	10465
10348	10243
10149	10077
10056	10111
10240	10421
10617	10801
10964	11120
11283	11468
11668	11881
12096	12309
12510	12695
12857	13004
13136	13252
13340	13390
13425	13475
13554	13648
13750	13863
13988	14095
14145	14118
14033	13945
13903	13911
13944	13969
13964	13930
13871	13795
13709	13617
13523	13427
13339	13255
13175	13080
12958	12801
12628	12469
12341	12238
12141	12028
11890	11720
11525	11309
11081	10855
10642	10441
10241	10032
9803	9556
9296	9043
8814	8639
8527	8487
8503	8555
8609	8653
8674	8676
8672	8672
8678	8695
8715	8735
8755	8779
8805	8833
8859	8881
8899	8912
8923	8928
8924	8911
8895	8887
8886	8893
8909	8930
8955	8980
9007	9033
9060	9082
9100	9110
9123	9235
9473	10421
11029	9126
8520	7337
6625	6228
6043	5963
5957	6029
6188	6438
6770	7166
7594	7994
8260	8289
8052	7612
7095	6611
6230	5973
5826	5741
5673	5586
5458	5286
5073	4832
4589	4367
4175	4004
3841	3680
3526	3384
3264	3167
3095	3051
3037	3050
3089	3153
3219	3274
3304	3323
3341	3364
3390	3410
3420	3420
3418	3421
3439	3472
3524	3587
3661	3747
3856	3995
4144	4263
4307	4263
4167	4077
4032	4034
4054	4048
3998	3921
3856	3833
3855	3896
3934	3963
4001	4070
4188	4349
4529	4690
4794	4818
4754	4618
4443	4279
4147	4058
4003	3972
3960	3961
3968	3983
4009	4054
4117	4203
4305	4416
4499	4532
4510	4462
4424	4423
4460	4519
4578	4610
4607	4564
4496	4422
4351	4284
4206	4101
3962	3833
3815	4077
4792	6039
7709	9542
11240	12570
13445	13893
14044	14013
13860	13587
13219	12834
12503	12218
11912	11494
10922	10249
9623	9170
8902	8709
8474	8178
7904	7773
7882	8268
8903	9695
10497	11148
11564	11741
11693	11450
11047	10542
9980	9381
8761	8156
7607	7161
6853	6727
6841	7234
7897	8742
9628	10418
11023	11404
11553	11464
11173	10757
10320	9956
9724	9643
9698	9863
10103	10362
10582	10695
10651	10447
10133	9805
9556	9456
9536	9786
10157	10569
10908	11083
11030	10748
10306	9815
9398	9180
9245	9602
10164	10801
11393	11857
12092	12001
11547	10800
9920	9107
8568	8449
8774	9396
10040	10417
10368	9902
9113	8108
6979	5825
4789	3990
3477	3240
3289	3649
4318	5219
6253	7325
8354	9270
9990	10369
10233	9507
8414	7431
7015	7332
8144	9000
9505	9508
9104	8500
7871	7308
6859	6560
6413	6388
6416	6438
6426	6391
6358	6340
6328	6323
6335	6383
6472	6598
6739	6885
6990	7024
7012	7019
7103	7261
7459	7653
7829	7995
8158	8318
8448	8533
8567	8576
8590	8644
8756	8928
9148	9384
9608	9791
9920	10012
10105	10233
10410	10617
10796	10896
10883	10780
10639	10507
10408	10338
10280	10238
10228	10277
10396	10581
10796	11001
11178	11339
11502	11681
11874	12079
12289	12492
12686	12862
13019	13156
13281	13386
13463	13508
13537	13579
13644	13730
13828	13939
14055	14154
14196	14165
14074	13980
13921	13912
13926	13937
13920	13876
13808	13727
13632	13529
13424	13321
13223	13132
13044	12944
12815	12652
12472	12306
12170	12059
11947	11820
11666	11486
11284	11067
10843	10626
10414	10215
10011	9790
9554	9312
9077	8863
8683	8549
8480	8475
8524	8603
8690	8762
8807	8829
8830	8816
8799	8789
8790	8801
8817	8839
8864	8891
8918	8942
8962	8979
8992	9001
9005	9004
9005	9005
9010	9020
9035	9051
9068	9087
9106	9124
9145	9161
9174	9185
9206	9325
9566	10465
10991	9119
8531	7380
6687	6301
6107	6009
5983	6049
6230	6527
6923	7374
7820	8183
8371	8313
8005	7531
7005	6534
6183	5964
5845	5775
5698	5582
5404	5174
4908	4627
4360	4134
3947	3791
3648	3513
3390	3282
3195	3127
3087	3068
3073	3098
3143	3196
3242	3261
3261	3257
3271	3308
3356	3392
3404	3389
3363	3350
3369	3421
3500	3588
3679	3775
3889	4031
4179	4299
4341	4295
4198	4107
4061	4065
4082	4070
4011	3921
3845	3823
3858	3924
3991	4039
4086	4152
4257	4395
4540	4657
4714	4698
4602	4447
4267	4099
3974	3902
3883	3907
3949	3992
4018	4023
4022	4039
4088	4178
4301	4426
4510	4515
4449	4363
4311	4330
4415	4527
4621	4664
4642	4566
4464	4366
4295	4247
4195	4110
3981	3845
3813	4050
4729	5929
7554	9355
11046	12404
13334	13853
14060	14052
13879	13557
13137	12713
12355	12038
11666	11150
10463	9725
9139	8870
8881	8954
8865	8542
8082	7659
7427	7476
7852	8526
9385	10265
11031	11609
11959	12061
11941	11665
11275	10783
10186	9507
8799	8127
7542	7098
6861	6893
7220	7798
8523	9286
10003	10619
11093	11384
11475	11407
11263	11137
11073	11068
11092	11124
11141	11116
11022	10832
10529	10133
9711	9368
9189	9216
9429	9786
10211	10601
10848	10880
10677	10290
9828	9425
9198	9230
9562	10154
10887	11603
12178	12529
12565	12204
11446	10437
9421	8649
8306	8446
8983	9703
10322	10601
10441	9882
9024	7962
6770	5561
4484	3678
3193	3022
3152	3599
4340	5290
6344	7404
8402	9277
9952	10293
10131	9407
8350	7415
7051	7398
8226	9092
9632	9709
9411	8899
8310	7718
7178	6759
6496	6374
6335	6319
6293	6267
6260	6276
6299	6320
6350	6404
6487	6592
6715	6843
6946	6990
6984	6990
7056	7184
7346	7517
7693	7874
8063	8244
8402	8514
8581	8608
8622	8646
8714	8840
9025	9252
9479	9671
9808	9906
10011	10161
10369	10599
10793	10902
10901	10815
10694	10583
10508	10469
10442	10426
10423	10467
10575	10754
10969	11182
11365	11529
11686	11859
12045	12242
12441	12638
12822	12992
13142	13275
13393	13493
13567	13611
13636	13670
13727	13804
13898	14004
14112	14199
14232	14192
14101	14000
13933	13906
13906	13904
13879	13828
13753	13663
13559	13447
13334	13223
13118	13018
12923	12817
12686	12518
12333	12159
12010	11876
11745	11596
11422	11224
11010	10786
10561	10347
10141	9946
9744	9530
9308	9092
8896	8729
8595	8507
8471	8492
8559	8654
8755	8850
8918	8959
8963	8942
8907	8876
8862	8866
8881	8903
8926	8955
8981	9005
9025	9044
9057	9071
9083	9095
9109	9121
9134	9144
9154	9164
9175	9186
9196	9208
9218	9228
9238	9246
9268	9388
9626	10477
10940	9112
8544	7426
6750	6365
6163	6053
6028	6113
6331	6680
7125	7602
8032	8331
8429	8285
7920	7421
6897	6449
6127	5937
5842	5780
5690	5538
5316	5037
4729	4422
4148	3926
3753	3612
3492	3384
3288	3211
3153	3118
3104	3111
3132	3169
3212	3250
3270	3258
3227	3202
3214	3262
3329	3379
3391	3364
3320	3294
3311	3373
3470	3571
3668	3763
3873	4012
4160	4276
4318	4274
4175	4082
4037	4042
4062	4056
4003	3924
3862	3850
3898	3979
4062	4132
4190	4251
4330	4422
4506	4561
4569	4518
4410	4258
4091	3936
3820	3765
3776	3843
3930	4005
4042	4041
4017	4011
4049	4138
4265	4394
4471	4460
4376	4279
4235	4277
4394	4538
4644	4679
4636	4535
4416	4315
4255	4227
4196	4128
4003	3868
3826	4049
4705	5871
7455	9221
10893	12263
13233	13801
14049	14054
13858	13487
13022	12574
12213	11899
11517	10943
10157	9320
8713	8563
8833	9231
9427	9249
8755	8128
7548	7176
7140	7514
8254	9209
10208	11109
11799	12212
12366	12334
12176	11890
11466	10915
10280	9606
8924	8273
7710	7307
7135	7232
7582	8139
8842	9621
10383	11042
11520	11813
11970	12067
12136	12162
12115	11973
11728	11375
10930	10422
9877	9337
8866	8553
8458	8586
8894	9303
9724	10056
10210	10152
9902	9554
9227	9042
9073	9354
9871	10563
11320	12012
12538	12807
12716	12173
11204	10004
8892	8166
7994	8353
9066	9869
10488	10728
10527	9943
9084	8033
6860	5665
4593	3780
3295	3144
3326	3842
4650	5638
6679	7678
8584	9353
9928	10178
9953	9222
8217	7378
7112	7519
8364	9233
9798	9940
9741	9318
8765	8143
7520	6986
6608	6385
6275	6217
6181	6170
6193	6249
6312	6365
6406	6454
6509	6579
6663	6763
6859	6917
6942	6974
7057	7188
7344	7506
7676	7854
8043	8226
8390	8518
8607	8655
8670	8676
8705	8791
8949	9159
9387	9588
9736	9846
9968	10144
10371	10609
10797	10899
10908	10852
10766	10689
10641	10618
10608	10603
10609	10650
10750	10921
11132	11341
11522	11679
11831	11995
12171	12357
12550	12738
12913	13075
13219	13347
13461	13564
13645	13694
13723	13749
13795	13864
13954	14056
14156	14229
14249	14204
14110	14007
13929	13892
13884	13875
13845	13787
13706	13607
13494	13373
13251	13132
13018	12911
12810	12699
12562	12395
12206	12022
11854	11700
11540	11362
11159	10938
10707	10471
10240	10024
9825	9637
9452	9265
9077	8905
8761	8642
8555	8504
8493	8527
8596	8690
8795	8899
8982	9036
9052	9032
8992	8955
8937	8936
8949	8970
8992	9019
9045	9071
9094	9111
9129	9147
9167	9189
9216	9237
9253	9261
9267	9270
9274	9274
9276	9277
9281	9281
9282	9282
9297	9404
9628	10450
10891	9108
8554	7462
6800	6412
6205	6097
6097	6229
6504	6903
7373	7839
8215	8427
8430	8207
7799	7289
6780	6355
6061	5894
5811	5745
5639	5455
5193	4875
4541	4225
3958	3748
3593	3473
3372	3287
3217	3165
3135	3124
3134	3159
3199	3241
3277	3293
3280	3235
3176	3138
3146	3199
3274	3331
3343	3311
3257	3224
3239	3307
3406	3514
3607	3699
3807	3943
4091	4206
4246	4201
4104	4012
3968	3973
3997	4002
3975	3932
3903	3916
3969	4053
4143	4226
4297	4350
4394	4423
4433	4416
4375	4306
4204	4078
3936	3801
3702	3662
3692	3782
3894	3986
4031	4022
3989	3969
3996	4076
4194	4307
4367	4349
4272	4195
4183	4256
4399	4550
4653	4671
4610	4497
4377	4290
4248	4236
4215	4152
4032	3905
3871	4098
4743	5884
7430	9151
10791	12150
13137	13736
14008	14010
13788	13382
12888	12435
12097	11830
11487	10910
10057	9104
8407	8280
8731	9442
9984	10090
9722	9029
8199	7442
6970	6950
7410	8247
9282	10342
11261	11929
12336	12554
12639	12596
12411	12096
11671	11149
10533	9818
9035	8250
7566	7105
6963	7180
7737	8540
9473	10394
11191	11795
12223	12517
12699	12749
12642	12376
11947	11362
10659	9918
9202	8570
8075	7783
7732	7907
8249	8671
9068	9356
9473	9415
9233	9029
8908	8958
9208	9646
10224	10882
11548	12141
12582	12773
12589	11928
10827	9505
8337	7660
7627	8153
9004	9883
10534	10794
10616	10074
9273	8300
7233	6142
5143	4354
3858	3688
3877	4417
5242	6221
7208	8106
8882	9511
9939	10049
9720	8964
8031	7330
7197	7691
8563	9431
10014	10222
10107	9750
9216	8564
7873	7246
6760	6440
6252	6149
6105	6112
6174	6272
6375	6457
6508	6542
6563	6585
6619	6683
6759	6831
6888	6966
7082	7242
7411	7575
7727	7889
8058	8232
8388	8523
8628	8694
8717	8712
8718	8776
8905	9101
9327	9535
9699	9831
9982	10187
10434	10665
10827	10909
10925	10900
10860	10821
10790	10773
10758	10750
10757	10799
10899	11062
11266	11467
11639	11788
11933	12087
12253	12430
12612	12791
12959	13113
13251	13375
13492	13601
13693	13754
13786	13808
13842	13901
13986	14087
14179	14237
14244	14191
14096	13990
13906	13861
13850	13839
13808	13746
13658	13551
13429	13298
13168	13038
12915	12802
12691	12576
12440	12269
12079	11880
11698	11515
11327	11114
10884	10636
10383	10133
9894	9678
9483	9310
9151	9005
8871	8759
8668	8602
8559	8536
8539	8571
8630	8713
8809	8907
8998	9064
9095	9089
9058	9027
9009	9010
9020	9039
9062	9088
9112	9139
9163	9184
9204	9224
9250	9282
9316	9343
9361	9367
9366	9361
9355	9343
9335	9326
9319	9314
9306	9294
9288	9372
9570	10385
10851	9100
8556	7480
6824	6435
6233	6154
6204	6402
6742	7181
7650	8068
8356	8464
8368	8076
7643	7138
6654	6256
5986	5832
5751	5669
5540	5328
5034	4694
4349	4040
3788	3601
3465	3361
3280	3213
3163	3132
3121	3130
3158	3201
3249	3292
3312	3300
3248	3169
3091	3042
3043	3099
3171	3231
3244	3212
3157	3123
3136	3203
3301	3407
3503	3594
3701	3836
3984	4098
4138	4095
3998	3906
3863	3870
3900	3924
3933	3941
3963	4002
4061	4133
4221	4310
4386	4429
4436	4398
4333	4251
4170	4089
4010	3921
3820	3715
3632	3600
3634	3724
3837	3931
3975	3965
3931	3907
3928	3994
4090	4173
4207	4189
4138	4108
4141	4254
4410	4557
4641	4644
4573	4465
4364	4298
4267	4260
4235	4171
4068	3966
3966	4217
4865	5981
7479	9142
10729	12061
13045	13660
13943	13940
13696	13272
12775	12341
12047	11847
11574	11030
10137	9071
8239	8037
8555	9494
10373	10814
10688	10080
9169	8185
7387	6983
7071	7593
8427	9413
10392	11225
11863	12334
12674	12876
12937	12863
12667	12351
11883	11233
10383	9368
8301	7352
6717	6529
6813	7491
8427	9466
10462	11312
11975	12454
12748	12849
12752	12476
12023	11394
10631	9822
9055	8398
7901	7614
7557	7717
8039	8434
8808	9089
9228	9245
9192	9154
9212	9413
9761	10218
10733	11261
11767	12204
12514	12587
12291	11524
10326	8935
7743	7111
7187	7837
8789	9742
10458	10784
10687	10237
9550	8727
7841	6944
6094	5383
4888	4688
4834	5330
6095	6987
7866	8639
9274	9748
9998	9926
9456	8667
7820	7279
7306	7898
8799	9671
10270	10529
10480	10168
9648	8976
8241	7545
6968	6548
6275	6120
6062	6092
6190	6329
6470	6579
6645	6672
6674	6656
6647	6662
6712	6776
6852	6956
7104	7289
7478	7638
7765	7890
8031	8189
8346	8492
8615	8702
8739	8739
8737	8777
8888	9066
9286	9499
9681	9846
10038	10283
10547	10765
10895	10945
10959	10965
10966	10961
10942	10915
10888	10869
10870	10910
11008	11167
11366	11562
11728	11870
12006	12148
12305	12472
12645	12813
12970	13117
13249	13370
13490	13607
13715	13791
13829	13846
13868	13918
13998	14092
14174	14221
14213	14155
14058	13949
13860	13812
13797	13787
13754	13687
13597	13478
13349	13209
13068	12928
12798	12675
12556	12437
12297	12125
11929	11727
11523	11318
11097	10856
10597	10327
10057	9795
9553	9335
9150	8995
8870	8771
8698	8649
8617	8598
8590	8591
8599	8623
8663	8723
8803	8892
8984	9061
9107	9119
9107	9088
9078	9081
9094	9111
9134	9158
9181	9207
9233	9256
9279	9301
9333	9369
9407	9435
9449	9451
9444	9429
9412	9393
9373	9355
9339	9321
9303	9277
9248	9304
9479	10310
10834	9091
8544	7466
6807	6426
6252	6223
6352	6633
7034	7493
7932	8271
8450	8443
8253	7910
7463	6977
6524	6156
5901	5752
5656	5556
5402	5161
4848	4497
4157	3864
3637	3473
3356	3269
3200	3145
3108	3089
3093	3113
3156	3208
3264	3301
3303	3258
3172	3064
2970	2916
2914	2960
3026	3079
3094	3068
3025	2997
3011	3070
3164	3268
3370	3465
3578	3714
3863	3976
4016	3972
3877	3786
3743	3752
3789	3831
3879	3943
4020	4092
4155	4217
4288	4373
4444	4476
4446	4358
4229	4098
3987	3910
3856	3807
3747	3675
3612	3581
3603	3672
3763	3840
3877	3873
3851	3836
3856	3906
3971	4015
4027	4013
4004	4033
4122	4264
4422	4553
4616	4603
4534	4442
4363	4316
4291	4270
4234	4172
4100	4053
4114	4409
5073	6164
7603	9191
10707	11994
12956	13577
13863	13860
13612	13199
12731	12343
12100	11961
11748	11243
10330	9166
8178	7827
8291	9329
10450	11209
11381	10988
10178	9177
8230	7553
7253	7333
7745	8429
9274	10148
10958	11675
12270	12721
13012	13151
13154	13021
12722	12220
11449	10400
9149	7883
6849	6250
6169	6565
7335	8335
9414	10435
11299	11956
12383	12578
12572	12405
12087	11616
11004	10322
9654	9069
8616	8335
8248	8353
8613	8952
9295	9577
9766	9871
9936	10016
10160	10388
10698	11052
11421	11772
12092	12352
12486	12385
11929	11035
9752	8317
7121	6533
6676	7405
8434	9465
10272	10707
10732	10416
9884	9258
8602	7945
7301	6716
6263	6041
6118	6508
7133	7869
8590	9221
9714	10027
10077	9793
9172	8349
7605	7243
7431	8117
9046	9916
10526	10815
10805	10530
10028	9367
8626	7895
7244	6720
6350	6136
6058	6099
6228	6399
6568	6705
6792	6830
6828	6791
6753	6730
6739	6775
6837	6939
7092	7287
7481	7626
7721	7805
7916	8065
8233	8402
8550	8658
8716	8732
8739	8776
8872	9036
9243	9459
9666	9873
10112	10399
10681	10884
10977	10999
11008	11037
11075	11095
11083	11051
11010	10982
10975	11010
11100	11253
11446	11634
11795	11930
12059	12192
12340	12497
12661	12820
12970	13106
13230	13349
13471	13599
13717	13808
13849	13861
13871	13911
13985	14075
14150	14179
14159	14094
13995	13885
13790	13736
13716	13705
13669	13601
13500	13377
13239	13089
12938	12788
12648	12513
12390	12265
12118	11945
11745	11532
11315	11090
10848	10587
10307	10023
9741	9477
9237	9030
8858	8726
8631	8577
8559	8561
8582	8607
8632	8650
8663	8674
8693	8729
8785	8865
8957	9042
9106	9138
9147	9142
9142	9152
9166	9185
9205	9228
9251	9277
9301	9327
9350	9375
9406	9443
9478	9504
9515	9509
9495	9473
9447	9419
9388	9359
9331	9306
9277	9236
9190	9229
9389	10259
10848	9075
8515	7416
6750	6390
6266	6323
6543	6906
7356	7813
8195	8438
8502	8379
8101	7712
7266	6812
6394	6057
5814	5656
5539	5409
5223	4962
4640	4294
3966	3696
3497	3357
3258	3182
3120	3071
3038	3026
3034	3066
3115	3174
3232	3261
3247	3173
3060	2936
2840	2787
2782	2814
2864	2905
2922	2911
2886	2871
2886	2937
3022	3125
3233	3342
3461	3600
3748	3865
3906	3862
3767	3679
3638	3647
3689	3745
3825	3935
4057	4163
4232	4283
4339	4406
4463	4476
4421	4300
4141	3986
3865	3794
3761	3746
3719	3679
3631	3600
3596	3627
3675	3717
3742	3750
3746	3753
3779	3820
3854	3870
3866	3872
3910	4000
4133	4291
4438	4539
4578	4553
4489	4411
4348	4307
4274	4235
4191	4146
4119	4145
4285	4642
5333	6408
7790	9297
10734	11955
12886	13491
13776	13775
13545	13180
12781	12458
12268	12161
11978	11489
10570	9334
8198	7651
7947	8926
10147	11140
11615	11516
10952	10116
9218	8420
7812	7434
7333	7556
8095	8854
9726	10613
11442	12140
12665	13011
13184	13207
13078	12756
12165	11238
10003	8621
7337	6390
5912	5923
6383	7198
8233	9323
10317	11123
11683	12004
12139	12149
12069	11877
11570	11175
10747	10335
9986	9741
9628	9667
9841	10104
10392	10659
10873	11036
11164	11282
11416	11576
11758	11954
12149	12332
12491	12586
12539	12249
11613	10586
9223	7755
6560	5983
6148	6907
7979	9089
10009	10576
10746	10584
10227	9803
9380	8962
8528	8097
7727	7510
7522	7779
8225	8761
9299	9771
10118	10255
10094	9596
8836	8014
7400	7226
7574	8342
9291	10148
10752	11049
11051	10798
10333	9721
9023	8291
7579	6954
6478	6189
6082	6127
6275	6465
6653	6808
6916	6970
6973	6941
6891	6847
6821	6815
6833	6900
7030	7218
7405	7534
7598	7646
7734	7881
8065	8255
8426	8555
8637	8681
8709	8755
8845	8991
9186	9402
9633	9882
10171	10491
10784	10969
11035	11035
11044	11092
11157	11204
11209	11186
11150	11126
11119	11143
11217	11352
11530	11707
11864	11991
12113	12239
12379	12530
12682	12831
12973	13100
13219	13332
13451	13583
13711	13807
13854	13857
13855	13885
13955	14039
14101	14117
14086	14015
13915	13801
13696	13634
13603	13584
13542	13469
13361	13230
13082	12925
12766	12608
12457	12317
12186	12050
11902	11721
11512	11291
11063	10828
10573	10301
10016	9728
9454	9201
8975	8784
8631	8520
8455	8431
8446	8489
8550	8613
8668	8702
8719	8718
8721	8734
8778	8847
8940	9032
9110	9163
9188	9196
9204	9217
9232	9252
9273	9293
9316	9340
9366	9393
9417	9441
9470	9503
9532	9551
9555	9542
9520	9490
9457	9420
9382	9343
9309	9272
9235	9186
9133	9169
9335	10249
10889	9053
8468	7330
6657	6332
6288	6444
6768	7205
7681	8111
8422	8560
8512	8285
7929	7506
7070	6650
6276	5966
5729	5554
5407	5242
5026	4748
4424	4089
3785	3541
3366	3244
3157	3088
3029	2983
2952	2941
2952	2984
3035	3094
3150	3175
3150	3065
2943	2823
2735	2692
2685	2700
2726	2752
2770	2778
2778	2780
2796	2838
2909	3006
3122	3241
3368	3513
3664	3781
3824	3781
3684	3598
3558	3570
3614	3681
3778	3919
4075	4207
4288	4333
4371	4409
4439	4429
4359	4234
4079	3927
3814	3749
3728	3731
3731	3714
3681	3641
3605	3584
3577	3580
3592	3609
3636	3672
3712	3752
3772	3773
3776	3809
3898	4033
4190	4340
4459	4520
4526	4487
4423	4351
4286	4238
4195	4153
4116	4098
4121	4212
4426	4850
5583	6667
8021	9471
10833	11981
12850	13415
13678	13680
13491	13205
12912	12674
12527	12423
12232	11741
10821	9555
8303	7533
7554	8311
9466	10577
11315	11546
11325	10788
10091	9331
8564	7841
7280	7012
7136	7622
8378	9289
10248	11151
11919	12489
12859	13057
13112	12995
12621	11905
10831	9513
8155	6986
6170	5792
5873	6387
7222	8216
9197	10034
10662	11086
11360	11558
11722	11843
11900	11870
11764	11607
11427	11259
11147	11136
11229	11406
11626	11851
12056	12226
12359	12458
12529	12581
12622	12666
12721	12787
12844	12825
12642	12200
11425	10296
8885	7406
6201	5595
5710	6427
7493	8654
9679	10383
10698	10693
10510	10270
10039	9806
9550	9270
9007	8831
8804	8940
9211	9547
9895	10193
10370	10316
9942	9257
8411	7647
7210	7241
7742	8579
9532	10371
10952	11226
11215	10974
10569	10049
9435	8730
7975	7251
6664	6285
6132	6164
6309	6499
6688	6851
6966	7028
7039	7015
6978	6937
6893	6847
6813	6829
6925	7094
7275	7398
7448	7478
7551	7690
7879	8077
8256	8401
8507	8583
8642	8705
8795	8926
9105	9323
9574	9860
10183	10521
10806	10975
11022	11017
11038	11106
11200	11275
11314	11325
11329	11334
11335	11343
11386	11488
11636	11795
11940	12060
12177	12298
12430	12571
12717	12856
12990	13110
13223	13328
13447	13573
13702	13797
13842	13837
13824	13843
13908	13986
14040	14043
14000	13922
13821	13703
13591	13509
13462	13429
13377	13296
13179	13040
12884	12721
12550	12386
12229	12083
11942	11805
11645	11455
11236	11005
10772	10532
10279	10009
9731	9459
9203	8971
8773	8607
8479	8391
8340	8329
8361	8424
8510	8603
8684	8738
8759	8756
8744	8749
8782	8851
8946	9046
9135	9199
9235	9252
9262	9276
9292	9311
9332	9351
9374	9398
9425	9450
9475	9497
9520	9545
9563	9575
9569	9549
9520	9484
9443	9402
9356	9311
9269	9227
9183	9134
9083	9133
9321	10282
10947	9029
8412	7225
6547	6269
6314	6584
7005	7500
7982	8368
8598	8641
8488	8172
7750	7303
6877	6494
6159	5873
5638	5445
5263	5064
4820	4532
4213	3893
3613	3395
3242	3137
3060	2994
2936	2885
2852	2840
2849	2881
2929	2986
3036	3060
3034	2951
2841	2741
2680	2654
2649	2648
2651	2659
2679	2704
2728	2744
2763	2790
2843	2936
3050	3178
3313	3462
3613	3731
3772	3729
3635	3549
3508	3522
3568	3639
3747	3899
4074	4222
4316	4360
4380	4389
4381	4347
4273	4164
4038	3917
3823	3764
3744	3753
3768	3767
3740	3688
3618	3544
3480	3442
3438	3471
3530	3601
3664	3711
3733	3746
3774	3851
3979	4140
4295	4416
4480	4493
4461	4402
4324	4246
4169	4107
4058	4030
4024	4040
4100	4229
4492	4973
5765	6892
8265	9700
11014	12089
12877	13363
13575	13573
13440	13257
13082	12935
12825	12711
12490	11995
11102	9841
8502	7495
7158	7556
8491	9602
10554	11133
11304	11144
10746	10161
9405	8525
7661	6995
6674	6755
7195	7916
8824	9820
10780	11596
12215	12655
12939	13047
12909	12439
11611	10494
9242	8036
7034	6360
6088	6235
6725	7422
8162	8830
9368	9784
10124	10456
10818	11217
11614	11952
12198	12329
12358	12312
12247	12220
12267	12384
12547	12727
12903	13053
13165	13230
13242	13206
13140	13076
13041	13048
13056	12989
12744	12229
11398	10242
8838	7380
6162	5487
5476	6052
7027	8173
9252	10068
10528	10688
10676	10601
10511	10404
10267	10112
9961	9849
9810	9859
9984	10145
10305	10409
10381	10116
9549	8739
7886	7257
7044	7300
7953	8848
9799	10610
11149	11372
11326	11100
10775	10376
9872	9220
8436	7618
6911	6429
6206	6194
6314	6481
6651	6797
6904	6961
6972	6963
6954	6941
6905	6839
6764	6738
6806	6962
7143	7272
7331	7361
7421	7544
7713	7895
8064	8210
8337	8443
8538	8626
8720	8841
9004	9220
9486	9796
10136	10468
10733	10875
10916	10921
10966	11062
11181	11292
11383	11462
11537	11595
11621	11616
11619	11668
11772	11902
12029	12144
12255	12372
12498	12631
12768	12899
13024	13139
13242	13343
13453	13572
13693	13783
13820	13806
13782	13792
13850	13919
13964	13958
13903	13823
13720	13595
13470	13369
13300	13250
13186	13089
12965	12817
12650	12478
12305	12132
11972	11818
11676	11529
11362	11159
10929	10689
10452	10216
9972	9717
9461	9216
8989	8790
8626	8494
8396	8329
8289	8276
8300	8363
8462	8577
8680	8750
8779	8781
8767	8771
8804	8875
8974	9082
9178	9245
9285	9302
9315	9327
9343	9360
9380	9398
9419	9444
9471	9495
9518	9537
9553	9567
9575	9574
9560	9534
9500	9459
9414	9364
9315	9262
9215	9169
9123	9078
9039	9111
9328	10329
11002	9002
8358	7130
6456	6229
6370	6741
7243	7772
8234	8558
8710	8667
8435	8051
7583	7116
6699	6342
6035	5766
5529	5316
5106	4878
4615	4321
4010	3710
3456	3261
3126	3037
2969	2907
2847	2795
2759	2744
2751	2776
2816	2864
2908	2929
2912	2849
2767	2702
2673	2670
2671	2660
2646	2641
2663	2699
2740	2769
2785	2797
2834	2910
3020	3147
3287	3437
3586	3699
3738	3695
3603	3519
3484	3501
3551	3627
3732	3885
4062	4222
4327	4373
4375	4349
4302	4241
4169	4089
4007	3924
3851	3796
3769	3776
3796	3801
3777	3711
3614	3498
3392	3320
3308	3358
3451	3559
3652	3714
3752	3789
3857	3971
4127	4286
4416	4486
4490	4446
4375	4286
4195	4104
4014	3941
3902	3906
3938	3986
4055	4188
4463	4982
5830	7026
8460	9930
11235	12259
12957	13351
13497	13484
13403	13318
13250	13183
13105	12982
12743	12261
11418	10202
8801	7556
6815	6770
7381	8410
9522	10435
11014	11258
11206	10875
10265	9420
8452	7533
6831	6451
6428	6752
7396	8295
9327	10341
11237	11974
12544	12914
13024	12817
12282	11466
10469	9409
8417	7619
7102	6901
6974	7213
7507	7788
8040	8286
8562	8915
9376	9963
10624	11276
11830	12235
12481	12589
12616	12633
12688	12792
12936	13102
13269	13424
13540	13598
13587	13507
13380	13252
13168	13146
13144	13069
12820	12313
11507	10412
9087	7696
6486	5710
5506	5852
6625	7647
8704	9583
10181	10514
10678	10755
10779	10752
10698	10634
10575	10523
10484	10472
10483	10495
10469	10361
10108	9636
8929	8085
7330	6910
6956	7438
8229	9172
10110	10878
11352	11507
11417	11209
10981	10722
10347	9761
8969	8072
7249	6648
6320	6228
6283	6400
6528	6646
6733	6775
6785	6794
6827	6859
6855	6791
6702	6654
6711	6858
7041	7184
7260	7300
7356	7452
7585	7731
7873	8009
8147	8279
8404	8515
8617	8736
8892	9104
9377	9696
10027	10326
10551	10672
10717	10754
10829	10951
11096	11246
11402	11570
11735	11866
11923	11907
11865	11857
11911	12006
12120	12233
12343	12457
12574	12700
12826	12949
13061	13168
13264	13361
13464	13576
13683	13763
13786	13761
13724	13723
13769	13835
13870	13858
13799	13715
13608	13480
13342	13219
13131	13055
12973	12864
12729	12567
12395	12213
12031	11854
11688	11537
11391	11240
11065	10851
10608	10356
10116	9887
9659	9434
9213	9002
8812	8651
8520	8425
8356	8314
8281	8263
8270	8323
8422	8546
8660	8743
8780	8787
8784	8793
8836	8914
9015	9125
9220	9284
9323	9339
9350	9361
9376	9391
9408	9424
9448	9471
9495	9518
9539	9552
9561	9565
9558	9546
9523	9491
9451	9407
9358	9308
9256	9202
9153	9105
9060	9019
8994	9088
9330	10359
11033	8977
8322	7074
6417	6243
6461	6910
7460	7994
8419	8677
8751	8637
8347	7918
7422	6940
6526	6182
5884	5620
5380	5152
4927	4683
4417	4123
3823	3542
3308	3134
3021	2949
2895	2839
2781	2729
2693	2677
2682	2699
2725	2757
2788	2808
2802	2766
2718	2689
2693	2714
2730	2721
2704	2699
2720	2761
2803	2831
2838	2838
2856	2916
3016	3139
3274	3420
3560	3664
3699	3659
3574	3501
3475	3499
3557	3637
3745	3891
4062	4219
4324	4369
4357	4299
4217	4135
4063	4005
3958	3906
3850	3794
3763	3762
3781	3785
3755	3677
3567	3437
3314	3230
3219	3287
3412	3558
3678	3764
3820	3885
3983	4122
4278	4416
4502	4516
4463	4365
4254	4144
4045	3949
3863	3798
3781	3812
3875	3929
3987	4100
4364	4893
5780	7034
8540	10073
11416	12427
13070	13391
13486	13466
13426	13406
13398	13377
13322	13205
12982	12546
11775	10617
9170	7705
6575	6082
6344	7239
8455	9650
10585	11190
11456	11402
11028	10358
9465	8478
7535	6765
6260	6085
6287	6882
7786	8858
9948	10963
11823	12470
12846	12925
12716	12262
11615	10846
10041	9295
8688	8249
7948	7723
7514	7315
7159	7096
7159	7387
7805	8432
9211	10038
10791	11390
11806	12060
12203	12305
12419	12574
12761	12973
13200	13414
13592	13699
13711	13634
13488	13332
13222	13184
13177	13115
12892	12442
11730	10760
9573	8296
7119	6251
5823	5871
6343	7127
8051	8924
9621	10120
10455	10673
10799	10847
10853	10857
10862	10850
10807	10745
10665	10550
10353	10034
9567	8943
8192	7436
6877	6721
7030	7712
8609	9573
10469	11158
11541	11618
11488	11312
11186	11069
10826	10327
9555	8615
7695	6963
6501	6288
6246	6288
6366	6447
6509	6539
6554	6589
6661	6738
6773	6734
6658	6619
6678	6824
6997	7138
7222	7273
7323	7397
7491	7593
7704	7821
7956	8104
8250	8383
8501	8624
8782	8995
9263	9566
9863	10117
10292	10395
10457	10533
10644	10789
10951	11135
11353	11614
11875	12076
12166	12149
12070	12012
12018	12090
12197	12313
12429	12540
12652	12767
12884	12992
13092	13183
13275	13372
13473	13580
13674	13733
13739	13698
13649	13634
13668	13721
13749	13731
13670	13587
13479	13346
13197	13060
12948	12852
12750	12626
12476	12303
12117	11925
11735	11554
11388	11234
11092	10941
10764	10540
10285	10025
9782	9558
9356	9164
8984	8819
8668	8537
8436	8371
8334	8320
8302	8281
8277	8315
8405	8529
8644	8725
8766	8779
8787	8812
8868	8953
9052	9155
9239	9298
9333	9351
9362	9373
9384	9400
9411	9428
9447	9469
9490	9512
9527	9537
9537	9525
9505	9479
9448	9412
9372	9329
9280	9227
9176	9125
9075	9032
8990	8956
8941	9053
9309	10351
11022	8950
8303	7070
6450	6330
6603	7096
7657	8166
8531	8718
8722	8552
8223	7772
7266	6776
6358	6004
5700	5428
5181	4949
4722	4481
4219	3938
3655	3391
3174	3021
2930	2882
2848	2807
2751	2699
2662	2648
2652	2664
2671	2681
2694	2710
2716	2705
2685	2684
2713	2760
2794	2803
2797	2801
2827	2861
2890	2903
2899	2884
2888	2930
3015	3131
3260	3396
3523	3613
3642	3606
3535	3477
3462	3497
3566	3655
3770	3911
4070	4212
4308	4343
4314	4237
4133	4035
3960	3910
3875	3839
3787	3734
3698	3694
3705	3696
3654	3575
3473	3362
3252	3181
3178	3261
3414	3594
3749	3857
3929	4002
4103	4232
4363	4464
4503	4470
4372	4244
4106	3989
3892	3815
3755	3721
3728	3774
3829	3865
3892	3981
4229	4749
5640	6920
8473	10076
11481	12533
13181	13489
13570	13561
13538	13529
13518	13497
13452	13369
13195	12829
12140	11040
9564	7920
6472	5603
5550	6288
7530	8887
10056	10905
11412	11602
11491	11089
10425	9556
8582	7609
6753	6114
5812	5933
6491	7391
8488	9632
10696	11584
12232	12621
12765	12691
12435	12029
11519	10963
10418	9903
9399	8870
8305	7726
7199	6791
6549	6509
6711	7179
7871	8667
9433	10077
10558	10887
11118	11306
11508	11749
12034	12361
12718	13075
13389	13609
13704	13669
13544	13389
13273	13228
13219	13170
12991	12629
12047	11235
10221	9092
7983	7045
6407	6141
6263	6722
7405	8169
8883	9479
9942	10279
10501	10629
10703	10760
10804	10802
10739	10629
10478	10254
9917	9433
8826	8150
7484	6941
6670	6800
7339	8163
9111	10043
10846	11411
11678	11669
11522	11397
11375	11382
11261	10863
10149	9217
8236	7381
6757	6391
6227	6190
6217	6269
6318	6347
6374	6431
6530	6639
6701	6697
6657	6653
6725	6859
7007	7125
7200	7250
7302	7360
7428	7497
7578	7679
7803	7948
8101	8248
8385	8522
8687	8895
9146	9412
9660	9852
9983	10079
10175	10296
10439	10593
10759	10959
11227	11561
11904	12171
12300	12289
12199	12114
12092	12149
12258	12386
12509	12621
12729	12833
12935	13029
13109	13186
13269	13369
13477	13581
13659	13695
13679	13621
13557	13524
13541	13576
13595	13573
13515	13431
13321	13186
13034	12888
12761	12646
12526	12383
12214	12024
11820	11618
11421	11235
11068	10920
10781	10635
10457	10233
9972	9702
9454	9239
9059	8907
8776	8655
8542	8440
8359	8316
8310	8325
8334	8327
8321	8351
8427	8533
8635	8704
8741	8758
8781	8824
8892	8977
9069	9152
9223	9273
9308	9332
9349	9361
9370	9380
9390	9403
9417	9436
9455	9470
9480	9484
9475	9451
9418	9380
9341	9302
9262	9222
9177	9130
9083	9036
8993	8955
8920	8893
8886	9006
9272	10316
10989	8935
8307	7115
6545	6479
6791	7292
7826	8279
8573	8687
8627	8414
8065	7613
7109	6624
6192	5822
5497	5206
4948	4719
4500	4278
4035	3776
3510	3263
3064	2932
2863	2843
2829	2801
2754	2698
2661	2651
2657	2661
2654	2639
2630	2640
2654	2660
2662	2677
2720	2783
2841	2874
2889	2910
2940	2964
2972	2961
2941	2917
2909	2935
3003	3109
3230	3356
3469	3546
3572	3545
3489	3446
3442	3485
3565	3667
3788	3926
4067	4185
4257	4271
4232	4149
4045	3944
3863	3802
3758	3713
3663	3615
3583	3574
3570	3545
3491	3420
3347	3279
3209	3161
3172	3265
3439	3647
3834	3962
4038	4097
4170	4258
4346	4403
4406	4345
4231	4091
3956	3845
3771	3728
3709	3712
3734	3768
3787	3774
3764	3831
4069	4584
5465	6744
8321	9969
11444	12562
13268	13615
13732	13746
13721	13681
13623	13564
13521	13479
13371	13084
12474	11429
9937	8179
6510	5374
5077	5645
6816	8181
9406	10341
10978	11365
11526	11448
11113	10525
9727	8791
7796	6849
6093	5685
5731	6228
7076	8121
9215	10248
11134	11831
12325	12629
12760	12735
12565	12280
11909	11470
10965	10377
9709	8985
8260	7596
7052	6678
6539	6674
7062	7600
8166	8661
9049	9338
9572	9801
10070	10398
10796	11269
11803	12366
12884	13283
13518	13583
13520	13408
13318	13284
13278	13246
13119	12855
12417	11779
10951	9988
8974	8013
7215	6673
6445	6533
6893	7433
8044	8633
9137	9542
9847	10062
10211	10318
10375	10365
10277	10124
9915	9620
9194	8630
7991	7396
6943	6709
6779	7192
7909	8797
9709	10534
11187	11592
11725	11654
11520	11468
11540	11644
11616	11312
10690	9810
8813	7850
7064	6527
6228	6114
6112	6163
6220	6264
6306	6374
6479	6589
6661	6687
6693	6729
6819	6940
7054	7137
7196	7244
7295	7350
7405	7458
7521	7604
7717	7853
8002	8154
8301	8452
8619	8812
9027	9243
9427	9564
9671	9773
9906	10069
10239	10389
10536	10734
11029	11418
11822	12147
12319	12344
12270	12188
12160	12211
12325	12463
12588	12697
12797	12895
12987	13062
13123	13182
13259	13361
13475	13576
13642	13654
13612	13536
13454	13405
13395	13408
13415	13391
13333	13246
13131	12995
12845	12700
12567	12441
12302	12142
11952	11745
11526	11308
11102	10912
10746	10600
10469	10328
10160	9939
9676	9403
9153	8946
8791	8678
8596	8517
8436	8351
8285	8256
8277	8321
8362	8381
8386	8412
8472	8554
8632	8686
8717	8742
8774	8829
8902	8983
9059	9124
9177	9225
9266	9299
9321	9335
9341	9348
9352	9360
9368	9382
9396	9407
9411	9407
9388	9352
9305	9256
9213	9174
9142	9106
9068	9028
8985	8946
8909	8878
8849	8828
8830	8959
9231	10277
10958	8924
8325	7182
6673	6661
6999	7487
7975	8352
8563	8601
8487	8243
7886	7440
6955	6477
6043	5653
5301	4990
4721	4490
4284	4080
3866	3634
3397	3172
2993	2877
2829	2824
2830	2812
2766	2710
2673	2666
2676	2678
2656	2620
2598	2597
2618	2636
2649	2670
2716	2792
2865	2919
2957	2994
3028	3039
3025	2997
2966	2935
2914	2927
2979	3076
3194	3317
3424	3499
3526	3507
3462	3427
3426	3470
3548	3654
3776	3905
4026	4112
4151	4145
4098	4028
3942	3853
3769	3693
3625	3567
3513	3474
3450	3434
3410	3364
3304	3255
3225	3206
3183	3163
3184	3279
3458	3683
3892	4033
4102	4131
4151	4183
4220	4238
4223	4160
4059	3941
3828	3744
3696	3687
3703	3732
3762	3770
3734	3663
3609	3661
3905	4431
5321	6604
8186	9860
11374	12548
13315	13726
13896	13936
13905	13821
13709	13614
13574	13570
13518	13291
12742	11741
10257	8445
6662	5356
4875	5266
6271	7494
8609	9488
10161	10702
11127	11402
11459	11250
10774	10057
9134	8078
7021	6153
5647	5599
5983	6699
7622	8642
9663	10595
11390	12029
12516	12853
13034	13054
12927	12675
12322	11871
11319	10669
9945	9188
8455	7810
7331	7081
7053	7184
7375	7556
7700	7811
7931	8109
8364	8718
9185	9774
10478	11252
11998	12616
13035	13254
13318	13309
13292	13299
13316	13308
13238	13072
12771	12306
11667	10882
9994	9063
8172	7423
6892	6623
6623	6854
7248	7707
8161	8570
8919	9197
9407	9546
9609	9586
9473	9292
9050	8728
8291	7757
7222	6826
6671	6796
7197	7850
8674	9538
10332	10979
11430	11663
11687	11596
11519	11553
11702	11859
11883	11657
11138	10349
9369	8329
7388	6673
6240	6058
6042	6113
6202	6278
6339	6412
6503	6594
6660	6700
6738	6806
6906	7014
7103	7168
7217	7272
7327	7386
7439	7491
7550	7627
7729	7852
7989	8134
8278	8424
8574	8735
8903	9060
9188	9288
9383	9507
9675	9872
10048	10183
10302	10483
10787	11210
11666	12048
12281	12361
12339	12286
12270	12323
12435	12563
12683	12778
12869	12957
13044	13108
13155	13198
13263	13359
13473	13572
13622	13612
13547	13451
13352	13281
13247	13238
13226	13195
13130	13035
12915	12775
12629	12490
12360	12232
12084	11909
11706	11479
11246	11015
10801	10604
10438	10293
10169	10036
9872	9660
9404	9135
8888	8693
8561	8485
8441	8401
8348	8280
8225	8209
8244	8316
8388	8432
8453	8474
8515	8570
8626	8673
8706	8740
8782	8836
8901	8967
9027	9082
9130	9178
9226	9265
9290	9304
9308	9308
9306	9307
9310	9317
9325	9330
9331	9321
9294	9251
9194	9139
9095	9058
9028	9001
8968	8932
8897	8863
8833	8808
8785	8772
8781	8917
9199	10257
10954	8922
8351	7255
6808	6853
7217	7687
8108	8397
8521	8486
8322	8051
7688	7256
6794	6336
5906	5510
5142	4813
4527	4288
4082	3893
3705	3510
3312	3125
2973	2871
2828	2826
2838	2822
2776	2718
2682	2676
2688	2688
2659	2612
2576	2572
2594	2623
2640	2667
2714	2789
2871	2938
2988	3035
3071	3077
3052	3012
2975	2939
2914	2915
2962	3052
3170	3299
3415	3494
3530	3518
3480	3444
3435	3462
3527	3618
3728	3838
3927	3982
3991	3967
3923	3871
3813	3745
3668	3584
3503	3432
3383	3355
3334	3312
3269	3209
3149	3122
3132	3157
3169	3167
3192	3282
3451	3671
3875	4015
4071	4065
4039	4022
4018	4013
3995	3950
3886	3810
3738	3688
3668	3674
3700	3735
3757	3739
3663	3548
3463	3512
3779	4348
5274	6580
8167	9834
11345	12530
13320	13768
13968	14029
14000	13908
13788	13702
13684	13701
13667	13457
12927	11956
10500	8690
6856	5450
4815	5015
5801	6784
7683	8417
9068	9728
10412	11033
11479	11665
11559	11157
10455	9482
8337	7196
6256	5671
5502	5733
6302	7117
8082	9090
10055	10927
11689	12340
12859	13202
13360	13355
13226	12997
12664	12210
11630	10942
10190	9447
8785	8256
7870	7592
7372	7170
6975	6802
6690	6682
6803	7069
7503	8120
8915	9825
10738	11533
12140	12544
12798	12962
13090	13193
13264	13296
13279	13201
13035	12735
12283	11684
10942	10089
9178	8306
7556	7000
6667	6573
6680	6924
7240	7576
7899	8178
8398	8544
8600	8568
8451	8271
8036	7747
7389	6999
6682	6573
6748	7199
7874	8686
9527	10283
10882	11297
11539	11621
11591	11537
11548	11666
11862	12034
12077	11916
11503	10824
9896	8812
7735	6856
6282	6021
5983	6074
6206	6324
6414	6492
6563	6627
6675	6717
6769	6847
6946	7048
7138	7207
7271	7336
7404	7468
7526	7582
7648	7727
7825	7938
8061	8189
8312	8433
8545	8658
8765	8863
8952	9038
9143	9294
9486	9690
9857	9966
10057	10221
10532	10980
11484	11926
12229	12384
12435	12435
12447	12503
12602	12707
12796	12866
12941	13026
13112	13179
13216	13247
13297	13380
13486	13571
13606	13575
13492	13377
13260	13166
13108	13073
13043	12995
12920	12813
12683	12539
12397	12263
12143	12015
11865	11682
11465	11227
10981	10740
10517	10318
10150	10007
9880	9755
9597	9396
9153	8900
8668	8491
8381	8333
8318	8307
8275	8227
8183	8177
8225	8315
8407	8474
8504	8519
8536	8567
8609	8658
8708	8757
8803	8848
8892	8938
8988	9042
9095	9152
9204	9242
9266	9277
9276	9270
9263	9257
9254	9253
9254	9253
9249	9235
9203	9156
9097	9043
8998	8967
8939	8914
8886	8856
8826	8796
8772	8747
8732	8719
8735	8878
9172	10243
10954	8910
8365	7314
6934	7041
7438	7886
8237	8429
8457	8350
8142	7847
7483	7060
6617	6184
5775	5390
5022	4677
4371	4108
3888	3699
3534	3382
3237	3105
2993	2905
2858	2847
2846	2829
2778	2717
2681	2678
2694	2691
2659	2605
2562	2557
2582	2615
2641	2668
2712	2785
2864	2933
2986	3037
3072	3077
3051	3011
2975	2942
2916	2913
2955	3047
3175	3321
3451	3545
3591	3587
3549	3504
3475	3475
3511	3575
3650	3724
3782	3806
3799	3770
3735	3699
3659	3610
3549	3478
3406	3347
3307	3283
3265	3236
3184	3116
3063	3051
3079	3128
3160	3174
3197	3274
3416	3603
3780	3895
3928	3903
3856	3812
3789	3776
3768	3753
3731	3704
3680	3660
3653	3656
3666	3683
3685	3654
3571	3451
3376	3452
3774	4404
5390	6726
8312	9947
11406	12539
13297	13726
13919	13979
13970	13927
13881	13869
13896	13911
13842	13582
13025	12067
10655	8880
7042	5565
4792	4791
5328	6043
6689	7247
7848	8605
9511	10436
11215	11743
11973	11898
11494	10762
9749	8589
7446	6480
5811	5517
5601	6019
6700	7551
8479	9412
10326	11207
12015	12683
13154	13427
13541	13536
13419	13185
12811	12306
11706	11070
10449	9862
9308	8773
8245	7715
7189	6694
6270	5964
5817	5869
6152	6685
7445	8344
9269	10114
10820	11390
11856	12253
12593	12862
13043	13150
13194	13197
13139	12995
12728	12320
11747	11007
10140	9232
8375	7637
7066	6692
6516	6508
6624	6809
7020	7217
7375	7478
7513	7481
7388	7251
7080	6889
6692	6539
6521	6730
7204	7902
8727	9577
10334	10902
11257	11437
11492	11480
11454	11477
11585	11777
11995	12162
12218	12120
11828	11277
10432	9336
8158	7122
6396	6019
5923	6003
6158	6319
6452	6547
6611	6656
6690	6725
6775	6847
6939	7038
7141	7241
7334	7420
7500	7568
7635	7701
7777	7866
7962	8066
8174	8276
8367	8446
8511	8565
8615	8668
8734	8829
8959	9130
9328	9515
9656	9735
9806	9965
10287	10764
11308	11804
12173	12403
12530	12600
12660	12732
12814	12882
12928	12965
13019	13100
13195	13266
13305	13324
13355	13419
13503	13571
13591	13545
13447	13314
13180	13066
12982	12921
12867	12801
12711	12587
12442	12290
12147	12021
11904	11779
11628	11438
11217	10971
10719	10472
10243	10039
9865	9722
9599	9475
9327	9140
8915	8684
8477	8326
8239	8211
8218	8228
8217	8188
8160	8165
8223	8319
8421	8498
8534	8538
8534	8547
8585	8646
8719	8785
8830	8860
8879	8906
8948	9010
9077	9144
9196	9232
9247	9252
9246	9234
9221	9207
9197	9189
9185	9176
9166	9147
9115	9071
9014	8963
8924	8890
8867	8843
8819	8795
8767	8741
8718	8696
8678	8669
8682	8829
9123	10213
10942	8883
8364	7359
7049	7228
7659	8088
8365	8458
8391	8214
7965	7651
7278	6861
6433	6020
5636	5267
4906	4553
4226	3936
3697	3507
3362	3254
3171	3099
3028	2956
2900	2870
2855	2826
2774	2713
2676	2674
2687	2686
2650	2593
2548	2543
2572	2611
2643	2671
2715	2779
2849	2911
2962	3007
3044	3052
3033	3002
2971	2945
2919	2918
2957	3053
3192	3355
3507	3619
3678	3679
3636	3575
3520	3490
3490	3515
3551	3584
3608	3614
3605	3586
3559	3529
3500	3466
3425	3385
3345	3311
3286	3265
3244	3209
3154	3091
3043	3031
3063	3112
3151	3170
3194	3254
3361	3496
3618	3692
3705	3679
3639	3604
3583	3573
3576	3588
3602	3621
3634	3640
3633	3615
3589	3567
3549	3522
3467	3394
3380	3531
3941	4656
5707	7067
8627	10192
11559	12593
13266	13632
13787	13843
13871	13924
14013	14117
14196	14185
14030	13672
13058	12105
10750	9045
7231	5699
4787	4577
4865	5319
5727	6115
6650	7464
8536	9686
10713	11485
11967	12169
12084	11692
10996	10057
8969	7858
6861	6110
5670	5558
5751	6217
6887	7691
8589	9570
10582	11526
12298	12853
13207	13402
13478	13441
13289	13027
12688	12312
11913	11474
10964	10381
9731	9030
8291	7541
6814	6171
5688	5441
5494	5851
6448	7172
7916	8614
9264	9889
10514	11133
11716	12211
12581	12819
12955	13036
13078	13067
12971	12747
12352	11758
10994	10140
9279	8481
7787	7230
6829	6588
6479	6462
6488	6528
6565	6587
6591	6572
6528	6470
6408	6367
6382	6507
6804	7303
7992	8804
9638	10389
10958	11283
11389	11358
11287	11240
11262	11376
11576	11821
12053	12222
12312	12303
12144	11739
10996	9923
8684	7521
6636	6107
5891	5901
6039	6230
6407	6536
6612	6653
6684	6719
6765	6823
6901	7001
7123	7252
7377	7483
7572	7647
7724	7802
7889	7979
8075	8170
8257	8333
8393	8429
8449	8454
8459	8483
8546	8661
8820	9004
9186	9342
9443	9501
9565	9732
10075	10577
11150	11679
12089	12378
12578	12729
12858	12966
13042	13070
13067	13064
13098	13179
13281	13363
13405	13414
13424	13460
13517	13569
13575	13521
13409	13263
13112	12975
12866	12781
12702	12614
12503	12363
12201	12038
11889	11760
11643	11516
11361	11171
10946	10697
10444	10191
9960	9753
9579	9437
9313	9193
9054	8881
8683	8482
8308	8185
8123	8113
8137	8160
8170	8160
8150	8168
8229	8321
8422	8500
8539	8538
8521	8523
8563	8635
8727	8808
8856	8871
8871	8883
8922	8991
9071	9144
9195	9221
9230	9225
9214	9196
9177	9158
9140	9124
9111	9098
9082	9059
9027	8986
8936	8891
8855	8826
8804	8783
8758	8734
8709	8685
8664	8642
8624	8609
8616	8754
9043	10146
10899	8836
8347	7392
7155	7403
7871	8277
8484	8480
8325	8084
7798	7470
7093	6678
6255	5853
5482	5121
4759	4402
4060	3759
3512	3331
3213	3148
3117	3094
3056	2995
2929	2883
2853	2817
2764	2703
2665	2665
2678	2676
2640	2581
2537	2532
2562	2610
2647	2679
2718	2769
2828	2880
2925	2966
3001	3013
3004	2986
2967	2945
2924	2919
2956	3050
3197	3373
3542	3671
3743	3744
3694	3615
3536	3473
3435	3423
3423	3424
3424	3424
3427	3424
3413	3389
3363	3337
3322	3312
3312	3310
3301	3284
3255	3218
3165	3109
3063	3051
3071	3108
3144	3166
3190	3230
3299	3374
3438	3468
3470	3459
3449	3437
3428	3425
3434	3461
3506	3556
3598	3615
3600	3550
3481	3419
3381	3370
3369	3380
3470	3739
4269	5090
6206	7576
9087	10550
11789	12696
13262	13552
13669	13725
13813	13970
14189	14397
14505	14446
14185	13727
13061	12136
10871	9267
7502	5924
4872	4453
4502	4719
4917	5144
5593	6406
7554	8835
10002	10906
11530	11929
12129	12115
11845	11300
10486	9468
8366	7320
6440	5790
5420	5373
5626	6124
6828	7729
8779	9874
10868	11665
12237	12620
12864	13013
13085	13088
13050	12991
12888	12693
12368	11902
11318	10637
9865	9017
8111	7215
6442	5920
5734	5871
6225	6655
7068	7450
7855	8358
8983	9705
10471	11200
11808	12246
12527	12713
12852	12957
13007	12950
12730	12313
11711	10987
10217	9460
8748	8109
7572	7152
6845	6619
6443	6305
6197	6129
6100	6102
6127	6168
6232	6348
6567	6938
7481	8174
8950	9725
10421	10954
11263	11327
11215	11042
10914	10886
10979	11185
11469	11768
12037	12249
12405	12500
12469	12199
11570	10565
9314	8062
7030	6319
5928	5809
5885	6075
6287	6455
6552	6607
6650	6697
6745	6795
6858	6951
7081	7231
7374	7490
7582	7663
7752	7847
7940	8026
8113	8191
8262	8315
8347	8357
8346	8325
8309	8323
8392	8527
8707	8893
9059	9184
9259	9301
9366	9545
9898	10409
10984	11518
11943	12271
12535	12780
12994	13160
13241	13244
13200	13163
13178	13257
13368	13458
13500	13495
13480	13487
13520	13555
13554	13496
13376	13216
13046	12890
12760	12652
12549	12438
12309	12148
11971	11793
11632	11491
11361	11225
11064	10871
10645	10398
10144	9897
9666	9464
9290	9148
9028	8915
8786	8634
8462	8297
8160	8072
8033	8041
8072	8110
8134	8144
8151	8179
8236	8321
8412	8486
8526	8527
8513	8516
8555	8634
8729	8812
8861	8872
8869	8877
8916	8987
9069	9140
9187	9204
9207	9195
9178	9156
9130	9103
9077	9053
9032	9010
8990	8963
8932	8895
8855	8816
8788	8763
8740	8718
8695	8672
8650	8627
8606	8585
8562	8540
8536	8659
8933	10043
10827	8780
8324	7426
7260	7573
8067	8448
8587	8495
8258	7960
7646	7308
6933	6519
6096	5685
5303	4930
4556	4192
3857	3572
3352	3203
3118	3086
3087	3084
3055	2997
2928	2877
2845	2808
2753	2693
2658	2656
2670	2667
2628	2567
2523	2518
2555	2608
2653	2686
2723	2762
2804	2844
2881	2914
2947	2965
2970	2965
2958	2943
2923	2913
2939	3025
3172	3356
3534	3672
3747	3751
3692	3597
3494	3404
3341	3301
3280	3264
3257	3259
3273	3283
3285	3274
3261	3251
3256	3273
3299	3317
3323	3307
3278	3235
3182	3130
3091	3076
3088	3116
3143	3165
3181	3204
3233	3262
3278	3284
3286	3299
3318	3331
3331	3330
3342	3380
3441	3512
3569	3592
3565	3489
3383	3283
3231	3235
3285	3386
3596	4007
4683	5627
6816	8189
9626	10961
12049	12815
13283	13522
13632	13715
13858	14093
14379	14625
14719	14601
14266	13757
13101	12252
11112	9630
7931	6325
5143	4529
4360	4375
4393	4455
4772	5507
6631	7929
9123	10050
10702	11196
11612	11954
12138	12071
11674	10940
9957	8851
7734	6699
5856	5305
5081	5147
5481	6089
6957	7987
9037	9963
10696	11238
11646	11978
12271	12549
12813	13053
13228	13280
13175	12911
12518	12014
11396	10642
9757	8797
7898	7216
6857	6792
6895	7008
7037	7011
7041	7226
7626	8239
9019	9885
10712	11387
11873	12212
12475	12695
12862	12942
12887	12663
12270	11741
11132	10486
9834	9200
8615	8100
7658	7274
6937	6652
6435	6301
6254	6288
6380	6509
6675	6907
7259	7767
8421	9144
9848	10445
10881	11119
11139	10968
10705	10470
10364	10416
10613	10921
11298	11679
12024	12316
12558	12743
12809	12644
12127	11222
10020	8738
7587	6695
6106	5822
5793	5939
6152	6330
6443	6516
6585	6656
6720	6770
6819	6900
7025	7178
7316	7427
7517	7607
7713	7819
7912	7993
8057	8118
8165	8199
8216	8217
8203	8183
8170	8192
8272	8417
8606	8792
8945	9055
9125	9171
9244	9426
9768	10256
10799	11304
11717	12062
12389	12725
13043	13278
13391	13384
13311	13250
13251	13328
13443	13536
13572	13553
13512	13492
13502	13524
13519	13458
13333	13167
12981	12809
12655	12526
12405	12275
12125	11947
11756	11562
11382	11216
11065	10911
10740	10541
10319	10077
9832	9590
9367	9172
9004	8869
8755	8652
8539	8408
8266	8140
8045	7993
7978	7999
8036	8081
8118	8145
8166	8200
8252	8321
8395	8458
8500	8513
8514	8528
8567	8638
8724	8800
8846	8868
8873	8892
8931	8994
9065	9129
9167	9182
9177	9162
9138	9109
9077	9043
9009	8977
8946	8917
8889	8861
8832	8799
8768	8738
8714	8689
8671	8649
8627	8605
8582	8562
8540	8519
8494	8466
8448	8556
8813	9928
10750	8740
8317	7479
7375	7730
8235	8585
8660	8490
8184	7841
7506	7162
6791	6383
5952	5523
5104	4696
4301	3934
3623	3383
3221	3129
3085	3073
3074	3061
3022	2959
2894	2851
2825	2794
2741	2681
2645	2643
2657	2652
2614	2554
2509	2506
2547	2608
2659	2698
2727	2755
2779	2807
2832	2860
2889	2914
2932	2944
2949	2942
2924	2909
2923	2994
3133	3311
3493	3632
3705	3703
3635	3526
3406	3299
3220	3170
3141	3127
3121	3128
3139	3156
3172	3184
3197	3211
3234	3261
3289	3314
3327	3322
3296	3250
3193	3146
3118	3110
3118	3134
3150	3162
3168	3170
3172	3169
3166	3167
3182	3213
3250	3272
3275	3273
3287	3330
3403	3484
3554	3583
3552	3463
3338	3221
3156	3167
3251	3422
3734	4279
5100	6168
7427	8796
10145	11339
12270	12912
13309	13539
13683	13819
14001	14251
14525	14725
14768	14601
14254	13779
13211	12500
11520	10175
8552	6928
5634	4857
4517	4367
4227	4121
4252	4811
5804	7012
8135	8980
9566	10056
10607	11240
11853	12265
12332	11998
11315	10388
9311	8167
7073	6153
5479	5058
4896	5026
5479	6205
7086	7971
8752	9389
9924	10422
10934	11474
12017	12520
12925	13190
13299	13264
13123	12884
12534	12029
11348	10531
9704	9025
8599	8402
8310	8158
7869	7467
7076	6821
6806	7074
7645	8461
9391	10260
10976	11527
11962	12310
12583	12771
12859	12822
12650	12348
11938	11446
10909	10349
9797	9269
8776	8314
7892	7531
7264	7112
7079	7145
7286	7470
7687	7961
8333	8830
9416	9999
10477	10786
10896	10820
10580	10238
9909	9706
9704	9896
10241	10687
11180	11672
12120	12502
12813	13041
13146	13044
12630	11847
10754	9500
8273	7223
6445	5984
5831	5895
6054	6206
6315	6403
6501	6602
6689	6744
6788	6855
6964	7096
7218	7309
7392	7489
7610	7729
7817	7879
7921	7954
7985	8008
8026	8034
8039	8040
8054	8091
8185	8329
8509	8686
8837	8960
9050	9116
9202	9374
9681	10111
10590	11035
11417	11767
12146	12570
12990	13308
13463	13468
13389	13316
13310	13386
13499	13589
13613	13571
13506	13459
13452	13464
13458	13396
13267	13093
12898	12712
12545	12399
12260	12116
11949	11763
11555	11343
11138	10943
10759	10581
10398	10199
9982	9752
9516	9291
9082	8897
8741	8616
8514	8423
8327	8219
8113	8028
7975	7956
7964	7994
8034	8079
8120	8157
8190	8228
8266	8314
8365	8415
8461	8495
8523	8553
8597	8650
8712	8769
8818	8855
8886	8921
8961	9010
9059	9106
9137	9152
9146	9128
9098	9062
9019	8976
8931	8892
8852	8816
8783	8753
8725	8698
8674	8655
8635	8617
8599	8577
8557	8535
8511	8491
8470	8446
8419	8388
8362	8459
8705	9825
10695	8745
8354	7572
7512	7884
8376	8685
8696	8458
8090	7707
7352	7010
6647	6243
5802	5348
4891	4443
4026	3667
3394	3216
3125	3094
3092	3091
3072	3030
2963	2894
2837	2812
2800	2776
2727	2669
2631	2629
2643	2638
2598	2539
2493	2493
2540	2607
2667	2708
2734	2746
2756	2768
2786	2807
2832	2862
2893	2921
2939	2942
2929	2910
2915	2975
3100	3269
3440	3570
3631	3619
3540	3423
3294	3182
3098	3046
3025	3019
3022	3029
3037	3051
3077	3112
3155	3194
3225	3249
3269	3288
3305	3315
3299	3262
3213	3177
3160	3160
3163	3165
3162	3158
3148	3135
3114	3096
3088	3097
3132	3176
3216	3235
3236	3238
3257	3307
3387	3480
3560	3599
3576	3497
3377	3264
3196	3210
3308	3518
3910	4564
5499	6667
7971	9309
10570	11627
12419	12961
13320	13569
13770	13956
14156	14372
14567	14673
14635	14446
14143	13780
13369	12843
12040	10843
9300	7675
6309	5412
4947	4683
4412	4129
4033	4347
5121	6150
7123	7817
8266	8688
9298	10150
11109	11940
12433	12507
12205	11621
10824	9861
8793	7721
6725	5858
5176	4753
4656	4900
5409	6065
6739	7362
7951	8560
9239	9994
10767	11484
12089	12548
12872	13081
13202	13242
13182	12978
12594	12050
11440	10891
10499	10254
10047	9746
9264	8611
7881	7203
6699	6492
6665	7229
8072	9022
9915	10685
11316	11817
12195	12473
12671	12788
12814	12729
12522	12207
11816	11379
10922	10455
9989	9533
9108	8753
8503	8376
8368	8462
8613	8798
8997	9222
9509	9859
10236	10542
10700	10662
10448	10102
9692	9286
8998	8923
9095	9480
10009	10615
11242	11843
12371	12805
13126	13337
13424	13350
13029	12394
11438	10257
9000	7830
6894	6282
6000	5955
6025	6114
6197	6289
6411	6542
6649	6718
6765	6819
6902	7003
7095	7166
7237	7342
7473	7596
7681	7723
7742	7754
7769	7788
7812	7842
7877	7917
7962	8026
8122	8254
8411	8572
8729	8877
9005	9104
9207	9367
9628	9985
10382	10752
11084	11425
11838	12334
12841	13239
13450	13489
13426	13362
13359	13430
13533	13609
13612	13547
13458	13391
13366	13367
13355	13289
13159	12979
12779	12584
12408	12253
12105	11950
11774	11576
11359	11131
10898	10670
10451	10245
10046	9850
9643	9430
9213	9006
8815	8650
8513	8405
8317	8243
8166	8086
8012	7968
7952	7967
7996	8029
8063	8100
8141	8185
8226	8258
8284	8306
8330	8368
8418	8477
8536	8588
8631	8665
8698	8734
8783	8839
8902	8957
8999	9029
9056	9081
9107	9120
9117	9095
9060	9013
8962	8908
8855	8802
8754	8712
8674	8638
8614	8595
8582	8570
8558	8542
8526	8505
8485	8463
8441	8418
8396	8373
8346	8313
8290	8387
8632	9767
10697	8821
8459	7725
7685	8044
8493	8741
8690	8390
7972	7553
7176	6832
6473	6068
5621	5147
4668	4203
3785	3445
3211	3088
3054	3071
3093	3094
3054	2982
2898	2824
2781	2773
2775	2759
2712	2655
2617	2614
2626	2623
2585	2525
2480	2485
2534	2610
2676	2724
2741	2741
2732	2733
2740	2756
2777	2814
2858	2901
2931	2945
2938	2921
2918	2964
3073	3224
3376	3488
3532	3504
3417	3293
3163	3053
2975	2934
2923	2932
2946	2956
2963	2979
3007	3055
3108	3157
3194	3216
3230	3248
3266	3286
3292	3284
3263	3250
3249	3245
3229	3199
3172	3148
3129	3101
3068	3039
3030	3052
3097	3150
3190	3208
3213	3223
3251	3310
3397	3496
3583	3635
3638	3587
3502	3413
3364	3382
3490	3728
4178	4904
5915	7125
8427	9710
10873	11814
12501	12975
13312	13584
13824	14036
14222	14377
14467	14466
14356	14163
13930	13701
13475	13147
12541	11508
10072	8480
7082	6114
5574	5231
4854	4403
4068	4102
4607	5407
6180	6691
6975	7291
7905	8896
10102	11231
12034	12421
12456	12252
11873	11304
10522	9542
8433	7286
6209	5316
4695	4404
4433	4703
5109	5574
6095	6710
7457	8319
9222	10080
10841	11495
12054	12529
12913	13208
13400	13456
13354	13092
12735	12374
12077	11847
11614	11273
10744	10008
9111	8155
7272	6614
6327	6488
7061	7897
8834	9734
10524	11162
11650	12014
12302	12540
12719	12808
12780	12639
12411	12126
11803	11445
11063	10676
10317	10030
9838	9758
9776	9858
9971	10083
10185	10284
10401	10533
10627	10614
10429	10075
9608	9110
8660	8334
8212	8351
8754	9354
10065	10812
11535	12186
12728	13138
13406	13547
13588	13523
13292	12806
12006	10923
9666	8415
7360	6627
6232	6079
6050	6065
6110	6200
6332	6480
6604	6688
6739	6787
6848	6917
6977	7026
7095	7202
7339	7461
7539	7566
7566	7563
7570	7592
7629	7680
7746	7818
7896	7978
8073	8184
8312	8450
8605	8774
8941	9083
9213	9370
9597	9889
10203	10496
10767	11080
11500	12042
12611	13080
13355	13445
13422	13382
13387	13454
13544	13593
13568	13478
13366	13281
13244	13231
13207	13131
12993	12810
12607	12411
12232	12073
11918	11760
11580	11378
11156	10914
10660	10400
10147	9911
9703	9508
9319	9125
8935	8752
8587	8445
8333	8243
8178	8121
8064	8009
7968	7960
7985	8027
8067	8101
8125	8148
8183	8225
8265	8290
8298	8292
8290	8316
8374	8458
8547	8617
8658	8675
8683	8704
8755	8829
8914	8986
9028	9045
9050	9059
9079	9093
9090	9066
9022	8969
8909	8842
8776	8714
8658	8606
8561	8527
8504	8492
8490	8488
8482	8469
8454	8434
8414	8391
8371	8348
8325	8302
8276	8248
8230	8342
8598	9759
10769	8982
8641	7944
7897	8215
8592	8764
8642	8286
7824	7367
6971	6611
6249	5841
5391	4915
4444	3997
3605	3297
3098	3007
3000	3032
3060	3057
3008	2928
2837	2768
2739	2745
2755	2743
2697	2639
2602	2599
2611	2608
2569	2513
2471	2477
2531	2612
2686	2734
2747	2735
2712	2700
2700	2710
2730	2771
2826	2883
2922	2945
2944	2928
2918	2950
3035	3161
3284	3368
3387	3345
3244	3123
3002	2904
2840	2812
2815	2837
2866	2890
2909	2926
2954	2991
3037	3081
3115	3141
3161	3182
3207	3238
3273	3309
3348	3382
3397	3373
3315	3239
3174	3132
3106	3076
3036	2994
2979	3000
3053	3115
3164	3195
3216	3239
3283	3349
3434	3530
3618	3685
3716	3710
3675	3637
3620	3659
3782	4052
4550	5331
6368	7569
8819	10022
11090	11943
12563	12991
13304	13564
13795	13991
14140	14225
14232	14147
13983	13788
13615	13503
13431	13292
12887	12052
10775	9280
7909	6918
6326	5919
5448	4840
4278	4040
4270	4824
5385	5706
5820	6013
6586	7628
8959	10244
11210	11766
12015	12123
12170	12102
11785	11133
10164	8998
7777	6626
5644	4905
4448	4244
4247	4404
4715	5201
5873	6692
7577	8450
9285	10098
10896	11648
12313	12854
13256	13511
13618	13580
13438	13248
13065	12895
12697	12401
11938	11270
10402	9391
8342	7400
6724	6442
6597	7120
7887	8741
9565	10277
10855	11308
11685	12019
12314	12534
12653	12673
12609	12487
12309	12078
11810	11529
11275	11081
10963	10925
10937	10968
10978	10950
10882	10793
10696	10579
10402	10104
9655	9088
8502	8004
7675	7566
7712	8127
8779	9576
10423	11250
11995	12617
13091	13407
13579	13635
13628	13578
13437	13087
12432	11446
10216	8927
7791	6963
6470	6222
6104	6058
6072	6151
6279	6426
6555	6648
6711	6760
6809	6855
6892	6931
6995	7103
7239	7357
7428	7446
7440	7432
7437	7462
7509	7577
7660	7751
7844	7936
8025	8114
8208	8318
8459	8636
8833	9013
9178	9353
9570	9822
10074	10298
10508	10777
11180	11729
12333	12851
13191	13343
13377	13376
13404	13464
13528	13548
13492	13374
13243	13143
13090	13061
13014	12921
12772	12581
12377	12182
12007	11847
11697	11541
11366	11164
10937	10689
10415	10127
9843	9590
9372	9187
9014	8846
8681	8529
8394	8281
8195	8133
8089	8053
8018	7990
7981	8005
8061	8126
8176	8201
8208	8218
8242	8274
8309	8325
8312	8278
8257	8272
8339	8440
8547	8630
8673	8682
8681	8691
8740	8822
8919	8997
9040	9046
9041	9044
9058	9071
9067	9037
8991	8927
8855	8779
8703	8632
8565	8506
8455	8420
8398	8395
8402	8408
8410	8405
8389	8370
8349	8326
8303	8280
8255	8233
8212	8189
8184	8315
8594	9797
10914	9217
8891	8216
8138	8384
8669	8753
8560	8150
7645	7155
6731	6359
5984	5570
5119	4660
4224	3825
3487	3220
3049	2967
2955	2973
2991	2982
2937	2865
2788	2733
2712	2726
2740	2729
2683	2627
2590	2587
2599	2597
2558	2501
2463	2472
2531	2614
2693	2742
2751	2728
2692	2671
2666	2670
2688	2730
2797	2862
2914	2942
2946	2926
2906	2916
2973	3067
3155	3207
3203	3141
3039	2919
2809	2728
2682	2674
2691	2727
2773	2815
2851	2879
2902	2918
2936	2959
2986	3020
3056	3089
3119	3160
3227	3327
3442	3535
3565	3518
3408	3276
3172	3113
3088	3060
3018	2968
2942	2960
3020	3100
3172	3226
3268	3312
3364	3428
3501	3579
3658	3727
3783	3823
3846	3863
3895	3962
4113	4416
4956	5766
6805	7965
9147	10269
11262	12057
12630	13020
13287	13495
13665	13802
13893	13921
13871	13742
13555	13367
13233	13190
13229	13241
13037	12427
11377	10059
8786	7814
7180	6698
6123	5367
4602	4127
4107	4436
4794	4937
4891	4948
5423	6420
7745	9052
10046	10644
10989	11296
11698	12120
12350	12191
11598	10676
9579	8433
7319	6309
5452	4778
4305	4054
4048	4292
4762	5390
6097	6829
7604	8468
9431	10432
11363	12149
12753	13187
13468	13603
13625	13578
13501	13407
13278	13073
12739	12240
11547	10676
9682	8666
7755	7090
6773	6843
7238	7839
8521	9187
9788	10306
10760	11179
11564	11895
12143	12314
12417	12450
12409	12299
12136	11961
11805	11694
11633	11608
11584	11518
11383	11171
10898	10591
10274	9938
9549	9072
8499	7886
7346	6993
6895	7071
7515	8199
9056	9991
10913	11747
12450	12989
13357	13564
13641	13635
13607	13587
13520	13280
12740	11847
10664	9371
8188	7288
6710	6375
6191	6100
6091	6150
6255	6380
6498	6597
6676	6736
6784	6821
6851	6890
6960	7067
7196	7304
7367	7389
7388	7387
7398	7429
7478	7547
7627	7715
7803	7884
7961	8028
8092	8173
8295	8468
8678	8890
9094	9301
9528	9768
9986	10162
10320	10543
10911	11438
12040	12586
12979	13202
13304	13355
13403	13461
13499	13481
13388	13242
13095	12982
12911	12858
12783	12663
12498	12303
12100	11908
11739	11587
11444	11293
11122	10928
10703	10450
10167	9861
9557	9287
9070	8893
8742	8600
8467	8344
8240	8159
8103	8068
8049	8034
8024	8018
8034	8087
8168	8251
8302	8319
8310	8300
8306	8332
8356	8358
8325	8268
8228	8240
8315	8425
8538	8624
8672	8683
8685	8700
8748	8827
8917	8992
9030	9036
9033	9035
9048	9057
9045	9011
8957	8887
8811	8726
8641	8560
8486	8421
8364	8326
8307	8309
8325	8340
8348	8344
8330	8312
8291	8265
8243	8218
8194	8173
8152	8136
8145	8295
8598	9856
11104	9498
9178	8513
8388	8543
8722	8711
8450	7993
7453	6929
6477	6082
5698	5279
4837	4402
4016	3681
3402	3182
3033	2949
2919	2913
2913	2898
2860	2805
2748	2707
2697	2709
2724	2714
2670	2616
2580	2580
2593	2589
2549	2492
2453	2465
2526	2611
2693	2742
2748	2720
2680	2653
2641	2638
2648	2692
2761	2836
2898	2936
2942	2916
2882	2868
2897	2954
3009	3025
2995	2921
2817	2706
2616	2550
2523	2531
2565	2612
2669	2725
2776	2809
2824	2823
2815	2819
2838	2873
2918	2957
2990	3042
3144	3304
3495	3648
3698	3631
3477	3301
3167	3096
3072	3057
3019	2973
2946	2970
3045	3146
3244	3326
3389	3447
3499	3549
3593	3638
3684	3737
3802	3874
3948	4021
4094	4188
4358	4682
5241	6068
7100	8232
9366	10437
11386	12146
12677	13012
13210	13331
13411	13460
13482	13466
13399	13272
13106	12946
12852	12855
12960	13082
13050	12677
11893	10819
9714	8798
8134	7562
6867	5962
5020	4347
4130	4275
4474	4472
4283	4192
4514	5360
6560	7773
8701	9263
9615	10025
10665	11480
12213	12591
12496	11994
11224	10296
9272	8197
7117	6088
5197	4540
4188	4145
4356	4724
5157	5630
6195	6941
7899	8995
10096	11072
11869	12487
12952	13270
13463	13551
13577	13562
13511	13408
13229	12927
12467	11829
11029	10106
9139	8235
7534	7143
7084	7291
7668	8136
8635	9123
9593	10052
10502	10922
11297	11622
11885	12067
12146	12126
12034	11919
11813	11737
11687	11638
11546	11373
11095	10712
10257	9770
9287	8813
8336	7835
7319	6837
6482	6346
6479	6875
7506	8332
9278	10258
11188	12003
12658	13133
13427	13576
13614	13598
13586	13602
13589	13418
12958	12147
11034	9777
8582	7623
6962	6550
6309	6188
6156	6185
6252	6341
6441	6543
6640	6719
6778	6815
6848	6896
6978	7084
7199	7294
7359	7392
7414	7431
7456	7490
7533	7584
7643	7705
7765	7825
7875	7922
7965	8023
8130	8295
8516	8751
8984	9219
9465	9704
9908	10061
10193	10384
10708	11189
11759	12305
12738	13032
13211	13322
13395	13444
13452	13394
13264	13093
12926	12803
12719	12638
12531	12385
12202	11999
11798	11610
11447	11299
11164	11023
10862	10674
10453	10202
9912	9595
9281	9011
8799	8642
8511	8399
8293	8200
8124	8076
8048	8042
8047	8055
8065	8079
8117	8191
8291	8383
8435	8439
8411	8381
8372	8387
8404	8394
8343	8270
8219	8232
8311	8425
8532	8612
8662	8687
8706	8733
8778	8842
8912	8967
9002	9015
9021	9028
9037	9038
9020	8983
8924	8851
8767	8677
8589	8499
8420	8347
8290	8247
8232	8237
8260	8280
8293	8291
8281	8262
8240	8216
8190	8166
8141	8120
8103	8089
8109	8279
8599	9920
11309	9784
9462	8793
8607	8664
8735	8633
8313	7819
7251	6703
6228	5814
5415	4996
4565	4165
3822	3544
3317	3138
3007	2925
2883	2864
2851	2834
2801	2761
2718	2689
2682	2694
2705	2696
2657	2612
2584	2585
2599	2590
2547	2487
2448	2457
2515	2596
2674	2724
2733	2710
2673	2644
2625	2612
2609	2642
2709	2790
2865	2915
2930	2905
2859	2824
2824	2847
2864	2855
2807	2728
2633	2539
2459	2410
2394	2413
2453	2509
2568	2626
2677	2708
2716	2707
2689	2681
2692	2721
2760	2795
2831	2894
3020	3222
3461	3653
3723	3657
3489	3298
3154	3082
3069	3069
3052	3026
3019	3063
3156	3274
3388	3487
3563	3626
3668	3689
3691	3682
3679	3697
3749	3831
3935	4044
4140	4244
4406	4719
5267	6088
7119	8249
9385	10459
11403	12140
12626	12889
12994	13012
12994	12957
12917	12875
12820	12741
12645	12562
12535	12591
12741	12929
13024	12857
12339	11537
10637	9818
9140	8486
7671	6630
5535	4702
4336	4356
4452	4361
4068	3830
3955	4569
5539	6568
7374	7867
8191	8620
9358	10397
11487	12316
12704	12667
12310	11729
10965	10036
8963	7805
6677	5739
5110	4821
4804	4933
5102	5284
5541	5994
6714	7659
8706	9723
10628	11419
12096	12649
13051	13308
13450	13516
13545	13553
13517	13400
13151	12743
12165	11425
10549	9604
8712	8010
7570	7372
7369	7513
7761	8068
8416	8811
9252	9721
10201	10675
11100	11421
11594	11623
11546	11420
11284	11172
11074	10966
10799	10544
10173	9701
9158	8597
8072	7606
7207	6865
6580	6357
6249	6304
6547	6969
7557	8289
9132	10028
10911	11711
12377	12872
13204	13394
13489	13532
13578	13636
13654	13514
13099	12362
11342	10152
8977	7980
7243	6755
6461	6305
6242	6232
6251	6298
6378	6486
6604	6701
6774	6819
6860	6922
7008	7111
7213	7302
7372	7430
7483	7532
7574	7611
7638	7660
7683	7701
7724	7750
7779	7806
7839	7889
7990	8157
8383	8634
8881	9128
9377	9616
9817	9971
10099	10277
10563	10981
11485	12007
12469	12835
13100	13277
13378	13416
13384	13277
13109	12914
12739	12604
12501	12396
12267	12097
11903	11698
11493	11305
11137	10994
10865	10733
10584	10403
10192	9939
9650	9330
9020	8756
8564	8429
8329	8243
8168	8102
8056	8029
8026	8044
8071	8102
8129	8162
8215	8301
8408	8506
8551	8543
8496	8450
8429	8439
8450	8434
8376	8294
8243	8259
8343	8453
8549	8616
8669	8709
8750	8791
8831	8871
8908	8936
8960	8979
8995	9005
9010	9003
8978	8939
8881	8812
8729	8641
8548	8459
8375	8300
8239	8194
8176	8184
8207	8229
8244	8243
8236	8220
8199	8174
8147	8123
8101	8078
8063	8055
8076	8258
8590	9965
11484	10036
9703	9016
8761	8719
8690	8511
8145	7632
7058	6497
6003	5569
5157	4738
4320	3944
3638	3397
3205	3056
2946	2877
2842	2825
2814	2799
2773	2738
2702	2673
2663	2668
2676	2669
2642	2613
2601	2608
2618	2601
2549	2485
2444	2448
2498	2569
2636	2682
2700	2693
2671	2648
2623	2590
2570	2581
2636	2720
2809	2882
2913	2892
2839	2790
2765	2757
2742	2705
2652	2588
2515	2443
2376	2330
2310	2327
2368	2423
2475	2523
2563	2585
2590	2582
2566	2556
2563	2581
2607	2633
2668	2733
2866	3074
3317	3518
3603	3552
3411	3247
3128	3079
3090	3117
3134	3142
3169	3237
3341	3457
3567	3661
3736	3791
3817	3805
3754	3685
3619	3585
3600	3667
3774	3889
3989	4077
4208	4477
4990	5784
6813	7967
9147	10265
11234	11959
12393	12572
12577	12499
12397	12300
12225	12186
12175	12181
12198	12238
12308	12436
12626	12851
13020	12998
12704	12155
11467	10773
10115	9411
8508	7354
6135	5171
4691	4627
4679	4555
4209	3848
3760	4095
4781	5578
6238	6653
6927	7306
8013	9085
10329	11438
12203	12576
12627	12433
12031	11422
10593	9571
8465	7441
6668	6212
6032	6005
6000	5954
5907	5976
6264	6802
7533	8356
9212	10084
10946	11741
12388	12847
13130	13299
13425	13549
13653	13689
13604	13368
12985	12449
11761	10941
10081	9294
8660	8180
7835	7616
7502	7481
7559	7751
8068	8499
9025	9609
10167	10605
10851	10895
10779	10573
10341	10123
9932	9739
9515	9228
8858	8406
7906	7419
7006	6716
6561	6525
6569	6656
6770	6916
7099	7321
7607	7992
8515	9178
9947	10743
11483	12104
12588	12948
13206	13392
13538	13655
13692	13559
13174	12511
11592	10500
9368	8353
7554	6994
6638	6431
6318	6252
6221	6235
6311	6435
6576	6691
6768	6818
6862	6926
7010	7105
7198	7285
7372	7463
7558	7646
7712	7747
7757	7745
7718	7692
7672	7671
7683	7704
7736	7792
7903	8081
8314	8565
8808	9044
9280	9511
9713	9877
10021	10196
10441	10778
11199	11672
12153	12596
12958	13212
13346	13367
13285	13127
12916	12699
12513	12367
12250	12130
11987	11815
11624	11414
11204	11005
10829	10681
10550	10428
10288	10119
9909	9659
9367	9055
8757	8516
8353	8255
8192	8140
8092	8051
8026	8019
8037	8073
8122	8171
8213	8259
8320	8409
8517	8603
8640	8617
8559	8502
8476	8482
8497	8484
8427	8352
8306	8330
8418	8521
8605	8663
8712	8765
8818	8865
8896	8910
8912	8911
8918	8931
8946	8954
8952	8936
8910	8873
8824	8765
8694	8616
8528	8440
8357	8282
8215	8169
8145	8148
8167	8188
8201	8204
8195	8182
8161	8136
8113	8087
8067	8049
8034	8027
8054	8243
8581	9995
11612	10225
9876	9164
8835	8696
8580	8343
7951	7440
6869	6312
5805	5353
4929	4511
4107	3749
3461	3240
3067	2935
2846	2800
2785	2790
2795	2791
2771	2738
2698	2663
2640	2633
2635	2635
2630	2626
2635	2645
2644	2610
2548	2480
2439	2443
2483	2535
2584	2624
2654	2676
2678	2666
2634	2583
2534	2516
2549	2628
2733	2829
2884	2877
2821	2763
2719	2682
2637	2581
2529	2484
2448	2403
2347	2292
2258	2259
2292	2338
2383	2421
2448	2463
2466	2461
2454	2450
2453	2467
2481	2501
2528	2588
2703	2885
3096	3272
3354	3335
3242	3143
3082	3087
3142	3209
3267	3312
3362	3434
3524	3615
3697	3769
3832	3874
3879	3835
3739	3612
3485	3392
3358	3392
3474	3574
3656	3719
3808	4026
4482	5235
6246	7421
8642	9812
10813	11532
11921	12026
11958	11821
11680	11564
11497	11494
11556	11666
11809	11973
12154	12358
12588	12836
13041	13109
12971	12622
12122	11555
10945	10244
9312	8105
6799	5731
5143	5006
5034	4925
4571	4127
3850	3909
4300	4855
5366	5704
5917	6196
6768	7720
8931	10153
11157	11850
12258	12435
12425	12222
11790	11120
10264	9362
8580	8038
7757	7644
7565	7410
7161	6884
6698	6698
6925	7354
7971	8758
9671	10608
11437	12073
12505	12801
13054	13310
13560	13738
13792	13706
13491	13151
12681	12084
11409	10734
10106	9522
8971	8449
7979	7585
7314	7209
7294	7580
8050	8648
9267	9774
10066	10105
9931	9623
9266	8926
8628	8362
8113	7855
7567	7239
6896	6597
6423	6422
6595	6907
7275	7622
7883	8020
8022	7912
7742	7616
7656	7956
8518	9259
10062	10835
11537	12148
12658	13062
13366	13574
13654	13539
13195	12614
11807	10820
9752	8740
7898	7270
6838	6556
6371	6238
6160	6157
6244	6395
6556	6681
6757	6798
6835	6885
6955	7037
7125	7220
7329	7461
7604	7734
7825	7863
7854	7808
7739	7668
7617	7598
7608	7634
7677	7748
7876	8070
8301	8539
8760	8968
9178	9394
9597	9779
9945	10112
10309	10555
10879	11290
11784	12299
12767	13108
13287	13289
13160	12938
12685	12447
12250	12092
11962	11835
11695	11539
11357	11156
10939	10725
10528	10364
10230	10110
9980	9816
9609	9357
9065	8762
8494	8293
8175	8121
8100	8083
8063	8043
8031	8037
8068	8117
8184	8250
8311	8364
8425	8504
8591	8661
8684	8652
8588	8531
8505	8517
8537	8535
8494	8437
8409	8443
8532	8629
8702	8753
8799	8852
8907	8950
8968	8957
8928	8898
8880	8875
8872	8868
8851	8829
8806	8781
8751	8711
8660	8596
8525	8445
8365	8290
8220	8166
8138	8130
8142	8156
8165	8165
8160	8146
8128	8107
8083	8062
8045	8030
8017	8013
8043	8239
8585	10023
11702	10365
9993	9247
8844	8622
8431	8151
7745	7243
6692	6144
5634	5168
4730	4309
3917	3578
3304	3087
2924	2806
2735	2713
2726	2757
2784	2794
2784	2749
2701	2649
2610	2591
2595	2612
2632	2655
2670	2673
2649	2597
2524	2462
2434	2446
2478	2513
2541	2573
2615	2664
2696	2695
2656	2588
2517	2470
2477	2544
2657	2776
2850	2853
2809	2748
2698	2636
2561	2484
2427	2403
2398	2380
2331	2266
2211	2194
2215	2257
2297	2328
2350	2361
2367	2368
2370	2373
2378	2386
2395	2409
2429	2476
2565	2699
2853	2983
3051	3055
3024	3002
3025	3102
3215	3330
3422	3484
3529	3573
3617	3660
3699	3740
3781	3805
3790	3717
3593	3430
3262	3128
3051	3040
3087	3152
3209	3248
3308	3486
3897	4598
5575	6728
7945	9119
10125	10835
11210	11301
11228	11099
10984	10909
10892	10957
11099	11303
11543	11804
12065	12329
12596	12857
13077	13192
13144	12924
12555	12089
11553	10893
10003	8824
7508	6372
5682	5451
5444	5354
5027	4549
4126	3951
4076	4406
4769	5030
5174	5334
5715	6450
7506	8707
9837	10762
11451	11942
12281	12478
12491	12260
11786	11142
10475	9934
9603	9450
9365	9210
8898	8427
7892	7427
7143	7102
7337	7845
8579	9422
10241	10926
11449	11863
12253	12662
13069	13411
13634	13722
13684	13544
13292	12939
12510	12053
11570	11038
10430	9754
9048	8378
7816	7428
7256	7319
7621	8109
8676	9168
9458	9488
9280	8903
8464	8041
7678	7386
7152	6970
6814	6661
6528	6465
6547	6827
7291	7867
8460	8964
9284	9357
9164	8729
8127	7494
7020	6879
7127	7687
8433	9263
10120	10966
11748	12412
12931	13286
13458	13418
13158	12683
12003	11126
10133	9141
8273	7579
7063	6689
6413	6211
6092	6083
6192	6369
6550	6674
6738	6765
6786	6813
6857	6921
7006	7108
7239	7404
7590	7760
7877	7923
7905	7836
7737	7637
7563	7539
7556	7595
7652	7747
7897	8102
8324	8535
8724	8896
9080	9279
9487	9687
9865	10021
10166	10325
10552	10898
11382	11950
12503	12932
13158	13168
13004	12738
12453	12190
11975	11797
11649	11517
11391	11255
11097	10905
10685	10456
10242	10064
9921	9800
9671	9510
9300	9045
8759	8480
8245	8093
8027	8022
8044	8066
8070	8064
8060	8072
8109	8171
8251	8330
8403	8464
8517	8575
8635	8678
8682	8651
8596	8551
8532	8545
8566	8576
8557	8528
8526	8570
8655	8745
8815	8863
8908	8954
8999	9028
9028	9000
8949	8896
8852	8818
8790	8764
8731	8704
8688	8680
8672	8659
8631	8588
8530	8461
8387	8311
8240	8182
8143	8127
8128	8135
8140	8140
8132	8122
8107	8089
8069	8052
8035	8022
8012	8012
8047	8251
8605	10058
11780	10471
10076	9293
8825	8530
8279	7963
7549	7054
6524	5985
5473	4997
4553	4139
3760	3438
3174	2966
2808	2699
2643	2640
2678	2731
2777	2801
2795	2757
2696	2624
2567	2545
2565	2609
2657	2689
2695	2670
2617	2544
2473	2432
2428	2456
2492	2519
2532	2557
2603	2667
2715	2720
2680	2608
2530	2468
2457	2508
2616	2734
2812	2828
2798	2752
2699	2627
2527	2423
2354	2335
2343	2338
2297	2223
2160	2134
2155	2198
2243	2270
2284	2290
2300	2309
2321	2331
2338	2340
2341	2346
2361	2396
2459	2548
2642	2718
2760	2778
2798	2850
2955	3105
3273	3424
3529	3577
3584	3565
3541	3528
3527	3540
3558	3560
3526	3441
3308	3140
2968	2820
2723	2683
2691	2723
2756	2784
2834	3000
3380	4041
4954	6032
7168	8269
9223	9926
10338	10503
10531	10512
10500	10521
10595	10731
10941	11199
11485	11781
12076	12365
12651	12923
13148	13279
13273	13115
12815	12409
11924	11332
10538	9479
8255	7127
6354	6007
5925	5838
5555	5079
4563	4201
4094	4214
4431	4608
4686	4739
4929	5418
6250	7336
8498	9569
10460	11179
11773	12274
12652	12837
12772	12460
12007	11557
11242	11089
11038	10948
10694	10214
9554	8839
8209	7773
7588	7670
7981	8454
8983	9501
9975	10436
10927	11472
12043	12579
13016	13330
13518	13593
13564	13449
13271	13050
12767	12372
11834	11156
10403	9646
8964	8414
8046	7890
7964	8242
8638	9018
9257	9275
9069	8701
8263	7844
7495	7233
7058	6972
6950	6969
7021	7151
7420	7870
8477	9167
9836	10380
10696	10707
10389	9758
8881	7896
7011	6448
6301	6520
7006	7685
8522	9474
10455	11367
12122	12682
13021	13133
13025	12710
12172	11417
10501	9548
8668	7919
7317	6846
6484	6217
6060	6048
6172	6367
6552	6669
6719	6732
6732	6738
6758	6807
6882	6982
7119	7300
7511	7712
7854	7917
7902	7834
7725	7607
7524	7498
7520	7569
7642	7758
7930	8142
8353	8532
8678	8817
8976	9170
9388	9605
9792	9933
10031	10126
10278	10559
11004	11577
12172	12665
12951	12996
12835	12558
12249	11966
11722	11516
11343	11202
11085	10969
10827	10645
10431	10198
9981	9793
9646	9519
9383	9216
9001	8746
8476	8230
8043	7941
7922	7961
8021	8069
8092	8100
8098	8112
8150	8219
8307	8404
8484	8547
8588	8620
8644	8658
8653	8632
8601	8577
8566	8572
8583	8594
8592	8594
8616	8672
8751	8833
8898	8948
8991	9032
9064	9080
9071	9030
8970	8902
8837	8780
8725	8672
8626	8593
8584	8589
8603	8611
8606	8583
8539	8479
8409	8332
8258	8195
8151	8129
8125	8127
8130	8128
8121	8113
8100	8084
8067	8053
8041	8029
8022	8021
8059	8267
8626	10103
11866	10564
10146	9328
8806	8451
8149	7798
7368	6878
6350	5819
5305	4827
4387	3986
3632	3332
3083	2886
2735	2637
2593	2606
2655	2721
2775	2805
2799	2753
2678	2586
2518	2502
2548	2624
2688	2714
2689	2622
2536	2453
2401	2391
2422	2474
2525	2553
2563	2580
2623	2681
2729	2733
2697	2637
2573	2520
2498	2531
2614	2710
2774	2791
2778	2752
2709	2633
2516	2392
2304	2272
2276	2268
2230	2163
2105	2091
2126	2179
2227	2248
2252	2249
2257	2273
2298	2318
2324	2316
2302	2295
2299	2329
2373	2425
2470	2501
2516	2533
2584	2689
2850	3050
3254	3413
3506	3518
3464	3374
3288	3225
3196	3192
3190	3172
3124	3035
2913	2770
2624	2498
2410	2364
2356	2370
2398	2433
2504	2681
3055	3670
4504	5460
6446	7400
8259	8955
9462	9803
10041	10226
10385	10539
10704	10904
11141	11406
11682	11961
12238	12516
12796	13062
13281	13415
13423	13293
13022	12639
12178	11648
10978	10109
9068	8031
7223	6763
6586	6480
6232	5776
5201	4684
4364	4269
4327	4414
4446	4426
4465	4721
5301	6204
7305	8427
9427	10270
10997	11666
12279	12779
13071	13108
12930	12659
12434	12341
12356	12373
12257	11909
11329	10604
9860	9194
8666	8290
8059	7957
7972	8106
8356	8724
9213	9819
10514	11233
11906	12475
12913	13226
13431	13545
13593	13589
13497	13267
12870	12324
11690	11038
10417	9865
9416	9111
8976	9016
9184	9391
9535	9535
9367	9070
8714	8377
8105	7919
7831	7839
7925	8064
8242	8482
8827	9301
9895	10545
11168	11671
11952	11930
11576	10906
9958	8837
7726	6838
6283	6052
6097	6410
7008	7866
8899	9968
10936	11719
12284	12625
12751	12649
12284	11656
10832	9932
9054	8267
7593	7041
6605	6286
6099	6075
6195	6387
6562	6668
6704	6705
6697	6689
6696	6727
6784	6867
6987	7161
7377	7594
7762	7853
7863	7812
7713	7596
7505	7471
7492	7545
7625	7760
7952	8172
8370	8516
8625	8730
8874	9070
9303	9533
9724	9852
9923	9982
10088	10316
10702	11231
11816	12334
12671	12769
12651	12396
12088	11785
11511	11268
11068	10914
10796	10679
10541	10361
10151	9929
9720	9542
9393	9260
9116	8938
8724	8485
8246	8041
7901	7845
7865	7932
8014	8081
8118	8130
8130	8143
8183	8255
8351	8454
8543	8605
8632	8638
8631	8623
8614	8611
8611	8609
8604	8597
8590	8589
8596	8620
8657	8720
8792	8862
8924	8975
9019	9058
9087	9099
9085	9042
8979	8907
8832	8758
8686	8612
8551	8514
8509	8526
8554	8576
8584	8572
8541	8486
8419	8342
8268	8201
8156	8134
8130	8132
8137	8135
8131	8120
8110	8094
8083	8070
8059	8049
8038	8039
8075	8284
8645	10153
11970	10658
10219	9365
8794	8388
8040	7652
7200	6696
6164	5634
5124	4650
4222	3847
3522	3251
3025	2844
2705	2615
2581	2602
2658	2728
2784	2812
2797	2741
2652	2549
2478	2475
2546	2640
2707	2709
2646	2542
2435	2361
2341	2371
2437	2514
2577	2613
2631	2649
2680	2725
2756	2757
2724	2684
2646	2614
2595	2609
2654	2706
2736	2741
2733	2722
2690	2620
2502	2373
2272	2222
2206	2187
2145	2091
2056	2068
2121	2189
2238	2250
2240	2227
2230	2251
2282	2305
2308	2289
2259	2239
2238	2256
2287	2311
2320	2313
2307	2321
2381	2504
2683	2894
3093	3237
3302	3270
3165	3027
2899	2817
2782	2774
2762	2736
2679	2599
2499	2389
2285	2202
2150	2132
2141	2177
2231	2304
2415	2623
2991	3565
4302	5107
5908	6682
7428	8138
8792	9380
9894	10329
10684	10971
11214	11440
11664	11890
12118	12346
12575	12811
13058	13294
13494	13624
13651	13548
13305	12934
12491	12007
11467	10804
9995	9117
8337	7808
7545	7409
7190	6753
6124	5456
4916	4595
4479	4481
4491	4444
4374	4415
4724	5383
6331	7399
8405	9261
9998	10697
11410	12103
12671	13016
13120	13064
12993	13022
13164	13334
13406	13267
12891	12323
11649	10938
10224	9507
8789	8111
7552	7196
7079	7198
7527	8049
8744	9559
10396	11170
11827	12357
12771	13087
13326	13501
13584	13531
13325	12996
12597	12169
11728	11284
10864	10504
10246	10107
10083	10123
10168	10145
10022	9816
9571	9342
9170	9078
9075	9158
9316	9525
9765	10044
10377	10784
11267	11794
12308	12731
12962	12929
12606	12004
11141	10073
8933	7871
6988	6309
5851	5675
5860	6432
7322	8386
9461	10430
11231	11859
12284	12447
12286	11809
11093	10262
9412	8609
7885	7274
6787	6428
6214	6164
6260	6428
6581	6669
6694	6692
6683	6675
6675	6692
6721	6769
6853	7002
7208	7426
7617	7740
7793	7776
7702	7594
7501	7460
7469	7514
7600	7749
7960	8186
8374	8496
8569	8651
8781	8982
9229	9472
9662	9783
9841	9888
9975	10164
10491	10957
11495	12005
12364	12511
12444	12228
11935	11625
11325	11054
10829	10657
10526	10395
10238	10045
9832	9620
9432	9269
9126	8989
8836	8663
8467	8265
8072	7916
7821	7799
7844	7930
8025	8097
8140	8155
8157	8172
8212	8286
8383	8489
8577	8634
8653	8642
8618	8597
8596	8608
8631	8646
8645	8625
8601	8587
8590	8618
8663	8717
8778	8837
8893	8946
8999	9043
9073	9086
9076	9039
8980	8910
8832	8753
8669	8586
8515	8470
8463	8483
8516	8547
8563	8557
8529	8478
8412	8337
8261	8196
8156	8138
8141	8150
8157	8157
8154	8145
8135	8122
8110	8098
8088	8080
8068	8065
8096	8303
8663	10210
12089	10754
10297	9402
8787	8328
7934	7508
7022	6500
5959	5427
4921	4461
4055	3710
3421	3182
2984	2819
2697	2620
2596	2624
2682	2748
2799	2816
2793	2730
2634	2531
2464	2471
2543	2635
2685	2661
2568	2449
2349	2304
2324	2393
2488	2581
2656	2707
2742	2768
2798	2829
2846	2833
2804	2779
2765	2750
2733	2727
2728	2726
2708	2683
2666	2657
2634	2572
2472	2356
2259	2196
2160	2122
2073	2027
2017	2052
2126	2200
2245	2250
2233	2214
2211	2224
2245	2260
2257	2233
2201	2175
2166	2171
2180	2177
2158	2129
2112	2126
2184	2295
2452	2626
2786	2893
2920	2863
2743	2598
2477	2407
2390	2396
2394	2371
2321	2249
2166	2087
2021	1989
1991	2031
2107	2207
2323	2459
2624	2857
3219	3741
4380	5039
5659	6268
6928	7676
8501	9349
10146	10821
11346	11727
12005	12214
12386	12546
12707	12874
13048	13233
13420	13601
13764	13889
13941	13893
13713	13400
12998	12573
12142	11664
11072	10378
9690	9159
8858	8707
8507	8081
7394	6573
5804	5244
4949	4876
4887	4846
4698	4539
4553	4900
5600	6505
7415	8195
8840	9456
10150	10919
11660	12225
12544	12676
12773	12972
13312	13704
14015	14127
14000	13665
13176	12571
11851	10998
10013	8956
7959	7168
6651	6406
6415	6680
7197	7920
8747	9565
10301	10940
11481	11931
12303	12614
12856	12999
13031	12979
12873	12721
12503	12218
11890	11559
11275	11063
10942	10896
10888	10859
10774	10633
10473	10323
10225	10204
10267	10409
10611	10858
11131	11418
11712	12032
12390	12786
13183	13520
13702	13664
13385	12888
12181	11283
10253	9182
8129	7134
6251	5600
5307	5447
5998	6860
7879	8918
9920	10838
11596	12064
12146	11847
11266	10530
9737	8944
8197	7546
7021	6629
6386	6304
6361	6488
6605	6672
6692	6688
6688	6686
6687	6690
6689	6691
6727	6835
7015	7236
7446	7608
7709	7736
7692	7603
7509	7459
7457	7497
7586	7742
7962	8191
8371	8477
8532	8597
8721	8919
9167	9410
9599	9714
9773	9821
9909	10085
10380	10794
11281	11746
12090	12247
12208	12023
11751	11444
11134	10850
10611	10433
10284	10128
9932	9707
9473	9264
9088	8943
8811	8679
8537	8385
8229	8081
7949	7846
7787	7789
7849	7945
8045	8121
8166	8179
8182	8196
8239	8311
8407	8511
8596	8648
8657	8641
8615	8602
8606	8630
8660	8683
8682	8660
8629	8605
8598	8614
8646	8685
8729	8778
8831	8889
8945	8993
9035	9053
9048	9017
8965	8901
8828	8748
8660	8570
8491	8442
8433	8453
8489	8521
8538	8536
8509	8461
8398	8324
8250	8189
8152	8144
8159	8178
8191	8194
8191	8183
8170	8159
8148	8138
8127	8117
8105	8098
8125	8328
8686	10273
12211	10848
10368	9431
8767	8256
7813	7345
6830	6286
5736	5203
4706	4260
3884	3574
3324	3120
2950	2808
2700	2635
2624	2656
2715	2778
2819	2824
2792	2724
2631	2539
2483	2488
2544	2607
2625	2578
2480	2376
2309	2306
2367	2470
2586	2696
2788	2863
2927	2980
3021	3051
3052	3023
2978	2947
2934	2924
2898	2864
2821	2764
2695	2635
2596	2580
2560	2517
2443	2357
2277	2216
2161	2103
2046	2005
2004	2050
2123	2192
2229	2232
2218	2198
2185	2179
2176	2172
2161	2141
2119	2097
2083	2070
2052	2024
1990	1961
1947	1959
2005	2083
2186	2296
2388	2443
2443	2389
2294	2192
2113	2086
2102	2135
2158	2156
2122	2061
1995	1935
1906	1924
2001	2132
2302	2500
2709	2916
3121	3365
3697	4157
4697	5233
5716	6209
6815	7619
8606	9683
10708	11565
12202	12636
12906	13062
13153	13230
13315	13429
13559	13691
13816	13932
14038	14145
14233	14263
14184	13980
13678	13344
13019	12675
12254	11736
11184	10732
10459	10319
10135	9718
8987	8031
7046	6255
5793	5655
5685	5667
5460	5107
4810	4792
5149	5797
6524	7156
7652	8113
8684	9414
10203	10862
11290	11528
11758	12146
12729	13401
13997	14398
14552	14484
14234	13830
13257	12480
11493	10348
9178	8135
7300	6683
6290	6156
6314	6734
7314	7940
8543	9111
9636	10101
10524	10925
11306	11653
11948	12199
12401	12524
12530	12408
12188	11938
11702	11522
11415	11387
11401	11396
11335	11226
11093	10970
10900	10911
11021	11204
11450	11740
12056	12362
12643	12902
13174	13469
13781	14047
14184	14130
13881	13469
12916	12217
11390	10450
9416	8301
7174	6167
5427	5068
5136	5608
6386	7361
8468	9634
10712	11500
11853	11763
11350	10741
10029	9273
8527	7852
7295	6872
6600	6478
6484	6559
6636	6678
6689	6689
6697	6713
6720	6712
6675	6630
6614	6678
6834	7048
7274	7470
7614	7688
7678	7606
7518	7464
7457	7498
7588	7749
7963	8187
8364	8467
8522	8582
8695	8881
9114	9346
9529	9644
9710	9766
9871	10060
10358	10755
11196	11602
11888	12006
11957	11777
11520	11223
10923	10638
10406	10221
10062	9874
9633	9360
9097	8873
8703	8571
8457	8343
8225	8110
8012	7932
7865	7811
7786	7805
7872	7970
8070	8146
8188	8203
8207	8221
8264	8335
8431	8531
8608	8649
8657	8646
8637	8643
8658	8682
8706	8720
8720	8706
8682	8657
8639	8630
8631	8643
8670	8709
8760	8820
8881	8937
8981	9005
9004	8980
8935	8876
8807	8728
8640	8549
8469	8418
8406	8424
8459	8491
8511	8508
8484	8437
8376	8303
8230	8174
8147	8153
8180	8212
8232	8241
8238	8229
8218	8206
8195	8186
8175	8165
8151	8142
8164	8365
8726	10342
12322	10927
10424	9445
8730	8168
7677	7166
6623	6058
5504	4972
4487	4061
3712	3439
3229	3058
2914	2795
2703	2656
2656	2693
2752	2807
2839	2833
2791	2720
2640	2567
2525	2525
2549	2570
2554	2495
2415	2349
2330	2370
2467	2601
2742	2875
2999	3114
3221	3310
3377	3413
3403	3345
3265	3199
3156	3116
3065	2995
2905	2794
2680	2584
2531	2511
2506	2489
2453	2400
2342	2284
2226	2168
2112	2078
2073	2104
2145	2180
2194	2193
2184	2169
2146	2115
2081	2051
2030	2020
2012	2000
1978	1947
1909	1868
1834	1819
1821	1837
1867	1905
1942	1976
1997	2002
1988	1956
1917	1883
1868	1885
1933	1993
2045	2076
2079	2052
2014	1988
2001	2078
2238	2473
2759	3063
3355	3609
3826	4039
4318	4697
5144	5576
5964	6383
6970	7826
8938	10172
11349	12324
13032	13482
13726	13819
13828	13815
13835	13906
14004	14101
14169	14215
14258	14327
14424	14519
14557	14498
14346	14146
13926	13686
13386	13021
12636	12319
12131	12029
11867	11468
10727	9693
8558	7587
6986	6796
6850	6865
6620	6102
5500	5092
5051	5360
5844	6296
6624	6901
7287	7870
8572	9190
9601	9856
10160	10696
11509	12464
13369	14079
14539	14756
14770	14605
14255	13699
12915	11940
10870	9818
8838	7958
7204	6650
6360	6333
6483	6717
6992	7301
7644	8001
8379	8799
9277	9796
10329	10841
11293	11626
11797	11806
11698	11539
11393	11302
11292	11360
11446	11488
11448	11338
11192	11052
10969	10987
11119	11348
11652	12016
12409	12779
13096	13356
13597	13848
14105	14328
14434	14366
14124	13763
13323	12807
12201	11483
10616	9579
8411	7214
6130	5297
4832	4802
5198	5970
7067	8390
9729	10810
11425	11565
11333	10872
10267	9571
8844	8166
7591	7146
6840	6672
6621	6639
6670	6686
6686	6690
6711	6740
6761	6745
6683	6592
6531	6554
6684	6890
7124	7346
7525	7632
7654	7601
7524	7472
7471	7522
7619	7772
7969	8177
8349	8464
8538	8607
8712	8869
9065	9270
9445	9569
9651	9730
9855	10076
10400	10802
11211	11555
11764	11815
11719	11520
11260	10969
10679	10411
10190	10014
9844	9626
9344	9025
8726	8488
8320	8203
8107	8017
7931	7864
7823	7809
7802	7796
7796	7827
7899	7997
8099	8173
8214	8227
8230	8246
8288	8361
8456	8550
8622	8656
8664	8669
8686	8716
8745	8766
8777	8782
8782	8777
8766	8743
8710	8669
8634	8617
8623	8652
8700	8760
8822	8880
8925	8950
8952	8930
8888	8831
8763	8687
8601	8512
8432	8385
8374	8394
8429	8462
8481	8480
8456	8409
8348	8279
8212	8160
8141	8160
8204	8249
8278	8290
8290	8283
8270	8259
8248	8238
8227	8217
8203	8193
8216	8417
8782	10415
12410	10988
10460	9438
8674	8060
7519	6971
6401	5824
5266	4745
4276	3874
3552	3312
3137	2998
2881	2782
2710	2679
2690	2734
2792	2840
2861	2844
2792	2723
2655	2607
2582	2572
2566	2543
2506	2452
2404	2384
2409	2485
2612	2772
2947	3130
3306	3475
3631	3762
3861	3907
3883	3785
3646	3512
3406	3313
3209	3092
2955	2797
2639	2519
2457	2452
2479	2503
2506	2485
2448	2404
2366	2338
2320	2307
2296	2280
2252	2218
2181	2156
2140	2124
2088	2038
1979	1932
1900	1891
1891	1884
1857	1816
1771	1735
1714	1719
1736	1756
1771	1771
1753	1724
1693	1667
1652	1655
1671	1698
1731	1777
1832	1909
1994	2079
2146	2193
2226	2269
2357	2515
2763	3092
3469	3846
4176	4425
4598	4742
4929	5207
5550	5888
6200	6569
7140	8020
9193	10511
11775	12824
13590	14071
14308	14362
14307	14236
14208	14246
14322	14390
14414	14396
14368	14374
14444	14556
14671	14741
14749	14700
14603	14457
14263	14041
13830	13675
13592	13545
13414	13053
12357	11339
10169	9115
8436	8212
8287	8339
8087	7461
6616	5848
5395	5325
5520	5779
5957	6070
6244	6600
7089	7547
7846	8045
8345	8947
9892	11051
12215	13223
13988	14496
14773	14852
14746	14457
13978	13322
12538	11678
10761	9805
8846	7992
7318	6853
6545	6336
6199	6145
6185	6318
6547	6907
7406	8021
8693	9348
9909	10314
10538	10601
10557	10478
10425	10438
10542	10710
10872	10955
10924	10799
10625	10452
10338	10347
10495	10772
11151	11619
12127	12614
13027	13360
13641	13905
14163	14381
14487	14423
14193	13861
13491	13111
12702	12220
11592	10757
9706	8489
7209	6013
5069	4530
4481	4944
5903	7256
8747	10037
10884	11241
11204	10897
10412	9802
9129	8470
7892	7431
7093	6878
6767	6723
6705	6693
6683	6692
6728	6778
6812	6795
6708	6585
6486	6478
6583	6778
7012	7246
7444	7574
7617	7581
7517	7481
7496	7559
7664	7803
7973	8154
8324	8461
8564	8652
8747	8867
9014	9181
9347	9488
9601	9708
9862	10111
10464	10876
11267	11554
11694	11678
11531	11295
11012	10713
10423	10166
9959	9788
9610	9370
9057	8714
8400	8159
7998	7895
7821	7755
7699	7668
7672	7706
7744	7773
7798	7844
7923	8025
8126	8200
8240	8253
8258	8272
8313	8385
8480	8574
8644	8679
8693	8712
8753	8806
8852	8877
8883	8884
8883	8883
8877	8850
8798	8731
8664	8619
8605	8624
8665	8718
8779	8834
8874	8895
8894	8867
8823	8764
8693	8616
8534	8450
8385	8346
8340	8363
8398	8429
8449	8447
8423	8381
8321	8251
8185	8142
8133	8168
8227	8288
8327	8346
8347	8340
8326	8314
8304	8294
8285	8273
8260	8251
8273	8479
8849	10486
12470	11019
10468	9405
8590	7931
7349	6771
6180	5596
5044	4535
4085	3707
3412	3200
3051	2941
2848	2771
2717	2704
2724	2774
2832	2876
2885	2853
2790	2720
2666	2640
2633	2625
2600	2558
2513	2478
2465	2483
2538	2634
2782	2976
3209	3461
3712	3946
4151	4321
4444	4499
4455	4309
4099	3883
3694	3527
3363	3190
2998	2788
2590	2444
2383	2401
2471	2541
2587	2586
2564	2546
2560	2611
2674	2716
2704	2627
2500	2357
2234	2153
2106	2070
2025	1966
1899	1840
1803	1783
1775	1758
1730	1690
1653	1632
1636	1655
1680	1697
1692	1665
1616	1559
1509	1477
1479	1513
1572	1635
1688	1726
1772	1853
1979	2142
2316	2486
2646	2812
3009	3264
3591	3977
4389	4774
5069	5247
5316	5339
5400	5553
5768	6001
6229	6541
7074	7936
9105	10445
11756	12880
13727	14279
14562	14633
14580	14492
14446	14459
14512	14546
14530	14454
14360	14289
14288	14353
14470	14606
14730	14819
14856	14830
14761	14685
14637	14632
14655	14661
14565	14261
13666	12771
11700	10700
10030	9803
9895	9985
9764	9108
8128	7090
6262	5796
5667	5718
5771	5760
5747	5840
6039	6244
6366	6450
6669	7215
8141	9347
10645	11873
12911	13700
14236	14548
14681	14664
14504	14208
13782	13227
12528	11687
10748	9800
8932	8191
7567	7022
6543	6143
5840	5667
5662	5873
6312	6929
7618	8257
8749	9053
9178	9178
9119	9062
9056	9134
9300	9513
9697	9783
9747	9611
9419	9219
9080	9071
9224	9535
9986	10555
11194	11823
12383	12857
13261	13616
13933	14197
14349	14335
14154	13871
13559	13269
12998	12703
12299	11707
10859	9757
8447	7056
5773	4799
4298	4380
5075	6301
7792	9190
10216	10780
10946	10820
10472	9970
9372	8756
8193	7718
7353	7089
6916	6807
6740	6699
6679	6693
6743	6815
6866	6854
6759	6611
6490	6460
6545	6726
6949	7176
7373	7509
7566	7547
7499	7484
7524	7607
7712	7831
7962	8115
8279	8440
8581	8690
8776	8853
8947	9072
9227	9394
9547	9691
9870	10136
10498	10906
11278	11533
11638	11584
11406	11134
10815	10484
10173	9909
9704	9534
9349	9101
8786	8448
8144	7919
7778	7697
7644	7598
7562	7547
7569	7619
7678	7732
7786	7852
7945	8054
8157	8230
8270	8283
8285	8299
8340	8412
8507	8606
8680	8721
8743	8775
8831	8900
8963	9003
9024	9030
9030	9024
9003	8960
8890	8805
8721	8656
8626	8628
8659	8704
8754	8798
8828	8841
8829	8795
8741	8673
8597	8516
8440	8371
8320	8298
8304	8329
8365	8400
8418	8417
8393	8349
8289	8223
8160	8119
8123	8173
8250	8328
8381	8402
8407	8399
8386	8372
8362	8351
8342	8330
8317	8310
8337	8545
8916	10545
12499	11021
10451	9347
8493	7789
7173	6566
5965	5379
4839	4348
3923	3569
3299	3108
2985	2894
2821	2761
2727	2726
2757	2815
2871	2909
2906	2863
2787	2712
2665	2657
2673	2679
2660	2623
2592	2579
2595	2634
2701	2812
2980	3223
3526	3862
4197	4498
4747	4943
5079	5134
5066	4871
4592	4299
4033	3800
3578	3347
3100	2834
2584	2406
2336	2374
2476	2584
2651	2664
2653	2675
2765	2934
3123	3254
3258	3122
2883	2609
2373	2207
2103	2039
1982	1924
1865	1810
1762	1722
1684	1650
1615	1584
1567	1567
1583	1606
1621	1621
1601	1561
1509	1457
1420	1411
1440	1505
1591	1670
1721	1741
1771	1859
2041	2303
2615	2943
3267	3585
3908	4253
4625	5013
5389	5701
5894	5941
5868	5747
5663	5665
5739	5843
5974	6207
6674	7467
8580	9890
11230	12442
13419	14105
14501	14655
14662	14616
14583	14585
14603	14598
14535	14413
14255	14111
14014	13990
14039	14156
14323	14508
14675	14795
14878	14954
15052	15168
15276	15327
15266	15033
14576	13882
13037	12217
11648	11456
11553	11667
11503	10908
9918	8732
7617	6788
6321	6137
6072	5979
5827	5670
5551	5458
5357	5273
5340	5713
6460	7537
8812	10134
11362	12387
13164	13717
14098	14354
14499	14538
14449	14211
13799	13208
12463	11632
10794	10009
9293	8632
7989	7354
6753	6259
5969	5973
6285	6826
7435	7943
8240	8309
8217	8050
7884	7769
7736	7790
7924	8085
8211	8252
8192	8052
7859	7654
7498	7464
7597	7908
8386	9012
9732	10476
11186	11836
12416	12923
13359	13726
13986	14090
14026	13843
13616	13400
13216	13031
12787	12400
11781	10874
9676	8263
6806	5513
4600	4248
4563	5509
6852	8247
9400	10180
10587	10676
10504	10125
9608	9035
8485	8004
7606	7297
7061	6892
6775	6704
6675	6693
6757	6853
6928	6927
6830	6675
6542	6501
6572	6735
6935	7140
7318	7447
7503	7498
7472	7481
7547	7644
7746	7834
7929	8052
8210	8390
8560	8690
8764	8802
8847	8937
9087	9276
9467	9646
9844	10109
10456	10842
11191	11438
11550	11511
11335	11048
10687	10304
9950	9658
9437	9260
9066	8825
8533	8231
7968	7781
7669	7613
7578	7549
7519	7502
7513	7549
7605	7673
7752	7846
7959	8078
8183	8258
8297	8310
8314	8327
8365	8438
8538	8643
8730	8785
8818	8856
8915	8992
9073	9144
9193	9218
9218	9193
9142	9071
8983	8888
8802	8729
8685	8669
8682	8712
8749	8781
8797	8790
8762	8713
8642	8561
8476	8396
8326	8275
8247	8243
8262	8296
8335	8367
8388	8387
8362	8322
8261	8194
8132	8098
8111	8177
8274	8367
8429	8460
8466	8457
8446	8431
8418	8409
8397	8385
8372	8367
8396	8605
8974	10584
12493	10992
10404	9268
8376	7640
6994	6372
5760	5183
4656	4191
3789	3462
3212	3040
2928	2854
2795	2753
2734	2745
2788	2849
2906	2938
2928	2871
2785	2701
2658	2665
2705	2738
2742	2728
2718	2729
2759	2809
2884	3009
3213	3509
3891	4311
4717	5063
5338	5541
5679	5723
5632	5399
5074	4735
4430	4157
3897	3622
3319	2992
2680	2453
2354	2379
2484	2595
2661	2674
2679	2746
2936	3235
3568	3808
3854	3677
3337	2940
2585	2322
2150	2045
1979	1931
1887	1840
1780	1713
1646	1585
1541	1519
1518	1531
1549	1560
1552	1531
1493	1450
1406	1377
1373	1407
1479	1583
1697	1797
1854	1874
1910	2027
2272	2629
3068	3538
4004	4449
4866	5255
5619	5950
6231	6419
6474	6377
6164	5912
5697	5557
5485	5461
5489	5642
6019	6710
7714	8952
10295	11606
12750	13621
14180	14477
14604	14643
14652	14648
14630	14573
14463	14305
14111	13912
13735	13609
13554	13590
13725	13945
14210	14471
14708	14927
15141	15347
15516	15607
15590	15436
15130	14673
14106	13543
13137	12998
13083	13199
13103	12628
11742	10560
9293	8189
7416	6998
6809	6668
6426	6064
5639	5231
4872	4584
4442	4565
5031	5849
6957	8236
9537	10707
11675	12451
13087	13623
14062	14393
14590	14629
14495	14188
13721	13134
12489	11848
11246	10665
10043	9331
8549	7806
7265	7060
7226	7651
8135	8472
8551	8376
8048	7684
7372	7140
6999	6944
6946	6967
6966	6917
6819	6673
6491	6291
6127	6059
6140	6389
6817	7397
8094	8846
9624	10398
11136	11796
12376	12885
13311	13608
13745	13747
13662	13545
13426	13298
13139	12895
12475	11789
10783	9481
7993	6506
5243	4452
4312	4863
5935	7233
8464	9462
10147	10502
10535	10292
9851	9313
8766	8269
7844	7490
7194	6968
6806	6706
6668	6690
6772	6889
6991	7007
6920	6767
6637	6593
6660	6799
6971	7141
7283	7386
7432	7436
7432	7469
7553	7657
7741	7805
7864	7962
8110	8302
8490	8627
8693	8704
8712	8778
8922	9126
9343	9546
9752	10001
10315	10667
11001	11261
11412	11430
11295	11015
10621	10182
9769	9431
9181	8983
8791	8568
8322	8077
7871	7728
7649	7614
7598	7581
7553	7524
7504	7509
7545	7612
7714	7835
7969	8099
8210	8285
8324	8336
8339	8353
8391	8468
8570	8686
8783	8856
8905	8949
9008	9091
9190	9290
9375	9423
9423	9374
9290	9186
9081	8983
8900	8827
8770	8739
8732	8745
8765	8780
8773	8748
8697	8626
8536	8440
8341	8257
8198	8167
8166	8186
8220	8260
8303	8336
8357	8357
8336	8292
8232	8165
8104	8076
8098	8178
8295	8404
8474	8511
8519	8512
8500	8487
8474	8463
8450	8437
8425	8419
8445	8649
9013	10596
12459	10938
10335	9171
8252	7486
6822	6186
5575	5008
4502	4062
3689	3383
3152	2993
2890	2822
2774	2744
2739	2763
2813	2877
2937	2966
2948	2881
2784	2694
2654	2675
2738	2802
2838	2853
2866	2888
2926	2983
3078	3238
3492	3851
4295	4769
5208	5562
5825	6012
6134	6162
6056	5810
5472	5133
4836	4578
4314	4018
3668	3276
2897	2602
2444	2417
2472	2541
2580	2584
2610	2735
3021	3449
3917	4265
4367	4186
3787	3298
2842	2492
2261	2123
2042	1997
1960	1916
1847	1760
1665	1586
1533	1517
1522	1536
1540	1531
1502	1455
1398	1346
1309	1302
1335	1419
1547	1710
1884	2035
2140	2207
2289	2454
2745	3159
3655	4184
4702	5182
5602	5957
6247	6479
6633	6696
6628	6428
6128	5797
5497	5259
5079	4961
4924	5015
5308	5870
6725	7838
9145	10533
11847	12924
13687	14161
14430	14570
14630	14629
14581	14483
14345	14174
13976	13764
13543	13345
13193	13127
13185	13380
13680	14031
14377	14695
14986	15250
15470	15617
15657	15591
15429	15187
14886	14570
14324	14232
14290	14383
14342	14011
13308	12261
11014	9796
8826	8221
7924	7742
7448	6933
6252	5543
4913	4392
4019	3873
4032	4543
5395	6513
7744	8926
9975	10902
11760	12560
13281	13882
14330	14598
14695	14632
14430	14110
13717	13307
12923	12531
12055	11410
10604	9764
9089	8742
8772	9068
9414	9614
9546	9229
8767	8282
7856	7514
7248	7041
6863	6700
6538	6379
6225	6064
5887	5695
5523	5412
5410	5548
5827	6243
6762	7366
8047	8790
9551	10281
10963	11617
12239	12780
13194	13459
13596	13635
13601	13518
13407	13252
12981	12497
11709	10582
9164	7587
6065	4876
4277	4386
5114	6233
7489	8677
9650	10292
10550	10448
10080	9569
9021	8512
8060	7665
7321	7041
6836	6712
6662	6689
6783	6924
7051	7090
7017	6878
6756	6724
6785	6905
7043	7164
7265	7330
7363	7369
7386	7447
7548	7646
7709	7740
7772	7851
7991	8181
8365	8500
8557	8555
8548	8599
8737	8947
9170	9376
9570	9798
10082	10407
10733	11018
11228	11320
11254	11002
10599	10112
9641	9250
8962	8746
8556	8364
8170	7984
7833	7727
7671	7653
7652	7650
7629	7590
7543	7508
7512	7573
7685	7828
7978	8116
8230	8307
8345	8358
8363	8376
8418	8494
8601	8724
8839	8931
8995	9051
9114	9199
9313	9439
9551	9616
9616	9551
9439	9311
9192	9094
9008	8934
8869	8820
8800	8798
8801	8792
8767	8716
8641	8543
8431	8316
8204	8117
8066	8058
8084	8129
8180	8230
8274	8307
8327	8326
8306	8266
8207	8139
8081	8056
8089	8184
8314	8435
8516	8556
8566	8561
8548	8536
8523	8509
8496	8482
8469	8460
8482	8675
9026	10584
12399	10857
10240	9054
8111	7326
6646	6010
5403	4857
4371	3957
3608	3326
3110	2961
2864	2801
2759	2738
2741	2773
2829	2898
2957	2987
2967	2897
2798	2708
2667	2703
2786	2876
2941	2974
2997	3027
3072	3151
3287	3504
3822	4240
4717	5199
5617	5932
6150	6299
6394	6406
6298	6064
5758	5463
5226	5020
4795	4501
4116	3664
3199	2820
2570	2446
2401	2394
2387	2389
2452	2644
3015	3542
4113	4558
4736	4593
4186	3650
3128	2715
2438	2269
2175	2120
2073	2019
1939	1841
1735	1650
1595	1572
1573	1577
1571	1548
1499	1435
1360	1292
1245	1242
1303	1436
1640	1891
2161	2412
2617	2781
2946	3162
3466	3858
4307	4767
5205	5588
5898	6134
6304	6411
6458	6426
6296	6058
5747	5412
5096	4820
4601	4453
4405	4479
4711	5142
5814	6749
7955	9361
10808	12090
13072	13736
14149	14384
14489	14498
14435	14325
14195	14048
13884	13700
13491	13266
13060	12917
12891	13019
13288	13637
14002	14345
14662	14962
15235	15449
15574	15606
15571	15495
15387	15256
15133	15074
15093	15149
15134	14927
14430	13611
12541	11394
10390	9693
9321	9105
8787	8182
7318	6365
5472	4708
4099	3697
3575	3787
4352	5219
6252	7293
8275	9237
10218	11221
12187	13045
13733	14218
14507	14633
14636	14537
14371	14190
14021	13839
13554	13075
12398	11635
10975	10579
10502	10661
10888	11004
10904	10591
10145	9668
9233	8850
8506	8172
7834	7503
7195	6933
6716	6524
6337	6150
5969	5819
5725	5709
5778	5928
6143	6436
6833	7335
7919	8553
9232	9971
10765	11551
12259	12833
13251	13504
13614	13612
13558	13477
13330	13015
12428	11496
10207	8628
6943	5443
4435	4109
4463	5345
6547	7861
9077	9991
10476	10533
10253	9780
9243	8724
8249	7821
7432	7106
6862	6714
6657	6685
6793	6954
7102	7163
7109	6990
6884	6863
6925	7029
7129	7207
7257	7289
7299	7309
7341	7421
7526	7613
7651	7654
7666	7732
7862	8036
8208	8331
8381	8377
8373	8420
8551	8748
8959	9147
9322	9531
9798	10112
10442	10755
11012	11174
11174	10975
10583	10078
9567	9134
8812	8581
8405	8246
8096	7960
7843	7755
7705	7691
7704	7718
7714	7677
7616	7554
7530	7574
7683	7830
7988	8129
8244	8322
8364	8377
8383	8399
8443	8525
8633	8761
8884	8988
9074	9147
9224	9321
9443	9579
9696	9765
9765	9695
9576	9440
9313	9209
9121	9041
8969	8917
8884	8869
8855	8827
8779	8705
8603	8480
8346	8210
8088	7995
7950	7959
8008	8076
8142	8196
8239	8273
8291	8295
8276	8238
8182	8120
8067	8049
8089	8195
8334	8464
8550	8591
8601	8598
8586	8574
8559	8545
8531	8517
8500	8488
8501	8680
9017	10547
12310	10739
10110	8898
7936	7135
6449	5818
5234	4711
4255	3868
3544	3284
3083	2940
2841	2782
2746	2733
2742	2776
2832	2901
2963	3000
2989	2929
2839	2755
2722	2763
2857	2957
3029	3069
3101	3143
3217	3340
3535	3820
4199	4646
5121	5556
5905	6148
6302	6402
6472	6482
6390	6191
5941	5723
5571	5449
5281	5007
4594	4068
3514	3023
2654	2407
2246	2149
2107	2124
2239	2498
2938	3529
4166	4692
4957	4889
4530	3997
3444	2992
2679	2487
2367	2287
2214	2136
2047	1944
1846	1763
1709	1682
1672	1662
1650	1619
1568	1493
1399	1308
1240	1231
1315	1506
1803	2172
2573	2947
3278	3555
3804	4050
4319	4606
4906	5187
5428	5610
5733	5799
5826	5821
5792	5718
5584	5379
5126	4850
4575	4324
4122	4010
4006	4104
4302	4614
5087	5804
6841	8189
9705	11153
12344	13208
13768	14087
14231	14251
14197	14113
14025	13938
13841	13715
13551	13351
13142	12969
12890	12944
13130	13398
13691	13982
14270	14578
14894	15186
15411	15550
15620	15656
15666	15645
15606	15569
15561	15574
15560	15435
15114	14548
13746	12814
11926	11250
10857	10625
10306	9688
8751	7645
6548	5555
4719	4086
3711	3640
3901	4452
5182	5961
6747	7604
8587	9684
10820	11902
12833	13540
14015	14296
14449	14510
14519	14507
14503	14486
14388	14125
13677	13120
12586	12211
12060	12099
12219	12301
12255	12054
11739	11384
11037	10706
10360	9980
9560	9133
8738	8407
8138	7905
7699	7507
7330	7153
6983	6825
6683	6539
6405	6303
6284	6378
6600	6958
7480	8178
9034	9977
10922	11779
12481	12986
13289	13429
13486	13514
13498	13343
12941	12205
11072	9559
7806	6102
4772	4060
4038	4630
5692	7034
8403	9533
10238	10471
10319	9922
9422	8913
8428	7969
7541	7174
6895	6723
6653	6683
6799	6974
7135	7212
7178	7080
7000	6993
7058	7144
7212	7247
7260	7260
7257	7265
7309	7397
7502	7574
7590	7573
7574	7631
7746	7896
8044	8156
8205	8208
8210	8262
8386	8567
8752	8915
9070	9261
9521	9835
10170	10494
10783	10989
11048	10902
10550	10056
9534	9086
8755	8530
8374	8247
8127	8010
7899	7808
7748	7729
7745	7775
7790	7770
7713	7643
7604	7627
7719	7852
8000	8137
8248	8327
8373	8394
8409	8429
8479	8559
8670	8797
8923	9042
9144	9238
9335	9444
9567	9692
9796	9855
9855	9794
9687	9560
9434	9322
9224	9141
9072	9020
8987	8962
8932	8889
8818	8719
8596	8453
8299	8145
8009	7911
7868	7884
7949	8028
8097	8153
8195	8224
8241	8245
8234	8202
8158	8107
8066	8060
8107	8216
8356	8487
8573	8615
8626	8620
8607	8592
8577	8563
8549	8532
8514	8496
8500	8663
8983	10484
12182	10566
9924	8678
7695	6883
6201	5591
5043	4558
4138	3781
3481	3241
3054	2918
2823	2767
2735	2730
2739	2768
2818	2882
2950	3001
3017	2988
2921	2854
2827	2860
2947	3034
3094	3133
3181	3262
3394	3587
3852	4196
4605	5043
5463	5809
6061	6220
6313	6382
6444	6465
6406	6255
6067	5927
5859	5814
5703	5440
4990	4383
3719	3109
2625	2264
2012	1857
1809	1864
2036	2348
2821	3433
4102	4690
5054	5099
4825	4340
3793	3317
2977	2755
2603	2485
2377	2271
2164	2059
1970	1897
1850	1821
1806	1791
1771	1741
1689	1611
1504	1391
1306	1296
1414	1686
2102	2606
3133	3620
4042	4389
4669	4892
5069	5205
5303	5359
5368	5329
5256	5162
5068	4984
4913	4839
4746	4620
4462	4280
4079	3881
3731	3674
3735	3877
4054	4259
4550	5043
5869	7084
8585	10137
11514	12577
13298	13716
13902	13945
13919	13882
13859	13849
13827	13769
13657	13505
13336	13188
13105	13113
13209	13356
13523	13704
13920	14198
14532	14884
15196	15430
15588	15692
15769	15816
15838	15830
15812	15793
15759	15674
15482	15134
14608	13943
13252	12682
12320	12105
11827	11275
10387	9261
8063	6915
5894	5058
4450	4096
4022	4203
4558	4993
5501	6152
7012	8073
9274	10500
11633	12562
13237	13682
13967	14148
14264	14352
14441	14535
14589	14547
14362	14061
13709	13407
13216	13166
13214	13297
13326	13262
13112	12918
12712	12487
12213	11866
11457	11027
10630	10288
9996	9739
9515	9328
9161	8989
8786	8549
8255	7892
7464	7012
6585	6231
5999	5958
6159	6625
7345	8262
9289	10317
11235	11973
12497	12843
13084	13285
13434	13450
13231	12688
11739	10356
8641	6849
5303	4267
3876	4135
4968	6211
7615	8876
9769	10204
10232	9971
9558	9087
8605	8125
7665	7258
6943	6746
6664	6685
6799	6975
7142	7231
7214	7141
7083	7090
7154	7228
7272	7281
7269	7254
7245	7255
7303	7389
7486	7546
7547	7527
7529	7577
7674	7798
7923	8020
8073	8083
8091	8142
8261	8432
8604	8746
8882	9059
9306	9611
9938	10256
10547	10769
10864	10769
10468	10020
9529	9107
8805	8616
8490	8386
8271	8145
8018	7905
7828	7794
7807	7835
7862	7856
7818	7762
7722	7725
7786	7888
8010	8131
8239	8319
8373	8408
8436	8472
8528	8611
8719	8843
8968	9091
9208	9319
9429	9543
9655	9758
9834	9878
9875	9828
9747	9642
9529	9418
9320	9242
9181	9140
9111	9084
9044	8987
8899	8783
8639	8479
8308	8140
7993	7885
7837	7852
7912	7988
8053	8099
8129	8152
8166	8173
8170	8155
8130	8104
8085	8094
8150	8257
8390	8509
8587	8623
8629	8619
8605	8590
8575	8560
8545	8527
8507	8481
8479	8630
8939	10402
12013	10336
9670	8386
7375	6554
5885	5311
4815	4389
4014	3687
3413	3193
3022	2891
2798	2745
2725	2726
2733	2749
2782	2836
2913	2995
3052	3069
3041	2994
2967	2986
3040	3093
3135	3182
3273	3431
3655	3929
4254	4620
5013	5391
5714	5951
6100	6180
6233	6294
6367	6422
6404	6302
6167	6082
6067	6065
5972	5696
5188	4490
3721	3019
2458	2039
1749	1595
1577	1682
1898	2228
2691	3284
3955	4592
5056	5224
5072	4664
4155	3681
3319	3060
2870	2711
2569	2434
2310	2198
2108	2045
2010	1992
1978	1959
1935	1899
1846	1762
1645	1521
1437	1455
1638	2017
2564	3196
3816	4348
4772	5091
5311	5444
5488	5462
5377	5244
5071	4878
4677	4489
4328	4203
4117	4060
4025	3993
3950	3864
3736	3585
3476	3464
3564	3729
3889	4012
4155	4452
5071	6106
7502	9072
10582	11844
12757	13317
13586	13673
13685	13694
13729	13781
13815	13805
13737	13635
13523	13436
13387	13391
13425	13473
13519	13584
13704	13918
14224	14584
14939	15237
15459	15615
15737	15836
15908	15937
15923	15886
15834	15766
15656	15463
15148	14715
14228	13798
13515	13350
13152	12735
12003	10998
9841	8657
7546	6568
5754	5115
4673	4432
4368	4429
4628	5018
5664	6570
7695	8948
10200	11307
12181	12810
13231	13503
13674	13795
13914	14059
14229	14373
14434	14385
14231	14030
13857	13770
13792	13883
13969	14003
13980	13923
13850	13749
13579	13323
12997	12650
12324	12032
11761	11512
11291	11119
10984	10845
10665	10426
10094	9643
9073	8421
7718	7012
6371	5892
5647	5690
6043	6703
7604	8624
9628	10515
11236	11805
12284	12714
13080	13291
13264	12924
12188	11008
9443	7691
6039	4751
4009	3902
4416	5443
6743	8030
9060	9710
9969	9911
9635	9238
8782	8295
7810	7368
7019	6792
6688	6698
6802	6962
7122	7212
7213	7165
7130	7149
7212	7274
7300	7298
7284	7272
7271	7282
7322	7398
7481	7533
7541	7532
7542	7587
7665	7764
7871	7961
8013	8028
8034	8079
8195	8370
8548	8695
8817	8968
9186	9458
9756	10048
10319	10534
10644	10587
10341	9955
9535	9185
8955	8831
8747	8652
8522	8366
8207	8073
7979	7933
7924	7936
7951	7951
7931	7898
7870	7860
7884	7943
8026	8124
8222	8307
8372	8426
8474	8527
8596	8681
8785	8901
9023	9144
9265	9382
9493	9597
9687	9759
9810	9834
9830	9802
9749	9674
9584	9489
9405	9342
9301	9278
9256	9229
9183	9117
9019	8893
8740	8568
8388	8211
8052	7936
7875	7875
7916	7974
8016	8043
8056	8067
8076	8085
8092	8097
8103	8111
8124	8155
8218	8317
8430	8528
8591	8616
8617	8605
8589	8569
8554	8536
8518	8500
8478	8452
8445	8591
8891	10317
11825	10066
9377	8040
7006	6179
5531	5006
4577	4209
3885	3591
3341	3136
2977	2854
2766	2720
2709	2714
2716	2718
2732	2781
2870	2981
3086	3152
3163	3133
3099	3092
3109	3134
3173	3256
3422	3679
4003	4355
4705	5054
5386	5670
5878	6003
6062	6092
6127	6197
6296	6385
6410	6352
6255	6194
6184	6168
6037	5703
5122	4347
3514	2776
2203	1792
1528	1416
1448	1593
1820	2128
2544	3089
3744	4417
4966	5257
5229	4927
4481	4034
3664	3378
3151	2960
2792	2637
2494	2372
2281	2226
2204	2203
2199	2177
2139	2089
2021	1930
1809	1691
1633	1710
1988	2491
3156	3872
4512	5005
5332	5524
5606	5597
5504	5341
5131	4886
4628	4377
4144	3941
3777	3652
3570	3536
3550	3599
3648	3646
3567	3444
3346	3341
3438	3596
3725	3793
3842	4003
4446	5284
6519	8024
9597	11028
12158	12910
13320	13491
13556	13603
13669	13741
13790	13790
13743	13681
13632	13615
13626	13649
13664	13655
13625	13608
13647	13780
14019	14338
14679	14994
15250	15450
15617	15765
15884	15943
15940	15894
15835	15779
15713	15608
15423	15149
14825	14533
14340	14249
14152	13897
13382	12599
11615	10539
9460	8437
7479	6588
5791	5135
4646	4334
4214	4320
4688	5343
6271	7411
8653	9853
10883	11680
12235	12576
12759	12857
12955	13115
13351	13636
13894	14067
14110	14041
13928	13859
13889	13997
14119	14208
14257	14288
14315	14314
14254	14115
13912	13695
13490	13294
13094	12889
12708	12572
12476	12393
12281	12103
11826	11419
10874	10202
9418	8539
7625	6766
6055	5568
5397	5616
6198	7025
7940	8831
9642	10388
11097	11786
12395	12826
13005	12884
12403	11501
10191	8603
6961	5501
4447	3963
4113	4825
5904	7100
8191	9024
9529	9706
9612	9330
8930	8460
7967	7506
7128	6870
6737	6725
6807	6944
7080	7168
7185	7160
7144	7170
7228	7280
7301	7300
7298	7305
7316	7332
7362	7416
7482	7531
7556	7573
7606	7657
7725	7802
7894	7974
8024	8033
8033	8070
8190	8377
8578	8738
8855	8977
9150	9375
9628	9883
10115	10303
10407	10368
10173	9863
9539	9295
9173	9129
9094	9003
8851	8660
8474	8325
8225	8162
8127	8106
8087	8070
8055	8043
8029	8011
8004	8018
8064	8140
8228	8314
8391	8461
8528	8597
8676	8763
8860	8964
9078	9192
9306	9412
9509	9589
9655	9700
9729	9741
9740	9726
9700	9653
9593	9530
9474	9435
9412	9402
9390	9366
9321	9252
9154	9028
8875	8704
8523	8345
8186	8060
7986	7965
7980	8006
8022	8023
8016	8009
8007	8013
8029	8057
8088	8125
8169	8222
8291	8378
8466	8541
8584	8598
8594	8583
8564	8544
8525	8508
8491	8473
8449	8425
8417	8551
8832	10218
11643	9801
9082	7698
6634	5809
5189	4717
4352	4050
3768	3501
3261	3066
2911	2797
2720	2683
2678	2685
2684	2673
2682	2729
2829	2969
3106	3207
3239	3213
3165	3127
3123	3156
3237	3392
3652	4006
4411	4799
5143	5439
5688	5866
5969	6002
6004	6008
6042	6127
6250	6370
6429	6403
6327	6267
6221	6131
5902	5463
4803	3991
3166	2466
1954	1605
1398	1334
1398	1556
1762	2021
2374	2864
3489	4181
4797	5189
5274	5079
4722	4325
3968	3675
3430	3221
3038	2872
2727	2605
2517	2474
2469	2483
2481	2451
2394	2323
2242	2135
2010	1906
1895	2057
2448	3055
3794	4518
5100	5470
5642	5658
5578	5424
5218	4967
4690	4407
4142	3907
3712	3554
3431	3339
3278	3263
3308	3402
3500	3537
3489	3373
3265	3235
3304	3424
3524	3562
3569	3654
3968	4629
5672	7046
8603	10155
11494	12475
13078	13388
13537	13623
13692	13742
13757	13731
13682	13650
13661	13710
13774	13823
13834	13807
13756	13711
13710	13783
13944	14183
14464	14752
15019	15253
15464	15652
15798	15876
15879	15838
15782	15740
15699	15637
15522	15343
15130	14943
14831	14801
14786	14678
14382	13857
13125	12257
11322	10359
9366	8328
7278	6289
5445	4796
4362	4156
4204	4541
5175	6083
7182	8341
9432	10335
10979	11351
11510	11554
11605	11747
12012	12377
12779	13134
13367	13445
13422	13398
13451	13583
13744	13881
13985	14068
14154	14233
14272	14258
14200	14131
14065	13993
13901	13786
13675	13592
13546	13519
13480	13392
13211	12917
12494	11943
11235	10360
9346	8260
7182	6219
5525	5246
5402	5886
6542	7254
7998	8779
9627	10522
11367	12031
12440	12566
12375	11807
10834	9508
7976	6440
5150	4338
4125	4482
5261	6265
7310	8237
8934	9326
9424	9284
8977	8560
8094	7634
7244	6962
6806	6769
6820	6925
7038	7113
7140	7135
7137	7170
7223	7266
7285	7291
7305	7332
7359	7377
7395	7428
7476	7528
7572	7622
7685	7753
7823	7893
7968	8037
8079	8082
8076	8108
8229	8425
8643	8815
8933	9030
9164	9350
9565	9774
9961	10107
10178	10142
9983	9751
9534	9416
9406	9448
9454	9373
9207	9004
8812	8665
8561	8485
8413	8344
8275	8224
8199	8193
8187	8168
8141	8128
8149	8200
8275	8358
8438	8517
8597	8673
8752	8837
8923	9012
9110	9210
9306	9394
9464	9520
9564	9596
9615	9627
9631	9632
9624	9605
9576	9543
9514	9496
9490	9487
9483	9465
9430	9371
9286	9172
9031	8871
8699	8530
8375	8250
8166	8130
8121	8121
8107	8084
8053	8025
8007	8004
8016	8047
8092	8147
8208	8271
8343	8419
8488	8540
8570	8577
8572	8559
8546	8526
8511	8493
8479	8460
8441	8417
8399	8504
8686	10048
11501	9578
8834	7405
6319	5500
4910	4488
4178	3923
3676	3423
3188	2990
2839	2735
2668	2640
2639	2645
2641	2630
2638	2693
2807	2963
3116	3222
3251	3212
3143	3092
3095	3171
3331	3587
3940	4367
4810	5199
5505	5736
5900	5990
6011	5990
5961	5961
6004	6103
6239	6373
6446	6444
6387	6312
6208	6006
5641	5078
4347	3541
2787	2191
1779	1507
1353	1316
1387	1526
1690	1895
2189	2628
3226	3923
4582	5043
5217	5118
4847	4517
4203	3924
3682	3469
3280	3118
2977	2869
2799	2773
2782	2800
2796	2753
2678	2589
2492	2373
2244	2155
2193	2445
2939	3625
4373	5035
5497	5710
5717	5582
5370	5117
4836	4536
4231	3952
3710	3523
3387	3297
3236	3191
3164	3170
3220	3316
3415	3456
3409	3294
3174	3115
3143	3226
3302	3331
3328	3385
3618	4133
4995	6207
7692	9299
10807	12012
12836	13318
13579	13715
13776	13783
13737	13662
13601	13592
13651	13753
13849	13907
13914	13883
13843	13815
13818	13873
13975	14135
14342	14579
14830	15083
15319	15525
15677	15758
15769	15739
15701	15675
15651	15608
15530	15408
15266	15145
15082	15084
15115	15103
14975	14672
14191	13561
12826	12006
11081	10033
8888	7729
6659	5750
5029	4511
4222	4210
4512	5120
5978	6994
8034	8944
9606	9966
10072	10048
10037	10146
10411	10813
11301	11794
12189	12405
12467	12479
12552	12721
12947	13164
13336	13470
13586	13709
13835	13945
14035	14111
14181	14240
14272	14274
14253	14232
14231	14248
14265	14241
14145	13960
13682	13287
12731	11973
11006	9868
8617	7361
6286	5582
5315	5395
5679	6084
6594	7256
8106	9106
10126	11006
11652	12044
12161	11932
11305	10279
8925	7412
5994	4951
4442	4472
4926	5677
6579	7495
8279	8818
9073	9076
8880	8552
8141	7713
7332	7043
6873	6812
6836	6912
6998	7068
7100	7108
7120	7155
7206	7246
7264	7273
7303	7345
7384	7403
7411	7430
7467	7519
7579	7659
7753	7846
7926	7993
8057	8115
8149	8151
8140	8173
8289	8482
8697	8869
8984	9076
9198	9366
9557	9733
9870	9962
9991	9937
9803	9637
9521	9516
9613	9727
9771	9701
9544	9352
9175	9041
8940	8842
8734	8609
8489	8395
8347	8334
8335	8317
8286	8260
8265	8302
8365	8438
8514	8591
8667	8742
8817	8890
8962	9036
9112	9189
9261	9324
9373	9413
9446	9472
9495	9513
9530	9542
9550	9551
9546	9538
9530	9526
9527	9530
9529	9522
9502	9463
9398	9305
9187	9048
8896	8742
8597	8480
8397	8346
8319	8296
8263	8219
8169	8120
8085	8064
8064	8083
8123	8174
8233	8297
8364	8429
8487	8528
8550	8558
8553	8545
8535	8522
8511	8499
8487	8475
8460	8432
8392	8419
8337	9692
11413	9431
8668	7204
6106	5291
4727	4339
4066	3843
3616	3369
3131	2930
2777	2678
2620	2603
2604	2608
2602	2594
2610	2675
2800	2962
3116	3213
3228	3170
3082	3024
3048	3181
3425	3768
4193	4659
5110	5480
5747	5921
6025	6054
6030	5981
5944	5949
6002	6107
6246	6380
6461	6472
6425	6338
6178	5876
5385	4718
3942	3165
2496	2004
1687	1478
1356	1326
1384	1493
1620	1781
2035	2443
3020	3718
4395	4896
5124	5093
4892	4621
4349	4099
3866	3655
3466	3307
3179	3088
3042	3034
3053	3071
3058	3002
2911	2815
2709	2583
2446	2363
2441	2763
3333	4059
4789	5367
5706	5788
5674	5439
5155	4849
4536	4216
3907	3635
3419	3271
3187	3149
3140	3139
3146	3163
3210	3286
3359	3382
3330	3213
3086	3007
3003	3057
3115	3147
3153	3202
3391	3811
4539	5612
7017	8634
10247	11623
12622	13261
13626	13814
13873	13840
13738	13619
13541	13548
13640	13772
13884	13937
13934	13900
13876	13880
13913	13973
14053	14160
14304	14492
14718	14968
15211	15418
15563	15637
15656	15640
15622	15615
15605	15579
15522	15431
15330	15240
15194	15202
15245	15276
15243	15087
14785	14341
13780	13104
12293	11316
10193	8995
7829	6766
5840	5068
4501	4205
4226	4567
5197	6047
6985	7850
8482	8797
8845	8759
8696	8773
9026	9437
9970	10550
11053	11368
11488	11521
11605	11809
12108	12420
12669	12837
12969	13113
13298	13507
13717	13911
14085	14246
14385	14491
14551	14581
14606	14650
14693	14701
14651	14537
14358	14090
13670	13040
12177	11096
9824	8462
7189	6218
5634	5380
5326	5411
5658	6140
6907	7924
9043	10079
10920	11538
11902	11944
11589	10807
9621	8173
6719	5553
4854	4649
4850	5373
6114	6955
7744	8349
8700	8807
8713	8469
8121	7734
7373	7090
6913	6840
6848	6902
6975	7037
7073	7085
7106	7140
7190	7228
7246	7263
7298	7348
7392	7411
7415	7425
7457	7510
7583	7679
7795	7907
7995	8065
8124	8176
8208	8211
8205	8237
8344	8524
8725	8888
9002	9098
9226	9396
9577	9728
9830	9872
9864	9787
9666	9546
9506	9583
9752	9914
9980	9929
9792	9625
9477	9358
9254	9137
8995	8827
8661	8535
8464	8445
8444	8432
8403	8376
8373	8402
8454	8518
8586	8653
8722	8790
8855	8919
8979	9037
9095	9152
9204	9247
9283	9313
9342	9373
9400	9427
9453	9477
9496	9512
9523	9528
9533	9535
9538	9544
9550	9553
9546	9525
9480	9410
9313	9194
9060	8922
8792	8681
8600	8544
8505	8469
8423	8364
8300	8236
8183	8145
8129	8132
8156	8197
8247	8303
8364	8425
8479	8515
8536	8544
8544	8539
8534	8527
8520	8512
8509	8499
8488	8455
8381	8079
7852	5059
