16343	16343
16343	16343
16343	16343
16343	16343
16343	16343
16343	16343
16343	16343
16343	16343
16343	16343
16343	16343
16343	16343
16343	16343
16343	16343
16343	16342
16341	16339
16336	16327
16322	16317
16314	16314
16318	16321
16326	16329
16328	16326
16320	16311
16298	16276
16241	16187
16115	16031
15951	15884
15842	15827
15841	15872
15902	15906
15873	15795
15685	15561
15452	15370
15318	15289
15269	15251
15233	15210
15186	15157
15127	15096
15067	15043
15029	15033
15073	15143
15216	15262
15271	15263
15250	15231
15192	15121
15022	14921
14857	14850
14897	14978
15053	15096
15103	15086
15061	15039
15015	14985
14946	14898
14844	14787
14731	14680
14635	14597
14564	14527
14472	14386
14259	14083
13809	13355
12675	11832
11085	10768
11110	12041
13242	14324
15070	15483
15683	15776
15819	15833
15834	15824
15809	15791
15777	15765
15755	15746
15736	15727
15728	15741
15765	15776
15707	15436
14815	13725
12184	10408
8778	7702
7444	7985
9042	10240
11291	12092
12695	13195
13660	14100
14490	14802
15033	15164
15144	14838
14060	12689
10816	8771
7002	5925
5790	6622
8213	10172
12031	13415
14119	14091
13315	11858
9973	8082
6613	5850
5922	6828
8412	10335
12144	13459
14084	13993
13199	11766
9941	8158
6861	6361
6767	8002
9752	11535
12815	13183
12513	11004
9117	7397
6320	6207
7190	9076
11293	13105
13976	13745
12554	10744
8845	7498
7195	8030
9652	11474
12997	13989
14456	14534
14415	14261
14186	14212
14300	14402
14465	14455
14315	13953
13248	12094
10505	8682
6990	5872
5662	6439
8005	9954
11829	13269
14032	13967
12972	11163
8995	7132
6083	6037
6911	8490
10418	12271
13658	14342
14242	13396
11934	10107
8279	6874
6260	6615
7867	9673
11516	12853
13307	12773
11411	9598
7844	6671
6462	7269
8721	10139
10869	10627
9701	8755
8411	8926
10130	11598
12901	13788
14236	14403
14502	14678
14957	15255
15482	15606
15654	15676
15702	15725
15727	15697
15652	15609
15590	15594
15625	15675
15733	15769
15756	15686
15563	15374
15056	14509
13713	12823
12161	12003
12361	12987
13588	14029
14315	14516
14681	14831
14964	15079
15166	15224
15256	15266
15263	15251
15241	15236
15243	15252
15267	15280
15297	15312
15328	15342
15358	15370
15379	15382
15384	15384
15384	15384
15384	15386
15387	15391
15402	15417
15439	15466
15495	15522
15546	15565
15586	15608
15634	15663
15681	15679
15657	15619
15578	15544
15524	15527
15555	15603
15670	15749
15828	15911
15989	16064
16126	16173
16201	16220
16230	16244
16258	16274
16289	16305
16320	16330
16338	16341
16342	16343
16343	16343
16343	16343
16343	16343
16343	16343
16343	16343
16343	16343
16343	16343
16343	16343
16343	16343
16343	16343
16343	16343
16343	16343
16343	16343
16343	16343
16343	16343
16343	16343
16343	16343
16343	16343
16343	16343
16343	16343
16343	16343
16343	16343
16343	16343
16343	16343
16343	16343
16343	16343
16343	16343
16343	16343
16343	16343
16343	16343
16342	16341
16341	16337
16331	16324
16317	16309
16307	16308
16309	16314
16320	16325
16325	16324
16317	16307
16295	16272
16237	16179
16105	16016
15930	15856
15810	15793
15806	15838
15870	15883
15859	15793
15692	15583
15484	15412
15364	15338
15317	15295
15273	15243
15214	15180
15144	15109
15074	15045
15028	15027
15059	15118
15182	15227
15246	15255
15267	15273
15257	15198
15112	15019
14956	14938
14962	15005
15045	15065
15064	15053
15042	15033
15020	14997
14967	14924
14870	14810
14747	14688
14631	14586
14546	14499
14425	14312
14161	13982
13735	13330
12703	11910
11204	10927
11288	12213
13390	14442
15160	15551
15727	15800
15828	15837
15835	15824
15809	15791
15777	15765
15755	15746
15732	15719
15711	15714
15732	15755
15716	15504
14964	13984
12556	10850
9214	8082
7764	8303
9453	10810
12018	12907
13496	13894
14197	14468
14709	14917
15078	15168
15127	14808
14026	12658
10793	8757
7003	5940
5817	6655
8252	10222
12098	13494
14209	14188
13423	11976
10089	8181
6676	5868
5909	6811
8418	10372
12201	13514
14127	14031
13237	11805
9971	8166
6846	6330
6728	7952
9689	11461
12738	13113
12462	10971
9097	7374
6290	6180
7176	9082
11313	13122
13970	13716
12517	10721
8852	7541
7282	8173
9850	11711
13237	14209
14657	14738
14621	14463
14346	14301
14291	14264
14182	14011
13715	13216
12420	11258
9760	8100
6602	5654
5545	6361
7926	9866
11739	13180
13942	13873
12881	11082
8931	7089
6060	6034
6923	8511
10439	12278
13633	14252
14038	13047
11459	9588
7823	6561
6115	6625
7986	9840
11639	12854
13129	12429
10980	9202
7601	6658
6674	7631
9128	10508
11155	10833
9836	8808
8355	8743
9840	11273
12633	13654
14265	14567
14730	14898
15112	15326
15487	15579
15631	15676
15724	15755
15753	15717
15668	15629
15610	15611
15634	15680
15736	15776
15771	15706
15582	15394
15060	14484
13635	12685
11981	11830
12238	12933
13595	14067
14366	14558
14708	14843
14964	15069
15152	15209
15243	15261
15263	15255
15249	15246
15249	15257
15267	15281
15297	15312
15328	15342
15358	15370
15379	15382
15384	15384
15384	15384
15384	15386
15387	15391
15402	15417
15439	15466
15495	15522
15546	15565
15585	15607
15633	15658
15673	15670
15650	15611
15570	15536
15516	15518
15546	15592
15661	15738
15820	15902
15981	16058
16123	16172
16201	16220
16230	16244
16258	16274
16289	16305
16320	16330
16338	16341
16342	16343
16343	16343
16343	16343
16343	16343
16343	16343
16343	16343
16343	16343
16343	16343
16343	16343
16343	16343
16343	16343
16343	16343
16343	16343
16343	16343
16343	16343
16343	16343
16343	16343
16343	16343
16343	16343
16343	16343
16343	16343
16343	16343
16343	16343
16343	16343
16343	16343
16343	16343
16343	16343
16343	16343
16343	16343
16343	16343
16343	16343
16342	16341
16341	16335
16328	16318
16308	16299
16296	16295
16299	16306
16315	16322
16322	16321
16312	16300
16285	16262
16224	16164
16081	15980
15879	15788
15724	15690
15692	15721
15757	15780
15777	15736
15666	15583
15509	15452
15419	15396
15377	15354
15328	15296
15259	15222
15183	15144
15109	15076
15054	15049
15067	15105
15148	15179
15201	15227
15265	15301
15305	15267
15191	15115
15060	15034
15030	15030
15027	15020
15014	15013
15018	15023
15026	15018
14997	14959
14906	14842
14771	14698
14630	14572
14522	14458
14360	14212
14036	13851
13629	13282
12730	12025
11408	11201
11589	12497
13616	14607
15280	15636
15785	15831
15843	15843
15837	15825
15809	15791
15777	15765
15756	15744
15729	15708
15689	15676
15685	15712
15707	15561
15135	14308
13040	11439
9814	8597
8160	8639
9839	11340
12721	13728
14329	14636
14786	14883
14970	15060
15142	15184
15115	14785
13999	12635
10777	8751
7008	5958
5845	6685
8284	10263
12161	13584
14322	14319
13568	12121
10219	8276
6724	5869
5887	6796
8438	10433
12294	13612
14220	14118
13316	11869
10004	8160
6812	6276
6670	7885
9608	11363
12633	13015
12386	10923
9065	7349
6255	6145
7156	9085
11329	13131
13948	13665
12453	10674
8841	7571
7355	8302
10047	11952
13492	14450
14880	14953
14837	14643
14449	14271
14091	13859
13550	13161
12686	12079
11279	10225
8923	7499
6221	5440
5434	6290
7858	9790
11660	13098
13858	13784
12794	11001
8870	7044
6031	6017
6923	8523
10462	12295
13613	14146
13787	12615
10876	8957
7273	6186
5943	6632
8113	9982
11688	12702
12735	11843
10334	8682
7372	6798
7144	8300
9830	11120
11629	11184
10082	8929
8298	8465
9367	10699
12102	13297
14141	14653
14944	15131
15281	15402
15487	15547
15606	15680
15753	15798
15790	15745
15692	15656
15640	15638
15648	15682
15737	15783
15788	15731
15613	15422
15075	14459
13541	12514
11760	11617
12093	12878
13615	14129
14436	14615
14744	14851
14954	15046
15123	15180
15221	15247
15261	15266
15266	15264
15263	15264
15272	15282
15297	15312
15328	15342
15358	15370
15379	15382
15384	15384
15384	15384
15384	15386
15387	15391
15402	15417
15439	15466
15495	15522
15546	15565
15585	15605
15630	15654
15667	15661
15638	15600
15560	15526
15508	15507
15534	15580
15648	15724
15807	15889
15972	16049
16119	16170
16201	16219
16230	16244
16258	16274
16289	16305
16320	16330
16338	16341
16342	16343
16343	16343
16343	16343
16343	16343
16343	16343
16343	16343
16343	16343
16343	16343
16343	16343
16343	16343
16343	16343
16343	16343
16343	16343
16343	16343
16343	16343
16343	16343
16343	16343
16343	16343
16343	16343
16343	16343
16343	16343
16343	16343
16343	16343
16343	16343
16343	16343
16343	16343
16343	16343
16343	16343
16343	16343
16343	16343
16343	16343
16342	16341
16338	16332
16323	16311
16297	16287
16280	16280
16288	16298
16309	16316
16318	16313
16304	16288
16269	16243
16201	16134
16038	15920
15789	15662
15559	15492
15468	15480
15520	15565
15594	15593
15568	15527
15493	15467
15453	15441
15427	15406
15381	15351
15319	15284
15248	15212
15178	15150
15125	15115
15114	15128
15141	15146
15157	15191
15245	15300
15322	15298
15239	15177
15132	15110
15088	15055
15014	14982
14968	14977
14995	15017
15032	15036
15024	14992
14940	14872
14792	14709
14628	14558
14490	14411
14289	14113
13909	13712
13505	13205
12737	12153
11672	11576
12005	12874
13897	14795
15399	15716
15834	15861
15855	15848
15837	15825
15809	15791
15777	15766
15756	15744
15727	15702
15674	15646
15641	15662
15669	15575
15258	14592
13501	12036
10442	9134
8541	8878
10030	11597
13109	14236
14886	15162
15224	15211
15192	15195
15212	15212
15118	14783
14005	12654
10804	8779
7036	5986
5872	6707
8301	10284
12202	13650
14416	14438
13697	12243
10312	8324
6726	5845
5864	6805
8487	10522
12403	13733
14344	14233
13414	11928
10018	8130
6752	6210
6606	7823
9541	11283
12538	12921
12306	10872
9039	7330
6231	6113
7128	9069
11323	13114
13909	13596
12371	10603
8798	7555
7370	8359
10153	12101
13657	14610
15022	15075
14923	14655
14327	13956
13536	13045
12498	11926
11368	10811
10195	9418
8405	7206
6066	5357
5389	6271
7851	9783
11649	13079
13826	13735
12736	10951
8827	7008
5996	5986
6907	8534
10490	12318
13596	14042
13548	12213
10347	8394
6791	5863
5799	6627
8163	9974
11501	12266
12067	11056
9625	8261
7385	7281
7989	9308
10800	11928
12256	11678
10471	9178
8318	8184
8781	9910
11290	12633
13742	14523
15002	15261
15389	15448
15478	15514
15585	15689
15787	15841
15831	15778
15723	15686
15671	15660
15658	15682
15737	15792
15808	15759
15649	15458
15100	14450
13470	12370
11567	11434
11975	12851
13659	14210
14519	14679
14777	14857
14935	15009
15079	15140
15191	15233
15263	15285
15292	15291
15283	15277
15277	15284
15297	15312
15328	15342
15358	15370
15378	15382
15384	15384
15384	15384
15384	15386
15387	15391
15402	15417
15439	15466
15495	15522
15546	15565
15585	15604
15627	15647
15657	15649
15626	15590
15551	15518
15500	15499
15525	15571
15636	15712
15795	15876
15960	16041
16112	16167
16199	16218
16230	16244
16258	16274
16289	16305
16320	16330
16338	16341
16342	16343
16343	16343
16343	16343
16343	16343
16343	16343
16343	16343
16343	16343
16343	16343
16343	16343
16343	16343
16343	16343
16343	16343
16343	16343
16343	16343
16343	16343
16343	16343
16343	16343
16343	16343
16343	16343
16343	16343
16343	16343
16343	16343
16343	16343
16343	16343
16343	16343
16343	16343
16343	16343
16343	16343
16343	16343
16343	16343
16343	16343
16342	16341
16337	16330
16316	16302
16286	16273
16266	16266
16277	16289
16301	16310
16312	16305
16292	16272
16247	16215
16166	16085
15971	15821
15651	15478
15325	15206
15141	15132
15169	15229
15293	15343
15375	15391
15403	15415
15427	15437
15432	15419
15404	15385
15365	15342
15318	15292
15267	15245
15229	15215
15203	15192
15174	15153
15149	15175
15233	15294
15320	15305
15257	15211
15183	15171
15145	15095
15028	14976
14952	14960
14983	15011
15035	15047
15039	15013
14962	14893
14807	14717
14625	14543
14459	14361
14219	14025
13803	13594
13382	13101
12701	12253
11944	11994
12485	13301
14206	14978
15498	15772
15867	15879
15864	15850
15837	15824
15808	15791
15777	15766
15756	15744
15728	15704
15673	15639
15620	15622
15620	15554
15319	14795
13871	12543
10996	9617
8850	8994
10017	11569
13158	14390
15115	15415
15464	15411
15346	15299
15275	15242
15137	14807
14053	12727
10891	8857
7092	6023
5897	6733
8332	10323
12245	13705
14485	14523
13789	12325
10361	8328
6696	5816
5865	6850
8568	10621
12512	13847
14464	14341
13489	11958
10000	8077
6687	6148
6561	7796
9518	11251
12490	12860
12253	10840
9031	7327
6223	6090
7097	9037
11295	13080
13864	13536
12299	10531
8733	7504
7337	8351
10173	12145
13705	14646
15032	15041
14812	14416
13891	13268
12572	11849
11155	10572
10148	9863
9608	9190
8439	7350
6196	5427
5428	6313
7912	9854
11715	13128
13846	13725
12704	10908
8790	6975
5967	5968
6912	8563
10533	12347
13575	13939
13332	11880
9931	7969
6437	5628
5683	6575
8067	9723
11013	11537
11201	10246
9097	8196
7863	8228
9216	10577
11916	12816
12960	12284
11026	9625
8536	8051
8258	9073
10310	11732
13086	14159
14868	15251
15413	15456
15464	15493
15578	15702
15816	15878
15866	15810
15753	15719
15700	15682
15666	15685
15741	15803
15827	15787
15684	15497
15134	14458
13439	12285
11451	11326
11919	12857
13715	14290
14593	14732
14800	14849
14903	14962
15025	15089
15154	15213
15265	15301
15322	15320
15307	15291
15283	15287
15300	15314
15328	15342
15357	15369
15377	15381
15383	15383
15383	15383
15383	15383
15385	15389
15400	15415
15439	15465
15495	15522
15546	15565
15585	15603
15624	15641
15648	15640
15613	15578
15540	15508
15491	15492
15517	15565
15628	15707
15787	15872
15954	16036
16109	16166
16199	16218
16230	16244
16258	16274
16289	16305
16320	16330
16338	16341
16342	16343
16343	16343
16343	16343
16343	16343
16343	16343
16343	16343
16343	16343
16343	16343
16343	16343
16343	16343
16343	16343
16343	16343
16343	16343
16343	16343
16343	16343
16343	16343
16343	16343
16343	16343
16343	16343
16343	16343
16343	16343
16343	16343
16343	16343
16343	16343
16343	16343
16343	16343
16343	16343
16343	16343
16343	16343
16343	16343
16343	16343
16342	16341
16335	16327
16310	16294
16272	16260
16252	16255
16264	16280
16294	16305
16305	16296
16277	16253
16223	16184
16123	16024
15882	15699
15489	15269
15062	14890
14779	14736
14757	14828
14920	15013
15093	15157
15213	15258
15300	15328
15341	15345
15345	15345
15345	15344
15342	15338
15334	15330
15325	15316
15301	15276
15239	15201
15184	15201
15255	15306
15331	15310
15270	15234
15224	15223
15203	15151
15074	15008
14973	14972
14989	15013
15031	15043
15035	15009
14958	14890
14805	14718
14624	14534
14438	14323
14166	13963
13735	13504
13258	12962
12608	12285
12159	12375
12941	13715
14499	15139
15568	15795
15875	15879
15861	15846
15832	15822
15806	15791
15776	15767
15757	15746
15733	15713
15684	15652
15623	15606
15589	15530
15352	14932
14145	12938
11444	10002
9073	9006
9861	11346
12973	14291
15105	15466
15546	15502
15432	15369
15321	15274
15168	14859
14136	12840
11012	8964
7163	6063
5926	6773
8394	10401
12326	13776
14552	14588
13857	12384
10399	8336
6689	5817
5906	6929
8667	10717
12603	13940
14556	14420
13532	11955
9959	8023
6640	6121
6556	7810
9544	11271
12495	12852
12242	10838
9040	7343
6229	6075
7061	8991
11248	13042
13829	13505
12266	10485
8678	7451
7299	8327
10158	12123
13671	14582
14921	14857
14501	13919
13141	12234
11297	10456
9821	9486
9448	9608
9753	9612
8959	7808
6498	5580
5499	6368
7981	9937
11795	13187
13872	13708
12647	10835
8724	6924
5944	5973
6952	8631
10606	12390
13557	13834
13139	11609
9616	7665
6189	5461
5566	6434
7803	9244
10298	10673
10373	9680
8996	8663
8862	9587
10688	11925
13004	13647
13651	12967
11751	10323
9050	8217
7984	8393
9381	10788
12317	13656
14603	15140
15372	15439
15452	15489
15583	15714
15835	15897
15888	15832
15778	15744
15724	15697
15674	15687
15744	15809
15838	15806
15711	15532
15168	14491
13459	12293
11450	11332
11944	12907
13778	14348
14637	14755
14800	14826
14862	14908
14968	15038
15114	15191
15261	15313
15340	15343
15325	15303
15291	15290
15301	15314
15328	15342
15356	15366
15375	15378
15380	15380
15379	15378
15377	15378
15382	15388
15399	15415
15439	15465
15495	15523
15546	15567
15586	15605
15621	15636
15638	15625
15599	15565
15529	15501
15485	15491
15516	15565
15629	15705
15786	15867
15949	16031
16106	16162
16199	16218
16230	16244
16258	16274
16289	16305
16320	16330
16338	16341
16342	16343
16343	16343
16343	16343
16343	16343
16343	16343
16343	16343
16343	16343
16343	16343
16343	16343
16343	16343
16343	16343
16343	16343
16343	16343
16343	16343
16343	16343
16343	16343
16343	16343
16343	16343
16343	16343
16343	16343
16343	16343
16343	16343
16343	16343
16343	16343
16343	16343
16343	16343
16343	16343
16343	16343
16343	16343
16343	16343
16343	16343
16342	16341
16335	16326
16309	16289
16265	16252
16244	16247
16256	16272
16288	16299
16296	16287
16265	16239
16205	16156
16078	15951
15771	15546
15295	15043
14807	14604
14455	14376
14375	14437
14537	14648
14750	14835
14909	14975
15031	15074
15105	15125
15145	15171
15199	15228
15257	15284
15309	15332
15353	15360
15357	15334
15299	15261
15243	15263
15306	15348
15359	15332
15287	15256
15252	15260
15254	15210
15140	15071
15027	15011
15013	15020
15027	15023
15007	14976
14926	14863
14788	14706
14622	14536
14435	14310
14144	13936
13696	13434
13135	12789
12443	12216
12260	12643
13296	14050
14732	15255
15600	15785
15857	15863
15850	15839
15830	15817
15805	15789
15776	15767
15759	15751
15740	15723
15699	15671
15638	15614
15587	15535
15391	15042
14353	13239
11787	10296
9213	8939
9618	11023
12668	14065
14965	15391
15519	15509
15459	15405
15360	15314
15217	14925
14226	12953
11133	9067
7229	6092
5946	6812
8463	10492
12418	13855
14611	14639
13907	12437
10446	8372
6718	5860
5971	7013
8752	10787
12663	14006
14626	14478
13557	11940
9922	7984
6618	6123
6582	7853
9598	11328
12545	12889
12270	10866
9070	7370
6241	6062
7021	8937
11196	13007
13819	13513
12278	10484
8660	7425
7277	8310
10131	12079
13598	14467
14740	14565
14042	13215
12152	10988
9918	9149
8819	8957
9457	10083
10524	10464
9710	8346
6812	5721
5543	6380
7997	9964
11833	13215
13872	13662
12559	10725
8621	6856
5918	6000
7029	8738
10706	12445
13544	13746
12985	11406
9395	7457
6023	5333
5436	6221
7423	8665
9578	9962
9881	9606
9460	9657
10247	11141
12166	13141
13903	14312
14251	13658
12589	11231
9858	8740
8086	8054
8717	10003
11616	13151
14303	14994
15315	15425
15461	15507
15598	15721
15834	15892
15886	15840
15793	15761
15737	15706
15682	15695
15749	15810
15839	15810
15722	15550
15201	14549
13554	12423
11603	11484
12073	13001
13834	14373
14637	14739
14770	14788
14813	14857
14917	14992
15077	15165
15248	15312
15348	15354
15338	15313
15299	15297
15305	15315
15328	15339
15351	15361
15368	15370
15371	15371
15369	15367
15366	15368
15372	15380
15395	15414
15439	15465
15496	15523
15549	15569
15589	15606
15622	15630
15624	15606
15579	15547
15519	15499
15490	15496
15526	15575
15638	15710
15786	15862
15943	16024
16101	16159
16197	16218
16230	16244
16258	16274
16289	16305
16320	16330
16338	16341
16342	16343
16343	16343
16343	16343
16343	16343
16343	16343
16343	16343
16343	16343
16343	16343
16343	16343
16343	16343
16343	16343
16343	16343
16343	16343
16343	16343
16343	16343
16343	16343
16343	16343
16343	16343
16343	16343
16343	16343
16343	16343
16343	16343
16343	16343
16343	16343
16343	16343
16343	16343
16343	16343
16343	16343
16343	16343
16343	16343
16343	16343
16342	16341
16335	16326
16309	16287
16265	16248
16241	16245
16254	16271
16286	16296
16294	16284
16260	16233
16193	16135
16028	15858
15617	15329
15031	14759
14524	14332
14186	14101
14088	14137
14221	14318
14407	14476
14533	14586
14637	14684
14720	14753
14791	14837
14892	14951
15012	15076
15138	15198
15248	15286
15304	15304
15289	15275
15281	15315
15364	15400
15400	15365
15314	15277
15271	15283
15285	15259
15207	15151
15107	15079
15060	15045
15024	14998
14967	14925
14875	14817
14755	14688
14623	14548
14460	14335
14169	13957
13699	13391
13017	12598
12225	12060
12241	12773
13515	14267
14883	15315
15592	15744
15811	15830
15829	15826
15818	15811
15799	15786
15777	15768
15761	15756
15747	15733
15708	15680
15652	15631
15612	15573
15450	15145
14518	13474
12051	10514
9295	8842
9361	10679
12328	13788
14764	15254
15431	15464
15451	15429
15407	15373
15278	14990
14301	13040
11227	9146
7281	6116
5959	6832
8502	10540
12465	13888
14635	14657
13935	12477
10498	8425
6770	5917
6034	7076
8802	10828
12700	14050
14680	14525
13584	11941
9901	7957
6599	6121
6603	7895
9653	11388
12603	12940
12310	10903
9109	7405
6256	6050
6981	8881
11146	12980
13821	13538
12306	10500
8656	7410
7262	8292
10104	12035
13529	14358
14548	14232
13492	12390
11052	9714
8669	8171
8314	9022
10039	11010
11561	11402
10414	8791
7035	5800
5539	6334
7942	9924
11811	13206
13848	13606
12468	10616
8523	6792
5901	6041
7119	8853
10812	12511
13554	13705
12904	11302
9283	7355
5943	5258
5317	5999
7067	8208
9127	9688
9950	10131
10443	10998
11764	12620
13428	14083
14544	14775
14715	14275
13424	12225
10863	9561
8567	8127
8441	9531
11122	12761
14059	14871
15275	15433
15491	15540
15621	15723
15814	15864
15862	15828
15793	15767
15742	15711
15690	15705
15755	15808
15829	15798
15719	15559
15237	14642
13737	12701
11934	11801
12315	13137
13877	14353
14587	14676
14707	14731
14760	14812
14877	14957
15047	15139
15225	15292
15333	15344
15332	15316
15303	15303
15307	15317
15325	15335
15344	15352
15357	15360
15360	15359
15357	15354
15353	15355
15361	15373
15390	15411
15437	15465
15496	15524
15551	15573
15593	15609
15618	15617
15605	15581
15556	15531
15512	15501
15504	15517
15549	15598
15657	15725
15792	15861
15934	16015
16093	16155
16194	16217
16230	16244
16258	16274
16289	16305
16320	16330
16338	16341
16342	16343
16343	16343
16343	16343
16343	16343
16343	16343
16343	16343
16343	16343
16343	16343
16343	16343
16343	16343
16343	16343
16343	16343
16343	16343
16343	16343
16343	16343
16343	16343
16343	16343
16343	16343
16343	16343
16343	16343
16343	16343
16343	16343
16343	16343
16343	16343
16343	16343
16343	16343
16343	16343
16343	16343
16343	16343
16343	16343
16343	16343
16342	16341
16335	16326
16309	16288
16266	16250
16243	16246
16255	16272
16286	16295
16293	16282
16260	16233
16187	16109
15962	15717
15372	14967
14578	14273
14067	13939
13871	13849
13873	13934
14008	14080
14128	14153
14166	14181
14209	14240
14271	14298
14336	14386
14452	14525
14611	14704
14801	14901
14988	15063
15111	15141
15161	15190
15242	15311
15382	15425
15430	15396
15346	15309
15297	15306
15314	15304
15275	15234
15196	15162
15125	15086
15043	14995
14945	14890
14835	14779
14722	14669
14619	14565
14496	14394
14242	14030
13750	13386
12928	12427
12011	11885
12163	12806
13623	14382
14952	15324
15546	15679
15752	15788
15803	15807
15805	15800
15793	15784
15776	15770
15765	15759
15753	15739
15712	15682
15656	15646
15643	15618
15515	15236
14655	13662
12267	10689
9364	8754
9126	10365
12005	13507
14543	15093
15322	15401
15430	15448
15452	15425
15323	15024
14332	13080
11275	9194
7315	6136
5967	6828
8481	10509
12422	13843
14594	14632
13930	12500
10536	8472
6812	5955
6067	7103
8820	10839
12714	14078
14720	14573
13624	11966
9905	7942
6572	6102
6597	7907
9681	11423
12639	12973
12339	10930
9137	7430
6272	6045
6955	8841
11104	12952
13813	13542
12308	10487
8632	7379
7227	8254
10065	11995
13485	14279
14386	13908
12930	11550
9985	8578
7705	7597
8264	9482
10870	12001
12510	12160
10927	9075
7159	5822
5500	6258
7854	9850
11766	13184
13831	13572
12408	10546
8457	6751
5903	6084
7200	8954
10909	12585
13604	13741
12938	11336
9312	7375
5949	5236
5246	5863
6890	8068
9148	9989
10606	11139
11723	12405
13131	13808
14342	14711
14939	15058
15030	14756
14145	13171
11921	10564
9352	8587
8575	9428
10919	12565
13926	14811
15272	15462
15537	15582
15644	15715
15782	15819
15825	15805
15785	15764
15741	15712
15695	15711
15753	15794
15803	15775
15704	15564
15287	14785
14013	13113
12417	12250
12639	13300
13909	14301
14500	14585
14629	14666
14715	14777
14851	14933
15025	15113
15196	15260
15304	15322
15324	15313
15310	15309
15313	15318
15325	15330
15335	15339
15344	15346
15345	15344
15342	15340
15339	15342
15351	15364
15385	15409
15437	15465
15496	15524
15553	15575
15598	15612
15613	15601
15579	15554
15530	15515
15508	15510
15521	15543
15580	15628
15684	15741
15799	15859
15928	16005
16085	16151
16192	16217
16230	16244
16258	16274
16289	16305
16320	16330
16338	16341
16342	16343
16343	16343
16343	16343
16343	16343
16343	16343
16343	16343
16343	16343
16343	16343
16343	16343
16343	16343
16343	16343
16343	16343
16343	16343
16343	16343
16343	16343
16343	16343
16343	16343
16343	16343
16343	16343
16343	16343
16343	16343
16343	16343
16343	16343
16343	16343
16343	16343
16343	16343
16343	16343
16343	16343
16343	16343
16343	16343
16343	16343
16342	16341
16335	16327
16310	16293
16272	16257
16248	16252
16262	16277
16290	16299
16296	16286
16266	16236
16185	16080
15869	15508
14988	14381
13820	13421
13231	13209
13288	13414
13560	13698
13810	13882
13911	13906
13885	13873
13872	13881
13887	13893
13908	13937
13986	14052
14139	14240
14357	14480
14595	14694
14771	14828
14886	14961
15065	15183
15293	15370
15400	15394
15368	15344
15339	15351
15359	15361
15345	15318
15284	15247
15202	15152
15093	15029
14966	14902
14836	14774
14713	14660
14612	14574
14531	14468
14349	14152
13851	13435
12899	12321
11870	11765
12112	12833
13694	14451
14986	15308
15493	15609
15691	15747
15777	15791
15794	15793
15788	15781
15775	15771
15767	15765
15759	15743
15715	15679
15653	15651
15661	15649
15556	15301
14760	13811
12438	10836
9422	8684
8928	10076
11687	13218
14314	14933
15221	15343
15404	15439
15449	15413
15288	14974
14287	13057
11275	9207
7333	6151
5968	6801
8417	10409
12312	13740
14511	14581
13914	12515
10567	8501
6830	5961
6065	7094
8807	10824
12707	14080
14738	14605
13665	12006
9931	7949
6562	6081
6576	7890
9669	11419
12641	12978
12347	10938
9146	7444
6287	6055
6950	8818
11068	12915
13780	13507
12264	10435
8572	7319
7162	8189
10004	11954
13458	14237
14267	13632
12419	10790
9061	7679
7054	7362
8488	10073
11654	12801
13187	12651
11231	9233
7221	5824
5457	6187
7771	9779
11725	13174
13830	13565
12386	10511
8422	6729
5906	6117
7255	9024
10984	12665
13699	13867
13102	11527
9503	7529
6043	5273
5243	5856
6950	8292
9626	10755
11640	12353
13000	13615
14169	14610
14909	15072
15156	15206
15209	15074
14682	13957
12901	11609
10300	9312
9034	9662
11010	12592
13936	14830
15300	15502
15578	15620
15661	15709
15752	15780
15790	15785
15777	15762
15740	15714
15699	15709
15738	15765
15768	15744
15689	15575
15357	14962
14344	13590
12963	12742
12977	13459
13925	14241
14412	14499
14558	14613
14680	14754
14837	14924
15013	15097
15172	15230
15274	15296
15309	15312
15312	15314
15316	15318
15321	15325
15328	15330
15331	15332
15333	15330
15330	15328
15330	15332
15345	15360
15383	15409
15438	15465
15497	15523
15553	15575
15598	15607
15606	15585
15556	15528
15508	15502
15507	15519
15542	15571
15608	15654
15705	15756
15805	15856
15918	15998
16077	16145
16190	16216
16230	16244
16258	16274
16289	16305
16320	16330
16338	16341
16342	16343
16343	16343
16343	16343
16343	16343
16343	16343
16343	16343
16343	16343
16343	16343
16343	16343
16343	16343
16343	16343
16343	16343
16343	16343
16343	16343
16343	16343
16343	16343
16343	16343
16343	16343
16343	16343
16343	16343
16343	16343
16343	16343
16343	16343
16343	16343
16343	16343
16343	16343
16343	16343
16343	16343
16343	16343
16343	16343
16343	16343
16342	16341
16336	16328
16315	16296
16281	16266
16258	16261
16270	16283
16296	16304
16302	16292
16275	16245
16185	16045
15752	15229
14464	13559
12717	12135
11906	11975
12225	12548
12873	13152
13366	13511
13594	13630
13645	13652
13661	13662
13653	13633
13620	13613
13628	13663
13719	13802
13907	14028
14145	14250
14334	14402
14478	14586
14730	14895
15050	15175
15255	15298
15321	15339
15362	15390
15414	15426
15417	15396
15362	15323
15277	15225
15165	15104
15035	14964
14890	14813
14738	14668
14614	14579
14563	14540
14470	14299
13991	13531
12938	12306
11834	11748
12146	12907
13785	14527
15026	15306
15460	15563
15650	15717
15760	15782
15788	15787
15785	15780
15775	15771
15768	15767
15763	15751
15726	15694
15672	15671
15680	15662
15572	15334
14830	13923
12579	10965
9480	8624
8729	9760
11315	12857
14022	14725
15080	15241
15310	15332
15313	15239
15091	14780
14130	12950
11218	9183
7332	6159
5966	6766
8337	10293
12188	13631
14434	14539
13909	12534
10594	8515
6821	5931
6024	7050
8764	10784
12663	14038
14706	14590
13673	12030
9964	7983
6593	6103
6580	7874
9635	11386
12620	12978
12356	10945
9148	7449
6302	6072
6960	8805
11033	12867
13729	13449
12205	10373
8512	7251
7078	8084
9896	11864
13405	14196
14180	13416
12012	10187
8353	7037
6656	7310
8761	10556
12203	13287
13555	12888
11365	9301
7249	5822
5431	6140
7714	9735
11706	13179
13846	13579
12385	10491
8391	6705
5896	6126
7275	9050
11023	12737
13822	14062
13376	11864
9854	7827
6244	5375
5293	5941
7166	8733
10326	11686
12706	13448
14016	14472
14820	15059
15190	15237
15245	15260
15277	15235
15020	14531
13694	12534
11224	10122
9671	10126
11334	12812
14078	14913
15354	15542
15613	15647
15674	15703
15731	15752
15765	15768
15767	15759
15741	15719
15701	15697
15710	15722
15725	15717
15680	15600
15435	15139
14652	14023
13445	13164
13251	13572
13924	14186
14345	14439
14512	14581
14657	14740
14830	14918
15005	15084
15155	15209
15251	15279
15299	15308
15314	15318
15318	15320
15322	15323
15324	15324
15325	15325
15325	15324
15326	15327
15330	15337
15348	15366
15389	15413
15441	15467
15493	15521
15548	15572
15590	15599
15590	15569
15537	15509
15494	15494
15507	15527
15555	15589
15629	15673
15722	15766
15808	15855
15916	15992
16074	16143
16190	16216
16230	16244
16258	16274
16289	16305
16320	16330
16338	16341
16342	16343
16343	16343
16343	16343
16343	16343
16343	16343
16343	16343
16343	16343
16343	16343
16343	16343
16343	16343
16343	16343
16343	16343
16343	16343
16343	16343
16343	16343
16343	16343
16343	16343
16343	16343
16343	16343
16343	16343
16343	16343
16343	16343
16343	16343
16343	16343
16343	16343
16343	16343
16343	16343
16343	16343
16343	16343
16343	16343
16343	16343
16342	16341
16337	16330
16318	16305
16290	16278
16270	16273
16281	16292
16302	16309
16308	16300
16287	16255
16183	16006
15619	14917
13869	12604
11396	10542
10183	10268
10633	11116
11604	12036
12396	12680
12903	13079
13220	13332
13414	13462
13477	13471
13454	13444
13438	13445
13468	13512
13582	13667
13755	13830
13891	13943
14012	14121
14277	14464
14654	14826
14959	15063
15143	15212
15279	15344
15402	15440
15455	15443
15415	15375
15335	15291
15245	15194
15131	15059
14980	14892
14800	14712
14642	14605
14602	14615
14585	14443
14140	13658
13028	12367
11891	11830
12263	13047
13916	14630
15091	15342
15471	15562
15640	15708
15752	15776
15782	15785
15784	15780
15775	15772
15772	15769
15770	15763
15749	15729
15718	15711
15707	15669
15573	15348
14879	14021
12715	11097
9551	8566
8499	9357
10795	12315
13542	14340
14769	14954
15004	14979
14905	14791
14641	14379
13824	12755
11114	9143
7324	6166
5962	6730
8256	10184
12079	13550
14392	14532
13927	12569
10629	8532
6809	5884
5960	6978
8685	10695
12564	13934
14608	14515
13629	12023
9993	8038
6666	6165
6614	7863
9595	11336
12597	12991
12398	10993
9185	7470
6319	6085
6951	8766
10968	12795
13666	13406
12174	10349
8486	7205
6988	7941
9720	11698
13287	14125
14111	13277
11745	9784
7884	6629
6421	7289
8908	10778
12406	13423
13608	12884
11336	9270
7229	5804
5406	6099
7670	9699
11692	13183
13867	13597
12391	10477
8360	6668
5868	6104
7252	9026
11020	12780
13942	14285
13714	12311
10352	8286
6579	5565
5384	6032
7365	9116
10911	12413
13487	14187
14645	14945
15125	15212
15236	15221
15202	15199
15224	15234
15147	14848
14214	13210
11968	10855
10338	10702
11801	13158
14303	15040
15416	15574
15631	15659
15680	15702
15721	15739
15752	15761
15764	15760
15749	15727
15705	15686
15676	15676
15686	15699
15685	15627
15495	15246
14834	14281
13736	13409
13395	13612
13900	14140
14302	14405
14486	14561
14647	14733
14827	14916
15002	15080
15147	15199
15240	15271
15291	15307
15316	15318
15320	15321
15321	15321
15321	15321
15321	15321
15322	15325
15328	15334
15340	15353
15365	15382
15402	15424
15448	15472
15495	15518
15540	15560
15574	15579
15569	15549
15520	15497
15485	15490
15506	15531
15563	15598
15638	15681
15728	15769
15809	15853
15911	15986
16070	16141
16188	16215
16230	16244
16258	16274
16289	16305
16320	16330
16338	16341
16342	16343
16343	16343
16343	16343
16343	16343
16343	16343
16343	16343
16343	16343
16343	16343
16343	16343
16343	16343
16343	16343
16343	16343
16343	16343
16343	16343
16343	16343
16343	16343
16343	16343
16343	16343
16343	16343
16343	16343
16343	16343
16343	16343
16343	16343
16343	16343
16343	16343
16343	16343
16343	16343
16343	16343
16343	16343
16343	16343
16343	16343
16342	16341
16338	16332
16322	16310
16296	16287
16281	16282
16291	16301
16309	16314
16314	16307
16295	16263
16179	15970
15497	14626
13307	11685
10099	8922
8359	8360
8726	9254
9812	10334
10803	11227
11614	11972
12292	12566
12787	12947
13056	13137
13199	13254
13300	13333
13359	13387
13420	13462
13503	13531
13549	13567
13604	13685
13817	13989
14180	14367
14533	14676
14792	14896
15000	15111
15220	15320
15385	15411
15406	15383
15359	15336
15310	15277
15229	15169
15094	15003
14903	14804
14721	14674
14674	14698
14689	14565
14270	13781
13134	12464
12001	11972
12433	13224
14073	14757
15192	15418
15531	15602
15666	15719
15756	15774
15781	15783
15783	15780
15775	15773
15773	15773
15776	15778
15780	15780
15778	15769
15742	15684
15579	15374
14949	14153
12899	11297
9690	8554
8254	8855
10080	11499
12729	13594
14083	14286
14302	14221
14086	13961
13870	13746
13380	12503
11012	9127
7344	6182
5952	6674
8151	10054
11961	13469
14358	14541
13969	12633
10699	8585
6827	5859
5894	6877
8552	10536
12393	13767
14462	14407
13567	12007
10029	8118
6762	6250
6652	7843
9524	11257
12549	13007
12474	11097
9282	7545
6360	6087
6902	8660
10831	12663
13583	13382
12196	10397
8531	7208
6913	7769
9479	11451
13093	14013
14052	13216
11631	9600
7657	6418
6268	7190
8819	10645
12202	13155
13309	12594
11092	9098
7123	5743
5357	6048
7612	9640
11644	13155
13860	13605
12397	10471
8342	6644
5840	6066
7198	8963
10966	12771
14012	14469
14054	12815
10970	8913
7089	5884
5523	6065
7387	9205
11093	12676
13781	14460
14850	15047
15103	15074
15015	14968
14951	14961
15000	15043
15037	14873
14412	13574
12470	11450
10978	11326
12341	13568
14565	15180
15478	15599
15642	15665
15683	15700
15717	15733
15748	15760
15765	15766
15759	15742
15716	15682
15652	15642
15662	15694
15703	15648
15502	15234
14818	14276
13749	13417
13376	13566
13845	14096
14274	14388
14475	14555
14641	14730
14826	14915
15001	15077
15144	15196
15236	15268
15290	15306
15316	15319
15320	15321
15321	15321
15321	15321
15321	15321
15323	15328
15334	15346
15360	15376
15392	15408
15425	15441
15460	15477
15495	15513
15528	15541
15551	15553
15545	15525
15503	15485
15480	15487
15506	15534
15565	15602
15643	15685
15731	15772
15811	15854
15910	15986
16070	16141
16188	16215
16230	16244
16258	16274
16289	16305
16320	16330
16338	16341
16342	16343
16343	16343
16343	16343
16343	16343
16343	16343
16343	16343
16343	16343
16343	16343
16343	16343
16343	16343
16343	16343
16343	16343
16343	16343
16343	16343
16343	16343
16343	16343
16343	16343
16343	16343
16343	16343
16343	16343
16343	16343
16343	16343
16343	16343
16343	16343
16343	16343
16343	16343
16343	16343
16343	16343
16343	16343
16343	16343
16343	16343
16342	16341
16338	16333
16324	16314
16302	16293
16288	16291
16296	16307
16315	16321
16320	16315
16300	16267
16176	15937
15398	14395
12860	10950
9043	7573
6781	6618
6873	7322
7824	8318
8802	9277
9759	10236
10696	11118
11486	11792
12052	12282
12500	12708
12889	13034
13143	13222
13283	13325
13353	13362
13354	13346
13356	13399
13482	13606
13757	13919
14069	14199
14304	14402
14514	14656
14821	14991
15131	15224
15267	15286
15296	15308
15317	15317
15295	15258
15199	15123
15031	14934
14846	14791
14777	14786
14772	14650
14356	13865
13213	12549
12109	12117
12610	13405
14231	14886
15298	15516
15617	15674
15714	15744
15767	15778
15782	15784
15783	15780
15775	15773
15773	15776
15780	15789
15802	15815
15823	15808
15767	15699
15602	15432
15073	14358
13186	11625
9971	8670
8088	8341
9244	10435
11560	12409
12920	13124
13116	12985
12833	12761
12828	12956
12887	12285
10995	9211
7444	6239
5942	6582
7986	9847
11758	13319
14276	14530
14025	12742
10846	8739
6949	5921
5873	6769
8366	10296
12138	13540
14298	14315
13544	12053
10131	8259
6904	6355
6679	7783
9394	11106
12440	12992
12562	11263
9478	7725
6491	6135
6846	8504
10610	12456
13457	13369
12287	10549
8691	7320
6917	7637
9228	11158
12847	13866
14009	13243
11686	9650
7686	6401
6173	6972
8446	10114
11546	12441
12611	11981
10614	8774
6936	5648
5294	5978
7519	9529
11528	13061
13802	13585
12405	10498
8376	6675
5855	6045
7132	8857
10849	12681
13997	14577
14340	13317
11672	9701
7809	6401
5780	6071
7205	8905
10757	12360
13509	14220
14598	14734
14694	14555
14424	14372
14404	14476
14546	14605
14638	14573
14272	13636
12743	11921
11584	11963
12902	13979
14817	15309
15532	15616
15647	15666
15683	15699
15717	15731
15746	15760
15768	15771
15771	15761
15732	15687
15647	15632
15659	15707
15725	15650
15448	15093
14590	14000
13471	13179
13193	13440
13768	14055
14255	14381
14471	14554
14641	14730
14825	14914
15000	15075
15140	15192
15234	15265
15290	15305
15315	15319
15320	15321
15321	15321
15321	15321
15321	15322
15324	15330
15344	15363
15386	15409
15427	15441
15453	15464
15474	15484
15496	15507
15514	15520
15522	15521
15515	15501
15487	15475
15475	15485
15506	15534
15565	15602
15643	15685
15731	15771
15810	15853
15910	15986
16070	16141
16188	16215
16230	16244
16258	16274
16289	16305
16320	16330
16338	16341
16342	16343
16343	16343
16343	16343
16343	16343
16343	16343
16343	16343
16343	16343
16343	16343
16343	16343
16343	16343
16343	16343
16343	16343
16343	16343
16343	16343
16343	16343
16343	16343
16343	16343
16343	16343
16343	16343
16343	16343
16343	16343
16343	16343
16343	16343
16343	16343
16343	16343
16343	16343
16343	16343
16343	16343
16343	16343
16343	16343
16343	16343
16342	16341
16340	16335
16326	16317
16306	16297
16293	16295
16301	16309
16317	16322
16323	16317
16300	16266
16168	15910
15327	14239
12569	10473
8354	6671
5674	5329
5409	5695
6048	6417
6804	7219
7663	8134
8619	9098
9553	9970
10356	10733
11115	11493
11849	12165
12426	12645
12822	12964
13066	13133
13170	13192
13210	13242
13294	13370
13467	13578
13676	13750
13800	13854
13932	14069
14256	14474
14677	14838
14945	15022
15083	15141
15194	15236
15260	15262
15238	15189
15119	15036
14955	14892
14858	14839
14793	14648
14343	13846
13196	12548
12147	12211
12747	13560
14372	15002
15394	15603
15699	15743
15762	15771
15778	15783
15784	15784
15783	15780
15775	15774
15774	15775
15782	15792
15808	15824
15831	15813
15769	15709
15643	15524
15242	14633
13572	12093
10445	9012
8156	8030
8528	9375
10264	10980
11432	11612
11588	11457
11359	11434
11757	12226
12515	12228
11157	9478
7703	6428
6015	6528
7812	9587
11469	13069
14112	14475
14082	12917
11123	9071
7273	6171
6003	6747
8198	10019
11831	13281
14138	14267
13610	12225
10394	8571
7210	6591
6803	7769
9260	10914
12280	12939
12660	11506
9822	8097
6822	6362
6919	8407
10388	12214
13308	13384
12470	10863
9062	7665
7140	7677
9088	10913
12604	13712
13982	13353
11915	9966
8017	6645
6216	6728
7884	9270
10511	11336
11566	11114
9996	8422
6801	5636
5312	5952
7415	9360
11332	12888
13685	13545
12441	10595
8510	6816
5961	6084
7082	8729
10674	12510
13885	14589
14548	13791
12418	10643
8777	7214
6289	6207
6959	8340
9978	11499
12667	13423
13818	13914
13787	13565
13402	13412
13575	13764
13877	13917
13933	13923
13781	13389
12794	12254
12122	12565
13429	14347
15034	15410
15571	15627
15651	15666
15683	15699
15716	15731
15745	15760
15768	15775
15778	15772
15749	15707
15663	15649
15681	15733
15745	15639
15352	14867
14220	13529
12983	12763
12894	13261
13677	14016
14242	14376
14470	14554
14641	14730
14825	14914
15000	15075
15140	15192
15234	15265
15290	15305
15315	15319
15320	15321
15321	15321
15321	15321
15321	15322
15325	15335
15354	15383
15418	15447
15466	15478
15485	15488
15491	15493
15495	15496
15497	15494
15493	15488
15483	15475
15469	15465
15470	15484
15507	15534
15566	15603
15644	15686
15731	15772
15811	15854
15910	15986
16070	16141
16188	16215
16230	16244
16258	16274
16289	16305
16320	16330
16338	16341
16342	16343
16343	16343
16343	16343
16343	16343
16343	16343
16343	16343
16343	16343
16343	16343
16343	16343
16343	16343
16343	16343
16343	16343
16343	16343
16343	16343
16343	16343
16343	16343
16343	16343
16343	16343
16343	16343
16343	16343
16343	16343
16343	16343
16343	16343
16343	16343
16343	16343
16343	16343
16343	16343
16343	16343
16343	16343
16343	16343
16343	16343
16342	16341
16339	16333
16325	16315
16305	16295
16293	16294
16301	16308
16317	16323
16323	16319
16300	16264
16162	15893
15292	14170
12453	10297
8093	6292
5149	4628
4520	4610
4778	4976
5210	5479
5786	6134
6523	6944
7380	7808
8227	8653
9101	9575
10050	10507
10936	11329
11688	12003
12267	12479
12643	12776
12889	12983
13071	13160
13253	13336
13395	13417
13410	13402
13431	13521
13681	13887
14101	14291
14445	14570
14680	14789
14892	14984
15054	15101
15120	15109
15072	15018
14955	14893
14836	14775
14678	14490
14156	13640
12989	12363
12026	12177
12798	13660
14478	15085
15460	15656
15746	15781
15789	15788
15786	15785
15785	15785
15783	15780
15775	15773
15773	15776
15780	15788
15797	15804
15800	15780
15744	15707
15673	15611
15410	14921
14010	12684
11124	9666
8631	8189
8296	8748
9304	9780
10086	10202
10172	10095
10126	10419
11038	11835
12444	12434
11568	10006
8255	6914
6375	6719
7820	9435
11216	12800
13910	14392
14158	13179
11572	9665
7922	6779
6479	7028
8257	9895
11607	13064
14007	14273
13775	12571
10910	9204
7871	7184
7250	8018
9319	10841
12178	12923
12819	11878
10385	8783
7527	6980
7352	8598
10367	12089
13236	13483
12800	11414
9767	8405
7775	8090
9243	10873
12480	13622
14015	13566
12343	10582
8725	7279
6592	6710
7430	8434
9414	10143
10471	10283
9531	8324
6980	5949
5615	6136
7429	9225
11122	12682
13550	13516
12536	10810
8820	7156
6260	6278
7141	8652
10504	12307
13720	14536
14695	14222
13182	11694
9985	8368
7185	6674
6915	7789
9027	10309
11385	12135
12528	12597
12426	12188
12095	12274
12653	12999
13136	13087
13001	12974
12957	12824
12575	12392
12525	13068
13872	14648
15195	15481
15597	15635
15653	15666
15683	15699
15716	15731
15745	15760
15768	15775
15779	15778
15763	15734
15702	15694
15720	15763
15763	15621
15255	14634
13822	13003
12425	12278
12557	13069
13591	13984
14230	14372
14470	14553
14640	14730
14825	14914
15000	15075
15140	15192
15234	15265
15290	15305
15315	15319
15320	15321
15321	15321
15321	15321
15321	15322
15327	15341
15365	15405
15448	15485
15507	15517
15518	15514
15507	15499
15492	15485
15477	15468
15458	15451
15448	15449
15450	15455
15466	15482
15505	15534
15566	15603
15644	15686
15731	15772
15811	15854
15910	15986
16070	16141
16188	16215
16230	16244
16258	16274
16289	16305
16320	16330
16338	16341
16342	16343
16343	16343
16343	16343
16343	16343
16343	16343
16343	16343
16343	16343
16343	16343
16343	16343
16343	16343
16343	16343
16343	16343
16343	16343
16343	16343
16343	16343
16343	16343
16343	16343
16343	16343
16343	16343
16343	16343
16343	16343
16343	16343
16343	16343
16343	16343
16343	16343
16343	16343
16343	16343
16343	16343
16343	16343
16343	16343
16343	16343
16342	16341
16339	16333
16325	16315
16303	16294
16290	16292
16300	16308
16317	16321
16323	16317
16299	16263
16162	15902
15318	14236
12580	10493
8335	6523
5289	4609
4301	4184
4150	4158
4210	4302
4437	4612
4842	5128
5456	5795
6134	6486
6874	7306
7777	8273
8780	9295
9797	10272
10697	11071
11396	11696
11975	12233
12465	12677
12861	13005
13094	13125
13117	13095
13096	13145
13246	13390
13556	13723
13880	14024
14159	14292
14424	14545
14651	14731
14786	14813
14812	14790
14748	14693
14621	14517
14357	14109
13721	13171
12507	11924
11684	11971
12726	13680
14533	15136
15487	15666
15746	15776
15785	15785
15785	15785
15785	15785
15783	15780
15775	15773
15773	15773
15776	15775
15774	15762
15744	15715
15691	15677
15678	15657
15536	15174
14452	13352
12011	10683
9635	9025
8840	8942
9150	9335
9439	9460
9436	9452
9645	10146
10980	11970
12748	12907
12229	10842
9215	7901
7280	7447
8309	9666
11234	12697
13792	14356
14287	13548
12224	10573
9003	7909
7524	7873
8832	10198
11699	13047
13992	14355
14043	13095
11713	10241
9029	8334
8262	8803
9832	11116
12317	13068
13114	12430
11225	9861
8730	8161
8358	9308
10761	12262
13355	13724
13290	12205
10830	9610
8940	9034
9876	11207
12618	13691
14153	13889
12942	11478
9831	8403
7513	7247
7511	8097
8787	9406
9825	9921
9574	8770
7723	6825
6439	6762
7783	9325
11048	12548
13461	13547
12741	11212
9391	7814
6895	6790
7475	8795
10485	12195
13597	14492
14822	14612
13906	12770
11331	9814
8496	7626
7341	7619
8311	9191
10033	10673
11019	11080
10943	10805
10901	11340
11967	12447
12555	12341
12059	11924
11953	12040
12135	12333
12763	13443
14217	14879
15313	15529
15612	15640
15653	15666
15683	15699
15716	15731
15745	15759
15766	15772
15774	15773
15771	15763
15753	15752
15770	15795
15772	15604
15185	14463
13514	12565
11939	11848
12255	12905
13525	13966
14229	14372
14469	14553
14640	14730
14825	14914
15000	15075
15140	15192
15234	15265
15290	15305
15315	15319
15320	15321
15321	15321
15321	15321
15321	15322
15328	15344
15377	15424
15479	15523
15549	15557
15550	15536
15520	15505
15486	15472
15457	15443
15427	15418
15414	15421
15432	15447
15462	15481
15505	15534
15566	15603
15644	15686
15731	15772
15811	15854
15910	15986
16070	16141
16188	16215
16230	16244
16258	16274
16289	16305
16320	16330
16338	16341
16342	16343
16343	16343
16343	16343
16343	16343
16343	16343
16343	16343
16343	16343
16343	16343
16343	16343
16343	16343
16343	16343
16343	16343
16343	16343
16343	16343
16343	16343
16343	16343
16343	16343
16343	16343
16343	16343
16343	16343
16343	16343
16343	16343
16343	16343
16343	16343
16343	16343
16343	16343
16343	16343
16343	16343
16343	16343
16343	16343
16343	16343
16342	16341
16339	16332
16324	16314
16302	16293
16290	16292
16300	16308
16317	16322
16324	16318
16304	16268
16179	15946
15431	14477
13006	11135
9161	7440
6171	5349
4834	4484
4217	4003
3840	3737
3689	3696
3769	3904
4092	4294
4495	4708
4949	5238
5589	5994
6454	6951
7466	7976
8460	8910
9345	9794
10259	10728
11179	11597
11965	12261
12478	12618
12708	12768
12823	12892
12970	13063
13165	13281
13402	13526
13649	13771
13892	14007
14113	14202
14271	14315
14338	14341
14322	14277
14186	14039
13818	13497
13040	12441
11770	11238
11124	11594
12532	13623
14542	15155
15488	15642
15708	15736
15753	15766
15776	15780
15784	15784
15783	15780
15775	15773
15773	15771
15771	15761
15742	15706
15665	15627
15608	15614
15640	15659
15606	15375
14868	14061
13039	11983
11092	10484
10159	10021
9953	9886
9806	9744
9737	9841
10148	10745
11617	12580
13330	13541
13040	11928
10574	9432
8823	8843
9439	10461
11705	12920
13886	14442
14497	14007
13027	11744
10474	9551
9174	9368
10047	11071
12246	13353
14176	14550
14398	13737
12723	11591
10622	10014
9870	10193
10910	11859
12797	13441
13573	13143
12283	11257
10362	9862
9928	10578
11643	12806
13717	14105
13878	13133
12118	11157
10543	10484
11016	11993
13097	13991
14421	14296
13633	12536
11216	9961
9015	8503
8417	8654
9082	9576
10039	10342
10316	9862
9096	8327
7888	7983
8666	9847
11279	12608
13491	13679
13083	11832
10279	8882
7997	7793
8278	9348
10794	12319
13627	14529
14961	14951
14534	13746
12649	11370
10100	9046
8363	8114
8253	8657
9156	9593
9858	9935
9911	9969
10316	11004
11806	12338
12355	11942
11426	11116
11106	11321
11687	12220
12927	13737
14493	15063
15404	15564
15623	15643
15653	15666
15683	15699
15716	15731
15745	15759
15764	15765
15766	15765
15772	15787
15801	15811
15815	15814
15771	15595
15160	14387
13341	12292
11603	11533
12030	12788
13480	13956
14227	14374
14470	14553
14640	14730
14825	14914
15000	15075
15140	15192
15234	15265
15290	15305
15315	15319
15320	15321
15321	15321
15321	15321
15321	15323
15330	15349
15387	15444
15506	15559
15586	15592
15579	15559
15533	15506
15480	15457
15435	15412
15395	15382
15382	15394
15414	15436
15457	15480
15503	15534
15565	15603
15644	15686
15731	15772
15811	15854
15910	15986
16070	16141
16188	16215
16230	16244
16258	16274
16289	16305
16320	16330
16338	16341
16342	16343
16343	16343
16343	16343
16343	16343
16343	16343
16343	16343
16343	16343
16343	16343
16343	16343
16343	16343
16343	16343
16343	16343
16343	16343
16343	16343
16343	16343
16343	16343
16343	16343
16343	16343
16343	16343
16343	16343
16343	16343
16343	16343
16343	16343
16343	16343
16343	16343
16343	16343
16343	16343
16343	16343
16343	16343
16343	16343
16343	16343
16342	16341
16339	16332
16325	16315
16305	16296
16293	16294
16301	16308
16317	16321
16323	16320
16306	16280
16209	16026
15623	14869
13694	12169
10510	8988
7766	6849
6143	5550
5013	4519
4087	3742
3494	3340
3271	3279
3342	3421
3491	3555
3637	3757
3935	4177
4482	4845
5244	5655
6067	6478
6922	7424
7992	8601
9218	9811
10355	10830
11226	11556
11843	12100
12328	12523
12674	12786
12878	12968
13062	13160
13254	13341
13424	13505
13580	13646
13701	13741
13767	13778
13767	13718
13612	13425
13146	12753
12229	11574
10895	10426
10455	11124
12274	13525
14533	15167
15483	15611
15656	15683
15712	15742
15764	15777
15782	15784
15783	15780
15775	15773
15772	15770
15765	15748
15711	15653
15590	15541
15522	15539
15583	15629
15633	15521
15229	14722
14053	13336
12694	12207
11874	11631
11411	11198
11017	10921
10937	11086
11412	11951
12669	13420
13992	14173
13847	13077
12104	11249
10749	10689
11037	11713
12577	13459
14197	14653
14757	14479
13843	12967
12074	11407
11119	11224
11657	12334
13138	13920
14528	14836
14785	14389
13742	12999
12336	11894
11747	11907
12331	12921
13531	13986
14127	13904
13376	12710
12104	11744
11746	12132
12808	13587
14224	14536
14444	14003
13372	12731
12274	12151
12440	13069
13833	14460
14779	14717
14294	13562
12631	11671
10850	10286
10031	10054
10287	10656
11084	11451
11590	11368
10837	10217
9771	9687
10051	10835
11883	12924
13677	13912
13534	12622
11433	10314
9556	9306
9602	10384
11506	12742
13853	14666
15112	15211
15001	14505
13751	12796
11744	10728
9887	9316
9048	9043
9202	9410
9579	9686
9799	10059
10598	11409
12238	12717
12626	12070
11388	10924
10822	11061
11572	12304
13175	14042
14747	15220
15477	15590
15629	15644
15653	15667
15683	15699
15716	15731
15745	15757
15761	15762
15756	15755
15769	15798
15831	15848
15843	15823
15766	15592
15165	14387
13298	12171
11419	11343
11889	12715
13457	13956
14231	14376
14470	14553
14640	14730
14825	14914
15000	15075
15140	15192
15234	15265
15290	15305
15315	15319
15320	15321
15321	15321
15321	15321
15322	15324
15331	15353
15395	15460
15533	15591
15622	15624
15607	15580
15545	15510
15477	15445
15415	15388
15364	15351
15351	15369
15397	15427
15453	15479
15503	15534
15565	15603
15644	15686
15731	15771
15810	15853
15910	15986
16070	16141
16188	16215
16229	16244
16258	16274
16289	16305
16319	16330
16338	16341
16342	16343
16343	16343
16343	16343
16343	16343
16343	16343
16343	16343
16343	16343
16343	16343
16343	16343
16343	16343
16343	16343
16343	16343
16343	16343
16343	16343
16343	16343
16343	16343
16343	16343
16343	16343
16343	16343
16343	16343
16343	16343
16343	16343
16343	16343
16343	16343
16343	16343
16343	16343
16343	16343
16343	16343
16343	16343
16343	16343
16343	16343
16342	16341
16340	16335
16327	16319
16308	16302
16297	16298
16303	16310
16317	16322
16322	16320
16310	16289
16241	16118
15844	15323
14494	13383
12126	10902
9827	8910
8092	7305
6507	5703
4945	4297
3808	3468
3260	3153
3112	3086
3056	3005
2958	2936
2955	3028
3162	3354
3590	3852
4131	4436
4791	5228
5751	6337
6954	7575
8174	8743
9283	9806
10326	10833
11306	11711
12029	12260
12435	12580
12714	12830
12925	12997
13060	13114
13164	13202
13236	13259
13269	13268
13245	13185
13053	12833
12503	12056
11472	10774
10088	9678
9843	10701
12046	13444
14532	15185
15488	15586
15613	15635
15673	15720
15754	15774
15780	15783
15783	15780
15775	15773
15772	15770
15763	15743
15696	15625
15546	15487
15463	15482
15531	15593
15635	15613
15485	15225
14858	14440
14043	13712
13444	13203
12964	12729
12549	12467
12497	12637
12889	13267
13736	14204
14554	14673
14499	14051
13459	12914
12574	12492
12673	13059
13585	14140
14619	14922
15005	14859
14497	13979
13440	13034
12859	12916
13162	13554
14033	14513
14899	15111
15110	14910
14559	14144
13762	13499
13398	13462
13661	13956
14273	14529
14634	14540
14266	13900
13552	13337
13324	13525
13893	14329
14697	14886
14854	14646
14334	14001
13737	13637
13770	14125
14573	14944
15121	15072
14817	14379
13805	13173
12586	12138
11877	11819
11934	12176
12495	12798
12957	12859
12517	12068
11692	11530
11666	12107
12761	13460
14000	14213
14018	13452
12674	11909
11352	11123
11264	11756
12516	13396
14225	14864
15247	15378
15285	14999
14531	13904
13154	12358
11597	10971
10530	10288
10211	10243
10332	10464
10671	11031
11611	12361
13057	13414
13266	12702
12009	11495
11320	11510
12019	12767
13622	14410
14995	15354
15532	15606
15634	15645
15654	15667
15686	15700
15717	15732
15747	15757
15763	15760
15752	15750
15765	15800
15840	15860
15851	15823
15759	15589
15180	14412
13308	12133
11326	11226
11794	12662
13437	13950
14228	14373
14467	14551
14639	14730
14825	14914
15000	15074
15139	15190
15232	15264
15289	15305
15315	15319
15320	15321
15321	15321
15321	15321
15322	15324
15334	15358
15404	15474
15553	15616
15650	15652
15630	15598
15557	15515
15473	15433
15395	15361
15333	15318
15322	15344
15381	15418
15450	15478
15505	15534
15567	15603
15644	15686
15731	15772
15811	15854
15910	15986
16070	16140
16186	16212
16227	16241
16257	16272
16288	16303
16317	16329
16337	16341
16342	16343
16343	16343
16343	16343
16343	16343
16343	16343
16343	16343
16343	16343
16343	16343
16343	16343
16343	16343
16343	16343
16343	16343
16343	16343
16343	16343
16343	16343
16343	16343
16343	16343
16343	16343
16343	16343
16343	16343
16343	16343
16343	16343
16343	16343
16343	16343
16343	16343
16343	16343
16343	16343
16343	16343
16343	16343
16343	16343
16343	16343
16342	16341
16341	16335
16329	16322
16314	16307
16305	16304
16308	16313
16318	16322
16322	16320
16314	16302
16271	16201
16038	15725
15212	14500
13659	12782
11938	11137
10332	9465
8489	7420
6338	5374
4602	4045
3674	3442
3294	3182
3066	2933
2794	2666
2564	2511
2513	2571
2678	2815
2977	3166
3395	3686
4043	4455
4908	5387
5894	6429
7002	7622
8289	8977
9645	10247
10750	11158
11492	11790
12055	12274
12444	12568
12666	12751
12823	12883
12927	12948
12949	12928
12881	12793
12638	12389
12028	11542
10913	10179
9492	9133
9410	10423
11914	13422
14562	15220
15501	15579
15589	15606
15650	15703
15745	15772
15780	15783
15783	15780
15775	15773
15772	15770
15765	15746
15703	15633
15555	15489
15458	15465
15507	15565
15623	15651
15624	15523
15355	15145
14922	14713
14524	14340
14157	13990
13873	13829
13865	13955
14099	14300
14543	14774
14943	15005
14931	14711
14406	14104
13910	13856
13946	14153
14436	14741
14999	15149
15172	15082
14889	14622
14344	14138
14048	14077
14195	14389
14638	14903
15124	15261
15285	15203
15045	14848
14663	14534
14480	14500
14573	14683
14808	14924
14991	14967
14842	14658
14478	14362
14351	14445
14617	14818
14982	15060
15051	14983
14892	14793
14702	14655
14708	14876
15099	15281
15353	15302
15146	14899
14584	14234
13898	13627
13460	13408
13456	13584
13763	13936
14030	13982
13787	13513
13261	13119
13138	13338
13672	14049
14355	14499
14425	14153
13752	13336
13010	12853
12895	13142
13563	14090
14620	15057
15338	15451
15419	15263
14997	14630
14174	13655
13122	12632
12226	11935
11764	11709
11756	11886
12108	12449
12918	13467
13943	14165
14031	13593
13044	12603
12415	12534
12939	13553
14235	14831
15242	15472
15577	15622
15640	15651
15661	15674
15690	15704
15720	15736
15750	15759
15765	15763
15758	15754
15765	15794
15827	15846
15841	15817
15754	15584
15178	14412
13294	12087
11246	11132
11717	12613
13412	13939
14223	14369
14464	14551
14639	14729
14825	14913
15000	15073
15136	15188
15227	15261
15288	15307
15316	15320
15320	15318
15319	15319
15318	15321
15326	15330
15341	15369
15419	15491
15573	15639
15671	15671
15647	15607
15563	15517
15469	15422
15378	15338
15307	15290
15297	15325
15367	15413
15450	15480
15510	15540
15570	15604
15643	15685
15729	15772
15812	15858
15915	15990
16069	16136
16179	16202
16219	16235
16251	16267
16283	16295
16311	16322
16329	16334
16339	16341
16342	16343
16343	16343
16343	16343
16343	16343
16343	16343
16343	16343
16343	16343
16343	16343
16343	16343
16343	16343
16343	16343
16343	16343
16343	16343
16343	16343
16343	16343
16343	16343
16343	16343
16343	16343
16343	16343
16343	16343
16343	16343
16343	16343
16343	16343
16343	16343
16343	16343
16343	16343
16343	16343
16343	16343
16343	16343
16343	16343
16343	16342
16341	16339
16332	16326
16317	16312
16310	16312
16313	16318
16322	16323
16322	16318
16314	16306
16292	16256
16171	16008
15732	15334
14837	14284
13705	13099
12424	11612
10595	9377
8063	6821
5788	5011
4466	4095
3837	3635
3448	3251
3047	2843
2662	2517
2426	2391
2405	2455
2533	2628
2738	2869
3030	3225
3456	3737
4075	4483
4968	5534
6172	6855
7551	8220
8830	9381
9891	10374
10821	11204
11509	11759
11976	12177
12358	12511
12625	12690
12710	12689
12625	12514
12334	12068
11690	11179
10523	9769
9089	8786
9165	10296
11893	13460
14612	15258
15522	15586
15589	15604
15647	15701
15744	15770
15780	15783
15783	15780
15775	15773
15773	15770
15768	15756
15727	15674
15609	15545
15501	15486
15507	15551
15606	15653
15674	15657
15597	15500
15375	15241
15105	14977
14866	14780
14731	14724
14750	14791
14854	14940
15042	15132
15189	15207
15168	15064
14910	14758
14662	14646
14702	14815
14960	15112
15220	15258
15219	15132
15016	14888
14773	14695
14665	14675
14712	14780
14884	15008
15130	15219
15261	15251
15196	15112
15027	14970
14952	14967
14996	15030
15072	15128
15182	15195
15141	15036
14912	14821
14792	14817
14885	14955
15003	15019
15025	15046
15095	15145
15169	15166
15173	15222
15308	15386
15414	15379
15287	15154
14993	14827
14682	14573
14511	14494
14513	14554
14610	14655
14672	14634
14539	14411
14288	14208
14194	14254
14371	14510
14628	14688
14679	14603
14479	14334
14204	14127
14123	14203
14373	14623
14916	15187
15379	15469
15460	15379
15235	15036
14790	14501
14193	13895
13628	13410
13259	13195
13221	13331
13516	13764
14064	14381
14639	14754
14676	14420
14084	13789
13650	13718
13993	14410
14862	15235
15473	15587
15634	15649
15657	15662
15672	15682
15698	15712
15726	15741
15756	15766
15770	15769
15768	15765
15767	15781
15795	15807
15809	15797
15742	15566
15140	14347
13206	11977
11127	11024
11632	12556
13379	13917
14206	14358
14456	14545
14636	14729
14824	14913
14995	15068
15127	15176
15218	15254
15287	15309
15321	15324
15320	15316
15314	15314
15318	15323
15331	15342
15360	15389
15441	15510
15586	15646
15673	15670
15644	15605
15561	15512
15460	15408
15359	15316
15284	15267
15273	15306
15356	15408
15454	15491
15521	15550
15579	15611
15643	15680
15724	15769
15812	15862
15922	15995
16066	16125
16161	16183
16199	16218
16238	16256
16270	16280
16293	16303
16313	16321
16329	16335
16341	16341
16342	16343
16343	16343
16343	16343
16343	16343
16343	16343
16343	16343
16343	16343
16343	16343
16343	16343
16343	16343
16343	16343
16343	16343
16343	16343
16343	16343
16343	16343
16343	16343
16343	16343
16343	16343
16343	16343
16343	16343
16343	16343
16343	16343
16343	16343
16343	16343
16343	16343
16343	16343
16343	16343
16343	16343
16343	16343
16343	16342
16341	16339
16333	16326
16319	16314
16313	16315
16318	16323
16325	16327
16322	16319
16315	16311
16302	16286
16245	16169
16036	15840
15580	15272
14925	14529
14044	13380
12446	11219
9803	8394
7174	6221
5531	5045
4692	4411
4163	3920
3667	3409
3166	2950
2782	2665
2599	2572
2572	2584
2595	2603
2615	2647
2714	2836
3019	3270
3594	3981
4434	4940
5488	6059
6638	7223
7816	8419
8998	9518
9968	10367
10748	11121
11471	11778
12018	12181
12257	12265
12204	12088
11901	11630
11247	10729
10060	9313
8675	8467
8971	10226
11905	13502
14649	15276
15533	15597
15606	15622
15663	15709
15749	15771
15780	15783
15783	15780
15775	15775
15775	15773
15773	15769
15755	15726
15680	15624
15568	15533
15529	15554
15596	15644
15681	15701
15691	15647
15572	15476
15368	15274
15205	15170
15164	15171
15179	15195
15224	15271
15321	15349
15350	15325
15269	15177
15059	14950
14887	14886
14933	15011
15108	15193
15241	15219
15131	15014
14910	14842
14822	14842
14880	14901
14896	14873
14858	14870
14909	14974
15045	15087
15081	15031
14970	14939
14954	15000
15052	15092
15131	15187
15255	15293
15258	15144
14985	14834
14735	14695
14694	14706
14716	14736
14792	14905
15060	15207
15290	15287
15229	15181
15180	15212
15249	15264
15243	15190
15117	15048
14996	14976
14977	14993
15006	15010
14991	14959
14924	14889
14855	14816
14775	14740
14713	14694
14686	14690
14705	14725
14756	14791
14821	14824
14805	14781
14765	14761
14792	14884
15040	15220
15368	15446
15454	15407
15320	15203
15056	14898
14738	14593
14465	14364
14288	14258
14280	14364
14497	14657
14815	14957
15060	15113
15090	14992
14840	14695
14626	14673
14846	15096
15351	15545
15657	15699
15703	15695
15689	15689
15693	15703
15716	15728
15742	15753
15766	15775
15780	15783
15782	15776
15771	15766
15759	15755
15761	15762
15715	15523
15055	14203
13013	11773
10951	10893
11545	12500
13336	13881
14173	14330
14438	14533
14629	14728
14821	14911
14990	15056
15111	15157
15200	15245
15286	15315
15328	15327
15319	15310
15301	15303
15310	15323
15343	15367
15393	15430
15479	15537
15595	15637
15654	15645
15619	15580
15537	15490
15440	15389
15342	15299
15266	15250
15261	15297
15352	15411
15464	15509
15543	15570
15592	15615
15636	15668
15710	15758
15813	15870
15932	15999
16061	16104
16129	16148
16166	16193
16220	16240
16250	16256
16259	16267
16278	16296
16311	16326
16335	16340
16342	16343
16343	16343
16343	16343
16343	16343
16343	16343
16343	16343
16343	16343
16343	16343
16343	16343
16343	16343
16343	16343
16343	16343
16343	16343
16343	16343
16343	16343
16343	16343
16343	16343
16343	16343
16343	16343
16343	16343
16343	16343
16343	16343
16343	16343
16343	16343
16343	16343
16343	16343
16343	16343
16343	16343
16343	16343
16343	16342
16341	16338
16332	16323
16315	16310
16309	16309
16318	16323
16327	16328
16326	16321
16318	16316
16312	16302
16282	16244
16182	16092
15967	15813
15629	15407
15096	14602
13810	12674
11277	9819
8503	7456
6686	6138
5735	5418
5138	4866
4585	4288
3993	3714
3471	3272
3121	3007
2925	2858
2789	2714
2639	2585
2565	2592
2665	2779
2928	3109
3325	3585
3899	4271
4704	5193
5732	6308
6887	7436
7949	8449
8959	9478
9987	10445
10820	11091
11249	11306
11273	11169
10996	10739
10370	9863
9214	8513
7983	7942
8644	10074
11861	13498
14639	15259
15519	15605
15630	15656
15688	15727
15755	15773
15780	15783
15783	15781
15778	15776
15776	15778
15780	15780
15777	15764
15735	15688
15633	15590
15570	15578
15607	15647
15686	15714
15725	15705
15656	15579
15489	15403
15351	15336
15344	15347
15340	15340
15367	15419
15463	15476
15440	15366
15247	15083
14890	14722
14618	14593
14635	14725
14844	14964
15035	15012
14886	14707
14549	14480
14532	14675
14832	14926
14912	14805
14656	14521
14466	14512
14625	14725
14739	14667
14573	14545
14616	14756
14903	15010
15093	15176
15258	15297
15240	15054
14777	14483
14246	14099
14031	14018
14054	14154
14338	14594
14879	15109
15205	15137
14961	14782
14688	14696
14775	14875
14960	15000
14997	14960
14914	14888
14893	14912
14931	14924
14896	14862
14838	14833
14833	14815
14776	14724
14661	14591
14523	14482
14484	14542
14643	14760
14851	14889
14878	14848
14818	14788
14775	14822
14948	15120
15279	15372
15387	15340
15253	15140
15016	14897
14807	14757
14747	14760
14782	14808
14847	14917
15010	15110
15189	15239
15266	15290
15302	15296
15262	15222
15211	15264
15374	15515
15644	15737
15781	15788
15770	15747
15733	15729
15730	15736
15746	15753
15761	15772
15781	15789
15793	15797
15795	15791
15778	15758
15732	15711
15708	15710
15662	15449
14919	13983
12725	11483
10717	10742
11461	12446
13290	13833
14129	14295
14411	14516
14621	14723
14819	14907
14980	15039
15086	15128
15175	15230
15283	15323
15338	15331
15314	15294
15285	15283
15295	15320
15354	15394
15436	15481
15523	15563
15593	15610
15610	15594
15569	15537
15499	15457
15413	15368
15327	15289
15259	15246
15259	15299
15359	15426
15486	15534
15569	15592
15601	15605
15612	15632
15670	15725
15793	15865
15935	15999
16050	16078
16093	16106
16128	16162
16195	16220
16227	16224
16218	16220
16234	16260
16288	16310
16328	16337
16341	16342
16343	16343
16343	16343
16343	16343
16343	16343
16343	16343
16343	16343
16343	16343
16343	16343
16343	16343
16343	16343
16343	16343
16343	16343
16343	16343
16343	16343
16343	16343
16343	16343
16343	16343
16343	16343
16343	16343
16343	16343
16343	16343
16343	16343
16343	16343
16343	16343
16343	16343
16343	16343
16343	16343
16343	16343
16342	16341
16341	16335
16327	16316
16306	16298
16298	16302
16311	16319
16325	16326
16326	16323
16320	16318
16315	16310
16296	16273
16239	16193
16135	16065
15980	15866
15674	15310
14656	13645
12333	10899
9571	8500
7724	7186
6794	6486
6211	5937
5640	5327
4999	4675
4372	4103
3869	3674
3513	3375
3245	3119
3000	2904
2839	2807
2799	2805
2814	2827
2848	2900
3001	3168
3406	3715
4088	4509
4956	5411
5877	6366
6899	7465
8032	8560
9007	9342
9556	9652
9651	9570
9422	9198
8868	8407
7825	7242
6902	7121
8110	9783
11727	13434
14594	15219
15496	15606
15654	15689
15718	15745
15765	15778
15782	15784
15783	15783
15780	15780
15780	15782
15783	15785
15784	15778
15759	15725
15680	15640
15617	15617
15636	15664
15693	15717
15730	15721
15689	15629
15550	15474
15426	15417
15425	15418
15396	15388
15419	15478
15526	15524
15460	15319
15082	14746
14365	14030
13814	13736
13785	13939
14169	14424
14612	14640
14471	14176
13898	13780
13903	14218
14578	14819
14835	14634
14303	13969
13777	13799
13971	14136
14152	14013
13857	13838
14020	14335
14649	14885
15037	15140
15213	15220
15087	14780
14318	13802
13353	13041
12888	12868
12976	13225
13613	14094
14567	14897
14975	14775
14396	14018
13786	13754
13890	14121
14363	14542
14607	14557
14436	14320
14253	14237
14242	14253
14270	14312
14383	14455
14476	14416
14289	14142
14004	13884
13795	13775
13856	14047
14296	14524
14642	14621
14510	14397
14320	14284
14288	14374
14559	14812
15045	15185
15198	15105
14956	14784
14622	14500
14438	14461
14554	14694
14836	14955
15048	15133
15216	15289
15331	15346
15350	15366
15397	15430
15453	15467
15497	15551
15628	15709
15780	15824
15846	15841
15821	15796
15777	15769
15769	15773
15778	15783
15789	15796
15801	15805
15809	15809
15807	15802
15788	15762
15727	15691
15669	15657
15592	15346
14747	13711
12367	11115
10420	10551
11355	12384
13240	13786
14084	14256
14384	14502
14616	14724
14820	14903
14970	15020
15058	15096
15144	15209
15276	15325
15340	15330
15302	15272
15255	15252
15268	15301
15352	15409
15472	15522
15558	15577
15577	15566
15549	15531
15508	15483
15453	15419
15386	15352
15319	15291
15270	15262
15279	15321
15382	15450
15512	15558
15585	15594
15584	15567
15554	15562
15595	15658
15737	15825
15911	15981
16029	16054
16066	16076
16102	16139
16177	16200
16206	16197
16185	16183
16199	16227
16262	16294
16317	16332
16339	16341
16342	16343
16343	16343
16343	16343
16343	16343
16343	16343
16343	16343
16343	16343
16343	16343
16343	16343
16343	16343
16343	16343
16343	16343
16343	16343
16343	16343
16343	16343
16343	16343
16343	16343
16343	16343
16343	16343
16343	16343
16343	16343
16343	16343
16343	16343
16343	16343
16343	16343
16343	16343
16343	16343
16343	16343
16342	16341
16338	16333
16322	16309
16295	16287
16284	16290
16300	16312
16319	16323
16325	16324
16323	16324
16323	16318
16305	16286
16257	16227
16198	16169
16132	16072
15942	15658
15103	14199
12977	11600
10296	9242
8503	8018
7689	7432
7192	6938
6656	6340
6005	5663
5328	5017
4731	4480
4266	4081
3914	3758
3613	3492
3393	3314
3242	3166
3076	2978
2878	2795
2747	2752
2814	2936
3112	3331
3586	3874
4199	4577
5012	5494
5994	6473
6882	7200
7406	7501
7502	7434
7308	7125
6854	6480
6025	5632
5561	6116
7446	9404
11541	13343
14542	15185
15478	15608
15671	15710
15737	15756
15772	15779
15783	15784
15785	15783
15783	15781
15782	15783
15784	15783
15782	15775
15760	15736
15705	15679
15662	15661
15670	15686
15702	15718
15726	15722
15701	15656
15595	15529
15487	15482
15489	15475
15441	15420
15439	15488
15524	15510
15408	15173
14751	14144
13457	12863
12489	12367
12466	12747
13172	13650
14026	14136
13906	13436
12966	12764
12973	13519
14153	14598
14672	14361
13796	13206
12839	12827
13067	13299
13294	13070
12851	12891
13261	13827
14375	14770
14996	15107
15139	15072
14834	14359
13658	12858
12138	11631
11383	11371
11571	12001
12637	13396
14107	14569
14617	14240
13588	12934
12511	12421
12630	13027
13466	13805
13940	13839
13581	13297
13089	12984
12956	12989
13097	13289
13533	13732
13776	13619
13323	13000
12741	12568
12489	12539
12770	13179
13669	14065
14201	14057
13750	13462
13292	13244
13303	13485
13811	14229
14610	14828
14818	14621
14326	14025
13786	13645
13618	13712
13918	14209
14523	14803
15017	15169
15272	15336
15369	15380
15386	15404
15440	15485
15528	15567
15611	15664
15721	15776
15821	15849
15863	15861
15846	15826
15810	15803
15800	15803
15806	15809
15812	15817
15819	15822
15823	15822
15820	15817
15809	15788
15751	15704
15658	15617
15521	15230
14554	13413
11978	10696
10060	10299
11204	12301
13186	13741
14046	14227
14367	14497
14620	14731
14826	14906
14964	15007
15037	15071
15123	15194
15271	15324
15340	15324
15288	15254
15229	15223
15238	15279
15337	15410
15479	15537
15571	15572
15552	15524
15499	15478
15462	15444
15424	15405
15382	15363
15342	15321
15308	15308
15327	15368
15427	15486
15539	15570
15580	15569
15540	15502
15473	15471
15498	15562
15651	15750
15847	15931
15993	16032
16055	16072
16098	16132
16165	16187
16192	16184
16175	16174
16188	16216
16249	16281
16309	16326
16337	16341
16342	16343
16343	16343
16343	16343
16343	16343
16343	16343
16343	16343
16343	16343
16343	16343
16343	16343
16343	16343
16343	16343
16343	16343
16343	16343
16343	16343
16343	16343
16343	16343
16343	16343
16343	16343
16343	16343
16343	16343
16343	16343
16343	16343
16343	16343
16343	16343
16343	16343
16343	16343
16343	16343
16343	16343
16342	16341
16338	16330
16318	16303
16286	16275
16271	16280
16293	16305
16315	16322
16323	16326
16326	16329
16328	16323
16311	16290
16262	16238
16218	16207
16190	16153
16050	15805
15309	14482
13328	11998
10720	9692
8997	8583
8328	8139
7948	7730
7472	7182
6862	6532
6200	5881
5582	5315
5082	4881
4700	4532
4377	4237
4116	4002
3877	3743
3591	3427
3262	3103
2971	2871
2810	2787
2796	2834
2903	3007
3158	3369
3639	3958
4304	4643
4940	5166
5299	5341
5310	5225
5106	4950
4746	4475
4182	4021
4256	5158
6832	9066
11384	13284
14525	15181
15481	15612
15677	15716
15744	15758
15773	15779
15785	15785
15786	15786
15786	15786
15786	15786
15785	15782
15778	15769
15754	15737
15717	15702
15696	15694
15696	15704
15712	15720
15724	15721
15707	15674
15627	15574
15542	15535
15541	15524
15487	15452
15449	15468
15477	15437
15290	14934
14275	13319
12257	11374
10870	10768
10993	11470
12133	12860
13430	13602
13270	12574
11884	11593
11906	12705
13644	14310
14448	14020
13208	12329
11756	11685
11980	12263
12231	11931
11697	11864
12492	13354
14147	14694
14981	15078
15053	14901
14537	13873
12910	11809
10817	10136
9829	9840
10123	10697
11554	12581
13542	14143
14171	13599
12653	11701
11080	10943
11251	11833
12473	12960
13133	12939
12489	11980
11574	11336
11260	11335
11576	11974
12437	12791
12853	12561
12031	11477
11063	10835
10791	10953
11384	12065
12838	13420
13562	13236
12659	12133
11838	11784
11922	12253
12782	13425
14002	14311
14247	13866
13341	12849
12503	12338
12346	12515
12850	13328
13883	14413
14833	15110
15261	15332
15365	15383
15401	15426
15465	15511
15557	15603
15650	15700
15749	15790
15824	15849
15863	15866
15853	15840
15830	15825
15824	15824
15825	15825
15828	15829
15832	15832
15831	15832
15832	15832
15828	15821
15795	15748
15682	15606
15464	15121
14368	13127
11597	10267
9664	9995
11009	12189
13127	13708
14026	14216
14365	14503
14632	14747
14843	14918
14971	15006
15032	15063
15115	15190
15269	15325
15340	15321
15285	15247
15220	15210
15226	15265
15327	15401
15477	15535
15566	15562
15532	15497
15469	15453
15444	15438
15431	15423
15415	15407
15399	15392
15388	15391
15408	15442
15486	15529
15561	15574
15564	15532
15489	15438
15399	15384
15407	15464
15549	15647
15750	15850
15936	16000
16047	16082
16108	16134
16157	16174
16184	16186
16188	16191
16203	16219
16243	16272
16298	16320
16333	16339
16342	16343
16343	16343
16343	16343
16343	16343
16343	16343
16343	16343
16343	16343
16343	16343
16343	16343
16343	16343
16343	16343
16343	16343
16343	16343
16343	16343
16343	16343
16343	16343
16343	16343
16343	16343
16343	16343
16343	16343
16343	16343
16343	16343
16343	16343
16343	16343
16343	16343
16343	16343
16343	16343
16343	16343
16342	16341
16338	16330
16317	16299
16281	16267
16264	16270
16286	16300
16313	16320
16324	16327
16329	16332
16332	16329
16314	16291
16261	16236
16220	16215
16207	16177
16087	15862
15403	14621
13516	12212
10945	9931
9270	8909
8718	8589
8450	8270
8048	7790
7505	7202
6898	6601
6319	6067
5845	5651
5477	5315
5162	5023
4887	4754
4606	4441
4261	4071
3877	3690
3518	3368
3240	3127
3020	2911
2816	2750
2741	2789
2894	3044
3222	3406
3561	3666
3701	3666
3572	3448
3313	3169
3011	2836
2698	2758
3268	4475
6425	8875
11325	13291
14550	15207
15497	15622
15679	15714
15738	15759
15773	15780
15784	15785
15786	15786
15786	15786
15786	15785
15785	15779
15774	15762
15750	15737
15725	15716
15711	15711
15712	15715
15717	15721
15721	15718
15708	15686
15649	15608
15575	15565
15561	15544
15504	15468
15438	15422
15398	15327
15125	14638
13730	12421
11006	9895
9358	9388
9835	10551
11437	12345
13021	13173
12680	11743
10848	10497
10931	11979
13179	14033
14225	13702
12665	11518
10733	10574
10876	11168
11107	10784
10618	10986
11903	13044
14032	14681
14996	15076
15001	14769
14280	13424
12214	10850
9665	8915
8631	8689
9005	9625
10593	11807
12966	13695
13706	12970
11771	10575
9822	9709
10167	10945
11752	12319
12467	12139
11466	10704
10077	9694
9580	9728
10139	10766
11452	11947
12008	11563
10781	9969
9384	9112
9137	9459
10105	11040
12047	12751
12835	12285
11409	10647
10254	10238
10506	11024
11767	12630
13381	13736
13556	12934
12127	11420
10964	10773
10800	11026
11477	12161
13001	13847
14533	14982
15209	15304
15343	15372
15401	15435
15475	15522
15568	15615
15663	15709
15751	15789
15820	15844
15861	15865
15858	15848
15840	15836
15835	15835
15836	15836
15836	15836
15836	15836
15836	15836
15838	15844
15849	15853
15837	15796
15718	15613
15430	15034
14218	12893
11277	9895
9300	9697
10802	12069
13071	13686
14022	14224
14379	14522
14654	14770
14865	14938
14986	15017
15040	15071
15122	15197
15275	15329
15346	15332
15298	15261
15239	15231
15247	15285
15345	15415
15485	15541
15565	15556
15523	15487
15462	15455
15454	15460
15468	15476
15485	15491
15494	15494
15496	15500
15509	15526
15547	15566
15578	15572
15550	15512
15461	15405
15361	15337
15346	15384
15450	15535
15629	15733
15837	15935
16016	16074
16110	16130
16146	16159
16175	16191
16207	16219
16227	16233
16244	16264
16288	16312
16330	16338
16341	16342
16343	16343
16343	16343
16343	16343
16343	16343
16343	16343
16343	16343
16343	16343
16343	16343
16343	16343
16343	16343
16343	16343
16343	16343
16343	16343
16343	16343
16343	16343
16343	16343
16343	16343
16343	16343
16343	16343
16343	16343
16343	16343
16343	16343
16343	16343
16343	16343
16343	16343
16343	16343
16343	16343
16342	16341
16338	16330
16314	16296
16276	16263
16257	16267
16279	16296
16311	16318
16323	16326
16330	16333
16333	16330
16313	16290
16259	16233
16217	16214
16211	16187
16101	15892
15458	14712
13636	12351
11079	10066
9411	9075
8924	8836
8731	8589
8398	8175
7924	7661
7393	7129
6879	6653
6452	6279
6125	5982
5846	5715
5590	5461
5318	5159
4980	4796
4608	4426
4254	4099
3952	3799
3618	3407
3184	2988
2844	2765
2735	2748
2787	2834
2867	2862
2805	2696
2548	2382
2221	2073
1938	1824
1801	2027
2746	4170
6309	8883
11392	13367
14616	15257
15530	15638
15683	15711
15736	15756
15773	15780
15784	15785
15786	15786
15786	15786
15786	15785
15785	15779
15773	15760
15749	15736
15727	15722
15719	15718
15719	15720
15720	15721
15722	15719
15709	15692
15661	15624
15588	15561
15539	15516
15483	15445
15408	15362
15308	15202
14938	14325
13201	11617
9964	8766
8344	8637
9384	10340
11370	12321
12945	12955
12246	11080
10033	9683
10250	11494
12873	13848
14074	13490
12295	10939
9963	9682
9923	10178
10103	9830
9825	10448
11637	12975
14065	14735
15043	15103
14998	14707
14112	13086
11667	10133
8894	8219
8068	8196
8474	9014
9953	11229
12501	13307
13298	12438
11071	9756
9004	9032
9709	10681
11596	12175
12245	11764
10875	9867
9022	8509
8388	8661
9281	10127
10984	11559
11590	11000
9991	8942
8191	7895
8034	8556
9417	10524
11611	12279
12199	11387
10256	9347
8968	9092
9562	10271
11181	12164
12956	13252
12888	11998
10936	10067
9555	9361
9383	9604
10109	10955
12068	13224
14189	14817
15135	15260
15314	15353
15395	15436
15478	15524
15571	15617
15666	15710
15752	15787
15819	15842
15859	15863
15858	15850
15843	15838
15836	15836
15836	15837
15837	15837
15837	15837
15838	15839
15842	15850
15860	15868
15862	15825
15747	15625
15415	14983
14119	12733
11055	9641
9051	9489
10655	11983
13030	13681
14037	14246
14406	14551
14682	14801
14896	14968
15013	15042
15064	15092
15139	15207
15281	15333
15353	15345
15322	15298
15282	15281
15303	15341
15397	15460
15524	15569
15585	15567
15531	15493
15471	15468
15478	15496
15518	15540
15560	15577
15590	15599
15607	15610
15608	15600
15592	15584
15575	15559
15532	15490
15436	15378
15326	15289
15277	15293
15335	15398
15477	15572
15688	15816
15934	16027
16083	16112
16125	16139
16163	16192
16218	16236
16240	16238
16239	16254
16280	16306
16325	16337
16341	16342
16343	16343
16343	16343
16343	16343
16343	16343
16343	16343
16343	16343
16343	16343
16343	16343
16343	16343
16343	16343
16343	16343
16343	16343
16343	16343
16343	16343
16343	16343
16343	16343
16343	16343
16343	16343
16343	16343
16343	16343
16343	16343
16343	16343
16343	16343
16343	16343
16343	16343
16343	16343
16343	16343
16342	16341
16338	16329
16313	16294
16275	16262
16256	16265
16277	16294
16310	16318
16323	16327
16330	16333
16334	16330
16315	16289
16256	16228
16213	16211
16211	16190
16113	15913
15504	14790
13743	12465
11187	10149
9486	9152
9017	8948
8864	8742
8580	8383
8165	7931
7694	7462
7241	7040
6863	6711
6578	6459
6346	6240
6136	6031
5912	5779
5635	5483
5328	5179
5034	4902
4770	4617
4419	4165
3876	3603
3376	3197
3064	2964
2890	2830
2764	2676
2551	2389
2199	2004
1820	1656
1521	1434
1472	1805
2659	4216
6456	9070
11568	13502
14710	15317
15570	15661
15696	15717
15737	15757
15773	15781
15783	15786
15786	15786
15786	15786
15786	15785
15784	15779
15772	15760
15747	15736
15728	15724
15722	15722
15722	15722
15722	15722
15722	15719
15710	15694
15664	15623
15572	15523
15482	15448
15421	15393
15354	15303
15228	15086
14761	14040
12762	11020
9286	8174
8005	8648
9715	10870
11931	12778
13201	12958
11994	10638
9515	9220
9925	11306
12772	13783
14013	13403
12131	10648
9514	9083
9202	9383
9315	9177
9420	10317
11711	13142
14222	14847
15111	15152
15034	14703
14015	12849
11289	9695
8542	8088
8149	8351
8532	8890
9691	10921
12210	13028
12976	12031
10589	9286
8678	8960
9911	11082
12061	12598
12566	11950
10894	9691
8662	8048
7965	8405
9246	10273
11217	11794
11760	11055
9876	8636
7751	7462
7767	8529
9580	10738
11716	12153
11785	10711
9429	8537
8332	8723
9446	10325
11293	12228
12888	12975
12363	11234
10021	9125
8670	8517
8499	8636
9092	10005
11297	12701
13883	14667
15061	15220
15289	15340
15389	15434
15480	15524
15572	15618
15666	15710
15752	15788
15819	15841
15858	15861
15858	15850
15844	15840
15839	15839
15839	15839
15839	15839
15839	15839
15839	15840
15844	15850
15860	15867
15860	15827
15754	15632
15415	14961
14068	12647
10950	9548
8990	9457
10636	11973
13033	13697
14064	14280
14440	14582
14716	14835
14929	15002
15049	15076
15094	15118
15156	15213
15274	15322
15344	15347
15339	15333
15334	15348
15375	15415
15467	15523
15575	15610
15617	15593
15549	15509
15487	15484
15502	15529
15557	15585
15610	15628
15645	15658
15664	15663
15647	15619
15586	15556
15530	15504
15470	15420
15352	15277
15206	15147
15116	15112
15138	15187
15260	15357
15487	15646
15811	15946
16030	16072
16094	16115
16152	16189
16222	16240
16241	16233
16233	16246
16273	16300
16324	16336
16340	16342
16343	16343
16343	16343
16343	16343
16343	16343
16343	16343
16343	16343
16343	16343
16343	16343
16343	16343
16343	16343
16343	16343
16343	16343
16343	16343
16343	16343
16343	16343
16343	16343
16343	16343
16343	16343
16343	16343
16343	16343
16343	16343
16343	16343
16343	16343
16343	16343
16343	16343
16343	16343
16343	16343
16342	16341
16338	16329
16313	16293
16274	16260
16254	16263
16276	16293
16310	16318
16323	16327
16330	16333
16334	16329
16315	16288
16255	16228
16213	16211
16214	16195
16121	15937
15550	14870
13851	12582
11287	10226
9536	9192
9053	8988
8915	8805
8657	8478
8278	8066
7847	7636
7433	7249
7090	6956
6840	6742
6652	6572
6496	6424
6340	6246
6145	6037
5928	5820
5718	5622
5521	5401
5231	5001
4729	4450
4191	3959
3752	3569
3409	3267
3127	2975
2797	2595
2373	2150
1936	1745
1581	1490
1551	1943
2877	4513
6793	9393
11825	13680
14821	15385
15610	15686
15712	15724
15741	15759
15773	15781
15784	15786
15786	15786
15786	15786
15786	15785
15784	15779
15772	15760
15747	15736
15728	15724
15722	15722
15722	15722
15722	15722
15722	15719
15710	15692
15659	15608
15542	15474
15416	15373
15348	15329
15303	15261
15182	15014
14627	13818
12441	10653
8979	8073
8230	9229
10577	11851
12855	13497
13633	13087
11878	10381
9259	9066
9908	11370
12847	13826
14032	13409
12121	10574
9322	8731
8690	8776
8760	8828
9367	10523
12037	13453
14443	14974
15178	15199
15067	14704
13938	12664
11028	9471
8508	8332
8628	8885
8935	9085
9716	10855
12103	12874
12749	11734
10279	9081
8704	9299
10539	11883
12891	13359
13236	12535
11379	10043
8887	8219
8213	8837
9882	11032
11981	12481
12358	11570
10295	8933
7962	7710
8203	9211
10417	11526
12247	12312
11593	10302
8996	8283
8400	9139
10128	11119
12030	12769
13140	12915
12024	10726
9498	8734
8456	8395
8320	8302
8619	9492
10862	12395
13706	14577
15024	15204
15283	15337
15389	15434
15480	15524
15572	15618
15666	15710
15752	15788
15819	15841
15858	15861
15858	15850
15844	15840
15839	15839
15839	15839
15839	15839
15839	15839
15839	15840
15843	15847
15851	15853
15842	15811
15747	15633
15418	14955
14040	12608
10941	9606
9124	9626
10786	12076
13098	13745
14105	14319
14476	14621
14753	14875
14969	15041
15087	15115
15132	15150
15175	15212
15254	15293
15315	15327
15339	15351
15373	15404
15441	15483
15530	15578
15620	15643
15641	15613
15569	15527
15504	15503
15518	15540
15566	15586
15603	15612
15619	15624
15623	15611
15582	15536
15483	15432
15388	15346
15294	15219
15125	15013
14908	14823
14777	14770
14805	14871
14967	15097
15267	15471
15683	15856
15971	16028
16060	16094
16136	16182
16215	16229
16226	16221
16222	16241
16270	16300
16322	16336
16340	16342
16343	16343
16343	16343
16343	16343
16343	16343
16343	16343
16343	16343
16343	16343
16343	16343
16343	16343
16343	16343
16343	16343
16343	16343
16343	16343
16343	16343
16343	16343
16343	16343
16343	16343
16343	16343
16343	16343
16343	16343
16343	16343
16343	16343
16343	16343
16343	16343
16343	16343
16343	16343
16343	16343
16342	16341
16338	16329
16313	16293
16274	16260
16254	16263
16276	16293
16310	16318
16323	16327
16330	16333
16334	16329
16314	16287
16254	16227
16213	16213
16216	16199
16130	15956
15594	14946
13958	12697
11385	10294
9578	9215
9067	8999
8929	8823
8683	8508
8314	8109
7899	7694
7502	7325
7174	7049
6947	6866
6802	6748
6699	6651
6598	6540
6477	6410
6341	6274
6210	6149
6084	6003
5891	5731
5532	5307
5076	4846
4622	4412
4217	4034
3848	3650
3427	3181
2920	2653
2392	2143
1928	1797
1857	2279
3270	4956
7244	9793
12134	13884
14941	15447
15641	15698
15710	15721
15736	15755
15772	15780
15783	15785
15786	15786
15786	15786
15786	15785
15784	15779
15772	15760
15747	15736
15728	15724
15722	15722
15722	15722
15722	15722
15722	15719
15709	15688
15648	15590
15515	15440
15374	15327
15297	15283
15273	15251
15187	15001
14552	13656
12217	10443
8911	8258
8727	10015
11547	12860
13754	14170
14023	13208
11799	10224
9151	9096
10074	11598
13040	13948
14096	13456
12171	10601
9256	8503
8291	8300
8377	8710
9560	10924
12475	13796
14654	15077
15226	15217
15064	14660
13826	12474
10815	9350
8608	8692
9169	9439
9366	9352
9863	10931
12122	12814
12598	11520
10085	9021
8889	9770
11246	12704
13708	14109
13917	13168
11969	10570
9347	8680
8779	9579
10780	11983
12873	13261
13044	12201
10880	9462
8460	8272
8946	10166
11476	12475
12887	12553
11503	10065
8854	8424
8924	10011
11223	12259
13038	13509
13541	12976
11831	10435
9303	8772
8746	8801
8663	8469
8618	9413
10788	12359
13703	14591
15041	15226
15300	15349
15392	15435
15480	15525
15572	15618
15666	15709
15752	15787
15819	15841
15858	15861
15858	15850
15844	15840
15839	15839
15839	15839
15839	15839
15839	15839
15839	15841
15842	15843
15842	15838
15824	15793
15736	15634
15419	14938
13997	12568
10966	9761
9405	9963
11088	12292
13230	13823
14159	14364
14519	14663
14797	14915
15014	15085
15132	15158
15173	15181
15193	15210
15232	15255
15278	15303
15332	15367
15407	15448
15491	15533
15570	15605
15634	15647
15643	15616
15577	15540
15518	15509
15514	15520
15524	15523
15515	15500
15482	15463
15443	15415
15370	15306
15235	15164
15103	15041
14961	14855
14718	14573
14437	14334
14289	14302
14370	14487
14642	14837
15073	15335
15589	15790
15917	15985
16027	16071
16124	16173
16203	16212
16207	16203
16213	16238
16268	16300
16322	16335
16339	16342
16343	16343
16343	16343
16343	16343
16343	16343
16343	16343
16343	16343
16343	16343
16343	16343
16343	16343
16343	16343
16343	16343
16343	16343
16343	16343
16343	16343
16343	16343
16343	16343
16343	16343
16343	16343
16343	16343
16343	16343
16343	16343
16343	16343
16343	16343
16343	16343
16343	16343
16343	16343
16343	16343
16342	16341
16338	16329
16313	16294
16275	16261
16256	16264
16277	16293
16310	16318
16323	16327
16330	16333
16334	16328
16312	16285
16252	16226
16211	16214
16219	16204
16135	15971
15634	15021
14063	12811
11483	10360
9615	9232
9070	8997
8923	8817
8675	8502
8305	8099
7889	7685
7492	7315
7165	7044
6953	6892
6848	6817
6791	6762
6735	6701
6664	6625
6587	6549
6512	6473
6435	6390
6330	6246
6133	5990
5828	5649
5471	5293
5121	4943
4752	4532
4277	3986
3675	3352
3020	2694
2400	2213
2250	2692
3726	5449
7732	10221
12455	14090
15051	15496
15653	15691
15696	15705
15724	15746
15767	15778
15783	15785
15786	15786
15786	15786
15786	15785
15784	15779
15772	15760
15747	15736
15728	15724
15722	15722
15722	15722
15722	15722
15721	15717
15708	15684
15642	15579
15508	15442
15384	15336
15299	15276
15273	15278
15235	15041
14534	13546
12042	10298
8916	8496
9206	10672
12283	13572
14352	14589
14229	13210
11666	10069
9088	9191
10307	11885
13284	14102
14175	13505
12217	10634
9209	8302
7928	7892
8118	8749
9895	11408
12922	14099
14813	15142
15242	15205
15020	14567
13664	12259
10607	9250
8690	8958
9522	9767
9604	9513
9991	11046
12190	12794
12485	11350
9943	9003
9064	10144
11763	13272
14251	14600
14369	13608
12401	10977
9746	9126
9344	10284
11576	12776
13579	13849
13534	12649
11319	9900
8920	8811
9628	10988
12341	13216
13349	12676
11371	9875
8827	8718
9570	10941
12289	13312
13937	14158
13891	13038
11694	10258
9263	8991
9201	9357
9157	8823
8862	9610
10979	12543
13856	14703
15122	15283
15338	15371
15402	15440
15481	15525
15572	15618
15666	15709
15752	15787
15819	15841
15858	15861
15858	15850
15844	15840
15839	15839
15839	15839
15839	15839
15839	15839
15841	15842
15843	15844
15843	15836
15821	15793
15737	15637
15407	14893
13913	12486
10967	9920
9731	10376
11472	12577
13408	13926
14223	14413
14565	14708
14843	14960
15059	15128
15176	15202
15216	15220
15222	15223
15232	15247
15271	15306
15348	15396
15445	15493
15532	15562
15584	15603
15616	15617
15606	15581
15548	15514
15487	15468
15449	15428
15401	15364
15319	15268
15216	15166
15117	15067
15000	14919
14830	14745
14671	14596
14504	14378
14225	14060
13917	13822
13798	13848
13965	14140
14365	14639
14946	15262
15547	15759
15887	15951
15994	16045
16106	16158
16187	16189
16182	16184
16202	16234
16270	16299
16322	16335
16339	16342
16343	16343
16343	16343
16343	16343
16343	16343
16343	16343
16343	16343
16343	16343
16343	16343
16343	16343
16343	16343
16343	16343
16343	16343
16343	16343
16343	16343
16343	16343
16343	16343
16343	16343
16343	16343
16343	16343
16343	16343
16343	16343
16343	16343
16343	16343
16343	16343
16343	16343
16343	16343
16343	16343
16342	16341
16338	16330
16314	16295
16276	16262
16257	16265
16277	16293
16310	16318
16323	16327
16330	16333
16333	16328
16310	16283
16250	16222
16209	16213
16219	16203
16140	15983
15670	15090
14161	12916
11572	10420
9645	9235
9059	8974
8893	8780
8634	8455
8258	8048
7836	7629
7433	7253
7104	6988
6908	6862
6842	6830
6820	6809
6793	6776
6758	6737
6715	6696
6673	6653
6631	6608
6583	6549
6497	6425
6333	6228
6120	6012
5898	5765
5598	5383
5111	4796
4444	4069
3673	3269
2895	2643
2651	3103
4169	5917
8189	10614
12739	14262
15133	15526
15651	15675
15676	15683
15709	15738
15764	15777
15783	15785
15786	15786
15786	15786
15786	15785
15784	15779
15772	15760
15747	15736
15728	15724
15722	15722
15722	15722
15722	15722
15721	15717
15708	15685
15646	15590
15534	15487
15446	15400
15351	15313
15306	15328
15307	15106
14538	13447
11862	10127
8862	8615
9479	11021
12631	13872
14574	14702
14208	13060
11439	9862
8997	9267
10523	12156
13518	14250
14248	13541
12253	10653
9149	8092
7584	7550
7969	8912
10321	11920
13341	14351
14920	15167
15228	15168
14949	14443
13479	12033
10398	9130
8685	9027
9595	9792
9595	9524
10056	11140
12245	12760
12351	11171
9798	8957
9134	10303
11958	13471
14436	14778
14557	13815
12618	11199
9992	9448
9778	10820
12143	13302
14010	14169
13771	12842
11515	10127
9210	9195
10111	11537
12876	13626
13536	12609
11129	9633
8771	8955
10092	11652
13069	14043
14538	14569
14085	13026
11550	10108
9246	9178
9554	9756
9503	9099
9117	9897
11293	12839
14092	14866
15230	15355
15383	15395
15414	15442
15482	15525
15572	15618
15666	15709
15752	15787
15819	15841
15858	15861
15858	15850
15844	15840
15839	15839
15839	15839
15839	15839
15839	15839
15841	15842
15845	15848
15852	15849
15840	15814
15757	15645
15385	14818
13781	12338
10893	10002
9990	10742
11837	12859
13590	14033
14287	14459
14607	14750
14884	15003
15100	15170
15218	15245
15258	15262
15263	15263
15272	15289
15317	15357
15405	15454
15503	15539
15563	15574
15572	15561
15549	15531
15503	15467
15426	15383
15346	15305
15263	15211
15150	15074
14996	14910
14826	14743
14669	14595
14515	14425
14331	14251
14181	14111
14030	13924
13790	13654
13540	13476
13482	13562
13709	13917
14183	14501
14861	15216
15522	15738
15864	15924
15964	16019
16085	16144
16172	16171
16161	16166
16190	16228
16268	16299
16322	16334
16339	16342
16343	16343
16343	16343
16343	16343
16343	16343
16343	16343
16343	16343
16343	16343
16343	16343
16343	16343
16343	16343
16343	16343
16343	16343
16343	16343
16343	16343
16343	16343
16343	16343
16343	16343
16343	16343
16343	16343
16343	16343
16343	16343
16343	16343
16343	16343
16343	16343
16343	16343
16343	16343
16343	16343
16342	16341
16338	16330
16317	16296
16279	16264
16260	16267
16281	16296
16310	16318
16323	16327
16330	16333
16333	16325
16308	16276
16243	16214
16202	16205
16212	16197
16138	15991
15697	15147
14245	13008
11650	10468
9662	9222
9021	8917
8822	8705
8553	8374
8175	7966
7755	7547
7351	7174
7025	6912
6844	6815
6812	6818
6820	6823
6819	6815
6808	6801
6795	6786
6775	6763
6751	6740
6727	6709
6681	6643
6595	6546
6498	6454
6402	6323
6198	6006
5747	5427
5063	4662
4224	3761
3324	3017
2996	3444
4536	6300
8560	10919
12949	14372
15171	15522
15637	15660
15664	15677
15703	15737
15761	15775
15782	15785
15786	15786
15786	15786
15786	15785
15784	15779
15772	15760
15747	15736
15728	15724
15722	15722
15722	15722
15722	15722
15722	15718
15709	15689
15659	15621
15587	15561
15535	15493
15431	15373
15356	15378
15367	15152
14517	13319
11639	9886
8689	8545
9471	11018
12596	13804
14487	14583
14024	12798
11136	9601
8865	9302
10686	12366
13695	14358
14303	13583
12297	10682
9098	7905
7294	7313
7962	9203
10821	12448
13742	14575
15004	15179
15206	15129
14878	14323
13302	11820
10194	8976
8568	8890
9390	9545
9391	9433
10084	11212
12274	12683
12175	10951
9603	8818
9032	10182
11792	13278
14273	14686
14546	13861
12691	11285
10120	9664
10100	11211
12532	13625
14241	14301
13821	12842
11514	10182
9356	9444
10433	11878
13162	13793
13525	12410
10805	9325
8621	9030
10358	12025
13464	14403
14818	14741
14124	12932
11377	9953
9197	9257
9702	9895
9601	9196
9284	10160
11615	13145
14328	15024
15329	15417
15421	15418
15423	15446
15483	15526
15572	15618
15666	15709
15751	15786
15817	15841
15858	15861
15858	15850
15844	15840
15839	15839
15839	15839
15839	15839
15839	15839
15840	15842
15847	15855
15866	15870
15869	15846
15787	15653
15353	14722
13623	12149
10741	9964
10098	10953
12073	13058
13729	14119
14343	14502
14649	14792
14926	15044
15139	15209
15256	15283
15297	15304
15313	15326
15345	15372
15407	15445
15484	15519
15547	15560
15556	15533
15494	15450
15402	15348
15289	15225
15154	15090
15031	14973
14910	14837
14752	14659
14558	14450
14350	14253
14167	14083
14009	13934
13868	13813
13771	13732
13683	13619
13542	13463
13399	13371
13391	13463
13586	13765
14007	14326
14700	15091
15438	15689
15836	15906
15949	16006
16075	16134
16163	16159
16147	16151
16179	16222
16264	16298
16321	16335
16339	16342
16343	16343
16343	16343
16343	16343
16343	16343
16343	16343
16343	16343
16343	16343
16343	16343
16343	16343
16343	16343
16343	16343
16343	16343
16343	16343
16343	16343
16343	16343
16343	16343
16343	16343
16343	16343
16343	16343
16343	16343
16343	16343
16343	16343
16343	16343
16343	16343
16343	16343
16343	16343
16343	16343
16342	16341
16338	16330
16317	16301
16283	16270
16265	16272
16283	16297
16310	16318
16323	16327
16330	16331
16330	16323
16301	16270
16233	16204
16192	16194
16203	16189
16132	15999
15723	15198
14317	13087
11714	10507
9665	9193
8960	8831
8722	8597
8446	8269
8074	7875
7670	7467
7276	7104
6961	6852
6790	6772
6779	6796
6810	6819
6824	6831
6836	6840
6843	6843
6844	6840
6832	6825
6811	6788
6756	6721
6685	6663
6653	6650
6638	6602
6512	6355
6122	5822
5466	5063
4608	4118
3639	3294
3251	3700
4799	6574
8815	11122
13072	14419
15167	15500
15619	15655
15668	15685
15712	15741
15764	15777
15783	15785
15786	15786
15786	15786
15786	15785
15784	15779
15772	15760
15747	15736
15728	15724
15722	15722
15722	15722
15722	15722
15722	15719
15713	15701
15684	15665
15652	15642
15623	15577
15506	15435
15404	15413
15388	15138
14434	13131
11357	9573
8401	8285
9203	10696
12235	13454
14190	14325
13758	12493
10817	9339
8734	9323
10816	12522
13818	14436
14358	13642
12372	10743
9081	7775
7119	7242
8137	9638
11397	12991
14138	14795
15099	15204
15204	15105
14830	14225
13149	11628
9995	8778
8331	8556
8960	9108
9075	9312
10123	11306
12301	12580
11954	10674
9334	8566
8741	9786
11287	12740
13816	14383
14398	13813
12686	11301
10179	9813
10353	11517
12821	13844
14370	14341
13773	12733
11394	10125
9418	9625
10682	12119
13335	13852
13441	12169
10458	8976
8365	8895
10307	12011
13466	14417
14839	14736
14054	12784
11189	9795
9118	9237
9682	9826
9506	9157
9372	10380
11897	13405
14511	15130
15384	15446
15441	15426
15428	15446
15483	15525
15570	15617
15665	15708
15749	15785
15816	15841
15856	15861
15857	15850
15844	15840
15839	15839
15839	15839
15839	15839
15839	15839
15840	15844
15852	15863
15878	15891
15894	15875
15813	15662
15322	14638
13479	11958
10537	9801
10012	10940
12107	13102
13765	14146
14365	14523
14670	14816
14950	15070
15164	15236
15282	15309
15324	15336
15352	15377
15413	15450
15484	15510
15529	15536
15531	15507
15461	15391
15309	15217
15126	15031
14931	14821
14715	14621
14545	14482
14421	14350
14273	14181
14083	13983
13885	13791
13712	13648
13606	13583
13573	13565
13554	13536
13515	13489
13460	13429
13401	13377
13363	13365
13391	13469
13631	13910
14304	14764
15209	15559
15778	15890
15950	16011
16079	16137
16162	16153
16136	16140
16167	16215
16260	16296
16322	16334
16339	16342
16343	16343
16343	16343
16343	16343
16343	16343
16343	16343
16343	16343
16343	16343
16343	16343
16343	16343
16343	16343
16343	16343
16343	16343
16343	16343
16343	16343
16343	16343
16343	16343
16343	16343
16343	16343
16343	16343
16343	16343
16343	16343
16343	16343
16343	16343
16343	16343
16343	16343
16343	16343
16343	16343
16342	16341
16338	16331
16318	16304
16287	16275
16271	16275
16287	16299
16312	16318
16323	16327
16330	16331
16330	16320
16297	16262
16222	16190
16179	16183
16192	16182
16129	16005
15744	15242
14377	13150
11763	10529
9660	9156
8891	8737
8615	8487
8341	8170
7988	7796
7603	7414
7235	7071
6935	6835
6775	6754
6761	6776
6793	6806
6816	6827
6841	6851
6860	6867
6871	6873
6873	6865
6848	6817
6776	6732
6700	6683
6685	6698
6708	6691
6626	6494
6287	6008
5671	5279
4827	4327
3834	3476
3421	3870
4980	6758
8980	11242
13132	14425
15144	15470
15598	15652
15677	15700
15725	15748
15768	15778
15783	15785
15786	15786
15786	15786
15786	15785
15784	15779
15772	15760
15747	15736
15728	15724
15722	15722
15722	15722
15722	15722
15722	15720
15717	15714
15711	15710
15711	15702
15674	15620
15544	15473
15432	15420
15353	15051
14273	12881
11035	9220
8044	7900
8737	10144
11649	12926
13771	14006
13474	12204
10539	9137
8664	9385
10956	12668
13924	14504
14421	13729
12484	10839
9120	7750
7104	7376
8508	10204
12015	13520
14509	15017
15213	15260
15227	15104
14794	14137
12998	11432
9777	8531
8002	8094
8386	8564
8712	9200
10200	11438
12354	12480
11714	10364
9014	8239
8339	9237
10593	12005
13187	13954
14161	13706
12630	11263
10186	9911
10557	11780
13069	14023
14459	14336
13677	12561
11206	10006
9431	9770
10899	12328
13471	13882
13340	11935
10125	8614
8022	8560
9945	11623
13104	14134
14649	14595
13900	12594
10981	9617
8984	9105
9496	9587
9282	9054
9440	10589
12152	13619
14643	15187
15396	15442
15433	15424
15427	15445
15479	15521
15566	15611
15657	15700
15744	15780
15812	15838
15855	15860
15856	15849
15844	15840
15839	15839
15839	15839
15839	15839
15839	15839
15840	15844
15853	15867
15883	15896
15902	15887
15824	15659
15297	14582
13383	11809
10332	9554
9752	10704
11915	12963
13673	14086
14326	14495
14650	14799
14935	15054
15151	15220
15270	15295
15309	15321
15343	15376
15414	15448
15470	15476
15466	15436
15387	15318
15222	15107
14977	14842
14710	14580
14444	14307
14177	14071
13995	13946
13906	13865
13819	13763
13697	13624
13544	13468
13404	13370
13376	13416
13467	13502
13501	13471
13426	13386
13351	13317
13266	13187
13081	12950
12829	12764
12832	13090
13553	14160
14793	15323
15677	15868
15964	16032
16097	16145
16163	16146
16126	16127
16157	16206
16256	16295
16320	16333
16339	16342
16343	16343
16343	16343
16343	16343
16343	16343
16343	16343
16343	16343
16343	16343
16343	16343
16343	16343
16343	16343
16343	16343
16343	16343
16343	16343
16343	16343
16343	16343
16343	16343
16343	16343
16343	16343
16343	16343
16343	16343
16343	16343
16343	16343
16343	16343
16343	16343
16343	16343
16343	16343
16343	16343
16342	16341
16338	16332
16321	16307
16291	16281
16275	16281
16289	16302
16312	16318
16323	16327
16330	16330
16327	16316
16286	16247
16203	16173
16162	16171
16184	16179
16133	16015
15769	15280
14424	13193
11793	10541
9650	9123
8837	8665
8534	8404
8260	8101
7929	7750
7573	7399
7232	7084
6957	6862
6801	6771
6762	6765
6775	6784
6795	6806
6816	6825
6834	6841
6844	6848
6850	6845
6830	6805
6769	6732
6702	6686
6686	6699
6708	6695
6642	6524
6334	6074
5749	5366
4922	4426
3942	3586
3538	3998
5113	6887
9086	11309
13160	14421
15119	15440
15577	15642
15680	15708
15734	15754
15771	15778
15783	15785
15786	15786
15786	15786
15786	15785
15784	15779
15772	15760
15747	15736
15728	15724
15722	15722
15722	15722
15722	15722
15722	15722
15722	15724
15732	15743
15746	15727
15683	15619
15548	15487
15440	15396
15274	14907
14051	12592
10704	8887
7714	7528
8262	9564
11035	12373
13336	13673
13199	11955
10337	9032
8690	9524
11145	12836
14043	14584
14498	13826
12597	10948
9203	7831
7263	7710
9042	10847
12621	13990
14824	15212
15333	15330
15268	15112
14753	14029
12824	11214
9546	8275
7671	7632
7831	8045
8381	9113
10300	11586
12421	12395
11484	10065
8720	7963
8021	8792
10005	11362
12618	13545
13919	13572
12542	11197
10163	9976
10718	12005
13288	14182
14530	14309
13551	12360
10988	9858
9421	9898
11102	12522
13593	13888
13220	11699
9810	8266
7648	8116
9398	11005
12508	13657
14316	14360
13687	12358
10734	9378
8737	8804
9113	9175
8966	8937
9548	10838
12426	13826
14755	15217
15385	15419
15418	15413
15421	15443
15473	15509
15548	15593
15638	15684
15727	15766
15802	15829
15849	15857
15855	15848
15844	15840
15839	15839
15839	15839
15839	15839
15839	15839
15841	15845
15853	15866
15878	15886
15885	15868
15805	15639
15279	14559
13339	11715
10154	9274
9385	10297
11527	12634
13418	13893
14174	14366
14531	14684
14825	14948
15045	15117
15163	15187
15196	15207
15223	15250
15279	15298
15298	15276
15231	15167
15080	14970
14837	14688
14527	14368
14215	14072
13934	13798
13680	13591
13542	13523
13523	13528
13528	13515
13485	13438
13376	13308
13248	13223
13250	13322
13396	13429
13390	13290
13163	13038
12921	12802
12657	12468
12222	11940
11671	11492
11517	11834
12462	13320
14228	15003
15536	15833
15977	16055
16114	16151
16160	16140
16117	16117
16150	16201
16253	16293
16320	16333
16339	16342
16343	16343
16343	16343
16343	16343
16343	16343
16343	16343
16343	16343
16343	16343
16343	16343
16343	16343
16343	16343
16343	16343
16343	16343
16343	16343
16343	16343
16343	16343
16343	16343
16343	16343
16343	16343
16343	16343
16343	16343
16343	16343
16343	16343
16343	16343
16343	16343
16343	16343
16343	16343
16343	16343
16342	16341
16338	16332
16322	16307
16294	16283
16279	16285
16294	16305
16314	16320
16324	16328
16330	16329
16324	16304
16270	16223
16177	16148
16147	16167
16187	16188
16146	16039
15797	15313
14455	13216
11799	10535
9633	9102
8810	8631
8494	8362
8220	8065
7899	7731
7561	7399
7252	7118
7003	6913
6847	6804
6777	6762
6756	6757
6762	6768
6772	6775
6776	6776
6774	6773
6771	6771
6765	6758
6745	6728
6712	6700
6694	6695
6693	6674
6617	6507
6329	6079
5763	5384
4945	4460
3992	3655
3630	4104
5223	6976
9148	11338
13171	14420
15111	15425
15561	15627
15673	15708
15735	15755
15772	15779
15783	15785
15786	15786
15786	15786
15786	15785
15784	15779
15772	15760
15747	15736
15728	15724
15722	15722
15722	15722
15722	15722
15722	15722
15722	15727
15738	15750
15747	15716
15657	15591
15533	15486
15437	15363
15185	14742
13813	12300
10408	8640
7530	7364
8051	9279
10700	12044
13041	13413
12957	11740
10194	9014
8811	9743
11384	13033
14176	14672
14573	13910
12694	11052
9330	8021
7587	8212
9682	11504
13164	14364
15052	15353
15428	15399
15304	15102
14678	13877
12609	10976
9331	8098
7492	7392
7521	7735
8179	9073
10388	11709
12474	12316
11288	9827
8531	7866
7983	8725
9846	11126
12370	13341
13777	13473
12466	11139
10146	10028
10855	12191
13472	14314
14576	14263
13415	12149
10762	9704
9404	10018
11295	12702
13686	13859
13057	11442
9516	7981
7357	7755
8912	10423
11925	13169
13953	14081
13424	12070
10424	9044
8344	8304
8528	8625
8618	8891
9769	11194
12771	14072
14884	15266
15385	15406
15405	15408
15418	15436
15459	15485
15518	15554
15600	15646
15693	15740
15780	15813
15838	15849
15850	15847
15844	15840
15839	15839
15839	15839
15839	15839
15839	15840
15842	15846
15853	15862
15864	15859
15848	15822
15757	15602
15255	14550
13331	11669
10020	9009
8989	9805
11008	12148
12997	13534
13863	14081
14259	14418
14561	14684
14782	14853
14898	14921
14928	14932
14942	14955
14969	14964
14941	14893
14822	14732
14625	14499
14357	14205
14054	13910
13778	13659
13551	13453
13372	13322
13307	13319
13354	13393
13427	13441
13427	13378
13296	13192
13090	13022
13005	13033
13055	13017
12882	12669
12413	12155
11902	11650
11368	11042
10665	10270
9923	9729
9824	10317
11216	12400
13635	14677
15392	15788
15973	16059
16115	16148
16152	16133
16115	16117
16149	16200
16252	16293
16320	16333
16339	16342
16343	16343
16343	16343
16343	16343
16343	16343
16343	16343
16343	16343
16343	16343
16343	16343
16343	16343
16343	16343
16343	16343
16343	16343
16343	16343
16343	16343
16343	16343
16343	16343
16343	16343
16343	16343
16343	16343
16343	16343
16343	16343
16343	16343
16343	16343
16343	16343
16343	16343
16343	16343
16343	16343
16342	16341
16338	16332
16322	16309
16295	16287
16283	16289
16298	16308
16316	16322
16324	16328
16330	16328
16320	16295
16250	16190
16139	16116
16129	16165
16198	16205
16171	16068
15831	15344
14476	13218
11789	10515
9617	9092
8809	8636
8497	8360
8208	8047
7879	7711
7550	7398
7260	7142
7042	6959
6892	6835
6791	6760
6742	6733
6731	6727
6724	6718
6708	6699
6686	6677
6672	6672
6676	6688
6700	6709
6712	6707
6698	6683
6665	6631
6574	6467
6299	6059
5747	5370
4935	4457
4003	3691
3690	4181
5290	7007
9133	11304
13142	14410
15114	15429
15556	15620
15669	15707
15738	15759
15774	15780
15784	15785
15786	15786
15786	15786
15786	15785
15784	15779
15772	15760
15747	15736
15728	15724
15722	15722
15722	15722
15722	15722
15722	15721
15722	15723
15729	15733
15720	15680
15620	15562
15519	15482
15435	15335
15107	14597
13599	12044
10177	8520
7578	7560
8325	9546
10898	12140
13027	13294
12763	11538
10073	9043
8992	10010
11647	13229
14295	14738
14620	13959
12760	11149
9494	8300
8031	8811
10355	12113
13613	14630
15195	15431
15480	15429
15305	15054
14561	13687
12368	10741
9179	8081
7593	7537
7627	7779
8191	9102
10441	11758
12467	12220
11119	9664
8484	8019
8326	9169
10276	11463
12584	13450
13807	13462
12442	11131
10176	10114
10988	12350
13613	14402
14599	14205
13275	11945
10550	9568
9407	10152
11492	12872
13752	13781
12850	11167
9270	7827
7283	7683
8764	10175
11622	12876
13691	13822
13131	11739
10061	8647
7860	7695
7854	8061
8356	9003
10169	11697
13211	14370
15051	15343
15420	15422
15415	15416
15422	15429
15437	15451
15471	15501
15541	15589
15644	15698
15749	15791
15822	15839
15846	15844
15842	15840
15839	15839
15839	15839
15839	15839
15839	15840
15842	15846
15850	15852
15844	15826
15802	15765
15700	15554
15226	14541
13327	11641
9920	8791
8627	9323
10459	11589
12464	13038
13391	13622
13805	13962
14107	14230
14329	14403
14449	14474
14486	14493
14499	14506
14506	14490
14452	14392
14313	14222
14119	14012
13899	13790
13687	13598
13520	13452
13394	13340
13297	13266
13257	13270
13299	13331
13349	13343
13295	13192
13039	12846
12645	12469
12334	12235
12131	11964
11709	11375
11005	10625
10249	9873
9474	9043
8599	8182
7872	7786
8072	8833
10069	11604
13150	14428
15284	15748
15953	16041
16095	16132
16143	16135
16125	16131
16160	16205
16254	16292
16320	16333
16339	16342
16343	16343
16343	16343
16343	16343
16343	16343
16343	16343
16343	16343
16343	16343
16343	16343
16343	16343
16343	16343
16343	16343
16343	16343
16343	16343
16343	16343
16343	16343
16343	16343
16343	16343
16343	16343
16343	16343
16343	16343
16343	16343
16343	16343
16343	16343
16343	16343
16343	16343
16343	16343
16343	16343
16342	16341
16338	16332
16322	16309
16295	16288
16284	16291
16301	16311
16319	16323
16326	16328
16329	16327
16316	16285
16228	16157
16096	16081
16112	16165
16212	16228
16201	16102
15867	15371
14488	13218
11777	10500
9608	9095
8825	8660
8520	8373
8211	8036
7860	7686
7524	7378
7253	7146
7056	6982
6918	6855
6802	6759
6732	6717
6705	6697
6688	6674
6657	6638
6618	6601
6589	6584
6595	6617
6646	6672
6690	6693
6679	6652
6615	6573
6513	6415
6261	6032
5729	5352
4912	4436
3995	3700
3716	4207
5287	6945
9016	11171
13038	14359
15105	15433
15562	15623
15673	15710
15743	15762
15776	15780
15785	15785
15786	15786
15786	15786
15786	15785
15784	15779
15772	15760
15747	15736
15728	15724
15722	15722
15722	15722
15722	15722
15722	15720
15718	15712
15709	15698
15678	15641
15595	15549
15512	15482
15429	15314
15054	14485
13423	11833
10018	8525
7846	8112
9082	10362
11624	12666
13300	13324
12624	11347
9957	9089
9201	10302
11919	13419
14399	14787
14644	13984
12800	11237
9672	8628
8526	9431
10987	12641
13962	14818
15276	15465
15490	15421
15261	14965
14415	13481
12125	10536
9110	8235
7975	8048
8120	8147
8404	9191
10458	11729
12390	12092
10963	9566
8561	8373
8973	10024
11179	12262
13187	13831
14003	13538
12477	11182
10268	10247
11142	12493
13718	14455
14597	14147
13151	11765
10366	9465
9445	10314
11701	13035
13793	13667
12610	10896
9093	7835
7489	8006
9087	10415
11749	12894
13601	13626
12835	11383
9694	8276
7439	7185
7310	7675
8309	9344
10763	12330
13718	14696
15228	15435
15474	15460
15445	15437
15431	15423
15413	15410
15416	15440
15475	15527
15587	15650
15712	15764
15804	15827
15838	15840
15842	15839
15839	15839
15839	15839
15839	15839
15839	15840
15842	15844
15847	15843
15829	15801
15765	15718
15652	15515
15198	14522
13309	11607
9843	8628
8349	8937
9992	11084
11947	12514
12857	13079
13242	13387
13517	13635
13736	13814
13877	13924
13956	13980
14001	14012
14010	13993
13958	13908
13848	13782
13714	13648
13585	13534
13491	13462
13440	13417
13386	13340
13279	13215
13154	13107
13063	13018
12959	12868
12728	12525
12263	11954
11628	11314
11036	10779
10518	10217
9863	9461
9039	8617
8200	7780
7346	6904
6483	6142
5962	6070
6607	7673
9232	11072
12860	14295
15233	15722
15931	16017
16074	16116
16144	16150
16150	16156
16179	16215
16256	16292
16320	16333
16339	16342
16343	16343
16343	16343
16343	16343
16343	16343
16343	16343
16343	16343
16343	16343
16343	16343
16343	16343
16343	16343
16343	16343
16343	16343
16343	16343
16343	16343
16343	16343
16343	16343
16343	16343
16343	16343
16343	16343
16343	16343
16343	16343
16343	16343
16343	16343
16343	16343
16343	16343
16343	16343
16343	16343
16342	16341
16338	16332
16323	16311
16297	16289
16287	16295
16303	16315
16321	16326
16327	16328
16328	16326
16312	16276
16209	16129
16065	16054
16098	16167
16223	16247
16225	16132
15900	15402
14511	13235
11788	10510
9617	9110
8847	8687
8547	8392
8218	8031
7842	7661
7495	7349
7231	7131
7053	6985
6926	6863
6806	6759
6726	6705
6691	6678
6662	6646
6623	6599
6574	6549
6534	6528
6536	6555
6590	6626
6653	6663
6648	6609
6562	6510
6451	6364
6222	6008
5709	5331
4892	4418
3980	3694
3708	4177
5201	6783
8787	10928
12839	14237
15048	15419
15561	15626
15673	15715
15745	15765
15776	15780
15785	15785
15786	15786
15786	15786
15786	15785
15784	15779
15772	15760
15747	15736
15728	15724
15722	15722
15722	15722
15722	15722
15722	15719
15715	15705
15690	15671
15646	15617
15589	15554
15519	15480
15418	15295
15011	14395
13272	11654
9897	8601
8234	8843
10076	11442
12597	13384
13702	13433
12525	11169
9846	9140
9422	10609
12201	13617
14507	14836
14663	13994
12818	11298
9828	8933
8989	9986
11523	13058
14225	14949
15327	15476
15479	15383
15193	14858
14261	13278
11900	10358
9100	8489
8502	8734
8791	8658
8705	9311
10458	11655
12263	11932
10816	9509
8711	8823
9738	11017
12239	13221
13932	14320
14272	13663
12545	11262
10392	10408
11312	12635
13808	14491
14585	14090
13036	11602
10208	9394
9515	10502
11926	13193
13819	13536
12361	10638
8975	7979
7926	8660
9817	11079
12250	13180
13665	13481
12541	11029
9379	8038
7240	6960
7087	7586
8515	9862
11453	12994
14210	14991
15379	15513
15525	15501
15478	15459
15439	15416
15392	15375
15372	15383
15418	15472
15538	15610
15681	15741
15788	15817
15831	15838
15839	15839
15839	15839
15839	15839
15839	15839
15839	15839
15842	15843
15843	15838
15821	15788
15746	15695
15627	15491
15175	14496
13270	11557
9766	8502
8154	8675
9681	10741
11570	12109
12417	12596
12721	12832
12938	13046
13147	13247
13339	13421
13491	13547
13591	13616
13627	13619
13605	13580
13553	13520
13490	13454
13420	13387
13359	13335
13313	13279
13216	13110
12969	12806
12636	12464
12295	12117
11927	11708
11451	11142
10778	10374
9954	9545
9157	8785
8418	8042
7656	7264
6889	6526
6178	5824
5461	5103
4791	4591
4584	4898
5671	6994
8802	10848
12774	14275
15233	15724
15927	16013
16070	16121
16156	16173
16181	16185
16197	16222
16257	16291
16319	16334
16339	16342
16343	16343
16343	16343
16343	16343
16343	16343
16343	16343
16343	16343
16343	16343
16343	16343
16343	16343
16343	16343
16343	16343
16343	16343
16343	16343
16343	16343
16343	16343
16343	16343
16343	16343
16343	16343
16343	16343
16343	16343
16343	16343
16343	16343
16343	16343
16343	16343
16343	16343
16343	16343
16343	16343
16342	16341
16338	16332
16323	16311
16299	16290
16290	16298
16307	16317
16324	16326
16327	16328
16328	16325
16311	16271
16201	16115
16050	16041
16092	16166
16229	16258
16241	16153
15926	15433
14550	13281
11843	10559
9657	9140
8873	8712
8571	8411
8229	8032
7836	7648
7479	7332
7215	7122
7047	6985
6926	6866
6807	6759
6724	6697
6682	6667
6652	6632
6607	6580
6551	6525
6505	6496
6500	6517
6548	6585
6619	6630
6613	6569
6515	6460
6404	6324
6193	5987
5693	5321
4882	4414
3981	3688
3677	4094
5035	6521
8450	10572
12534	14022
14929	15366
15539	15616
15664	15705
15737	15759
15774	15780
15784	15785
15786	15786
15786	15786
15786	15785
15784	15779
15772	15760
15747	15736
15728	15724
15722	15722
15722	15722
15722	15722
15722	15719
15713	15699
15680	15655
15635	15617
15600	15568
15525	15469
15398	15268
14965	14306
13121	11470
9777	8680
8619	9551
11018	12445
13485	14028
14062	13527
12433	11000
9738	9188
9642	10918
12490	13822
14628	14896
14687	13991
12801	11301
9915	9160
9360	10433
11939	13370
14416	15040
15361	15477
15459	15341
15129	14766
14130	13098
11691	10195
9098	8741
9004	9369
9399	9113
8975	9424
10463	11587
12141	11776
10679	9475
8875	9254
10433	11888
13150	14034
14556	14732
14500	13774
12608	11337
10509	10565
11473	12765
13887	14521
14570	14027
12916	11435
10046	9325
9585	10689
12138	13338
13825	13388
12105	10392
8892	8194
8478	9484
10751	11959
12939	13601
13798	13358
12245	10695
9144	7978
7320	7076
7200	7773
8881	10422
12099	13563
14602	15198
15466	15547
15546	15525
15502	15476
15447	15411
15379	15351
15340	15348
15380	15432
15503	15582
15659	15726
15778	15811
15828	15835
15839	15839
15839	15839
15839	15839
15839	15839
15839	15839
15841	15843
15843	15841
15823	15790
15743	15690
15619	15479
15150	14447
13205	11471
9659	8363
7979	8473
9469	10522
11344	11860
12134	12274
12359	12436
12520	12617
12731	12853
12982	13107
13217	13305
13368	13402
13415	13415
13411	13405
13393	13373
13335	13273
13191	13091
12982	12869
12755	12625
12462	12249
11991	11705
11411	11111
10805	10494
10176	9849
9503	9126
8720	8291
7857	7432
7030	6643
6268	5910
5574	5272
5005	4776
4559	4346
4123	3920
3775	3746
3922	4415
5369	6860
8805	10928
12871	14351
15280	15751
15951	16035
16092	16140
16177	16196
16201	16199
16202	16222
16253	16289
16318	16334
16339	16342
16343	16343
16343	16343
16343	16343
16343	16343
16343	16343
16343	16343
16343	16343
16343	16343
16343	16343
16343	16343
16343	16343
16343	16343
16343	16343
16343	16343
16343	16343
16343	16343
16343	16343
16343	16343
16343	16343
16343	16343
16343	16343
16343	16343
16343	16343
16343	16343
16343	16343
16343	16343
16343	16343
16342	16341
16338	16332
16324	16312
16300	16294
16294	16299
16309	16318
16324	16326
16327	16328
16327	16326
16310	16271
16200	16114
16048	16041
16092	16167
16231	16261
16248	16166
15946	15469
14606	13363
11936	10653
9727	9187
8900	8733
8586	8426
8240	8040
7840	7648
7478	7329
7212	7119
7048	6988
6931	6871
6811	6760
6722	6695
6677	6660
6645	6625
6600	6572
6542	6515
6493	6482
6482	6495
6520	6554
6587	6600
6581	6536
6479	6422
6367	6291
6168	5967
5682	5313
4886	4428
3999	3695
3640	3975
4807	6178
8022	10119
12128	13720
14744	15273
15499	15590
15641	15683
15719	15747
15766	15777
15782	15785
15786	15786
15786	15786
15786	15785
15784	15779
15772	15760
15747	15736
15728	15724
15722	15722
15722	15722
15722	15722
15722	15719
15713	15699
15681	15661
15647	15639
15627	15593
15532	15460
15372	15231
14905	14190
12935	11253
9630	8722
8930	10120
11742	13182
14103	14458
14278	13548
12310	10830
9627	9229
9837	11189
12742	13999
14732	14949
14694	13951
12722	11222
9904	9286
9628	10773
12257	13598
14546	15101
15377	15470
15441	15320
15102	14721
14041	12946
11495	10028
9063	8913
9362	9806
9787	9391
9143	9514
10499	11567
12062	11656
10568	9454
9020	9599
10951	12498
13749	14538
14920	14958
14616	13827
12646	11391
10597	10683
11599	12870
13957	14550
14560	13961
12778	11239
9856	9222
9621	10840
12317	13449
13804	13213
11836	10139
8814	8417
9038	10300
11679	12823
13610	14002
13910	13217
11948	10389
8985	8058
7602	7435
7527	8079
9240	10862
12557	13941
14832	15295
15481	15539
15547	15535
15515	15487
15452	15412
15373	15341
15326	15330
15360	15415
15488	15568
15648	15718
15773	15808
15827	15835
15838	15839
15839	15839
15839	15839
15839	15839
15839	15839
15841	15844
15845	15844
15828	15792
15742	15687
15613	15462
15111	14379
13100	11333
9476	8120
7676	8131
9121	10196
11046	11583
11869	12012
12101	12184
12276	12393
12525	12671
12823	12968
13091	13185
13235	13242
13220	13188
13158	13129
13084	13011
12896	12732
12521	12270
12000	11723
11450	11179
10894	10574
10227	9863
9494	9123
8743	8362
7986	7621
7261	6900
6531	6156
5786	5434
5105	4796
4506	4242
4018	3838
3706	3611
3533	3460
3398	3374
3432	3616
3992	4658
5740	7306
9259	11318
13152	14521
15371	15804
15990	16072
16121	16159
16186	16199
16199	16192
16188	16206
16239	16280
16313	16332
16339	16342
16343	16343
16343	16343
16343	16343
16343	16343
16343	16343
16343	16343
16343	16343
16343	16343
16343	16343
16343	16343
16343	16343
16343	16343
16343	16343
16343	16343
16343	16343
16343	16343
16343	16343
16343	16343
16343	16343
16343	16343
16343	16343
16343	16343
16343	16343
16343	16343
16343	16343
16343	16343
16343	16343
16342	16341
16338	16332
16324	16312
16301	16295
16295	16301
16310	16319
16324	16326
16327	16328
16327	16325
16310	16271
16203	16120
16057	16048
16096	16167
16227	16259
16247	16172
15964	15508
14682	13472
12071	10779
9825	9245
8933	8751
8602	8440
8255	8054
7853	7660
7487	7337
7221	7126
7054	6994
6938	6877
6815	6761
6722	6695
6676	6659
6643	6623
6597	6569
6538	6510
6489	6476
6472	6481
6500	6532
6562	6573
6555	6507
6447	6390
6338	6267
6148	5950
5667	5308
4893	4450
4030	3704
3595	3832
4534	5772
7513	9577
11637	13342
14503	15150
15442	15558
15613	15655
15697	15733
15760	15774
15781	15784
15786	15786
15786	15786
15786	15785
15784	15779
15772	15760
15747	15736
15728	15724
15722	15722
15722	15722
15722	15722
15722	15719
15714	15704
15690	15676
15672	15669
15659	15620
15547	15454
15352	15188
14821	14037
12706	10997
9453	8731
9171	10551
12247	13654
14468	14683
14358	13492
12152	10647
9511	9245
9980	11382
12900	14094
14774	14954
14659	13857
12575	11064
9815	9337
9829	11053
12520	13786
14651	15143
15380	15456
15429	15320
15113	14716
13980	12806
11293	9834
8964	8949
9499	9962
9893	9449
9186	9580
10571	11606
12034	11569
10472	9426
9110	9808
11232	12783
13985	14699
15005	14989
14614	13816
12641	11406
10637	10748
11680	12952
14026	14591
14558	13887
12623	11016
9634	9084
9621	10944
12449	13511
13735	12999
11531	9870
8726	8608
9517	10982
12424	13497
14111	14275
13940	13037
11646	10106
8870	8206
7973	7877
7902	8347
9458	11082
12773	14104
14913	15297
15451	15510
15536	15539
15524	15493
15453	15412
15370	15337
15318	15324
15353	15408
15481	15565
15644	15715
15770	15805
15826	15834
15838	15839
15839	15839
15839	15839
15839	15839
15839	15839
15841	15844
15845	15841
15821	15781
15729	15677
15605	15447
15075	14304
12973	11132
9172	7679
7084	7413
8338	9413
10318	10934
11301	11523
11684	11838
11997	12161
12326	12486
12633	12758
12849	12889
12872	12792
12671	12546
12429	12314
12180	12000
11760	11457
11095	10692
10265	9846
9445	9072
8709	8348
7983	7622
7261	6904
6542	6186
5846	5531
5236	4955
4681	4415
4160	3923
3708	3520
3356	3225
3127	3074
3056	3063
3083	3126
3214	3391
3693	4149
4778	5641
6819	8366
10178	12021
13613	14781
15498	15869
16030	16099
16131	16151
16164	16171
16169	16160
16158	16178
16220	16268
16309	16330
16339	16342
16343	16343
16343	16343
16343	16343
16343	16343
16343	16343
16343	16343
16343	16343
16343	16343
16343	16343
16343	16343
16343	16343
16343	16343
16343	16343
16343	16343
16343	16343
16343	16343
16343	16343
16343	16343
16343	16343
16343	16343
16343	16343
16343	16343
16343	16343
16343	16343
16343	16343
16343	16343
16343	16343
16342	16341
16339	16332
16324	16314
16303	16299
16299	16303
16312	16320
16324	16327
16327	16328
16327	16324
16310	16274
16211	16132
16072	16062
16104	16169
16223	16250
16240	16170
15980	15551
14766	13601
12229	10931
9943	9317
8973	8772
8616	8454
8268	8068
7866	7673
7500	7353
7232	7139
7066	7008
6949	6884
6821	6764
6724	6696
6676	6659
6642	6622
6596	6568
6538	6510
6489	6472
6466	6467
6484	6509
6535	6544
6523	6475
6418	6362
6310	6242
6125	5933
5653	5300
4898	4474
4061	3717
3547	3681
4243	5336
6961	8980
11081	12910
14223	15004
15379	15527
15585	15629
15674	15719
15753	15772
15781	15784
15786	15786
15786	15786
15786	15785
15784	15779
15772	15760
15747	15736
15728	15724
15722	15722
15722	15722
15722	15722
15722	15719
15715	15707
15702	15698
15700	15704
15695	15651
15569	15465
15344	15149
14722	13853
12442	10721
9273	8745
9393	10899
12615	13957
14677	14787
14353	13385
11972	10449
9370	9199
10009	11418
12890	14035
14705	14886
14573	13722
12389	10872
9698	9369
10014	11320
12778	13972
14754	15183
15380	15443
15422	15336
15139	14722
13926	12665
11085	9616
8785	8813
9370	9793
9698	9285
9129	9634
10685	11694
12038	11489
10361	9348
9090	9812
11201	12682
13824	14518
14844	14862
14525	13755
12606	11390
10645	10782
11738	13027
14105	14653
14572	13825
12466	10795
9416	8954
9614	11032
12546	13536
13621	12746
11201	9588
8613	8727
9841	11416
12866	13865
14358	14365
13858	12804
11335	9834
8776	8366
8342	8303
8226	8514
9503	11078
12761	14090
14886	15261
15420	15496
15536	15546
15532	15499
15456	15413
15370	15336
15318	15323
15352	15407
15481	15561
15643	15714
15769	15804
15826	15834
15838	15839
15839	15839
15839	15839
15839	15839
15839	15839
15840	15840
15838	15827
15800	15753
15703	15659
15601	15445
15056	14243
12840	10884
8750	7028
6167	6246
6996	8001
8935	9640
10121	10470
10760	11028
11286	11521
11723	11884
11999	12066
12082	12031
11898	11683
11422	11159
10917	10687
10439	10147
9800	9398
8955	8487
8018	7568
7158	6785
6445	6125
5818	5520
5236	4958
4685	4422
4183	3969
3779	3608
3452	3302
3161	3038
2935	2859
2813	2799
2821	2875
2952	3039
3136	3279
3518	3923
4520	5303
6233	7300
8534	9952
11484	12967
14211	15104
15651	15933
16058	16106
16121	16121
16119	16120
16121	16118
16120	16147
16197	16256
16302	16329
16339	16342
16343	16343
16343	16343
16343	16343
16343	16343
16343	16343
16343	16343
16343	16343
16343	16343
16343	16343
16343	16343
16343	16343
16343	16343
16343	16343
16343	16343
16343	16343
16343	16343
16343	16343
16343	16343
16343	16343
16343	16343
16343	16343
16343	16343
16343	16343
16343	16343
16343	16343
16343	16343
16343	16343
16342	16341
16339	16332
16324	16314
16304	16299
16299	16304
16312	16320
16324	16327
16327	16327
16327	16322
16311	16275
16217	16146
16090	16079
16115	16169
16215	16239
16230	16171
15995	15600
14858	13745
12404	11103
10072	9398
9013	8794
8633	8468
8283	8082
7878	7686
7514	7367
7248	7155
7083	7021
6961	6895
6829	6770
6728	6700
6680	6662
6644	6623
6597	6569
6538	6511
6489	6471
6460	6456
6464	6484
6506	6513
6490	6444
6386	6333
6283	6218
6101	5911
5634	5288
4900	4490
4084	3728
3504	3534
3956	4896
6396	8360
10502	12450
13927	14847
15312	15495
15560	15603
15654	15708
15748	15771
15781	15784
15786	15786
15786	15786
15786	15785
15784	15779
15772	15760
15747	15736
15728	15724
15722	15722
15722	15722
15722	15722
15722	15720
15718	15713
15713	15714
15725	15730
15722	15677
15599	15493
15358	15124
14626	13667
12192	10484
9157	8820
9644	11236
12926	14185
14811	14836
14314	13254
11772	10232
9182	9051
9856	11213
12631	13773
14493	14737
14446	13573
12209	10707
9622	9440
10227	11605
13043	14163
14867	15230
15383	15426
15411	15340
15149	14704
13848	12512
10876	9379
8527	8504
8971	9325
9251	8977
9034	9732
10866	11837
12069	11408
10228	9199
8916	9542
10781	12128
13227	13989
14456	14616
14386	13681
12571	11386
10667	10827
11809	13113
14192	14724
14591	13766
12323	10606
9251	8880
9647	11137
12644	13545
13493	12485
10874	9303
8462	8719
9919	11497
12904	13856
14306	14254
13663	12521
11018	9585
8704	8527
8685	8690
8507	8607
9433	10924
12603	13971
14818	15237
15424	15517
15558	15565
15542	15505
15458	15414
15369	15335
15317	15323
15351	15407
15480	15561
15643	15714
15769	15804
15826	15834
15838	15839
15839	15839
15839	15839
15839	15839
15839	15839
15839	15835
15830	15810
15771	15721
15675	15645
15602	15451
15044	14187
12704	10622
8293	6295
5102	4845
5318	6154
7023	7747
8302	8741
9130	9494
9830	10117
10339	10487
10559	10565
10502	10368
10139	9822
9450	9082
8748	8439
8122	7778
7399	6993
6580	6174
5791	5443
5138	4871
4632	4405
4192	3990
3802	3626
3459	3309
3177	3065
2975	2904
2844	2790
2744	2709
2691	2699
2744	2827
2952	3108
3276	3443
3624	3874
4282	4921
5815	6916
8126	9358
10574	11773
12931	13980
14831	15434
15801	15990
16072	16096
16092	16074
16066	16065
16072	16076
16085	16119
16180	16245
16298	16326
16339	16342
16343	16343
16343	16343
16343	16343
16343	16343
16343	16343
16343	16343
16343	16343
16343	16343
16343	16343
16343	16343
16343	16343
16343	16343
16343	16343
16343	16343
16343	16343
16343	16343
16343	16343
16343	16343
16343	16343
16343	16343
16343	16343
16343	16343
16343	16343
16343	16343
16343	16343
16343	16343
16343	16343
16342	16341
16339	16332
16324	16316
16306	16301
16301	16306
16314	16320
16324	16327
16327	16327
16326	16322
16309	16277
16226	16161
16111	16098
16124	16168
16205	16223
16216	16165
16011	15649
14957	13897
12589	11279
10207	9481
9055	8818
8650	8482
8297	8094
7890	7697
7526	7377
7261	7169
7095	7035
6972	6904
6835	6775
6732	6702
6682	6662
6645	6623
6598	6569
6541	6512
6488	6470
6455	6446
6449	6462
6478	6479
6459	6411
6355	6303
6255	6190
6075	5885
5609	5270
4892	4498
4103	3738
3470	3409
3700	4486
5855	7754
9924	11990
13627	14691
15246	15466
15541	15583
15638	15697
15744	15769
15781	15784
15786	15786
15786	15786
15786	15785
15784	15779
15772	15760
15747	15736
15728	15724
15722	15722
15722	15722
15722	15722
15722	15720
15718	15717
15719	15725
15736	15745
15737	15700
15633	15536
15390	15115
14550	13519
12012	10359
9176	9022
9981	11596
13219	14373
14910	14865
14269	13133
11593	10033
8973	8798
9510	10758
12122	13310
14152	14519
14294	13438
12084	10625
9643	9597
10494	11909
13307	14348
14965	15258
15367	15389
15374	15310
15117	14646
13748	12370
10705	9180
8263	8112
8431	8715
8725	8690
9037	9958
11165	12065
12160	11375
10122	9040
8641	9060
10043	11200
12271	13181
13891	14294
14235	13635
12587	11450
10766	10946
11928	13222
14279	14774
14584	13690
12197	10480
9191	8916
9773	11298
12767	13567
13383	12254
10587	9042
8257	8538
9676	11154
12488	13442
13947	13946
13363	12206
10720	9386
8690	8717
9028	9070
8794	8713
9353	10729
12393	13818
14751	15241
15471	15570
15601	15590
15555	15508
15460	15414
15369	15335
15317	15323
15351	15407
15480	15561
15643	15714
15769	15804
15826	15834
15838	15839
15839	15839
15839	15839
15839	15839
15839	15839
15838	15835
15826	15805
15765	15713
15668	15642
15595	15434
15005	14105
12559	10379
7897	5668
4174	3590
3753	4331
5022	5635
6144	6573
6974	7351
7692	7975
8182	8304
8347	8315
8222	8060
7820	7499
7137	6778
6454	6152
5854	5545
5228	4911
4609	4337
4103	3911
3754	3620
3496	3373
3247	3132
3032	2943
2870	2808
2759	2728
2712	2712
2725	2747
2775	2812
2860	2938
3052	3217
3431	3682
3942	4201
4475	4841
5403	6241
7370	8698
10077	11364
12482	13421
14206	14853
15357	15708
15920	16035
16081	16089
16073	16047
16031	16033
16047	16052
16070	16107
16173	16243
16299	16327
16339	16342
16343	16343
16343	16343
16343	16343
16343	16343
16343	16343
16343	16343
16343	16343
16343	16343
16343	16343
16343	16343
16343	16343
16343	16343
16343	16343
16343	16343
16343	16343
16343	16343
16343	16343
16343	16343
16343	16343
16343	16343
16343	16343
16343	16343
16343	16343
16343	16343
16343	16343
16343	16343
16343	16343
16342	16341
16339	16332
16324	16316
16306	16301
16301	16306
16314	16320
16324	16327
16327	16327
16326	16322
16309	16280
16235	16176
16130	16117
16135	16166
16194	16205
16202	16159
16026	15698
15057	14051
12777	11462
10347	9565
9100	8841
8664	8495
8309	8108
7903	7709
7535	7388
7271	7178
7108	7046
6983	6913
6841	6780
6733	6703
6682	6662
6644	6623
6598	6569
6542	6513
6489	6468
6451	6436
6432	6439
6451	6450
6427	6378
6323	6271
6225	6161
6049	5858
5584	5245
4875	4490
4107	3742
3444	3311
3484	4127
5368	7191
9379	11551
13340	14544
15189	15446
15528	15568
15626	15690
15742	15769
15782	15784
15786	15786
15786	15786
15786	15785
15784	15779
15772	15760
15747	15736
15728	15724
15722	15722
15722	15722
15722	15722
15722	15721
15719	15716
15718	15724
15732	15735
15728	15708
15662	15583
15433	15130
14519	13454
11973	10426
9407	9405
10433	12005
13504	14533
14980	14878
14237	13066
11511	9949
8856	8578
9119	10206
11508	12766
13762	14286
14165	13366
12069	10701
9835	9890
10843	12240
13561	14504
15029	15257
15323	15324
15305	15245
15047	14572
13668	12305
10668	9151
8167	7870
8034	8274
8418	8660
9302	10400
11617	12403
12348	11465
10166	9028
8484	8639
9312	10244
11277	12342
13317	13981
14122	13651
12700	11642
11014	11200
12140	13367
14358	14786
14538	13600
12116	10468
9293	9129
10042	11549
12940	13626
13324	12101
10396	8851
8049	8226
9178	10467
11710	12710
13353	13492
12996	11893
10483	9294
8786	8997
9427	9497
9149	8914
9366	10598
12209	13675
14696	15267
15536	15638
15649	15614
15563	15509
15458	15414
15369	15335
15317	15323
15351	15407
15480	15561
15643	15714
15769	15804
15826	15834
15838	15839
15839	15839
15839	15839
15839	15839
15839	15839
15839	15837
15832	15815
15782	15733
15688	15651
15586	15397
14930	13989
12397	10163
7598	5240
3558	2734
2628	2939
3378	3797
4157	4483
4797	5103
5381	5609
5772	5865
5889	5858
5781	5659
5494	5280
5043	4809
4586	4380
4175	3969
3764	3573
3406	3270
3168	3097
3048	3010
2966	2915
2858	2810
2778	2765
2760	2766
2779	2803
2844	2900
2974	3060
3155	3257
3373	3512
3689	3916
4196	4521
4856	5188
5538	5993
6662	7630
8886	10312
11727	12957
13921	14616
15107	15459
15717	15895
16008	16069
16096	16097
16079	16053
16038	16039
16049	16058
16074	16112
16177	16246
16300	16327
16339	16342
16343	16343
16343	16343
16343	16343
16343	16343
16343	16343
16343	16343
16343	16343
16343	16343
16343	16343
16343	16343
16343	16343
16343	16343
16343	16343
16343	16343
16343	16343
16343	16343
16343	16343
16343	16343
16343	16343
16343	16343
16343	16343
16343	16343
16343	16343
16343	16343
16343	16343
16343	16343
16343	16343
16342	16341
16339	16332
16324	16316
16306	16301
16301	16306
16314	16320
16324	16327
16327	16327
16326	16322
16309	16282
16244	16193
16152	16134
16141	16162
16180	16192
16188	16155
16043	15749
15158	14201
12963	11642
10485	9647
9144	8862
8680	8508
8322	8120
7916	7719
7547	7398
7280	7189
7119	7058
6994	6922
6849	6783
6736	6705
6683	6663
6645	6623
6597	6569
6538	6511
6486	6465
6442	6424
6414	6416
6422	6422
6397	6348
6292	6240
6193	6131
6018	5829
5553	5217
4851	4474
4102	3744
3430	3246
3322	3837
4952	6699
8893	11155
13078	14413
15142	15435
15523	15562
15619	15685
15741	15769
15782	15784
15786	15786
15786	15786
15786	15785
15784	15779
15772	15760
15747	15736
15728	15724
15722	15722
15722	15722
15722	15722
15722	15720
15718	15714
15710	15704
15702	15696
15695	15689
15672	15617
15477	15164
14544	13506
12120	10735
9889	9998
11017	12470
13797	14673
15026	14885
14242	13107
11622	10126
9039	8646
8983	9868
11067	12352
13464	14117
14106	13405
12223	10995
10257	10382
11312	12617
13812	14636
15073	15237
15264	15250
15228	15168
14981	14526
13675	12406
10886	9458
8476	8084
8133	8355
8639	9113
9948	11098
12219	12844
12666	11754
10490	9372
8739	8673
9056	9760
10711	11843
12977	13816
14103	13766
12944	12010
11455	11631
12483	13583
14447	14778
14473	13541
12135	10642
9635	9585
10508	11932
13194	13750
13353	12096
10398	8863
7998	7989
8676	9723
10860	11917
12719	13028
12667	11672
10396	9384
9072	9429
9935	10022
9630	9280
9556	10610
12117	13571
14641	15276
15583	15687
15679	15625
15563	15509
15456	15413
15369	15335
15317	15323
15351	15407
15480	15561
15643	15714
15768	15804
15825	15834
15838	15839
15839	15839
15839	15839
15839	15839
15839	15839
15839	15839
15835	15826
15799	15759
15714	15666
15577	15356
14845	13854
12216	9953
7367	4973
3215	2270
1994	2096
2321	2545
2746	2944
3148	3352
3541	3699
3811	3880
3902	3888
3850	3798
3731	3659
3582	3500
3417	3328
3237	3146
3060	2983
2921	2878
2854	2847
2849	2853
2852	2842
2836	2842
2873	2920
2978	3041
3108	3182
3273	3380
3511	3660
3822	3987
4161	4348
4565	4825
5138	5488
5854	6213
6593	7086
7805	8829
10125	11552
12909	14026
14823	15326
15623	15801
15922	16005
16062	16098
16120	16124
16114	16097
16085	16082
16083	16087
16100	16136
16193	16256
16304	16328
16339	16342
16343	16343
16343	16343
16343	16343
16343	16343
16343	16343
16343	16343
16343	16343
16343	16343
16343	16343
16343	16343
16343	16343
16343	16343
16343	16343
16343	16343
16343	16343
16343	16343
16343	16343
16343	16343
16343	16343
16343	16343
16343	16343
16343	16343
16343	16343
16343	16343
16343	16343
16343	16343
16343	16343
16342	16341
16339	16332
16325	16316
16307	16302
16302	16306
16314	16320
16324	16327
16327	16327
16326	16322
16311	16288
16252	16209
16169	16148
16145	16154
16165	16176
16177	16154
16058	15795
15248	14347
13139	11813
10617	9731
9188	8887
8694	8521
8333	8130
7925	7730
7557	7407
7288	7198
7128	7068
7006	6931
6853	6785
6736	6704
6680	6660
6642	6620
6594	6568
6537	6510
6485	6462
6438	6414
6397	6395
6400	6395
6370	6319
6261	6209
6162	6100
5987	5799
5525	5188
4821	4453
4088	3739
3427	3210
3212	3616
4616	6284
8476	10810
12851	14298
15102	15430
15524	15562
15617	15685
15739	15769
15782	15784
15786	15786
15786	15786
15786	15785
15784	15779
15772	15760
15747	15736
15728	15724
15722	15722
15722	15722
15722	15722
15722	15719
15715	15705
15692	15671
15650	15632
15632	15646
15661	15635
15517	15221
14635	13692
12474	11296
10628	10800
11737	12998
14108	14813
15072	14908
14316	13301
11997	10678
9680	9231
9384	10047
11077	12284
13400	14098
14168	13594
12589	11551
10951	11098
11933	13068
14087	14771
15114	15225
15223	15197
15170	15115
14948	14549
13817	12731
11440	10216
9341	8942
8938	9155
9523	10105
10969	12007
12926	13364
13121	12283
11176	10188
9579	9402
9590	10086
10887	11941
13048	13900
14241	14007
13340	12566
12110	12266
12978	13888
14578	14796
14453	13577
12333	11069
10274	10325
11199	12467
13543	13965
13521	12312
10711	9249
8344	8152
8559	9359
10367	11433
12329	12761
12519	11663
10563	9759
9623	10073
10601	10686
10277	9856
9980	10841
12178	13541
14598	15254
15584	15691
15675	15613
15548	15499
15452	15412
15368	15335
15317	15323
15351	15407
15480	15561
15643	15714
15768	15804
15825	15834
15838	15839
15839	15839
15839	15839
15839	15839
15839	15839
15839	15838
15834	15824
15802	15769
15731	15680
15579	15331
14777	13729
12034	9735
7148	4767
3022	2051
1709	1712
1822	1934
2037	2146
2265	2394
2514	2617
2696	2747
2772	2778
2773	2770
2781	2809
2846	2881
2900	2904
2902	2897
2898	2903
2912	2924
2943	2965
2987	3007
3026	3045
3076	3130
3211	3315
3431	3548
3664	3783
3914	4065
4243	4442
4656	4871
5083	5294
5520	5781
6085	6421
6766	7102
7463	7942
8664	9694
10990	12385
13663	14659
15319	15689
15873	15966
16024	16068
16104	16135
16154	16164
16164	16157
16147	16141
16135	16130
16138	16167
16216	16269
16311	16331
16339	16342
16343	16343
16343	16343
16343	16343
16343	16343
16343	16343
16343	16343
16343	16343
16343	16343
16343	16343
16343	16343
16343	16343
16343	16343
16343	16343
16343	16343
16343	16343
16343	16343
16343	16343
16343	16343
16343	16343
16343	16343
16343	16343
16343	16343
16343	16343
16343	16343
16343	16343
16343	16343
16343	16343
16342	16341
16340	16334
16327	16318
16310	16306
16306	16309
16316	16322
16326	16327
16327	16327
16326	16322
16311	16292
16261	16221
16183	16158
16147	16146
16154	16162
16167	16154
16075	15840
15336	14482
13304	11978
10744	9812
9231	8909
8708	8535
8343	8140
7933	7737
7561	7414
7296	7206
7136	7077
7014	6937
6857	6786
6736	6703
6679	6658
6640	6618
6593	6563
6535	6507
6483	6457
6430	6402
6380	6371
6374	6371
6344	6296
6237	6181
6132	6071
5958	5771
5498	5162
4795	4426
4072	3738
3431	3200
3148	3464
4360	5959
8134	10521
12659	14202
15072	15431
15533	15570
15622	15687
15742	15769
15782	15784
15786	15786
15786	15786
15786	15785
15784	15779
15772	15760
15747	15736
15728	15724
15722	15722
15722	15722
15722	15722
15722	15719
15712	15695
15668	15627
15584	15552
15551	15583
15625	15630
15541	15285
14783	13995
13001	12065
11565	11753
12543	13564
14436	14966
15134	14968
14467	13652
12622	11586
10779	10365
10392	10840
11636	12640
13609	14248
14358	13933
13153	12343
11885	12017
12686	13590
14392	14921
15174	15242
15223	15190
15160	15112
14973	14657
14088	13261
12285	11362
10695	10375
10364	10562
10922	11471
12200	13000
13652	13917
13678	13010
12159	11401
10917	10741
10829	11161
11759	12599
13510	14225
14531	14374
13869	13284
12940	13062
13605	14285
14774	14875
14522	13760
12741	11761
11196	11322
12086	13129
13979	14273
13846	12787
11404	10122
9262	8953
9141	9712
10555	11530
12398	12846
12681	11969
11076	10474
10467	10942
11432	11492
11099	10662
10678	11336
12447	13636
14596	15219
15541	15648
15635	15580
15525	15485
15449	15411
15371	15337
15319	15323
15351	15405
15480	15561
15642	15712
15768	15804
15825	15833
15838	15839
15839	15839
15839	15839
15839	15839
15839	15839
15836	15833
15824	15808
15783	15752
15720	15673
15572	15316
14732	13628
11862	9513
6920	4578
2883	1953
1626	1623
1720	1814
1889	1963
2042	2128
2212	2290
2350	2394
2422	2440
2455	2478
2525	2599
2694	2784
2856	2915
2967	3021
3080	3138
3195	3249
3298	3343
3383	3416
3447	3486
3543	3632
3752	3901
4058	4210
4356	4497
4645	4817
5015	5244
5485	5725
5946	6157
6364	6599
6867	7168
7470	7758
8069	8513
9212	10236
11519	12879
14092	15002
15565	15851
15978	16035
16071	16107
16137	16163
16183	16199
16206	16207
16203	16193
16176	16168
16174	16202
16244	16286
16317	16334
16340	16342
16343	16343
16343	16343
16343	16343
16343	16343
16343	16343
16343	16343
16343	16343
16343	16343
16343	16343
16343	16343
16343	16343
16343	16343
16343	16343
16343	16343
16343	16343
16343	16343
16343	16343
16343	16343
16343	16343
16343	16343
16343	16343
16343	16343
16343	16343
16343	16343
16343	16343
16343	16343
16343	16343
16342	16341
16341	16335
16329	16320
16312	16308
16308	16310
16318	16324
16328	16328
16329	16327
16326	16323
16314	16295
16269	16232
16196	16167
16148	16140
16143	16153
16161	16154
16087	15880
15413	14605
13460	12133
10871	9896
9279	8935
8722	8544
8353	8146
7939	7743
7569	7421
7304	7213
7143	7084
7020	6944
6863	6791
6740	6705
6679	6659
6640	6618
6592	6563
6533	6504
6481	6452
6424	6389
6362	6349
6351	6345
6319	6271
6212	6156
6106	6044
5933	5745
5479	5144
4778	4413
4065	3745
3453	3216
3127	3372
4185	5713
7867	10288
12496	14117
15046	15435
15547	15584
15630	15692
15743	15770
15782	15784
15786	15786
15786	15786
15786	15785
15784	15779
15772	15760
15747	15736
15728	15724
15722	15722
15722	15722
15722	15722
15722	15719
15709	15686
15643	15582
15514	15468
15466	15510
15573	15607
15551	15357
14967	14369
13628	12945
12591	12755
13354	14107
14734	15102
15203	15061
14685	14102
13388	12680
12116	11807
11782	12052
12586	13307
14024	14520
14634	14363
13827	13262
12934	13023
13494	14132
14700	15075
15247	15284
15258	15224
15196	15153
15046	14821
14430	13880
13246	12661
12243	12045
12045	12195
12475	12879
13390	13908
14300	14438
14258	13806
13236	12733
12414	12299
12352	12559
12948	13512
14145	14654
14882	14788
14451	14056
13823	13906
14271	14717
15009	15009
14685	14078
13322	12642
12298	12461
13066	13839
14448	14632
14283	13464
12404	11397
10683	10355
10406	10788
11431	12211
12912	13273
13132	12569
11885	11471
11539	11971
12377	12409
12057	11660
11614	12088
12942	13887
14679	15208
15489	15585
15575	15531
15497	15472
15447	15411
15373	15339
15320	15324
15350	15404
15478	15558
15637	15709
15763	15802
15821	15833
15836	15839
15839	15839
15839	15839
15839	15839
15839	15838
15836	15827
15813	15788
15756	15720
15686	15644
15548	15292
14691	13531
11695	9283
6679	4384
2771	1920
1656	1704
1852	1983
2082	2162
2238	2314
2387	2457
2515	2562
2595	2622
2645	2682
2740	2830
2937	3044
3139	3225
3306	3399
3496	3596
3691	3782
3862	3931
3990	4040
4085	4132
4199	4299
4437	4600
4768	4928
5073	5207
5342	5501
5692	5916
6158	6393
6609	6798
6978	7175
7411	7670
7929	8170
8434	8841
9519	10534
11811	13150
14321	15172
15676	15920
16018	16062
16097	16132
16161	16184
16199	16210
16223	16231
16228	16216
16200	16193
16204	16232
16268	16300
16325	16336
16340	16342
16343	16343
16343	16343
16343	16343
16343	16343
16343	16343
16343	16343
16343	16343
16343	16343
16343	16343
16343	16343
16343	16343
16343	16343
16343	16343
16343	16343
16343	16343
16343	16343
16343	16343
16343	16343
16343	16343
16343	16343
16343	16343
16343	16343
16343	16343
16343	16343
16343	16343
16343	16343
16343	16343
16342	16341
16341	16337
16332	16325
16320	16315
16315	16320
16324	16329
16330	16331
16331	16331
16329	16326
16318	16302
16278	16247
16210	16178
16153	16142
16141	16149
16159	16152
16094	15906
15482	14721
13614	12297
11012	9995
9338	8967
8739	8553
8358	8154
7945	7750
7574	7425
7305	7214
7141	7081
7019	6949
6873	6807
6757	6723
6696	6673
6652	6627
6598	6566
6535	6505
6478	6448
6414	6374
6342	6323
6320	6315
6291	6244
6185	6130
6078	6015
5907	5727
5468	5144
4787	4426
4085	3778
3498	3258
3141	3329
4072	5539
7663	10093
12349	14032
15013	15442
15570	15609
15648	15702
15747	15771
15782	15784
15786	15786
15786	15786
15786	15785
15784	15779
15772	15760
15747	15736
15728	15724
15722	15722
15722	15722
15722	15722
15721	15718
15707	15679
15626	15547
15461	15404
15399	15449
15524	15573
15550	15417
15148	14744
14252	13798
13566	13674
14067	14554
14951	15182
15247	15156
14916	14554
14126	13709
13382	13197
13172	13313
13620	14047
14494	14815
14916	14776
14470	14130
13922	13956
14231	14614
14965	15196
15301	15319
15295	15267
15245	15214
15144	14998
14762	14449
14111	13814
13616	13527
13531	13616
13778	14020
14313	14595
14795	14856
14749	14495
14169	13877
13699	13644
13685	13803
14016	14333
14707	15022
15178	15139
14954	14729
14598	14651
14858	15100
15231	15167
14894	14459
13961	13553
13393	13558
13980	14487
14867	14972
14734	14192
13483	12803
12289	12022
12008	12238
12668	13194
13650	13860
13721	13306
12830	12573
12673	13021
13323	13332
13049	12732
12672	12992
13590	14269
14845	15243
15455	15526
15517	15491
15475	15467
15452	15422
15381	15346
15325	15326
15351	15400
15472	15550
15629	15699
15755	15793
15818	15831
15836	15840
15840	15840
15840	15840
15840	15840
15840	15838
15834	15825
15804	15773
15732	15691
15650	15604
15508	15253
14633	13422
11509	9037
6431	4193
2678	1925
1752	1884
2106	2305
2451	2563
2659	2752
2843	2926
3001	3059
3105	3139
3169	3203
3263	3350
3458	3566
3669	3766
3866	3978
4100	4223
4345	4459
4562	4650
4724	4785
4833	4878
4940	5031
5156	5305
5455	5590
5705	5805
5906	6030
6193	6395
6617	6837
7036	7204
7360	7527
7729	7950
8170	8373
8608	8995
9669	10689
11972	13303
14449	15260
15729	15949
16039	16082
16121	16153
16178	16190
16198	16204
16217	16226
16227	16217
16203	16203
16223	16253
16286	16313
16330	16338
16341	16342
16343	16343
16343	16343
16343	16343
16343	16343
16343	16343
16343	16343
16343	16343
16343	16343
16343	16343
16343	16343
16343	16343
16343	16343
16343	16343
16343	16343
16343	16343
16343	16343
16343	16343
16343	16343
16343	16343
16343	16343
16343	16343
16343	16343
16343	16343
16343	16343
16343	16343
16343	16343
16343	16343
16343	16342
16341	16340
16336	16331
16326	16323
16322	16326
16330	16333
16334	16334
16332	16332
16331	16328
16323	16309
16288	16261
16228	16196
16171	16155
16154	16159
16161	16147
16088	15917
15534	14833
13778	12483
11183	10125
9418	9007
8757	8560
8363	8158
7949	7755
7577	7423
7300	7203
7128	7068
7014	6954
6893	6837
6795	6762
6731	6704
6678	6646
6613	6575
6540	6503
6473	6437
6401	6354
6315	6291
6283	6275
6250	6205
6150	6098
6044	5979
5874	5710
5471	5173
4836	4488
4154	3853
3576	3331
3186	3330
4014	5423
7503	9925
12204	13935
14974	15446
15599	15640
15674	15714
15752	15773
15782	15784
15786	15786
15786	15786
15786	15785
15784	15779
15772	15760
15747	15736
15728	15724
15722	15722
15722	15722
15722	15722
15721	15718
15707	15677
15621	15536
15447	15384
15376	15422
15493	15546
15544	15464
15302	15062
14773	14501
14356	14407
14617	14874
15082	15209
15259	15226
15109	14920
14702	14494
14334	14247
14238	14308
14452	14659
14881	15056
15134	15097
14965	14799
14680	14673
14789	14971
15151	15271
15328	15333
15317	15299
15286	15272
15233	15149
15021	14873
14733	14632
14573	14549
14548	14568
14631	14738
14883	15013
15103	15128
15081	14966
14806	14654
14561	14540
14570	14631
14723	14871
15062	15239
15345	15353
15283	15192
15142	15179
15279	15375
15396	15306
15101	14822
14541	14345
14309	14445
14703	14982
15178	15225
15094	14798
14406	14016
13708	13527
13495	13617
13853	14132
14348	14410
14276	13995
13702	13571
13671	13925
14129	14128
13931	13719
13676	13877
14260	14687
15058	15313
15448	15490
15483	15473
15475	15481
15473	15443
15401	15360
15335	15331
15352	15397
15462	15535
15611	15678
15737	15779
15809	15827
15838	15842
15844	15845
15845	15845
15845	15844
15844	15841
15837	15824
15801	15763
15717	15669
15624	15569
15470	15205
14556	13277
11279	8748
6147	3989
2591	1962
1888	2108
2415	2688
2899	3066
3210	3349
3482	3603
3706	3789
3850	3888
3919	3948
3998	4072
4167	4266
4365	4461
4567	4684
4808	4936
5060	5181
5286	5378
5454	5513
5553	5590
5633	5698
5792	5901
6011	6107
6180	6240
6305	6398
6530	6700
6896	7098
7279	7435
7574	7722
7888	8074
8258	8438
8664	9055
9749	10795
12097	13426
14548	15329
15775	15982
16069	16114
16148	16174
16190	16195
16193	16197
16207	16217
16219	16212
16203	16209
16233	16264
16296	16319
16333	16339
16341	16342
16343	16343
16343	16343
16343	16343
16343	16343
16343	16343
16343	16343
16343	16343
16343	16343
16343	16343
16343	16343
16343	16343
16343	16343
16343	16343
16343	16343
16343	16343
16343	16343
16343	16343
16343	16343
16343	16343
16343	16343
16343	16343
16343	16343
16343	16343
16343	16343
16343	16343
16343	16343
16343	16343
16343	16342
16341	16341
16339	16334
16333	16331
16331	16333
16334	16336
16337	16335
16335	16335
16335	16332
16327	16318
16302	16279
16250	16220
16195	16183
16181	16179
16169	16139
16071	15917
15577	14942
13959	12702
11395	10293
9525	9059
8775	8562
8361	8159
7952	7755
7574	7417
7288	7187
7107	7049
7003	6962
6920	6885
6852	6821
6790	6757
6721	6679
6634	6589
6544	6504
6463	6425
6379	6329
6281	6251
6235	6223
6198	6156
6106	6052
5997	5932
5833	5689
5485	5229
4927	4602
4277	3975
3690	3427
3256	3363
3997	5349
7375	9764
12045	13817
14916	15443
15629	15679
15705	15733
15761	15775
15782	15784
15786	15786
15786	15786
15786	15785
15784	15779
15772	15760
15747	15736
15728	15724
15722	15722
15722	15722
15722	15722
15722	15719
15709	15682
15631	15556
15474	15415
15402	15436
15490	15534
15538	15493
15404	15279
15128	14985
14899	14906
14987	15084
15161	15221
15261	15273
15235	15160
15066	14975
14910	14880
14887	14920
14975	15048
15130	15208
15262	15277
15252	15196
15138	15111
15131	15189
15254	15304
15326	15328
15320	15312
15309	15305
15289	15247
15184	15126
15089	15079
15086	15087
15075	15057
15057	15089
15150	15207
15245	15260
15251	15211
15144	15073
15021	15012
15031	15055
15085	15139
15225	15321
15396	15430
15432	15426
15435	15467
15506	15525
15498	15414
15278	15121
14990	14923
14949	15046
15180	15298
15371	15379
15320	15192
15020	14841
14691	14593
14566	14616
14714	14808
14849	14811
14685	14512
14355	14305
14391	14560
14691	14696
14583	14465
14450	14573
14793	15035
15242	15386
15459	15479
15480	15484
15501	15516
15510	15478
15430	15385
15351	15339
15352	15390
15447	15514
15585	15651
15711	15761
15798	15824
15839	15845
15848	15848
15848	15848
15848	15848
15848	15845
15838	15823
15795	15753
15705	15656
15607	15552
15447	15159
14455	13089
10988	8399
5815	3752
2491	1994
2033	2342
2725	3071
3353	3588
3800	4001
4194	4368
4512	4622
4697	4743
4767	4787
4818	4875
4948	5034
5116	5201
5294	5397
5503	5613
5719	5819
5911	5990
6055	6100
6131	6150
6174	6210
6265	6329
6394	6443
6482	6516
6562	6634
6743	6892
7061	7238
7403	7547
7679	7806
7946	8099
8257	8426
8668	9093
9833	10921
12247	13576
14672	15414
15834	16030
16112	16153
16182	16202
16210	16209
16204	16204
16215	16226
16228	16220
16215	16220
16244	16276
16304	16323
16334	16340
16341	16342
16343	16343
16343	16343
16343	16343
16343	16343
16343	16343
16343	16343
16343	16343
16343	16343
16343	16343
16343	16343
16343	16343
16343	16343
16343	16343
16343	16343
16343	16343
16343	16343
16343	16343
16343	16343
16343	16343
16343	16343
16343	16343
16343	16343
16343	16343
16343	16343
16343	16343
16343	16343
16343	16343
16343	16343
16342	16341
16341	16340
16337	16336
16336	16337
16339	16339
16339	16339
16338	16338
16338	16337
16333	16326
16314	16297
16272	16246
16224	16215
16212	16207
16184	16133
16053	15908
15616	15056
14146	12942
11635	10486
9648	9116
8789	8558
8352	8149
7946	7749
7567	7407
7273	7171
7092	7039
7004	6982
6963	6947
6924	6897
6861	6821
6773	6718
6664	6606
6552	6503
6454	6408
6356	6300
6245	6207
6181	6161
6133	6097
6049	5996
5939	5873
5786	5663
5505	5296
5039	4743
4430	4117
3818	3533
3340	3416
4010	5301
7262	9599
11868	13672
14834	15427
15655	15718
15737	15751
15768	15778
15783	15785
15786	15786
15786	15786
15786	15785
15784	15779
15772	15760
15747	15736
15728	15724
15722	15722
15722	15722
15722	15722
15722	15720
15712	15693
15652	15594
15528	15479
15462	15478
15509	15533
15534	15506
15456	15394
15324	15252
15202	15187
15200	15214
15225	15244
15275	15299
15299	15281
15247	15213
15191	15185
15196	15212
15227	15240
15259	15285
15318	15349
15366	15357
15333	15305
15288	15290
15302	15316
15323	15324
15317	15315
15316	15322
15317	15298
15269	15252
15250	15267
15284	15288
15270	15241
15219	15219
15241	15262
15283	15297
15308	15304
15283	15250
15223	15216
15223	15231
15236	15251
15286	15336
15387	15426
15462	15497
15536	15570
15589	15586
15552	15490
15412	15336
15286	15279
15316	15378
15433	15464
15471	15457
15429	15385
15331	15273
15221	15184
15169	15181
15197	15188
15141	15055
14946	14833
14755	14742
14809	14918
15004	15018
14974	14925
14935	15010
15130	15255
15360	15433
15473	15488
15500	15518
15547	15565
15556	15518
15465	15413
15372	15352
15356	15384
15429	15490
15554	15620
15681	15737
15784	15818
15836	15845
15850	15850
15851	15851
15851	15851
15850	15848
15838	15823
15791	15745
15694	15648
15605	15551
15438	15120
14344	12871
10660	8008
5448	3490
2370	2011
2156	2545
2992	3402
3745	4041
4319	4589
4844	5070
5257	5395
5483	5529
5546	5553
5568	5604
5659	5721
5785	5849
5917	5991
6070	6149
6224	6297
6362	6416
6462	6494
6512	6518
6525	6536
6557	6582
6607	6628
6646	6670
6713	6781
6881	7011
7160	7311
7456	7590
7711	7826
7944	8076
8219	8400
8674	9151
9950	11091
12446	13765
14825	15527
15914	16093
16169	16203
16223	16236
16241	16238
16234	16235
16240	16248
16247	16242
16236	16242
16259	16284
16308	16324
16334	16340
16341	16342
16343	16343
16343	16343
16343	16343
16343	16343
16343	16343
16343	16343
16343	16343
16343	16343
16343	16343
16343	16343
16343	16343
16343	16343
16343	16343
16343	16343
16343	16343
16343	16343
16343	16343
16343	16343
16343	16343
16343	16343
16343	16343
16343	16343
16343	16343
16343	16343
16343	16343
16343	16343
16343	16343
16343	16343
16343	16342
16341	16341
16340	16339
16339	16340
16340	16339
16340	16340
16339	16339
16339	16339
16336	16331
16323	16309
16286	16263
16243	16237
16236	16227
16195	16132
16042	15910
15659	15167
14335	13179
11876	10681
9772	9171
8796	8542
8332	8132
7934	7741
7561	7404
7274	7175
7100	7052
7028	7021
7020	7015
7000	6970
6930	6882
6823	6758
6690	6622
6559	6501
6447	6392
6334	6270
6209	6162
6127	6099
6069	6030
5984	5930
5873	5807
5729	5633
5510	5350
5137	4869
4564	4249
3932	3634
3425	3482
4037	5270
7157	9432
11678	13506
14727	15384
15653	15736
15755	15763
15773	15780
15784	15785
15786	15786
15786	15786
15786	15785
15784	15779
15772	15760
15747	15736
15728	15724
15722	15722
15722	15722
15722	15722
15722	15721
15717	15702
15676	15633
15587	15546
15528	15526
15535	15538
15530	15507
15473	15436
15399	15364
15336	15319
15307	15293
15279	15279
15294	15312
15321	15323
15313	15302
15293	15296
15305	15313
15315	15310
15308	15313
15332	15356
15376	15382
15373	15355
15335	15324
15318	15320
15320	15320
15317	15317
15318	15324
15323	15316
15303	15299
15302	15314
15321	15319
15302	15278
15254	15246
15248	15257
15270	15288
15307	15321
15323	15312
15299	15294
15296	15299
15298	15298
15312	15337
15368	15401
15439	15488
15540	15581
15599	15596
15574	15540
15505	15473
15459	15467
15495	15525
15540	15537
15518	15492
15466	15451
15442	15439
15436	15432
15431	15427
15407	15358
15279	15182
15084	15003
14955	14954
15001	15071
15133	15158
15155	15153
15176	15227
15293	15357
15415	15455
15484	15501
15526	15556
15592	15609
15596	15553
15496	15436
15390	15363
15359	15380
15420	15472
15533	15595
15660	15720
15773	15813
15837	15848
15854	15855
15857	15857
15857	15856
15855	15850
15842	15822
15789	15742
15690	15645
15604	15553
15429	15075
14226	12641
10322	7614
5081	3223
2237	2004
2243	2695
3188	3636
4019	4364
4692	5014
5321	5590
5809	5967
6063	6109
6122	6117
6119	6141
6177	6223
6268	6312
6355	6402
6448	6498
6544	6589
6629	6663
6691	6710
6717	6720
6714	6708
6706	6706
6707	6712
6722	6748
6794	6868
6966	7087
7216	7346
7472	7591
7707	7818
7928	8052
8194	8389
8700	9234
10091	11287
12666	13974
14992	15647
16000	16160
16224	16251
16262	16270
16271	16272
16269	16271
16275	16277
16274	16268
16260	16261
16274	16290
16308	16323
16332	16338
16341	16342
16343	16343
16343	16343
16343	16343
16343	16343
16343	16343
16343	16343
16343	16343
16343	16343
16343	16343
16343	16343
16343	16343
16343	16343
16343	16343
16343	16343
16343	16343
16343	16343
16343	16343
16343	16343
16343	16343
16343	16343
16343	16343
16343	16343
16343	16343
16343	16343
16343	16343
16343	16343
16343	16343
16343	16343
16343	16343
16343	16343
16343	16343
16343	16343
16343	16343
16343	16343
16343	16343
16342	16341
16341	16337
16329	16314
16291	16263
16243	16233
16238	16231
16200	16135
16049	15930
15715	15279
14508	13396
12099	10865
9886	9215
8793	8514
8298	8099
7907	7724
7556	7406
7287	7197
7133	7096
7082	7084
7088	7088
7071	7039
6990	6934
6866	6793
6714	6640
6567	6500
6440	6381
6316	6248
6180	6122
6077	6040
6004	5962
5912	5856
5798	5734
5665	5588
5499	5372
5194	4949
4657	4339
4019	3715
3509	3555
4082	5249
7059	9265
11481	13325
14594	15307
15621	15726
15752	15762
15774	15780
15784	15785
15786	15786
15786	15786
15786	15785
15784	15779
15772	15760
15747	15736
15728	15724
15722	15722
15722	15722
15722	15722
15722	15722
15719	15709
15691	15661
15627	15595
15572	15559
15553	15543
15527	15501
15473	15443
15419	15397
15381	15366
15352	15335
15316	15309
15310	15319
15325	15327
15324	15320
15319	15321
15325	15328
15327	15324
15323	15321
15329	15341
15352	15357
15355	15346
15334	15327
15323	15321
15321	15320
15319	15320
15320	15323
15325	15321
15315	15312
15311	15311
15307	15299
15287	15270
15254	15242
15237	15239
15251	15271
15296	15318
15329	15330
15325	15323
15323	15323
15322	15321
15326	15337
15353	15377
15415	15464
15519	15564
15589	15591
15586	15572
15557	15546
15543	15550
15564	15576
15577	15565
15540	15507
15477	15463
15464	15481
15495	15509
15515	15506
15474	15415
15333	15240
15150	15080
15040	15038
15072	15122
15169	15201
15219	15241
15270	15308
15351	15392
15429	15462
15487	15512
15543	15584
15622	15639
15623	15577
15516	15455
15404	15372
15364	15379
15413	15463
15520	15583
15646	15711
15768	15814
15838	15851
15856	15858
15858	15858
15858	15858
15856	15853
15844	15827
15796	15752
15701	15652
15606	15549
15413	15024
14101	12413
9998	7244
4742	2974
2105	1977
2291	2788
3307	3769
4173	4542
4901	5256
5593	5890
6128	6300
6402	6447
6453	6446
6438	6449
6476	6511
6545	6574
6601	6627
6655	6682
6709	6733
6755	6776
6792	6804
6808	6806
6797	6784
6769	6754
6743	6739
6749	6780
6834	6915
7016	7130
7246	7359
7469	7578
7691	7806
7923	8046
8194	8403
8748	9330
10242	11483
12882	14174
15148	15756
16073	16212
16262	16281
16289	16293
16292	16294
16294	16295
16300	16299
16292	16283
16277	16276
16283	16295
16310	16323
16332	16338
16341	16342
16343	16343
16343	16343
16343	16343
16343	16343
16343	16343
16343	16343
16343	16343
16343	16343
16343	16343
16343	16343
16343	16343
16343	16343
16343	16343
16343	16343
16343	16343
16343	16343
16343	16343
16343	16343
16343	16343
16343	16343
16343	16343
16343	16343
16343	16343
16343	16343
16343	16343
16343	16343
16343	16343
16343	16343
16343	16343
16343	16343
16343	16343
16343	16343
16343	16343
16343	16343
16343	16343
16343	16342
16341	16338
16327	16309
16279	16247
16218	16208
16213	16218
16195	16143
16068	15967
15783	15393
14674	13605
12316	11044
9997	9256
8786	8482
8256	8061
7874	7701
7545	7415
7312	7240
7192	7167
7161	7164
7167	7160
7137	7099
7046	6979
6903	6821
6735	6651
6572	6499
6433	6370
6300	6226
6151	6086
6033	5987
5939	5888
5832	5774
5716	5653
5594	5533
5463	5362
5207	4984
4705	4391
4073	3784
3591	3644
4146	5255
6979	9114
11286	13136
14445	15207
15562	15693
15737	15755
15771	15778
15783	15785
15786	15786
15786	15786
15786	15785
15784	15779
15772	15760
15747	15736
15728	15724
15722	15722
15722	15722
15722	15722
15722	15722
15719	15712
15698	15676
15648	15620
15596	15578
15564	15547
15524	15499
15471	15442
15420	15404
15391	15379
15368	15352
15336	15325
15323	15322
15323	15325
15325	15324
15324	15324
15326	15327
15326	15324
15322	15322
15326	15331
15333	15336
15335	15332
15329	15325
15322	15321
15321	15321
15320	15320
15320	15322
15322	15321
15318	15315
15310	15301
15292	15281
15271	15260
15249	15237
15228	15227
15237	15260
15288	15314
15328	15335
15335	15336
15336	15336
15334	15334
15336	15341
15349	15367
15400	15450
15503	15551
15578	15591
15592	15588
15585	15581
15582	15583
15588	15590
15587	15574
15547	15514
15482	15463
15466	15486
15510	15529
15536	15526
15492	15434
15356	15265
15180	15111
15072	15068
15091	15130
15171	15207
15234	15266
15297	15332
15365	15402
15431	15461
15488	15518
15554	15600
15640	15659
15639	15594
15529	15466
15415	15383
15372	15385
15415	15460
15516	15578
15643	15708
15767	15812
15839	15851
15858	15859
15860	15860
15860	15860
15858	15855
15848	15833
15807	15768
15719	15663
15608	15540
15385	14956
13959	12175
9677	6897
4436	2755
1987	1942
2311	2838
3363	3828
4233	4609
4980	5349
5702	6013
6262	6437
6543	6587
6592	6579
6570	6577
6602	6632
6663	6685
6704	6720
6737	6755
6771	6785
6799	6811
6822	6830
6835	6833
6824	6811
6790	6770
6755	6748
6760	6793
6852	6936
7040	7150
7260	7361
7460	7561
7673	7801
7933	8068
8223	8442
8811	9433
10397	11677
13088	14356
15287	15846
16127	16244
16286	16300
16305	16306
16305	16308
16309	16311
16312	16307
16299	16292
16282	16281
16286	16297
16310	16323
16332	16338
16341	16342
16343	16343
16343	16343
16343	16343
16343	16343
16343	16343
16343	16343
16343	16343
16343	16343
16343	16343
16343	16343
16343	16343
16343	16343
16343	16343
16343	16343
16343	16343
16343	16343
16343	16343
16343	16343
16343	16343
16343	16343
16343	16343
16343	16343
16343	16343
16343	16343
16343	16343
16343	16343
16343	16343
16343	16343
16343	16343
16343	16343
16343	16343
16343	16343
16343	16343
16343	16343
16343	16343
16343	16342
16340	16336
16322	16294
16258	16213
16179	16167
16178	16192
16187	16154
16101	16023
15863	15513
14841	13813
12536	11233
10120	9305
8779	8450
8214	8017
7836	7673
7532	7419
7339	7289
7262	7254
7256	7260
7256	7241
7208	7162
7099	7025
6939	6850
6755	6667
6580	6501
6428	6358
6283	6204
6124	6050
5986	5926
5868	5805
5741	5677
5617	5560
5509	5462
5406	5327
5194	4990
4723	4422
4120	3856
3691	3758
4238	5290
6931	8986
11114	12958
14295	15095
15486	15647
15711	15742
15765	15778
15783	15785
15786	15786
15786	15786
15786	15785
15784	15779
15772	15760
15747	15736
15728	15724
15722	15722
15722	15722
15722	15722
15722	15722
15719	15714
15702	15682
15657	15627
15603	15584
15565	15546
15523	15495
15467	15440
15418	15402
15391	15382
15372	15357
15343	15332
15325	15322
15321	15321
15321	15321
15321	15321
15321	15321
15321	15321
15321	15321
15321	15322
15323	15325
15325	15323
15322	15321
15321	15321
15321	15321
15321	15321
15321	15321
15321	15320
15318	15316
15308	15296
15285	15272
15264	15254
15245	15233
15223	15221
15231	15255
15284	15309
15327	15335
15337	15338
15338	15338
15338	15338
15338	15340
15347	15364
15396	15443
15499	15545
15577	15590
15595	15596
15595	15593
15593	15595
15596	15595
15592	15579
15555	15520
15487	15468
15472	15492
15518	15541
15549	15537
15502	15441
15365	15278
15195	15128
15087	15079
15097	15132
15170	15206
15239	15271
15304	15336
15369	15401
15431	15460
15489	15519
15559	15604
15646	15667
15651	15604
15538	15475
15422	15392
15380	15391
15419	15467
15519	15583
15647	15711
15769	15815
15841	15854
15858	15861
15861	15861
15861	15861
15859	15858
15851	15840
15821	15787
15738	15679
15614	15531
15352	14871
13790	11912
9349	6566
4166	2576
1892	1909
2316	2854
3380	3836
4236	4613
4989	5362
5719	6034
6287	6466
6571	6616
6620	6606
6596	6606
6630	6661
6689	6709
6725	6738
6752	6765
6778	6789
6799	6810
6820	6828
6835	6835
6830	6818
6799	6777
6759	6753
6764	6799
6860	6947
7051	7160
7267	7360
7449	7542
7660	7800
7951	8099
8262	8492
8887	9553
10565	11881
13292	14532
15410	15919
16162	16262
16295	16306
16311	16313
16313	16315
16316	16315
16314	16311
16301	16292
16285	16281
16287	16296
16310	16323
16332	16338
16341	16342
16343	16343
16343	16343
16343	16343
16343	16343
16343	16343
16343	16343
16343	16343
16343	16343
16343	16343
16343	16343
16343	16343
16343	16343
16343	16343
16343	16343
16343	16343
16343	16343
16343	16343
16343	16343
16343	16343
16343	16343
16343	16343
16343	16343
16343	16343
16343	16343
16343	16343
16343	16343
16343	16343
16343	16343
16343	16343
16343	16343
16343	16343
16343	16343
16343	16343
16343	16343
16343	16343
16342	16341
16339	16330
16310	16275
16226	16172
16130	16116
16131	16158
16176	16166
16136	16081
15950	15635
15013	14032
12772	11440
10260	9374
8793	8427
8181	7980
7802	7646
7517	7424
7364	7337
7332	7340
7352	7355
7347	7320
7282	7225
7156	7071
6978	6878
6777	6677
6585	6499
6421	6345
6267	6181
6094	6011
5934	5862
5788	5713
5639	5570
5509	5454
5412	5376
5337	5275
5161	4979
4730	4448
4172	3940
3815	3907
4376	5377
6939	8914
10987	12816
14166	14994
15415	15602
15684	15730
15761	15775
15782	15784
15786	15786
15786	15786
15786	15785
15784	15779
15772	15760
15747	15736
15728	15724
15722	15722
15722	15722
15722	15722
15722	15722
15719	15714
15702	15683
15658	15629
15605	15584
15566	15546
15523	15495
15466	15439
15417	15402
15389	15382
15372	15358
15344	15333
15326	15322
15321	15321
15321	15321
15321	15321
15321	15321
15321	15321
15321	15321
15321	15321
15321	15321
15321	15321
15321	15321
15321	15321
15321	15321
15321	15321
15321	15321
15321	15320
15319	15316
15305	15295
15281	15271
15260	15254
15242	15233
15223	15220
15230	15251
15281	15307
15324	15333
15336	15337
15338	15338
15338	15338
15338	15339
15344	15360
15392	15441
15496	15543
15576	15590
15597	15599
15599	15599
15599	15599
15599	15597
15593	15581
15556	15524
15492	15474
15478	15500
15529	15552
15560	15548
15513	15454
15377	15291
15207	15141
15098	15087
15103	15135
15171	15206
15240	15272
15305	15336
15368	15400
15431	15460
15489	15521
15562	15609
15652	15675
15660	15614
15551	15487
15435	15400
15389	15401
15430	15476
15530	15591
15654	15718
15773	15816
15842	15854
15859	15861
15861	15861
15861	15861
15859	15858
15852	15843
15826	15798
15754	15694
15623	15527
15311	14760
13587	11617
9014	6255
3932	2436
1828	1891
2318	2855
3371	3819
4216	4589
4966	5342
5698	6014
6268	6446
6551	6595
6598	6582
6574	6586
6615	6649
6679	6697
6713	6727
6740	6751
6763	6771
6781	6792
6804	6815
6823	6827
6826	6817
6799	6778
6759	6754
6767	6805
6864	6952
7056	7164
7267	7358
7436	7527
7649	7803
7973	8136
8306	8551
8974	9689
10756	12101
13508	14702
15521	15975
16183	16266
16297	16309
16313	16314
16315	16317
16319	16319
16318	16312
16301	16292
16283	16280
16285	16296
16310	16323
16332	16338
16341	16342
16343	16343
16343	16343
16343	16343
16343	16343
16343	16343
16343	16343
16343	16343
16343	16343
16343	16343
16343	16343
16343	16343
16343	16343
16343	16343
16343	16343
16343	16343
16343	16343
16343	16343
16343	16343
16343	16343
16343	16343
16343	16343
16343	16343
16343	16343
16343	16343
16343	16343
16343	16343
16343	16343
16343	16343
16343	16343
16343	16343
16343	16343
16343	16343
16343	16343
16343	16343
16343	16343
16342	16341
16337	16327
16298	16257
16196	16134
16086	16070
16089	16126
16164	16179
16170	16135
16029	15753
15183	14252
13016	11661
10419	9461
8823	8427
8162	7952
7773	7618
7501	7421
7382	7375
7392	7417
7439	7446
7434	7403
7357	7295
7216	7124
7021	6909
6799	6693
6592	6499
6414	6332
6249	6159
6063	5969
5878	5790
5702	5612
5528	5451
5391	5343
5309	5283
5261	5218
5124	4964
4738	4481
4235	4046
3969	4092
4561	5521
7016	8913
10929	12728
14075	14917
15362	15566
15665	15721
15757	15774
15782	15784
15786	15786
15786	15786
15786	15785
15784	15779
15772	15760
15747	15736
15728	15724
15722	15722
15722	15722
15722	15722
15722	15722
15719	15714
15702	15683
15659	15629
15605	15584
15565	15546
15522	15495
15466	15439
15417	15402
15389	15382
15372	15359
15344	15333
15326	15323
15321	15321
15321	15321
15321	15321
15321	15321
15321	15321
15321	15321
15321	15321
15321	15321
15321	15321
15321	15321
15321	15321
15321	15321
15321	15321
15321	15321
15321	15320
15319	15315
15305	15294
15281	15270
15259	15252
15242	15233
15221	15219
15227	15248
15274	15300
15316	15325
15327	15327
15327	15327
15327	15327
15329	15329
15336	15352
15385	15434
15493	15542
15575	15590
15597	15599
15599	15599
15599	15599
15599	15597
15593	15582
15560	15528
15498	15483
15490	15515
15542	15567
15573	15562
15526	15468
15390	15304
15219	15151
15107	15095
15108	15138
15171	15206
15240	15272
15305	15335
15368	15400
15431	15459
15489	15522
15563	15613
15659	15684
15673	15627
15567	15501
15450	15414
15404	15414
15445	15489
15544	15603
15664	15725
15777	15818
15843	15854
15860	15861
15861	15861
15861	15861
15859	15858
15852	15844
15829	15803
15762	15707
15638	15527
15265	14629
13351	11305
8685	5985
3759	2357
1808	1893
2318	2847
3350	3790
4179	4554
4930	5308
5664	5979
6229	6409
6514	6555
6555	6542
6536	6551
6585	6624
6654	6674
6688	6700
6716	6729
6740	6746
6754	6766
6780	6793
6805	6814
6818	6815
6798	6781
6762	6756
6770	6806
6867	6955
7056	7166
7267	7353
7427	7515
7637	7803
7989	8165
8348	8611
9076	9850
10970	12339
13728	14867
15623	16022
16197	16264
16291	16305
16313	16315
16316	16317
16319	16319
16318	16312
16301	16291
16283	16280
16285	16296
16310	16323
16332	16338
16341	16342
16343	16343
16343	16343
16343	16343
16343	16343
16343	16343
16343	16343
16343	16343
16343	16343
16343	16343
16343	16343
16343	16343
16343	16343
16343	16343
16343	16343
16343	16343
16343	16343
16343	16343
16343	16343
16343	16343
16343	16343
16343	16343
16343	16343
16343	16343
16343	16343
16343	16343
16343	16343
16343	16343
16343	16343
16343	16343
16343	16343
16343	16343
16343	16343
16343	16343
16343	16343
16343	16343
16342	16340
16337	16322
16292	16242
16174	16105
16054	16035
16055	16104
16155	16192
16201	16185
16100	15860
15344	14467
13262	11891
10592	9569
8880	8447
8162	7940
7754	7600
7485	7417
7392	7401
7435	7475
7508	7521
7512	7479
7430	7361
7277	7176
7064	6944
6825	6709
6599	6499
6407	6319
6230	6134
6029	5921
5816	5714
5607	5505
5409	5328
5265	5225
5201	5191
5184	5157
5087	4949
4750	4523
4316	4172
4142	4310
4794	5733
7174	9007
10959	12715
14039	14884
15334	15549
15656	15719
15756	15774
15782	15784
15786	15786
15786	15786
15786	15785
15784	15779
15772	15760
15747	15736
15728	15724
15722	15722
15722	15722
15722	15722
15722	15722
15719	15714
15702	15683
15659	15629
15605	15584
15565	15546
15522	15495
15466	15439
15417	15402
15389	15382
15372	15359
15344	15333
15326	15323
15321	15321
15321	15321
15321	15321
15321	15321
15321	15321
15321	15321
15321	15321
15321	15321
15321	15321
15321	15321
15321	15321
15321	15321
15321	15321
15321	15321
15321	15320
15319	15315
15305	15294
15281	15269
15259	15252
15242	15233
15221	15217
15225	15245
15267	15291
15304	15312
15316	15316
15316	15316
15316	15316
15316	15318
15324	15340
15375	15427
15487	15539
15574	15590
15597	15599
15599	15599
15599	15599
15599	15597
15594	15583
15564	15533
15507	15494
15505	15529
15559	15581
15590	15578
15542	15484
15405	15318
15233	15165
15118	15104
15114	15142
15172	15206
15239	15272
15305	15335
15368	15400
15431	15459
15490	15522
15566	15619
15670	15695
15685	15643
15582	15519
15464	15430
15417	15428
15460	15505
15559	15615
15675	15731
15782	15819
15843	15854
15860	15861
15861	15861
15861	15861
15859	15858
15852	15842
15825	15798
15763	15718
15657	15531
15209	14472
13091	10988
8391	5782
3668	2352
1839	1921
2324	2830
3319	3751
4140	4515
4890	5268
5622	5936
6185	6364
6466	6508
6507	6495
6490	6510
6550	6592
6624	6645
6659	6672
6687	6699
6708	6718
6728	6740
6753	6769
6785	6798
6808	6809
6795	6780
6762	6756
6770	6806
6868	6955
7059	7165
7267	7351
7424	7508
7632	7802
7997	8184
8381	8672
9184	10028
11208	12598
13953	15028
15713	16060
16204	16259
16285	16300
16310	16314
16315	16317
16319	16319
16318	16313
16302	16293
16284	16280
16285	16296
16310	16323
16332	16338
16341	16342
16343	16343
16343	16343
16343	16343
16343	16343
16343	16343
16343	16343
16343	16343
16343	16343
16343	16343
16343	16343
16343	16343
16343	16343
16343	16343
16343	16343
16343	16343
16343	16343
16343	16343
16343	16343
16343	16343
16343	16343
16343	16343
16343	16343
16343	16343
16343	16343
16343	16343
16343	16343
16343	16343
16343	16343
16343	16343
16343	16343
16343	16343
16343	16343
16343	16343
16343	16343
16343	16343
16342	16340
16336	16321
16288	16236
16167	16097
16045	16022
16042	16093
16154	16204
16230	16225
16159	15952
15485	14664
13492	12115
10775	9694
8953	8488
8179	7942
7741	7581
7466	7402
7388	7410
7456	7511
7555	7580
7576	7549
7501	7431
7338	7230
7108	6981
6853	6727
6607	6499
6399	6306
6210	6105
5990	5872
5751	5634
5514	5397
5289	5203
5142	5108
5092	5097
5106	5100
5049	4936
4767	4575
4408	4315
4342	4555
5070	6010
7421	9199
11087	12784
14074	14895
15341	15558
15662	15722
15759	15775
15782	15784
15786	15786
15786	15786
15786	15785
15784	15779
15772	15760
15747	15736
15728	15724
15722	15722
15722	15722
15722	15722
15722	15722
15719	15714
15702	15683
15659	15629
15605	15584
15565	15546
15522	15495
15466	15439
15417	15402
15389	15382
15372	15359
15344	15333
15326	15323
15321	15321
15321	15321
15321	15321
15321	15321
15321	15321
15321	15321
15321	15321
15321	15321
15321	15321
15321	15321
15321	15321
15321	15321
15321	15321
15321	15321
15321	15320
15319	15315
15305	15294
15281	15269
15259	15252
15242	15232
15221	15215
15221	15239
15259	15278
15292	15297
15300	15300
15300	15300
15300	15300
15300	15303
15310	15327
15363	15419
15482	15536
15572	15590
15597	15599
15599	15599
15599	15599
15599	15597
15594	15584
15565	15539
15516	15507
15518	15544
15575	15597
15606	15594
15557	15499
15421	15334
15248	15179
15130	15113
15120	15144
15173	15206
15239	15272
15305	15335
15368	15400
15431	15459
15490	15524
15569	15625
15679	15709
15699	15657
15596	15532
15478	15444
15432	15443
15474	15521
15573	15629
15686	15741
15786	15823
15844	15855
15860	15861
15861	15861
15861	15861
15859	15856
15850	15836
15818	15788
15757	15726
15671	15524
15133	14294
12818	10692
8157	5668
3673	2427
1920	1971
2335	2811
3282	3709
4097	4472
4849	5224
5579	5893
6139	6318
6420	6464
6463	6452
6448	6471
6514	6559
6594	6613
6630	6642
6658	6670
6680	6690
6698	6711
6726	6743
6761	6780
6796	6802
6793	6779
6762	6756
6770	6805
6868	6954
7059	7166
7267	7353
7423	7508
7630	7800
7996	8190
8406	8730
9303	10224
11466	12866
14176	15176
15792	16093
16212	16257
16281	16299
16310	16313
16315	16317
16319	16320
16319	16314
16306	16296
16286	16282
16287	16296
16310	16323
16332	16338
16341	16342
16343	16343
16343	16343
16343	16343
16343	16343
16343	16343
16343	16343
16343	16343
16343	16343
16343	16343
16343	16343
16343	16343
16343	16343
16343	16343
16343	16343
16343	16343
16343	16343
16343	16343
16343	16343
16343	16343
16343	16343
16343	16343
16343	16343
16343	16343
16343	16343
16343	16343
16343	16343
16343	16343
16343	16343
16343	16343
16343	16343
16343	16343
16343	16343
16343	16343
16343	16343
16343	16343
16342	16340
16337	16321
16291	16242
16177	16110
16058	16030
16041	16092
16158	16216
16251	16255
16202	16023
15601	14833
13700	12327
10957	9829
9046	8545
8212	7955
7737	7564
7446	7383
7374	7404
7460	7524
7582	7618
7629	7610
7565	7492
7397	7281
7153	7015
6878	6743
6614	6498
6389	6290
6187	6074
5951	5821
5691	5557
5421	5290
5176	5084
5021	4993
4989	5005
5031	5041
5012	4922
4785	4632
4510	4469
4550	4819
5383	6346
7752	9487
11312	12940
14171	14957
15383	15588
15685	15735
15764	15777
15783	15785
15786	15786
15786	15786
15786	15785
15784	15779
15772	15760
15747	15736
15728	15724
15722	15722
15722	15722
15722	15722
15722	15722
15719	15714
15702	15683
15659	15629
15605	15584
15565	15546
15522	15495
15466	15439
15417	15402
15389	15382
15372	15359
15344	15333
15326	15323
15321	15321
15321	15321
15321	15321
15321	15321
15321	15321
15321	15321
15321	15321
15321	15321
15321	15321
15321	15321
15321	15321
15321	15321
15321	15321
15321	15321
15321	15320
15319	15315
15305	15294
15281	15269
15259	15252
15242	15231
15220	15214
15218	15232
15249	15267
15278	15283
15285	15288
15288	15288
15288	15288
15288	15289
15296	15313
15351	15410
15476	15533
15571	15590
15597	15599
15599	15599
15599	15599
15599	15597
15595	15586
15569	15546
15526	15519
15533	15559
15590	15614
15622	15609
15572	15513
15438	15349
15263	15190
15142	15120
15124	15147
15176	15206
15239	15272
15305	15335
15368	15400
15431	15459
15491	15526
15573	15630
15685	15718
15713	15674
15611	15548
15494	15459
15447	15459
15491	15535
15588	15644
15701	15751
15796	15825
15845	15855
15861	15861
15861	15861
15861	15861
15859	15856
15847	15832
15808	15778
15751	15730
15679	15504
15037	14094
12547	10432
8004	5659
3777	2573
2046	2041
2354	2794
3248	3667
4052	4427
4805	5182
5537	5848
6097	6272
6376	6419
6421	6408
6409	6434
6481	6527
6561	6585
6598	6612
6626	6641
6653	6664
6674	6686
6700	6716
6738	6763
6785	6796
6791	6777
6762	6756
6770	6806
6868	6955
7059	7166
7269	7355
7429	7516
7635	7800
7990	8191
8421	8786
9424	10426
11734	13142
14399	15319
15866	16124
16226	16262
16284	16299
16310	16313
16315	16317
16319	16320
16321	16316
16308	16298
16289	16284
16288	16297
16310	16323
16332	16338
16341	16342
16343	16343
16343	16343
16343	16343
16343	16343
16343	16343
16343	16343
16343	16343
16343	16343
16343	16343
16343	16343
16343	16343
16343	16343
16343	16343
16343	16343
16343	16343
16343	16343
16343	16343
16343	16343
16343	16343
16343	16343
16343	16343
16343	16343
16343	16343
16343	16343
16343	16343
16343	16343
16343	16343
16343	16343
16343	16343
16343	16343
16343	16343
16343	16343
16343	16343
16343	16343
16343	16343
16342	16341
16337	16325
16300	16260
16205	16146
16092	16057
16059	16100
16166	16227
16268	16277
16234	16076
15693	14974
13882	12520
11131	9967
9147	8616
8259	7979
7742	7554
7425	7358
7349	7384
7446	7519
7590	7643
7669	7664
7625	7553
7454	7332
7197	7053
6906	6760
6624	6496
6382	6276
6165	6045
5913	5773
5629	5480
5333	5191
5066	4968
4907	4880
4886	4915
4957	4985
4975	4909
4803	4687
4614	4626
4764	5093
5709	6717
8135	9847
11612	13164
14322	15058
15450	15636
15715	15754
15771	15780
15783	15785
15786	15786
15786	15786
15786	15785
15784	15779
15772	15760
15747	15736
15728	15724
15722	15722
15722	15722
15722	15722
15722	15722
15719	15714
15702	15683
15659	15629
15605	15584
15565	15546
15522	15495
15466	15439
15417	15402
15389	15382
15372	15359
15344	15333
15326	15323
15321	15321
15321	15321
15321	15321
15321	15321
15321	15321
15321	15321
15321	15321
15321	15321
15321	15321
15321	15321
15321	15321
15321	15321
15321	15321
15321	15321
15321	15320
15319	15315
15305	15294
15281	15269
15259	15252
15242	15231
15220	15212
15214	15225
15240	15253
15263	15266
15268	15268
15268	15268
15268	15269
15270	15271
15279	15300
15339	15401
15471	15529
15568	15590
15596	15598
15599	15599
15599	15599
15599	15597
15595	15587
15572	15550
15534	15530
15544	15573
15604	15627
15636	15624
15587	15529
15451	15364
15277	15204
15151	15127
15129	15148
15178	15206
15240	15272
15304	15334
15367	15400
15431	15459
15491	15527
15577	15634
15695	15731
15726	15688
15627	15564
15512	15474
15463	15473
15505	15551
15604	15658
15711	15760
15801	15831
15848	15857
15860	15861
15861	15861
15861	15861
15859	15854
15845	15829
15802	15769
15747	15730
15674	15460
14915	13882
12290	10224
7933	5743
3964	2773
2196	2122
2374	2780
3217	3631
4013	4387
4763	5139
5497	5806
6056	6232
6335	6379
6379	6368
6369	6397
6444	6495
6531	6555
6571	6584
6599	6614
6627	6638
6650	6662
6675	6691
6714	6743
6773	6790
6787	6776
6762	6756
6770	6806
6868	6955
7059	7166
7271	7362
7441	7530
7648	7800
7980	8177
8426	8835
9543	10628
12001	13415
14615	15456
15935	16157
16242	16275
16292	16305
16312	16315
16316	16317
16319	16323
16322	16319
16312	16302
16293	16287
16290	16299
16311	16323
16332	16338
16341	16342
16343	16343
16343	16343
16343	16343
16343	16343
16343	16343
16343	16343
16343	16343
16343	16343
16343	16343
16343	16343
16343	16343
16343	16343
16343	16343
16343	16343
16343	16343
16343	16343
16343	16343
16343	16343
16343	16343
16343	16343
16343	16343
16343	16343
16343	16343
16343	16343
16343	16343
16343	16343
16343	16343
16343	16343
16343	16343
16343	16343
16343	16343
16343	16343
16343	16343
16343	16343
16343	16343
16342	16341
16339	16329
16310	16281
16238	16187
16134	16095
16085	16116
16177	16239
16282	16292
16254	16110
15760	15087
14036	12692
11294	10105
9253	8697
8311	8006
7750	7545
7405	7328
7319	7351
7418	7500
7585	7657
7703	7708
7678	7607
7504	7378
7238	7086
6928	6776
6631	6497
6377	6265
6148	6019
5881	5729
5572	5413
5253	5098
4965	4861
4796	4772
4787	4832
4888	4930
4935	4894
4817	4744
4717	4778
4973	5360
6042	7107
8554	10256
11964	13434
14510	15184
15537	15696
15754	15776
15781	15785
15785	15786
15786	15786
15786	15786
15786	15785
15782	15779
15771	15759
15747	15736
15727	15724
15722	15722
15722	15722
15722	15722
15722	15722
15719	15713
15701	15683
15658	15629
15605	15584
15565	15546
15522	15495
15466	15439
15417	15402
15389	15382
15372	15359
15344	15333
15326	15323
15321	15321
15321	15321
15321	15321
15321	15321
15321	15321
15321	15321
15321	15321
15321	15321
15321	15321
15321	15321
15321	15321
15321	15321
15321	15321
15321	15321
15321	15320
15319	15315
15305	15294
15281	15269
15259	15252
15242	15230
15218	15209
15210	15217
15230	15240
15250	15252
15254	15254
15255	15255
15255	15255
15255	15258
15264	15285
15327	15390
15461	15526
15567	15588
15595	15598
15599	15599
15599	15600
15600	15599
15596	15589
15576	15557
15544	15542
15559	15586
15618	15641
15649	15637
15600	15543
15463	15376
15291	15218
15162	15137
15134	15151
15178	15207
15240	15272
15302	15333
15365	15398
15429	15458
15489	15528
15579	15641
15703	15741
15739	15699
15639	15578
15526	15489
15478	15489
15520	15565
15617	15668
15721	15766
15805	15831
15847	15855
15859	15860
15860	15860
15860	15860
15859	15854
15845	15828
15801	15769
15748	15729
15653	15393
14771	13661
12053	10071
7941	5910
4210	3007
2359	2202
2395	2768
3191	3599
3978	4349
4727	5103
5460	5771
6020	6196
6299	6341
6342	6331
6334	6364
6414	6464
6503	6528
6543	6559
6573	6588
6603	6618
6628	6640
6651	6668
6694	6727
6762	6784
6786	6774
6760	6755
6769	6806
6869	6956
7059	7169
7275	7371
7459	7551
7662	7800
7965	8159
8425	8876
9653	10824
12257	13676
14822	15583
16000	16190
16262	16290
16302	16310
16314	16315
16316	16317
16319	16323
16325	16322
16315	16306
16298	16293
16293	16300
16312	16324
16332	16338
16341	16342
16343	16343
16343	16343
16343	16343
16343	16343
16343	16343
16343	16343
16343	16343
16343	16343
16343	16343
16343	16343
16343	16343
16343	16343
16343	16343
16343	16343
16343	16343
16343	16343
16343	16343
16343	16343
16343	16343
16343	16343
16343	16343
16343	16343
16343	16343
16343	16343
16343	16343
16343	16343
16343	16343
16343	16343
16343	16343
16343	16343
16343	16343
16343	16343
16343	16343
16343	16343
16343	16343
16343	16342
16340	16336
16324	16303
16273	16231
16181	16136
16118	16137
16191	16249
16291	16300
16268	16138
15816	15184
14170	12849
11451	10240
9360	8775
8367	8040
7765	7543
7390	7307
7292	7325
7394	7484
7581	7669
7731	7752
7727	7656
7551	7421
7274	7114
6951	6788
6636	6497
6371	6253
6130	5999
5851	5691
5525	5353
5180	5017
4873	4764
4695	4674
4694	4746
4813	4871
4893	4873
4826	4792
4811	4926
5171	5620
6367	7499
8988	10683
12338	13722
14711	15316
15625	15755
15793	15793
15788	15783
15782	15781
15781	15781
15781	15781
15781	15781
15778	15774
15769	15758
15745	15734
15727	15724
15720	15720
15719	15719
15719	15719
15719	15718
15715	15710
15698	15681
15656	15628
15604	15584
15565	15546
15522	15495
15466	15439
15417	15402
15389	15382
15372	15359
15344	15333
15326	15323
15321	15321
15321	15321
15321	15321
15321	15321
15321	15321
15321	15321
15320	15320
15320	15320
15320	15320
15320	15320
15320	15320
15320	15320
15320	15320
15320	15320
15321	15320
15319	15315
15305	15294
15281	15269
15259	15252
15242	15230
15217	15209
15208	15213
15222	15231
15237	15240
15241	15241
15241	15241
15241	15241
15242	15244
15252	15274
15315	15381
15454	15520
15561	15584
15591	15595
15596	15597
15598	15600
15601	15602
15600	15594
15581	15565
15554	15554
15570	15596
15627	15648
15657	15642
15607	15551
15477	15392
15308	15233
15180	15151
15146	15159
15181	15209
15240	15268
15298	15329
15362	15392
15424	15455
15487	15526
15580	15645
15710	15750
15750	15710
15651	15590
15538	15504
15492	15503
15531	15576
15626	15678
15728	15773
15806	15832
15845	15853
15856	15859
15859	15860
15860	15860
15859	15855
15847	15830
15804	15772
15750	15719
15619	15298
14601	13430
11835	9966
8012	6133
4496	3257
2520	2279
2415	2758
3167	3568
3945	4319
4695	5072
5430	5739
5986	6158
6260	6302
6304	6296
6301	6330
6381	6432
6470	6498
6517	6532
6549	6565
6582	6595
6610	6619
6632	6648
6676	6714
6752	6777
6784	6775
6761	6757
6770	6807
6871	6958
7062	7172
7282	7382
7479	7575
7684	7805
7952	8141
8423	8915
9760	11006
12495	13916
15009	15699
16057	16217
16279	16303
16311	16317
16317	16317
16318	16318
16319	16323
16325	16324
16318	16309
16300	16294
16295	16301
16312	16324
16332	16338
16341	16342
16343	16343
16343	16343
16343	16343
16343	16343
16343	16343
16343	16343
16343	16343
16343	16343
16343	16343
16343	16343
16343	16343
16343	16343
16343	16343
16343	16343
16343	16343
16343	16343
16343	16343
16343	16343
16343	16343
16343	16343
16343	16343
16343	16343
16343	16343
16343	16343
16343	16343
16343	16343
16343	16343
16343	16343
16343	16343
16343	16343
16343	16343
16343	16343
16343	16343
16343	16343
16343	16343
16343	16342
16341	16338
16331	16318
16297	16262
16219	16174
16149	16161
16205	16255
16290	16301
16270	16152
15858	15266
14298	13005
11606	10374
9463	8848
8416	8072
7786	7557
7398	7311
7291	7321
7391	7484
7588	7690
7765	7796
7775	7705
7595	7457
7304	7138
6965	6795
6638	6492
6361	6237
6110	5973
5821	5654
5478	5298
5114	4937
4786	4669
4596	4573
4597	4657
4733	4799
4835	4835
4819	4827
4899	5064
5366	5879
6702	7902
9439	11129
12727	14018
14909	15438
15701	15800
15819	15804
15791	15780
15776	15776
15776	15776
15776	15776
15776	15775
15772	15770
15764	15753
15744	15733
15726	15722
15719	15717
15717	15716
15714	15714
15714	15711
15709	15704
15694	15677
15654	15626
15603	15584
15565	15546
15522	15495
15466	15439
15417	15402
15389	15382
15372	15359
15344	15333
15326	15323
15321	15321
15321	15321
15321	15321
15321	15321
15321	15321
15320	15318
15318	15317
15315	15315
15315	15315
15315	15315
15315	15315
15315	15315
15315	15315
15317	15318
15318	15319
15319	15315
15305	15294
15281	15269
15259	15252
15242	15230
15217	15209
15206	15210
15217	15224
15229	15233
15233	15234
15234	15234
15234	15234
15234	15237
15244	15263
15307	15371
15444	15509
15551	15574
15584	15587
15592	15595
15598	15602
15607	15608
15607	15603
15593	15576
15566	15564
15578	15602
15631	15651
15656	15643
15610	15556
15488	15409
15331	15261
15208	15177
15168	15176
15192	15215
15237	15261
15289	15318
15348	15381
15412	15447
15480	15524
15577	15647
15713	15754
15756	15720
15663	15604
15555	15523
15513	15521
15547	15587
15633	15683
15731	15772
15804	15825
15839	15846
15850	15852
15853	15854
15855	15856
15857	15854
15847	15832
15807	15778
15749	15705
15563	15177
14399	13181
11620	9895
8136	6413
4822	3526
2685	2351
2425	2735
3129	3524
3904	4281
4668	5049
5404	5710
5947	6114
6212	6253
6260	6256
6262	6295
6344	6395
6436	6462
6483	6500
6520	6539
6559	6576
6593	6607
6620	6639
6669	6709
6751	6779
6786	6778
6764	6762
6776	6814
6879	6966
7071	7183
7293	7399
7501	7603
7708	7821
7951	8135
8432	8966
9874	11189
12719	14131
15174	15795
16105	16239
16290	16310
16317	16320
16321	16319
16318	16318
16319	16323
16325	16324
16319	16311
16303	16298
16298	16303
16314	16324
16332	16339
16341	16342
16343	16343
16343	16343
16343	16343
16343	16343
16343	16343
16343	16343
16343	16343
16343	16343
16343	16343
16343	16343
16343	16343
16343	16343
16343	16343
16343	16343
16343	16343
16343	16343
16343	16343
16343	16343
16343	16343
16343	16343
16343	16343
16343	16343
16343	16343
16343	16343
16343	16343
16343	16343
16343	16343
16343	16343
16343	16343
16343	16343
16343	16343
16343	16343
16343	16343
16343	16343
16343	16343
16343	16343
16342	16338
16334	16323
16305	16279
16240	16200
16175	16179
16212	16255
16284	16290
16262	16160
15898	15353
14435	13172
11773	10513
9560	8908
8454	8107
7819	7593
7434	7347
7326	7357
7423	7517
7626	7733
7816	7848
7829	7754
7639	7495
7332	7157
6979	6802
6636	6485
6348	6217
6087	5946
5789	5616
5435	5243
5047	4860
4697	4570
4490	4466
4488	4548
4626	4702
4752	4776
4794	4849
4974	5203
5575	6162
7067	8346
9928	11610
13133	14310
15087	15533
15746	15823
15825	15801
15777	15764
15759	15758
15757	15757
15757	15757
15757	15756
15756	15753
15749	15744
15736	15728
15722	15717
15714	15711
15708	15706
15703	15703
15699	15698
15694	15689
15680	15666
15647	15623
15603	15584
15565	15546
15522	15495
15466	15439
15417	15402
15389	15382
15372	15359
15344	15333
15326	15323
15321	15321
15321	15321
15321	15321
15321	15321
15321	15320
15318	15316
15313	15309
15308	15307
15307	15306
15306	15306
15306	15306
15306	15307
15307	15308
15309	15313
15316	15317
15318	15315
15305	15294
15281	15269
15259	15252
15242	15230
15217	15208
15206	15209
15216	15224
15229	15233
15233	15234
15234	15234
15234	15234
15234	15237
15244	15262
15302	15361
15430	15492
15533	15556
15567	15574
15582	15588
15597	15606
15614	15619
15621	15617
15609	15593
15579	15574
15584	15603
15627	15644
15648	15636
15607	15560
15500	15432
15365	15303
15255	15222
15207	15204
15209	15218
15232	15246
15266	15290
15320	15353
15388	15425
15463	15510
15569	15641
15710	15754
15758	15728
15680	15628
15584	15553
15542	15548
15569	15602
15641	15682
15726	15763
15791	15812
15825	15833
15838	15842
15844	15846
15850	15851
15854	15853
15850	15835
15811	15781
15749	15680
15487	15019
14153	12887
11388	9842
8311	6756
5206	3835
2873	2426
2428	2697
3073	3462
3848	4241
4639	5027
5379	5674
5900	6054
6142	6182
6194	6196
6212	6247
6296	6345
6385	6412
6436	6459
6483	6507
6533	6558
6581	6598
6617	6638
6672	6713
6757	6785
6793	6784
6774	6773
6788	6827
6893	6983
7091	7204
7315	7424
7530	7638
7744	7849
7971	8152
8468	9047
10018	11388
12939	14325
15311	15870
16137	16248
16293	16312
16319	16323
16321	16319
16318	16318
16319	16323
16326	16324
16320	16312
16304	16299
16299	16304
16314	16324
16332	16339
16341	16342
16343	16343
16343	16343
16343	16343
16343	16343
16343	16343
16343	16343
16343	16343
16343	16343
16343	16343
16343	16343
16343	16343
16343	16343
16343	16343
16343	16343
16343	16343
16343	16343
16343	16343
16343	16343
16343	16343
16343	16343
16343	16343
16343	16343
16343	16343
16343	16343
16343	16343
16343	16343
16343	16343
16343	16343
16343	16343
16343	16343
16343	16343
16343	16343
16343	16343
16343	16343
16343	16343
16343	16342
16341	16338
16331	16321
16303	16280
16249	16215
16194	16196
16220	16249
16269	16274
16250	16165
15935	15445
14581	13355
11959	10659
9650	8952
8479	8134
7865	7656
7507	7430
7412	7442
7505	7595
7702	7810
7886	7915
7884	7804
7681	7530
7359	7178
6992	6807
6632	6472
6327	6193
6057	5914
5753	5580
5391	5192
4984	4782
4604	4466
4377	4344
4363	4419
4497	4574
4638	4692
4751	4859
5049	5350
5806	6486
7487	8850
10476	12133
13560	14601
15247	15595
15760	15813
15809	15781
15757	15741
15737	15735
15735	15734
15734	15734
15734	15734
15734	15733
15732	15728
15726	15722
15717	15711
15706	15700
15698	15694
15691	15685
15681	15675
15672	15669
15661	15652
15637	15619
15600	15583
15565	15546
15522	15495
15466	15439
15417	15402
15389	15382
15372	15359
15344	15333
15326	15323
15321	15321
15321	15321
15321	15321
15321	15321
15321	15319
15316	15313
15307	15301
15297	15295
15295	15294
15294	15294
15294	15294
15294	15295
15295	15297
15301	15307
15313	15315
15317	15315
15305	15294
15281	15269
15259	15252
15242	15230
15217	15209
15208	15212
15222	15231
15237	15240
15241	15241
15241	15241
15241	15241
15242	15244
15251	15267
15301	15353
15412	15467
15505	15528
15544	15556
15568	15581
15597	15611
15627	15639
15645	15645
15636	15617
15599	15586
15586	15600
15615	15628
15633	15623
15599	15565
15520	15467
15416	15367
15325	15289
15263	15248
15237	15230
15223	15226
15233	15252
15277	15313
15353	15395
15438	15492
15555	15629
15701	15749
15761	15740
15703	15660
15623	15598
15586	15587
15597	15618
15647	15681
15714	15747
15772	15790
15805	15815
15823	15827
15831	15833
15838	15845
15849	15852
15850	15836
15815	15783
15741	15645
15391	14826
13857	12551
11139	9809
8541	7172
5657	4201
3096	2520
2428	2644
2992	3375
3776	4189
4601	4997
5346	5627
5832	5966
6043	6083
6099	6114
6140	6180
6231	6278
6318	6349
6376	6406
6438	6472
6506	6539
6570	6596
6619	6648
6683	6727
6770	6797
6807	6798
6791	6790
6809	6850
6919	7007
7118	7233
7347	7456
7564	7675
7784	7890
8012	8200
8542	9176
10211	11621
13166	14511
15428	15928
16154	16244
16286	16309
16319	16323
16321	16319
16318	16318
16319	16323
16326	16324
16320	16314
16306	16301
16301	16306
16316	16324
16332	16339
16341	16342
16343	16343
16343	16343
16343	16343
16343	16343
16343	16343
16343	16343
16343	16343
16343	16343
16343	16343
16343	16343
16343	16343
16343	16343
16343	16343
16343	16343
16343	16343
16343	16343
16343	16343
16343	16343
16343	16343
16343	16343
16343	16343
16343	16343
16343	16343
16343	16343
16343	16343
16343	16343
16343	16343
16343	16343
16343	16343
16343	16343
16343	16343
16343	16343
16343	16343
16343	16343
16343	16343
16343	16342
16341	16336
16328	16312
16293	16271
16247	16222
16206	16207
16223	16241
16254	16253
16235	16167
15974	15536
14729	13544
12144	10802
9731	8986
8494	8162
7913	7726
7597	7528
7519	7552
7615	7703
7803	7900
7968	7986
7944	7853
7723	7564
7387	7199
7006	6812
6629	6461
6310	6167
6032	5886
5725	5550
5355	5146
4927	4713
4522	4373
4271	4229
4239	4286
4361	4443
4524	4609
4714	4877
5130	5510
6062	6852
7967	9422
11077	12683
13991	14877
15381	15628
15739	15777
15773	15750
15728	15716
15711	15709
15709	15709
15709	15709
15709	15709
15709	15709
15712	15714
15716	15714
15712	15705
15698	15691
15684	15679
15675	15667
15659	15652
15645	15643
15640	15636
15627	15614
15597	15582
15565	15546
15522	15495
15466	15439
15417	15402
15389	15382
15372	15359
15344	15333
15326	15323
15321	15321
15321	15321
15321	15321
15321	15321
15320	15317
15314	15306
15297	15289
15286	15283
15282	15282
15282	15282
15282	15282
15282	15282
15283	15286
15289	15297
15306	15313
15315	15314
15305	15294
15281	15269
15259	15252
15242	15230
15218	15209
15210	15217
15229	15240
15248	15251
15252	15252
15252	15252
15252	15252
15252	15256
15260	15275
15301	15345
15395	15440
15472	15496
15512	15532
15550	15572
15595	15619
15641	15659
15672	15673
15665	15642
15618	15597
15590	15592
15603	15611
15613	15607
15590	15570
15538	15506
15468	15435
15397	15361
15325	15294
15265	15238
15216	15200
15194	15205
15230	15267
15310	15359
15410	15470
15540	15617
15689	15742
15761	15754
15727	15696
15667	15645
15631	15627
15628	15637
15654	15677
15702	15727
15749	15766
15780	15792
15802	15812
15818	15822
15828	15835
15843	15850
15849	15837
15817	15784
15733	15607
15281	14610
13543	12216
10917	9832
8843	7661
6173	4614
3358	2638
2440	2591
2908	3283
3696	4123
4555	4957
5301	5566
5751	5866
5930	5967
5992	6018
6053	6100
6151	6199
6240	6276
6309	6347
6389	6434
6479	6524
6561	6599
6631	6665
6703	6750
6790	6817
6824	6818
6810	6811
6832	6876
6942	7037
7147	7263
7377	7489
7597	7709
7822	7935
8065	8265
8646	9342
10446	11888
13409	14684
15527	15966
16156	16236
16275	16298
16312	16320
16322	16321
16321	16319
16321	16323
16326	16324
16320	16314
16306	16301
16301	16306
16316	16324
16332	16339
16341	16342
16343	16343
16343	16343
16343	16343
16343	16343
16343	16343
16343	16343
16343	16343
16343	16343
16343	16343
16343	16343
16343	16343
16343	16343
16343	16343
16343	16343
16343	16343
16343	16343
16343	16343
16343	16343
16343	16343
16343	16343
16343	16343
16343	16343
16343	16343
16343	16343
16343	16343
16343	16343
16343	16343
16343	16343
16343	16343
16343	16343
16343	16343
16343	16343
16343	16343
16343	16343
16343	16343
16343	16342
16340	16335
16325	16305
16284	16261
16241	16224
16215	16213
16222	16232
16239	16238
16223	16169
16005	15614
14862	13715
12318	10940
9808	9014
8504	8179
7957	7787
7673	7615
7617	7660
7730	7817
7910	7993
8046	8048
7994	7892
7755	7591
7408	7214
7014	6816
6627	6454
6298	6153
6014	5867
5706	5528
5331	5117
4892	4669
4468	4309
4196	4144
4141	4181
4248	4337
4436	4552
4704	4917
5227	5680
6334	7256
8499	10036
11699	13229
14399	15128
15494	15646
15704	15725
15722	15709
15696	15690
15685	15683
15683	15683
15683	15683
15683	15683
15684	15687
15691	15699
15705	15709
15706	15701
15689	15681
15674	15665
15661	15650
15640	15631
15625	15622
15623	15622
15616	15608
15596	15581
15564	15546
15522	15495
15466	15439
15417	15402
15389	15382
15372	15359
15344	15333
15326	15323
15321	15321
15321	15321
15321	15321
15321	15320
15319	15316
15310	15300
15289	15281
15274	15271
15269	15268
15268	15268
15268	15268
15268	15269
15271	15274
15281	15289
15300	15309
15314	15313
15304	15294
15281	15269
15259	15252
15242	15230
15219	15211
15213	15222
15236	15249
15259	15262
15264	15265
15265	15265
15265	15265
15265	15266
15269	15281
15302	15335
15376	15414
15443	15466
15489	15511
15537	15564
15593	15625
15654	15680
15693	15697
15689	15665
15636	15608
15590	15587
15590	15595
15593	15590
15583	15571
15555	15538
15516	15492
15461	15422
15378	15333
15290	15247
15208	15176
15161	15165
15188	15225
15273	15327
15385	15449
15524	15605
15681	15733
15762	15762
15748	15728
15707	15688
15673	15662
15656	15656
15661	15674
15691	15709
15728	15746
15761	15773
15785	15795
15805	15810
15817	15826
15839	15846
15850	15842
15825	15795
15735	15571
15169	14396
13248	11934
10787	9959
9233	8209
6737	5070
3658	2792
2488	2570
2851	3215
3629	4065
4504	4905
5240	5492
5659	5759
5816	5851
5881	5919
5962	6017
6072	6122
6168	6209
6251	6297
6347	6401
6455	6509
6560	6604
6645	6684
6726	6771
6813	6839
6847	6840
6832	6835
6854	6899
6967	7060
7169	7286
7401	7509
7618	7730
7847	7968
8113	8340
8773	9543
10715	12175
13652	14845
15609	15997
16157	16222
16260	16289
16306	16317
16322	16320
16321	16319
16321	16323
16326	16324
16320	16314
16306	16301
16301	16306
16316	16324
16332	16339
16341	16342
16343	16343
16343	16343
16343	16343
16343	16343
16343	16343
16343	16343
16343	16343
16343	16343
16343	16343
16343	16343
16343	16343
16343	16343
16343	16343
16343	16343
16343	16343
16343	16343
16343	16343
16343	16343
16343	16343
16343	16343
16343	16343
16343	16343
16343	16343
16343	16343
16343	16343
16343	16343
16343	16343
16343	16343
16343	16343
16343	16343
16343	16343
16343	16343
16343	16343
16343	16343
16343	16343
16343	16342
16339	16333
16321	16300
16276	16254
16238	16227
16219	16219
16222	16228
16228	16228
16217	16173
16030	15674
14967	13857
12472	11064
9885	9041
8512	8191
7982	7823
7715	7664
7681	7739
7824	7912
8000	8070
8107	8095
8033	7924
7782	7613
7427	7229
7023	6823
6628	6452
6294	6148
6008	5860
5696	5517
5321	5106
4880	4655
4452	4285
4165	4102
4089	4120
4184	4274
4394	4548
4740	4991
5344	5863
6626	7693
9072	10682
12323	13744
14765	15346
15590	15659
15667	15669
15673	15673
15672	15670
15670	15670
15670	15670
15670	15670
15670	15670
15670	15674
15681	15689
15699	15704
15705	15697
15685	15675
15665	15659
15650	15639
15626	15616
15610	15608
15610	15613
15612	15606
15594	15581
15564	15546
15522	15495
15466	15439
15417	15402
15389	15382
15372	15359
15344	15333
15326	15323
15321	15321
15321	15321
15321	15321
15321	15320
15319	15316
15307	15296
15285	15274
15266	15263
15261	15261
15261	15261
15261	15261
15261	15261
15263	15266
15274	15285
15296	15306
15314	15313
15304	15294
15281	15269
15259	15252
15242	15230
15219	15211
15214	15225
15240	15254
15264	15267
15270	15270
15271	15271
15272	15273
15273	15273
15276	15286
15306	15334
15366	15399
15423	15449
15471	15499
15526	15558
15592	15630
15664	15692
15709	15715
15704	15681
15645	15614
15592	15584
15581	15582
15581	15581
15577	15573
15567	15558
15547	15530
15502	15462
15413	15360
15307	15253
15202	15161
15139	15138
15159	15199
15248	15306
15368	15437
15514	15598
15675	15732
15762	15771
15762	15748
15729	15714
15699	15686
15673	15666
15664	15671
15682	15697
15714	15731
15746	15760
15775	15787
15794	15804
15812	15821
15836	15846
15851	15847
15838	15814
15743	15538
15059	14195
13001	11749
10784	10210
9716	8822
7342	5568
4009	3003
2590	2604
2847	3193
3594	4023
4452	4846
5166	5406
5561	5657
5710	5746
5780	5823
5875	5936
5998	6054
6105	6153
6202	6257
6315	6379
6440	6501
6560	6612
6659	6703
6748	6796
6837	6863
6868	6860
6855	6855
6875	6914
6982	7069
7178	7291
7407	7514
7622	7735
7855	7987
8151	8414
8913	9772
11011	12480
13895	14995
15680	16016
16154	16211
16246	16274
16296	16312
16320	16324
16323	16323
16323	16325
16326	16324
16320	16314
16306	16302
16302	16307
16316	16325
16332	16339
16341	16342
16343	16343
16343	16343
16343	16343
16343	16343
16343	16343
16343	16343
16343	16343
16343	16343
16343	16343
16343	16343
16343	16343
16343	16343
16343	16343
16343	16343
16343	16343
16343	16343
16343	16343
16343	16343
16343	16343
16343	16343
16343	16343
16343	16343
16343	16343
16343	16343
16343	16343
16343	16343
16343	16343
16343	16343
16343	16343
16343	16343
16343	16343
16343	16343
16343	16343
16343	16343
16343	16343
16343	16342
16339	16333
16321	16298
16275	16253
16238	16229
16226	16225
16226	16227
16229	16227
16218	16179
16049	15720
15051	13983
12618	11196
9973	9086
8531	8202
7996	7836
7723	7676
7706	7788
7891	7988
8070	8127
8151	8129
8059	7949
7803	7629
7441	7238
7032	6829
6636	6458
6297	6151
6009	5860
5694	5516
5323	5112
4892	4671
4469	4300
4176	4103
4081	4100
4160	4255
4393	4578
4808	5093
5480	6063
6939	8162
9683	11351
12939	14225
15087	15530
15675	15673
15642	15626
15631	15642
15653	15659
15662	15662
15662	15662
15662	15662
15662	15662
15663	15667
15674	15685
15695	15703
15703	15694
15683	15672
15662	15656
15646	15635
15622	15611
15603	15601
15605	15609
15610	15604
15594	15581
15564	15546
15522	15495
15466	15439
15417	15402
15389	15382
15372	15359
15344	15333
15326	15323
15321	15321
15321	15321
15321	15321
15321	15320
15319	15316
15305	15295
15282	15271
15262	15259
15257	15256
15256	15256
15256	15256
15256	15257
15259	15262
15271	15282
15295	15304
15314	15313
15304	15294
15281	15269
15259	15252
15242	15230
15219	15211
15214	15226
15242	15258
15268	15274
15275	15276
15278	15278
15278	15278
15278	15278
15282	15289
15305	15331
15361	15390
15414	15439
15464	15494
15522	15556
15593	15633
15667	15697
15715	15723
15714	15688
15651	15616
15592	15581
15577	15577
15577	15577
15574	15574
15571	15569
15561	15547
15522	15481
15429	15373
15314	15255
15199	15153
15129	15125
15146	15185
15237	15294
15361	15430
15509	15593
15670	15730
15762	15774
15769	15759
15743	15728
15713	15698
15682	15672
15667	15670
15677	15692
15706	15723
15737	15753
15767	15782
15789	15800
15808	15820
15834	15845
15853	15858
15856	15838
15756	15507
14952	14011
12804	11651
10896	10571
10286	9497
8010	6144
4439	3292
2765	2706
2903	3219
3594	3999
4403	4773
5077	5306
5458	5550
5607	5646
5684	5729
5788	5854
5926	5993
6052	6108
6163	6224
6290	6359
6430	6497
6562	6621
6674	6723
6773	6821
6865	6890
6894	6885
6876	6874
6891	6927
6987	7071
7173	7283
7395	7501
7610	7724
7847	7992
8180	8499
9075	10029
11333	12797
14139	15138
15740	16029
16150	16198
16229	16255
16284	16304
16319	16322
16323	16323
16323	16325
16326	16326
16322	16316
16309	16306
16306	16310
16318	16327
16334	16340
16341	16342
16343	16343
16343	16343
16343	16343
16343	16343
16343	16343
16343	16343
16343	16343
16343	16343
16343	16343
16343	16343
16343	16343
16343	16343
16343	16343
16343	16343
16343	16343
16343	16343
16343	16343
16343	16343
16343	16343
16343	16343
16343	16343
16343	16343
16343	16343
16343	16343
16343	16343
16343	16343
16343	16343
16343	16343
16343	16343
16343	16343
16343	16343
16343	16343
16343	16343
16343	16343
16343	16343
16343	16342
16339	16333
16321	16301
16277	16258
16243	16237
16233	16232
16232	16232
16232	16231
16223	16187
16071	15763
15132	14109
12773	11347
10087	9152
8560	8215
7998	7831
7708	7662
7703	7811
7937	8046
8123	8171
8183	8155
8081	7968
7822	7647
7452	7248
7041	6837
6642	6467
6308	6161
6016	5863
5694	5519
5330	5130
4918	4705
4507	4343
4216	4136
4102	4113
4160	4256
4409	4626
4891	5208
5633	6283
7282	8660
10317	12025
13536	14665
15365	15682
15747	15694
15628	15598
15603	15624
15643	15653
15657	15659
15659	15659
15659	15659
15659	15659
15661	15664
15672	15682
15694	15702
15702	15693
15682	15669
15661	15653
15645	15632
15619	15607
15600	15597
15601	15606
15609	15603
15594	15581
15564	15546
15522	15495
15466	15439
15417	15402
15389	15382
15372	15359
15344	15333
15326	15323
15321	15321
15321	15321
15321	15321
15321	15320
15319	15315
15305	15294
15281	15271
15262	15258
15254	15254
15253	15253
15253	15253
15254	15254
15258	15262
15271	15281
15294	15304
15313	15313
15304	15294
15281	15269
15259	15252
15242	15230
15219	15211
15214	15228
15243	15259
15270	15275
15277	15279
15279	15279
15279	15279
15279	15279
15282	15290
15305	15331
15361	15388
15412	15437
15461	15491
15521	15556
15593	15633
15670	15700
15717	15726
15717	15691
15651	15616
15591	15580
15575	15576
15574	15575
15573	15573
15572	15572
15566	15554
15529	15489
15438	15379
15317	15257
15199	15151
15124	15122
15141	15181
15232	15290
15357	15428
15507	15592
15670	15729
15763	15775
15772	15763
15747	15731
15717	15702
15685	15673
15667	15669
15675	15689
15703	15720
15734	15750
15766	15779
15787	15797
15806	15818
15834	15845
15857	15866
15874	15861
15764	15469
14839	13837
12644	11621
11086	11004
10913	10232
8761	6817
4979	3679
3025	2874
3012	3284
3622	3985
4351	4687
4972	5187
5338	5434
5496	5541
5585	5631
5695	5769
5853	5931
6000	6065
6125	6191
6264	6343
6419	6498
6568	6632
6691	6746
6801	6851
6896	6922
6925	6913
6899	6895
6905	6936
6991	7068
7162	7266
7374	7479
7585	7702
7834	7993
8218	8596
9265	10315
11681	13129
14386	15275
15790	16037
16136	16179
16204	16232
16262	16292
16312	16323
16324	16324
16324	16325
16328	16326
16324	16317
16310	16308
16308	16312
16320	16329
16335	16341
16341	16342
16343	16343
16343	16343
16343	16343
16343	16343
16343	16343
16343	16343
16343	16343
16343	16343
16343	16343
16343	16343
16343	16343
16343	16343
16343	16343
16343	16343
16343	16343
16343	16343
16343	16343
16343	16343
16343	16343
16343	16343
16343	16343
16343	16343
16343	16343
16343	16343
16343	16343
16343	16343
16343	16343
16343	16343
16343	16343
16343	16343
16343	16343
16343	16343
16343	16343
16343	16343
16343	16343
16343	16342
16340	16335
16325	16305
16284	16266
16253	16247
16245	16244
16244	16244
16244	16244
16235	16202
16092	15809
15221	14251
12955	11531
10238	9251
8612	8237
8000	7819
7685	7632
7685	7812
7959	8082
8163	8204
8209	8177
8103	7988
7839	7661
7465	7260
7051	6845
6652	6477
6318	6170
6021	5866
5699	5522
5341	5151
4951	4749
4563	4401
4275	4190
4145	4141
4176	4267
4429	4668
4967	5323
5793	6518
7634	9162
10937	12664
14077	15048
15590	15800
15803	15720
15635	15594
15594	15616
15637	15652
15656	15658
15659	15659
15659	15659
15659	15659
15659	15664
15670	15682
15693	15702
15702	15693
15682	15669
15661	15653
15644	15632
15618	15607
15599	15597
15600	15605
15608	15603
15593	15580
15564	15546
15522	15495
15466	15439
15417	15402
15389	15382
15372	15359
15344	15333
15326	15323
15321	15321
15321	15321
15321	15321
15321	15320
15319	15315
15305	15294
15281	15270
15261	15257
15254	15254
15253	15253
15253	15253
15254	15254
15257	15261
15270	15281
15294	15304
15313	15313
15304	15294
15281	15269
15259	15252
15242	15230
15219	15211
15215	15228
15243	15259
15270	15275
15277	15279
15279	15279
15279	15279
15279	15280
15283	15291
15305	15331
15359	15387
15411	15435
15461	15490
15520	15555
15593	15633
15670	15701
15718	15727
15717	15691
15652	15617
15592	15580
15575	15575
15574	15574
15574	15573
15573	15572
15568	15555
15531	15491
15438	15379
15317	15257
15198	15151
15123	15120
15141	15179
15231	15290
15357	15427
15506	15590
15668	15728
15762	15775
15772	15764
15748	15733
15718	15702
15686	15674
15669	15669
15675	15687
15702	15718
15733	15750
15765	15778
15787	15796
15805	15818
15832	15847
15859	15872
15886	15875
15761	15421
14723	13676
12514	11629
11313	11459
11557	11008
9589	7607
5643	4180
3377	3113
3170	3383
3663	3976
4293	4592
4850	5054
5202	5305
5374	5427
5472	5524
5590	5678
5773	5863
5945	6016
6083	6157
6238	6324
6411	6496
6575	6645
6711	6769
6828	6886
6934	6961
6962	6945
6926	6913
6919	6943
6992	7061
7147	7244
7345	7448
7554	7675
7818	8001
8265	8717
9485	10632
12048	13468
14629	15404
15834	16035
16120	16156
16179	16206
16243	16279
16307	16320
16324	16324
16324	16326
16329	16329
16327	16323
16319	16313
16313	16319
16324	16331
16337	16341
16341	16342
16343	16343
16343	16343
16343	16343
16343	16343
16343	16343
16343	16343
16343	16343
16343	16343
16343	16343
16343	16343
16343	16343
16343	16343
16343	16343
16343	16343
16343	16343
16343	16343
16343	16343
16343	16343
16343	16343
16343	16343
16343	16343
16343	16343
16343	16343
16343	16343
16343	16343
16343	16343
16343	16343
16343	16343
16343	16343
16343	16343
16343	16343
16343	16343
16343	16343
16343	16343
16343	16343
16343	16342
16340	16336
16327	16311
16294	16279
16268	16263
16262	16261
16261	16261
16259	16259
16251	16221
16122	15862
15320	14411
13167	11756
10427	9381
8687	8270
8006	7803
7651	7592
7650	7792
7958	8097
8185	8226
8229	8193
8118	8004
7854	7677
7479	7274
7062	6859
6662	6488
6329	6180
6030	5871
5699	5525
5350	5173
4985	4798
4623	4468
4342	4252
4195	4178
4198	4280
4444	4697
5026	5421
5948	6750
7975	9626
11488	13210
14521	15343
15750	15875
15841	15747
15658	15610
15605	15620
15639	15652
15656	15658
15659	15659
15659	15659
15659	15659
15659	15664
15670	15682
15693	15702
15702	15693
15682	15669
15661	15653
15644	15632
15618	15607
15599	15597
15600	15605
15608	15603
15593	15580
15564	15546
15522	15495
15466	15439
15417	15402
15389	15382
15372	15359
15344	15333
15326	15323
15321	15321
15321	15321
15321	15321
15321	15320
15319	15315
15305	15294
15281	15269
15261	15257
15254	15254
15253	15253
15253	15253
15254	15254
15257	15261
15269	15281
15294	15304
15313	15313
15304	15294
15281	15269
15259	15252
15242	15230
15219	15211
15215	15228
15243	15259
15270	15275
15277	15279
15279	15279
15279	15279
15279	15280
15283	15291
15305	15331
15359	15387
15411	15435
15461	15490
15520	15555
15593	15633
15670	15701
15718	15727
15717	15691
15652	15617
15592	15580
15575	15575
15574	15574
15574	15574
15574	15573
15569	15557
15532	15491
15438	15379
15317	15257
15198	15151
15122	15120
15141	15179
15231	15290
15357	15427
15506	15590
15668	15728
15763	15775
15773	15765
15750	15733
15718	15702
15687	15674
15669	15669
15674	15687
15702	15718
15733	15750
15765	15778
15787	15796
15804	15818
15832	15847
15860	15876
15892	15875
15741	15357
14606	13532
12417	11669
11547	11896
12174	11782
10467	8493
6432	4804
3826	3420
3373	3506
3718	3969
4232	4486
4716	4907
5052	5162
5239	5298
5350	5406
5479	5577
5685	5790
5880	5958
6036	6117
6204	6300
6398	6492
6579	6659
6732	6796
6861	6922
6974	7000
7001	6981
6956	6935
6930	6949
6990	7050
7130	7220
7312	7411
7519	7647
7806	8017
8335	8866
9733	10969
12422	13799
14861	15527
15874	16035
16105	16138
16156	16183
16224	16269
16302	16319
16324	16325
16325	16326
16329	16330
16331	16327
16324	16320
16321	16325
16329	16336
16340	16341
16342	16343
16343	16343
16343	16343
16343	16343
16343	16343
16343	16343
16343	16343
16343	16343
16343	16343
16343	16343
16343	16343
16343	16343
16343	16343
16343	16343
16343	16343
16343	16343
16343	16343
16343	16343
16343	16343
16343	16343
16343	16343
16343	16343
16343	16343
16343	16343
16343	16343
16343	16343
16343	16343
16343	16343
16343	16343
16343	16343
16343	16343
16343	16343
16343	16343
16343	16343
16343	16343
16343	16343
16343	16342
16341	16338
16329	16317
16303	16291
16282	16277
16276	16276
16276	16276
16276	16274
16267	16239
16150	15916
15428	14588
13404	12015
10654	9544
8783	8315
8016	7788
7617	7546
7600	7749
7929	8081
8183	8234
8241	8206
8129	8017
7868	7694
7494	7285
7072	6866
6672	6498
6338	6187
6038	5876
5701	5527
5358	5192
5021	4849
4685	4536
4413	4315
4248	4216
4222	4290
4448	4711
5062	5500
6081	6957
8266	10002
11909	13611
14832	15536
15841	15912
15862	15773
15697	15650
15635	15641
15648	15654
15657	15659
15659	15659
15659	15659
15659	15659
15659	15664
15670	15682
15693	15702
15702	15693
15682	15669
15661	15653
15644	15632
15618	15607
15599	15597
15600	15605
15608	15603
15593	15580
15564	15546
15522	15495
15466	15439
15417	15402
15389	15382
15372	15359
15344	15333
15326	15323
15321	15321
15321	15321
15321	15321
15321	15320
15319	15315
15305	15294
15281	15269
15261	15257
15254	15254
15253	15253
15253	15253
15254	15254
15257	15261
15269	15281
15294	15304
15313	15313
15304	15294
15281	15269
15259	15252
15242	15230
15219	15211
15215	15228
15243	15259
15270	15275
15277	15279
15279	15279
15279	15279
15279	15280
15283	15291
15305	15331
15359	15387
15411	15435
15461	15490
15520	15555
15593	15633
15670	15701
15719	15727
15718	15691
15652	15617
15592	15580
15575	15575
15574	15574
15574	15574
15574	15573
15569	15557
15532	15491
15438	15379
15317	15257
15198	15151
15121	15120
15140	15179
15231	15290
15357	15427
15506	15590
15668	15728
15763	15775
15773	15765
15750	15733
15718	15702
15687	15674
15669	15669
15674	15687
15702	15718
15733	15750
15765	15778
15787	15795
15804	15817
15832	15847
15860	15875
15888	15860
15703	15281
14493	13412
12352	11730
11773	12288
12734	12512
11348	9439
7324	5538
4372	3794
3616	3647
3784	3963
4167	4376
4575	4748
4892	5007
5096	5164
5220	5282
5362	5469
5590	5711
5813	5902
5985	6075
6171	6277
6384	6490
6586	6674
6752	6824
6894	6962
7015	7042
7041	7016
6984	6957
6944	6952
6985	7036
7108	7190
7276	7370
7483	7621
7803	8049
8427	9044
10008	11315
12779	14105
15068	15634
15910	16033
16093	16123
16140	16169
16213	16263
16299	16318
16323	16325
16325	16326
16329	16332
16331	16333
16328	16327
16327	16329
16334	16337
16341	16341
16342	16343
16343	16343
16343	16343
16343	16343
16343	16343
16343	16343
16343	16343
16343	16343
16343	16343
16343	16343
16343	16343
16343	16343
16343	16343
16343	16343
16343	16343
16343	16343
16343	16343
16343	16343
16343	16343
16343	16343
16343	16343
16343	16343
16343	16343
16343	16343
16343	16343
16343	16343
16343	16343
16343	16343
16343	16343
16343	16343
16343	16343
16343	16343
16343	16343
16343	16343
16343	16343
16343	16343
16343	16342
16341	16338
16332	16322
16311	16301
16294	16290
16288	16288
16288	16288
16288	16288
16282	16255
16179	15974
15537	14772
13656	12295
10912	9741
8903	8372
8027	7770
7581	7495
7538	7683
7868	8037
8156	8224
8243	8214
8142	8029
7884	7707
7509	7299
7086	6878
6685	6510
6354	6198
6045	5878
5701	5527
5366	5211
5056	4898
4748	4605
4482	4381
4304	4256
4246	4297
4446	4705
5075	5551
6187	7117
8477	10248
12167	13841
15001	15628
15873	15912
15863	15797
15739	15699
15675	15664
15658	15658
15659	15659
15659	15659
15659	15659
15659	15659
15659	15664
15670	15682
15693	15702
15702	15693
15682	15669
15661	15653
15644	15632
15618	15607
15599	15597
15600	15605
15608	15603
15593	15580
15564	15546
15522	15495
15466	15439
15417	15402
15389	15382
15372	15359
15344	15333
15326	15323
15321	15321
15321	15321
15321	15321
15321	15320
15319	15315
15305	15294
15281	15269
15261	15257
15254	15254
15253	15253
15253	15253
15254	15254
15257	15261
15269	15281
15294	15304
15313	15313
15304	15294
15281	15269
15259	15252
15242	15230
15219	15211
15215	15228
15243	15259
15270	15275
15277	15279
15279	15279
15279	15279
15279	15280
15283	15291
15305	15331
15359	15387
15411	15435
15461	15490
15520	15555
15593	15633
15670	15701
15719	15727
15718	15691
15652	15617
15592	15580
15575	15575
15574	15574
15574	15574
15574	15573
15569	15557
15532	15491
15438	15379
15317	15257
15198	15151
15121	15120
15140	15179
15231	15290
15357	15427
15506	15590
15668	15728
15763	15775
15773	15765
15750	15733
15718	15702
15687	15674
15669	15669
15674	15687
15702	15718
15733	15750
15765	15778
15787	15795
15804	15817
15832	15847
15859	15871
15874	15829
15645	15191
14381	13310
12313	11799
11971	12616
13203	13159
12184	10400
8279	6367
5006	4229
3890	3807
3853	3960
4102	4263
4428	4586
4728	4849
4951	5025
5088	5151
5240	5357
5496	5629
5744	5839
5932	6027
6137	6252
6371	6484
6591	6687
6775	6854
6931	7001
7057	7086
7083	7052
7012	6973
6953	6953
6974	7019
7082	7157
7239	7331
7451	7603
7808	8098
8541	9247
10298	11659
13113	14373
15242	15726
15946	16042
16092	16120
16139	16169
16213	16262
16299	16318
16323	16325
16325	16326
16330	16332
16335	16334
16332	16331
16331	16332
16336	16340
16341	16342
16343	16343
16343	16343
16343	16343
16343	16343
16343	16343
16343	16343
16343	16343
16343	16343
16343	16343
16343	16343
16343	16343
16343	16343
16343	16343
16343	16343
16343	16343
16343	16343
16343	16343
16343	16343
16343	16343
16343	16343
16343	16343
16343	16343
16343	16343
16343	16343
16343	16343
16343	16343
16343	16343
16343	16343
16343	16343
16343	16343
16343	16343
16343	16343
16343	16343
16343	16343
16343	16343
16343	16343
16343	16342
16341	16340
16335	16327
16320	16312
16309	16307
16306	16306
16306	16306
16305	16305
16299	16276
16207	16029
15648	14958
13914	12591
11189	9958
9040	8438
8044	7758
7549	7445
7465	7597
7781	7965
8109	8201
8238	8221
8154	8042
7896	7719
7522	7310
7100	6891
6697	6523
6366	6209
6052	5880
5701	5528
5372	5232
5091	4951
4809	4675
4551	4444
4358	4296
4267	4303
4436	4694
5075	5587
6260	7221
8587	10349
12245	13894
15029	15634
15862	15896
15860	15816
15777	15746
15715	15690
15672	15663
15659	15659
15659	15659
15659	15659
15659	15659
15659	15664
15670	15682
15693	15702
15702	15693
15682	15669
15661	15653
15644	15632
15618	15607
15599	15597
15600	15605
15608	15603
15593	15580
15564	15546
15522	15495
15466	15439
15417	15402
15389	15382
15372	15359
15344	15333
15326	15323
15321	15321
15321	15321
15321	15321
15321	15320
15319	15315
15305	15294
15281	15269
15261	15257
15254	15254
15253	15253
15253	15253
15254	15254
15257	15261
15269	15281
15294	15304
15313	15313
15304	15294
15281	15270
15259	15252
15242	15231
15220	15212
15216	15229
15244	15259
15271	15275
15277	15279
15279	15279
15279	15279
15279	15280
15283	15291
15305	15331
15359	15387
15411	15435
15461	15490
15520	15555
15593	15633
15670	15701
15718	15727
15717	15691
15652	15617
15592	15580
15575	15575
15574	15574
15574	15574
15574	15573
15569	15557
15532	15491
15438	15379
15317	15257
15198	15151
15121	15120
15140	15179
15231	15289
15357	15427
15506	15590
15668	15728
15763	15775
15773	15765
15750	15733
15718	15702
15687	15674
15669	15669
15674	15687
15702	15718
15733	15750
15765	15778
15787	15795
15804	15817
15832	15845
15856	15861
15853	15785
15574	15094
14275	13228
12294	11876
12143	12878
13580	13703
12935	11323
9261	7261
5706	4714
4190	3974
3924	3958
4041	4152
4282	4424
4566	4694
4804	4889
4957	5025
5119	5246
5400	5546
5675	5781
5883	5988
6106	6228
6357	6478
6598	6701
6797	6882
6965	7040
7098	7126
7122	7089
7042	6997
6965	6955
6968	7003
7056	7122
7200	7293
7419	7588
7823	8157
8673	9465
10597	11988
13412	14596
15382	15796
15977	16055
16099	16129
16151	16181
16224	16270
16302	16319
16324	16325
16325	16327
16330	16332
16335	16336
16334	16333
16333	16334
16338	16340
16341	16342
16343	16343
16343	16343
16343	16343
16343	16343
16343	16343
16343	16343
16343	16343
16343	16343
16343	16343
16343	16343
16343	16343
16343	16343
16343	16343
16343	16343
16343	16343
16343	16343
16343	16343
16343	16343
16343	16343
16343	16343
16343	16343
16343	16343
16343	16343
16343	16343
16343	16343
16343	16343
16343	16343
16343	16343
16343	16343
16343	16343
16343	16343
16343	16343
16343	16343
16343	16343
16343	16343
16343	16343
16343	16342
16341	16341
16338	16333
16329	16324
16321	16320
16320	16320
16320	16320
16320	16318
16314	16296
16236	16083
15753	15134
14166	12883
11474	10183
9189	8510
8062	7743
7517	7392
7389	7498
7672	7868
8042	8165
8227	8224
8161	8054
7906	7729
7532	7323
7112	6901
6708	6532
6376	6218
6056	5881
5701	5531
5382	5251
5128	5000
4868	4737
4616	4503
4408	4332
4290	4311
4428	4680
5074	5604
6301	7261
8592	10298
12146	13780
14935	15573
15827	15875
15854	15827
15808	15787
15750	15710
15682	15666
15661	15659
15659	15659
15659	15659
15659	15659
15659	15664
15670	15682
15693	15702
15702	15693
15682	15669
15661	15653
15644	15632
15618	15607
15599	15597
15600	15605
15608	15603
15593	15580
15564	15546
15522	15495
15466	15439
15417	15402
15389	15382
15372	15359
15344	15333
15326	15323
15321	15321
15321	15321
15321	15321
15321	15320
15319	15315
15305	15294
15281	15270
15261	15257
15254	15254
15253	15253
15253	15253
15254	15254
15257	15261
15270	15281
15294	15304
15313	15313
15304	15294
15281	15270
15259	15253
15242	15231
15220	15212
15216	15229
15244	15259
15271	15276
15278	15279
15279	15279
15279	15279
15279	15280
15283	15291
15305	15331
15359	15387
15411	15435
15461	15490
15520	15555
15593	15633
15670	15701
15718	15727
15717	15691
15652	15617
15592	15580
15575	15575
15574	15574
15574	15574
15574	15573
15569	15557
15532	15491
15438	15379
15317	15257
15198	15151
15122	15120
15140	15179
15231	15289
15357	15427
15506	15590
15668	15728
15763	15775
15773	15765
15750	15733
15718	15702
15687	15675
15669	15669
15674	15687
15702	15718
15733	15750
15765	15778
15787	15795
15804	15817
15832	15845
15852	15852
15826	15739
15498	14998
14177	13158
12282	11941
12281	13083
13868	14142
13582	12181
10224	8177
6440	5224
4502	4146
3997	3957
3980	4047
4147	4275
4414	4550
4668	4762
4832	4906
5004	5143
5309	5473
5611	5728
5836	5952
6075	6210
6344	6478
6604	6718
6821	6913
6999	7079
7139	7170
7163	7124
7073	7021
6979	6961
6962	6989
7035	7095
7168	7264
7394	7580
7844	8227
8815	9695
10894	12296
13673	14778
15492	15856
16011	16075
16114	16144
16171	16202
16240	16279
16307	16320
16324	16324
16324	16327
16330	16332
16335	16336
16334	16333
16333	16334
16338	16340
16341	16342
16343	16343
16343	16343
16343	16343
16343	16343
16343	16343
16343	16343
16343	16343
16343	16343
16343	16343
16343	16343
16343	16343
16343	16343
16343	16343
16343	16343
16343	16343
16343	16343
16343	16343
16343	16343
16343	16343
16343	16343
16343	16343
16343	16343
16343	16343
16343	16343
16343	16343
16343	16343
16343	16343
16343	16343
16343	16343
16343	16343
16343	16343
16343	16343
16343	16343
16343	16343
16343	16343
16343	16343
16343	16343
16342	16341
16341	16338
16335	16334
16332	16332
16332	16332
16332	16332
16332	16330
16326	16309
16260	16130
15844	15295
14394	13157
11746	10410
9340	8586
8083	7733
7488	7346
7315	7396
7559	7764
7964	8121
8210	8224
8169	8062
7915	7740
7542	7334
7122	6914
6717	6541
6379	6223
6062	5884
5703	5536
5394	5274
5163	5047
4926	4798
4674	4557
4449	4364
4309	4316
4424	4671
5068	5613
6312	7240
8503	10117
11901	13533
14745	15462
15782	15862
15854	15835
15827	15810
15772	15726
15689	15669
15662	15659
15659	15659
15659	15659
15659	15659
15659	15664
15670	15682
15693	15702
15702	15693
15682	15669
15661	15653
15645	15632
15619	15607
15599	15597
15600	15605
15608	15603
15593	15580
15564	15546
15522	15495
15466	15439
15417	15402
15389	15382
15372	15359
15344	15334
15327	15324
15321	15321
15321	15321
15321	15321
15321	15320
15319	15316
15306	15295
15281	15271
15262	15258
15254	15254
15253	15253
15253	15253
15254	15254
15258	15262
15271	15281
15296	15306
15314	15315
15306	15295
15281	15271
15260	15254
15243	15232
15221	15214
15216	15230
15244	15261
15271	15277
15278	15279
15279	15279
15279	15279
15279	15280
15283	15291
15305	15331
15359	15386
15410	15435
15460	15489
15519	15555
15593	15633
15670	15700
15718	15727
15717	15691
15652	15617
15592	15580
15575	15575
15574	15574
15574	15574
15574	15573
15569	15557
15533	15492
15440	15381
15318	15257
15199	15151
15124	15120
15141	15179
15230	15289
15356	15427
15505	15589
15666	15727
15761	15774
15774	15766
15751	15735
15721	15703
15689	15675
15669	15668
15674	15686
15702	15718
15733	15750
15765	15778
15787	15795
15804	15817
15832	15845
15848	15841
15801	15692
15427	14911
14094	13104
12276	11997
12391	13236
14083	14477
14116	12935
11124	9068
7173	5733
4812	4315
4068	3959
3923	3947
4021	4136
4277	4422
4549	4647
4723	4800
4904	5055
5231	5409
5558	5682
5800	5922
6053	6193
6334	6476
6608	6730
6841	6940
7032	7115
7179	7210
7202	7161
7105	7045
6998	6969
6961	6978
7015	7070
7139	7238
7377	7582
7875	8306
8965	9926
11179	12581
13899	14923
15573	15906
16043	16101
16136	16167
16194	16226
16259	16290
16312	16323
16324	16324
16324	16326
16330	16332
16335	16336
16334	16333
16333	16334
16338	16340
16341	16342
16343	16343
16343	16343
16343	16343
16343	16343
16343	16343
16343	16343
16343	16343
16343	16343
16343	16343
16343	16343
16343	16343
16343	16343
16343	16343
16343	16343
16343	16343
16343	16343
16343	16343
16343	16343
16343	16343
16343	16343
16343	16343
16343	16343
16343	16343
16343	16343
16343	16343
16343	16343
16343	16343
16343	16343
16343	16343
16343	16343
16343	16343
16343	16343
16343	16343
16343	16343
16343	16343
16343	16343
16343	16343
16343	16342
16341	16341
16340	16338
16338	16338
16338	16338
16338	16338
16338	16337
16334	16318
16278	16169
15923	15433
14598	13404
11999	10621
9480	8654
8099	7722
7464	7307
7250	7303
7448	7659
7885	8073
8186	8214
8167	8063
7920	7747
7553	7347
7135	6925
6727	6547
6386	6228
6065	5889
5710	5546
5412	5302
5200	5094
4977	4853
4727	4604
4490	4395
4331	4328
4428	4669
5066	5606
6288	7164
8335	9842
11556	13196
14489	15318
15722	15848
15849	15834
15830	15816
15779	15730
15692	15669
15662	15659
15659	15659
15659	15659
15659	15659
15659	15663
15670	15682
15693	15702
15703	15695
15683	15672
15662	15656
15646	15634
15620	15607
15600	15597
15601	15606
15609	15603
15594	15581
15564	15546
15522	15495
15466	15439
15417	15402
15389	15382
15373	15360
15347	15336
15330	15326
15324	15324
15324	15324
15324	15324
15324	15324
15322	15318
15309	15297
15284	15271
15262	15259
15257	15256
15256	15256
15256	15256
15256	15257
15259	15262
15271	15284
15297	15309
15316	15316
15311	15299
15287	15273
15265	15257
15247	15236
15224	15218
15218	15231
15246	15262
15272	15277
15279	15281
15282	15282
15282	15282
15282	15283
15285	15293
15306	15332
15358	15384
15409	15433
15458	15488
15518	15552
15590	15629
15666	15695
15715	15723
15715	15689
15651	15616
15591	15580
15575	15575
15574	15574
15574	15574
15574	15573
15569	15558
15533	15493
15441	15384
15321	15260
15202	15153
15125	15121
15138	15178
15228	15286
15352	15423
15502	15585
15662	15721
15758	15771
15774	15765
15754	15739
15726	15709
15693	15678
15671	15670
15674	15687
15702	15718
15733	15750
15765	15778
15787	15795
15804	15817
15831	15843
15844	15831
15782	15652
15373	14846
14032	13064
12278	12041
12473	13349
14240	14730
14538	13573
11926	9886
7861	6219
5112	4476
4138	3960
3870	3856
3906	4013
4154	4307
4444	4552
4633	4710
4822	4980
5172	5358
5517	5650
5774	5901
6038	6181
6330	6476
6614	6742
6859	6964
7062	7147
7214	7246
7236	7193
7131	7067
7012	6975
6961	6968
7000	7049
7119	7219
7368	7590
7914	8393
9118	10156
11457	12847
14100	15045
15641	15947
16078	16130
16159	16186
16214	16245
16274	16301
16316	16324
16323	16323
16323	16326
16328	16332
16334	16335
16334	16333
16333	16334
16338	16340
16341	16342
16343	16343
16343	16343
16343	16343
16343	16343
16343	16343
16343	16343
16343	16343
16343	16343
16343	16343
16343	16343
16343	16343
16343	16343
16343	16343
16343	16343
16343	16343
16343	16343
16343	16343
16343	16343
16343	16343
16343	16343
16343	16343
16343	16343
16343	16343
16343	16343
16343	16343
16343	16343
16343	16343
16343	16343
16343	16343
16343	16343
16343	16343
16343	16343
16343	16343
16343	16343
16343	16343
16343	16343
16343	16343
16343	16343
16343	16343
16343	16343
16343	16343
16343	16343
16343	16343
16343	16342
16338	16326
16291	16198
15988	15548
14771	13624
12227	10815
9612	8719
8111	7712
7444	7276
7205	7235
7367	7579
7820	8026
8157	8196
8157	8059
7922	7754
7566	7363
7154	6944
6743	6559
6394	6236
6075	5901
5722	5562
5434	5333
5238	5136
5024	4903
4776	4650
4532	4427
4359	4346
4437	4667
5052	5576
6226	7040
8115	9517
11163	12817
14205	15157
15660	15836
15854	15835
15827	15812
15777	15729
15692	15668
15660	15656
15656	15656
15656	15656
15656	15656
15657	15662
15670	15684
15696	15706
15706	15700
15688	15678
15665	15658
15647	15636
15623	15611
15602	15601
15605	15609
15610	15604
15594	15581
15564	15546
15522	15495
15466	15439
15417	15402
15391	15383
15376	15363
15354	15343
15337	15333
15333	15332
15332	15332
15332	15332
15332	15331
15330	15326
15317	15303
15289	15277
15267	15263
15261	15261
15261	15261
15261	15261
15261	15261
15263	15267
15278	15289
15306	15317
15326	15326
15320	15307
15294	15283
15272	15266
15257	15245
15233	15225
15228	15237
15253	15265
15275	15279
15281	15283
15283	15283
15283	15283
15284	15285
15286	15294
15308	15331
15356	15382
15405	15427
15452	15483
15512	15547
15583	15623
15660	15692
15710	15719
15711	15686
15649	15615
15591	15580
15575	15575
15574	15574
15574	15574
15574	15573
15569	15559
15536	15499
15448	15391
15329	15267
15208	15160
15128	15122
15137	15174
15222	15280
15344	15414
15490	15572
15649	15708
15746	15766
15771	15766
15760	15748
15735	15718
15703	15688
15677	15671
15675	15687
15702	15717
15732	15749
15765	15778
15787	15795
15804	15817
15831	15840
15843	15825
15769	15629
15342	14811
14005	13052
12291	12077
12531	13425
14348	14911
14860	14078
12588	10587
8470	6665
5400	4640
4209	3963
3827	3775
3805	3904
4047	4207
4355	4472
4562	4649
4768	4932
5129	5321
5489	5629
5763	5895
6033	6177
6325	6471
6611	6747
6869	6981
7083	7172
7239	7270
7261	7216
7154	7086
7024	6977
6954	6954
6980	7029
7101	7206
7366	7604
7955	8487
9284	10394
11735	13108
14291	15162
15703	15989
16113	16160
16181	16203
16228	16258
16286	16308
16319	16324
16324	16322
16322	16324
16327	16332
16333	16335
16334	16333
16333	16334
16338	16340
16341	16342
16343	16343
16343	16343
16343	16343
16343	16343
16343	16343
16343	16343
16343	16343
16343	16343
16343	16343
16343	16343
16343	16343
16343	16343
16343	16343
16343	16342
16340	16341
16343	16343
16343	16343
16343	16343
16343	16343
16343	16343
16343	16343
16343	16343
16343	16343
16343	16343
16343	16343
16343	16343
16343	16343
16343	16343
16343	16343
16343	16343
16343	16343
16343	16343
16343	16343
16343	16343
16343	16343
16343	16343
16343	16343
16343	16343
16343	16343
16343	16343
16343	16343
16343	16343
16343	16343
16343	16342
16339	16330
16301	16225
16040	15646
14919	13812
12427	10990
9728	8773
8119	7700
7432	7267
7188	7207
7325	7533
7777	7992
8125	8170
8137	8046
7917	7759
7579	7385
7179	6968
6765	6576
6407	6247
6084	5914
5742	5590
5469	5372
5281	5183
5074	4957
4828	4703
4582	4476
4400	4382
4457	4666
5019	5506
6110	6867
7861	9174
10768	12444
13930	15000
15600	15827
15858	15835
15817	15797
15762	15719
15683	15665
15658	15655
15654	15654
15654	15654
15654	15655
15656	15662
15670	15684
15698	15708
15712	15706
15695	15682
15675	15664
15655	15641
15628	15617
15609	15607
15607	15611
15610	15604
15594	15581
15564	15546
15522	15495
15466	15439
15417	15402
15391	15384
15379	15369
15363	15354
15351	15347
15347	15347
15347	15347
15347	15347
15347	15347
15344	15340
15331	15318
15301	15286
15276	15271
15270	15269
15268	15268
15268	15268
15269	15270
15271	15276
15289	15304
15323	15336
15342	15340
15337	15327
15315	15302
15290	15284
15273	15263
15252	15244
15244	15250
15263	15274
15282	15286
15288	15288
15288	15288
15288	15288
15288	15289
15291	15298
15310	15330
15353	15376
15398	15418
15442	15471
15502	15535
15572	15611
15647	15678
15697	15709
15701	15680
15646	15614
15590	15580
15575	15575
15574	15574
15574	15574
15574	15573
15571	15561
15540	15506
15461	15408
15347	15282
15222	15170
15136	15123
15135	15166
15210	15266
15329	15394
15468	15546
15619	15682
15724	15750
15765	15769
15768	15765
15754	15740
15723	15704
15688	15677
15676	15685
15700	15716
15731	15749
15765	15778
15787	15795
15804	15817
15831	15840
15841	15821
15765	15626
15336	14812
14015	13075
12322	12115
12570	13472
14416	15033
15088	14454
13093	11142
8976	7064
5681	4815
4294	3974
3784	3704
3714	3807
3949	4114
4273	4406
4513	4616
4745	4915
5110	5303
5475	5623
5763	5901
6038	6178
6321	6461
6602	6741
6870	6989
7099	7192
7258	7291
7280	7236
7169	7097
7026	6968
6932	6927
6951	7005
7089	7208
7382	7638
8020	8605
9476	10659
12036	13382
14495	15286
15774	16031
16146	16185
16200	16216
16240	16268
16292	16310
16321	16324
16322	16321
16320	16324
16326	16331
16333	16335
16334	16333
16333	16334
16338	16340
16341	16342
16343	16343
16343	16343
16343	16343
16343	16343
16343	16343
16343	16343
16343	16343
16343	16343
16343	16343
16343	16343
16343	16343
16343	16343
16343	16342
16339	16333
16306	16310
16343	16343
16343	16343
16343	16343
16343	16343
16343	16343
16343	16343
16343	16343
16343	16343
16343	16343
16343	16343
16343	16343
16343	16343
16343	16343
16343	16343
16343	16343
16343	16343
16343	16343
16343	16343
16343	16343
16343	16343
16343	16343
16343	16343
16343	16343
16343	16343
16343	16343
16343	16343
16343	16343
16343	16343
16343	16342
16339	16332
16308	16243
16082	15723
15040	13973
12602	11145
9832	8816
8123	7688
7428	7274
7203	7218
7331	7531
7762	7965
8093	8135
8106	8023
7907	7763
7597	7411
7212	7002
6797	6601
6426	6261
6098	5932
5769	5627
5512	5420
5332	5236
5128	5012
4888	4763
4644	4539
4460	4431
4486	4659
4963	5395
5951	6661
7601	8856
10413	12117
13688	14869
15552	15827
15871	15840
15806	15775
15739	15702
15675	15659
15652	15650
15650	15650
15650	15650
15650	15650
15652	15658
15668	15684
15703	15717
15721	15719
15709	15696
15685	15674
15663	15649
15636	15623
15617	15612
15614	15616
15615	15606
15594	15581
15564	15546
15522	15495
15466	15439
15417	15402
15391	15386
15383	15379
15375	15372
15371	15370
15371	15371
15371	15371
15371	15371
15371	15371
15369	15362
15352	15335
15318	15300
15290	15284
15283	15282
15282	15282
15282	15282
15282	15283
15285	15292
15304	15325
15346	15362
15370	15370
15363	15353
15342	15330
15319	15309
15298	15289
15279	15272
15268	15271
15277	15286
15292	15296
15296	15297
15297	15297
15297	15297
15297	15298
15298	15305
15313	15327
15345	15363
15381	15402
15428	15454
15487	15518
15555	15591
15628	15658
15680	15691
15689	15669
15639	15611
15589	15579
15575	15575
15574	15574
15574	15574
15574	15573
15572	15565
15548	15520
15480	15430
15371	15306
15243	15188
15147	15129
15132	15156
15196	15244
15300	15365
15432	15505
15577	15640
15690	15730
15759	15778
15789	15791
15786	15772
15751	15728
15706	15687
15680	15684
15697	15714
15730	15749
15765	15778
15787	15795
15804	15817
15830	15840
15842	15826
15772	15640
15362	14851
14067	13133
12378	12156
12597	13495
14453	15113
15241	14706
13443	11546
9374	7412
5953	4998
4387	3988
3747	3636
3634	3716
3858	4028
4198	4349
4482	4608
4755	4925
5115	5302
5475	5631
5781	5921
6057	6187
6316	6448
6585	6725
6864	6994
7110	7207
7275	7305
7295	7253
7184	7105
7022	6950
6900	6886
6913	6979
7081	7221
7411	7684
8097	8738
9689	10946
12356	13675
14716	15426
15850	16077
16177	16211
16219	16228
16247	16272
16295	16310
16319	16319
16320	16318
16319	16319
16323	16329
16332	16334
16334	16333
16333	16334
16338	16340
16341	16342
16343	16343
16343	16343
16343	16343
16343	16343
16343	16343
16343	16343
16343	16343
16343	16343
16343	16343
16343	16343
16343	16343
16343	16343
16342	16340
16326	16283
16141	16153
16343	16343
16343	16343
16343	16343
16343	16343
16343	16343
16343	16343
16343	16343
16343	16343
16343	16343
16343	16343
16343	16343
16343	16343
16343	16343
16343	16343
16343	16343
16343	16343
16343	16343
16343	16343
16343	16343
16343	16343
16343	16343
16343	16343
16343	16343
16343	16343
16343	16343
16343	16343
16343	16343
16343	16343
16343	16342
16339	16334
16312	16257
16112	15780
15131	14096
12741	11265
9914	8852
8126	7681
7429	7292
7235	7256
7365	7553
7767	7952
8064	8100
8070	7997
7894	7766
7612	7438
7244	7039
6832	6630
6447	6277
6111	5952
5798	5666
5561	5472
5382	5286
5178	5062
4943	4823
4706	4603
4522	4487
4518	4650
4899	5273
5781	6458
7372	8593
10133	11864
13508	14774
15526	15837
15890	15852
15798	15753
15715	15684
15662	15653
15647	15647
15647	15647
15647	15647
15647	15647
15649	15656
15667	15686
15706	15725
15731	15730
15721	15710
15696	15686
15672	15658
15645	15631
15625	15622
15622	15620
15617	15608
15596	15581
15564	15546
15522	15495
15466	15439
15417	15402
15391	15388
15388	15388
15391	15394
15395	15396
15396	15397
15397	15397
15397	15397
15396	15396
15393	15387
15375	15357
15336	15317
15305	15297
15295	15294
15294	15294
15294	15294
15294	15295
15298	15307
15324	15348
15373	15390
15399	15397
15392	15384
15374	15360
15347	15338
15330	15322
15312	15301
15293	15292
15294	15299
15301	15303
15303	15303
15303	15303
15303	15303
15303	15303
15306	15309
15315	15324
15337	15352
15367	15386
15409	15437
15468	15501
15534	15570
15602	15634
15657	15674
15673	15659
15632	15606
15588	15579
15575	15575
15574	15574
15574	15574
15574	15573
15572	15567
15556	15533
15499	15454
15399	15332
15266	15206
15160	15133
15126	15142
15175	15220
15274	15334
15395	15461
15532	15596
15655	15704
15750	15786
15808	15821
15820	15808
15785	15755
15724	15697
15683	15683
15695	15713
15730	15748
15765	15778
15787	15795
15804	15817
15830	15841
15843	15830
15781	15663
15400	14906
14134	13207
12441	12199
12615	13499
14469	15159
15337	14862
13657	11804
9656	7686
6190	5169
4476	4008
3717	3582
3569	3644
3781	3953
4133	4305
4462	4616
4778	4952
5135	5311
5482	5645
5803	5946
6076	6193
6311	6432
6565	6706
6855	6994
7120	7219
7287	7317
7308	7265
7197	7110
7014	6926
6864	6843
6873	6954
7077	7239
7442	7729
8171	8867
9891	11217
12652	13950
14926	15559
15927	16118
16204	16230
16233	16237
16252	16272
16293	16310
16317	16319
16318	16317
16317	16318
16323	16328
16332	16334
16334	16333
16333	16334
16338	16340
16341	16342
16343	16343
16343	16343
16343	16343
16343	16343
16343	16343
16343	16343
16343	16343
16343	16343
16343	16343
16343	16343
16343	16343
16343	16343
16341	16330
16284	16147
15684	15723
16343	16343
16343	16343
16343	16343
16343	16343
16343	16343
16343	16343
16343	16343
16343	16343
16343	16343
16343	16343
16343	16343
16343	16343
16343	16343
16343	16343
16343	16343
16343	16343
16343	16343
16343	16343
16343	16343
16343	16343
16343	16343
16343	16343
16343	16343
16343	16343
16343	16343
16343	16343
16343	16343
16343	16343
16343	16342
16340	16335
16316	16265
16132	15813
15187	14172
12826	11344
9967	8876
8125	7677
7433	7310
7266	7293
7402	7579
7780	7947
8046	8072
8047	7980
7885	7767
7624	7457
7272	7068
6858	6652
6464	6288
6125	5968
5822	5696
5596	5509
5419	5322
5212	5098
4981	4866
4753	4653
4571	4527
4541	4643
4848	5176
5653	6313
7215	8425
9957	11707
13396	14717
15512	15846
15907	15859
15793	15738
15698	15673
15656	15648
15646	15646
15646	15646
15646	15646
15646	15646
15647	15654
15669	15688
15710	15729
15740	15741
15732	15721
15710	15697
15681	15667
15651	15640
15632	15629
15627	15625
15620	15609
15596	15582
15565	15546
15522	15495
15466	15439
15417	15402
15393	15390
15394	15397
15404	15409
15413	15416
15416	15416
15416	15416
15416	15416
15416	15416
15411	15407
15393	15374
15350	15330
15317	15310
15307	15306
15306	15306
15306	15306
15306	15307
15310	15320
15336	15365
15391	15413
15421	15422
15414	15406
15397	15386
15372	15363
15351	15344
15335	15324
15314	15308
15306	15308
15309	15312
15312	15312
15312	15312
15312	15312
15312	15312
15312	15314
15318	15324
15331	15342
15356	15370
15396	15424
15455	15487
15520	15553
15586	15617
15643	15659
15663	15650
15626	15603
15587	15578
15575	15575
15574	15574
15574	15574
15574	15573
15573	15570
15560	15544
15516	15475
15419	15355
15284	15221
15169	15136
15123	15133
15163	15203
15252	15307
15366	15428
15496	15561
15625	15686
15742	15790
15824	15844
15846	15834
15809	15776
15738	15704
15684	15682
15692	15711
15728	15748
15765	15778
15787	15795
15804	15817
15830	15842
15844	15832
15791	15683
15435	14953
14191	13266
12491	12228
12623	13498
14475	15182
15387	14941
13767	11946
9824	7863
6355	5291
4547	4022
3698	3545
3525	3598
3730	3903
4091	4275
4453	4628
4801	4978
5152	5321
5491	5660
5824	5969
6094	6204
6307	6422
6550	6693
6846	6995
7125	7228
7295	7323
7316	7275
7206	7113
7009	6907
6836	6810
6844	6935
7076	7252
7469	7766
8228	8959
10036	11408
12865	14143
15078	15658
15983	16146
16222	16243
16245	16244
16256	16274
16294	16307
16315	16316
16316	16316
16316	16317
16321	16327
16332	16334
16334	16333
16333	16334
16338	16340
16341	16342
16343	16343
16343	16343
16343	16343
16343	16343
16343	16343
16343	16343
16343	16343
16343	16343
16343	16343
16343	16343
16343	16343
16343	16343
16340	16319
16228	15667
15050	9613
