16321	16321
16321	16321
16321	16321
16321	16321
16321	16321
16321	16321
16321	16321
16321	16321
16321	16321
16321	16321
16321	16321
16321	16321
16321	16321
16321	16321
16321	16321
16321	16321
16321	16321
16321	16321
16321	16321
16321	16321
16321	16321
16321	16321
16321	16321
16321	16321
16321	16321
16321	16321
16321	16321
16321	16321
16321	16321
16321	16321
16321	16321
16321	16321
16321	16321
16321	16321
16321	16321
16321	16321
16321	16321
16321	16321
16321	16321
16321	16321
16321	16321
16321	16321
16321	16321
16321	16321
16321	16320
16317	16312
16299	16274
16239	16190
16129	16064
15978	15846
15630	15282
14762	14062
13217	12320
11484	10832
10435	10308
10396	10612
10865	11091
11257	11348
11377	11363
11326	11294
11275	11273
11281	11296
11313	11327
11334	11325
11282	11200
11061	10860
10592	10290
9998	9794
9739	9881
10209	10680
11195	11656
11968	12051
11882	11478
10902	10246
9613	9093
8759	8648
8763	9054
9429	9772
9980	9980
9777	9448
9128	8965
9088	9547
10315	11286
12332	13319
14152	14787
15230	15513
15702	15837
15954	16060
16151	16222
16269	16297
16312	16317
16320	16321
16321	16321
16321	16321
16321	16321
16321	16321
16321	16321
16321	16321
16321	16321
16321	16321
16321	16321
16321	16321
16321	16321
16321	16321
16321	16321
16321	16321
16321	16321
16321	16321
16321	16321
16321	16321
16321	16321
16321	16321
16321	16321
16321	16321
16321	16321
16321	16321
16321	16321
16321	16321
16321	16321
16321	16321
16321	16321
16321	16321
16321	16321
16321	16321
16321	16321
16321	16321
16321	16321
16321	16321
16321	16321
16321	16321
16321	16321
16321	16321
16321	16320
16317	16310
16295	16266
16221	16162
16086	16001
15899	15754
15536	15191
14677	13970
13076	12065
11048	10167
9556	9289
9359	9676
10111	10517
10783	10843
10681	10330
9866	9397
9033	8877
8988	9364
9952	10661
11374	11992
12414	12596
12511	12200
11741	11246
10818	10543
10447	10527
10740	11029
11339	11624
11857	12033
12155	12236
12286	12312
12318	12300
12271	12239
12215	12206
12214	12228
12231	12199
12108	11956
11751	11545
11408	11411
11619	12049
12666	13391
14117	14757
15255	15602
15823	15962
16057	16130
16191	16241
16277	16300
16312	16318
16320	16321
16321	16321
16321	16321
16321	16321
16321	16321
16321	16321
16321	16321
16321	16321
16321	16321
16321	16321
16321	16321
16321	16321
16321	16321
16321	16321
16321	16321
16321	16321
16321	16321
16321	16321
16321	16321
16321	16321
16321	16321
16321	16321
16321	16321
16321	16321
16321	16321
16321	16321
16321	16321
16321	16321
16321	16321
16321	16321
16321	16321
16321	16321
16321	16321
16321	16321
16321	16321
16321	16321
16321	16321
16321	16321
16321	16321
16321	16321
16321	16321
16321	16321
16321	16321
16321	16321
16321	16321
16321	16321
16321	16321
16321	16321
16321	16321
16321	16321
16321	16321
16321	16321
16321	16321
16321	16321
16321	16321
16321	16321
16321	16321
16321	16321
16321	16321
16321	16321
16321	16321
16321	16321
16321	16321
16321	16321
16321	16321
16321	16321
16321	16321
16321	16321
16321	16321
16321	16321
16321	16321
16321	16321
16321	16321
16321	16321
16321	16321
16321	16321
16321	16321
16321	16321
16321	16321
16321	16321
16321	16321
16321	16321
16321	16321
16321	16321
16321	16321
16321	16321
16321	16321
16321	16321
16321	16321
16321	16321
16321	16320
16317	16312
16297	16270
16233	16176
16105	16016
15891	15705
15410	14970
14363	13606
12754	11904
11167	10640
10368	10331
10471	10696
10933	11130
11266	11339
11362	11350
11325	11301
11287	11284
11289	11293
11297	11296
11285	11251
11182	11068
10902	10683
10423	10160
9949	9853
9913	10145
10514	10954
11373	11683
11816	11728
11435	10976
10428	9872
9387	9038
8867	8895
9098	9432
9814	10147
10337	10334
10132	9795
9428	9175
9153	9438
10023	10849
11802	12767
13639	14356
14894	15279
15549	15746
15903	16033
16138	16215
16266	16297
16312	16317
16320	16321
16321	16321
16321	16321
16321	16321
16321	16321
16321	16321
16321	16321
16321	16321
16321	16321
16321	16321
16321	16321
16321	16321
16321	16321
16321	16321
16321	16321
16321	16321
16321	16321
16321	16321
16321	16321
16321	16321
16321	16321
16321	16321
16321	16321
16321	16321
16321	16321
16321	16321
16321	16321
16321	16321
16321	16321
16321	16321
16321	16321
16321	16321
16321	16321
16321	16321
16321	16321
16321	16321
16321	16321
16321	16321
16321	16321
16321	16321
16321	16321
16321	16320
16317	16311
16295	16266
16222	16158
16075	15968
15826	15619
15314	14868
14254	13468
12547	11574
10664	9943
9510	9403
9587	9964
10409	10805
11060	11122
10984	10674
10242	9778
9378	9130
9097	9300
9712	10276
10904	11511
12008	12321
12413	12281
11968	11558
11143	10809
10606	10557
10647	10845
11110	11392
11658	11880
12047	12164
12242	12282
12291	12275
12249	12216
12197	12194
12205	12226
12240	12222
12156	12034
11860	11669
11509	11448
11552	11859
12365	13018
13724	14393
14958	15383
15679	15878
16010	16106
16179	16236
16274	16299
16312	16317
16320	16321
16321	16321
16321	16321
16321	16321
16321	16321
16321	16321
16321	16321
16321	16321
16321	16321
16321	16321
16321	16321
16321	16321
16321	16321
16321	16321
16321	16321
16321	16321
16321	16321
16321	16321
16321	16321
16321	16321
16321	16321
16321	16321
16321	16321
16321	16321
16321	16321
16321	16321
16321	16321
16321	16321
16321	16321
16321	16321
16321	16321
16321	16321
16321	16321
16321	16321
16321	16321
16321	16321
16321	16321
16321	16321
16321	16321
16321	16321
16321	16321
16321	16321
16321	16321
16321	16321
16321	16321
16321	16321
16321	16321
16321	16321
16321	16321
16321	16321
16321	16321
16321	16321
16321	16321
16321	16321
16321	16321
16321	16321
16321	16321
16321	16321
16321	16321
16321	16321
16321	16321
16321	16321
16321	16321
16321	16321
16321	16321
16321	16321
16321	16321
16321	16321
16321	16321
16321	16321
16321	16321
16321	16321
16321	16321
16321	16321
16321	16321
16321	16321
16321	16321
16321	16321
16321	16321
16321	16321
16321	16321
16321	16321
16321	16321
16321	16321
16321	16321
16321	16321
16321	16321
16321	16321
16321	16321
16321	16321
16321	16320
16317	16311
16295	16267
16223	16155
16062	15936
15746	15466
15051	14482
13764	12950
12118	11368
10790	10439
10320	10392
10579	10806
11013	11170
11270	11327
11343	11338
11324	11313
11303	11299
11297	11289
11279	11250
11201	11126
11009	10852
10653	10426
10205	10028
9949	10005
10208	10526
10901	11254
11505	11598
11497	11219
10809	10332
9866	9472
9199	9068
9097	9270
9563	9927
10298	10600
10771	10763
10575	10241
9847	9500
9315	9377
9718	10321
11115	12006
12893	13696
14363	14887
15283	15581
15808	15984
16114	16205
16262	16295
16312	16317
16320	16321
16321	16321
16321	16321
16321	16321
16321	16321
16321	16321
16321	16321
16321	16321
16321	16321
16321	16321
16321	16321
16321	16321
16321	16321
16321	16321
16321	16321
16321	16321
16321	16321
16321	16321
16321	16321
16321	16321
16321	16321
16321	16321
16321	16321
16321	16321
16321	16321
16321	16321
16321	16321
16321	16321
16321	16321
16321	16321
16321	16321
16321	16321
16321	16321
16321	16321
16321	16321
16321	16321
16321	16321
16321	16321
16321	16321
16321	16321
16321	16321
16321	16320
16317	16310
16295	16265
16214	16140
16035	15886
15674	15367
14932	14344
13603	12743
11826	10951
10219	9728
9529	9616
9922	10355
10796	11160
11389	11458
11357	11101
10729	10293
9869	9534
9346	9338
9519	9868
10344	10888
11425	11873
12170	12271
12176	11921
11573	11205
10890	10676
10595	10650
10823	11078
11363	11634
11866	12037
12154	12224
12249	12248
12226	12199
12184	12180
12194	12219
12241	12246
12215	12134
12002	11835
11658	11524
11501	11646
11993	12519
13167	13847
14481	15009
15416	15707
15913	16055
16154	16224
16270	16297
16312	16317
16320	16321
16321	16321
16321	16321
16321	16321
16321	16321
16321	16321
16321	16321
16321	16321
16321	16321
16321	16321
16321	16321
16321	16321
16321	16321
16321	16321
16321	16321
16321	16321
16321	16321
16321	16321
16321	16321
16321	16321
16321	16321
16321	16321
16321	16321
16321	16321
16321	16321
16321	16321
16321	16321
16321	16321
16321	16321
16321	16321
16321	16321
16321	16321
16321	16321
16321	16321
16321	16321
16321	16321
16321	16321
16321	16321
16321	16321
16321	16321
16321	16321
16321	16321
16321	16321
16321	16321
16321	16321
16321	16321
16321	16321
16321	16321
16321	16321
16321	16321
16321	16321
16321	16321
16321	16321
16321	16321
16321	16321
16321	16321
16321	16321
16321	16321
16321	16321
16321	16321
16321	16321
16321	16321
16321	16321
16321	16321
16321	16321
16321	16321
16321	16321
16321	16321
16321	16321
16321	16321
16321	16321
16321	16321
16321	16321
16321	16321
16321	16321
16321	16321
16321	16321
16321	16321
16321	16321
16321	16321
16321	16321
16321	16321
16321	16321
16321	16321
16321	16321
16321	16321
16321	16321
16321	16321
16321	16321
16321	16321
16321	16320
16317	16310
16295	16264
16210	16128
16003	15815
15533	15120
14551	13835
13021	12188
11435	10842
10465	10312
10344	10503
10718	10925
11090	11202
11269	11305
11319	11325
11326	11323
11320	11314
11301	11281
11240	11176
11076	10937
10757	10551
10334	10136
9999	9964
10060	10284
10602	10953
11257	11445
11469	11313
10995	10570
10111	9696
9383	9207
9170	9263
9464	9750
10091	10449
10776	11029
11168	11164
11005	10707
10317	9916
9599	9449
9524	9854
10414	11155
11996	12849
13638	14321
14879	15317
15649	15895
16068	16185
16252	16291
16309	16317
16320	16321
16321	16321
16321	16321
16321	16321
16321	16321
16321	16321
16321	16321
16321	16321
16321	16321
16321	16321
16321	16321
16321	16321
16321	16321
16321	16321
16321	16321
16321	16321
16321	16321
16321	16321
16321	16321
16321	16321
16321	16321
16321	16321
16321	16321
16321	16321
16321	16321
16321	16321
16321	16321
16321	16321
16321	16321
16321	16321
16321	16321
16321	16321
16321	16321
16321	16321
16321	16321
16321	16321
16321	16321
16321	16321
16321	16321
16321	16321
16321	16321
16321	16320
16317	16310
16290	16256
16195	16097
15949	15728
15408	14958
14359	13616
12766	11874
11033	10329
9846	9627
9673	9939
10343	10786
11195	11510
11705	11770
11708	11519
11224	10849
10451	10071
9761	9562
9502	9604
9867	10266
10757	11271
11730	12065
12223	12193
11993	11671
11293	10937
10669	10540
10571	10742
11008	11315
11604	11844
12022	12136
12201	12224
12222	12206
12187	12182
12189	12213
12242	12265
12266	12233
12148	12012
11831	11641
11496	11478
11635	11989
12520	13162
13835	14466
15002	15425
15735	15956
16104	16201
16259	16293
16310	16317
16320	16321
16321	16321
16321	16321
16321	16321
16321	16321
16321	16321
16321	16321
16321	16321
16321	16321
16321	16321
16321	16321
16321	16321
16321	16321
16321	16321
16321	16321
16321	16321
16321	16321
16321	16321
16321	16321
16321	16321
16321	16321
16321	16321
16321	16321
16321	16321
16321	16321
16321	16321
16321	16321
16321	16321
16321	16321
16321	16321
16321	16321
16321	16321
16321	16321
16321	16321
16321	16321
16321	16321
16321	16321
16321	16321
16321	16321
16321	16321
16321	16321
16321	16321
16321	16321
16321	16321
16321	16321
16321	16321
16321	16321
16321	16321
16321	16321
16321	16321
16321	16321
16321	16321
16321	16321
16321	16321
16321	16321
16321	16321
16321	16321
16321	16321
16321	16321
16321	16321
16321	16321
16321	16321
16321	16321
16321	16321
16321	16321
16321	16321
16321	16321
16321	16321
16321	16321
16321	16321
16321	16321
16321	16321
16321	16321
16321	16321
16321	16321
16321	16321
16321	16321
16321	16321
16321	16321
16321	16321
16321	16321
16321	16321
16321	16321
16321	16321
16321	16321
16321	16321
16321	16321
16321	16321
16321	16321
16321	16321
16321	16320
16317	16310
16291	16256
16194	16088
15917	15645
15240	14671
13938	13095
12227	11441
10829	10440
10279	10309
10458	10665
10870	11036
11152	11222
11261	11285
11303	11316
11325	11329
11326	11314
11293	11250
11177	11061
10896	10683
10441	10201
10003	9889
9894	10036
10305	10657
11018	11304
11447	11407
11186	10814
10359	9894
9501	9239
9134	9185
9362	9622
9930	10259
10590	10897
11157	11347
11453	11457
11340	11105
10767	10374
9989	9683
9525	9574
9856	10371
11076	11901
12764	13586
14318	14924
15398	15748
15986	16140
16232	16282
16306	16316
16320	16321
16321	16321
16321	16321
16321	16321
16321	16321
16321	16321
16321	16321
16321	16321
16321	16321
16321	16321
16321	16321
16321	16321
16321	16321
16321	16321
16321	16321
16321	16321
16321	16321
16321	16321
16321	16321
16321	16321
16321	16321
16321	16321
16321	16321
16321	16321
16321	16321
16321	16321
16321	16321
16321	16321
16321	16321
16321	16321
16321	16321
16321	16321
16321	16321
16321	16321
16321	16321
16321	16321
16321	16321
16321	16321
16321	16321
16321	16321
16321	16321
16321	16320
16316	16305
16279	16232
16146	16003
15781	15450
14984	14366
13601	12733
11835	11001
10321	9864
9660	9708
9960	10347
10783	11201
11541	11792
11942	12005
11974	11852
11641	11356
11023	10662
10304	9983
9736	9603
9623	9810
10151	10611
11127	11620
12012	12236
12258	12079
11746	11328
10917	10601
10447	10479
10668	10958
11279	11577
11823	12005
12128	12197
12225	12227
12213	12198
12196	12209
12243	12282
12308	12313
12271	12167
11999	11780
11560	11402
11377	11536
11893	12428
13080	13772
14433	15001
15456	15787
16012	16156
16241	16285
16308	16316
16320	16321
16321	16321
16321	16321
16321	16321
16321	16321
16321	16321
16321	16321
16321	16321
16321	16321
16321	16321
16321	16321
16321	16321
16321	16321
16321	16321
16321	16321
16321	16321
16321	16321
16321	16321
16321	16321
16321	16321
16321	16321
16321	16321
16321	16321
16321	16321
16321	16321
16321	16321
16321	16321
16321	16321
16321	16321
16321	16321
16321	16321
16321	16321
16321	16321
16321	16321
16321	16321
16321	16321
16321	16321
16321	16321
16321	16321
16321	16321
16321	16321
16321	16321
16321	16321
16321	16321
16321	16321
16321	16321
16321	16321
16321	16321
16321	16321
16321	16321
16321	16321
16321	16321
16321	16321
16321	16321
16321	16321
16321	16321
16321	16321
16321	16321
16321	16321
16321	16321
16321	16321
16321	16321
16321	16321
16321	16321
16321	16321
16321	16321
16321	16321
16321	16321
16321	16321
16321	16321
16321	16321
16321	16321
16321	16321
16321	16321
16321	16321
16321	16321
16321	16321
16321	16321
16321	16321
16321	16321
16321	16321
16321	16321
16321	16321
16321	16321
16321	16321
16320	16319
16319	16318
16318	16318
16319	16319
16321	16321
16320	16319
16315	16306
16286	16244
16165	16023
15788	15418
14872	14143
13272	12350
11496	10825
10401	10228
10262	10424
10639	10850
11019	11135
11200	11236
11256	11272
11289	11305
11314	11316
11308	11290
11248	11177
11059	10880
10643	10367
10089	9862
9742	9765
9944	10260
10653	11036
11326	11445
11364	11088
10672	10188
9720	9343
9116	9061
9171	9412
9734	10078
10414	10725
10998	11231
11414	11544
11615	11627
11560	11399
11146	10810
10432	10052
9731	9537
9539	9775
10260	10956
11805	12710
13593	14376
15017	15502
15844	16061
16192	16261
16297	16312
16318	16319
16321	16321
16321	16321
16321	16321
16321	16320
16320	16319
16319	16318
16318	16319
16319	16318
16318	16319
16319	16319
16318	16318
16318	16318
16317	16317
16317	16318
16319	16319
16320	16321
16321	16321
16321	16321
16321	16321
16321	16321
16321	16321
16321	16321
16321	16321
16321	16321
16321	16321
16321	16321
16321	16321
16321	16321
16321	16321
16321	16321
16321	16321
16321	16321
16321	16321
16321	16321
16321	16321
16321	16321
16321	16321
16321	16321
16320	16320
16319	16318
16318	16316
16310	16294
16258	16183
16053	15835
15501	15025
14388	13599
12702	11776
10928	10251
9812	9638
9707	9971
10358	10790
11201	11547
11813	11993
12106	12159
12150	12080
11945	11751
11508	11217
10886	10531
10176	9876
9679	9622
9739	10030
10467	10999
11531	11977
12247	12297
12116	11757
11299	10851
10521	10373
10419	10626
10927	11253
11562	11816
12013	12145
12223	12249
12245	12227
12217	12221
12252	12297
12345	12369
12354	12278
12131	11920
11669	11427
11257	11226
11383	11748
12306	12995
13739	14447
15059	15531
15866	16080
16205	16270
16301	16314
16318	16319
16320	16320
16321	16320
16321	16321
16321	16321
16321	16321
16321	16321
16321	16321
16321	16321
16321	16321
16321	16321
16321	16321
16321	16321
16321	16321
16321	16321
16321	16321
16321	16321
16321	16321
16321	16321
16321	16321
16321	16321
16321	16321
16321	16321
16321	16321
16321	16321
16321	16321
16321	16321
16321	16321
16321	16321
16321	16321
16321	16321
16321	16321
16321	16321
16321	16321
16321	16321
16321	16321
16321	16321
16321	16321
16321	16321
16321	16321
16321	16321
16321	16321
16321	16321
16321	16321
16321	16321
16321	16321
16321	16321
16321	16321
16321	16321
16321	16321
16321	16321
16321	16321
16321	16321
16321	16321
16321	16321
16321	16321
16321	16321
16321	16321
16321	16321
16321	16321
16321	16321
16321	16321
16321	16321
16321	16321
16321	16321
16321	16321
16321	16321
16321	16321
16321	16321
16321	16321
16321	16321
16321	16321
16321	16321
16321	16321
16321	16321
16321	16321
16321	16321
16321	16321
16321	16321
16321	16321
16321	16321
16321	16321
16321	16321
16321	16321
16320	16319
16318	16316
16315	16314
16314	16315
16315	16316
16316	16316
16316	16316
16311	16300
16272	16216
16107	15915
15596	15110
14426	13569
12612	11686
10919	10414
10189	10208
10378	10614
10842	11021
11144	11209
11237	11247
11255	11263
11274	11285
11291	11282
11260	11219
11150	11038
10863	10623
10332	10026
9765	9616
9632	9825
10163	10586
10994	11290
11403	11301
10989	10541
10039	9576
9228	9040
9029	9179
9457	9811
10185	10537
10840	11091
11293	11448
11564	11639
11686	11701
11674	11586
11420	11175
10852	10471
10070	9714
9477	9438
9650	10135
10861	11760
12728	13661
14476	15127
15601	15919
16112	16220
16274	16302
16312	16316
16317	16317
16317	16317
16317	16316
16316	16316
16316	16316
16316	16316
16316	16316
16316	16316
16316	16316
16316	16316
16316	16316
16315	16315
16314	16314
16314	16315
16315	16316
16316	16316
16317	16317
16317	16317
16317	16317
16317	16317
16317	16317
16318	16318
16319	16319
16321	16321
16321	16321
16321	16321
16321	16321
16319	16319
16318	16318
16317	16317
16317	16317
16317	16317
16318	16318
16319	16319
16321	16320
16319	16319
16318	16317
16316	16316
16316	16316
16316	16316
16315	16310
16296	16268
16207	16086
15882	15553
15076	14429
13622	12700
11746	10870
10172	9736
9579	9672
9959	10358
10796	11210
11556	11823
12008	12130
12208	12245
12248	12213
12135	12020
11867	11667
11408	11087
10718	10336
9988	9727
9603	9657
9908	10340
10884	11446
11924	12220
12278	12092
11715	11242
10793	10473
10341	10401
10610	10910
11242	11559
11829	12037
12172	12243
12261	12255
12242	12249
12276	12323
12370	12401
12395	12339
12218	12033
11796	11527
11275	11094
11058	11224
11622	12235
12992	13802
14557	15187
15651	15963
16144	16242
16288	16307
16313	16316
16316	16316
16316	16316
16316	16316
16316	16317
16319	16319
16320	16321
16321	16321
16321	16321
16321	16321
16321	16321
16321	16321
16321	16321
16321	16321
16321	16321
16321	16321
16321	16321
16321	16321
16321	16321
16321	16321
16321	16321
16321	16321
16321	16321
16321	16321
16321	16321
16321	16321
16321	16321
16321	16321
16321	16321
16321	16321
16321	16321
16321	16321
16321	16321
16321	16321
16321	16321
16321	16321
16321	16321
16321	16321
16321	16321
16321	16321
16321	16321
16321	16321
16321	16321
16321	16321
16321	16321
16321	16321
16321	16321
16321	16321
16321	16321
16321	16321
16321	16321
16321	16321
16321	16321
16321	16321
16321	16321
16321	16321
16321	16321
16321	16321
16321	16321
16321	16321
16321	16321
16321	16321
16321	16321
16321	16321
16321	16321
16321	16321
16321	16321
16321	16321
16321	16321
16321	16321
16321	16321
16321	16321
16321	16321
16321	16321
16321	16321
16321	16321
16321	16321
16321	16321
16321	16321
16321	16321
16321	16321
16321	16321
16321	16321
16321	16320
16319	16318
16315	16311
16308	16306
16305	16307
16310	16310
16312	16313
16311	16307
16300	16279
16236	16153
15997	15730
15312	14706
13910	12975
12011	11160
10544	10222
10178	10328
10570	10820
11019	11154
11224	11255
11256	11252
11249	11252
11255	11254
11243	11217
11170	11096
10984	10816
10588	10301
9991	9714
9542	9535
9715	10060
10492	10910
11212	11318
11195	10868
10403	9899
9448	9137
8997	9036
9224	9524
9888	10265
10618	10920
11158	11339
11475	11574
11639	11680
11706	11722
11718	11683
11594	11437
11194	10869
10469	10041
9649	9379
9319	9535
10050	10829
11788	12806
13768	14589
15224	15673
15964	16133
16227	16275
16298	16307
16313	16314
16314	16314
16314	16313
16313	16312
16312	16311
16310	16310
16309	16309
16310	16310
16311	16313
16313	16312
16310	16310
16309	16306
16306	16306
16306	16307
16309	16310
16310	16312
16313	16314
16314	16314
16314	16314
16314	16315
16315	16316
16316	16316
16316	16317
16317	16319
16319	16321
16320	16319
16319	16317
16316	16315
16315	16314
16314	16313
16313	16313
16313	16313
16315	16315
16316	16316
16316	16316
16316	16315
16315	16314
16313	16312
16311	16310
16310	16307
16302	16293
16265	16210
16104	15911
15599	15129
14481	13669
12730	11751
10847	10126
9679	9525
9636	9944
10357	10800
11217	11565
11833	12020
12140	12216
12260	12288
12294	12277
12235	12178
12095	11982
11808	11561
11241	10861
10455	10067
9750	9570
9581	9808
10227	10775
11346	11836
12140	12205
12022	11651
11191	10763
10463	10342
10400	10605
10902	11240
11568	11845
12052	12181
12244	12262
12267	12278
12306	12348
12390	12413
12403	12353
12258	12111
11914	11664
11388	11123
10941	10918
11126	11592
12289	13127
13990	14758
15366	15788
16048	16193
16262	16293
16305	16310
16311	16313
16313	16313
16312	16312
16312	16314
16316	16318
16319	16320
16321	16321
16321	16321
16321	16321
16321	16321
16321	16321
16321	16321
16321	16321
16321	16321
16321	16321
16321	16321
16321	16321
16321	16321
16321	16321
16321	16321
16321	16321
16321	16321
16321	16321
16321	16321
16321	16321
16321	16321
16321	16321
16321	16321
16321	16321
16321	16321
16321	16321
16321	16321
16321	16321
16321	16321
16321	16321
16321	16321
16321	16321
16321	16321
16321	16321
16321	16321
16321	16321
16321	16321
16321	16321
16321	16321
16321	16321
16321	16321
16321	16321
16321	16321
16321	16321
16321	16321
16321	16321
16321	16321
16321	16321
16321	16321
16321	16321
16321	16321
16321	16321
16321	16321
16321	16321
16321	16321
16321	16321
16321	16321
16321	16321
16321	16321
16321	16321
16321	16321
16321	16321
16321	16321
16321	16321
16321	16321
16321	16321
16321	16321
16321	16321
16321	16321
16321	16321
16321	16321
16321	16321
16321	16321
16321	16321
16321	16321
16321	16321
16321	16321
16320	16319
16317	16312
16305	16299
16291	16287
16286	16288
16293	16297
16297	16299
16295	16287
16270	16234
16162	16032
15801	15438
14901	14182
13316	12377
11494	10790
10358	10215
10299	10519
10775	10995
11149	11233
11264	11265
11255	11244
11237	11230
11225	11209
11176	11119
11035	10916
10749	10528
10255	9959
9689	9512
9490	9646
9973	10398
10812	11105
11201	11064
10723	10251
9754	9325
9051	8963
9059	9295
9623	9987
10350	10682
10966	11189
11359	11483
11571	11633
11673	11693
11703	11713
11721	11715
11681	11595
11437	11191
10851	10432
9977	9561
9276	9218
9464	10028
10862	11868
12911	13876
14680	15285
15705	15973
16133	16219
16266	16288
16299	16303
16307	16307
16306	16303
16302	16301
16299	16298
16297	16296
16296	16296
16296	16297
16298	16299
16299	16299
16296	16294
16291	16289
16286	16286
16286	16289
16291	16295
16298	16301
16302	16306
16306	16308
16308	16308
16308	16308
16308	16309
16310	16311
16312	16314
16315	16316
16316	16316
16316	16316
16315	16313
16310	16310
16308	16306
16305	16305
16305	16304
16304	16306
16307	16310
16310	16312
16313	16312
16311	16309
16306	16301
16300	16298
16297	16294
16292	16287
16276	16250
16197	16098
15919	15623
15172	14539
13727	12783
11792	10863
10118	9648
9490	9614
9940	10370
10820	11232
11573	11841
12030	12150
12223	12261
12286	12301
12305	12298
12281	12257
12226	12172
12072	11906
11662	11346
10963	10538
10121	9768
9554	9536
9734	10130
10659	11220
11706	12017
12095	11938
11601	11177
10775	10487
10359	10406
10604	10899
11242	11570
11844	12045
12167	12234
12271	12300
12333	12368
12398	12411
12393	12344
12271	12157
12011	11808
11556	11272
11009	10843
10866	11152
11717	12503
13401	14271
15001	15543
15897	16103
16212	16262
16285	16294
16298	16299
16300	16300
16299	16300
16301	16304
16308	16313
16315	16319
16319	16321
16321	16321
16321	16321
16321	16321
16321	16321
16321	16321
16321	16321
16321	16321
16321	16321
16321	16321
16321	16321
16321	16321
16321	16321
16321	16321
16321	16321
16321	16321
16321	16321
16321	16321
16321	16321
16321	16321
16321	16321
16321	16321
16321	16321
16321	16321
16321	16321
16321	16321
16321	16321
16321	16321
16321	16321
16321	16321
16321	16321
16321	16321
16321	16321
16321	16321
16321	16321
16321	16321
16321	16321
16321	16321
16321	16321
16321	16321
16321	16321
16321	16321
16321	16321
16321	16321
16321	16321
16321	16321
16321	16321
16321	16321
16321	16321
16321	16321
16321	16321
16321	16321
16321	16321
16321	16321
16321	16321
16321	16321
16321	16321
16321	16321
16321	16321
16321	16321
16321	16321
16321	16321
16321	16321
16321	16321
16321	16321
16321	16321
16321	16321
16321	16321
16321	16321
16321	16321
16321	16321
16321	16321
16321	16321
16321	16321
16321	16321
16321	16321
16319	16319
16312	16304
16292	16277
16265	16255
16253	16257
16264	16271
16275	16271
16265	16249
16215	16152
16032	15824
15490	15003
14345	13542
12659	11793
11060	10555
10317	10318
10485	10722
10950	11121
11222	11262
11263	11250
11236	11221
11210	11198
11178	11140
11077	10983
10851	10674
10450	10188
9911	9662
9498	9476
9624	9932
10333	10727
11001	11077
10921	10563
10089	9600
9198	8961
8924	9072
9360	9723
10098	10448
10753	11004
11203	11356
11469	11552
11613	11655
11682	11694
11698	11703
11710	11719
11713	11676
11586	11424
11169	10819
10383	9911
9479	9194
9157	9447
10060	10938
11964	13009
13953	14726
15300	15699
15955	16111
16201	16247
16273	16283
16288	16289
16287	16285
16280	16278
16274	16273
16271	16271
16270	16269
16270	16272
16276	16277
16278	16276
16272	16267
16260	16258
16254	16253
16255	16258
16264	16268
16276	16279
16286	16287
16290	16290
16291	16292
16294	16294
16295	16297
16299	16301
16304	16306
16310	16312
16314	16315
16314	16312
16307	16303
16298	16295
16292	16290
16286	16285
16284	16285
16284	16288
16290	16296
16298	16301
16301	16302
16299	16293
16288	16282
16276	16272
16270	16263
16257	16244
16218	16165
16066	15894
15611	15182
14572	13782
12849	11856
10915	10147
9654	9478
9599	9942
10396	10863
11277	11609
11861	12040
12161	12231
12267	12283
12291	12298
12302	12302
12301	12298
12289	12270
12218	12119
11958	11725
11418	11036
10606	10175
9806	9568
9520	9679
10037	10532
11076	11564
11895	12007
11891	11591
11199	10808
10516	10376
10416	10604
10899	11235
11559	11826
12028	12156
12240	12296
12342	12374
12396	12397
12371	12324
12264	12187
12082	11937
11739	11483
11199	10952
10832	10936
11326	11990
12840	13743
14565	15215
15670	15956
16119	16202
16243	16263
16273	16276
16279	16278
16278	16280
16283	16289
16297	16304
16312	16316
16319	16320
16321	16321
16321	16321
16321	16321
16321	16321
16321	16321
16321	16321
16321	16321
16321	16321
16321	16321
16321	16321
16321	16321
16321	16321
16321	16321
16321	16321
16321	16321
16321	16321
16321	16321
16321	16321
16321	16321
16321	16321
16321	16321
16321	16321
16321	16321
16321	16321
16321	16321
16321	16321
16321	16321
16321	16321
16321	16321
16321	16321
16321	16321
16321	16321
16321	16321
16321	16321
16321	16321
16321	16321
16321	16321
16321	16321
16321	16321
16321	16321
16321	16321
16321	16321
16321	16321
16321	16321
16321	16321
16321	16321
16321	16321
16321	16321
16321	16321
16321	16321
16321	16321
16321	16321
16321	16321
16321	16321
16321	16321
16321	16321
16321	16321
16321	16321
16321	16321
16321	16321
16321	16321
16321	16321
16321	16321
16321	16321
16321	16321
16321	16321
16321	16321
16321	16321
16321	16321
16321	16321
16321	16321
16321	16321
16321	16321
16321	16321
16321	16320
16319	16315
16308	16294
16275	16251
16228	16213
16209	16212
16225	16235
16238	16233
16217	16183
16123	16012
15818	15504
15044	14420
13658	12812
11975	11250
10720	10428
10361	10468
10669	10887
11070	11190
11245	11254
11235	11217
11201	11192
11183	11163
11123	11056
10953	10807
10618	10387
10122	9854
9622	9482
9475	9630
9928	10310
10676	10925
10971	10794
10416	9931
9447	9066
8861	8867
9062	9396
9796	10197
10548	10832
11048	11213
11341	11438
11514	11572
11620	11654
11681	11693
11697	11696
11700	11710
11717	11709
11669	11578
11414	11155
10792	10338
9847	9411
9142	9147
9479	10132
11027	12049
13067	13974
14715	15272
15662	15919
16080	16171
16220	16244
16255	16257
16256	16252
16247	16241
16238	16236
16231	16230
16230	16230
16233	16238
16244	16248
16249	16245
16239	16230
16220	16212
16207	16206
16209	16214
16224	16233
16241	16250
16255	16259
16263	16264
16265	16267
16268	16271
16273	16275
16279	16286
16291	16295
16299	16304
16306	16307
16304	16300
16291	16284
16276	16269
16262	16260
16257	16257
16255	16257
16256	16261
16266	16270
16276	16279
16281	16280
16274	16266
16256	16248
16237	16231
16220	16211
16195	16168
16112	16014
15841	15562
15145	14562
13806	12904
11927	10988
10209	9694
9492	9597
9939	10412
10905	11339
11673	11911
12068	12176
12242	12280
12291	12290
12288	12290
12297	12306
12310	12314
12317	12307
12282	12228
12135	11987
11773	11476
11104	10681
10249	9869
9610	9525
9640	9952
10418	10952
11453	11813
11964	11882
11613	11232
10844	10542
10394	10423
10605	10892
11224	11547
11818	12023
12165	12262
12324	12366
12384	12381
12354	12311
12260	12206
12137	12045
11900	11700
11444	11176
10968	10923
11122	11613
12342	13204
14058	14791
15346	15727
15963	16101
16173	16212
16231	16239
16244	16240
16242	16244
16250	16260
16274	16288
16303	16311
16317	16319
16321	16321
16321	16321
16321	16321
16321	16321
16321	16321
16321	16321
16321	16321
16321	16321
16321	16321
16321	16321
16321	16321
16321	16321
16321	16321
16321	16321
16321	16321
16321	16321
16321	16321
16321	16321
16321	16321
16321	16321
16321	16321
16321	16321
16321	16321
16321	16321
16321	16321
16321	16321
16321	16321
16321	16321
16321	16321
16321	16321
16321	16321
16321	16321
16321	16321
16321	16321
16321	16321
16321	16321
16321	16321
16321	16321
16321	16321
16321	16321
16321	16321
16321	16321
16321	16321
16321	16321
16321	16321
16321	16321
16321	16321
16321	16321
16321	16321
16321	16321
16321	16321
16321	16321
16321	16321
16321	16321
16321	16321
16321	16321
16321	16321
16321	16321
16321	16321
16321	16321
16321	16321
16321	16321
16321	16321
16321	16321
16321	16321
16321	16321
16321	16321
16321	16321
16321	16321
16321	16321
16321	16321
16321	16321
16321	16321
16321	16321
16321	16320
16319	16312
16304	16283
16255	16223
16190	16167
16160	16168
16181	16190
16192	16180
16148	16090
15987	15808
15515	15070
14469	13721
12888	12058
11332	10793
10480	10385
10455	10619
10818	10997
11130	11205
11231	11218
11193	11174
11164	11161
11151	11119
11052	10947
10795	10593
10347	10073
9804	9582
9457	9471
9642	9943
10314	10663
10887	10908
10705	10309
9809	9315
8940	8755
8789	9022
9393	9831
10258	10624
10905	11101
11234	11327
11401	11465
11519	11568
11609	11645
11672	11689
11696	11699
11701	11709
11717	11724
11716	11675
11585	11417
11144	10760
10287	9789
9365	9132
9171	9538
10204	11091
12083	13066
13944	14669
15224	15621
15885	16047
16140	16187
16209	16217
16217	16212
16205	16199
16191	16188
16185	16183
16181	16184
16190	16199
16207	16213
16216	16210
16200	16186
16173	16162
16155	16154
16159	16170
16179	16192
16204	16213
16219	16223
16225	16227
16227	16228
16229	16233
16237	16243
16249	16255
16262	16270
16277	16284
16289	16289
16285	16276
16264	16250
16238	16226
16220	16217
16216	16217
16217	16218
16220	16223
16229	16236
16243	16249
16250	16247
16239	16225
16209	16195
16182	16170
16155	16134
16103	16044
15943	15769
15487	15072
14500	13771
12909	11975
11065	10295
9765	9539
9616	9935
10405	10913
11371	11728
11971	12120
12207	12261
12292	12308
12305	12296
12291	12292
12302	12315
12324	12329
12324	12318
12301	12276
12233	12154
12023	11821
11536	11179
10767	10339
9954	9668
9542	9616
9897	10345
10881	11394
11774	11947
11891	11635
11263	10874
10571	10416
10435	10612
10895	11228
11555	11831
12043	12188
12284	12338
12365	12362
12341	12304
12266	12226
12183	12123
12030	11886
11683	11434
11193	11045
11081	11374
11929	12672
13490	14264
14907	15393
15726	15940
16068	16140
16176	16192
16199	16199
16197	16200
16211	16227
16250	16273
16291	16307
16314	16319
16320	16321
16321	16321
16321	16321
16321	16321
16321	16321
16321	16321
16321	16321
16321	16321
16321	16321
16321	16321
16321	16321
16321	16321
16321	16321
16321	16321
16321	16321
16321	16321
16321	16321
16321	16321
16321	16321
16321	16321
16321	16321
16321	16321
16321	16321
16321	16321
16321	16321
16321	16321
16321	16321
16321	16321
16321	16321
16321	16321
16321	16321
16321	16321
16321	16321
16321	16321
16321	16321
16321	16321
16321	16321
16321	16321
16321	16321
16321	16321
16321	16321
16321	16321
16321	16321
16321	16321
16321	16321
16321	16321
16321	16321
16321	16321
16321	16321
16321	16321
16321	16321
16321	16321
16321	16321
16321	16321
16321	16321
16321	16321
16321	16321
16321	16321
16321	16321
16321	16321
16321	16321
16321	16321
16321	16321
16321	16321
16321	16321
16321	16321
16321	16321
16321	16321
16321	16321
16321	16321
16321	16321
16321	16321
16321	16321
16321	16321
16321	16320
16317	16312
16299	16276
16243	16203
16163	16137
16125	16133
16144	16153
16144	16116
16063	15968
15807	15535
15117	14532
13793	12956
12112	11364
10799	10462
10351	10408
10560	10746
10917	11049
11136	11180
11184	11165
11141	11127
11124	11125
11110	11064
10969	10817
10609	10351
10062	9781
9556	9437
9467	9653
9969	10338
10680	10883
10887	10663
10255	9745
9244	8860
8674	8711
8958	9350
9810	10266
10657	10951
11150	11268
11333	11376
11413	11456
11503	11549
11592	11627
11657	11679
11694	11702
11711	11717
11730	11741
11748	11738
11701	11604
11420	11126
10720	10237
9751	9356
9153	9222
9597	10251
11112	12074
13031	13898
14624	15185
15586	15851
16010	16099
16144	16160
16166	16160
16155	16147
16140	16137
16134	16131
16133	16138
16145	16157
16170	16178
16181	16177
16163	16147
16128	16114
16105	16105
16112	16120
16134	16147
16157	16167
16171	16174
16174	16174
16173	16172
16173	16176
16179	16184
16195	16203
16212	16224
16235	16244
16250	16252
16247	16236
16215	16198
16180	16167
16160	16160
16164	16167
16171	16175
16180	16186
16191	16197
16203	16209
16209	16203
16189	16168
16148	16129
16113	16095
16069	16031
15968	15864
15687	15406
14985	14413
13693	12859
11969	11107
10370	9854
9619	9667
9956	10396
10895	11362
11738	12001
12160	12242
12287	12309
12324	12328
12322	12311
12302	12304
12315	12328
12337	12334
12325	12312
12302	12294
12282	12251
12184	12058
11863	11592
11251	10856
10439	10044
9738	9584
9631	9888
10320	10845
11356	11744
11932	11894
11658	11296
10914	10607
10441	10453
10627	10914
11255	11585
11863	12071
12211	12294
12334	12342
12328	12304
12274	12247
12218	12182
12120	12023
11872	11671
11438	11236
11148	11259
11610	12181
12896	13652
14356	14947
15398	15713
15919	16042
16105	16136
16145	16151
16149	16157
16167	16191
16220	16254
16281	16301
16312	16318
16320	16321
16321	16321
16321	16321
16321	16321
16321	16321
16321	16321
16321	16321
16321	16321
16321	16321
16321	16321
16321	16321
16321	16321
16321	16321
16321	16321
16321	16321
16321	16321
16321	16321
16321	16321
16321	16321
16321	16321
16321	16321
16321	16321
16321	16321
16321	16321
16321	16321
16321	16321
16321	16321
16321	16321
16321	16321
16321	16321
16321	16321
16321	16321
16321	16321
16321	16321
16321	16321
16321	16321
16321	16321
16321	16321
16321	16321
16321	16321
16321	16321
16321	16321
16321	16321
16321	16321
16321	16321
16321	16321
16321	16321
16321	16321
16321	16321
16321	16321
16321	16321
16321	16321
16321	16321
16321	16321
16321	16321
16321	16321
16321	16321
16321	16321
16321	16321
16321	16321
16321	16321
16321	16321
16321	16321
16321	16321
16321	16321
16321	16321
16321	16321
16321	16321
16321	16321
16321	16321
16321	16321
16321	16321
16321	16321
16321	16321
16321	16320
16317	16311
16297	16273
16237	16195
16151	16124
16110	16114
16121	16121
16100	16051
15966	15819
15577	15193
14637	13911
13071	12199
11410	10797
10422	10284
10330	10485
10671	10839
10966	11052
11102	11122
11120	11103
11085	11075
11076	11078
11054	10990
10860	10660
10397	10096
9802	9563
9439	9469
9665	9990
10369	10707
10904	10892
10659	10244
9731	9234
8851	8655
8679	8908
9290	9751
10216	10628
10946	11166
11292	11352
11371	11381
11396	11428
11471	11519
11564	11601
11630	11658
11681	11700
11719	11737
11750	11765
11776	11784
11775	11727
11614	11406
11090	10678
10208	9741
9373	9192
9267	9634
10269	11106
12048	12999
13866	14596
15156	15557
15817	15969
16052	16091
16106	16105
16101	16096
16092	16090
16090	16089
16092	16100
16109	16126
16140	16154
16157	16149
16133	16113
16092	16075
16066	16064
16069	16078
16087	16096
16104	16106
16106	16102
16094	16086
16079	16070
16066	16064
16066	16072
16080	16092
16106	16119
16134	16150
16160	16165
16165	16155
16139	16117
16097	16085
16079	16084
16094	16104
16117	16127
16134	16142
16149	16154
16157	16161
16158	16148
16129	16103
16080	16058
16037	16011
15973	15905
15793	15612
15326	14904
14326	13604
12777	11911
11093	10404
9925	9701
9739	10006
10415	10885
11338	11714
11988	12163
12256	12299
12315	12328
12338	12344
12339	12325
12313	12311
12319	12330
12336	12332
12316	12301
12296	12301
12314	12312
12281	12208
12082	11898
11647	11329
10952	10543
10146	9827
9653	9672
9895	10295
10795	11300
11698	11916
11905	11691
11340	10953
10635	10462
10474	10655
10957	11308
11639	11908
12105	12224
12292	12318
12320	12307
12289	12265
12245	12217
12179	12112
12009	11856
11659	11446
11283	11242
11392	11757
12314	12996
13717	14393
14971	15415
15723	15918
16026	16079
16101	16106
16109	16115
16133	16162
16200	16239
16273	16296
16311	16317
16320	16321
16321	16321
16321	16321
16321	16321
16321	16321
16321	16321
16321	16321
16321	16321
16321	16321
16321	16321
16321	16321
16321	16321
16321	16321
16321	16321
16321	16321
16321	16321
16321	16321
16321	16321
16321	16321
16321	16321
16321	16321
16321	16321
16321	16321
16321	16321
16321	16321
16321	16321
16321	16321
16321	16321
16321	16321
16321	16321
16321	16321
16321	16321
16321	16321
16321	16321
16321	16321
16321	16321
16321	16321
16321	16321
16321	16321
16321	16321
16321	16321
16321	16321
16321	16321
16321	16321
16321	16321
16321	16321
16321	16321
16321	16321
16321	16321
16321	16321
16321	16321
16321	16321
16321	16321
16321	16321
16321	16321
16321	16321
16321	16321
16321	16321
16321	16321
16321	16321
16321	16321
16321	16321
16321	16321
16321	16321
16321	16321
16321	16321
16321	16321
16321	16321
16321	16321
16321	16321
16321	16321
16321	16321
16321	16321
16321	16321
16321	16320
16317	16312
16299	16277
16244	16203
16162	16131
16115	16112
16111	16098
16062	15988
15858	15643
15300	14786
14091	13251
12356	11517
10844	10410
10225	10250
10401	10600
10776	10907
10983	11025
11048	11055
11051	11041
11030	11023
11019	11010
10972	10879
10712	10466
10162	9853
9595	9454
9477	9672
10004	10396
10742	10937
10919	10674
10250	9738
9251	8883
8697	8714
8919	9269
9699	10145
10555	10885
11127	11280
11359	11384
11379	11371
11372	11397
11436	11485
11527	11565
11594	11620
11651	11686
11719	11749
11773	11788
11801	11811
11817	11799
11737	11605
11381	11063
10658	10204
9761	9410
9238	9309
9665	10284
11106	12042
12990	13856
14583	15140
15532	15783
15928	16001
16033	16045
16051	16051
16056	16057
16060	16060
16064	16070
16085	16102
16119	16134
16137	16127
16107	16080
16055	16032
16018	16012
16012	16012
16015	16015
16010	16000
15987	15967
15945	15922
15900	15878
15860	15848
15843	15842
15849	15858
15875	15895
15917	15942
15967	15985
15999	16003
15995	15982
15968	15961
15963	15979
15997	16021
16043	16064
16078	16092
16102	16109
16112	16109
16101	16088
16064	16038
16011	15989
15960	15923
15861	15750
15564	15275
14845	14264
13533	12700
11835	11036
10384	9948
9759	9811
10068	10458
10902	11329
11688	11960
12138	12243
12287	12305
12315	12328
12343	12353
12351	12336
12318	12304
12304	12310
12317	12313
12300	12289
12291	12308
12330	12344
12332	12293
12216	12102
11939	11718
11421	11059
10658	10257
9920	9711
9684	9862
10232	10724
11245	11674
11924	11940
11735	11376
10975	10646
10475	10498
10699	11017
11372	11699
11954	12128
12233	12287
12307	12308
12300	12285
12268	12245
12214	12170
12101	11994
11844	11653
11456	11310
11287	11443
11806	12358
13043	13773
14462	15043
15477	15765
15935	16023
16062	16076
16084	16092
16111	16144
16187	16231
16268	16294
16310	16317
16320	16321
16321	16321
16321	16321
16321	16321
16321	16321
16321	16321
16321	16321
16321	16321
16321	16321
16321	16321
16321	16321
16321	16321
16321	16321
16321	16321
16321	16321
16321	16321
16321	16321
16321	16321
16321	16321
16321	16321
16321	16321
16321	16321
16321	16321
16321	16321
16321	16321
16321	16321
16321	16321
16321	16321
16321	16321
16321	16321
16321	16321
16321	16321
16321	16321
16321	16321
16321	16321
16321	16321
16321	16321
16321	16321
16321	16321
16321	16321
16321	16321
16321	16321
16321	16321
16321	16321
16321	16321
16321	16321
16321	16321
16321	16321
16321	16321
16321	16321
16321	16321
16321	16321
16321	16321
16321	16321
16321	16321
16321	16321
16321	16321
16321	16321
16321	16321
16321	16321
16321	16321
16321	16321
16321	16321
16321	16321
16321	16321
16321	16321
16321	16321
16321	16321
16321	16321
16321	16321
16321	16321
16321	16321
16321	16321
16321	16321
16321	16320
16319	16312
16303	16283
16255	16219
16182	16152
16131	16119
16107	16079
16022	15917
15731	15429
14966	14314
13499	12587
11700	10958
10450	10204
10188	10325
10530	10724
10867	10946
10978	10986
10990	10993
10996	10993
10982	10969
10952	10922
10857	10729
10519	10239
9927	9651
9482	9485
9669	10003
10404	10761
10969	10952
10701	10269
9751	9269
8916	8750
8782	8988
9309	9700
10108	10485
10806	11051
11222	11326
11376	11385
11373	11355
11353	11373
11408	11451
11488	11516
11541	11569
11608	11657
11707	11752
11781	11802
11809	11821
11829	11829
11804	11732
11592	11372
11062	10673
10234	9806
9463	9291
9360	9705
10315	11131
12060	13000
13862	14581
15129	15508
15743	15876
15943	15979
15997	16012
16023	16034
16039	16041
16044	16052
16063	16078
16096	16106
16105	16090
16062	16025
15985	15949
15921	15899
15884	15871
15859	15840
15816	15783
15745	15701
15653	15604
15553	15508
15469	15438
15418	15408
15406	15418
15435	15464
15498	15541
15586	15631
15672	15702
15720	15731
15737	15746
15766	15795
15833	15874
15919	15957
15993	16022
16043	16056
16060	16057
16048	16028
16004	15976
15948	15918
15884	15827
15724	15546
15258	14830
14243	13502
12653	11776
10970	10333
9925	9771
9848	10118
10501	10931
11341	11686
11944	12119
12221	12273
12289	12296
12302	12318
12337	12350
12346	12327
12299	12275
12266	12269
12279	12283
12280	12277
12284	12307
12335	12355
12355	12333
12290	12232
12139	12001
11799	11517
11167	10760
10343	9971
9715	9646
9799	10162
10678	11231
11697	11966
11986	11765
11388	10974
10643	10484
10532	10757
11088	11441
11751	11987
12145	12236
12286	12302
12304	12296
12284	12263
12243	12209
12166	12095
11991	11834
11640	11434
11283	11253
11415	11804
12401	13135
13904	14607
15172	15572
15821	15959
16025	16051
16068	16082
16106	16141
16187	16231
16269	16294
16310	16317
16320	16321
16321	16321
16321	16321
16321	16321
16321	16321
16321	16321
16321	16321
16321	16321
16321	16321
16321	16321
16321	16321
16321	16321
16321	16321
16321	16321
16321	16321
16321	16321
16321	16321
16321	16321
16321	16321
16321	16321
16321	16321
16321	16321
16321	16321
16321	16321
16321	16321
16321	16321
16321	16321
16321	16321
16321	16321
16321	16321
16321	16321
16321	16321
16321	16321
16321	16321
16321	16321
16321	16321
16321	16321
16321	16321
16321	16321
16321	16321
16321	16321
16321	16321
16321	16321
16321	16321
16321	16321
16321	16321
16321	16321
16321	16321
16321	16321
16321	16321
16321	16321
16321	16321
16321	16321
16321	16321
16321	16321
16321	16321
16321	16321
16321	16321
16321	16321
16321	16321
16321	16321
16321	16321
16321	16321
16321	16321
16321	16321
16321	16321
16321	16321
16321	16321
16321	16321
16321	16321
16321	16321
16321	16321
16321	16321
16321	16321
16321	16320
16319	16316
16306	16291
16266	16236
16200	16168
16141	16119
16093	16051
15971	15821
15565	15160
14565	13789
12884	11960
11148	10556
10233	10161
10269	10471
10682	10842
10936	10968
10965	10954
10950	10954
10963	10959
10944	10914
10869	10803
10697	10523
10278	9985
9701	9511
9483	9643
9967	10374
10747	10968
10965	10723
10288	9768
9280	8929
8777	8830
9052	9378
9750	10124
10462	10749
10973	11141
11252	11324
11357	11366
11355	11341
11340	11357
11387	11422
11446	11461
11471	11497
11541	11601
11671	11729
11770	11793
11799	11808
11816	11829
11830	11806
11735	11605
11395	11096
10716	10288
9869	9531
9364	9431
9768	10371
11175	12091
13022	13873
14582	15115
15477	15697
15824	15892
15935	15969
15993	16012
16022	16024
16022	16021
16025	16033
16042	16041
16029	15999
15954	15894
15827	15760
15697	15644
15600	15561
15524	15480
15425	15361
15289	15206
15119	15031
14948	14869
14803	14748
14711	14687
14678	14685
14703	14739
14790	14854
14930	15012
15092	15165
15227	15278
15317	15357
15401	15459
15527	15603
15682	15757
15827	15888
15934	15968
15984	15988
15982	15967
15945	15919
15888	15853
15796	15698
15529	15254
14837	14254
13512	12652
11755	10929
10278	9872
9737	9840
10132	10529
10960	11361
11694	11945
12115	12215
12266	12286
12288	12284
12289	12303
12321	12328
12317	12286
12246	12212
12198	12205
12226	12244
12252	12262
12276	12299
12326	12347
12354	12346
12333	12310
12271	12200
12075	11877
11600	11243
10819	10373
9965	9681
9596	9751
10140	10686
11269	11749
12012	12008
11761	11363
10938	10618
10485	10562
10808	11146
11491	11792
12013	12160
12244	12286
12300	12301
12295	12283
12265	12243
12214	12174
12101	11984
11809	11587
11359	11193
11182	11394
11859	12537
13333	14123
14807	15324
15671	15876
15986	16036
16061	16084
16110	16148
16191	16233
16270	16295
16310	16316
16320	16321
16321	16321
16321	16321
16321	16321
16321	16321
16321	16321
16321	16321
16321	16321
16321	16321
16321	16321
16321	16321
16321	16321
16321	16321
16321	16321
16321	16321
16321	16321
16321	16321
16321	16321
16321	16321
16321	16321
16321	16321
16321	16321
16321	16321
16321	16321
16321	16321
16321	16321
16321	16321
16321	16321
16321	16321
16321	16321
16321	16321
16321	16321
16321	16321
16321	16321
16321	16321
16321	16321
16321	16321
16321	16321
16321	16321
16321	16321
16321	16321
16321	16321
16321	16321
16321	16321
16321	16321
16321	16321
16321	16321
16321	16321
16321	16321
16321	16321
16321	16321
16321	16321
16321	16321
16321	16321
16321	16321
16321	16321
16321	16321
16321	16321
16321	16321
16321	16321
16321	16321
16321	16321
16321	16321
16321	16321
16321	16321
16321	16321
16321	16321
16321	16321
16321	16321
16321	16321
16321	16321
16321	16321
16321	16321
16321	16321
16321	16321
16319	16316
16309	16296
16273	16244
16210	16174
16139	16104
16065	16005
15890	15687
15340	14811
14090	13213
12277	11409
10731	10317
10174	10239
10425	10643
10824	10937
10981	10972
10948	10929
10925	10938
10946	10940
10909	10852
10768	10650
10486	10265
9996	9725
9524	9468
9599	9905
10310	10690
10933	10948
10722	10293
9774	9281
8932	8783
8846	9080
9421	9799
10162	10476
10731	10929
11075	11178
11250	11296
11319	11325
11320	11317
11325	11344
11372	11389
11391	11381
11376	11389
11437	11511
11600	11677
11730	11756
11765	11770
11782	11802
11824	11838
11822	11763
11639	11437
11148	10777
10358	9947
9617	9455
9519	9850
10432	11220
12126	13050
13891	14580
15091	15435
15645	15776
15856	15914
15957	15983
15994	15990
15976	15962
15947	15934
15918	15892
15850	15788
15707	15608
15496	15373
15257	15152
15064	14984
14910	14829
14736	14634
14518	14393
14262	14137
14015	13908
13815	13742
13687	13651
13634	13635
13653	13696
13759	13845
13952	14072
14199	14321
14430	14530
14613	14695
14780	14880
14993	15117
15249	15380
15503	15614
15706	15778
15826	15859
15873	15875
15865	15848
15818	15765
15670	15507
15240	14836
14269	13539
12683	11778
10932	10254
9829	9686
9801	10111
10526	10967
11372	11706
11954	12121
12221	12273
12295	12296
12288	12280
12281	12284
12287	12275
12243	12196
12140	12102
12093	12114
12152	12191
12224	12244
12263	12284
12308	12328
12340	12347
12352	12358
12351	12324
12252	12123
11923	11638
11270	10831
10367	9950
9658	9583
9758	10171
10740	11331
11799	12035
11997	11720
11303	10880
10576	10471
10574	10839
11187	11534
11825	12038
12174	12249
12284	12298
12302	12298
12291	12275
12255	12229
12181	12094
11950	11738
11483	11239
11091	11143
11453	12023
12781	13608
14379	15012
15467	15760
15925	16013
16056	16086
16119	16156
16199	16242
16274	16298
16312	16317
16320	16321
16321	16321
16321	16321
16321	16321
16321	16321
16321	16321
16321	16321
16321	16321
16321	16321
16321	16321
16321	16321
16321	16321
16321	16321
16321	16321
16321	16321
16321	16321
16321	16321
16321	16321
16321	16321
16321	16321
16321	16321
16321	16321
16321	16321
16321	16321
16321	16321
16321	16321
16321	16321
16321	16321
16321	16321
16321	16321
16321	16321
16321	16321
16321	16321
16321	16321
16321	16321
16321	16321
16321	16321
16321	16321
16321	16321
16321	16321
16321	16321
16321	16321
16321	16321
16321	16321
16321	16321
16321	16321
16321	16321
16321	16321
16321	16321
16321	16321
16321	16321
16321	16321
16321	16321
16321	16321
16321	16321
16321	16321
16321	16321
16321	16321
16321	16321
16321	16321
16321	16321
16321	16321
16321	16321
16321	16321
16321	16321
16321	16321
16321	16321
16321	16321
16321	16321
16321	16321
16321	16321
16321	16321
16321	16321
16321	16321
16321	16321
16320	16316
16310	16299
16277	16247
16210	16166
16122	16075
16020	15932
15772	15489
15030	14375
13540	12610
11703	10954
10454	10230
10237	10396
10610	10809
10942	11005
11001	10968
10932	10914
10917	10933
10941	10922
10869	10771
10633	10450
10221	9957
9700	9497
9426	9535
9819	10215
10608	10867
10907	10697
10281	9763
9269	8916
8768	8834
9077	9428
9815	10181
10492	10736
10915	11040
11127	11186
11228	11252
11267	11271
11274	11281
11303	11325
11342	11336
11304	11256
11216	11215
11259	11350
11463	11572
11650	11698
11714	11723
11733	11758
11796	11835
11863	11861
11808	11689
11488	11204
10844	10437
10041	9722
9554	9603
9914	10482
11262	12163
13075	13897
14559	15047
15379	15596
15735	15829
15890	15922
15927	15910
15871	15826
15773	15717
15654	15580
15485	15371
15234	15076
14893	14704
14520	14353
14209	14082
13967	13845
13718	13576
13419	13258
13096	12941
12798	12672
12568	12488
12429	12391
12366	12361
12376	12417
12483	12580
12708	12855
13015	13176
13329	13469
13597	13721
13850	13995
14159	14340
14535	14733
14925	15107
15267	15401
15509	15593
15654	15695
15718	15723
15692	15616
15464	15204
14808	14253
13534	12694
11798	10955
10264	9815
9654	9758
10068	10495
10951	11369
11708	11960
12128	12231
12285	12310
12315	12310
12295	12283
12269	12251
12221	12169
12095	12010
11939	11905
11917	11968
12041	12115
12176	12217
12246	12267
12287	12305
12326	12342
12364	12380
12393	12383
12347	12264
12130	11925
11642	11274
10839	10377
9958	9674
9608	9799
10227	10799
11378	11821
12022	11949
11642	11207
10783	10496
10422	10561
10855	11220
11570	11856
12057	12185
12255	12294
12310	12314
12313	12304
12292	12271
12235	12168
12052	11869
11622	11350
11126	11050
11201	11625
12283	13080
13896	14621
15192	15587
15832	15968
16039	16082
16121	16161
16204	16245
16276	16300
16312	16317
16320	16321
16321	16321
16321	16321
16321	16321
16321	16321
16321	16321
16321	16321
16321	16321
16321	16321
16321	16321
16321	16321
16321	16321
16321	16321
16321	16321
16321	16321
16321	16321
16321	16321
16321	16321
16321	16321
16321	16321
16321	16321
16321	16321
16321	16321
16321	16321
16321	16321
16321	16321
16321	16321
16321	16321
16321	16321
16321	16321
16321	16321
16321	16321
16321	16321
16321	16321
16321	16321
16321	16321
16321	16321
16321	16321
16321	16321
16321	16321
16321	16321
16321	16321
16321	16321
16321	16321
16321	16321
16321	16321
16321	16321
16321	16321
16321	16321
16321	16321
16321	16321
16321	16321
16321	16321
16321	16321
16321	16321
16321	16321
16321	16321
16321	16321
16321	16321
16321	16321
16321	16321
16321	16321
16321	16321
16321	16321
16321	16321
16321	16321
16321	16321
16321	16321
16321	16321
16321	16321
16321	16321
16321	16321
16321	16321
16321	16321
16321	16321
16320	16316
16310	16299
16276	16243
16200	16151
16092	16034
15955	15829
15600	15213
14629	13848
12931	12001
11190	10611
10306	10252
10374	10577
10784	10942
11028	11042
11007	10954
10914	10900
10907	10925
10924	10889
10800	10653
10450	10197
9910	9635
9426	9343
9438	9709
10100	10500
10784	10851
10665	10263
9749	9248
8884	8732
8802	9054
9414	9809
10179	10489
10730	10905
11023	11095
11145	11176
11197	11208
11210	11212
11219	11237
11263	11285
11278	11230
11140	11031
10941	10911
10956	11072
11230	11391
11521	11605
11645	11666
11681	11707
11752	11809
11866	11903
11906	11852
11734	11537
11266	10920
10529	10134
9809	9622
9654	9952
10514	11290
12182	13071
13864	14504
14982	15316
15538	15678
15759	15788
15777	15726
15647	15546
15434	15307
15170	15019
14849	14660
14451	14220
13975	13719
13474	13254
13065	12901
12753	12606
12451	12288
12116	11942
11773	11613
11472	11352
11260	11189
11141	11110
11087	11079
11086	11116
11175	11266
11390	11539
11705	11876
12045	12204
12355	12505
12663	12840
13039	13263
13509	13767
14030	14285
14525	14743
14933	15096
15231	15340
15419	15459
15441	15336
15112	14737
14194	13485
12657	11776
10944	10267
9821	9649
9738	10035
10456	10918
11347	11698
11958	12130
12232	12289
12316	12326
12324	12315
12302	12281
12247	12194
12108	11989
11845	11706
11609	11579
11627	11733
11864	11997
12101	12174
12219	12247
12267	12288
12309	12331
12355	12374
12390	12392
12373	12323
12239	12108
11918	11653
11303	10874
10409	9985
9700	9641
9843	10278
10846	11405
11819	11986
11871	11528
11074	10652
10394	10360
10542	10872
11250	11606
11887	12082
12206	12275
12312	12327
12332	12325
12316	12297
12268	12214
12123	11976
11763	11502
11249	11083
11097	11349
11855	12561
13363	14152
14831	15345
15689	15896
16009	16073
16119	16162
16205	16245
16276	16300
16312	16317
16320	16321
16321	16321
16321	16321
16321	16321
16321	16321
16321	16321
16321	16321
16321	16321
16321	16321
16321	16321
16321	16321
16321	16321
16321	16321
16321	16321
16321	16321
16321	16321
16321	16321
16321	16321
16321	16321
16321	16321
16321	16321
16321	16321
16321	16321
16321	16321
16321	16321
16321	16321
16321	16321
16321	16321
16321	16321
16321	16321
16321	16321
16321	16321
16321	16321
16321	16321
16321	16321
16321	16321
16321	16321
16321	16321
16321	16321
16321	16321
16321	16321
16321	16321
16321	16321
16321	16321
16321	16321
16321	16321
16321	16321
16321	16321
16321	16321
16321	16321
16321	16321
16321	16321
16321	16321
16321	16321
16321	16321
16321	16321
16321	16321
16321	16321
16321	16321
16321	16321
16321	16321
16321	16321
16321	16321
16321	16321
16321	16321
16321	16321
16321	16321
16321	16321
16321	16321
16321	16321
16321	16321
16321	16321
16321	16321
16321	16321
16321	16321
16320	16316
16310	16296
16272	16234
16187	16126
16061	15982
15871	15687
15370	14860
14143	13252
12303	11427
10765	10375
10257	10338
10525	10739
10919	11035
11078	11060
11005	10941
10894	10880
10886	10893
10877	10810
10679	10476
10207	9894
9583	9342
9229	9305
9567	9960
10376	10690
10786	10633
10254	9749
9242	8866
8695	8759
9010	9382
9787	10160
10471	10705
10876	10991
11066	11112
11137	11156
11167	11172
11167	11165
11172	11191
11210	11206
11153	11034
10858	10660
10499	10428
10472	10626
10852	11096
11307	11464
11556	11601
11628	11657
11703	11770
11842	11907
11945	11942
11887	11770
11585	11324
10989	10597
10191	9845
9641	9665
9960	10524
11290	12157
13016	13784
14409	14879
15202	15403
15502	15520
15471	15369
15221	15043
14842	14626
14396	14157
13903	13637
13360	13070
12780	12492
12223	11987
11786	11616
11467	11322
11174	11022
10868	10714
10567	10435
10322	10235
10174	10133
10108	10091
10078	10068
10064	10081
10120	10185
10284	10403
10542	10689
10835	10978
11116	11258
11406	11579
11775	12003
12261	12547
12850	13159
13469	13767
14046	14298
14523	14718
14872	14966
14970	14846
14551	14066
13388	12573
11697	10877
10214	9794
9640	9740
10032	10443
10890	11316
11675	11942
12119	12226
12282	12307
12318	12322
12321	12315
12301	12266
12201	12090
11926	11709
11470	11250
11113	11090
11184	11368
11589	11802
11976	12098
12176	12222
12248	12271
12292	12313
12329	12345
12357	12358
12349	12321
12278	12208
12104	11943
11699	11348
10907	10424
9990	9704
9655	9870
10313	10880
11426	11808
11930	11766
11383	10911
10508	10288
10307	10535
10895	11293
11651	11932
12124	12241
12303	12331
12341	12337
12328	12312
12284	12244
12174	12062
11895	11672
11419	11201
11098	11185
11510	12074
12810	13620
14385	15023
15484	15783
15954	16049
16109	16158
16203	16245
16276	16300
16312	16317
16320	16321
16321	16321
16321	16321
16321	16321
16321	16321
16321	16321
16321	16321
16321	16321
16321	16321
16321	16321
16321	16321
16321	16321
16321	16321
16321	16321
16321	16321
16321	16321
16321	16321
16321	16321
16321	16321
16321	16321
16321	16321
16321	16321
16321	16321
16321	16321
16321	16321
16321	16321
16321	16321
16321	16321
16321	16321
16321	16321
16321	16321
16321	16321
16321	16321
16321	16321
16321	16321
16321	16321
16321	16321
16321	16321
16321	16321
16321	16321
16321	16321
16321	16321
16321	16321
16321	16321
16321	16321
16321	16321
16321	16321
16321	16321
16321	16321
16321	16321
16321	16321
16321	16321
16321	16321
16321	16321
16321	16321
16321	16321
16321	16321
16321	16321
16321	16321
16321	16321
16321	16321
16321	16321
16321	16321
16321	16321
16321	16321
16321	16321
16321	16321
16321	16321
16321	16321
16321	16321
16321	16321
16321	16321
16321	16321
16321	16321
16321	16321
16320	16316
16310	16295
16268	16227
16172	16101
16020	15915
15758	15496
15068	14427
13583	12622
11688	10926
10439	10243
10280	10447
10663	10857
11002	11083
11100	11063
10997	10926
10874	10848
10837	10825
10781	10677
10494	10235
9916	9578
9289	9132
9165	9404
9797	10235
10580	10718
10601	10251
9758	9257
8869	8679
8722	8964
9336	9751
10139	10452
10686	10845
10950	11021
11067	11096
11119	11138
11150	11152
11148	11140
11141	11145
11133	11075
10940	10714
10420	10108
9862	9740
9787	9989
10301	10651
10978	11237
11412	11512
11567	11608
11659	11726
11809	11889
11952	11981
11969	11912
11802	11622
11364	11019
10610	10187
9829	9625
9650	9943
10492	11228
12066	12898
13638	14235
14661	14923
15038	15032
14931	14753
14523	14253
13960	13654
13340	13025
12706	12390
12077	11777
11489	11223
10992	10796
10635	10507
10395	10290
10183	10078
9972	9870
9775	9692
9627	9582
9560	9553
9558	9563
9563	9554
9544	9544
9558	9589
9642	9713
9797	9889
9982	10073
10162	10251
10354	10470
10616	10795
11012	11267
11556	11874
12210	12549
12887	13211
13512	13784
14010	14164
14198	14066
13724	13160
12418	11580
10771	10114
9708	9582
9713	10035
10454	10894
11306	11651
11919	12105
12212	12268
12289	12295
12298	12301
12305	12300
12281	12223
12113	11924
11656	11325
10969	10662
10476	10455
10604	10875
11198	11513
11777	11974
12106	12185
12228	12255
12273	12284
12293	12298
12304	12306
12304	12295
12280	12259
12222	12149
12000	11746
11369	10897
10392	9954
9682	9652
9889	10348
10918	11446
11794	11862
11651	11234
10763	10384
10214	10284
10555	10943
11356	11715
11988	12165
12267	12317
12333	12334
12329	12318
12297	12264
12216	12136
12012	11835
11609	11373
11180	11118
11259	11647
12267	13048
13873	14620
15209	15613
15863	16002
16088	16146
16198	16242
16276	16298
16311	16317
16320	16321
16321	16321
16321	16321
16321	16321
16321	16321
16321	16321
16321	16321
16321	16321
16321	16321
16321	16321
16321	16321
16321	16321
16321	16321
16321	16321
16321	16321
16321	16321
16321	16321
16321	16321
16321	16321
16321	16321
16321	16321
16321	16321
16321	16321
16321	16321
16321	16321
16321	16321
16321	16321
16321	16321
16321	16321
16321	16321
16321	16321
16321	16321
16321	16321
16321	16321
16321	16321
16321	16321
16321	16321
16321	16321
16321	16321
16321	16321
16321	16321
16321	16321
16321	16321
16321	16321
16321	16321
16321	16321
16321	16321
16321	16321
16321	16321
16321	16321
16321	16321
16321	16321
16321	16321
16321	16321
16321	16321
16321	16321
16321	16321
16321	16321
16321	16321
16321	16321
16321	16321
16321	16321
16321	16321
16321	16321
16321	16321
16321	16321
16321	16321
16321	16321
16321	16321
16321	16321
16321	16321
16321	16320
16319	16318
16318	16317
16317	16319
16318	16314
16309	16291
16263	16218
16158	16076
15972	15829
15606	15246
14691	13919
12980	12001
11136	10527
10228	10197
10343	10555
10759	10924
11033	11088
11093	11053
10984	10907
10844	10801
10767	10720
10632	10480
10248	9946
9603	9289
9084	9063
9255	9629
10077	10459
10647	10573
10251	9778
9277	8884
8681	8706
8929	9289
9704	10105
10433	10672
10826	10921
10974	11011
11039	11065
11093	11119
11139	11149
11150	11139
11123	11088
11016	10866
10614	10253
9821	9388
9048	8881
8926	9179
9580	10052
10515	10906
11196	11381
11493	11560
11621	11691
11778	11865
11938	11984
12003	11984
11927	11815
11630	11356
10999	10576
10151	9791
9589	9604
9878	10395
11099	11893
12678	13358
13867	14176
14297	14259
14095	13845
13535	13191
12826	12466
12110	11771
11445	11140
10856	10602
10383	10202
10061	9957
9881	9824
9782	9743
9705	9665
9627	9588
9550	9525
9505	9503
9513	9538
9564	9589
9600	9600
9589	9577
9568	9570
9577	9593
9616	9640
9663	9685
9701	9718
9738	9770
9827	9917
10043	10216
10432	10690
10982	11299
11632	11966
12292	12602
12870	13061
13124	12995
12642	12078
11366	10626
10001	9601
9485	9642
10001	10456
10916	11324
11657	11908
12085	12195
12253	12270
12269	12264
12264	12269
12274	12268
12231	12135
11958	11678
11297	10848
10391	10011
9788	9770
9955	10291
10705	11120
11487	11777
11983	12117
12194	12233
12249	12254
12252	12249
12248	12248
12250	12253
12261	12277
12288	12277
12204	12034
11743	11330
10832	10325
9897	9648
9649	9918
10399	10970
11484	11789
11809	11551
11114	10647
10301	10178
10296	10609
11022	11438
11788	12038
12196	12276
12312	12322
12323	12315
12304	12283
12255	12203
12119	11984
11789	11548
11308	11133
11110	11312
11778	12482
13312	14141
14850	15378
15719	15924
16045	16125
16184	16234
16271	16295
16311	16317
16320	16321
16319	16319
16318	16318
16318	16318
16319	16319
16321	16321
16321	16321
16321	16321
16321	16321
16321	16321
16321	16321
16321	16321
16321	16321
16321	16321
16321	16321
16321	16321
16321	16321
16321	16321
16321	16321
16321	16321
16321	16321
16321	16321
16321	16321
16321	16321
16321	16321
16321	16321
16321	16321
16321	16321
16321	16321
16321	16321
16321	16321
16321	16321
16321	16321
16321	16321
16321	16321
16321	16321
16321	16321
16321	16321
16321	16321
16321	16321
16321	16321
16321	16321
16321	16321
16321	16321
16321	16321
16321	16321
16321	16321
16321	16321
16321	16321
16321	16321
16321	16321
16321	16321
16321	16321
16321	16321
16321	16321
16321	16321
16321	16321
16321	16321
16321	16321
16321	16321
16321	16321
16321	16321
16321	16321
16321	16321
16321	16321
16321	16321
16321	16321
16321	16321
16321	16321
16321	16321
16321	16320
16319	16318
16316	16315
16313	16313
16314	16315
16316	16312
16305	16287
16256	16207
16137	16040
15906	15706
15398	14922
14241	13358
12370	11427
10689	10255
10128	10226
10432	10649
10821	10944
11019	11062
11061	11028
10962	10887
10814	10750
10680	10587
10443	10233
9952	9627
9311	9081
9011	9153
9488	9931
10340	10575
10553	10271
9810	9308
8900	8679
8687	8895
9243	9652
10055	10395
10651	10819
10913	10955
10970	10979
10997	11027
11065	11106
11139	11158
11157	11135
11083	10986
10817	10545
10152	9649
9088	8550
8137	7932
7979	8264
8738	9318
9913	10448
10878	11183
11380	11503
11591	11671
11757	11844
11919	11972
12001	12003
11976	11912
11791	11597
11316	10955
10536	10112
9750	9529
9520	9760
10238	10888
11610	12286
12818	13149
13266	13199
12995	12699
12351	11977
11605	11254
10930	10639
10381	10156
9966	9817
9716	9658
9639	9649
9670	9695
9723	9751
9776	9800
9820	9837
9851	9866
9881	9906
9937	9976
10015	10050
10070	10078
10074	10060
10042	10019
9993	9964
9934	9899
9863	9820
9769	9714
9659	9609
9576	9564
9586	9644
9743	9886
10070	10289
10539	10807
11084	11357
11609	11794
11858	11744
11429	10942
10374	9847
9492	9388
9551	9929
10419	10917
11350	11687
11925	12088
12188	12243
12259	12252
12235	12225
12223	12227
12229	12205
12133	11977
11713	11334
10860	10335
9832	9433
9209	9195
9385	9736
10180	10654
11102	11487
11787	11999
12130	12199
12223	12228
12221	12214
12207	12205
12208	12218
12241	12280
12322	12347
12324	12218
12007	11676
11241	10739
10243	9841
9625	9666
9971	10477
11054	11544
11812	11783
11488	11032
10574	10264
10189	10356
10699	11119
11524	11849
12073	12206
12273	12301
12310	12313
12308	12301
12287	12260
12205	12105
11943	11720
11459	11212
11058	11091
11383	11953
12735	13603
14412	15060
15518	15803
15976	16085
16161	16220
16262	16292
16308	16314
16317	16317
16317	16316
16315	16316
16315	16316
16316	16317
16319	16319
16320	16321
16321	16321
16321	16321
16321	16321
16321	16321
16321	16321
16321	16321
16321	16321
16321	16321
16321	16321
16321	16321
16321	16321
16321	16321
16321	16321
16321	16321
16321	16321
16321	16321
16321	16321
16321	16321
16321	16321
16321	16321
16321	16321
16321	16321
16321	16321
16321	16321
16321	16321
16321	16321
16321	16321
16321	16321
16321	16321
16321	16321
16321	16321
16321	16321
16321	16321
16321	16321
16321	16321
16321	16321
16321	16321
16321	16321
16321	16321
16321	16321
16321	16321
16321	16321
16321	16321
16321	16321
16321	16321
16321	16321
16321	16321
16321	16321
16321	16321
16321	16321
16321	16321
16321	16321
16321	16321
16321	16321
16321	16321
16321	16321
16321	16321
16321	16321
16321	16321
16321	16321
16321	16321
16321	16321
16321	16321
16320	16319
16319	16315
16311	16308
16306	16305
16308	16309
16314	16310
16301	16283
16247	16191
16108	15989
15809	15536
15123	14523
13723	12769
11791	10946
10366	10108
10123	10303
10531	10721
10850	10931
10977	11003
11006	10979
10928	10856
10776	10686
10578	10428
10223	9951
9642	9330
9087	8990
9092	9388
9810	10227
10504	10537
10301	9864
9359	8921
8673	8658
8850	9188
9588	9987
10332	10604
10790	10902
10950	10960
10949	10943
10953	10987
11035	11090
11133	11157
11145	11091
10980	10791
10501	10088
9556	8930
8274	7675
7227	7007
7048	7348
7857	8506
9204	9876
10450	10895
11208	11416
11551	11654
11742	11825
11895	11945
11972	11984
11973	11942
11875	11752
11557	11281
10920	10502
10066	9687
9446	9407
9607	10018
10565	11140
11620	11927
12035	11964
11761	11481
11164	10839
10536	10269
10049	9878
9745	9650
9593	9573
9598	9660
9751	9854
9953	10040
10119	10193
10258	10316
10372	10420
10459	10495
10526	10557
10595	10635
10676	10715
10742	10758
10762	10754
10737	10702
10663	10610
10549	10478
10403	10316
10224	10123
10021	9918
9823	9741
9676	9630
9609	9620
9664	9741
9849	9985
10143	10318
10486	10611
10644	10543
10298	9954
9604	9357
9302	9479
9858	10360
10885	11352
11712	11959
12112	12204
12252	12266
12257	12232
12211	12193
12185	12182
12163	12099
11966	11727
11374	10919
10397	9871
9413	9079
8908	8908
9063	9349
9732	10180
10653	11106
11498	11802
12008	12126
12181	12195
12194	12191
12188	12185
12185	12199
12229	12277
12336	12377
12381	12316
12167	11917
11571	11132
10645	10167
9798	9624
9713	10059
10590	11169
11636	11861
11788	11453
10982	10541
10271	10242
10445	10806
11219	11601
11898	12096
12211	12269
12293	12305
12308	12309
12309	12298
12265	12194
12064	11869
11616	11338
11096	10985
11099	11501
12178	13026
13901	14666
15242	15631
15872	16023
16125	16197
16250	16284
16303	16312
16316	16315
16313	16311
16310	16308
16309	16310
16312	16314
16317	16318
16319	16319
16321	16321
16321	16321
16321	16321
16321	16321
16321	16321
16321	16321
16321	16321
16321	16321
16321	16321
16321	16321
16321	16321
16321	16321
16321	16321
16321	16321
16321	16321
16321	16321
16321	16321
16321	16321
16321	16321
16321	16321
16321	16321
16321	16321
16321	16321
16321	16321
16321	16321
16321	16321
16321	16321
16321	16321
16321	16321
16321	16321
16321	16321
16321	16321
16321	16321
16321	16321
16321	16321
16321	16321
16321	16321
16321	16321
16321	16321
16321	16321
16321	16321
16321	16321
16321	16321
16321	16321
16321	16321
16321	16321
16321	16321
16321	16321
16321	16321
16321	16321
16321	16321
16321	16321
16321	16321
16321	16321
16321	16321
16321	16321
16321	16321
16321	16321
16321	16321
16321	16321
16321	16321
16321	16321
16321	16321
16319	16319
16314	16310
16303	16297
16293	16292
16294	16301
16303	16303
16295	16274
16233	16169
16067	15911
15667	15300
14765	14039
13149	12179
11268	10571
10172	10073
10192	10408
10618	10772
10857	10896
10917	10929
10930	10914
10874	10811
10727	10615
10463	10255
9985	9671
9351	9094
8975	9046
9313	9719
10142	10447
10522	10336
9927	9423
8967	8679
8624	8789
9113	9509
9907	10254
10529	10731
10864	10939
10963	10952
10929	10913
10919	10955
11007	11068
11112	11120
11080	10968
10766	10461
10038	9492
8846	8143
7451	6848
6412	6201
6238	6521
7020	7682
8437	9207
9912	10504
10953	11267
11476	11617
11721	11801
11862	11902
11926	11936
11940	11935
11908	11843
11725	11532
11255	10893
10465	10019
9625	9367
9293	9427
9727	10108
10462	10709
10808	10771
10630	10436
10221	10023
9851	9730
9653	9622
9629	9669
9732	9824
9944	10089
10246	10398
10534	10649
10744	10828
10905	10974
11036	11085
11126	11161
11191	11215
11244	11278
11316	11353
11384	11409
11424	11426
11413	11387
11344	11286
11216	11134
11043	10944
10838	10729
10614	10501
10389	10279
10169	10060
9955	9857
9776	9714
9674	9660
9674	9709
9750	9773
9745	9644
9482	9306
9193	9218
9425	9803
10301	10831
11319	11706
11978	12145
12235	12277
12288	12278
12255	12224
12196	12171
12154	12123
12059	11930
11713	11388
10964	10478
9990	9566
9262	9086
9029	9049
9130	9267
9485	9801
10207	10664
11115	11506
11798	11989
12093	12143
12167	12176
12181	12183
12182	12191
12219	12268
12328	12374
12390	12347
12248	12072
11813	11466
11038	10565
10114	9781
9653	9790
10179	10731
11308	11753
11930	11806
11434	10952
10530	10298
10311	10544
10913	11317
11677	11950
12127	12226
12275	12295
12306	12315
12319	12318
12305	12255
12156	11996
11770	11493
11206	10985
10930	11147
11671	12452
13346	14203
14900	15402
15730	15938
16074	16170
16232	16272
16295	16306
16310	16308
16305	16302
16298	16296
16298	16300
16304	16307
16312	16315
16319	16319
16320	16321
16321	16321
16321	16321
16321	16321
16321	16321
16321	16321
16321	16321
16321	16321
16321	16321
16321	16321
16321	16321
16321	16321
16321	16321
16321	16321
16321	16321
16321	16321
16321	16321
16321	16321
16321	16321
16321	16321
16321	16321
16321	16321
16321	16321
16321	16321
16321	16321
16321	16321
16321	16321
16321	16321
16321	16321
16321	16321
16321	16321
16321	16321
16321	16321
16321	16321
16321	16321
16321	16321
16321	16321
16321	16321
16321	16321
16321	16321
16321	16321
16321	16321
16321	16321
16321	16321
16321	16321
16321	16321
16321	16321
16321	16321
16321	16321
16321	16321
16321	16321
16321	16321
16321	16321
16321	16321
16321	16321
16321	16321
16321	16321
16321	16321
16321	16321
16321	16321
16321	16321
16321	16321
16321	16320
16319	16315
16311	16300
16292	16281
16274	16273
16277	16285
16293	16296
16287	16263
16216	16136
16006	15795
15467	14985
14320	13484
12541	11609
10830	10309
10090	10120
10298	10515
10694	10798
10845	10851
10848	10845
10841	10832
10802	10751
10662	10529
10334	10071
9749	9411
9124	8965
8996	9235
9628	10063
10399	10517
10370	9988
9492	9017
8693	8592
8723	9027
9420	9820
10166	10444
10650	10794
10890	10943
10955	10941
10915	10899
10902	10935
10985	11036
11058	11033
10935	10740
10432	9996
9443	8790
8075	7351
6685	6137
5757	5576
5608	5853
6299	6923
7674	8493
9292	10010
10595	11033
11337	11537
11669	11756
11813	11845
11865	11879
11895	11909
11911	11886
11823	11701
11508	11232
10871	10442
10001	9602
9323	9198
9233	9384
9576	9747
9844	9870
9841	9786
9726	9682
9668	9690
9750	9842
9956	10086
10226	10380
10544	10716
10884	11039
11174	11281
11370	11447
11512	11570
11614	11649
11677	11692
11704	11717
11733	11758
11789	11826
11861	11892
11916	11932
11930	11913
11880	11833
11768	11687
11601	11508
11414	11316
11223	11127
11034	10934
10823	10700
10561	10413
10259	10101
9957	9826
9713	9616
9532	9447
9348	9239
9147	9115
9194	9418
9789	10265
10782	11270
11674	11971
12162	12269
12314	12325
12314	12292
12259	12227
12192	12154
12108	12031
11900	11685
11378	10980
10526	10086
9727	9510
9446	9504
9595	9646
9623	9561
9531	9615
9853	10229
10677	11119
11493	11764
11941	12047
12114	12155
12180	12192
12191	12195
12214	12254
12303	12346
12359	12335
12267	12148
11969	11718
11380	10964
10511	10086
9786	9700
9880	10308
10884	11463
11872	12001
11819	11405
10917	10518
10329	10386
10649	11028
11427	11768
12014	12168
12246	12283
12298	12308
12320	12327
12323	12291
12220	12095
11908	11656
11359	11067
10881	10919
11267	11926
12789	13694
14498	15116
15544	15826
16009	16130
16209	16256
16282	16294
16298	16297
16294	16287
16281	16277
16280	16286
16295	16302
16307	16314
16316	16319
16319	16321
16321	16321
16321	16321
16321	16321
16321	16321
16321	16321
16321	16321
16321	16321
16321	16321
16321	16321
16321	16321
16321	16321
16321	16321
16321	16321
16321	16321
16321	16321
16321	16321
16321	16321
16321	16321
16321	16321
16321	16321
16321	16321
16321	16321
16321	16321
16321	16321
16321	16321
16321	16321
16321	16321
16321	16321
16321	16321
16321	16321
16321	16321
16321	16321
16321	16321
16321	16321
16321	16321
16321	16321
16321	16321
16321	16321
16321	16321
16321	16321
16321	16321
16321	16321
16321	16321
16321	16321
16321	16321
16321	16321
16321	16321
16321	16321
16321	16321
16321	16321
16321	16321
16321	16321
16321	16321
16321	16321
16321	16321
16321	16321
16321	16321
16321	16321
16321	16321
16321	16321
16321	16320
16319	16319
16317	16311
16304	16293
16278	16264
16253	16251
16259	16269
16280	16285
16274	16249
16191	16092
15919	15637
15202	14586
13791	12870
11926	11090
10480	10153
10094	10217
10417	10606
10741	10804
10815	10800
10778	10760
10751	10740
10720	10668
10573	10415
10181	9874
9527	9207
8995	8965
9153	9522
9967	10341
10508	10403
10049	9552
9054	8695
8556	8652
8935	9324
9729	10085
10365	10569
10713	10816
10885	10925
10935	10925
10906	10891
10895	10922
10958	10979
10962	10876
10697	10397
9969	9415
8761	8038
7307	6620
6033	5577
5281	5145
5172	5365
5730	6269
6964	7771
8614	9423
10127	10688
11098	11381
11559	11668
11731	11771
11795	11817
11847	11880
11903	11903
11873	11799
11675	11487
11219	10874
10464	10035
9638	9335
9154	9099
9138	9236
9346	9453
9548	9635
9724	9822
9936	10063
10207	10363
10524	10687
10849	11009
11164	11317
11462	11589
11696	11784
11855	11914
11960	11998
12026	12037
12041	12036
12026	12020
12023	12040
12066	12102
12143	12183
12216	12243
12252	12251
12228	12188
12133	12066
11992	11916
11841	11770
11705	11641
11579	11509
11427	11325
11202	11055
10885	10705
10514	10324
10140	9963
9790	9625
9470	9352
9304	9363
9549	9869
10289	10761
11221	11623
11936	12150
12279	12343
12360	12351
12327	12298
12265	12227
12183	12123
12030	11887
11667	11361
10974	10546
10136	9827
9687	9747
9978	10279
10525	10605
10482	10208
9906	9703
9694	9890
10247	10676
11093	11439
11701	11889
12023	12116
12174	12200
12208	12208
12213	12237
12270	12300
12311	12298
12253	12178
12065	11899
11656	11329
10919	10470
10060	9789
9742	9973
10446	11050
11616	11983
12042	11796
11350	10863
10499	10361
10471	10774
11168	11560
11872	12083
12204	12263
12289	12305
12318	12329
12332	12312
12264	12170
12025	11811
11531	11215
10940	10829
11003	11500
12273	13172
14041	14764
15304	15679
15926	16081
16177	16229
16260	16273
16278	16277
16273	16267
16258	16256
16259	16269
16279	16291
16300	16310
16314	16319
16319	16320
16321	16321
16321	16321
16321	16321
16321	16321
16321	16321
16321	16321
16321	16321
16321	16321
16321	16321
16321	16321
16321	16321
16321	16321
16321	16321
16321	16321
16321	16321
16321	16321
16321	16321
16321	16321
16321	16321
16321	16321
16321	16321
16321	16321
16321	16321
16321	16321
16321	16321
16321	16321
16321	16321
16321	16321
16321	16321
16321	16321
16321	16321
16321	16321
16321	16321
16321	16321
16321	16321
16321	16321
16321	16321
16321	16321
16321	16321
16321	16321
16321	16321
16321	16321
16321	16321
16321	16321
16321	16321
16321	16321
16321	16321
16321	16321
16321	16321
16321	16321
16321	16321
16321	16321
16321	16321
16321	16321
16321	16321
16321	16321
16321	16321
16321	16321
16321	16321
16321	16321
16319	16319
16318	16317
16313	16306
16298	16285
16267	16249
16235	16233
16239	16253
16262	16268
16261	16227
16159	16025
15796	15421
14864	14111
13206	12240
11348	10653
10233	10087
10156	10331
10525	10675
10762	10794
10783	10752
10718	10690
10672	10658
10633	10571
10455	10267
10000	9670
9334	9076
8977	9094
9419	9853
10258	10483
10433	10114
9615	9087
8682	8494
8557	8823
9212	9632
10007	10300
10508	10648
10743	10814
10866	10897
10909	10904
10893	10883
10887	10898
10904	10882
10801	10630
10348	9937
9402	8759
8045	7311
6612	6005
5520	5177
4967	4879
4901	5040
5312	5749
6344	7087
7917	8762
9548	10216
10742	11121
11374	11533
11626	11680
11723	11761
11809	11854
11890	11901
11884	11837
11763	11653
11487	11249
10931	10549
10139	9755
9452	9261
9196	9240
9366	9540
9732	9927
10116	10300
10477	10646
10811	10968
11120	11266
11406	11538
11660	11771
11871	11960
12035	12098
12153	12197
12231	12255
12263	12258
12240	12213
12188	12166
12156	12165
12189	12224
12269	12316
12362	12396
12419	12430
12418	12388
12344	12286
12225	12164
12107	12057
12015	11985
11955	11920
11874	11810
11723	11608
11472	11307
11130	10941
10746	10546
10341	10143
9968	9852
9825	9912
10125	10443
10823	11218
11583	11885
12111	12262
12351	12384
12384	12362
12330	12294
12258	12215
12150	12051
11895	11665
11351	10964
10543	10148
9864	9771
9909	10270
10774	11286
11653	11755
11558	11117
10576	10094
9797	9744
9918	10247
10643	11033
11375	11656
11873	12035
12142	12201
12223	12225
12222	12225
12238	12251
12256	12249
12224	12185
12124	12025
11868	11630
11295	10873
10417	10010
9766	9771
10060	10583
11205	11745
12048	12037
11731	11261
10795	10484
10417	10592
10935	11335
11698	11967
12137	12230
12278	12303
12320	12332
12338	12325
12290	12224
12117	11949
11709	11404
11090	10875
10883	11202
11826	12655
13540	14351
15005	15487
15812	16014
16131	16194
16227	16244
16254	16256
16250	16241
16233	16230
16236	16249
16265	16283
16295	16305
16314	16318
16319	16320
16321	16321
16321	16321
16321	16321
16321	16321
16321	16321
16321	16321
16321	16321
16321	16321
16321	16321
16321	16321
16321	16321
16321	16321
16321	16321
16321	16321
16321	16321
16321	16321
16321	16321
16321	16321
16321	16321
16321	16321
16321	16321
16321	16321
16321	16321
16321	16321
16321	16321
16321	16321
16321	16321
16321	16321
16321	16321
16321	16321
16321	16321
16321	16321
16321	16321
16321	16321
16321	16321
16321	16321
16321	16321
16321	16321
16321	16321
16321	16321
16321	16321
16321	16321
16321	16321
16321	16321
16321	16321
16321	16321
16321	16321
16321	16321
16321	16321
16321	16321
16321	16321
16321	16321
16321	16321
16321	16321
16321	16321
16321	16321
16321	16321
16321	16321
16321	16321
16321	16320
16319	16318
16315	16312
16306	16301
16290	16277
16260	16241
16227	16223
16229	16239
16250	16252
16239	16198
16107	15932
15627	15143
14453	13578
12601	11646
10858	10331
10092	10097
10249	10444
10612	10718
10769	10775
10753	10715
10673	10637
10610	10586
10543	10457
10308	10083
9789	9467
9185	9032
9080	9339
9742	10160
10436	10450
10177	9689
9131	8666
8418	8431
8678	9069
9511	9916
10236	10459
10600	10687
10747	10795
10837	10865
10881	10882
10878	10871
10864	10848
10809	10718
10552	10278
9888	9378
8764	8073
7354	6658
6038	5532
5161	4917
4784	4734
4752	4844
5034	5358
5838	6477
7237	8062
8881	9626
10253	10742
11094	11331
11482	11582
11651	11717
11781	11839
11880	11892
11878	11845
11803	11747
11667	11536
11330	11045
10700	10335
10003	9765
9651	9672
9804	10011
10247	10487
10707	10910
11084	11236
11370	11486
11597	11703
11804	11897
11980	12049
12109	12158
12208	12254
12296	12333
12362	12376
12375	12359
12329	12291
12250	12215
12199	12201
12222	12257
12307	12359
12410	12454
12486	12501
12500	12476
12441	12391
12338	12285
12241	12209
12188	12176
12172	12165
12152	12123
12077	12007
11913	11795
11658	11505
11337	11158
10969	10786
10626	10526
10507	10588
10765	11018
11308	11598
11858	12070
12226	12330
12386	12405
12392	12359
12319	12277
12234	12175
12079	11920
11681	11356
10959	10532
10140	9863
9785	9958
10385	11006
11714	12356
12788	12901
12665	12136
11443	10744
10185	9850
9770	9911
10207	10582
10973	11342
11655	11901
12073	12179
12230	12242
12236	12226
12218	12215
12213	12208
12199	12186
12163	12116
12028	11868
11611	11243
10790	10316
9922	9719
9791	10146
10709	11329
11832	12069
11989	11640
11164	10736
10501	10513
10751	11115
11501	11819
12042	12181
12259	12303
12327	12340
12342	12332
12308	12266
12191	12071
11881	11616
11306	11028
10900	11028
11462	12160
13008	13872
14636	15237
15660	15925
16072	16148
16185	16208
16221	16227
16225	16219
16211	16210
16219	16237
16256	16278
16294	16305
16312	16318
16319	16320
16321	16321
16321	16321
16321	16321
16321	16321
16321	16321
16321	16321
16321	16321
16321	16321
16321	16321
16321	16321
16321	16321
16321	16321
16321	16321
16321	16321
16321	16321
16321	16321
16321	16321
16321	16321
16321	16321
16321	16321
16321	16321
16321	16321
16321	16321
16321	16321
16321	16321
16321	16321
16321	16321
16321	16321
16321	16321
16321	16321
16321	16321
16321	16321
16321	16321
16321	16321
16321	16321
16321	16321
16321	16321
16321	16321
16321	16321
16321	16321
16321	16321
16321	16321
16321	16321
16321	16321
16321	16321
16321	16321
16321	16321
16321	16321
16321	16321
16321	16321
16321	16321
16321	16321
16321	16321
16321	16321
16321	16321
16321	16321
16321	16321
16321	16321
16321	16321
16321	16319
16319	16315
16312	16306
16300	16291
16283	16268
16255	16238
16228	16223
16223	16230
16236	16234
16213	16156
16033	15799
15403	14797
13979	13012
12013	11130
10487	10139
10058	10167
10357	10544
10673	10743
10764	10755
10732	10696
10653	10610
10572	10525
10455	10328
10133	9867
9561	9276
9093	9081
9282	9644
10061	10374
10453	10241
9781	9201
8677	8351
8296	8502
8888	9351
9796	10157
10411	10566
10649	10697
10734	10768
10803	10829
10846	10853
10851	10835
10807	10750
10645	10470
10197	9814
9321	8732
8078	7397
6727	6114
5598	5203
4933	4773
4696	4670
4680	4735
4856	5082
5442	5956
6605	7360
8157	8939
9645	10242
10709	11053
11293	11460
11580	11679
11766	11831
11872	11881
11863	11835
11810	11796
11778	11734
11635	11463
11221	10934
10654	10432
10318	10332
10457	10654
10881	11107
11305	11471
11604	11703
11781	11849
11913	11976
12039	12097
12148	12186
12211	12234
12262	12294
12332	12368
12393	12408
12403	12383
12349	12304
12259	12223
12203	12203
12222	12260
12309	12364
12416	12461
12497	12516
12518	12499
12465	12421
12372	12326
12289	12268
12257	12263
12272	12285
12296	12295
12280	12248
12193	12121
12028	11917
11793	11658
11512	11373
11254	11176
11166	11225
11350	11520
11712	11897
12064	12197
12300	12367
12405	12406
12385	12345
12297	12251
12194	12103
11952	11711
11377	10967
10524	10118
9836	9760
9939	10389
11060	11863
12672	13351
13781	13891
13658	13126
12389	11576
10819	10226
9862	9750
9863	10149
10538	10962
11365	11702
11956	12123
12216	12257
12258	12242
12221	12201
12189	12183
12187	12191
12198	12191
12150	12051
11862	11561
11146	10660
10180	9818
9667	9804
10216	10810
11426	11889
12067	11924
11543	11079
10710	10554
10644	10920
11285	11633
11913	12106
12229	12299
12333	12346
12347	12339
12321	12296
12252	12175
12040	11830
11549	11246
11012	10964
11189	11709
12467	13341
14197	14918
15454	15801
15997	16093
16140	16165
16185	16197
16202	16200
16195	16198
16208	16228
16251	16274
16293	16304
16312	16319
16319	16320
16321	16321
16321	16321
16321	16321
16321	16321
16321	16321
16321	16321
16321	16321
16321	16321
16321	16321
16321	16321
16321	16321
16321	16321
16321	16321
16321	16321
16321	16321
16321	16321
16321	16321
16321	16321
16321	16321
16321	16321
16321	16321
16321	16321
16321	16321
16321	16321
16321	16321
16321	16321
16321	16321
16321	16321
16321	16321
16321	16321
16321	16321
16321	16321
16321	16321
16321	16321
16321	16321
16321	16321
16321	16321
16321	16321
16321	16321
16321	16321
16321	16321
16321	16321
16321	16321
16321	16321
16321	16321
16321	16321
16321	16321
16321	16321
16321	16321
16321	16321
16321	16321
16321	16321
16321	16321
16321	16321
16321	16321
16321	16321
16321	16321
16321	16321
16321	16321
16320	16319
16319	16313
16306	16298
16288	16279
16268	16262
16253	16244
16235	16228
16226	16225
16223	16211
16178	16099
15932	15624
15116	14386
13461	12444
11480	10718
10244	10062
10107	10273
10464	10619
10712	10748
10754	10740
10719	10689
10648	10602
10548	10474
10359	10181
9934	9634
9338	9122
9065	9216
9542	9955
10303	10447
10302	9888
9310	8740
8332	8189
8326	8684
9156	9637
10047	10345
10527	10623
10664	10685
10707	10737
10769	10797
10814	10821
10809	10777
10711	10595
10409	10128
9740	9245
8661	8026
7379	6753
6178	5681
5281	4994
4810	4707
4664	4648
4653	4679
4746	4891
5143	5527
6047	6689
7416	8184
8939	9625
10211	10679
11034	11299
11492	11636
11747	11823
11864	11869
11852	11829
11815	11825
11847	11863
11848	11776
11642	11458
11261	11098
11009	11017
11117	11278
11461	11633
11782	11892
11969	12016
12043	12063
12086	12119
12155	12192
12218	12232
12238	12245
12258	12283
12317	12349
12376	12390
12386	12367
12335	12292
12249	12215
12198	12198
12219	12256
12303	12356
12406	12451
12482	12500
12501	12483
12451	12409
12364	12322
12291	12273
12270	12281
12301	12325
12349	12368
12376	12368
12345	12302
12244	12174
12090	12000
11905	11818
11745	11701
11696	11734
11810	11907
12016	12121
12216	12293
12353	12391
12408	12402
12372	12328
12274	12214
12127	11984
11750	11414
10984	10517
10088	9786
9697	9876
10330	11021
11859	12739
13545	14176
14559	14654
14456	13985
13299	12479
11622	10835
10212	9820
9689	9803
10114	10541
11003	11430
11775	12020
12174	12251
12274	12266
12239	12210
12189	12179
12187	12209
12233	12249
12240	12184
12048	11812
11460	11007
10504	10036
9704	9611
9810	10282
10910	11526
11949	12062
11860	11451
11009	10700
10623	10772
11069	11424
11745	12000
12173	12277
12329	12348
12351	12345
12338	12328
12309	12264
12177	12017
11776	11474
11174	10979
11006	11330
11955	12792
13700	14533
15189	15635
15896	16026
16089	16123
16149	16171
16185	16186
16188	16192
16204	16225
16250	16274
16292	16306
16313	16319
16319	16321
16321	16321
16321	16321
16321	16321
16321	16321
16321	16321
16321	16321
16321	16321
16321	16321
16321	16321
16321	16321
16321	16321
16321	16321
16321	16321
16321	16321
16321	16321
16321	16321
16321	16321
16321	16321
16321	16321
16321	16321
16321	16321
16321	16321
16321	16321
16321	16321
16321	16321
16321	16321
16321	16321
16321	16321
16321	16321
16321	16321
16321	16321
16321	16321
16321	16321
16321	16321
16321	16321
16321	16321
16321	16321
16321	16321
16321	16321
16321	16321
16321	16321
16321	16321
16321	16321
16321	16321
16321	16321
16321	16321
16321	16321
16321	16321
16321	16321
16321	16321
16321	16321
16321	16321
16321	16321
16321	16321
16321	16321
16321	16321
16321	16321
16321	16321
16321	16321
16320	16319
16316	16311
16301	16290
16277	16264
16255	16251
16249	16245
16242	16235
16229	16219
16213	16190
16140	16027
15802	15401
14777	13928
12923	11901
11024	10415
10116	10080
10205	10387
10557	10669
10726	10743
10743	10733
10716	10692
10654	10602
10527	10415
10248	10013
9718	9401
9144	9028
9118	9406
9816	10205
10419	10357
10004	9451
8852	8376
8146	8197
8496	8946
9444	9897
10247	10474
10592	10638
10652	10658
10678	10709
10740	10767
10782	10778
10751	10688
10570	10377
10088	9691
9186	8590
7948	7301
6700	6165
5710	5341
5060	4865
4748	4689
4663	4652
4649	4655
4684	4767
4929	5194
5580	6092
6714	7423
8174	8915
9600	10197
10685	11068
11354	11564
11708	11800
11848	11858
11847	11834
11833	11857
11903	11953
11989	11988
11937	11845
11732	11633
11575	11582
11650	11760
11884	12002
12096	12158
12188	12194
12188	12176
12173	12181
12202	12220
12236	12239
12238	12235
12242	12262
12291	12321
12343	12354
12352	12334
12302	12267
12231	12203
12194	12198
12223	12260
12303	12350
12393	12428
12456	12468
12467	12451
12419	12381
12340	12304
12276	12260
12259	12270
12291	12321
12349	12374
12395	12403
12398	12381
12350	12306
12258	12204
12156	12114
12081	12069
12073	12096
12134	12181
12234	12283
12325	12362
12386	12403
12404	12388
12355	12309
12247	12162
12024	11802
11466	11024
10522	10049
9705	9590
9758	10217
10922	11783
12698	13559
14284	14814
15119	15194
15038	14665
14092	13347
12492	11606
10789	10142
9737	9616
9766	10123
10595	11087
11522	11856
12080	12214
12273	12282
12264	12233
12205	12195
12205	12233
12270	12298
12308	12275
12181	12004
11724	11334
10860	10353
9896	9601
9565	9835
10374	11043
11651	12016
12046	11775
11344	10934
10689	10680
10875	11198
11549	11857
12087	12236
12314	12347
12358	12363
12362	12364
12359	12339
12281	12166
11966	11681
11351	11056
10918	11055
11516	12267
13178	14091
14861	15415
15761	15946
16037	16087
16124	16152
16172	16184
16185	16193
16206	16227
16251	16275
16292	16308
16314	16319
16320	16321
16321	16321
16321	16321
16321	16321
16321	16321
16321	16321
16321	16321
16321	16321
16321	16321
16321	16321
16321	16321
16321	16321
16321	16321
16321	16321
16321	16321
16321	16321
16321	16321
16321	16321
16321	16321
16321	16321
16321	16321
16321	16321
16321	16321
16321	16321
16321	16321
16321	16321
16321	16321
16321	16321
16321	16321
16321	16321
16321	16321
16321	16321
16321	16321
16321	16321
16321	16321
16321	16321
16321	16321
16321	16321
16321	16321
16321	16321
16321	16321
16321	16321
16321	16321
16321	16321
16321	16321
16321	16321
16321	16321
16321	16321
16321	16321
16321	16321
16321	16321
16321	16321
16321	16321
16321	16321
16321	16321
16321	16321
16321	16321
16321	16321
16321	16321
16321	16321
16320	16319
16315	16308
16296	16283
16266	16249
16240	16238
16241	16245
16244	16238
16228	16216
16198	16167
16095	15941
15641	15139
14397	13449
12400	11421
10664	10221
10077	10147
10315	10488
10617	10696
10725	10731
10730	10727
10717	10698
10661	10596
10494	10338
10115	9826
9493	9191
9002	9012
9241	9630
10049	10341
10374	10104
9594	8993
8476	8171
8142	8369
8770	9252
9723	10109
10384	10543
10611	10622
10621	10626
10648	10685
10717	10739
10744	10724
10669	10563
10375	10089
9688	9175
8563	7893
7222	6605
6076	5651
5324	5078
4903	4785
4721	4684
4668	4659
4650	4644
4652	4692
4784	4952
5215	5594
6094	6704
7402	8150
8895	9597
10216	10730
11131	11424
11626	11747
11817	11845
11850	11854
11870	11905
11959	12022
12078	12112
12112	12084
12036	11987
11957	11964
12005	12073
12148	12219
12272	12301
12305	12290
12265	12238
12218	12211
12214	12223
12229	12229
12225	12226
12231	12248
12270	12295
12309	12318
12313	12297
12272	12243
12216	12198
12193	12205
12230	12268
12304	12345
12378	12406
12426	12432
12427	12412
12385	12353
12319	12287
12260	12245
12243	12251
12268	12294
12322	12349
12371	12388
12396	12392
12379	12359
12336	12315
12296	12289
12288	12293
12304	12319
12337	12355
12369	12384
12395	12404
12408	12407
12397	12376
12340	12288
12211	12085
11877	11553
11102	10562
10022	9601
9416	9545
9997	10722
11620	12577
13480	14255
14857	15267
15492	15543
15433	15164
14722	14109
13336	12448
11529	10687
10031	9642
9561	9765
10177	10685
11191	11616
11926	12123
12233	12278
12278	12257
12233	12221
12232	12263
12306	12340
12354	12335
12271	12143
11932	11625
11215	10723
10210	9766
9515	9552
9913	10525
11217	11783
12057	11991
11652	11210
10834	10662
10722	10973
11323	11678
11965	12162
12277	12334
12360	12375
12387	12397
12404	12396
12354	12265
12100	11845
11518	11174
10923	10897
11187	11811
12674	13619
14480	15149
15595	15854
15990	16061
16109	16145
16171	16187
16194	16201
16212	16229
16253	16276
16295	16308
16316	16319
16320	16321
16321	16321
16321	16321
16321	16321
16321	16321
16321	16321
16321	16321
16321	16321
16321	16321
16321	16321
16321	16321
16321	16321
16321	16321
16321	16321
16321	16321
16321	16321
16321	16321
16321	16321
16321	16321
16321	16321
16321	16321
16321	16321
16321	16321
16321	16321
16321	16321
16321	16321
16321	16321
16321	16321
16321	16321
16321	16321
16321	16321
16321	16321
16321	16321
16321	16321
16321	16321
16321	16321
16321	16321
16321	16321
16321	16321
16321	16321
16321	16321
16321	16321
16321	16321
16321	16321
16321	16321
16321	16321
16321	16321
16321	16321
16321	16321
16321	16321
16321	16321
16321	16321
16321	16321
16321	16321
16321	16321
16321	16321
16321	16321
16321	16321
16321	16321
16321	16321
16320	16319
16314	16308
16295	16277
16257	16239
16228	16226
16231	16240
16241	16236
16223	16207
16185	16142
16041	15830
15446	14834
13985	12966
11923	11028
10413	10125
10102	10234
10408	10555
10646	10692
10708	10714
10716	10716
10712	10697
10655	10577
10438	10231
9952	9618
9281	9027
8945	9089
9426	9854
10206	10335
10163	9722
9138	8592
8227	8134
8299	8653
9103	9561
9961	10268
10467	10568
10596	10593
10584	10595
10623	10663
10696	10710
10696	10648
10553	10384
10115	9727
9214	8594
7902	7198
6538	5980
5544	5235
5023	4881
4789	4734
4699	4682
4673	4666
4657	4647
4641	4654
4698	4793
4958	5217
5586	6074
6678	7377
8133	8900
9625	10268
10794	11197
11481	11665
11774	11831
11862	11889
11919	11964
12018	12076
12127	12169
12190	12194
12184	12170
12163	12173
12201	12240
12285	12325
12353	12364
12356	12336
12305	12274
12246	12226
12217	12213
12212	12214
12217	12222
12232	12246
12261	12275
12284	12284
12278	12264
12244	12222
12204	12193
12198	12214
12239	12270
12304	12333
12356	12373
12385	12389
12384	12371
12353	12330
12304	12280
12259	12246
12240	12243
12251	12270
12289	12312
12331	12350
12361	12368
12370	12369
12367	12366
12371	12382
12396	12411
12425	12434
12438	12442
12439	12436
12431	12423
12414	12403
12388	12366
12328	12269
12166	11988
11692	11256
10692	10074
9533	9209
9221	9604
10324	11267
12295	13279
14127	14792
15267	15568
15724	15759
15684	15498
15186	14714
14071	13267
12348	11405
10556	9911
9564	9539
9807	10265
10796	11294
11689	11967
12137	12231
12266	12268
12256	12252
12265	12298
12337	12370
12382	12369
12328	12240
12093	11865
11538	11110
10601	10080
9656	9464
9594	10050
10714	11396
11884	12047
11876	11485
11042	10728
10638	10783
11094	11466
11801	12055
12214	12301
12350	12381
12404	12426
12437	12431
12398	12321
12180	11963
11663	11320
11011	10864
10994	11460
12223	13149
14065	14837
15391	15741
15936	16044
16106	16150
16179	16197
16203	16209
16215	16230
16251	16274
16292	16307
16315	16319
16320	16321
16321	16321
16321	16321
16321	16321
16321	16321
16321	16321
16321	16321
16321	16321
16321	16321
16321	16321
16321	16321
16321	16321
16321	16321
16321	16321
16321	16321
16321	16321
16321	16321
16321	16321
16321	16321
16321	16321
16321	16321
16321	16321
16321	16321
16321	16321
16321	16321
16321	16321
16321	16321
16321	16321
16321	16321
16321	16321
16321	16321
16321	16321
16321	16321
16321	16321
16321	16321
16321	16321
16321	16321
16321	16321
16321	16321
16321	16321
16321	16321
16321	16321
16321	16321
16321	16321
16321	16321
16321	16321
16321	16321
16321	16321
16321	16321
16321	16321
16321	16321
16321	16321
16321	16321
16321	16321
16321	16321
16321	16321
16321	16321
16321	16321
16321	16321
16321	16321
16320	16319
16315	16308
16295	16276
16253	16233
16220	16218
16225	16232
16234	16227
16213	16193
16163	16102
15962	15684
15206	14486
13554	12508
11514	10735
10271	10114
10174	10326
10478	10583
10641	10666
10679	10689
10694	10698
10693	10676
10627	10527
10352	10093
9763	9406
9098	8932
8979	9247
9650	10044
10259	10191
9830	9279
8709	8292
8135	8249
8569	8995
9437	9832
10148	10372
10505	10561
10568	10555
10552	10567
10601	10642
10668	10671
10634	10549
10396	10150
9785	9293
8676	7978
7244	6546
5936	5460
5128	4920
4802	4740
4708	4692
4682	4678
4675	4671
4664	4657
4647	4644
4657	4703
4798	4959
5210	5573
6052	6658
7370	8148
8942	9691
10347	10879
11274	11545
11716	11818
11883	11932
11972	12019
12063	12107
12147	12177
12199	12213
12225	12233
12247	12265
12291	12320
12348	12369
12384	12387
12378	12363
12337	12307
12277	12246
12224	12210
12202	12203
12210	12219
12229	12237
12244	12247
12247	12240
12229	12214
12200	12185
12177	12175
12182	12202
12223	12248
12272	12290
12304	12315
12322	12324
12325	12317
12310	12298
12288	12275
12265	12257
12252	12252
12256	12264
12274	12286
12297	12313
12323	12340
12350	12360
12370	12382
12396	12413
12431	12445
12456	12459
12460	12456
12449	12442
12432	12421
12410	12395
12380	12357
12322	12254
12123	11891
11511	10973
10313	9644
9119	8900
9085	9681
10604	11694
12795	13773
14559	15131
15514	15742
15853	15878
15834	15715
15505	15166
14672	14000
13166	12223
11268	10425
9815	9522
9566	9887
10371	10898
11363	11725
11972	12129
12214	12253
12265	12276
12296	12329
12364	12389
12399	12388
12357	12301
12205	12049
11809	11466
11009	10475
9951	9569
9457	9691
10227	10918
11547	11934
11981	11720
11290	10879
10642	10649
10878	11231
11600	11905
12117	12245
12319	12367
12404	12434
12453	12448
12418	12346
12227	12042
11789	11476
11156	10932
10927	11232
11856	12709
13639	14487
15146	15596
15867	16018
16106	16160
16192	16209
16214	16216
16220	16231
16249	16270
16288	16305
16313	16319
16320	16321
16321	16321
16321	16321
16321	16321
16321	16321
16321	16321
16321	16321
16321	16321
16321	16321
16321	16321
16321	16321
16321	16321
16321	16321
16321	16321
16321	16321
16321	16321
16321	16321
16321	16321
16321	16321
16321	16321
16321	16321
16321	16321
16321	16321
16321	16321
16321	16321
16321	16321
16321	16321
16321	16321
16321	16321
16321	16321
16321	16321
16321	16321
16321	16321
16321	16321
16321	16321
16321	16321
16321	16321
16321	16321
16321	16321
16321	16321
16321	16321
16321	16321
16321	16321
16321	16321
16321	16321
16321	16321
16321	16321
16321	16321
16321	16321
16321	16321
16321	16321
16321	16321
16321	16321
16321	16321
16321	16321
16321	16321
16321	16321
16321	16321
16321	16321
16321	16321
16320	16319
16316	16309
16298	16279
16256	16234
16220	16217
16223	16228
16227	16213
16198	16172
16132	16042
15852	15493
14916	14102
13117	12085
11182	10544
10221	10167
10268	10410
10521	10585
10611	10625
10642	10657
10665	10663
10654	10626
10568	10442
10229	9924
9558	9205
8963	8917
9101	9464
9875	10166
10199	9929
9426	8846
8370	8136
8185	8470
8889	9333
9727	10045
10277	10429
10513	10545
10539	10529
10528	10544
10578	10611
10631	10613
10548	10410
10186	9846
9380	8788
8095	7355
6630	5979
5452	5074
4836	4710
4661	4650
4655	4660
4664	4667
4669	4672
4670	4667
4660	4652
4649	4667
4713	4806
4961	5208
5567	6059
6689	7431
8247	9074
9846	10512
11034	11411
11657	11814
11905	11971
12015	12054
12085	12115
12136	12156
12174	12194
12214	12238
12268	12298
12328	12352
12369	12380
12384	12384
12379	12370
12356	12335
12307	12273
12244	12217
12199	12192
12194	12198
12200	12200
12193	12183
12169	12154
12137	12123
12111	12099
12096	12098
12112	12125
12144	12160
12174	12184
12190	12195
12200	12207
12212	12218
12225	12230
12236	12243
12245	12249
12252	12257
12262	12266
12270	12275
12285	12294
12305	12316
12333	12346
12362	12376
12390	12404
12414	12422
12429	12432
12429	12427
12422	12415
12408	12401
12390	12381
12371	12354
12320	12246
12097	11824
11385	10779
10059	9360
8853	8693
8975	9681
10698	11858
12985	13957
14712	15248
15595	15798
15899	15930
15910	15840
15706	15481
15128	14610
13916	13058
12100	11145
10320	9758
9525	9622
9973	10455
10955	11390
11728	11965
12119	12209
12261	12291
12319	12351
12380	12401
12407	12396
12374	12337
12277	12176
12011	11754
11379	10885
10329	9821
9503	9491
9823	10422
11105	11671
11946	11882
11549	11109
10748	10603
10702	10994
11360	11709
11977	12157
12266	12337
12388	12428
12450	12450
12417	12350
12246	12099
11894	11631
11331	11076
10967	11119
11581	12320
13212	14100
14851	15404
15765	15979
16100	16166
16205	16219
16222	16221
16218	16226
16243	16265
16285	16301
16311	16318
16319	16321
16321	16321
16321	16321
16321	16321
16321	16321
16321	16321
16321	16321
16321	16321
16321	16321
16321	16321
16321	16321
16321	16321
16321	16321
16321	16321
16321	16321
16321	16321
16321	16321
16321	16321
16321	16321
16321	16321
16321	16321
16321	16321
16321	16321
16321	16321
16321	16321
16321	16321
16321	16321
16321	16321
16321	16321
16321	16321
16321	16321
16321	16321
16321	16321
16321	16321
16321	16321
16321	16321
16321	16321
16321	16321
16321	16321
16321	16321
16321	16321
16321	16321
16321	16321
16321	16321
16321	16321
16321	16321
16321	16321
16321	16321
16321	16321
16321	16321
16321	16321
16321	16321
16321	16321
16321	16321
16321	16321
16321	16321
16321	16321
16321	16321
16321	16321
16321	16321
16321	16319
16317	16310
16300	16283
16262	16242
16226	16222
16225	16225
16216	16201
16175	16144
16082	15956
15697	15250
14570	13685
12678	11708
10923	10433
10239	10259
10373	10486
10548	10568
10571	10581
10598	10617
10620	10608
10587	10545
10465	10313
10063	9723
9350	9037
8895	8986
9290	9704
10056	10195
10031	9595
9021	8487
8163	8122
8348	8747
9201	9614
9946	10189
10356	10459
10511	10524
10518	10508
10508	10523
10547	10570
10572	10532
10424	10227
9914	9474
8907	8234
7499	6763
6086	5520
5094	4811
4654	4590
4581	4596
4618	4634
4648	4655
4662	4670
4677	4677
4677	4668
4659	4661
4679	4728
4819	4979
5240	5628
6162	6846
7649	8517
9380	10164
10807	11291
11611	11810
11924	11991
12032	12059
12078	12092
12105	12118
12138	12162
12192	12231
12271	12309
12342	12363
12370	12371
12367	12365
12367	12371
12373	12365
12348	12314
12274	12231
12198	12170
12151	12135
12119	12098
12075	12045
12016	11986
11962	11940
11926	11916
11917	11922
11931	11940
11951	11958
11962	11963
11966	11969
11976	11989
12004	12024
12047	12070
12097	12120
12144	12167
12191	12210
12231	12248
12264	12274
12285	12295
12305	12315
12326	12335
12343	12350
12356	12362
12366	12368
12370	12371
12371	12371
12372	12372
12371	12371
12368	12365
12360	12350
12322	12254
12102	11820
11364	10744
10013	9308
8792	8619
8877	9558
10549	11685
12805	13784
14560	15125
15505	15739
15867	15923
15933	15903
15826	15689
15454	15089
14555	13838
12959	11988
11038	10247
9728	9543
9674	10031
10501	10980
11401	11735
11975	12134
12230	12288
12326	12358
12385	12401
12405	12395
12380	12355
12318	12257
12144	11963
11672	11253
10722	10165
9695	9461
9560	9987
10629	11296
11780	11945
11778	11386
10958	10660
10602	10778
11103	11469
11788	12027
12186	12287
12357	12405
12430	12431
12398	12341
12257	12143
11987	11778
11522	11263
11085	11102
11399	11994
12806	13693
14511	15163
15617	15905
16068	16158
16203	16224
16227	16219
16216	16219
16234	16255
16277	16296
16308	16315
16319	16320
16321	16321
16321	16321
16321	16321
16321	16321
16321	16321
16321	16321
16321	16321
16321	16321
16321	16321
16321	16321
16321	16321
16321	16321
16321	16321
16321	16321
16321	16321
16321	16321
16321	16321
16321	16321
16321	16321
16321	16321
16321	16321
16321	16321
16321	16321
16321	16321
16321	16321
16321	16321
16321	16321
16321	16321
16321	16321
16321	16321
16321	16321
16321	16321
16321	16321
16321	16321
16321	16321
16321	16321
16321	16321
16321	16321
16321	16321
16321	16321
16321	16321
16321	16321
16321	16321
16321	16321
16321	16321
16321	16321
16321	16321
16321	16321
16321	16321
16321	16321
16321	16321
16321	16321
16321	16321
16321	16321
16321	16321
16321	16321
16321	16321
16321	16321
16321	16321
16321	16320
16318	16313
16302	16289
16269	16250
16235	16231
16227	16221
16208	16180
16147	16099
16006	15826
15490	14944
14177	13240
12252	11372
10729	10381
10291	10358
10468	10543
10566	10553
10536	10539
10552	10567
10562	10537
10494	10433
10325	10139
9858	9503
9153	8924
8906	9130
9522	9923
10165	10120
9779	9237
8669	8250
8101	8238
8590	9035
9471	9828
10090	10272
10392	10465
10502	10510
10504	10492
10488	10495
10507	10513
10493	10418
10258	9981
9573	9031
8377	7652
6916	6230
5634	5176
4852	4658
4560	4533
4539	4567
4594	4615
4633	4645
4656	4666
4675	4680
4681	4673
4663	4661
4667	4692
4756	4872
5075	5395
5860	6487
7263	8143
9059	9918
10651	11207
11584	11810
11930	11991
12018	12032
12042	12048
12059	12077
12103	12136
12179	12224
12271	12311
12339	12352
12348	12341
12333	12335
12346	12366
12385	12393
12380	12347
12291	12226
12156	12092
12039	11989
11942	11894
11848	11795
11745	11696
11655	11620
11600	11585
11581	11580
11583	11587
11591	11588
11584	11581
11581	11585
11595	11614
11641	11677
11716	11757
11801	11844
11890	11942
11997	12054
12110	12163
12211	12250
12282	12306
12322	12330
12332	12329
12324	12317
12312	12309
12306	12305
12308	12309
12313	12315
12321	12327
12333	12339
12342	12344
12348	12346
12328	12273
12137	11878
11457	10878
10187	9500
8961	8710
8837	9358
10192	11213
12280	13269
14103	14758
15232	15552
15752	15863
15911	15921
15892	15816
15676	15437
15060	14506
13768	12871
11889	10950
10183	9699
9546	9693
10059	10530
11010	11439
11774	12015
12170	12260
12315	12350
12375	12393
12398	12393
12380	12362
12335	12296
12221	12095
11878	11543
11081	10534
9991	9589
9458	9672
10191	10870
11505	11896
11943	11677
11238	10825
10595	10611
10846	11194
11556	11857
12075	12220
12314	12369
12396	12396
12370	12325
12263	12183
12072	11915
11707	11462
11243	11151
11292	11725
12427	13278
14135	14870
15420	15790
16008	16129
16191	16217
16221	16216
16208	16209
16222	16243
16267	16289
16304	16313
16319	16320
16321	16321
16321	16321
16321	16321
16321	16321
16321	16321
16321	16321
16321	16321
16321	16321
16321	16321
16321	16321
16321	16321
16321	16321
16321	16321
16321	16321
16321	16321
16321	16321
16321	16321
16321	16321
16321	16321
16321	16321
16321	16321
16321	16321
16321	16321
16321	16321
16321	16321
16321	16321
16321	16321
16321	16321
16321	16321
16321	16321
16321	16321
16321	16321
16321	16321
16321	16321
16321	16321
16321	16321
16321	16321
16321	16321
16321	16321
16321	16321
16321	16321
16321	16321
16321	16321
16321	16321
16321	16321
16321	16321
16321	16321
16321	16321
16321	16321
16321	16321
16321	16321
16321	16321
16321	16321
16321	16321
16321	16321
16321	16321
16321	16321
16321	16321
16321	16321
16321	16320
16319	16313
16305	16291
16275	16258
16247	16240
16234	16221
16198	16161
16112	16039
15908	15657
15229	14584
13738	12778
11842	11075
10580	10360
10351	10447
10543	10589
10581	10545
10513	10502
10506	10511
10492	10451
10385	10291
10149	9926
9622	9279
8996	8881
9002	9335
9755	10083
10169	9944
9471	8894
8406	8147
8172	8447
8863	9304
9685	9970
10173	10308
10399	10459
10487	10493
10481	10472
10460	10457
10455	10441
10387	10265
10035	9672
9165	8532
7816	7079
6380	5772
5288	4937
4709	4580
4523	4512
4526	4553
4580	4605
4625	4643
4654	4665
4672	4671
4669	4662
4654	4649
4655	4685
4750	4870
5067	5375
5816	6416
7167	8037
8956	9840
10600	11183
11575	11805
11920	11965
11977	11977
11981	11991
12008	12035
12072	12117
12164	12213
12259	12294
12314	12316
12306	12294
12285	12291
12318	12355
12389	12407
12393	12342
12257	12145
12024	11906
11798	11707
11625	11549
11476	11403
11335	11268
11206	11157
11122	11098
11085	11079
11074	11071
11069	11062
11055	11051
11049	11052
11067	11089
11126	11168
11212	11259
11306	11359
11428	11512
11614	11729
11852	11973
12083	12176
12255	12307
12339	12349
12345	12325
12304	12280
12266	12254
12255	12256
12262	12267
12271	12277
12283	12292
12299	12308
12318	12327
12335	12341
12334	12296
12192	11982
11634	11143
10538	9898
9341	8979
8914	9185
9767	10588
11534	12501
13395	14162
14771	15223
15534	15733
15846	15900
15914	15890
15818	15677
15430	15038
14462	13697
12774	11783
10847	10102
9648	9528
9704	10093
10586	11083
11515	11846
12073	12211
12290	12333
12362	12378
12388	12385
12374	12359
12338	12308
12255	12166
12008	11754
11377	10885
10335	9833
9515	9505
9843	10451
11154	11731
12005	11917
11548	11073
10688	10527
10625	10913
11288	11646
11931	12129
12252	12321
12351	12355
12339	12309
12269	12220
12149	12040
11876	11654
11417	11242
11249	11523
12089	12871
13735	14535
15179	15631
15916	16076
16161	16200
16210	16204
16197	16196
16208	16230
16257	16280
16300	16310
16316	16319
16321	16321
16321	16321
16321	16321
16321	16321
16321	16321
16321	16321
16321	16321
16321	16321
16321	16321
16321	16321
16321	16321
16321	16321
16321	16321
16321	16321
16321	16321
16321	16321
16321	16321
16321	16321
16321	16321
16321	16321
16321	16321
16321	16321
16321	16321
16321	16321
16321	16321
16321	16321
16321	16321
16321	16321
16321	16321
16321	16321
16321	16321
16321	16321
16321	16321
16321	16321
16321	16321
16321	16321
16321	16321
16321	16321
16321	16321
16321	16321
16321	16321
16321	16321
16321	16321
16321	16321
16321	16321
16321	16321
16321	16321
16321	16321
16321	16321
16321	16321
16321	16321
16321	16321
16321	16321
16321	16321
16321	16321
16321	16321
16321	16321
16321	16321
16321	16321
16321	16319
16319	16312
16305	16292
16279	16264
16253	16246
16236	16217
16186	16138
16068	15961
15771	15439
14912	14168
13265	12309
11454	10818
10463	10354
10405	10507
10589	10617
10592	10544
10501	10474
10463	10450
10415	10355
10264	10134
9948	9687
9375	9074
8889	8915
9170	9570
9961	10161
10066	9684
9136	8602
8246	8160
8342	8706
9136	9534
9846	10064
10212	10316
10391	10440
10466	10470
10454	10435
10418	10405
10388	10348
10253	10066
9753	9293
8695	7993
7253	6537
5908	5403
5034	4783
4631	4550
4515	4508
4520	4543
4571	4600
4626	4646
4658	4662
4659	4654
4644	4634
4626	4629
4647	4698
4797	4962
5209	5558
6030	6640
7382	8222
9105	9945
10669	11218
11586	11794
11889	11917
11917	11912
11918	11935
11964	12003
12045	12092
12143	12189
12227	12257
12270	12267
12254	12241
12239	12254
12291	12341
12385	12399
12365	12276
12130	11945
11745	11551
11382	11243
11133	11044
10964	10890
10814	10737
10666	10605
10555	10526
10506	10495
10488	10483
10478	10473
10469	10464
10461	10464
10476	10501
10530	10563
10590	10613
10641	10678
10746	10861
11021	11221
11440	11664
11871	12049
12190	12289
12343	12365
12353	12325
12289	12253
12228	12218
12219	12227
12238	12246
12251	12258
12259	12266
12274	12286
12296	12309
12320	12332
12331	12309
12240	12091
11832	11450
10960	10406
9861	9415
9159	9158
9440	9989
10743	11615
12520	13374
14120	14728
15186	15509
15716	15838
15899	15919
15898	15829
15684	15425
15009	14405
13608	12661
11651	10719
9996	9584
9508	9734
10167	10688
11199	11623
11931	12128
12243	12304
12342	12364
12376	12375
12368	12352
12334	12309
12269	12205
12088	11900
11606	11198
10686	10147
9703	9493
9624	10093
10776	11464
11942	12067
11835	11371
10877	10544
10471	10657
11010	11408
11758	12015
12176	12265
12303	12315
12312	12302
12282	12258
12216	12142
12016	11824
11580	11352
11248	11378
11803	12487
13327	14169
14896	15433
15791	16001
16116	16170
16190	16190
16184	16183
16194	16218
16244	16273
16294	16308
16316	16319
16320	16321
16321	16321
16321	16321
16321	16321
16321	16321
16321	16321
16321	16321
16321	16321
16321	16321
16321	16321
16321	16321
16321	16321
16321	16321
16321	16321
16321	16321
16321	16321
16321	16321
16321	16321
16321	16321
16321	16321
16321	16321
16321	16321
16321	16321
16321	16321
16321	16321
16321	16321
16321	16321
16321	16321
16321	16321
16321	16321
16321	16321
16321	16321
16321	16321
16321	16321
16321	16321
16321	16321
16321	16321
16321	16321
16321	16321
16321	16321
16321	16321
16321	16321
16321	16321
16321	16321
16321	16321
16321	16321
16321	16321
16321	16321
16321	16321
16321	16321
16321	16321
16321	16321
16321	16321
16321	16321
16321	16321
16321	16321
16321	16321
16321	16321
16321	16321
16320	16319
16315	16310
16299	16288
16273	16261
16248	16241
16232	16209
16170	16109
16015	15862
15599	15172
14538	13709
12767	11850
11098	10603
10377	10356
10442	10543
10610	10626
10596	10546
10492	10450
10420	10386
10335	10255
10137	9964
9729	9439
9138	8912
8854	9024
9384	9804
10101	10138
9868	9372
8815	8377
8186	8268
8567	8975
9383	9721
9964	10127
10235	10313
10375	10414
10433	10429
10411	10384
10362	10338
10302	10227
10075	9808
9397	8842
8170	7435
6706	6050
5518	5122
4853	4687
4590	4536
4511	4507
4516	4537
4567	4597
4629	4647
4659	4656
4643	4626
4607	4595
4590	4606
4652	4752
4915	5160
5498	5934
6475	7120
7854	8650
9451	10200
10828	11299
11610	11777
11848	11865
11858	11855
11865	11893
11931	11972
12017	12056
12096	12137
12172	12199
12214	12212
12205	12195
12199	12222
12267	12323
12361	12361
12284	12130
11896	11609
11300	11014
10776	10602
10487	10417
10370	10334
10287	10231
10169	10114
10068	10038
10021	10016
10015	10016
10019	10020
10022	10019
10015	10010
10011	10017
10022	10014
9988	9944
9897	9878
9917	10044
10263	10563
10909	11265
11595	11877
12096	12246
12334	12367
12362	12326
12279	12237
12211	12202
12207	12223
12237	12249
12252	12251
12251	12251
12259	12268
12282	12294
12308	12318
12325	12314
12272	12177
12003	11735
11367	10921
10434	9961
9573	9349
9345	9595
10087	10780
11604	12472
13310	14058
14676	15151
15485	15705
15836	15905
15931	15917
15847	15690
15411	14967
14328	13492
12508	11482
10559	9869
9514	9513
9810	10292
10838	11339
11732	12005
12173	12270
12323	12352
12366	12368
12358	12344
12329	12310
12279	12229
12145	12005
11784	11459
11017	10495
9984	9622
9546	9823
10405	11123
11751	12090
12045	11671
11139	10662
10418	10464
10749	11153
11552	11867
12076	12195
12255	12282
12297	12299
12296	12286
12263	12216
12117	11955
11723	11471
11287	11291
11573	12147
12934	13792
14581	15203
15636	15902
16053	16128
16161	16168
16166	16167
16180	16203
16235	16264
16288	16305
16314	16319
16320	16321
16321	16321
16321	16321
16321	16321
16321	16321
16321	16321
16321	16321
16321	16321
16321	16321
16321	16321
16321	16321
16321	16321
16321	16321
16321	16321
16321	16321
16321	16321
16321	16321
16321	16321
16321	16321
16321	16321
16321	16321
16321	16321
16321	16321
16321	16321
16321	16321
16321	16321
16321	16321
16321	16321
16321	16321
16321	16321
16321	16321
16321	16321
16321	16321
16321	16321
16321	16321
16321	16321
16321	16321
16321	16321
16321	16321
16321	16321
16321	16321
16321	16321
16321	16321
16321	16321
16321	16321
16321	16321
16321	16321
16321	16321
16321	16321
16321	16321
16321	16321
16321	16321
16321	16321
16321	16321
16321	16321
16321	16321
16321	16321
16321	16321
16321	16321
16319	16319
16312	16305
16291	16276
16258	16244
16231	16224
16212	16193
16148	16073
15944	15734
15386	14853
14112	13213
12262	11411
10784	10430
10319	10366
10464	10556
10606	10616
10586	10538
10479	10425
10373	10325
10260	10160
10004	9786
9509	9202
8937	8811
8896	9196
9623	10000
10164	10021
9600	9041
8535	8237
8213	8438
8815	9227
9589	9862
10046	10166
10247	10307
10351	10384
10391	10379
10353	10322
10289	10256
10192	10068
9838	9475
8962	8324
7604	6874
6198	5632
5202	4911
4728	4623
4563	4525
4508	4503
4512	4533
4563	4594
4625	4646
4654	4642
4621	4592
4567	4552
4562	4603
4699	4866
5122	5474
5927	6470
7092	7772
8491	9215
9908	10526
11031	11399
11634	11760
11808	11816
11811	11815
11835	11870
11914	11954
11986	12012
12041	12074
12106	12137
12159	12172
12174	12172
12179	12203
12246	12294
12324	12293
12167	11929
11583	11165
10734	10343
10042	9852
9771	9770
9816	9871
9913	9922
9914	9891
9871	9862
9864	9874
9889	9902
9919	9935
9945	9947
9937	9918
9897	9866
9814	9727
9595	9424
9245	9110
9076	9188
9461	9864
10349	10847
11310	11698
11991	12191
12306	12355
12353	12321
12277	12238
12213	12207
12215	12233
12248	12258
12259	12253
12247	12245
12246	12256
12269	12286
12299	12308
12309	12304
12281	12224
12119	11943
11690	11361
10968	10534
10107	9747
9522	9493
9698	10139
10772	11550
12391	13225
13985	14622
15117	15465
15697	15840
15921	15953
15937	15858
15688	15385
14906	14219
13335	12317
11277	10375
9742	9473
9564	9937
10463	11011
11483	11838
12077	12222
12302	12342
12360	12361
12354	12340
12327	12311
12288	12249
12187	12085
11925	11677
11315	10843
10315	9849
9595	9667
10084	10750
11459	11982
12152	11932
11438	10879
10474	10359
10536	10905
11329	11693
11953	12113
12204	12257
12285	12302
12307	12305
12291	12257
12184	12052
11846	11588
11357	11263
11413	11862
12570	13416
14250	14946
15457	15786
15976	16076
16122	16142
16144	16152
16167	16194
16225	16259
16284	16303
16313	16319
16320	16321
16321	16321
16321	16321
16321	16321
16321	16321
16321	16321
16321	16321
16321	16321
16321	16321
16321	16321
16321	16321
16321	16321
16321	16321
16321	16321
16321	16321
16321	16321
16321	16321
16321	16321
16321	16321
16321	16321
16321	16321
16321	16321
16321	16321
16321	16321
16321	16321
16321	16321
16321	16321
16321	16321
16321	16321
16321	16321
16321	16321
16321	16321
16321	16321
16321	16321
16321	16321
16321	16321
16321	16321
16321	16321
16321	16321
16321	16321
16321	16321
16321	16321
16321	16321
16321	16321
16321	16321
16321	16321
16321	16321
16321	16321
16321	16321
16321	16321
16321	16321
16321	16321
16321	16321
16321	16321
16321	16321
16321	16321
16321	16321
16321	16321
16321	16320
16319	16316
16308	16296
16278	16257
16234	16217
16205	16197
16189	16167
16118	16025
15862	15583
15141	14494
13656	12700
11773	11012
10520	10304
10296	10381
10486	10557
10592	10588
10564	10515
10456	10392
10333	10272
10189	10064
9870	9606
9292	8989
8790	8782
9007	9406
9839	10126
10123	9813
9289	8733
8327	8183
8313	8645
9058	9447
9752	9963
10098	10186
10248	10297
10329	10345
10339	10319
10286	10249
10210	10151
10047	9854
9532	9063
8456	7753
7025	6334
5745	5284
4962	4757
4638	4572
4533	4511
4500	4502
4511	4533
4561	4590
4617	4633
4637	4621
4592	4560
4531	4529
4559	4651
4816	5079
5446	5923
6493	7131
7809	8500
9171	9804
10371	10847
11221	11489
11654	11740
11770	11779
11779	11794
11825	11868
11909	11940
11956	11967
11981	12010
12047	12089
12127	12155
12168	12174
12177	12195
12229	12266
12276	12215
12035	11715
11253	10708
10144	9651
9298	9118
9108	9234
9434	9651
9835	9967
10048	10093
10124	10153
10188	10224
10260	10295
10330	10362
10382	10385
10366	10327
10269	10180
10045	9834
9545	9190
8825	8528
8388	8462
8770	9267
9876	10506
11081	11557
11905	12138
12272	12330
12337	12315
12282	12254
12236	12234
12238	12250
12260	12264
12263	12255
12244	12238
12239	12248
12265	12282
12295	12299
12296	12289
12275	12244
12180	12072
11912	11690
11403	11054
10663	10267
9918	9685
9621	9774
10145	10723
11458	12287
13129	13911
14571	15083
15450	15698
15854	15941
15974	15953
15862	15671
15333	14808
14064	13126
12070	11031
10177	9638
9480	9672
10109	10655
11186	11624
11943	12150
12271	12333
12359	12365
12357	12346
12332	12319
12302	12271
12225	12153
12040	11857
11572	11170
10667	10150
9756	9626
9848	10390
11102	11758
12140	12120
11734	11159
10635	10354
10390	10682
11092	11494
11811	12020
12152	12232
12281	12307
12314	12309
12297	12271
12217	12116
11945	11707
11454	11285
11315	11631
12239	13045
13903	14671
15259	15654
15889	16015
16075	16103
16116	16132
16150	16183
16219	16255
16283	16303
16312	16319
16320	16321
16321	16321
16321	16321
16321	16321
16321	16321
16321	16321
16321	16321
16321	16321
16321	16321
16321	16321
16321	16321
16321	16321
16321	16321
16321	16321
16321	16321
16321	16321
16321	16321
16321	16321
16321	16321
16321	16321
16321	16321
16321	16321
16321	16321
16321	16321
16321	16321
16321	16321
16321	16321
16321	16321
16321	16321
16321	16321
16321	16321
16321	16321
16321	16321
16321	16321
16321	16321
16321	16321
16321	16321
16321	16321
16321	16321
16321	16321
16321	16321
16321	16321
16321	16321
16321	16321
16321	16321
16321	16321
16321	16321
16321	16321
16321	16321
16321	16321
16321	16321
16321	16321
16321	16321
16321	16321
16321	16321
16321	16321
16321	16321
16321	16321
16321	16320
16319	16313
16304	16288
16264	16235
16207	16185
16171	16167
16160	16141
16085	15973
15763	15409
14862	14106
13178	12199
11320	10674
10325	10229
10296	10409
10503	10553
10565	10553
10527	10483
10426	10364
10299	10228
10128	9971
9734	9425
9092	8817
8707	8829
9171	9622
10005	10156
9984	9540
8971	8473
8203	8216
8474	8872
9286	9635
9879	10036
10132	10199
10250	10286
10306	10306
10288	10258
10221	10179
10121	10027
9860	9578
9151	8579
7897	7166
6462	5849
5365	5015
4788	4651
4574	4531
4508	4495
4495	4500
4515	4532
4556	4576
4598	4609
4607	4590
4561	4530
4513	4532
4614	4773
5037	5414
5905	6496
7161	7857
8552	9208
9803	10325
10760	11107
11369	11550
11662	11718
11744	11753
11764	11788
11827	11870
11908	11925
11927	11925
11932	11961
12006	12064
12117	12159
12186	12193
12195	12202
12220	12241
12235	12148
11930	11542
10996	10340
9668	9088
8692	8537
8625	8908
9304	9729
10107	10403
10610	10748
10846	10924
10993	11059
11119	11176
11228	11271
11296	11298
11267	11201
11096	10934
10681	10316
9830	9258
8684	8217
7966	8002
8335	8906
9605	10325
10970	11488
11859	12101
12240	12300
12320	12314
12299	12285
12276	12270
12267	12266
12265	12262
12259	12250
12240	12233
12231	12240
12258	12275
12289	12291
12286	12279
12266	12244
12207	12142
12044	11906
11722	11478
11174	10817
10439	10089
9828	9713
9791	10094
10620	11335
12167	13034
13840	14526
15063	15452
15714	15878
15962	15992
15958	15847
15624	15245
14661	13854
12860	11784
10774	10002
9582	9543
9823	10305
10851	11355
11758	12040
12216	12317
12360	12375
12372	12360
12343	12330
12311	12287
12252	12203
12127	11999
11786	11456
11004	10478
9989	9691
9706	10079
10731	11455
12011	12208
11987	11467
10873	10444
10319	10497
10865	11284
11649	11915
12092	12203
12270	12305
12313	12302
12287	12263
12229	12158
12024	11821
11566	11346
11271	11459
11951	12694
13556	14377
15043	15508
15794	15946
16022	16059
16083	16105
16136	16173
16214	16251
16280	16302
16312	16319
16320	16321
16321	16321
16321	16321
16321	16321
16321	16321
16321	16321
16321	16321
16321	16321
16321	16321
16321	16321
16321	16321
16321	16321
16321	16321
16321	16321
16321	16321
16321	16321
16321	16321
16321	16321
16321	16321
16321	16321
16321	16321
16321	16321
16321	16321
16321	16321
16321	16321
16321	16321
16321	16321
16321	16321
16321	16321
16321	16321
16321	16321
16321	16321
16321	16321
16321	16321
16321	16321
16321	16321
16321	16321
16321	16321
16321	16321
16321	16321
16321	16321
16321	16321
16321	16321
16321	16321
16321	16321
16321	16321
16321	16321
16321	16321
16321	16321
16321	16321
16321	16321
16321	16321
16321	16321
16321	16321
16321	16321
16321	16321
16321	16321
16321	16321
16321	16320
16317	16312
16300	16277
16248	16211
16174	16148
16135	16134
16133	16113
16051	15912
15652	15215
14563	13701
12711	11730
10924	10406
10188	10200
10320	10444
10519	10540
10531	10512
10483	10444
10396	10339
10274	10195
10076	9876
9589	9244
8909	8691
8688	8935
9359	9805
10086	10072
9748	9221
8674	8288
8170	8328
8679	9106
9498	9793
9981	10092
10157	10201
10242	10266
10273	10262
10235	10203
10163	10108
10023	9871
9618	9232
8704	8049
7325	6608
5963	5447
5070	4823
4675	4587
4538	4506
4489	4488
4497	4509
4524	4538
4550	4563
4570	4574
4570	4551
4527	4507
4517	4582
4733	4995
5377	5882
6489	7172
7888	8591
9247	9831
10325	10727
11043	11284
11458	11579
11653	11694
11717	11731
11750	11783
11826	11869
11901	11907
11900	11891
11899	11932
11991	12057
12125	12179
12214	12228
12224	12221
12224	12230
12211	12114
11879	11462
10871	10157
9417	8775
8347	8208
8379	8808
9399	10041
10631	11112
11464	11708
11875	11999
12100	12186
12268	12337
12400	12446
12473	12465
12418	12320
12156	11900
11514	10972
10285	9512
8762	8165
7852	7880
8244	8858
9601	10347
10997	11505
11861	12085
12211	12276
12303	12316
12321	12325
12324	12316
12301	12279
12263	12251
12246	12239
12230	12224
12221	12231
12249	12272
12284	12287
12279	12272
12263	12247
12219	12180
12120	12044
11939	11789
11583	11310
10973	10593
10219	9905
9721	9732
9982	10486
11203	12059
12954	13796
14516	15077
15481	15746
15905	15978
15991	15936
15803	15547
15113	14460
13589	12555
11483	10543
9878	9581
9648	9997
10504	11042
11520	11884
12135	12284
12362	12389
12391	12376
12357	12334
12312	12289
12262	12229
12184	12102
11950	11692
11307	10807
10276	9847
9675	9858
10384	11103
11783	12180
12157	11753
11151	10611
10327	10362
10657	11067
11468	11788
12012	12157
12247	12292
12305	12291
12272	12249
12228	12186
12094	11925
11687	11430
11272	11336
11704	12368
13212	14074
14810	15350
15687	15874
15964	16014
16043	16077
16116	16159
16205	16248
16280	16301
16312	16319
16320	16321
16321	16321
16321	16321
16321	16321
16321	16321
16321	16321
16321	16321
16321	16321
16321	16321
16321	16321
16321	16321
16321	16321
16321	16321
16321	16321
16321	16321
16321	16321
16321	16321
16321	16321
16321	16321
16321	16321
16321	16321
16321	16321
16321	16321
16321	16321
16321	16321
16321	16321
16321	16321
16321	16321
16321	16321
16321	16321
16321	16321
16321	16321
16321	16321
16321	16321
16321	16321
16321	16321
16321	16321
16321	16321
16321	16321
16321	16321
16321	16321
16321	16321
16321	16321
16321	16321
16321	16321
16321	16321
16321	16321
16321	16321
16321	16321
16321	16321
16321	16321
16321	16321
16321	16321
16321	16321
16321	16321
16321	16321
16321	16321
16321	16321
16321	16320
16316	16310
16294	16268
16230	16186
16142	16113
16099	16103
16106	16087
16016	15847
15529	15006
14249	13294
12256	11304
10594	10206
10111	10202
10357	10477
10529	10527
10496	10468
10438	10408
10369	10319
10259	10168
10019	9777
9445	9072
8758	8620
8733	9082
9542	9927
10065	9883
9440	8888
8422	8184
8225	8501
8909	9335
9688	9930
10066	10134
10172	10202
10227	10240
10239	10223
10193	10157
10113	10038
9905	9676
9322	8825
8202	7496
6775	6105
5551	5137
4864	4700
4609	4556
4518	4493
4483	4488
4500	4520
4534	4543
4546	4549
4548	4548
4538	4522
4506	4509
4562	4701
4949	5333
5844	6468
7169	7897
8610	9270
9848	10327
10710	11005
11224	11385
11499	11577
11630	11665
11686	11710
11739	11779
11827	11865
11886	11888
11874	11867
11880	11925
11988	12065
12137	12198
12241	12261
12260	12253
12246	12243
12216	12119
11892	11493
10915	10202
9446	8774
8312	8158
8355	8866
9594	10413
11195	11857
12362	12719
12960	13126
13251	13354
13444	13519
13581	13619
13636	13611
13536	13396
13161	12790
12257	11540
10682	9762
8923	8299
8004	8083
8490	9123
9853	10556
11151	11598
11902	12089
12195	12254
12291	12318
12340	12358
12364	12353
12325	12289
12256	12233
12219	12207
12196	12189
12190	12209
12234	12261
12274	12280
12275	12272
12267	12258
12236	12208
12173	12132
12082	12006
11887	11702
11441	11097
10694	10271
9899	9658
9625	9850
10355	11094
11988	12925
13806	14549
15122	15523
15774	15914
15973	15970
15902	15741
15437	14943
14225	13298
12249	11214
10355	9804
9616	9772
10174	10700
11229	11677
12010	12229
12352	12407
12416	12399
12369	12337
12305	12278
12252	12232
12208	12160
12062	11876
11562	11114
10580	10072
9744	9733
10090	10741
11475	12034
12219	11976
11437	10834
10411	10296
10484	10856
11277	11642
11915	12097
12211	12272
12290	12281
12258	12239
12228	12208
12150	12016
11798	11528
11303	11258
11507	12072
12876	13758
14556	15165
15565	15791
15906	15964
16004	16042
16090	16142
16195	16240
16276	16299
16312	16317
16320	16321
16321	16321
16321	16321
16321	16321
16321	16321
16321	16321
16321	16321
16321	16321
16321	16321
16321	16321
16321	16321
16321	16321
16321	16321
16321	16321
16321	16321
16321	16321
16321	16321
16321	16321
16321	16321
16321	16321
16321	16321
16321	16321
16321	16321
16321	16321
16321	16321
16321	16321
16321	16321
16321	16321
16321	16321
16321	16321
16321	16321
16321	16321
16321	16321
16321	16321
16321	16321
16321	16321
16321	16321
16321	16321
16321	16321
16321	16321
16321	16321
16321	16321
16321	16321
16321	16321
16321	16321
16321	16321
16321	16321
16321	16321
16321	16321
16321	16321
16321	16321
16321	16321
16321	16321
16321	16321
16321	16321
16321	16321
16321	16321
16321	16321
16321	16320
16316	16308
16290	16258
16211	16160
16112	16080
16071	16079
16084	16063
15973	15770
15388	14775
13917	12885
11826	10926
10328	10069
10078	10228
10394	10500
10528	10503
10463	10426
10398	10376
10347	10305
10239	10130
9943	9659
9293	8917
8655	8612
8835	9254
9697	9968
9937	9605
9086	8572
8232	8159
8346	8713
9147	9544
9845	10034
10133	10168
10185	10197
10209	10214
10205	10184
10158	10123
10064	9956
9756	9432
8965	8366
7673	6951
6263	5677
5224	4915
4726	4628
4575	4544
4518	4497
4488	4492
4507	4528
4543	4550
4552	4547
4544	4536
4528	4515
4514	4555
4671	4900
5270	5783
6418	7139
7886	8614
9280	9851
10321	10691
10973	11181
11328	11432
11508	11559
11597	11625
11652	11681
11724	11774
11822	11854
11863	11855
11840	11838
11861	11916
11988	12071
12146	12211
12260	12288
12296	12290
12281	12272
12244	12158
11961	11613
11101	10450
9734	9061
8560	8346
8485	8976
9738	10647
11570	12391
13049	13525
13852	14070
14222	14336
14429	14501
14551	14576
14570	14517
14398	14190
13852	13349
12660	11797
10827	9863
9056	8530
8355	8535
8993	9619
10287	10894
11383	11735
11967	12109
12192	12245
12283	12317
12347	12374
12384	12373
12335	12288
12236	12189
12152	12120
12097	12087
12103	12141
12189	12233
12263	12277
12282	12284
12286	12280
12261	12239
12215	12199
12179	12154
12097	11989
11806	11531
11160	10718
10252	9836
9559	9507
9739	10269
11051	11994
12973	13877
14623	15184
15561	15791
15913	15960
15943	15856
15660	15308
14750	13969
13006	11958
10969	10192
9741	9658
9895	10354
10897	11416
11837	12139
12321	12411
12432	12416
12377	12331
12286	12251
12225	12212
12202	12183
12131	12005
11763	11383
10884	10343
9898	9707
9876	10392
11108	11773
12150	12103
11686	11090
10565	10303
10362	10664
11078	11476
11793	12018
12161	12246
12275	12276
12259	12244
12238	12233
12197	12094
11895	11626
11358	11225
11351	11806
12540	13416
14258	14943
15415	15700
15847	15920
15965	16008
16058	16118
16179	16234
16271	16297
16312	16317
16320	16321
16321	16321
16321	16321
16321	16321
16321	16321
16321	16321
16321	16321
16321	16321
16321	16321
16321	16321
16321	16321
16321	16321
16321	16321
16321	16321
16321	16321
16321	16321
16321	16321
16321	16321
16321	16321
16321	16321
16321	16321
16321	16321
16321	16321
16321	16321
16321	16321
16321	16321
16321	16321
16321	16321
16321	16321
16321	16321
16321	16321
16321	16321
16321	16321
16321	16321
16321	16321
16321	16321
16321	16321
16321	16321
16321	16321
16321	16321
16321	16321
16321	16321
16321	16321
16321	16321
16321	16321
16321	16321
16321	16321
16321	16321
16321	16321
16321	16321
16321	16321
16321	16321
16321	16321
16321	16321
16321	16321
16321	16321
16321	16321
16321	16321
16321	16320
16316	16305
16285	16249
16199	16143
16090	16057
16047	16057
16062	16032
15920	15666
15209	14500
13554	12468
11422	10602
10125	9986
10081	10264
10428	10516
10523	10479
10425	10384
10358	10345
10324	10286
10211	10074
9850	9525
9140	8792
8602	8666
8982	9426
9799	9920
9718	9259
8720	8291
8108	8202
8512	8936
9364	9718
9964	10112
10175	10192
10194	10192
10190	10188
10177	10157
10132	10089
10005	9840
9558	9128
8554	7869
7138	6431
5816	5328
4982	4760
4640	4583
4558	4540
4520	4504
4494	4497
4512	4530
4545	4554
4561	4560
4560	4552
4547	4546
4573	4665
4863	5204
5701	6338
7071	7841
8590	9268
9842	10305
10664	10932
11130	11274
11375	11444
11494	11531
11558	11583
11612	11654
11705	11762
11808	11830
11823	11800
11782	11785
11822	11887
11972	12057
12139	12211
12269	12306
12319	12319
12309	12300
12275	12208
12059	11785
11375	10828
10195	9554
9020	8706
8710	9065
9736	10629
11608	12544
13341	13955
14389	14683
14880	15020
15118	15184
15217	15220
15176	15074
14884	14573
14102	13448
12616	11656
10668	9786
9137	8812
8827	9135
9638	10225
10794	11273
11637	11886
12045	12143
12201	12241
12277	12309
12339	12364
12375	12364
12325	12262
12181	12092
12003	11924
11872	11863
11905	11985
12080	12163
12222	12259
12284	12301
12308	12304
12290	12270
12253	12250
12250	12249
12233	12182
12061	11859
11555	11155
10682	10191
9756	9473
9431	9694
10270	11103
12087	13087
13987	14711
15240	15590
15800	15909
15948	15923
15814	15576
15166	14542
13710	12714
11672	10726
10031	9685
9711	10036
10551	11112
11620	12007
12262	12397
12440	12425
12381	12321
12266	12221
12193	12184
12185	12188
12168	12092
11919	11613
11167	10632
10116	9776
9749	10087
10711	11418
11947	12114
11872	11349
10781	10392
10308	10508
10886	11299
11657	11924
12103	12213
12267	12280
12276	12268
12263	12265
12238	12156
11982	11723
11433	11227
11240	11565
12200	13034
13903	14661
15223	15582
15781	15878
15933	15976
16032	16094
16162	16222
16265	16295
16311	16317
16320	16321
16321	16321
16321	16321
16321	16321
16321	16321
16321	16321
16321	16321
16321	16321
16321	16321
16321	16321
16321	16321
16321	16321
16321	16321
16321	16321
16321	16321
16321	16321
16321	16321
16321	16321
16321	16321
16321	16321
16321	16321
16321	16321
16321	16321
16321	16321
16321	16321
16321	16321
16321	16321
16321	16321
16321	16321
16321	16321
16321	16321
16321	16321
16321	16321
16321	16321
16321	16321
16321	16321
16321	16321
16321	16321
16321	16321
16321	16321
16321	16321
16321	16321
16321	16321
16321	16321
16321	16321
16321	16321
16321	16321
16321	16321
16321	16321
16321	16321
16321	16321
16321	16321
16321	16321
16321	16321
16321	16321
16321	16321
16321	16321
16321	16321
16321	16320
16316	16305
16285	16246
16194	16134
16080	16043
16035	16041
16044	15994
15844	15523
14975	14166
13143	12037
11041	10332
9982	9951
10105	10309
10458	10522
10508	10447
10386	10340
10320	10310
10296	10253
10159	9989
9720	9372
8993	8704
8615	8787
9161	9578
9831	9779
9421	8887
8381	8077
8058	8299
8700	9144
9539	9842
10035	10140
10184	10193
10184	10177
10171	10166
10153	10137
10109	10046
9919	9681
9301	8765
8098	7357
6618	5958
5433	5052
4801	4657
4584	4551
4538	4531
4520	4508
4502	4503
4510	4523
4540	4555
4572	4584
4591	4596
4602	4624
4700	4864
5165	5627
6240	6971
7757	8527
9226	9816
10283	10631
10887	11071
11210	11312
11387	11437
11472	11498
11519	11542
11572	11620
11679	11734
11768	11764
11732	11686
11658	11669
11725	11813
11915	12018
12111	12194
12256	12301
12321	12325
12321	12311
12294	12250
12151	11964
11665	11248
10725	10146
9595	9176
9000	9140
9613	10367
11297	12277
13183	13939
14517	14927
15205	15393
15512	15575
15594	15561
15464	15288
14990	14539
13908	13101
12167	11191
10296	9609
9215	9149
9366	9789
10306	10822
11271	11621
11868	12024
12121	12180
12218	12246
12268	12290
12310	12330
12338	12321
12276	12187
12059	11894
11718	11561
11467	11459
11543	11688
11856	12011
12128	12209
12266	12305
12324	12324
12310	12292
12280	12281
12292	12310
12316	12296
12226	12086
11856	11530
11116	10636
10140	9710
9442	9431
9738	10364
11238	12239
13227	14098
14787	15283
15609	15807
15912	15947
15903	15761
15476	15005
14319	13428
12401	11364
10470	9872
9651	9797
10220	10781
11348	11821
12153	12344
12421	12416
12372	12304
12244	12193
12162	12155
12165	12179
12184	12149
12032	11796
11418	10918
10374	9921
9710	9844
10319	10993
11629	11997
11970	11588
11040	10561
10332	10407
10710	11117
11508	11824
12045	12185
12264	12297
12306	12304
12302	12297
12278	12209
12062	11823
11526	11266
11170	11353
11856	12614
13487	14315
14978	15433
15699	15836
15905	15952
16009	16077
16149	16213
16262	16293
16310	16317
16320	16321
16321	16321
16321	16321
16321	16321
16321	16321
16321	16321
16321	16321
16321	16321
16321	16321
16321	16321
16321	16321
16321	16321
16321	16321
16321	16321
16321	16321
16321	16321
16321	16321
16321	16321
16321	16321
16321	16321
16321	16321
16321	16321
16321	16321
16321	16321
16321	16321
16321	16321
16321	16321
16321	16321
16321	16321
16321	16321
16321	16321
16321	16321
16321	16321
16321	16321
16321	16321
16321	16321
16321	16321
16321	16321
16321	16321
16321	16321
16321	16321
16321	16321
16321	16321
16321	16321
16321	16321
16321	16321
16321	16321
16321	16321
16321	16321
16321	16321
16321	16321
16321	16321
16321	16321
16321	16321
16321	16321
16321	16321
16321	16321
16321	16321
16321	16320
16316	16304
16285	16246
16194	16131
16078	16041
16033	16032
16019	15936
15729	15320
14663	13752
12673	11585
10686	10114
9900	9961
10153	10352
10480	10517
10484	10413
10345	10295
10275	10268
10249	10192
10072	9863
9563	9205
8872	8670
8695	8960
9354	9691
9788	9562
9081	8526
8102	7948
8087	8440
8890	9319
9666	9908
10058	10133
10163	10166
10160	10155
10151	10146
10138	10121
10079	9981
9790	9466
8980	8347
7613	6850
6143	5555
5124	4841
4675	4584
4538	4517
4509	4507
4505	4505
4502	4501
4501	4509
4526	4551
4580	4606
4629	4651
4687	4758
4905	5167
5583	6155
6861	7644
8428	9149
9761	10243
10595	10841
11010	11134
11230	11306
11365	11410
11441	11462
11478	11498
11528	11574
11627	11663
11665	11622
11544	11467
11430	11453
11537	11663
11805	11943
12062	12160
12232	12279
12303	12310
12307	12303
12293	12272
12218	12110
11919	11628
11226	10734
10197	9706
9358	9254
9456	9972
10748	11677
12636	13520
14251	14814
15216	15486
15651	15729
15728	15651
15479	15192
14750	14138
13347	12425
11461	10574
9876	9465
9366	9552
9936	10420
10903	11325
11654	11886
12037	12128
12183	12214
12238	12253
12263	12270
12275	12281
12276	12247
12174	12039
11831	11561
11272	11018
10869	10861
10993	11219
11484	11729
11932	12085
12199	12272
12312	12322
12313	12296
12284	12289
12308	12334
12354	12352
12316	12224
12062	11821
11492	11084
10611	10129
9716	9474
9502	9852
10513	11402
12395	13359
14192	14846
15320	15636
15829	15928
15946	15874
15689	15348
14813	14059
13107	12052
11034	10220
9744	9661
9933	10440
11029	11570
11982	12239
12359	12384
12350	12288
12223	12175
12144	12138
12151	12174
12195	12182
12108	11932
11625	11180
10647	10129
9765	9694
9976	10550
11225	11761
11960	11772
11307	10790
10435	10369
10575	10950
11364	11721
11987	12162
12268	12323
12343	12346
12339	12328
12305	12248
12127	11917
11635	11343
11145	11179
11526	12174
13022	13905
14670	15236
15592	15785
15881	15938
15994	16064
16139	16205
16257	16291
16309	16316
16320	16321
16321	16321
16321	16321
16321	16321
16321	16321
16321	16321
16321	16321
16321	16321
16321	16321
16321	16321
16321	16321
16321	16321
16321	16321
16321	16321
16321	16321
16321	16321
16321	16321
16321	16321
16321	16321
16321	16321
16321	16321
16321	16321
16321	16321
16321	16321
16321	16321
16321	16321
16321	16321
16321	16321
16321	16321
16321	16321
16321	16321
16321	16321
16321	16321
16321	16321
16321	16321
16321	16321
16321	16321
16321	16321
16321	16321
16321	16321
16321	16321
16321	16321
16321	16321
16321	16321
16321	16321
16321	16321
16321	16321
16321	16321
16321	16321
16321	16321
16321	16321
16321	16321
16321	16321
16321	16321
16321	16321
16321	16321
16321	16321
16321	16321
16321	16320
16316	16306
16285	16250
16199	16142
16087	16049
16033	16024
15985	15856
15569	15054
14272	13261
12154	11128
10364	9953
9870	10002
10210	10391
10490	10507
10460	10383
10309	10255
10229	10214
10186	10109
9955	9708
9385	9045
8779	8693
8836	9166
9532	9743
9661	9278
8723	8207
7906	7915
8186	8613
9064	9453
9740	9925
10035	10091
10115	10124
10125	10125
10127	10128
10125	10101
10033	9883
9611	9183
8599	7889
7121	6375
5728	5229
4892	4693
4587	4533
4499	4477
4467	4472
4483	4496
4500	4498
4494	4496
4511	4539
4576	4618
4662	4713
4802	4951
5198	5576
6104	6772
7531	8314
9047	9678
10180	10550
10803	10963
11067	11142
11210	11269
11323	11364
11397	11421
11437	11452
11474	11504
11525	11515
11455	11344
11207	11090
11043	11088
11221	11410
11621	11819
11982	12104
12187	12237
12262	12272
12273	12271
12274	12271
12253	12203
12102	11918
11633	11241
10763	10250
9785	9465
9388	9611
10138	10916
11840	12792
13663	14395
14954	15347
15587	15693
15672	15533
15257	14829
14223	13449
12542	11585
10696	9994
9572	9465
9640	10016
10490	10969
11381	11699
11922	12063
12149	12197
12226	12241
12252	12255
12255	12249
12239	12222
12193	12131
12004	11792
11480	11091
10683	10338
10141	10132
10307	10606
10959	11302
11603	11849
12040	12171
12254	12289
12293	12281
12272	12277
12299	12328
12358	12371
12358	12299
12190	12020
11785	11469
11074	10616
10147	9752
9542	9608
9990	10673
11562	12536
13474	14281
14919	15381
15687	15865
15944	15931
15823	15590
15187	14578
13752	12749
11679	10706
9995	9664
9730	10119
10681	11262
11743	12075
12257	12321
12313	12269
12216	12173
12144	12140
12157	12183
12206	12206
12157	12028
11785	11409
10917	10375
9900	9642
9715	10132
10778	11425
11840	11873
11553	11052
10607	10397
10487	10805
11223	11619
11932	12145
12275	12345
12374	12376
12365	12347
12322	12275
12181	12012
11755	11444
11169	11060
11239	11751
12539	13447
14307	14995
15457	15723
15857	15930
15991	16059
16133	16201
16255	16290
16308	16316
16320	16321
16321	16321
16321	16321
16321	16321
16321	16321
16321	16321
16321	16321
16321	16321
16321	16321
16321	16321
16321	16321
16321	16321
16321	16321
16321	16321
16321	16321
16321	16321
16321	16321
16321	16321
16321	16321
16321	16321
16321	16321
16321	16321
16321	16321
16321	16321
16321	16321
16321	16321
16321	16321
16321	16321
16321	16321
16321	16321
16321	16321
16321	16321
16321	16321
16321	16321
16321	16321
16321	16321
16321	16321
16321	16321
16321	16321
16321	16321
16321	16321
16321	16321
16321	16321
16321	16321
16321	16321
16321	16321
16321	16321
16321	16321
16321	16321
16321	16321
16321	16321
16321	16321
16321	16321
16321	16321
16321	16321
16321	16321
16321	16321
16321	16321
16321	16320
16316	16307
16289	16256
16208	16154
16103	16066
16039	16009
15932	15740
15355	14715
13811	12725
11623	10702
10100	9856
9887	10066
10268	10418
10490	10488
10431	10351
10272	10215
10177	10153
10102	9998
9806	9531
9204	8907
8736	8776
9023	9379
9668	9719
9456	8950
8377	7951
7808	7967
8342	8795
9218	9544
9767	9905
9981	10025
10052	10065
10075	10084
10099	10112
10113	10075
9965	9742
9372	8842
8170	7411
6643	5945
5384	4981
4728	4596
4530	4490
4460	4432
4418	4426
4449	4477
4495	4496
4490	4484
4494	4519
4561	4614
4682	4787
4950	5205
5577	6081
6713	7442
8205	8940
9584	10105
10494	10763
10931	11029
11085	11126
11167	11213
11260	11303
11340	11368
11381	11388
11388	11377
11341	11252
11101	10896
10680	10516
10465	10547
10753	11038
11345	11628
11857	12021
12126	12184
12212	12222
12227	12233
12239	12250
12255	12248
12205	12103
11917	11631
11237	10762
10255	9799
9484	9411
9636	10171
10954	11888
12846	13723
14450	14988
15326	15472
15433	15212
14811	14224
13467	12580
11636	10754
10047	9614
9490	9655
10027	10502
10987	11402
11724	11946
12086	12167
12215	12239
12252	12256
12258	12253
12245	12228
12203	12160
12085	11959
11749	11439
11020	10531
10046	9654
9439	9434
9627	9953
10353	10759
11147	11485
11769	11983
12132	12216
12252	12259
12256	12259
12277	12305
12340	12364
12363	12332
12262	12149
11989	11764
11465	11081
10632	10173
9796	9614
9707	10118
10816	11710
12679	13606
14406	15030
15475	15756
15902	15947
15897	15744
15456	14993
14310	13413
12363	11298
10393	9812
9641	9852
10325	10903
11442	11849
12104	12226
12259	12245
12213	12184
12168	12166
12182	12205
12225	12228
12193	12095
11906	11599
11169	10641
10105	9696
9561	9791
10343	11031
11613	11871
11736	11311
10824	10499
10458	10692
11091	11514
11867	12119
12273	12355
12387	12390
12370	12348
12321	12289
12224	12097
11871	11564
11234	11006
11020	11379
12065	12966
13899	14703
15283	15637
15823	15921
15987	16053
16127	16194
16250	16287
16307	16316
16320	16321
16321	16321
16321	16321
16321	16321
16321	16321
16321	16321
16321	16321
16321	16321
16321	16321
16321	16321
16321	16321
16321	16321
16321	16321
16321	16321
16321	16321
16321	16321
16321	16321
16321	16321
16321	16321
16321	16321
16321	16321
16321	16321
16321	16321
16321	16321
16321	16321
16321	16321
16321	16321
16321	16321
16321	16321
16321	16321
16321	16321
16321	16321
16321	16321
16321	16321
16321	16321
16321	16321
16321	16321
16321	16321
16321	16321
16321	16321
16321	16321
16321	16321
16321	16321
16321	16321
16321	16321
16321	16321
16321	16321
16321	16321
16321	16321
16321	16321
16321	16321
16321	16321
16321	16321
16321	16321
16321	16321
16321	16321
16321	16321
16321	16321
16321	16320
16316	16309
16292	16263
16221	16172
16123	16084
16048	15991
15860	15584
15081	14314
13302	12178
11130	10344
9919	9823
9939	10137
10315	10430
10475	10459
10403	10324
10243	10178
10128	10084
10006	9868
9641	9345
9036	8805
8747	8908
9228	9570
9739	9613
9191	8608
8076	7778
7799	8091
8532	8982
9351	9607
9768	9864
9923	9959
9986	10003
10020	10040
10066	10087
10086	10022
9859	9552
9082	8454
7715	6936
6202	5580
5111	4800
4619	4532
4488	4454
4418	4386
4368	4378
4411	4450
4479	4489
4481	4473
4478	4496
4538	4606
4712	4884
5148	5528
6034	6659
7370	8115
8841	9486
10021	10426
10714	10905
11013	11069
11092	11103
11121	11151
11190	11237
11276	11300
11308	11293
11253	11176
11050	10854
10582	10267
9965	9755
9703	9838
10131	10533
10960	11352
11667	11893
12035	12116
12154	12172
12181	12191
12205	12220
12241	12253
12245	12198
12086	11890
11598	11206
10731	10221
9753	9435
9363	9605
10160	10966
11914	12873
13734	14411
14857	15048
14986	14676
14145	13418
12558	11641
10779	10080
9640	9499
9646	10006
10478	10961
11385	11716
11946	12095
12181	12229
12251	12264
12264	12257
12249	12240
12227	12205
12157	12073
11931	11711
11401	10992
10502	9982
9500	9144
8964	8975
9150	9439
9796	10195
10606	11010
11377	11688
11923	12086
12181	12223
12237	12244
12256	12281
12315	12344
12355	12338
12294	12221
12117	11967
11757	11461
11078	10628
10177	9816
9659	9785
10229	10957
11876	12862
13795	14583
15180	15586
15820	15925
15927	15838
15648	15307
14771	14010
13039	11955
10920	10119
9689	9677
10008	10536
11098	11577
11911	12106
12192	12221
12221	12214
12211	12219
12231	12249
12260	12254
12223	12146
11999	11760
11396	10911
10353	9839
9528	9555
9956	10619
11308	11765
11837	11543
11069	10659
10494	10623
10972	11400
11786	12074
12251	12348
12383	12381
12358	12336
12313	12295
12254	12161
11978	11689
11333	11016
10887	11081
11640	12497
13475	14381
15078	15528
15774	15901
15976	16047
16121	16190
16247	16284
16306	16316
16320	16321
16321	16321
16321	16321
16321	16321
16321	16321
16321	16321
16321	16321
16321	16321
16321	16321
16321	16321
16321	16321
16321	16321
16321	16321
16321	16321
16321	16321
16321	16321
16321	16321
16321	16321
16321	16321
16321	16321
16321	16321
16321	16321
16321	16321
16321	16321
16321	16321
16321	16321
16321	16321
16321	16321
16321	16321
16321	16321
16321	16321
16321	16321
16321	16321
16321	16321
16321	16321
16321	16321
16321	16321
16321	16321
16321	16321
16321	16321
16321	16321
16321	16321
16321	16321
16321	16321
16321	16321
16321	16321
16321	16321
16321	16321
16321	16321
16321	16321
16321	16321
16321	16321
16321	16321
16321	16321
16321	16321
16321	16321
16321	16321
16321	16321
16321	16320
16316	16310
16295	16270
16235	16191
16148	16106
16056	15963
15765	15387
14755	13860
12772	11650
10702	10081
9824	9848
10015	10203
10348	10427
10450	10427
10371	10296
10215	10142
10077	10007
9899	9724
9467	9168
8893	8749
8808	9068
9426	9703
9731	9434
8890	8284
7838	7693
7868	8265
8734	9154
9460	9652
9763	9828
9873	9909
9931	9949
9968	9992
10026	10053
10039	9943
9712	9316
8745	8037
7254	6486
5807	5277
4903	4673
4548	4487
4452	4417
4377	4343
4324	4336
4367	4414
4450	4467
4465	4460
4457	4475
4521	4613
4773	5031
5410	5925
6557	7274
8024	8750
9398	9937
10351	10652
10859	10989
11062	11090
11090	11081
11081	11096
11131	11173
11209	11227
11209	11151
11043	10874
10630	10303
9906	9480
9103	8861
8819	9005
9390	9904
10458	10969
11390	11700
11903	12025
12093	12131
12149	12163
12177	12193
12214	12232
12240	12223
12166	12047
11851	11558
11160	10674
10148	9674
9362	9317
9593	10178
11000	11935
12849	13618
14149	14380
14299	13916
13282	12476
11599	10768
10096	9664
9520	9651
9992	10446
10922	11347
11683	11924
12082	12181
12239	12269
12283	12282
12268	12251
12232	12216
12199	12161
12082	11937
11703	11385
10975	10503
10014	9560
9203	8984
8907	8951
9070	9243
9464	9744
10088	10486
10895	11285
11618	11877
12056	12163
12216	12235
12248	12266
12294	12323
12341	12332
12306	12259
12190	12097
11956	11743
11444	11050
10596	10149
9805	9675
9849	10348
11133	12101
13114	14043
14802	15346
15690	15868
15928	15894
15774	15540
15140	14520
13666	12625
11528	10556
9889	9629
9767	10193
10746	11271
11682	11956
12113	12195
12233	12257
12270	12285
12295	12303
12301	12289
12254	12191
12079	11891
11597	11170
10629	10056
9605	9441
9667	10237
10963	11574
11850	11726
11320	10865
10588	10597
10863	11264
11671	11989
12198	12307
12350	12350
12336	12316
12306	12295
12275	12212
12064	11805
11451	11081
10838	10879
11299	12078
13062	14045
14845	15390
15703	15866
15960	16038
16114	16186
16243	16283
16304	16316
16320	16321
16321	16321
16321	16321
16321	16321
16321	16321
16321	16321
16321	16321
16321	16321
16321	16321
16321	16321
16321	16321
16321	16321
16321	16321
16321	16321
16321	16321
16321	16321
16321	16321
16321	16321
16321	16321
16321	16321
16321	16321
16321	16321
16321	16321
16321	16321
16321	16321
16321	16321
16321	16321
16321	16321
16321	16321
16321	16321
16321	16321
16321	16321
16321	16321
16321	16321
16321	16321
16321	16321
16321	16321
16321	16321
16321	16321
16321	16321
16321	16321
16321	16321
16321	16321
16321	16321
16321	16321
16321	16321
16321	16321
16321	16321
16321	16321
16321	16321
16321	16321
16321	16321
16321	16321
16321	16321
16321	16321
16321	16321
16321	16321
16321	16321
16321	16320
16317	16312
16300	16276
16246	16207
16165	16120
16053	15919
15647	15155
14392	13381
12240	11168
10356	9912
9807	9923
10109	10271
10370	10414
10418	10393
10340	10272
10190	10107
10026	9927
9786	9576
9299	9010
8793	8744
8910	9242
9592	9769
9638	9193
8577	8003
7677	7687
7992	8458
8933	9306
9550	9686
9762	9811
9848	9878
9896	9906
9922	9944
9979	10001
9969	9827
9523	9038
8379	7607
6810	6075
5473	5034
4748	4583
4496	4450
4415	4380
4342	4306
4288	4296
4327	4369
4406	4429
4437	4436
4442	4465
4530	4664
4896	5254
5754	6386
7116	7886
8635	9304
9856	10279
10584	10795
10939	11030
11079	11095
11085	11066
11055	11061
11089	11123
11145	11136
11073	10943
10739	10452
10074	9617
9106	8598
8175	7918
7896	8127
8583	9184
9842	10470
11004	11418
11713	11907
12028	12097
12134	12154
12167	12179
12196	12212
12223	12219
12191	12127
12011	11817
11522	11112
10609	10077
9615	9336
9335	9644
10235	11024
11875	12648
13204	13459
13367	12951
12290	11501
10723	10087
9679	9548
9676	10003
10441	10904
11320	11650
11891	12056
12164	12236
12282	12304
12310	12296
12271	12235
12208	12181
12149	12081
11949	11722
11392	10974
10509	10047
9653	9383
9260	9269
9351	9439
9484	9485
9488	9553
9726	10017
10391	10805
11211	11570
11853	12048
12165	12221
12246	12267
12289	12314
12329	12329
12312	12279
12237	12178
12087	11942
11718	11403
10994	10530
10084	9758
9677	9912
10495	11361
12387	13420
14329	15027
15500	15776
15900	15923
15862	15711
15421	14942
14223	13272
12178	11101
10232	9726
9642	9918
10413	10961
11441	11792
12023	12163
12250	12304
12337	12357
12366	12364
12350	12327
12286	12230
12143	12000
11765	11405
10904	10321
9773	9448
9484	9914
10611	11323
11784	11850
11557	11105
10732	10608
10763	11112
11515	11861
12103	12238
12297	12311
12309	12302
12300	12298
12287	12241
12124	11903
11572	11182
10860	10774
11055	11735
12694	13716
14597	15226
15608	15815
15935	16027
16106	16183
16242	16282
16304	16316
16320	16321
16321	16321
16321	16321
16321	16321
16321	16321
16321	16321
16321	16321
16321	16321
16321	16321
16321	16321
16321	16321
16321	16321
16321	16321
16321	16321
16321	16321
16321	16321
16321	16321
16321	16321
16321	16321
16321	16321
16321	16321
16321	16321
16321	16321
16321	16321
16321	16321
16321	16321
16321	16321
16321	16321
16321	16321
16321	16321
16321	16321
16321	16321
16321	16321
16321	16321
16321	16321
16321	16321
16321	16321
16321	16321
16321	16321
16321	16321
16321	16321
16321	16321
16321	16321
16321	16321
16321	16321
16321	16321
16321	16321
16321	16321
16321	16321
16321	16321
16321	16321
16321	16321
16321	16321
16321	16321
16321	16321
16321	16321
16321	16321
16321	16321
16321	16320
16318	16312
16300	16281
16251	16219
16177	16125
16036	15855
15502	14895
14009	12904
11745	10752
10096	9821
9848	10022
10206	10330
10389	10401
10388	10359
10310	10242
10161	10070
9971	9845
9671	9429
9144	8878
8733	8785
9042	9409
9711	9761
9476	8919
8278	7785
7597	7753
8158	8657
9108	9431
9622	9720
9773	9815
9848	9871
9880	9878
9882	9895
9921	9927
9865	9665
9287	8713
7987	7183
6397	5716
5202	4847
4635	4517
4452	4413
4381	4347
4310	4279
4263	4268
4287	4317
4348	4375
4395	4411
4436	4481
4586	4779
5100	5568
6177	6901
7685	8463
9168	9755
10204	10521
10734	10873
10967	11030
11064	11074
11065	11050
11041	11046
11068	11087
11080	11021
10885	10661
10335	9911
9402	8830
8244	7700
7273	7034
7034	7291
7774	8416
9137	9853
10494	11029
11439	11736
11934	12057
12121	12151
12165	12174
12184	12195
12200	12201
12191	12165
12108	11996
11796	11485
11060	10556
10047	9627
9395	9418
9718	10250
10919	11578
12087	12326
12241	11857
11265	10611
10042	9674
9562	9699
10025	10457
10906	11314
11638	11875
12037	12145
12224	12279
12319	12337
12332	12308
12267	12221
12173	12126
12061	11943
11735	11423
11005	10534
10074	9713
9519	9525
9705	9983
10242	10383
10351	10169
9922	9719
9637	9721
9961	10316
10733	11162
11543	11845
12049	12170
12233	12271
12297	12320
12334	12335
12322	12303
12275	12237
12178	12079
11919	11676
11338	10903
10416	9964
9662	9644
9983	10683
11655	12738
13772	14630
15251	15644
15850	15928
15919	15828
15630	15268
14687	13860
12825	11711
10693	9964
9639	9732
10125	10662
11186	11614
11923	12131
12265	12351
12400	12425
12430	12419
12394	12359
12317	12267
12197	12089
11907	11609
11166	10602
10010	9557
9415	9681
10296	11049
11658	11915
11770	11357
10919	10663
10686	10949
11330	11699
11979	12147
12235	12272
12288	12297
12302	12300
12290	12253
12162	11977
11681	11302
10942	10757
10915	11478
12374	13396
14330	15036
15492	15756
15911	16019
16111	16187
16244	16284
16306	16316
16320	16321
16321	16321
16321	16321
16321	16321
16321	16321
16321	16321
16321	16321
16321	16321
16321	16321
16321	16321
16321	16321
16321	16321
16321	16321
16321	16321
16321	16321
16321	16321
16321	16321
16321	16321
16321	16321
16321	16321
16321	16321
16321	16321
16321	16321
16321	16321
16321	16321
16321	16321
16321	16321
16321	16321
16321	16321
16321	16321
16321	16321
16321	16321
16321	16321
16321	16321
16321	16321
16321	16321
16321	16321
16321	16321
16321	16321
16321	16321
16321	16321
16321	16321
16321	16321
16321	16321
16321	16321
16321	16321
16321	16321
16321	16321
16321	16321
16321	16321
16321	16321
16321	16321
16321	16321
16321	16321
16321	16321
16321	16321
16321	16321
16321	16321
16321	16320
16319	16312
16302	16280
16253	16218
16175	16113
16000	15767
15332	14622
13627	12460
11315	10424
9920	9797
9923	10132
10301	10389
10408	10393
10364	10326
10277	10208
10125	10031
9916	9763
9555	9289
9003	8777
8709	8855
9182	9549
9765	9678
9258	8634
8026	7643
7602	7877
8346	8848
9262	9533
9683	9755
9798	9834
9866	9881
9877	9861
9846	9847
9852	9832
9722	9460
9005	8360
7584	6772
6023	5415
4979	4702
4544	4461
4412	4377
4344	4315
4286	4265
4254	4248
4254	4266
4288	4318
4353	4393
4448	4538
4702	4980
5401	5970
6665	7443
8233	8971
9604	10096
10446	10674
10812	10898
10953	10994
11021	11031
11033	11030
11030	11037
11050	11043
10990	10858
10626	10281
9825	9271
8650	8004
7389	6858
6474	6280
6307	6564
7029	7656
8382	9143
9871	10524
11065	11486
11787	11980
12092	12145
12167	12177
12182	12187
12188	12186
12184	12178
12159	12109
11994	11782
11463	11044
10562	10094
9714	9499
9496	9715
10098	10544
10916	11103
11045	10759
10341	9926
9638	9565
9715	10044
10476	10921
11322	11642
11878	12036
12142	12217
12273	12319
12350	12363
12353	12318
12262	12198
12125	12040
11919	11729
11436	11043
10579	10117
9756	9588
9670	9989
10474	10994
11407	11591
11503	11176
10716	10251
9889	9700
9710	9909
10253	10683
11129	11527
11836	12048
12177	12257
12304	12336
12351	12351
12340	12326
12306	12280
12241	12169
12056	11875
11601	11216
10729	10199
9738	9490
9587	10087
10954	12048
13181	14189
14964	15483
15782	15921
15953	15910
15778	15516
15064	14371
13436	12338
11234	10322
9769	9647
9900	10382
10930	11424
11810	12087
12270	12384
12451	12477
12477	12456
12421	12381
12337	12292
12237	12156
12018	11779
11401	10884
10284	9747
9451	9538
10026	10763
11477	11910
11932	11604
11133	10759
10640	10796
11131	11513
11835	12051
12175	12239
12277	12296
12305	12299
12284	12249
12176	12030
11780	11428
11058	10810
10851	11287
12083	13069
14032	14812
15347	15679
15883	16015
16114	16192
16250	16287
16307	16316
16320	16321
16321	16321
16321	16321
16321	16321
16321	16321
16321	16321
16321	16321
16321	16321
16321	16321
16321	16321
16321	16321
16321	16321
16321	16321
16321	16321
16321	16321
16321	16321
16321	16321
16321	16321
16321	16321
16321	16321
16321	16321
16321	16321
16321	16321
16321	16321
16321	16321
16321	16321
16321	16321
16321	16321
16321	16321
16321	16321
16321	16321
16321	16321
16321	16321
16321	16321
16321	16321
16321	16321
16321	16321
16321	16321
16321	16321
16321	16321
16321	16321
16321	16321
16321	16321
16321	16321
16321	16321
16321	16321
16321	16321
16321	16321
16321	16321
16321	16321
16321	16321
16321	16321
16321	16321
16321	16321
16321	16321
16321	16321
16321	16321
16321	16321
16321	16320
16318	16312
16300	16281
16251	16212
16161	16084
15940	15654
15139	14333
13261	12064
10965	10185
9823	9823
10018	10240
10385	10439
10427	10390
10345	10296
10241	10170
10084	9980
9850	9677
9441	9158
8883	8706
8719	8951
9317	9649
9758	9530
9007	8363
7828	7579
7679	8048
8547	9025
9391	9616
9731	9788
9827	9864
9893	9898
9880	9846
9812	9792
9770	9706
9540	9206
8677	7975
7173	6379
5688	5159
4801	4592
4476	4415
4376	4346
4319	4296
4276	4264
4255	4242
4231	4229
4239	4271
4323	4396
4496	4648
4888	5258
5779	6437
7192	7979
8732	9397
9935	10334
10600	10756
10841	10886
10915	10934
10954	10969
10983	10996
11011	11019
11012	10961
10838	10614
10267	9798
9218	8560
7868	7199
6605	6140
5832	5701
5755	5990
6396	6952
7627	8378
9156	9903
10574	11129
11550	11840
12014	12107
12155	12173
12181	12186
12187	12182
12182	12186
12189	12179
12126	12003
11785	11470
11074	10627
10187	9811
9560	9469
9533	9698
9876	9978
9955	9822
9647	9525
9541	9729
10066	10493
10934	11334
11652	11888
12049	12152
12221	12271
12315	12348
12372	12375
12361	12313
12244	12156
12050	11908
11710	11430
11058	10618
10165	9803
9632	9728
10107	10720
11445	12131
12630	12839
12724	12324
11736	11083
10476	10007
9736	9691
9864	10209
10652	11105
11510	11822
12048	12195
12291	12342
12364	12364
12356	12342
12331	12315
12284	12232
12143	12000
11776	11430
10958	10388
9816	9400
9290	9611
10364	11436
12637	13771
14684	15321
15708	15907
15978	15971
15885	15702
15359	14799
13987	12954
11820	10772
10008	9660
9735	10122
10665	11214
11679	12025
12257	12399
12476	12501
12496	12469
12430	12387
12345	12303
12259	12198
12099	11915
11606	11149
10573	9988
9567	9484
9819	10488
11256	11837
12030	11820
11360	10895
10639	10676
10948	11329
11691	11959
12125	12219
12270	12294
12302	12289
12269	12237
12182	12069
11868	11560
11199	10902
10835	11128
11799	12721
13696	14546
15179	15591
15850	16011
16125	16202
16257	16291
16309	16316
16320	16321
16321	16321
16321	16321
16321	16321
16321	16321
16321	16321
16321	16321
16321	16321
16321	16321
16321	16321
16321	16321
16321	16321
16321	16321
16321	16321
16321	16321
16321	16321
16321	16321
16321	16321
16321	16321
16321	16321
16321	16321
16321	16321
16321	16321
16321	16321
16321	16321
16321	16321
16321	16321
16321	16321
16321	16321
16321	16321
16321	16321
16321	16321
16321	16321
16321	16321
16321	16321
16321	16321
16321	16321
16321	16321
16321	16321
16321	16321
16321	16321
16321	16321
16321	16321
16321	16321
16321	16321
16321	16321
16321	16321
16321	16321
16321	16321
16321	16321
16321	16321
16321	16321
16321	16321
16321	16321
16321	16321
16321	16321
16321	16321
16321	16321
16321	16320
16317	16312
16300	16278
16246	16203
16141	16043
15858	15510
14916	14032
12910	11718
10695	10036
9795	9882
10112	10329
10451	10474
10441	10385
10326	10265
10197	10122
10032	9921
9779	9581
9324	9033
8779	8665
8762	9057
9432	9700
9687	9339
8749	8125
7696	7593
7813	8250
8752	9190
9500	9680
9768	9816
9852	9888
9912	9907
9875	9825
9776	9728
9669	9549
9313	8901
8307	7565
6768	6016
5397	4948
4665	4507
4424	4378
4347	4325
4301	4285
4275	4268
4257	4241
4220	4206
4211	4247
4318	4427
4583	4809
5141	5608
6218	6940
7715	8473
9159	9733
10175	10485
10680	10786
10834	10850
10854	10863
10877	10899
10924	10949
10967	10960
10913	10800
10586	10252
9788	9206
8535	7818
7110	6473
5950	5579
5366	5302
5375	5573
5898	6348
6926	7616
8388	9191
9965	10648
11200	11601
11864	12019
12104	12149
12174	12189
12191	12186
12184	12191
12204	12217
12210	12150
12020	11807
11508	11134
10709	10266
9852	9519
9296	9180
9144	9148
9165	9199
9279	9445
9718	10090
10520	10955
11347	11660
11895	12055
12161	12230
12279	12314
12341	12365
12380	12375
12348	12287
12201	12081
11923	11709
11423	11057
10632	10200
9844	9668
9754	10138
10788	11611
12470	13220
13737	13949
13834	13435
12817	12083
11318	10622
10078	9751
9674	9838
10184	10628
11084	11490
11820	12060
12222	12314
12355	12366
12359	12351
12343	12332
12306	12263
12185	12055
11846	11518
11050	10462
9837	9323
9096	9297
9964	11013
12254	13466
14475	15203
15656	15899
15999	16016
15966	15841
15588	15149
14464	13527
12409	11278
10338	9766
9634	9891
10394	10978
11514	11931
12217	12388
12471	12499
12489	12459
12419	12378
12339	12304
12268	12223
12153	12020
11776	11390
10859	10259
9747	9507
9671	10229
10998	11694
12058	11992
11586	11072
10699	10611
10804	11170
11563	11878
12086	12206
12265	12287
12289	12273
12249	12222
12185	12106
11948	11686
11345	11014
10849	10996
11522	12360
13332	14246
14977	15483
15807	16004
16131	16212
16264	16295
16311	16317
16320	16321
16321	16321
16321	16321
16321	16321
16321	16321
16321	16321
16321	16321
16321	16321
16321	16321
16321	16321
16321	16321
16321	16321
16321	16321
16321	16321
16321	16321
16321	16321
16321	16321
16321	16321
16321	16321
16321	16321
16321	16321
16321	16321
16321	16321
16321	16321
16321	16321
16321	16321
16321	16321
16321	16321
16321	16321
16321	16321
16321	16321
16321	16321
16321	16321
16321	16321
16321	16321
16321	16321
16321	16321
16321	16321
16321	16321
16321	16321
16321	16321
16321	16321
16321	16321
16321	16321
16321	16321
16321	16321
16321	16321
16321	16321
16321	16321
16321	16321
16321	16321
16321	16321
16321	16321
16321	16321
16321	16321
16321	16321
16321	16321
16321	16321
16321	16320
16318	16312
16300	16278
16245	16194
16118	15992
15762	15348
14672	13718
12571	11417
10492	9953
9815	9958
10199	10395
10488	10487
10439	10372
10304	10233
10155	10069
9972	9854
9697	9481
9208	8920
8703	8653
8825	9166
9524	9704
9571	9118
8498	7938
7632	7668
7989	8465
8945	9331
9588	9726
9795	9831
9866	9896
9911	9899
9858	9798
9729	9651
9546	9359
9043	8559
7907	7149
6375	5685
5147	4777
4558	4441
4384	4353
4331	4311
4297	4288
4281	4277
4269	4253
4226	4208
4209	4252
4342	4490
4709	5021
5451	6014
6694	7448
8207	8910
9507	9982
10331	10566
10709	10778
10799	10797
10788	10787
10800	10825
10857	10878
10880	10837
10729	10524
10204	9756
9186	8524
7807	7091
6426	5862
5441	5178
5058	5053
5140	5299
5533	5865
6318	6908
7627	8431
9259	10043
10713	11237
11610	11851
12000	12092
12152	12187
12204	12204
12200	12201
12216	12240
12258	12247
12179	12044
11839	11553
11190	10762
10290	9817
9393	9061
8848	8767
8815	8988
9276	9657
10098	10555
10987	11366
11669	11894
12052	12158
12230	12280
12314	12336
12354	12367
12368	12352
12310	12230
12113	11949
11724	11429
11059	10638
10214	9866
9690	9767
10136	10780
11624	12551
13431	14147
14621	14810
14719	14374
13817	13105
12294	11468
10709	10115
9756	9664
9820	10160
10598	11061
11481	11825
12075	12232
12309	12338
12342	12340
12338	12331
12307	12258
12168	12023
11796	11454
10980	10394
9774	9263
9023	9199
9843	10879
12124	13360
14403	15164
15646	15909
16028	16061
16036	15953
15770	15430
14866	14043
12987	11823
10745	9965
9611	9700
10122	10710
11303	11793
12133	12340
12438	12468
12458	12430
12398	12363
12331	12301
12271	12240
12193	12100
11919	11598
11125	10539
9968	9593
9588	10005
10729	11492
12012	12105
11796	11281
10820	10612
10716	11044
11448	11805
12051	12188
12254	12273
12267	12248
12231	12216
12197	12147
12029	11808
11485	11132
10883	10892
11269	12008
12960	13933
14755	15356
15747	15989
16132	16220
16269	16298
16312	16317
16320	16321
16321	16321
16321	16321
16321	16321
16321	16321
16321	16321
16321	16321
16321	16321
16321	16321
16321	16321
16321	16321
16321	16321
16321	16321
16321	16321
16321	16321
16321	16321
16321	16321
16321	16321
16321	16321
16321	16321
16321	16321
16321	16321
16321	16321
16321	16321
16321	16321
16321	16321
16321	16321
16321	16321
16321	16321
16321	16321
16321	16321
16321	16321
16321	16321
16321	16321
16321	16321
16321	16321
16321	16321
16321	16321
16321	16321
16321	16321
16321	16321
16321	16321
16321	16321
16321	16321
16321	16321
16321	16321
16321	16321
16321	16321
16321	16321
16321	16321
16321	16321
16321	16321
16321	16321
16321	16321
16321	16321
16321	16321
16321	16321
16321	16321
16321	16320
16319	16312
16301	16280
16244	16187
16098	15941
15658	15173
14418	13407
12250	11158
10341	9917
9864	10039
10269	10435
10495	10475
10418	10345
10269	10193
10107	10014
9908	9780
9604	9370
9090	8820
8654	8678
8916	9276
9590	9668
9415	8888
8274	7802
7630	7791
8188	8673
9122	9454
9658	9758
9805	9832
9861	9886
9895	9876
9829	9760
9673	9561
9401	9140
8740	8184
7492	6738
6011	5397
4941	4646
4479	4395
4355	4336
4322	4307
4299	4292
4293	4290
4282	4268
4245	4228
4234	4284
4396	4587
4874	5276
5804	6452
7183	7938
8652	9278
9781	10161
10428	10603
10699	10743
10748	10736
10721	10718
10732	10760
10783	10787
10746	10638
10438	10126
9689	9135
8487	7787
7081	6419
5842	5387
5079	4916
4872	4913
5006	5129
5283	5506
5832	6303
6921	7673
8501	9333
10097	10742
11234	11587
11826	11990
12100	12173
12213	12225
12221	12217
12228	12252
12284	12297
12273	12198
12066	11865
11591	11226
10781	10278
9771	9324
9007	8871
8937	9196
9603	10087
10586	11036
11408	11692
11901	12045
12148	12220
12272	12307
12333	12347
12357	12359
12349	12316
12246	12134
11967	11736
11435	11061
10638	10217
9873	9695
9766	10122
10752	11587
12526	13447
14252	14865
15256	15413
15353	15087
14640	14024
13270	12420
11555	10761
10140	9756
9645	9790
10125	10577
11058	11496
11843	12081
12216	12279
12305	12315
12320	12312
12279	12206
12082	11890
11612	11232
10750	10198
9657	9245
9115	9374
10056	11086
12301	13491
14491	15220
15683	15939
16060	16101
16094	16040
15908	15653
15200	14496
13529	12382
11220	10259
9684	9570
9867	10421
11046	11597
12003	12249
12371	12415
12412	12395
12372	12350
12325	12301
12275	12250
12218	12159
12024	11770
11357	10805
10207	9727
9565	9825
10461	11253
11896	12158
11980	11505
10992	10678
10681	10948
11346	11726
12004	12164
12235	12253
12246	12228
12221	12217
12217	12190
12103	11917
11617	11251
10936	10831
11072	11705
12617	13621
14519	15208
15671	15958
16124	16220
16273	16299
16313	16319
16320	16321
16321	16321
16321	16321
16321	16321
16321	16321
16321	16321
16321	16321
16321	16321
16321	16321
16321	16321
16321	16321
16321	16321
16321	16321
16321	16321
16321	16321
16321	16321
16321	16321
16321	16321
16321	16321
16321	16321
16321	16321
16321	16321
16321	16321
16321	16321
16321	16321
16321	16321
16321	16321
16321	16321
16321	16321
16321	16321
16321	16321
16321	16321
16321	16321
16321	16321
16321	16321
16321	16321
16321	16321
16321	16321
16321	16321
16321	16321
16321	16321
16321	16321
16321	16321
16321	16321
16321	16321
16321	16321
16321	16321
16321	16321
16321	16321
16321	16321
16321	16321
16321	16321
16321	16321
16321	16321
16321	16321
16321	16321
16321	16321
16321	16321
16321	16320
16319	16314
16303	16283
16247	16184
16075	15889
15554	14997
14171	13115
11967	10945
10234	9919
9927	10112
10319	10449
10478	10442
10374	10300
10225	10146
10057	9961
9845	9695
9500	9250
8973	8735
8631	8731
9025	9387
9630	9595
9237	8663
8089	7722
7684	7948
8395	8875
9276	9551
9706	9777
9804	9821
9842	9861
9867	9845
9796	9719
9610	9461
9233	8892
8410	7789
7077	6347
5686	5153
4778	4547
4422	4364
4339	4325
4316	4309
4302	4301
4302	4299
4295	4285
4270	4263
4276	4338
4473	4707
5068	5565
6188	6906
7659	8388
9037	9572
9984	10282
10481	10606
10673	10695
10688	10672
10658	10661
10675	10696
10699	10661
10552	10349
10037	9607
9063	8429
7743	7051
6403	5833
5370	5037
4835	4759
4775	4844
4932	5021
5117	5251
5469	5817
6316	6966
7734	8561
9375	10115
10732	11213
11569	11826
12008	12133
12210	12243
12246	12237
12237	12257
12291	12318
12320	12284
12204	12074
11883	11609
11246	10799
10315	9863
9525	9377
9447	9725
10150	10631
11089	11463
11738	11925
12052	12138
12203	12254
12293	12323
12341	12350
12354	12345
12320	12259
12152	11983
11745	11431
11048	10624
10203	9861
9682	9747
10092	10709
11532	12468
13397	14230
14901	15381
15675	15796
15761	15580
15253	14773
14140	13366
12497	11604
10786	10134
9728	9601
9745	10100
10581	11081
11522	11854
12068	12189
12250	12279
12287	12269
12207	12090
11903	11635
11289	10870
10400	9936
9551	9346
9419	9838
10598	11619
12753	13832
14721	15360
15764	15987
16094	16137
16140	16107
16014	15826
15471	14887
14030	12946
11749	10651
9866	9533
9663	10130
10750	11349
11817	12120
12280	12342
12357	12353
12344	12334
12323	12305
12286	12263
12240	12199
12104	11903
11555	11050
10448	9900
9600	9698
10215	10984
11718	12142
12119	11727
11197	10800
10690	10876
11241	11629
11938	12123
12206	12229
12223	12218
12221	12230
12244	12234
12168	12005
11732	11371
11018	10824
10948	11465
12318	13324
14276	15040
15575	15912
16110	16216
16272	16302
16315	16319
16320	16321
16321	16321
16321	16321
16321	16321
16321	16321
16321	16321
16321	16321
16321	16321
16321	16321
16321	16321
16321	16321
16321	16321
16321	16321
16321	16321
16321	16321
16321	16321
16321	16321
16321	16321
16321	16321
16321	16321
16321	16321
16321	16321
16321	16321
16321	16321
16321	16321
16321	16321
16321	16321
16321	16321
16321	16321
16321	16321
16321	16321
16321	16321
16321	16321
16321	16321
16321	16321
16321	16321
16321	16321
16321	16321
16321	16321
16321	16321
16321	16321
16321	16321
16321	16321
16321	16321
16321	16321
16321	16321
16321	16321
16321	16321
16321	16321
16321	16321
16321	16321
16321	16321
16321	16321
16321	16321
16321	16321
16321	16321
16321	16321
16321	16321
16321	16320
16319	16316
16305	16286
16247	16180
16056	15836
15451	14829
13942	12853
11728	10783
10177	9948
9999	10181
10352	10443
10446	10394
10319	10244
10168	10094
10007	9904
9775	9608
9386	9123
8857	8666
8637	8815
9151	9489
9643	9492
9043	8451
7938	7690
7775	8126
8600	9054
9406	9626
9737	9782
9795	9801
9815	9828
9830	9810
9760	9673
9544	9348
9049	8622
8063	7392
6672	5987
5400	4958
4656	4478
4388	4345
4327	4320
4313	4310
4310	4308
4308	4306
4305	4301
4298	4300
4329	4406
4570	4859
5299	5887
6595	7363
8119	8797
9362	9804
10130	10356
10504	10590
10630	10640
10631	10618
10610	10620
10631	10635
10600	10497
10294	9975
9539	8994
8365	7686
7004	6368
5812	5361
5022	4799
4689	4675
4725	4804
4884	4946
4999	5072
5207	5448
5824	6348
7009	7772
8582	9378
10102	10713
11202	11580
11858	12056
12181	12244
12261	12252
12246	12258
12288	12318
12334	12321
12278	12198
12076	11893
11632	11290
10900	10522
10233	10100
10168	10413
10779	11177
11532	11801
11975	12082
12148	12195
12238	12276
12305	12329
12344	12350
12346	12325
12275	12177
12015	11769
11439	11035
10590	10157
9814	9640
9707	10048
10657	11471
12400	13331
14174	14861
15380	15726
15931	16013
15996	15882
15665	15325
14843	14203
13420	12533
11616	10763
10081	9657
9537	9712
10109	10615
11123	11552
11864	12060
12175	12226
12232	12186
12074	11881
11607	11252
10845	10415
10016	9709
9563	9631
9961	10564
11396	12380
13388	14303
15032	15549
15865	16042
16129	16167
16174	16156
16092	15952
15682	15210
14482	13490
12311	11129
10165	9606
9534	9867
10441	11062
11584	11951
12161	12260
12297	12308
12315	12317
12315	12309
12295	12278
12261	12231
12163	12008
11717	11269
10693	10103
9688	9626
9999	10708
11496	12058
12202	11924
11422	10956
10736	10818
11126	11509
11842	12056
12168	12203
12212	12215
12228	12250
12271	12269
12216	12077
11832	11489
11123	10869
10896	11304
12074	13049
14033	14860
15465	15854
16082	16206
16270	16299
16314	16319
16320	16321
16321	16321
16321	16321
16321	16321
16321	16321
16321	16321
16321	16321
16321	16321
16321	16321
16321	16321
16321	16321
16321	16321
16321	16321
16321	16321
16321	16321
16321	16321
16321	16321
16321	16321
16321	16321
16321	16321
16321	16321
16321	16321
16321	16321
16321	16321
16321	16321
16321	16321
16321	16321
16321	16321
16321	16321
16321	16321
16321	16321
16321	16321
16321	16321
16321	16321
16321	16321
16321	16321
16321	16321
16321	16321
16321	16321
16321	16321
16321	16321
16321	16321
16321	16321
16321	16321
16321	16321
16321	16321
16321	16321
16321	16321
16321	16321
16321	16321
16321	16321
16321	16321
16321	16321
16321	16321
16321	16321
16321	16321
16321	16321
16321	16321
16321	16321
16319	16316
16306	16288
16248	16172
16031	15777
15341	14657
13721	12618
11529	10667
10157	9997
10073	10238
10373	10426
10405	10338
10259	10182
10110	10039
9958	9851
9707	9512
9264	8991
8746	8614
8667	8921
9278	9574
9630	9364
8844	8258
7826	7701
7896	8312
8792	9215
9514	9689
9764	9784
9779	9780
9786	9797
9800	9783
9730	9636
9476	9224
8852	8340
7704	6997
6292	5661
5155	4794
4562	4432
4365	4332
4322	4315
4312	4310
4310	4310
4310	4311
4312	4317
4321	4338
4384	4489
4696	5045
5566	6240
7016	7809
8538	9150
9626	9976
10224	10395
10502	10564
10589	10589
10581	10574
10575	10585
10591	10566
10475	10282
9968	9527
8970	8331
7650	6966
6334	5785
5340	5008
4784	4656
4613	4634
4693	4768
4828	4872
4899	4939
5021	5182
5450	5843
6370	7022
7769	8569
9362	10089
10719	11232
11629	11915
12106	12214
12258	12259
12254	12258
12282	12310
12331	12330
12305	12261
12189	12079
11913	11690
11421	11152
10944	10852
10903	11088
11353	11635
11871	12037
12130	12181
12211	12239
12267	12295
12317	12333
12344	12347
12334	12293
12208	12054
11815	11477
11052	10575
10113	9747
9565	9635
9986	10599
11410	12333
13264	14112
14813	15346
15713	15946
16076	16130
16122	16057
15925	15703
15363	14881
14235	13436
12519	11565
10677	9981
9570	9492
9718	10155
10680	11186
11597	11885
12061	12140
12134	12042
11855	11567
11193	10766
10335	9962
9709	9635
9777	10143
10723	11474
12340	13235
14084	14808
15362	15740
15970	16099
16163	16191
16202	16189
16145	16044
15843	15476
14875	14002
12890	11677
10574	9807
9505	9662
10142	10753
11320	11752
12025	12173
12236	12265
12278	12291
12297	12302
12296	12287
12275	12255
12209	12092
11857	11466
10928	10324
9818	9608
9823	10438
11237	11916
12223	12088
11637	11130
10803	10772
11006	11366
11716	11971
12114	12179
12204	12218
12240	12267
12292	12296
12252	12133
11919	11603
11245	10957
10902	11204
11874	12801
13797	14677
15347	15791
16052	16194
16264	16298
16312	16318
16320	16321
16321	16321
16321	16321
16321	16321
16321	16321
16321	16321
16321	16321
16321	16321
16321	16321
16321	16321
16321	16321
16321	16321
16321	16321
16321	16321
16321	16321
16321	16321
16321	16321
16321	16321
16321	16321
16321	16321
16321	16321
16321	16321
16321	16321
16321	16321
16321	16321
16321	16321
16321	16321
16321	16321
16321	16321
16321	16321
16321	16321
16321	16321
16321	16321
16321	16321
16321	16321
16321	16321
16321	16321
16321	16321
16321	16321
16321	16321
16321	16321
16321	16321
16321	16321
16321	16321
16321	16321
16321	16321
16321	16321
16321	16321
16321	16321
16321	16321
16321	16321
16321	16321
16321	16321
16321	16321
16321	16321
16321	16321
16321	16321
16321	16321
16321	16321
16319	16316
16306	16287
16242	16158
15996	15703
15212	14469
13494	12391
11356	10580
10156	10050
10136	10276
10374	10396
10355	10281
10198	10122
10053	9986
9907	9795
9634	9411
9138	8860
8644	8579
8719	9037
9402	9635
9585	9214
8643	8090
7753	7745
8033	8491
8968	9353
9604	9734
9779	9778
9765	9755
9758	9770
9777	9762
9709	9600
9404	9094
8642	8050
7354	6620
5936	5368
4945	4663
4493	4396
4349	4325
4313	4309
4308	4307
4307	4307
4308	4309
4313	4322
4336	4368
4438	4582
4846	5272
5875	6624
7438	8227
8909	9440
9826	10094
10281	10406
10486	10531
10550	10548
10542	10544
10552	10563
10549	10477
10308	10011
9574	9014
8358	7661
6968	6327
5773	5327
5001	4778
4645	4584
4580	4613
4667	4723
4768	4793
4809	4834
4888	4999
5182	5459
5847	6361
6999	7745
8551	9360
10114	10768
11298	11695
11971	12137
12220	12252
12256	12262
12281	12303
12321	12322
12309	12280
12241	12183
12093	11968
11812	11652
11526	11472
11506	11622
11787	11958
12094	12180
12226	12247
12265	12280
12298	12316
12329	12338
12342	12334
12303	12230
12090	11862
11532	11102
10604	10107
9700	9488
9543	9895
10518	11343
12272	13203
14051	14761
15306	15689
15933	16080
16155	16186
16184	16150
16077	15943
15723	15384
14893	14231
13401	12444
11453	10548
9866	9503
9486	9768
10240	10773
11262	11638
11881	11987
11962	11809
11530	11147
10697	10245
9862	9630
9604	9814
10250	10879
11637	12461
13282	14051
14717	15252
15643	15904
16060	16146
16190	16212
16219	16209
16178	16107
15960	15684
15207	14464
13456	12261
11075	10125
9593	9544
9885	10444
11035	11530
11876	12078
12181	12223
12240	12254
12268	12283
12291	12292
12286	12278
12249	12164
11976	11645
11153	10554
9985	9644
9701	10193
10965	11725
12186	12197
11833	11307
10891	10742
10885	11212
11574	11867
12053	12149
12196	12223
12250	12279
12302	12308
12274	12179
11997	11719
11378	11074
10951	11149
11718	12586
13576	14500
15228	15726
16020	16183
16259	16296
16312	16318
16320	16321
16321	16321
16321	16321
16321	16321
16321	16321
16321	16321
16321	16321
16321	16321
16321	16321
16321	16321
16321	16321
16321	16321
16321	16321
16321	16321
16321	16321
16321	16321
16321	16321
16321	16321
16321	16321
16321	16321
16321	16321
16321	16321
16321	16321
16321	16321
16321	16321
16321	16321
16321	16321
16321	16321
16321	16321
16321	16321
16321	16321
16321	16321
16321	16321
16321	16321
16321	16321
16321	16321
16321	16321
16321	16321
16321	16321
16321	16321
16321	16321
16321	16321
16321	16321
16321	16321
16321	16321
16321	16321
16321	16321
16321	16321
16321	16321
16321	16321
16321	16321
16321	16321
16321	16321
16321	16321
16321	16321
16321	16321
16321	16321
16321	16321
16321	16320
16319	16316
16305	16282
16233	16136
15945	15607
15053	14251
13243	12157
11188	10506
10163	10102
10188	10294
10354	10350
10297	10219
10140	10065
10001	9938
9856	9739
9558	9310
9018	8739
8560	8565
8786	9155
9511	9665
9503	9046
8453	7953
7717	7818
8180	8661
9118	9464
9670	9767
9789	9774
9749	9736
9735	9748
9759	9749
9692	9561
9322	8947
8419	7758
7014	6274
5623	5121
4775	4560
4439	4372
4336	4317
4307	4302
4302	4300
4300	4300
4302	4303
4309	4318
4344	4395
4500	4696
5034	5544
6226	7026
7855	8609
9222	9670
9968	10166
10298	10394
10457	10495
10510	10514
10515	10525
10534	10532
10482	10346
10082	9671
9121	8457
7737	7018
6357	5788
5338	5005
4784	4651
4585	4565
4572	4604
4640	4674
4700	4714
4729	4754
4800	4882
5009	5193
5453	5821
6322	6965
7729	8563
9400	10178
10841	11369
11749	12001
12148	12222
12253	12271
12288	12303
12312	12312
12302	12283
12262	12232
12191	12133
12062	11983
11919	11890
11910	11972
12056	12141
12211	12254
12278	12293
12305	12320
12330	12341
12343	12341
12330	12301
12233	12108
11891	11574
11155	10653
10139	9702
9448	9466
9802	10428
11267	12212
13153	14003
14715	15267
15659	15916
16070	16155
16194	16211
16211	16194
16158	16084
15949	15726
15377	14865
14172	13303
12311	11300
10411	9775
9478	9530
9861	10350
10863	11299
11594	11720
11671	11459
11103	10657
10189	9790
9548	9543
9793	10287
10971	11772
12605	13403
14120	14730
15220	15590
15849	16020
16120	16179
16210	16225
16226	16219
16196	16148
16045	15846
15480	14871
13984	12856
11641	10550
9807	9528
9691	10157
10746	11295
11716	11989
12134	12193
12211	12220
12237	12259
12281	12293
12300	12300
12285	12229
12082	11804
11362	10785
10176	9728
9631	9985
10692	11497
12084	12251
11991	11485
10997	10742
10786	11064
11427	11754
11982	12118
12188	12227
12256	12282
12300	12308
12285	12217
12070	11830
11518	11205
11029	11134
11604	12405
13380	14335
15116	15659
15989	16169
16254	16295
16312	16318
16320	16321
16321	16321
16321	16321
16321	16321
16321	16321
16321	16321
16321	16321
16321	16321
16321	16321
16321	16321
16321	16321
16321	16321
16321	16321
16321	16321
16321	16321
16321	16321
16321	16321
16321	16321
16321	16321
16321	16321
16321	16321
16321	16321
16321	16321
16321	16321
16321	16321
16321	16321
16321	16321
16321	16321
16321	16321
16321	16321
16321	16321
16321	16321
16321	16321
16321	16321
16321	16321
16321	16321
16321	16321
16321	16321
16321	16321
16321	16321
16321	16321
16321	16321
16321	16321
16321	16321
16321	16321
16321	16321
16321	16321
16321	16321
16321	16321
16321	16321
16321	16321
16321	16321
16321	16321
16321	16321
16321	16321
16321	16321
16321	16321
16321	16321
16321	16320
16319	16314
16303	16276
16220	16105
15879	15486
14865	14002
12964	11906
11016	10424
10160	10134
10213	10289
10317	10292
10233	10160
10084	10017
9958	9895
9812	9680
9477	9209
8902	8634
8499	8579
8869	9265
9588	9657
9396	8871
8282	7848
7723	7914
8327	8813
9239	9544
9716	9787
9793	9765
9736	9719
9718	9734
9749	9738
9668	9507
9218	8779
8182	7465
6690	5962
5355	4916
4638	4481
4399	4351
4325	4306
4296	4292
4291	4289
4289	4289
4291	4292
4299	4312
4348	4423
4573	4839
5265	5864
6613	7441
8251	8944
9474	9832
10056	10196
10292	10367
10424	10464
10485	10493
10499	10507
10507	10477
10371	10151
9783	9262
8609	7880
7132	6437
5839	5369
5027	4800
4666	4598
4572	4569
4578	4595
4612	4626
4640	4653
4671	4702
4748	4817
4905	5019
5178	5415
5773	6283
6951	7750
8618	9478
10263	10920
11427	11787
12022	12161
12238	12279
12300	12313
12313	12311
12299	12288
12275	12263
12247	12227
12198	12168
12138	12126
12129	12153
12186	12225
12260	12286
12307	12324
12340	12351
12358	12360
12353	12333
12302	12234
12111	11905
11598	11185
10691	10178
9730	9452
9437	9739
10346	11187
12146	13106
13967	14682
15230	15628
15892	16055
16148	16193
16214	16220
16220	16216
16197	16158
16080	15937
15702	15336
14798	14069
13165	12152
11147	10296
9723	9499
9609	9956
10418	10858
11172	11306
11240	10990
10605	10168
9774	9531
9520	9781
10304	11031
11869	12726
13525	14220
14787	15231
15565	15804
15971	16081
16151	16193
16215	16223
16224	16217
16201	16171
16107	15968
15696	15212
14460	13436
12236	11056
10125	9615
9574	9915
10466	11053
11550	11900
12096	12181
12203	12206
12220	12243
12272	12296
12313	12324
12324	12286
12176	11943
11553	11007
10388	9857
9626	9827
10438	11243
11929	12244
12109	11648
11120	10769
10716	10929
11283	11635
11905	12075
12174	12224
12254	12272
12290	12300
12295	12248
12138	11936
11652	11338
11122	11147
11527	12252
13205	14178
15005	15591
15956	16153
16251	16292
16311	16317
16320	16321
16321	16321
16321	16321
16321	16321
16321	16321
16321	16321
16321	16321
16321	16321
16321	16321
16321	16321
16321	16321
16321	16321
16321	16321
16321	16321
16321	16321
16321	16321
16321	16321
16321	16321
16321	16321
16321	16321
16321	16321
16321	16321
16321	16321
16321	16321
16321	16321
16321	16321
16321	16321
16321	16321
16321	16321
16321	16321
16321	16321
16321	16321
16321	16321
16321	16321
16321	16321
16321	16321
16321	16321
16321	16321
16321	16321
16321	16321
16321	16321
16321	16321
16321	16321
16321	16321
16321	16321
16321	16321
16321	16321
16321	16321
16321	16321
16321	16321
16321	16321
16321	16321
16321	16321
16321	16321
16321	16321
16321	16321
16321	16321
16321	16321
16321	16320
16319	16312
16299	16268
16201	16065
15804	15349
14659	13735
12677	11654
10843	10345
10151	10151
10220	10271
10273	10235
10174	10107
10041	9979
9926	9862
9771	9625
9404	9112
8795	8546
8467	8612
8959	9365
9636	9608
9256	8690
8134	7787
7762	8029
8469	8937
9327	9589
9731	9783
9783	9752
9720	9702
9702	9719
9735	9716
9626	9429
9086	8579
7924	7165
6389	5689
5135	4757
4534	4422
4365	4333
4309	4294
4284	4279
4277	4276
4276	4276
4277	4280
4288	4308
4359	4467
4674	5020
5538	6221
7023	7854
8613	9228
9665	9942
10103	10201
10272	10337
10391	10435
10462	10477
10485	10479
10453	10372
10195	9880
9406	8785
8060	7295
6565	5928
5423	5058
4821	4682
4613	4586
4576	4578
4581	4584
4585	4591
4600	4618
4644	4684
4731	4789
4850	4915
4996	5130
5361	5734
6276	6987
7817	8706
9571	10342
10979	11469
11820	12053
12196	12277
12313	12325
12324	12319
12310	12306
12299	12297
12289	12281
12271	12257
12243	12233
12227	12227
12237	12251
12274	12299
12324	12344
12361	12371
12374	12369
12349	12313
12238	12112
11907	11605
11198	10710
10198	9751
9465	9433
9710	10292
11117	12078
13048	13928
14652	15206
15600	15863
16031	16131
16184	16212
16222	16226
16226	16222
16213	16188
16142	16055
15902	15652
15260	14691
13929	13001
11984	11005
10205	9697
9523	9645
9958	10324
10612	10738
10669	10435
10102	9776
9563	9566
9828	10354
11092	11950
12827	13634
14319	14861
15269	15562
15772	15918
16026	16099
16156	16188
16208	16213
16211	16207
16200	16184
16148	16058
15864	15493
14871	13963
12826	11607
10532	9807
9547	9729
10213	10817
11379	11803
12063	12183
12218	12221
12227	12248
12277	12306
12330	12350
12360	12338
12254	12063
11722	11220
10606	10023
9674	9727
10214	10980
11730	12179
12180	11797
11260	10837
10688	10827
11153	11517
11823	12034
12158	12222
12252	12267
12278	12292
12300	12280
12200	12033
11773	11467
11219	11179
11469	12127
13041	14023
14882	15513
15913	16134
16242	16291
16310	16317
16320	16321
16321	16321
16321	16321
16321	16321
16321	16321
16321	16321
16321	16321
16321	16321
16321	16321
16321	16321
16321	16321
16321	16321
16321	16321
16321	16321
16321	16321
16321	16321
16321	16321
16321	16321
16321	16321
16321	16321
16321	16321
16321	16321
16321	16321
16321	16321
16321	16321
16321	16321
16321	16321
16321	16321
16321	16321
16321	16321
16321	16321
16321	16321
16321	16321
16321	16321
16321	16321
16321	16321
16321	16321
16321	16321
16321	16321
16321	16321
16321	16321
16321	16321
16321	16321
16321	16321
16321	16321
16321	16321
16321	16321
16321	16321
16321	16321
16321	16321
16321	16321
16321	16321
16321	16321
16321	16321
16321	16321
16321	16321
16321	16321
16321	16321
16321	16320
16318	16312
16297	16259
16182	16022
15721	15211
14453	13480
12411	11426
10691	10274
10135	10157
10218	10249
10237	10193
10136	10076
10018	9963
9905	9836
9734	9571
9328	9021
8708	8486
8461	8671
9056	9448
9647	9523
9093	8515
8013	7762
7831	8157
8603	9042
9384	9605
9718	9758
9754	9728
9702	9685
9686	9703
9711	9679
9561	9314
8911	8343
7638	6864
6105	5451
4957	4636
4458	4373
4333	4310
4292	4280
4272	4267
4265	4265
4264	4264
4264	4267
4279	4311
4385	4535
4809	5246
5856	6611
7444	8253
8941	9464
9809	10015
10128	10195
10253	10308
10365	10413
10447	10463
10461	10432
10360	10207
9936	9520
8951	8252
7488	6732
6053	5501
5097	4836
4686	4614
4590	4582
4581	4579
4573	4569
4566	4573
4586	4613
4649	4694
4740	4784
4820	4849
4878	4942
5073	5327
5738	6324
7064	7913
8798	9651
10407	11034
11516	11865
12097	12239
12309	12336
12340	12334
12333	12332
12336	12335
12333	12322
12312	12300
12288	12276
12267	12259
12256	12264
12280	12307
12334	12353
12366	12374
12373	12359
12325	12254
12126	11918
11616	11212
10727	10212
9760	9466
9425	9688
10257	11067
12018	12990
13877	14614
15174	15574
15835	16000
16098	16156
16191	16210
16220	16224
16224	16220
16210	16192
16158	16103
16007	15843
15572	15155
14557	13770
12828	11820
10867	10107
9634	9464
9542	9750
9959	10065
10028	9873
9687	9576
9638	9930
10465	11199
12051	12926
13734	14416
14942	15325
15587	15762
15880	15966
16034	16091
16137	16169
16187	16193
16191	16188
16186	16182
16168	16119
15986	15710
15208	14427
13381	12173
10999	10091
9616	9618
10001	10590
11201	11695
12023	12191
12253	12261
12261	12272
12296	12322
12348	12372
12390	12380
12317	12159
11871	11414
10827	10214
9767	9674
10024	10717
11497	12057
12203	11924
11414	10937
10700	10758
11039	11405
11742	11988
12140	12216
12248	12257
12267	12284
12305	12304
12252	12114
11878	11580
11308	11209
11424	12007
12874	13850
14738	15415
15857	16108
16231	16287
16310	16317
16320	16321
16321	16321
16321	16321
16321	16321
16321	16321
16321	16321
16321	16321
16321	16321
16321	16321
16321	16321
16321	16321
16321	16321
16321	16321
16321	16321
16321	16321
16321	16321
16321	16321
16321	16321
16321	16321
16321	16321
16321	16321
16321	16321
16321	16321
16321	16321
16321	16321
16321	16321
16321	16321
16321	16321
16321	16321
16321	16321
16321	16321
16321	16321
16321	16321
16321	16321
16321	16321
16321	16321
16321	16321
16321	16321
16321	16321
16321	16321
16321	16321
16321	16321
16321	16321
16321	16321
16321	16321
16321	16321
16321	16321
16321	16321
16321	16321
16321	16321
16321	16321
16321	16321
16321	16321
16321	16321
16321	16321
16321	16321
16321	16321
16321	16321
16321	16320
16317	16311
16293	16252
16161	15977
15636	15074
14263	13250
12182	11239
10573	10222
10124	10156
10214	10235
10217	10173
10123	10070
10014	9956
9899	9821
9702	9519
9256	8937
8633	8446
8478	8749
9153	9510
9624	9406
8921	8348
7915	7765
7920	8286
8723	9120
9411	9590
9678	9708
9707	9691
9673	9662
9664	9673
9669	9616
9461	9165
8698	8075
7337	6564
5846	5250
4820	4548
4404	4336
4303	4285
4271	4261
4254	4251
4250	4249
4248	4247
4249	4255
4274	4322
4430	4636
4989	5513
6208	7019
7854	8618
9231	9660
9924	10069
10146	10195
10241	10293
10349	10398
10433	10445
10423	10355
10214	9970
9595	9076
8423	7681
6918	6206
5605	5150
4848	4676
4597	4572
4573	4574
4572	4567
4559	4555
4558	4570
4597	4631
4674	4719
4761	4792
4808	4808
4807	4824
4894	5055
5346	5792
6401	7154
7999	8877
9719	10465
11088	11571
11920	12144
12268	12329
12346	12350
12355	12361
12370	12376
12373	12363
12346	12327
12313	12299
12289	12277
12274	12279
12293	12314
12336	12351
12358	12358
12348	12324
12260	12142
11941	11643
11243	10757
10242	9780
9471	9414
9664	10221
11024	11969
12935	13823
14567	15135
15539	15805
15968	16062
16116	16152
16179	16199
16215	16223
16223	16215
16199	16177
16149	16110
16049	15943
15765	15473
15031	14407
13596	12641
11633	10689
9939	9458
9248	9237
9324	9402
9435	9433
9478	9655
10025	10601
11345	12188
13045	13837
14507	15023
15391	15631
15782	15875
15933	15980
16023	16068
16111	16144
16163	16170
16169	16165
16167	16174
16175	16155
16069	15869
15476	14819
13879	12718
11500	10453
9781	9592
9847	10385
11013	11568
11960	12185
12281	12305
12306	12309
12320	12342
12366	12389
12406	12406
12360	12236
11993	11589
11036	10413
9889	9662
9861	10459
11237	11893
12177	12025
11571	11069
10752	10725
10948	11302
11661	11939
12121	12215
12250	12257
12264	12287
12314	12327
12293	12177
11962	11668
11381	11232
11372	11875
12688	13649
14563	15288
15779	16068
16215	16282
16308	16317
16320	16321
16321	16321
16321	16321
16321	16321
16321	16321
16321	16321
16321	16321
16321	16321
16321	16321
16321	16321
16321	16321
16321	16321
16321	16321
16321	16321
16321	16321
16321	16321
16321	16321
16321	16321
16321	16321
16321	16321
16321	16321
16321	16321
16321	16321
16321	16321
16321	16321
16321	16321
16321	16321
16321	16321
16321	16321
16321	16321
16321	16321
16321	16321
16321	16321
16321	16321
16321	16321
16321	16321
16321	16321
16321	16321
16321	16321
16321	16321
16321	16321
16321	16321
16321	16321
16321	16321
16321	16321
16321	16321
16321	16321
16321	16321
16321	16321
16321	16321
16321	16321
16321	16321
16321	16321
16321	16321
16321	16321
16321	16321
16321	16321
16321	16321
16321	16320
16317	16310
16291	16242
16138	15928
15550	14937
14084	13048
11990	11091
10483	10183
10116	10155
10209	10229
10212	10175
10127	10077
10022	9965
9899	9811
9675	9471
9188	8861
8568	8429
8522	8838
9249	9553
9577	9270
8740	8197
7843	7792
8017	8408
8830	9180
9420	9558
9621	9638
9642	9637
9634	9632
9633	9635
9612	9526
9331	8979
8454	7786
7034	6284
5622	5097
4727	4497
4371	4307
4277	4261
4250	4244
4243	4242
4242	4240
4237	4236
4238	4246
4276	4348
4501	4773
5209	5820
6583	7424
8245	8946
9474	9820
10015	10115
10166	10206
10244	10290
10340	10388
10418	10416
10365	10238
10013	9664
9181	8566
7854	7104
6375	5736
5229	4875
4664	4563
4533	4536
4546	4549
4550	4542
4540	4541
4554	4578
4610	4653
4698	4741
4776	4797
4798	4784
4765	4759
4792	4888
5081	5398
5862	6481
7233	8075
8948	9782
10529	11151
11628	11963
12172	12283
12333	12351
12364	12375
12388	12398
12402	12391
12375	12355
12336	12322
12311	12300
12291	12292
12303	12318
12332	12339
12338	12328
12306	12255
12152	11965
11678	11288
10812	10297
9827	9501
9418	9640
10180	10975
11919	12889
13780	14522
15093	15501
15772	15939
16036	16085
16112	16135
16160	16186
16208	16218
16218	16208
16185	16157
16129	16094
16055	15987
15870	15673
15363	14896
14242	13401
12417	11385
10428	9666
9162	8913
8859	8921
9051	9255
9572	10053
10700	11487
12339	13181
13952	14598
15100	15457
15689	15825
15902	15942
15967	15988
16018	16051
16087	16120
16142	16150
16148	16143
16146	16157
16167	16166
16118	15976
15672	15131
14309	13227
12012	10874
10037	9660
9759	10213
10827	11416
11868	12149
12288	12339
12347	12346
12349	12359
12376	12395
12415	12419
12389	12296
12092	11740
11229	10610
10028	9680
9737	10220
10973	11699
12118	12100
11726	11221
10835	10719
10878	11211
11583	11893
12103	12214
12256	12264
12273	12293
12322	12340
12315	12217
12020	11735
11431	11237
11304	11728
12480	13424
14360	15136
15684	16017
16193	16274
16306	16317
16320	16321
16321	16321
16321	16321
16321	16321
16321	16321
16321	16321
16321	16321
16321	16321
16321	16321
16321	16321
16321	16321
16321	16321
16321	16321
16321	16321
16321	16321
16321	16321
16321	16321
16321	16321
16321	16321
16321	16321
16321	16321
16321	16321
16321	16321
16321	16321
16321	16321
16321	16321
16321	16321
16321	16321
16321	16321
16321	16321
16321	16321
16321	16321
16321	16321
16321	16321
16321	16321
16321	16321
16321	16321
16321	16321
16321	16321
16321	16321
16321	16321
16321	16321
16321	16321
16321	16321
16321	16321
16321	16321
16321	16321
16321	16321
16321	16321
16321	16321
16321	16321
16321	16321
16321	16321
16321	16321
16321	16321
16321	16321
16321	16321
16321	16321
16321	16320
16317	16309
16285	16230
16108	15868
15446	14789
13894	12847
11810	10961
10409	10154
10108	10155
10208	10226
10213	10177
10131	10081
10028	9966
9894	9797
9647	9424
9122	8788
8518	8429
8581	8939
9335	9576
9504	9120
8564	8059
7789	7827
8115	8523
8920	9226
9420	9516
9554	9565
9570	9577
9587	9593
9595	9582
9537	9418
9176	8772
8200	7504
6759	6054
5460	5009
4693	4490
4364	4293
4256	4239
4232	4233
4236	4239
4240	4235
4229	4226
4226	4241
4286	4390
4595	4943
5465	6156
6968	7812
8591	9224
9671	9943
10088	10156
10192	10221
10254	10294
10338	10375
10392	10370
10276	10083
9762	9303
8713	8022
7282	6551
5889	5341
4932	4669
4534	4485
4483	4504
4519	4522
4520	4517
4519	4534
4555	4587
4626	4667
4709	4746
4774	4789
4787	4768
4744	4733
4742	4799
4918	5128
5456	5928
6553	7310
8152	9022
9855	10599
11211	11675
11989	12180
12277	12326
12347	12366
12385	12401
12408	12405
12390	12371
12352	12338
12325	12313
12303	12299
12304	12314
12321	12318
12303	12282
12236	12144
11978	11712
11338	10876
10375	9907
9569	9457
9644	10150
10924	11861
12840	13738
14489	15061
15470	15741
15914	16015
16067	16091
16103	16118
16144	16173
16200	16215
16215	16200
16172	16140
16108	16082
16051	16006
15929	15796
15585	15251
14753	14060
13171	12141
11076	10112
9368	8902
8719	8776
9028	9445
10023	10748
11588	12468
13317	14074
14698	15178
15517	15743
15874	15944
15978	15996
16004	16014
16032	16054
16082	16111
16133	16140
16141	16131
16130	16138
16154	16162
16140	16042
15810	15372
14666	13687
12516	11336
10373	9816
9741	10076
10642	11246
11743	12078
12263	12341
12363	12363
12360	12365
12376	12393
12409	12417
12401	12331
12169	11867
11399	10794
10170	9724
9645	10010
10715	11489
12025	12147
11866	11379
10940	10739
10830	11129
11507	11843
12081	12210
12265	12278
12285	12303
12330	12349
12330	12242
12056	11782
11469	11237
11237	11580
12267	13183
14142	14971
15578	15960
16165	16263
16301	16316
16319	16321
16321	16321
16321	16321
16321	16321
16321	16321
16321	16321
16321	16321
16321	16321
16321	16321
16321	16321
16321	16321
16321	16321
16321	16321
16321	16321
16321	16321
16321	16321
16321	16321
16321	16321
16321	16321
16321	16321
16321	16321
16321	16321
16321	16321
16321	16321
16321	16321
16321	16321
16321	16321
16321	16321
16321	16321
16321	16321
16321	16321
16321	16321
16321	16321
16321	16321
16321	16321
16321	16321
16321	16321
16321	16321
16321	16321
16321	16321
16321	16321
16321	16321
16321	16321
16321	16321
16321	16321
16321	16321
16321	16321
16321	16321
16321	16321
16321	16321
16321	16321
16321	16321
16321	16321
16321	16321
16321	16321
16321	16321
16321	16321
16321	16321
16321	16320
16317	16307
16278	16212
16067	15793
15320	14611
13678	12623
11618	10827
10335	10125
10101	10155
10203	10223
10208	10174
10124	10073
10016	9956
9881	9777
9614	9374
9056	8720
8479	8442
8653	9037
9411	9574
9412	8958
8394	7937
7750	7868
8205	8618
8990	9256
9411	9474
9492	9492
9497	9512
9531	9547
9547	9524
9453	9298
9008	8560
7956	7260
6550	5918
5406	5025
4751	4552
4411	4315
4256	4229
4225	4230
4241	4249
4247	4242
4232	4223
4222	4242
4306	4448
4717	5148
5757	6512
7349	8170
8887	9438
9807	10026
10133	10183
10209	10233
10261	10295
10327	10352
10352	10300
10155	9882
9464	8899
8220	7481
6742	6057
5481	5029
4718	4532
4450	4436
4454	4477
4491	4496
4496	4494
4507	4527
4558	4594
4631	4667
4700	4729
4753	4770
4772	4760
4744	4728
4730	4759
4828	4955
5172	5511
5993	6629
7393	8234
9103	9930
10663	11259
11701	11990
12164	12254
12301	12328
12355	12377
12393	12399
12391	12375
12363	12345
12332	12314
12300	12291
12291	12292
12293	12280
12255	12209
12127	11974
11729	11377
10937	10449
9995	9656
9533	9688
10151	10885
11803	12780
13698	14464
15049	15457
15728	15898
16003	16060
16087	16099
16105	16116
16141	16171
16197	16214
16214	16197
16171	16138
16107	16081
16059	16026
15971	15880
15733	15501
15142	14601
13851	12908
11845	10792
9901	9289
9019	9086
9448	10038
10801	11671
12575	13437
14190	14803
15264	15588
15801	15929
15996	16029
16043	16048
16050	16055
16064	16077
16098	16120
16139	16146
16142	16131
16126	16128
16141	16154
16148	16082
15908	15555
14960	14093
12995	11813
10761	10044
9792	9982
10469	11058
11587	11971
12202	12312
12350	12357
12356	12357
12365	12379
12394	12406
12400	12353
12225	11967
11543	10961
10318	9794
9593	9841
10479	11271
11911	12162
11983	11529
11052	10775
10796	11057
11432	11793
12054	12206
12271	12291
12299	12314
12334	12350
12329	12253
12083	11820
11503	11243
11184	11452
12073	12957
13929	14805
15470	15898
16136	16247
16294	16311
16318	16319
16321	16321
16321	16321
16321	16321
16321	16321
16321	16321
16321	16321
16321	16321
16321	16321
16321	16321
16321	16321
16321	16321
16321	16321
16321	16321
16321	16321
16321	16321
16321	16321
16321	16321
16321	16321
16321	16321
16321	16321
16321	16321
16321	16321
16321	16321
16321	16321
16321	16321
16321	16321
16321	16321
16321	16321
16321	16321
16321	16321
16321	16321
16321	16321
16321	16321
16321	16321
16321	16321
16321	16321
16321	16321
16321	16321
16321	16321
16321	16321
16321	16321
16321	16321
16321	16321
16321	16321
16321	16321
16321	16321
16321	16321
16321	16321
16321	16321
16321	16321
16321	16321
16321	16321
16321	16321
16321	16321
16321	16321
16321	16321
16321	16321
16321	16320
16316	16303
16271	16190
16020	15698
15167	14395
13423	12366
11403	10677
10255	10095
10094	10152
10198	10209
10188	10144
10092	10038
9981	9923
9850	9742
9571	9312
8979	8650
8443	8464
8729	9131
9468	9550
9299	8792
8228	7829
7726	7913
8282	8697
9045	9280
9403	9445
9442	9432
9429	9447
9474	9495
9493	9460
9365	9172
8840	8356
7746	7084
6452	5923
5509	5195
4939	4721
4533	4388
4290	4241
4229	4235
4252	4264
4267	4256
4243	4227
4224	4252
4340	4528
4868	5383
6074	6880
7716	8489
9127	9594
9896	10066
10148	10183
10206	10227
10251	10277
10300	10310
10287	10196
9992	9642
9126	8470
7729	6969
6259	5646
5158	4804
4574	4450
4409	4414
4439	4464
4474	4476
4479	4484
4498	4525
4558	4592
4622	4649
4674	4695
4717	4741
4753	4754
4745	4735
4732	4742
4779	4854
4989	5218
5573	6072
6716	7479
8318	9183
9999	10712
11281	11696
11967	12129
12219	12272
12309	12342
12370	12383
12387	12375
12361	12344
12327	12303
12287	12273
12267	12262
12250	12224
12176	12092
11949	11720
11390	10966
10498	10053
9729	9606
9751	10186
10884	11765
12725	13643
14431	15035
15461	15732
15897	15998
16060	16095
16113	16120
16124	16135
16156	16184
16208	16221
16221	16208
16183	16154
16127	16104
16084	16056
16013	15944
15841	15682
15433	15035
14445	13646
12680	11657
10732	10065
9763	9852
10282	10970
11806	12697
13548	14299
14900	15352
15662	15867
15986	16052
16081	16098
16103	16107
16109	16110
16112	16118
16128	16145
16160	16167
16159	16147
16134	16132
16142	16153
16156	16112
15980	15699
15203	14444
13438	12286
11172	10323
9896	9928
10313	10869
11416	11840
12111	12253
12311	12325
12329	12335
12345	12359
12377	12390
12395	12362
12261	12042
11663	11113
10470	9892
9591	9720
10277	11066
11777	12149
12075	11666
11166	10822
10770	10988
11355	11732
12018	12191
12271	12296
12305	12316
12332	12341
12324	12255
12101	11857
11550	11272
11166	11364
11920	12768
13743	14652
15362	15833
16101	16231
16286	16309
16314	16319
16319	16321
16321	16321
16321	16321
16321	16321
16321	16321
16321	16321
16321	16321
16321	16321
16321	16321
16321	16321
16321	16321
16321	16321
16321	16321
16321	16321
16321	16321
16321	16321
16321	16321
16321	16321
16321	16321
16321	16321
16321	16321
16321	16321
16321	16321
16321	16321
16321	16321
16321	16321
16321	16321
16321	16321
16321	16321
16321	16321
16321	16321
16321	16321
16321	16321
16321	16321
16321	16321
16321	16321
16321	16321
16321	16321
16321	16321
16321	16321
16321	16321
16321	16321
16321	16321
16321	16321
16321	16321
16321	16321
16321	16321
16321	16321
16321	16321
16321	16321
16321	16321
16321	16321
16321	16321
16321	16321
16321	16321
16321	16321
16321	16321
16321	16320
16316	16300
16261	16164
15962	15592
14996	14157
13142	12086
11170	10519
10175	10070
10095	10154
10190	10187
10153	10101
10043	9985
9933	9875
9806	9694
9512	9238
8898	8579
8413	8491
8804	9212
9503	9498
9163	8614
8070	7741
7713	7960
8352	8761
9086	9294
9398	9425
9411	9388
9377	9390
9418	9440
9441	9394
9276	9045
8678	8174
7590	7001
6492	6098
5804	5555
5304	5034
4769	4541
4379	4285
4250	4251
4268	4287
4293	4281
4260	4239
4239	4275
4390	4632
5045	5646
6406	7242
8058	8762
9312	9693
9932	10065
10128	10158
10179	10199
10219	10238
10250	10246
10195	10060
9792	9359
8758	8037
7257	6508
5850	5323
4924	4653
4491	4413
4396	4411
4438	4459
4468	4467
4471	4478
4497	4523
4552	4581
4606	4624
4640	4658
4678	4703
4727	4742
4744	4739
4733	4737
4756	4799
4881	5032
5276	5645
6152	6797
7558	8395
9247	10043
10728	11274
11668	11932
12090	12189
12254	12301
12340	12368
12381	12376
12362	12344
12322	12296
12274	12256
12241	12222
12194	12143
12053	11908
11683	11362
10952	10494
10057	9740
9631	9785
10218	10899
11756	12690
13598	14391
15018	15463
15750	15917
16009	16063
16099	16126
16141	16150
16155	16168
16186	16208
16226	16236
16235	16226
16206	16183
16163	16143
16127	16100
16060	16003
15927	15816
15647	15373
14942	14316
13513	12612
11768	11139
10855	10958
11409	12096
12897	13694
14411	14995
15436	15738
15932	16048
16110	16138
16153	16158
16164	16167
16171	16170
16170	16168
16173	16183
16193	16196
16190	16174
16160	16153
16160	16171
16174	16143
16042	15817
15403	14752
13837	12732
11591	10630
10042	9911
10179	10686
11234	11694
12006	12180
12256	12283
12294	12305
12322	12340
12361	12379
12384	12362
12281	12096
11759	11252
10621	10014
9627	9644
10106	10863
11625	12099
12130	11780
11271	10870
10744	10913
11265	11653
11966	12162
12257	12291
12299	12309
12316	12322
12308	12250
12118	11900
11610	11329
11187	11324
11816	12618
13580	14508
15255	15764
16061	16209
16275	16301
16312	16316
16319	16319
16321	16321
16321	16321
16321	16321
16321	16321
16321	16321
16321	16321
16321	16321
16321	16321
16321	16321
16321	16321
16321	16321
16321	16321
16321	16321
16321	16321
16321	16321
16321	16321
16321	16321
16321	16321
16321	16321
16321	16321
16321	16321
16321	16321
16321	16321
16321	16321
16321	16321
16321	16321
16321	16321
16321	16321
16321	16321
16321	16321
16321	16321
16321	16321
16321	16321
16321	16321
16321	16321
16321	16321
16321	16321
16321	16321
16321	16321
16321	16321
16321	16321
16321	16321
16321	16321
16321	16321
16321	16321
16321	16321
16321	16321
16321	16321
16321	16321
16321	16321
16321	16321
16321	16321
16321	16321
16321	16321
16321	16321
16321	16321
16321	16320
16314	16298
16252	16140
15909	15487
14822	13920
12864	11817
10952	10377
10107	10052
10098	10154
10173	10153
10107	10047
9985	9925
9873	9819
9750	9635
9441	9153
8808	8508
8385	8525
8877	9280
9509	9415
9006	8436
7929	7670
7721	8017
8424	8815
9116	9303
9395	9414
9392	9359
9340	9344
9364	9385
9383	9328
9185	8920
8522	8018
7483	7014
6670	6452
6299	6120
5860	5518
5145	4805
4541	4376
4290	4270
4282	4304
4314	4305
4284	4264
4266	4320
4467	4765
5254	5931
6743	7587
8361	8988
9448	9751
9931	10030
10082	10111
10131	10151
10168	10183
10185	10160
10077	9890
9554	9046
8378	7610
6826	6113
5521	5074
4761	4563
4449	4404
4401	4421
4444	4460
4465	4468
4470	4478
4495	4517
4542	4565
4584	4596
4608	4620
4640	4670
4697	4719
4731	4731
4730	4732
4743	4769
4825	4919
5080	5337
5712	6220
6864	7622
8445	9279
10054	10720
11251	11637
11899	12066
12179	12258
12317	12359
12378	12379
12366	12345
12321	12296
12270	12246
12219	12182
12122	12024
11867	11631
11304	10885
10418	9971
9643	9533
9701	10156
10859	11728
12659	13560
14355	14990
15453	15761
15941	16034
16080	16105
16126	16146
16167	16184
16195	16209
16222	16238
16251	16258
16258	16251
16238	16222
16206	16190
16173	16148
16110	16059
15998	15922
15812	15632
15340	14888
14273	13557
12860	12334
12105	12217
12632	13237
13915	14558
15102	15517
15806	15994
16104	16164
16193	16205
16212	16215
16219	16223
16225	16223
16222	16218
16220	16225
16230	16232
16227	16212
16199	16190
16193	16200
16201	16176
16095	15912
15570	15007
14186	13140
11992	10949
10217	9929
10072	10509
11055	11544
11899	12105
12204	12241
12258	12278
12301	12326
12348	12368
12377	12358
12291	12131
11835	11375
10775	10152
9698	9605
9960	10667
11451	12012
12147	11865
11361	10910
10713	10824
11156	11555
11896	12119
12233	12274
12287	12288
12293	12296
12287	12242
12136	11949
11687	11411
11241	11321
11742	12485
13421	14357
15135	15681
16011	16182
16261	16293
16306	16313
16316	16319
16319	16321
16321	16321
16321	16321
16321	16321
16321	16321
16321	16321
16321	16321
16321	16321
16321	16321
16321	16321
16321	16321
16321	16321
16321	16321
16321	16321
16321	16321
16321	16321
16321	16321
16321	16321
16321	16321
16321	16321
16321	16321
16321	16321
16321	16321
16321	16321
16321	16321
16321	16321
16321	16321
16321	16321
16321	16321
16321	16321
16321	16321
16321	16321
16321	16321
16321	16321
16321	16321
16321	16321
16321	16321
16321	16321
16321	16321
16321	16321
16321	16321
16321	16321
16321	16321
16321	16321
16321	16321
16321	16321
16321	16321
16321	16321
16321	16321
16321	16321
16321	16321
16321	16321
16321	16321
16321	16321
16321	16321
16321	16321
16321	16319
16314	16294
16242	16115
15857	15391
14670	13712
12627	11589
10768	10263
10051	10037
10098	10147
10150	10117
10059	9995
9934	9873
9820	9766
9691	9567
9358	9054
8712	8438
8369	8561
8944	9323
9486	9310
8841	8265
7809	7629
7755	8091
8500	8870
9144	9313
9391	9404
9379	9343
9314	9309
9324	9341
9332	9261
9091	8791
8369	7882
7429	7110
6965	6952
6958	6861
6596	6178
5680	5200
4807	4531
4373	4305
4295	4313
4325	4321
4305	4290
4302	4380
4573	4931
5490	6229
7071	7901
8619	9164
9539	9771
9907	9979
10023	10049
10071	10088
10107	10114
10108	10059
9934	9688
9284	8708
7990	7203
6441	5778
5260	4890
4647	4503
4428	4405
4413	4434
4452	4463
4466	4467
4469	4479
4495	4512
4534	4549
4563	4573
4582	4596
4615	4640
4669	4692
4706	4714
4719	4725
4734	4756
4791	4854
4960	5127
5389	5761
6267	6906
7652	8460
9278	10040
10699	11226
11618	11886
12069	12195
12283	12342
12374	12380
12369	12348
12324	12301
12274	12241
12194	12125
12017	11846
11595	11241
10795	10289
9794	9418
9265	9419
9890	10635
11557	12539
13479	14295
14948	15434
15758	15958
16060	16107
16122	16131
16143	16163
16186	16211
16229	16243
16257	16266
16274	16278
16278	16275
16266	16258
16247	16234
16215	16189
16152	16110
16059	16006
15938	15830
15645	15342
14912	14389
13869	13479
13319	13426
13765	14246
14760	15228
15602	15870
16046	16149
16208	16236
16249	16253
16257	16258
16262	16263
16266	16265
16262	16261
16261	16261
16264	16265
16260	16250
16240	16233
16234	16236
16233	16210
16142	15992
15707	15221
14487	13506
12374	11271
10416	9979
9991	10353
10879	11397
11792	12038
12162	12215
12239	12263
12291	12320
12344	12366
12372	12357
12295	12156
11898	11486
10922	10301
9789	9595
9838	10473
11264	11895
12129	11922
11432	10935
10666	10715
11020	11429
11802	12059
12200	12258
12274	12274
12270	12270
12265	12234
12155	11999
11767	11499
11306	11324
11666	12338
13232	14168
14978	15570
15941	16143
16238	16281
16299	16307
16314	16316
16319	16319
16321	16321
16321	16321
16321	16321
16321	16321
16321	16321
16321	16321
16321	16321
16321	16321
16321	16321
16321	16321
16321	16321
16321	16321
16321	16321
16321	16321
16321	16321
16321	16321
16321	16321
16321	16321
16321	16321
16321	16321
16321	16321
16321	16321
16321	16321
16321	16321
16321	16321
16321	16321
16321	16321
16321	16321
16321	16321
16321	16321
16321	16321
16321	16321
16321	16321
16321	16321
16321	16321
16321	16321
16321	16321
16321	16321
16321	16321
16321	16321
16321	16321
16321	16321
16321	16321
16321	16321
16321	16321
16321	16321
16321	16321
16321	16321
16321	16321
16321	16321
16321	16321
16321	16321
16321	16321
16321	16321
16321	16321
16321	16319
16314	16292
16234	16095
15810	15306
14543	13545
12442	11415
10638	10185
10019	10031
10096	10136
10129	10081
10021	9957
9894	9837
9783	9721
9635	9493
9264	8946
8607	8369
8355	8597
8999	9344
9431	9176
8665	8103
7712	7618
7811	8180
8585	8930
9172	9319
9384	9394
9369	9331
9299	9289
9296	9306
9286	9197
8997	8665
8227	7767
7414	7263
7335	7539
7718	7719
7469	6988
6375	5749
5201	4789
4518	4373
4319	4315
4323	4323
4312	4308
4339	4455
4703	5130
5753	6536
7383	8179
8831	9298
9599	9776
9876	9932
9968	9993
10014	10031
10047	10049
10023	9943
9770	9460
8987	8350
7601	6819
6096	5493
5047	4745
4557	4454
4409	4399
4415	4436
4451	4460
4462	4465
4467	4478
4490	4504
4519	4534
4545	4555
4563	4577
4594	4615
4640	4661
4678	4692
4699	4710
4725	4745
4773	4817
4881	4988
5159	5417
5786	6285
6912	7648
8450	9263
10027	10689
11220	11615
11895	12089
12221	12305
12352	12367
12360	12344
12327	12305
12277	12233
12158	12043
11862	11592
11214	10730
10163	9588
9104	8841
8896	9320
10078	11068
12152	13198
14107	14833
15366	15728
15948	16070
16125	16141
16140	16139
16149	16173
16202	16231
16253	16273
16282	16290
16296	16298
16298	16296
16290	16285
16276	16262
16244	16218
16184	16147
16110	16072
16035	15974
15865	15681
15401	15054
14704	14439
14340	14431
14684	15028
15383	15694
15929	16087
16184	16240
16268	16283
16285	16287
16286	16288
16290	16292
16294	16293
16292	16290
16289	16289
16292	16290
16287	16281
16274	16270
16268	16267
16263	16238
16181	16056
15817	15398
14743	13832
12726	11589
10636	10058
9938	10210
10711	11249
11689	11979
12137	12205
12235	12262
12291	12321
12348	12369
12377	12358
12302	12175
11952	11584
11064	10451
9899	9609
9739	10287
11062	11748
12078	11949
11485	10951
10611	10593
10868	11285
11693	11991
12167	12246
12269	12267
12256	12254
12247	12229
12173	12049
11839	11579
11355	11310
11562	12154
13001	13936
14783	15428
15853	16094
16213	16268
16291	16302
16308	16314
16316	16319
16319	16321
16321	16321
16321	16321
16321	16321
16321	16321
16321	16321
16321	16321
16321	16321
16321	16321
16321	16321
16321	16321
16321	16321
16321	16321
16321	16321
16321	16321
16321	16321
16321	16321
16321	16321
16321	16321
16321	16321
16321	16321
16321	16321
16321	16321
16321	16321
16321	16321
16321	16321
16321	16321
16321	16321
16321	16321
16321	16321
16321	16321
16321	16321
16321	16321
16321	16321
16321	16321
16321	16321
16321	16321
16321	16321
16321	16321
16321	16321
16321	16321
16321	16321
16321	16321
16321	16321
16321	16321
16321	16321
16321	16321
16321	16321
16321	16321
16321	16321
16321	16321
16321	16321
16321	16321
16321	16321
16321	16321
16321	16319
16311	16288
16224	16071
15763	15231
14428	13407
12295	11290
10548	10138
10003	10031
10094	10127
10110	10059
9998	9935
9875	9815
9754	9685
9583	9417
9163	8829
8504	8308
8350	8639
9041	9339
9346	9017
8479	7950
7637	7631
7892	8286
8681	8995
9207	9326
9376	9379
9353	9317
9290	9278
9281	9280
9244	9133
8902	8538
8091	7674
7428	7447
7727	8140
8492	8609
8400	7898
7201	6449
5748	5180
4768	4512
4375	4326
4312	4312
4306	4317
4377	4537
4845	5345
6028	6840
7673	8417
8996	9391
9633	9769
9845	9889
9920	9944
9965	9981
9990	9982
9934	9815
9583	9203
8661	7978
7217	6459
5785	5249
4869	4622
4477	4404
4380	4383
4402	4426
4443	4451
4454	4456
4463	4469
4482	4494
4508	4519
4531	4540
4551	4561
4577	4593
4614	4632
4651	4664
4677	4693
4713	4733
4757	4788
4829	4897
5001	5170
5421	5783
6274	6896
7631	8437
9258	10025
10694	11228
11630	11915
12111	12236
12307	12335
12343	12335
12323	12305
12272	12206
12093	11909
11630	11237
10720	10096
9430	8813
8375	8237
8488	9144
10128	11300
12496	13581
14470	15136
15592	15880
16040	16121
16147	16149
16139	16136
16149	16175
16208	16242
16269	16287
16298	16304
16307	16308
16308	16308
16305	16300
16291	16279
16259	16234
16206	16176
16151	16128
16108	16078
16020	15913
15745	15533
15317	15156
15103	15172
15344	15570
15797	15983
16121	16207
16259	16286
16300	16303
16306	16306
16305	16306
16308	16309
16308	16309
16308	16306
16305	16306
16306	16307
16304	16300
16296	16295
16293	16291
16284	16262
16209	16104
15900	15542
14961	14123
13060	11909
10874	10168
9912	10087
10547	11101
11589	11930
12123	12215
12253	12275
12300	12329
12355	12377
12385	12367
12308	12196
11998	11673
11196	10603
10019	9644
9661	10114
10854	11582
11998	11948
11522	10962
10557	10476
10713	11138
11580	11924
12138	12246
12282	12276
12261	12248
12241	12231
12192	12091
11902	11641
11386	11269
11429	11932
12724	13658
14548	15262
15747	16033
16182	16250
16279	16295
16303	16308
16314	16316
16319	16319
16321	16321
16321	16321
16321	16321
16321	16321
16321	16321
16321	16321
16321	16321
16321	16321
16321	16321
16321	16321
16321	16321
16321	16321
16321	16321
16321	16321
16321	16321
16321	16321
16321	16321
16321	16321
16321	16321
16321	16321
16321	16321
16321	16321
16321	16321
16321	16321
16321	16321
16321	16321
16321	16321
16321	16321
16321	16321
16321	16321
16321	16321
16321	16321
16321	16321
16321	16321
16321	16321
16321	16321
16321	16321
16321	16321
16321	16321
16321	16321
16321	16321
16321	16321
16321	16321
16321	16321
16321	16321
16321	16321
16321	16321
16321	16321
16321	16321
16321	16321
16321	16321
16321	16321
16321	16321
16321	16321
16321	16317
16310	16281
16208	16038
15706	15136
14305	13260
12155	11177
10477	10106
9998	10032
10095	10121
10098	10047
9985	9925
9863	9803
9736	9651
9529	9335
9053	8708
8398	8248
8351	8677
9069	9308
9233	8839
8287	7807
7583	7671
7989	8400
8780	9062
9239	9331
9363	9361
9333	9303
9282	9274
9273	9261
9208	9066
8799	8411
7966	7596
7461	7642
8108	8700
9205	9436
9303	8823
8103	7269
6447	5728
5158	4756
4506	4376
4317	4296
4292	4318
4410	4621
4999	5572
6308	7134
7937	8620
9127	9458
9651	9756
9816	9855
9884	9904
9923	9936
9938	9913
9835	9666
9369	8914
8307	7588
6831	6110
5502	5035
4713	4512
4401	4354
4345	4359
4383	4406
4423	4434
4438	4445
4452	4461
4471	4483
4495	4507
4516	4527
4537	4548
4559	4573
4588	4605
4621	4637
4652	4674
4693	4716
4738	4764
4795	4836
4901	5001
5162	5407
5767	6256
6882	7623
8442	9268
10041	10713
11252	11656
11939	12122
12229	12285
12309	12316
12313	12293
12243	12143
11970	11695
11299	10763
10104	9369
8633	8015
7640	7616
8011	8814
9933	11211
12485	13612
14518	15184
15628	15898
16048	16115
16133	16130
16120	16120
16137	16168
16206	16244
16276	16295
16306	16312
16315	16316
16316	16315
16313	16308
16299	16286
16264	16242
16215	16195
16179	16170
16160	16150
16116	16059
15966	15847
15726	15636
15612	15659
15766	15902
16036	16143
16222	16268
16295	16307
16311	16314
16314	16314
16314	16314
16315	16315
16316	16316
16315	16315
16313	16313
16315	16314
16314	16311
16310	16309
16307	16303
16293	16270
16226	16138
15967	15662
15153	14390
13378	12227
11130	10310
9923	9992
10402	10959
11488	11880
12112	12227
12272	12296
12315	12341
12368	12391
12400	12377
12320	12217
12044	11759
11330	10760
10158	9710
9615	9964
10654	11403
11896	11937
11558	10988
10525	10377
10578	10998
11471	11859
12116	12252
12302	12300
12280	12257
12246	12242
12213	12129
11955	11693
11407	11220
11286	11699
12438	13369
14301	15082
15634	15971
16149	16232
16267	16286
16295	16304
16308	16314
16316	16319
16319	16321
16321	16321
16321	16321
16321	16321
16321	16321
16321	16321
16321	16321
16321	16321
16321	16321
16321	16321
16321	16321
16321	16321
16321	16321
16321	16321
16321	16321
16321	16321
16321	16321
16321	16321
16321	16321
16321	16321
16321	16321
16321	16321
16321	16321
16321	16321
16321	16321
16321	16321
16321	16321
16321	16321
16321	16321
16321	16321
16321	16321
16321	16321
16321	16321
16321	16321
16321	16321
16321	16321
16321	16321
16321	16321
16321	16321
16321	16321
16321	16321
16321	16321
16321	16321
16321	16321
16321	16321
16321	16321
16321	16321
16321	16321
16321	16321
16321	16321
16321	16321
16321	16321
16321	16321
16321	16321
16320	16317
16306	16271
16184	15991
15623	15010
14139	13075
11980	11038
10389	10062
9986	10032
10095	10115
10090	10035
9973	9913
9850	9787
9713	9618
9474	9253
8942	8589
8299	8200
8359	8719
9089	9261
9101	8649
8095	7674
7541	7714
8087	8513
8877	9127
9273	9336
9350	9337
9311	9287
9272	9270
9269	9246
9166	8993
8690	8281
7845	7541
7513	7837
8451	9182
9807	10141
10100	9693
9006	8158
7264	6423
5704	5142
4747	4500
4364	4300
4285	4322
4446	4710
5158	5798
6579	7409
8171	8790
9227	9501
9658	9745
9793	9828
9851	9875
9890	9898
9888	9841
9724	9496
9127	8596
7931	7186
6446	5778
5236	4839
4574	4414
4331	4301
4304	4325
4354	4380
4397	4413
4422	4429
4437	4447
4458	4469
4480	4491
4502	4512
4522	4532
4542	4552
4562	4579
4594	4610
4629	4649
4673	4694
4717	4742
4765	4795
4833	4893
4992	5150
5397	5757
6253	6887
7638	8463
9295	10076
10749	11284
11679	11947
12114	12212
12265	12290
12290	12257
12174	12017
11757	11372
10841	10172
9397	8586
7834	7254
6946	7001
7463	8310
9455	10765
12078	13262
14233	14964
15469	15787
15971	16058
16091	16093
16091	16095
16119	16157
16202	16244
16277	16297
16310	16315
16317	16317
16317	16317
16317	16311
16302	16289
16269	16245
16223	16210
16201	16197
16197	16190
16174	16143
16094	16029
15969	15924
15912	15943
16007	16083
16161	16223
16268	16295
16308	16314
16317	16317
16317	16317
16317	16318
16318	16318
16317	16318
16318	16318
16317	16317
16317	16317
16317	16316
16316	16316
16315	16311
16300	16281
16240	16163
16022	15766
15322	14631
13680	12548
11405	10484
9970	9927
10273	10826
11384	11819
12094	12233
12290	12315
12329	12351
12377	12403
12410	12391
12335	12240
12089	11847
11462	10923
10315	9804
9605	9841
10462	11216
11778	11911
11595	11031
10525	10318
10474	10887
11379	11804
12099	12261
12326	12327
12304	12278
12262	12256
12236	12160
11997	11736
11426	11189
11173	11503
12185	13106
14074	14913
15526	15909
16116	16214
16258	16276
16288	16295
16304	16308
16313	16316
16318	16319
16320	16321
16321	16321
16321	16321
16321	16321
16321	16321
16321	16321
16321	16321
16321	16321
16321	16321
16321	16321
16321	16321
16321	16321
16321	16321
16321	16321
16321	16321
16321	16321
16321	16321
16321	16321
16321	16321
16321	16321
16321	16321
16321	16321
16321	16321
16321	16321
16321	16321
16321	16321
16321	16321
16321	16321
16321	16321
16321	16321
16321	16321
16321	16321
16321	16321
16321	16321
16321	16321
16321	16321
16321	16321
16321	16321
16321	16321
16321	16321
16321	16321
16321	16321
16321	16321
16321	16321
16321	16321
16321	16321
16321	16321
16321	16321
16321	16321
16321	16321
16321	16321
16321	16321
16321	16321
16320	16316
16300	16258
16152	15927
15508	14839
13916	12827
11740	10843
10256	9988
9951	10017
10082	10104
10074	10019
9952	9888
9824	9759
9677	9574
9412	9164
8829	8473
8210	8162
8374	8756
9100	9198
8957	8456
7910	7553
7512	7765
8184	8618
8960	9184
9297	9338
9335	9312
9285	9268
9262	9265
9261	9224
9121	8909
8574	8145
7736	7501
7583	8030
8757	9576
10277	10690
10739	10434
9839	9044
8147	7241
6398	5683
5130	4739
4494	4356
4306	4342
4495	4809
5322	6020
6831	7652
8372	8926
9301	9529
9654	9725
9767	9799
9822	9845
9858	9860
9834	9759
9595	9305
8860	8258
7541	6786
6071	5467
5001	4671
4459	4332
4271	4257
4269	4292
4323	4349
4370	4386
4398	4410
4422	4433
4443	4453
4464	4476
4486	4497
4505	4517
4524	4531
4541	4552
4566	4583
4601	4624
4646	4671
4696	4718
4740	4762
4790	4828
4889	4992
5155	5405
5772	6272
6911	7670
8499	9339
10119	10789
11315	11697
11951	12111
12204	12247
12243	12184
12041	11798
11427	10914
10250	9473
8631	7808
7097	6583
6343	6433
6881	7672
8754	10015
11327	12563
13629	14480
15108	15535
15798	15945
16012	16040
16051	16065
16097	16141
16191	16238
16274	16299
16312	16317
16320	16321
16321	16320
16319	16314
16306	16292
16274	16253
16234	16220
16214	16213
16215	16210
16200	16183
16156	16126
16095	16074
16070	16086
16121	16167
16213	16254
16283	16304
16314	16319
16320	16321
16321	16321
16321	16321
16321	16321
16321	16321
16321	16321
16321	16321
16321	16321
16321	16320
16319	16319
16318	16312
16304	16284
16250	16187
16070	15854
15474	14854
13970	12866
11698	10692
10060	9905
10174	10699
11274	11747
12060	12224
12294	12322
12336	12357
12384	12412
12420	12402
12350	12266
12137	11930
11592	11095
10488	9926
9629	9753
10293	11033
11649	11874
11636	11102
10568	10307
10416	10809
11308	11760
12083	12267
12346	12358
12333	12306
12289	12281
12262	12192
12037	11783
11465	11188
11114	11372
12002	12904
13892	14775
15435	15856
16086	16195
16243	16267
16278	16288
16295	16304
16307	16313
16315	16317
16318	16319
16319	16321
16321	16321
16321	16321
16321	16321
16321	16321
16321	16321
16321	16321
16321	16321
16321	16321
16321	16321
16321	16321
16321	16321
16321	16321
16321	16321
16321	16321
16321	16321
16321	16321
16321	16321
16321	16321
16321	16321
16321	16321
16321	16321
16321	16321
16321	16321
16321	16321
16321	16321
16321	16321
16321	16321
16321	16321
16321	16321
16321	16321
16321	16321
16321	16321
16321	16321
16321	16321
16321	16321
16321	16321
16321	16321
16321	16321
16321	16321
16321	16321
16321	16321
16321	16321
16321	16321
16321	16321
16321	16321
16321	16321
16321	16321
16321	16321
16321	16321
16321	16321
16321	16321
16319	16314
16294	16240
16111	15845
15369	14628
13644	12525
11449	10602
10084	9885
9897	9987
10061	10080
10050	9987
9919	9848
9781	9713
9635	9523
9346	9076
8726	8366
8134	8137
8399	8789
9099	9121
8807	8269
7742	7451
7494	7815
8268	8700
9025	9221
9312	9335
9319	9289
9262	9248
9251	9257
9249	9199
9065	8817
8448	8010
7633	7474
7662	8217
9022	9888
10621	11079
11206	11012
10540	9856
9028	8123
7218	6383
5676	5129
4745	4506
4390	4408
4573	4932
5497	6237
7065	7865
8537	9032
9356	9543
9645	9703
9741	9769
9793	9812
9824	9816
9773	9663
9450	9091
8570	7904
7150	6395
5724	5186
4796	4533
4370	4275
4228	4222
4237	4265
4295	4320
4344	4361
4377	4389
4403	4414
4425	4435
4446	4456
4469	4479
4486	4496
4502	4511
4517	4527
4539	4554
4573	4595
4618	4645
4669	4694
4714	4733
4756	4789
4831	4903
5013	5181
5432	5798
6300	6943
7709	8548
9392	10170
10827	11339
11709	11956
12104	12169
12152	12038
11815	11460
10960	10316
9549	8709
7861	7090
6467	6044
5864	5950
6328	7000
7938	9083
10337	11596
12753	13746
14536	15118
15515	15761
15898	15968
16005	16038
16077	16126
16180	16231
16270	16296
16311	16317
16320	16321
16321	16320
16319	16314
16308	16295
16279	16259
16243	16227
16219	16215
16215	16213
16210	16200
16188	16172
16158	16144
16141	16150
16170	16199
16233	16263
16287	16305
16314	16319
16320	16321
16321	16321
16321	16321
16321	16321
16321	16321
16321	16321
16321	16321
16321	16321
16321	16321
16321	16320
16319	16314
16306	16288
16257	16206
16110	15934
15605	15057
14240	13180
12005	10936
10195	9923
10104	10587
11161	11658
12004	12198
12284	12319
12336	12358
12387	12413
12425	12409
12362	12290
12184	12012
11721	11261
10667	10068
9685	9698
10143	10851
11510	11827
11681	11192
10652	10344
10400	10761
11254	11719
12062	12268
12362	12382
12364	12338
12320	12308
12285	12219
12075	11832
11519	11232
11117	11320
11899	12776
13765	14672
15364	15813
16059	16177
16232	16255
16269	16279
16288	16294
16303	16307
16311	16314
16316	16317
16319	16319
16321	16321
16321	16321
16321	16321
16321	16321
16321	16321
16321	16321
16321	16321
16321	16321
16321	16321
16321	16321
16321	16321
16321	16321
16321	16321
16321	16321
16321	16321
16321	16321
16321	16321
16321	16321
16321	16321
16321	16321
16321	16321
16320	16319
16318	16319
16321	16321
16321	16321
16321	16321
16321	16321
16321	16321
16321	16321
16321	16321
16321	16321
16321	16321
16321	16321
16321	16321
16321	16321
16321	16321
16321	16321
16321	16321
16321	16321
16321	16321
16321	16321
16321	16321
16321	16321
16321	16321
16321	16321
16321	16321
16321	16321
16321	16321
16321	16321
16321	16321
16321	16321
16319	16312
16288	16222
16069	15758
15216	14403
13351	12197
11131	10336
9896	9770
9830	9949
10034	10056
10019	9953
9878	9804
9732	9663
9585	9469
9278	8995
8630	8282
8079	8133
8429	8822
9083	9037
8659	8098
7602	7376
7489	7863
8334	8761
9067	9241
9317	9327
9303	9268
9241	9230
9236	9245
9231	9163
9001	8716
8316	7877
7537	7462
7751	8392
9246	10127
10858	11332
11514	11424
11090	10553
9845	9010
8110	7213
6389	5695
5156	4782
4572	4535
4699	5084
5686	6451
7277	8046
8670	9111
9387	9544
9631	9679
9713	9739
9764	9782
9788	9773
9708	9564
9290	8863
8269	7549
6772	6036
5415	4950
4632	4432
4311	4241
4208	4202
4218	4244
4272	4298
4319	4339
4354	4370
4385	4398
4409	4419
4430	4440
4450	4461
4470	4479
4484	4490
4497	4505
4515	4528
4545	4564
4589	4615
4640	4665
4688	4710
4732	4762
4802	4857
4934	5044
5208	5456
5818	6325
6980	7758
8602	9444
10212	10860
11358	11712
11925	12011
11969	11790
11465	10983
10353	9598
8769	7926
7145	6481
5980	5656
5523	5588
5868	6382
7138	8112
9249	10467
11676	12791
13752	14521
15091	15481
15727	15869
15952	16006
16059	16114
16173	16227
16268	16294
16311	16317
16320	16321
16321	16320
16319	16317
16311	16300
16286	16268
16248	16231
16218	16210
16209	16211
16212	16209
16205	16195
16185	16178
16174	16176
16190	16212
16238	16267
16290	16305
16313	16319
16320	16321
16321	16321
16321	16321
16321	16321
16321	16321
16321	16321
16321	16321
16321	16321
16321	16321
16321	16320
16319	16314
16307	16291
16267	16223
16146	15998
15721	15236
14490	13479
12316	11201
10363	9977
10056	10475
11033	11548
11925	12148
12255	12304
12327	12351
12379	12407
12419	12409
12371	12311
12229	12087
11836	11416
10841	10221
9764	9668
10015	10676
11367	11770
11720	11296
10764	10414
10413	10729
11207	11676
12040	12262
12371	12401
12393	12374
12356	12339
12312	12245
12111	11885
11589	11302
11167	11330
11862	12700
13683	14597
15307	15773
16034	16162
16217	16244
16257	16270
16279	16288
16294	16302
16306	16310
16313	16316
16318	16319
16319	16321
16321	16321
16321	16321
16321	16321
16321	16321
16321	16321
16321	16321
16321	16321
16321	16321
16321	16321
16321	16321
16321	16321
16321	16321
16321	16321
16321	16321
16321	16321
16321	16321
16321	16321
16321	16321
16321	16321
16320	16319
16316	16311
16304	16308
16321	16321
16321	16321
16321	16321
16321	16321
16321	16321
16321	16321
16321	16321
16321	16321
16321	16321
16321	16321
16321	16321
16321	16321
16321	16321
16321	16321
16321	16321
16321	16321
16321	16321
16321	16321
16321	16321
16321	16321
16321	16321
16321	16321
16321	16321
16321	16321
16321	16320
16320	16320
16318	16318
16319	16318
16315	16308
16280	16201
16025	15673
15072	14188
13076	11891
10840	10096
9726	9665
9774	9915
10008	10030
9993	9924
9844	9764
9690	9619
9538	9416
9216	8916
8551	8214
8049	8142
8469	8850
9060	8947
8518	7951
7490	7325
7496	7904
8381	8797
9081	9243
9309	9314
9290	9253
9223	9213
9222	9229
9208	9122
8934	8613
8188	7750
7459	7461
7842	8554
9442	10312
11020	11486
11705	11697
11492	11109
10553	9842
9012	8119
7232	6418
5733	5207
4871	4753
4884	5275
5891	6668
7479	8210
8781	9174
9409	9540
9611	9654
9686	9711
9734	9752
9752	9728
9639	9453
9123	8627
7970	7206
6423	5718
5155	4761
4513	4367
4283	4232
4204	4198
4207	4229
4254	4278
4299	4319
4335	4352
4364	4380
4389	4402
4412	4422
4433	4443
4452	4459
4466	4469
4474	4481
4491	4502
4518	4538
4561	4588
4610	4637
4661	4684
4709	4739
4777	4827
4884	4956
5059	5217
5462	5835
6357	7026
7811	8655
9488	10245
10871	11333
11620	11728
11656	11403
10970	10368
9631	8807
7971	7190
6524	6003
5636	5409
5313	5347
5527	5887
6448	7221
8186	9297
10484	11672
12777	13735
14501	15074
15463	15713
15868	15967
16043	16109
16171	16226
16267	16294
16310	16315
16317	16318
16318	16316
16317	16316
16311	16304
16292	16275
16251	16229
16210	16198
16197	16202
16209	16215
16218	16213
16208	16200
16194	16194
16204	16221
16247	16270
16290	16306
16314	16319
16320	16321
16321	16321
16321	16321
16321	16321
16321	16321
16321	16321
16321	16321
16321	16321
16321	16321
16321	16320
16319	16316
16308	16296
16273	16239
16172	16051
15815	15389
14713	13767
12628	11484
10565	10058
10023	10368
10898	11424
11832	12086
12221	12283
12314	12340
12369	12395
12409	12402
12374	12334
12268	12154
11933	11550
10999	10370
9850	9659
9902	10510
11213	11696
11746	11398
10878	10494
10432	10698
11151	11627
12001	12245
12369	12414
12415	12404
12386	12369
12335	12269
12145	11940
11667	11394
11246	11375
11864	12662
13620	14533
15256	15737
16008	16142
16204	16231
16248	16259
16269	16279
16286	16292
16299	16305
16307	16314
16316	16319
16319	16320
16321	16321
16321	16321
16321	16321
16321	16321
16321	16321
16321	16321
16321	16321
16321	16321
16321	16321
16321	16321
16321	16321
16321	16321
16321	16321
16321	16321
16321	16321
16321	16321
16321	16321
16321	16321
16321	16321
16318	16313
16301	16284
16252	16271
16321	16321
16321	16321
16321	16321
16321	16321
16321	16321
16321	16321
16321	16321
16321	16321
16321	16321
16321	16321
16321	16321
16321	16321
16321	16321
16321	16321
16321	16321
16321	16321
16321	16321
16321	16321
16321	16321
16321	16321
16321	16321
16321	16321
16321	16321
16321	16321
16319	16319
16318	16317
16316	16316
16316	16317
16315	16304
16272	16187
15990	15605
14955	14018
12857	11650
10610	9914
9606	9597
9740	9897
9991	10011
9975	9906
9824	9739
9663	9590
9502	9371
9159	8849
8484	8167
8037	8168
8512	8873
9031	8856
8390	7828
7412	7303
7520	7943
8414	8809
9078	9227
9289	9298
9276	9240
9212	9202
9206	9208
9180	9078
8863	8513
8067	7642
7396	7478
7942	8709
9610	10462
11134	11583
11818	11874
11774	11529
11127	10566
9855	9026
8139	7254
6444	5769
5289	5061
5128	5495
6112	6879
7665	8354
8873	9219
9421	9530
9591	9628
9658	9684
9706	9723
9720	9680
9570	9342
8955	8392
7678	6887
6111	5445
4947	4622
4435	4336
4280	4243
4217	4204
4208	4222
4243	4263
4283	4303
4320	4336
4350	4361
4373	4385
4397	4406
4416	4424
4432	4440
4445	4451
4454	4460
4467	4478
4493	4511
4533	4559
4583	4610
4634	4661
4687	4718
4756	4800
4846	4894
4955	5052
5209	5469
5857	6398
7078	7865
8705	9524
10244	10806
11161	11294
11193	10870
10342	9648
8847	8011
7223	6546
6025	5656
5416	5274
5204	5208
5309	5535
5920	6485
7248	8193
9288	10477
11675	12793
13757	14527
15092	15482
15735	15898
16013	16101
16172	16227
16268	16293
16308	16312
16316	16316
16316	16316
16316	16316
16312	16307
16294	16276
16250	16221
16196	16182
16181	16192
16207	16224
16231	16233
16229	16223
16216	16216
16221	16236
16255	16277
16295	16308
16316	16319
16320	16321
16321	16321
16321	16321
16321	16321
16321	16321
16321	16321
16321	16321
16321	16321
16321	16321
16321	16321
16319	16317
16309	16298
16280	16248
16194	16089
15887	15516
14907	14027
12928	11771
10775	10153
10000	10256
10751	11289
11727	12018
12180	12261
12300	12330
12354	12379
12393	12394
12377	12350
12300	12205
12011	11659
11132	10501
9937	9660
9808	10352
11062	11610
11756	11478
10984	10564
10440	10651
11081	11558
11952	12215
12355	12414
12426	12420
12407	12386
12354	12292
12181	11999
11749	11489
11334	11432
11873	12630
13561	14471
15200	15697
15983	16125
16191	16222
16237	16249
16260	16269
16277	16285
16291	16299
16304	16309
16315	16318
16319	16320
16321	16321
16321	16321
16321	16321
16321	16321
16321	16321
16321	16321
16321	16321
16321	16321
16321	16321
16321	16321
16321	16321
16321	16321
16321	16321
16321	16321
16321	16321
16321	16321
16321	16321
16321	16321
16321	16319
16314	16297
16257	16207
16088	16156
16321	16321
16321	16321
16321	16321
16321	16321
16321	16321
16321	16321
16321	16321
16321	16321
16321	16321
16321	16321
16321	16321
16321	16321
16321	16321
16321	16321
16321	16321
16321	16321
16321	16321
16321	16321
16321	16321
16321	16321
16321	16321
16321	16321
16321	16321
16321	16319
16319	16318
16316	16315
16313	16314
16314	16315
16313	16301
16267	16174
15964	15557
14875	13898
12708	11488
10465	9804
9539	9567
9731	9891
9983	9998
9964	9897
9816	9734
9655	9576
9480	9337
9111	8791
8430	8133
8039	8202
8550	8890
8996	8769
8280	7732
7363	7305
7551	7979
8433	8806
9059	9204
9270	9285
9269	9233
9206	9194
9192	9189
9150	9029
8789	8415
7958	7549
7350	7505
8042	8855
9762	10589
11228	11649
11888	11981
11962	11825
11562	11148
10577	9852
9012	8106
7209	6403
5782	5432
5414	5736
6332	7081
7834	8479
8951	9254
9428	9520
9571	9604
9632	9658
9682	9696
9688	9636
9500	9232
8792	8171
7413	6603
5848	5231
4791	4526
4390	4328
4294	4267
4240	4223
4215	4221
4236	4255
4273	4291
4309	4322
4335	4346
4360	4370
4381	4391
4401	4410
4418	4425
4430	4434
4435	4442
4450	4459
4474	4490
4510	4534
4561	4585
4611	4638
4666	4698
4732	4769
4805	4841
4876	4935
5039	5214
5494	5904
6457	7149
7941	8769
9540	10171
10583	10732
10612	10238
9645	8901
8084	7285
6585	6037
5658	5421
5286	5206
5158	5145
5185	5312
5551	5938
6496	7251
8206	9334
10557	11788
12917	13877
14628	15175
15549	15799
15968	16084
16166	16227
16268	16293
16307	16312
16315	16314
16313	16313
16313	16315
16311	16308
16295	16275
16247	16216
16188	16172
16172	16186
16211	16231
16245	16253
16251	16245
16240	16236
16238	16248
16264	16281
16297	16308
16317	16319
16320	16321
16321	16321
16321	16321
16321	16321
16321	16321
16321	16321
16321	16321
16321	16321
16321	16321
16321	16321
16319	16317
16309	16298
16279	16250
16200	16110
15937	15612
15063	14251
13196	12032
10974	10244
9976	10149
10608	11154
11626	11952
12143	12237
12288	12316
12341	12359
12375	12378
12375	12357
12325	12244
12064	11736
11231	10603
10009	9659
9724	10209
10913	11519
11747	11537
11063	10612
10431	10591
10998	11481
11895	12178
12334	12402
12420	12418
12409	12393
12363	12310
12215	12056
11831	11582
11418	11481
11873	12588
13491	14396
15141	15655
15953	16106
16176	16211
16229	16240
16250	16260
16269	16278
16286	16292
16301	16308
16313	16317
16319	16320
16321	16321
16321	16321
16321	16321
16321	16321
16321	16321
16321	16321
16321	16321
16321	16321
16321	16321
16321	16321
16321	16321
16321	16321
16321	16321
16321	16321
16321	16321
16321	16321
16321	16321
16321	16321
16321	16317
16304	16265
16167	16041
15706	15887
16321	16321
16321	16321
16321	16321
16321	16321
16321	16321
16321	16321
16321	16321
16321	16321
16321	16321
16321	16321
16321	16321
16321	16321
16321	16321
16321	16321
16321	16321
16321	16321
16321	16321
16321	16321
16321	16321
16321	16321
16321	16321
16321	16321
16321	16321
16320	16319
16319	16317
16315	16314
16312	16312
16314	16315
16312	16299
16262	16166
15946	15527
14824	13829
12624	11402
10390	9753
9517	9564
9733	9890
9977	9991
9955	9893
9818	9740
9659	9577
9470	9314
9074	8746
8392	8114
8045	8234
8586	8902
8966	8699
8192	7665
7335	7318
7584	8008
8444	8797
9037	9180
9251	9273
9259	9228
9201	9185
9179	9169
9118	8982
8722	8328
7867	7472
7322	7541
8136	8984
9896	10697
11304	11702
11937	12055
12080	12021
11858	11568
11122	10508
9738	8846
7902	7001
6260	5797
5695	5960
6526	7247
7972	8579
9011	9279
9428	9508
9552	9587
9613	9639
9659	9674
9660	9601
9443	9142
8657	7991
7199	6382
5647	5072
4686	4468
4372	4336
4318	4293
4265	4240
4226	4225
4234	4251
4269	4287
4301	4315
4327	4338
4347	4359
4369	4378
4389	4398
4405	4412
4417	4418
4423	4426
4433	4443
4456	4473
4492	4514
4539	4567
4592	4618
4648	4679
4712	4744
4770	4792
4817	4853
4926	5051
5249	5556
5992	6575
7293	8089
8872	9536
9982	10150
10018	9611
8990	8232
7437	6703
6100	5672
5412	5279
5215	5181
5146	5121
5124	5185
5322	5569
5959	6540
7347	8376
9579	10864
12116	13231
14145	14843
15342	15682
15908	16057
16158	16225
16268	16293
16304	16310
16313	16313
16312	16312
16312	16313
16312	16308
16297	16275
16245	16212
16180	16164
16167	16185
16213	16238
16257	16267
16269	16264
16261	16253
16253	16260
16271	16285
16299	16309
16317	16319
16320	16321
16321	16321
16321	16321
16321	16321
16321	16321
16321	16321
16321	16321
16321	16321
16321	16321
16321	16320
16319	16316
16309	16297
16278	16248
16202	16121
15966	15678
15183	14427
13411	12247
11142	10324
9956	10053
10482	11036
11538	11898
12110	12223
12279	12308
12329	12344
12357	12367
12371	12364
12340	12267
12100	11787
11300	10677
10063	9661
9660	10093
10792	11435
11731	11574
11114	10638
10406	10523
10914	11401
11834	12137
12304	12378
12400	12403
12395	12383
12362	12324
12243	12105
11897	11654
11479	11511
11861	12537
13422	14328
15082	15612
15927	16090
16166	16200
16221	16232
16243	16253
16261	16270
16279	16288
16299	16306
16312	16317
16319	16320
16321	16321
16321	16321
16321	16321
16321	16321
16321	16321
16321	16321
16321	16321
16321	16321
16321	16321
16321	16321
16321	16321
16321	16321
16321	16321
16321	16321
16321	16321
16321	16321
16321	16321
16321	16321
16319	16312
16290	16216
16024	15775
15067	15440
16321	16321
16321	16321
16321	16321
16321	16321
16321	16321
16321	16321
16321	16321
16321	16321
16321	16321
16321	16321
16321	16321
16321	16321
16321	16321
16321	16321
16321	16321
16321	16321
16321	16321
16321	16321
16321	16321
16321	16321
16321	16321
16321	16321
16321	16321
16320	16319
16318	16316
16314	16310
16311	16311
16310	16312
16311	16297
16260	16162
15939	15511
14801	13797
12585	11364
10363	9741
9515	9571
9741	9892
9974	9984
9950	9892
9823	9747
9666	9579
9465	9300
9050	8717
8365	8102
8054	8259
8612	8910
8941	8647
8135	7623
7322	7331
7609	8029
8448	8789
9019	9164
9236	9264
9254	9228
9199	9180
9170	9157
9097	8948
8672	8266
7802	7423
7309	7573
8211	9083
9994	10780
11362	11744
11970	12096
12149	12136
12036	11828
11474	10949
10241	9377
8412	7452
6628	6085
5909	6133
6666	7366
8065	8644
9051	9297
9427	9497
9539	9572
9600	9626
9649	9658
9643	9573
9403	9077
8563	7863
7051	6229
5513	4969
4620	4436
4365	4345
4336	4315
4286	4254
4233	4227
4234	4248
4264	4281
4296	4309
4319	4330
4339	4350
4361	4370
4380	4389
4397	4402
4407	4410
4411	4418
4423	4433
4445	4461
4479	4502
4526	4552
4578	4606
4634	4665
4696	4723
4745	4761
4776	4807
4864	4957
5110	5341
5691	6191
6838	7592
8363	9036
9502	9678
9545	9127
8493	7745
6985	6311
5792	5450
5269	5201
5183	5170
5146	5114
5099	5124
5199	5355
5630	6084
6770	7710
8878	10180
11498	12720
13755	14567
15165	15577
15851	16032
16147	16222
16266	16291
16303	16306
16309	16309
16308	16308
16309	16310
16308	16307
16296	16275
16243	16209
16177	16162
16166	16185
16215	16243
16265	16275
16279	16276
16270	16262
16259	16263
16273	16286
16299	16308
16316	16319
16320	16321
16321	16321
16321	16321
16321	16321
16321	16321
16321	16321
16321	16321
16321	16321
16321	16321
16321	16320
16319	16315
16309	16296
16277	16246
16201	16125
15982	15719
15260	14543
13558	12399
11259	10377
9941	9986
10392	10950
11475	11857
12088	12212
12272	12300
12318	12334
12345	12357
12368	12370
12348	12282
12119	11814
11338	10723
10094	9661
9614	10016
10705	11373
11711	11592
11141	10646
10379	10467
10845	11341
11789	12102
12278	12354
12379	12383
12379	12372
12359	12329
12265	12142
11946	11705
11520	11526
11845	12491
13363	14268
15034	15579
15907	16078
16159	16194
16213	16228
16237	16247
16258	16267
16278	16286
16295	16306
16312	16317
16319	16320
16321	16321
16321	16321
16321	16321
16321	16321
16321	16321
16321	16321
16321	16321
16321	16321
16321	16321
16321	16321
16321	16321
16321	16321
16321	16321
16321	16321
16321	16321
16321	16321
16321	16321
16321	16321
16319	16310
16274	16144
15869	14676
14334	8875
