16294	16294
16294	16294
16294	16294
16294	16294
16294	16294
16294	16294
16294	16294
16294	16294
16294	16294
16294	16294
16294	16294
16294	16294
16294	16294
16294	16294
16294	16294
16294	16294
16294	16294
16294	16294
16294	16294
16294	16294
16294	16294
16294	16294
16294	16294
16294	16294
16294	16294
16294	16294
16294	16294
16294	16294
16294	16292
16291	16288
16287	16284
16276	16272
16262	16252
16240	16227
16212	16195
16171	16134
16074	15968
15787	15495
15051	14431
13635	12710
11732	10801
10004	9406
9003	8777
8663	8607
8568	8522
8468	8409
8348	8292
8232	8159
8067	7934
7761	7541
7286	7023
6789	6617
6546	6571
6662	6760
6797	6723
6530	6261
5982	5776
5701	5772
5967	6240
6531	6795
6998	7129
7194	7201
7160	7080
6965	6819
6640	6426
6188	5941
5723	5572
5535	5643
5914	6331
6864	7462
8072	8648
9151	9561
9876	10101
10255	10357
10426	10468
10505	10533
10558	10580
10600	10620
10640	10664
10685	10708
10732	10760
10792	10818
10831	10819
10764	10645
10447	10154
9762	9284
8738	8160
7581	7043
6586	6239
6015	5920
5950	6087
6302	6570
6851	7120
7363	7561
7718	7834
7926	7999
8064	8122
8180	8234
8289	8340
8393	8442
8491	8539
8581	8623
8664	8704
8746	8793
8841	8893
8943	8987
9023	9054
9079	9108
9142	9181
9224	9263
9294	9314
9332	9351
9377	9418
9472	9538
9611	9686
9763	9842
9913	9978
10036	10088
10135	10177
10216	10254
10289	10325
10358	10390
10429	10466
10510	10559
10618	10675
10736	10793
10849	10897
10937	10964
10983	10993
10993	10983
10959	10919
10847	10733
10562	10320
10005	9611
9145	8620
8054	7465
6875	6302
5763	5265
4823	4442
4126	3878
3694	3569
3494	3462
3452	3461
3476	3487
3498	3502
3503	3501
3499	3497
3495	3494
3495	3495
3502	3510
3522	3538
3561	3594
3640	3711
3823	3998
4258	4630
5125	5743
6470	7266
8084	8874
9587	10191
10671	11032
11287	11453
11550	11592
11581	11525
11409	11228
10966	10622
10207	9770
9375	9110
9040	9189
9522	9947
10338	10587
10635	10506
10276	10068
9970	10032
10251	10574
10929	11260
11518	11696
11793	11828
11822	11790
11748	11695
11630	11541
11418	11250
11058	10884
10794	10859
11137	11633
12313	13089
13865	14551
15096	15487
15743	15896
15983	16033
16065	16090
16119	16146
16171	16197
16220	16242
16260	16271
16280	16286
16290	16292
16293	16294
16294	16294
16294	16294
16294	16294
16294	16294
16294	16294
16294	16294
16294	16294
16294	16294
16294	16294
16294	16294
16294	16294
16294	16294
16294	16294
16294	16294
16294	16294
16294	16294
16294	16294
16294	16294
16294	16294
16294	16294
16294	16294
16294	16294
16294	16294
16294	16294
16294	16294
16294	16294
16294	16294
16294	16294
16294	16294
16294	16294
16294	16294
16294	16294
16294	16294
16294	16294
16294	16294
16294	16294
16294	16294
16294	16294
16294	16294
16294	16294
16294	16294
16294	16294
16294	16294
16294	16294
16294	16294
16294	16294
16294	16294
16294	16294
16294	16294
16294	16294
16294	16294
16294	16294
16294	16294
16294	16294
16294	16294
16294	16294
16294	16292
16291	16288
16286	16284
16276	16271
16261	16250
16237	16224
16209	16194
16169	16139
16083	15988
15827	15555
15143	14557
13794	12893
11925	10981
10155	9509
9067	8802
8667	8601
8567	8530
8481	8425
8367	8307
8244	8171
8080	7956
7791	7585
7344	7086
6847	6666
6571	6572
6641	6732
6778	6732
6572	6333
6066	5847
5742	5770
5924	6163
6442	6704
6918	7066
7144	7157
7120	7030
6907	6743
6549	6326
6092	5864
5691	5598
5629	5803
6129	6576
7116	7697
8277	8805
9265	9633
9921	10124
10266	10361
10427	10469
10506	10532
10557	10579
10599	10617
10638	10657
10681	10704
10727	10755
10783	10810
10829	10825
10786	10690
10522	10266
9922	9496
9005	8473
7936	7418
6960	6585
6312	6151
6100	6147
6279	6474
6702	6938
7162	7359
7524	7660
7774	7871
7957	8039
8112	8181
8246	8306
8363	8420
8473	8525
8572	8616
8657	8698
8739	8785
8833	8885
8935	8982
9023	9058
9087	9120
9153	9194
9232	9271
9298	9319
9334	9353
9381	9424
9481	9547
9622	9699
9776	9851
9921	9981
10035	10083
10124	10164
10202	10238
10275	10314
10349	10383
10420	10461
10504	10554
10606	10660
10715	10766
10814	10850
10882	10897
10901	10892
10870	10832
10775	10691
10572	10406
10185	9896
9542	9121
8643	8118
7570	7014
6466	5947
5466	5030
4645	4315
4044	3828
3668	3556
3489	3455
3446	3454
3467	3477
3488	3495
3496	3495
3495	3495
3492	3494
3493	3495
3501	3510
3521	3536
3556	3583
3621	3680
3773	3919
4146	4472
4914	5480
6155	6913
7711	8502
9238	9880
10411	10823
11128	11338
11466	11526
11526	11463
11335	11131
10845	10481
10065	9648
9297	9093
9079	9275
9625	10033
10381	10578
10588	10447
10235	10060
10006	10104
10338	10661
11005	11314
11557	11719
11809	11841
11834	11802
11754	11697
11621	11515
11372	11193
10998	10836
10775	10883
11204	11742
12441	13221
13979	14641
15160	15525
15762	15906
15986	16033
16065	16091
16119	16146
16171	16196
16218	16242
16258	16271
16279	16286
16290	16292
16293	16294
16294	16294
16294	16294
16294	16294
16294	16294
16294	16294
16294	16294
16294	16294
16294	16294
16294	16294
16294	16294
16294	16294
16294	16294
16294	16294
16294	16294
16294	16294
16294	16294
16294	16294
16294	16294
16294	16294
16294	16294
16294	16294
16294	16294
16294	16294
16294	16294
16294	16294
16294	16294
16294	16294
16294	16294
16294	16294
16294	16294
16294	16294
16294	16294
16294	16294
16294	16294
16294	16294
16294	16294
16294	16294
16294	16294
16294	16294
16294	16294
16294	16294
16294	16294
16294	16294
16294	16294
16294	16294
16294	16294
16294	16294
16294	16294
16294	16294
16294	16294
16294	16294
16294	16294
16294	16294
16294	16294
16294	16294
16294	16294
16294	16293
16291	16289
16286	16284
16276	16271
16260	16249
16237	16223
16209	16194
16175	16146
16099	16017
15874	15636
15263	14725
14009	13146
12192	11233
10366	9663
9158	8842
8675	8597
8564	8537
8498	8450
8393	8326
8263	8188
8098	7983
7830	7642
7417	7171
6935	6739
6615	6578
6616	6694
6750	6738
6628	6426
6179	5955
5806	5779
5875	6070
6321	6575
6801	6966
7063	7089
7049	6955
6814	6633
6420	6193
5973	5790
5676	5670
5791	6051
6438	6920
7460	8014
8539	9010
9411	9731
9976	10154
10281	10367
10426	10468
10502	10531
10555	10577
10597	10616
10636	10656
10676	10697
10718	10746
10775	10803
10823	10832
10808	10737
10608	10403
10121	9765
9345	8884
8400	7925
7476	7079
6755	6512
6361	6300
6324	6416
6562	6736
6925	7105
7271	7422
7561	7685
7800	7905
8005	8089
8168	8242
8312	8377
8437	8494
8549	8597
8643	8686
8728	8773
8820	8873
8927	8976
9020	9062
9097	9132
9167	9204
9245	9278
9302	9322
9338	9359
9390	9437
9497	9566
9642	9719
9796	9867
9931	9986
10035	10076
10113	10147
10185	10219
10255	10296
10335	10371
10410	10450
10492	10536
10582	10629
10671	10710
10743	10765
10776	10774
10757	10719
10660	10582
10470	10327
10141	9910
9624	9281
8882	8436
7949	7444
6925	6422
5938	5492
5087	4730
4420	4156
3939	3767
3633	3543
3484	3452
3442	3447
3454	3464
3473	3483
3486	3491
3492	3492
3491	3492
3493	3495
3501	3509
3520	3532
3549	3572
3601	3645
3713	3825
4007	4273
4648	5142
5746	6450
7213	7995
8748	9434
10026	10510
10885	11155
11332	11423
11432	11367
11216	10983
10670	10288
9878	9494
9210	9087
9156	9406
9770	10145
10432	10563
10527	10374
10191	10067
10068	10209
10465	10781
11105	11386
11602	11748
11827	11856
11847	11815
11765	11698
11602	11475
11308	11112
10918	10779
10762	10931
11315	11904
12629	13408
14143	14767
15245	15582
15793	15922
15994	16038
16066	16092
16118	16143
16168	16193
16216	16239
16256	16270
16279	16284
16290	16291
16293	16294
16294	16294
16294	16294
16294	16294
16294	16294
16294	16294
16294	16294
16294	16294
16294	16294
16294	16294
16294	16294
16294	16294
16294	16294
16294	16294
16294	16294
16294	16294
16294	16294
16294	16294
16294	16294
16294	16294
16294	16294
16294	16294
16294	16294
16294	16294
16294	16294
16294	16294
16294	16294
16294	16294
16294	16294
16294	16294
16294	16294
16294	16294
16294	16294
16294	16294
16294	16294
16294	16294
16294	16294
16294	16294
16294	16294
16294	16294
16294	16294
16294	16294
16294	16294
16294	16294
16294	16294
16294	16294
16294	16294
16294	16294
16294	16294
16294	16294
16294	16294
16294	16294
16294	16294
16294	16294
16294	16294
16294	16294
16294	16294
16293	16292
16291	16289
16286	16284
16276	16268
16257	16247
16234	16222
16208	16194
16179	16159
16119	16052
15931	15729
15404	14926
14270	13453
12521	11555
10643	9875
9293	8912
8698	8602
8563	8548
8519	8478
8421	8358
8285	8209
8118	8011
7876	7705
7499	7271
7036	6826
6673	6595
6596	6652
6717	6740
6684	6537
6324	6097
5911	5817
5844	5975
6182	6425
6653	6833
6948	6985
6948	6843
6685	6485
6267	6049
5864	5741
5717	5812
6038	6388
6833	7344
7871	8380
8844	9245
9577	9841
10040	10189
10299	10374
10427	10467
10501	10528
10554	10574
10595	10614
10633	10654
10672	10693
10714	10738
10766	10794
10818	10832
10825	10782
10693	10543
10330	10053
9719	9338
8929	8503
8084	7683
7319	7010
6759	6583
6483	6459
6499	6586
6713	6851
7002	7152
7301	7447
7587	7717
7838	7944
8044	8134
8217	8294
8368	8438
8503	8563
8618	8667
8715	8759
8810	8862
8915	8968
9018	9062
9102	9140
9177	9213
9251	9281
9307	9325
9344	9368
9405	9453
9516	9586
9663	9740
9814	9881
9942	9991
10033	10068
10099	10130
10163	10198
10233	10273
10313	10351
10391	10426
10464	10499
10534	10565
10590	10609
10616	10617
10602	10568
10516	10439
10335	10194
10018	9803
9543	9236
8884	8489
8059	7602
7128	6653
6193	5755
5352	4994
4677	4405
4175	3981
3823	3697
3597	3526
3480	3451
3440	3437
3444	3451
3461	3472
3479	3484
3487	3491
3491	3492
3493	3495
3499	3508
3516	3528
3541	3557
3577	3604
3649	3728
3859	4063
4362	4770
5292	5920
6629	7383
8149	8875
9533	10097
10553	10897
11135	11265
11294	11222
11056	10794
10453	10061
9671	9346
9147	9126
9286	9584
9948	10275
10487	10543
10463	10309
10165	10105
10169	10354
10623	10927
11220	11468
11654	11776
11844	11867
11860	11824
11768	11687
11572	11416
11222	11010
10826	10720
10768	11014
11474	12117
12872	13639
14342	14921
15354	15647
15834	15942
16005	16046
16071	16095
16119	16142
16166	16191
16215	16235
16254	16268
16279	16283
16290	16291
16293	16294
16294	16294
16294	16294
16294	16294
16294	16294
16294	16294
16294	16294
16294	16294
16294	16294
16294	16294
16294	16294
16294	16294
16294	16294
16294	16294
16294	16294
16294	16294
16294	16294
16294	16294
16294	16294
16294	16294
16294	16294
16294	16294
16294	16294
16294	16294
16294	16294
16294	16294
16294	16294
16294	16294
16294	16294
16294	16294
16294	16294
16294	16294
16294	16294
16294	16294
16294	16294
16294	16294
16294	16294
16294	16294
16294	16294
16294	16294
16294	16294
16294	16294
16294	16294
16294	16294
16294	16294
16294	16294
16294	16294
16294	16294
16294	16294
16294	16294
16294	16294
16294	16294
16294	16294
16294	16294
16294	16294
16294	16294
16294	16294
16293	16291
16291	16288
16286	16283
16276	16267
16257	16245
16235	16221
16211	16198
16189	16168
16140	16087
15992	15825
15552	15133
14545	13785
12890	11921
10973	10135
9472	9012
8740	8610
8566	8554
8539	8510
8457	8389
8315	8233
8145	8044
7921	7770
7585	7377
7148	6930
6750	6635
6595	6620
6686	6739
6735	6651
6482	6266
6055	5900
5844	5901
6051	6260
6482	6666
6793	6837
6803	6691
6521	6316
6104	5919
5792	5755
5837	6046
6373	6801
7292	7809
8305	8761
9156	9482
9745	9952
10110	10228
10316	10382
10428	10467
10496	10524
10550	10570
10591	10611
10629	10649
10669	10690
10711	10733
10758	10785
10809	10826
10834	10813
10765	10667
10519	10321
10074	9783
9455	9100
8727	8349
7974	7618
7296	7026
6811	6663
6584	6568
6601	6675
6779	6903
7044	7194
7341	7489
7627	7753
7867	7972
8068	8163
8252	8342
8424	8502
8571	8634
8692	8746
8800	8852
8907	8961
9012	9059
9101	9141
9179	9215
9249	9278
9306	9327
9352	9379
9420	9474
9539	9609
9686	9760
9831	9892
9946	9989
10026	10052
10079	10103
10134	10164
10202	10237
10275	10310
10346	10376
10403	10426
10440	10450
10452	10438
10416	10381
10330	10258
10161	10033
9866	9661
9413	9119
8785	8411
8009	7579
7139	6696
6260	5842
5453	5099
4785	4514
4288	4098
3943	3816
3714	3628
3560	3509
3473	3448
3435	3431
3435	3443
3452	3462
3474	3480
3485	3488
3491	3491
3493	3495
3498	3505
3514	3524
3534	3544
3553	3570
3591	3640
3725	3870
4092	4415
4842	5383
6017	6727
7478	8227
8939	9581
10123	10554
10858	11038
11090	11021
10840	10558
10202	9823
9476	9229
9138	9222
9463	9798
10138	10401
10528	10513
10400	10263
10170	10180
10304	10524
10798	11085
11341	11550
11702	11801
11857	11876
11864	11826
11763	11664
11523	11338
11121	10902
10736	10686
10811	11150
11690	12391
13161	13913
14573	15098
15475	15726
15880	15972
16023	16056
16078	16101
16121	16144
16166	16190
16212	16235
16253	16268
16278	16283
16290	16291
16293	16294
16294	16294
16294	16294
16294	16294
16294	16294
16294	16294
16294	16294
16294	16294
16294	16294
16294	16294
16294	16294
16294	16294
16294	16294
16294	16294
16294	16294
16294	16294
16294	16294
16294	16294
16294	16294
16294	16294
16294	16294
16294	16294
16294	16294
16294	16294
16294	16294
16294	16294
16294	16294
16294	16294
16294	16294
16294	16294
16294	16294
16294	16294
16294	16294
16294	16294
16294	16294
16294	16294
16294	16294
16294	16294
16294	16294
16294	16294
16294	16294
16294	16294
16294	16294
16294	16294
16294	16294
16294	16294
16294	16294
16294	16294
16294	16294
16294	16294
16294	16294
16294	16294
16294	16294
16294	16294
16294	16294
16294	16294
16294	16294
16293	16291
16291	16288
16286	16283
16276	16267
16258	16247
16235	16225
16215	16207
16197	16185
16164	16122
16050	15915
15692	15335
14817	14123
13273	12319
11347	10449
9705	9157
8817	8640
8575	8566
8561	8538
8492	8429
8349	8262
8175	8078
7968	7833
7672	7482
7267	7047
6851	6700
6617	6608
6661	6729
6776	6749
6637	6449
6227	6023
5895	5867
5945	6102
6293	6476
6602	6650
6612	6500
6331	6141
5964	5836
5795	5866
6061	6375
6791	7271
7781	8277
8730	9116
9439	9697
9898	10052
10171	10263
10334	10385
10428	10463
10493	10518
10542	10564
10584	10604
10626	10646
10665	10687
10707	10729
10751	10776
10798	10818
10831	10832
10810	10759
10671	10543
10374	10167
9924	9643
9339	9004
8654	8294
7939	7606
7308	7058
6867	6735
6665	6647
6674	6740
6840	6965
7102	7245
7385	7517
7639	7754
7866	7974
8083	8193
8303	8402
8497	8582
8657	8725
8786	8845
8901	8956
9008	9055
9097	9136
9171	9207
9238	9266
9295	9320
9349	9385
9430	9485
9553	9622
9694	9764
9827	9882
9931	9968
9999	10022
10043	10063
10089	10115
10146	10176
10209	10238
10262	10280
10291	10288
10278	10252
10217	10165
10104	10025
9931	9809
9662	9476
9248	8975
8660	8301
7908	7492
7060	6631
6209	5808
5434	5092
4787	4519
4295	4107
3958	3840
3748	3676
3617	3569
3525	3493
3464	3446
3433	3429
3430	3436
3447	3459
3470	3479
3485	3487
3491	3491
3492	3494
3498	3503
3509	3518
3525	3531
3536	3540
3549	3569
3621	3713
3872	4110
4449	4893
5440	6079
6791	7535
8281	8980
9598	10109
10487	10719
10808	10748
10565	10277
9937	9597
9324	9179
9199	9380
9684	10023
10317	10502
10548	10478
10354	10247
10217	10290
10467	10710
10982	11237
11456	11624
11744	11819
11860	11871
11857	11814
11737	11616
11448	11239
11006	10797
10670	10689
10909	11339
11964	12704
13480	14205
14813	15278
15604	15813
15940	16008
16050	16074
16093	16112
16130	16148
16169	16191
16214	16236
16253	16267
16278	16283
16290	16291
16293	16294
16294	16294
16294	16294
16294	16294
16294	16294
16294	16294
16294	16294
16294	16294
16294	16294
16294	16294
16294	16294
16294	16294
16294	16294
16294	16294
16294	16294
16294	16294
16294	16294
16294	16294
16294	16294
16294	16294
16294	16294
16294	16294
16294	16294
16294	16294
16294	16294
16294	16294
16294	16294
16294	16294
16294	16294
16294	16294
16294	16294
16294	16294
16294	16294
16294	16294
16294	16294
16294	16294
16294	16294
16294	16294
16294	16294
16294	16294
16294	16294
16294	16294
16294	16294
16294	16294
16294	16294
16294	16294
16294	16294
16294	16294
16294	16294
16294	16294
16294	16294
16294	16294
16294	16294
16294	16294
16294	16294
16294	16294
16294	16294
16293	16291
16290	16288
16285	16283
16275	16268
16260	16252
16242	16233
16224	16217
16210	16203
16188	16158
16103	15998
15815	15517
15070	14447
13657	12738
11761	10814
9993	9360
8933	8698
8601	8576
8581	8566
8530	8468
8388	8303
8211	8116
8014	7893
7750	7578
7384	7172
6963	6787
6665	6619
6644	6718
6789	6818
6767	6622
6413	6181
5990	5885
5878	5965
6109	6261
6372	6415
6381	6277
6130	5981
5868	5828
5895	6080
6385	6792
7266	7771
8263	8714
9105	9427
9678	9873
10021	10133
10216	10287
10344	10388
10425	10457
10484	10508
10532	10556
10575	10598
10618	10639
10662	10685
10706	10727
10748	10771
10790	10811
10827	10841
10839	10822
10779	10709
10605	10469
10300	10101
9866	9598
9299	8973
8627	8276
7938	7621
7345	7114
6938	6817
6748	6731
6763	6830
6925	7038
7153	7271
7383	7497
7610	7731
7857	7989
8125	8261
8388	8507
8609	8700
8775	8841
8901	8955
9006	9050
9090	9125
9154	9183
9213	9240
9267	9296
9331	9370
9421	9477
9542	9607
9674	9735
9792	9840
9884	9916
9941	9960
9975	9988
10004	10023
10044	10063
10084	10099
10103	10100
10083	10051
10004	9939
9856	9765
9652	9528
9383	9214
9013	8774
8492	8165
7797	7397
6976	6548
6128	5725
5354	5020
4723	4466
4249	4064
3919	3800
3711	3647
3604	3571
3543	3520
3501	3478
3460	3446
3435	3430
3430	3437
3447	3457
3467	3477
3483	3486
3491	3491
3492	3494
3498	3501
3507	3513
3519	3521
3524	3518
3518	3524
3547	3605
3710	3879
4132	4479
4930	5484
6130	6842
7583	8315
8990	9567
10010	10298
10424	10391
10225	9966
9672	9406
9238	9213
9339	9600
9927	10237
10462	10560
10536	10435
10324	10265
10298	10432
10644	10898
11150	11375
11555	11685
11774	11828
11856	11861
11836	11781
11683	11540
11348	11122
10892	10713
10649	10759
11077	11603
12292	13060
13825	14506
15056	15461
15732	15900
15999	16052
16082	16099
16116	16126
16145	16159
16180	16197
16220	16239
16257	16269
16279	16283
16290	16291
16293	16294
16294	16294
16294	16294
16294	16294
16294	16294
16294	16294
16294	16294
16294	16294
16294	16294
16294	16294
16294	16294
16294	16294
16294	16294
16294	16294
16294	16294
16294	16294
16294	16294
16294	16294
16294	16294
16294	16294
16294	16294
16294	16294
16294	16294
16294	16294
16294	16294
16294	16294
16294	16294
16294	16294
16294	16294
16294	16294
16294	16294
16294	16294
16294	16294
16294	16294
16294	16294
16294	16294
16294	16294
16294	16294
16294	16294
16294	16294
16294	16294
16294	16294
16294	16294
16294	16294
16294	16294
16294	16294
16294	16294
16294	16294
16294	16294
16294	16294
16294	16294
16294	16294
16294	16294
16294	16294
16294	16294
16294	16294
16294	16294
16293	16291
16290	16288
16285	16283
16278	16270
16262	16257
16248	16241
16236	16231
16227	16220
16211	16189
16147	16066
15921	15677
15296	14748
14031	13163
12202	11235
10354	9636
9120	8806
8653	8603
8595	8589
8561	8507
8431	8347
8253	8159
8061	7953
7823	7674
7496	7298
7090	6896
6744	6656
6644	6701
6787	6851
6856	6767
6590	6360
6129	5953
5863	5870
5942	6041
6123	6157
6130	6050
5951	5872
5849	5920
6105	6406
6807	7271
7772	8260
8712	9104
9424	9675
9865	10008
10112	10193
10255	10306
10350	10389
10420	10450
10476	10501
10524	10547
10570	10589
10611	10635
10659	10683
10706	10724
10745	10763
10782	10802
10821	10841
10855	10859
10849	10820
10765	10689
10582	10450
10285	10091
9859	9591
9292	8969
8632	8296
7970	7673
7409	7195
7030	6922
6864	6853
6878	6930
6994	7070
7153	7241
7338	7454
7586	7734
7901	8070
8243	8402
8543	8664
8763	8840
8907	8962
9008	9049
9083	9110
9131	9149
9169	9188
9210	9238
9271	9313
9368	9424
9486	9544
9602	9654
9701	9744
9775	9802
9822	9837
9844	9852
9856	9860
9862	9866
9862	9854
9836	9801
9752	9682
9590	9479
9351	9206
9048	8876
8685	8474
8230	7950
7630	7275
6885	6476
6062	5656
5276	4934
4631	4379
4168	3995
3851	3741
3655	3591
3548	3521
3506	3500
3493	3487
3481	3468
3457	3446
3439	3436
3436	3443
3450	3461
3471	3480
3484	3487
3491	3491
3492	3494
3496	3501
3505	3511
3515	3515
3516	3510
3502	3500
3505	3537
3603	3717
3897	4156
4510	4968
5530	6179
6887	7613
8311	8930
9425	9763
9933	9946
9830	9635
9430	9278
9233	9325
9547	9847
10159	10409
10547	10565
10493	10389
10312	10314
10413	10592
10824	11073
11302	11492
11633	11732
11796	11834
11845	11834
11798	11723
11601	11432
11221	10991
10788	10668
10691	10904
11330	11940
12672	13447
14177	14798
15284	15627
15851	15985
16058	16098
16119	16132
16141	16150
16164	16179
16194	16209
16228	16247
16260	16272
16279	16285
16290	16291
16293	16294
16294	16294
16294	16294
16294	16294
16294	16294
16294	16294
16294	16294
16294	16294
16294	16294
16294	16294
16294	16294
16294	16294
16294	16294
16294	16294
16294	16294
16294	16294
16294	16294
16294	16294
16294	16294
16294	16294
16294	16294
16294	16294
16294	16294
16294	16294
16294	16294
16294	16294
16294	16294
16294	16294
16294	16294
16294	16294
16294	16294
16294	16294
16294	16294
16294	16294
16294	16294
16294	16294
16294	16294
16294	16294
16294	16294
16294	16294
16294	16294
16294	16294
16294	16294
16294	16294
16294	16294
16294	16294
16294	16294
16294	16294
16294	16294
16294	16294
16294	16294
16294	16294
16294	16294
16294	16294
16294	16294
16294	16294
16294	16294
16293	16291
16291	16288
16287	16284
16281	16275
16269	16263
16257	16251
16247	16242
16240	16237
16230	16215
16185	16123
16009	15811
15493	15026
14388	13590
12674	11709
10792	9998
9390	8983
8752	8650
8620	8610
8587	8541
8473	8389
8300	8207
8112	8008
7894	7761
7604	7424
7222	7021
6844	6720
6666	6687
6761	6846
6892	6860
6732	6528
6290	6065
5907	5822
5809	5842
5879	5898
5883	5850
5826	5839
5933	6128
6431	6826
7288	7784
8272	8718
9108	9424
9675	9864
10001	10102
10174	10229
10275	10314
10351	10384
10414	10441
10466	10490
10515	10538
10558	10580
10603	10628
10651	10678
10702	10724
10744	10761
10779	10800
10818	10842
10864	10883
10897	10892
10873	10835
10777	10698
10596	10465
10303	10109
9876	9612
9315	8997
8671	8343
8036	7754
7512	7316
7168	7070
7010	6983
6975	6987
7008	7044
7100	7185
7298	7451
7637	7846
8064	8276
8464	8622
8747	8844
8916	8975
9017	9050
9074	9092
9098	9096
9095	9094
9100	9118
9148	9190
9241	9295
9351	9405
9453	9496
9533	9564
9590	9610
9621	9629
9628	9623
9613	9597
9575	9551
9518	9478
9426	9359
9270	9157
9021	8866
8687	8500
8298	8088
7866	7625
7355	7057
6726	6369
5990	5608
5233	4885
4571	4302
4084	3910
3775	3673
3595	3537
3492	3465
3450	3446
3448	3454
3460	3463
3466	3463
3457	3451
3445	3444
3445	3450
3457	3465
3475	3479
3484	3487
3490	3490
3492	3494
3496	3501
3503	3507
3510	3512
3510	3505
3496	3488
3488	3502
3539	3610
3729	3912
4182	4541
5006	5571
6213	6900
7586	8217
8741	9125
9348	9424
9391	9303
9225	9212
9304	9508
9788	10090
10353	10515
10563	10519
10424	10343
10325	10389
10542	10757
10996	11229
11429	11585
11696	11769
11813	11833
11830	11804
11743	11643
11494	11302
11081	10865
10713	10677
10807	11138
11663	12335
13091	13840
14519	15077
15493	15779
15957	16062
16117	16144
16157	16165
16172	16179
16187	16198
16210	16224
16240	16253
16267	16277
16283	16287
16291	16291
16293	16294
16294	16294
16294	16294
16294	16294
16294	16294
16294	16294
16294	16294
16294	16294
16294	16294
16294	16294
16294	16294
16294	16294
16294	16294
16294	16294
16294	16294
16294	16294
16294	16294
16294	16294
16294	16294
16294	16294
16294	16294
16294	16294
16294	16294
16294	16294
16294	16294
16294	16294
16294	16294
16294	16294
16294	16294
16294	16294
16294	16294
16294	16294
16294	16294
16294	16294
16294	16294
16294	16294
16294	16294
16294	16294
16294	16294
16294	16294
16294	16294
16294	16294
16294	16294
16294	16294
16294	16294
16294	16294
16294	16294
16294	16294
16294	16294
16294	16294
16294	16294
16294	16294
16294	16294
16294	16294
16294	16294
16294	16294
16294	16294
16293	16291
16291	16288
16288	16285
16283	16277
16274	16269
16266	16262
16260	16257
16255	16254
16248	16237
16215	16168
16077	15920
15661	15271
14719	14008
13159	12231
11299	10447
9748	9236
8910	8731
8653	8621
8601	8564
8508	8434
8352	8261
8164	8066
7959	7842
7704	7541
7354	7155
6964	6806
6708	6686
6728	6806
6876	6892
6822	6668
6451	6210
5996	5835
5736	5690
5678	5680
5688	5719
5785	5916
6135	6447
6848	7312
7804	8291
8738	9123
9439	9682
9867	10000
10096	10161
10212	10248
10284	10316
10345	10376
10405	10433
10457	10482
10505	10527
10549	10571
10593	10621
10646	10673
10698	10721
10741	10758
10778	10798
10819	10844
10874	10900
10924	10937
10938	10928
10901	10862
10805	10729
10631	10503
10343	10146
9914	9647
9355	9046
8730	8423
8139	7884
7666	7487
7346	7235
7145	7074
7015	6973
6956	6979
7049	7181
7368	7602
7861	8127
8367	8573
8733	8849
8934	8991
9031	9057
9069	9065
9048	9017
8979	8944
8921	8919
8932	8968
9013	9064
9115	9162
9204	9240
9267	9290
9306	9316
9323	9319
9306	9287
9255	9211
9160	9099
9032	8955
8866	8758
8631	8478
8302	8104
7892	7670
7444	7210
6972	6719
6451	6160
5848	5517
5181	4853
4543	4268
4035	3847
3706	3600
3529	3480
3446	3421
3407	3400
3400	3407
3418	3430
3443	3451
3456	3460
3459	3458
3456	3456
3458	3461
3468	3472
3479	3482
3487	3488
3489	3490
3491	3494
3496	3498
3501	3505
3508	3508
3508	3503
3496	3487
3483	3486
3505	3546
3621	3743
3934	4204
4572	5037
5593	6210
6851	7461
7996	8413
8700	8864
8946	8996
9072	9210
9435	9719
10023	10287
10465	10537
10510	10428
10346	10311
10360	10491
10685	10917
11149	11362
11532	11658
11747	11799
11828	11833
11812	11764
11678	11545
11371	11158
10943	10764
10686	10754
11006	11452
12062	12778
13524	14231
14841	15322
15672	15906
16046	16126
16166	16186
16194	16201
16204	16208
16214	16222
16229	16241
16251	16264
16274	16279
16285	16289
16291	16292
16293	16294
16294	16294
16294	16294
16294	16294
16294	16294
16294	16294
16294	16294
16294	16294
16294	16294
16294	16294
16294	16294
16294	16294
16294	16294
16294	16294
16294	16294
16294	16294
16294	16294
16294	16294
16294	16294
16294	16294
16294	16294
16294	16294
16294	16294
16294	16294
16294	16294
16294	16294
16294	16294
16294	16294
16294	16294
16294	16294
16294	16294
16294	16294
16294	16294
16294	16294
16294	16294
16294	16294
16294	16294
16294	16294
16294	16294
16294	16294
16294	16294
16294	16294
16294	16294
16294	16294
16294	16294
16294	16294
16294	16294
16294	16294
16294	16294
16294	16294
16294	16294
16294	16294
16294	16294
16294	16294
16294	16294
16294	16294
16294	16294
16294	16293
16291	16290
16288	16288
16286	16285
16279	16277
16274	16271
16270	16268
16267	16264
16263	16254
16238	16201
16130	16007
15800	15482
15022	14407
13647	12777
11860	10976
10197	9577
9133	8858
8709	8639
8605	8573
8535	8474
8399	8312
8222	8127
8028	7919
7796	7651
7482	7292
7093	6911
6773	6699
6694	6744
6816	6862
6851	6758
6587	6365
6126	5907
5732	5616
5556	5548
5592	5699
5871	6124
6457	6871
7337	7832
8317	8766
9150	9461
9703	9882
10009	10097
10158	10198
10228	10257
10286	10311
10339	10368
10399	10423
10450	10472
10495	10519
10542	10563
10589	10612
10639	10667
10693	10715
10737	10757
10778	10800
10824	10852
10881	10913
10943	10963
10978	10982
10980	10966
10938	10903
10851	10781
10682	10556
10394	10195
9962	9701
9417	9126
8834	8560
8306	8076
7870	7688
7520	7361
7213	7074
6958	6882
6877	6955
7121	7366
7663	7974
8267	8517
8711	8853
8949	9009
9047	9059
9054	9023
8970	8893
8806	8722
8658	8620
8615	8637
8675	8724
8775	8819
8858	8888
8910	8927
8937	8939
8935	8920
8896	8853
8799	8724
8638	8535
8424	8304
8174	8029
7865	7680
7473	7250
7015	6778
6542	6312
6074	5837
5592	5329
5059	4778
4508	4249
4018	3824
3666	3554
3475	3423
3396	3379
3371	3368
3368	3371
3378	3390
3403	3419
3433	3445
3452	3457
3461	3462
3463	3465
3468	3471
3475	3480
3484	3487
3488	3489
3489	3490
3491	3494
3495	3498
3502	3505
3509	3508
3507	3506
3499	3493
3484	3484
3489	3509
3555	3632
3759	3952
4226	4594
5048	5578
6146	6715
7240	7687
8044	8316
8537	8750
8991	9279
9603	9932
10214	10408
10494	10479
10403	10317
10270	10303
10420	10604
10833	11067
11286	11471
11612	11714
11781	11822
11836	11826
11788	11717
11603	11440
11240	11022
10829	10711
10727	10914
11292	11837
12511	13238
13956	14594
15128	15534
15820	16005
16117	16176
16208	16222
16226	16230
16232	16233
16237	16243
16248	16256
16265	16273
16280	16285
16288	16290
16291	16293
16294	16294
16294	16294
16294	16294
16294	16294
16294	16294
16294	16294
16294	16294
16294	16294
16294	16294
16294	16294
16294	16294
16294	16294
16294	16294
16294	16294
16294	16294
16294	16294
16294	16294
16294	16294
16294	16294
16294	16294
16294	16294
16294	16294
16294	16294
16294	16294
16294	16294
16294	16294
16294	16294
16294	16294
16294	16294
16294	16294
16294	16294
16294	16294
16294	16294
16294	16294
16294	16294
16294	16294
16294	16294
16294	16294
16294	16294
16294	16294
16294	16294
16294	16294
16294	16294
16294	16294
16294	16294
16294	16294
16294	16294
16294	16294
16294	16294
16294	16294
16294	16294
16294	16294
16294	16294
16294	16294
16294	16294
16294	16294
16294	16294
16294	16293
16291	16291
16289	16288
16288	16286
16285	16280
16279	16279
16277	16276
16276	16275
16273	16266
16252	16225
16170	16073
15911	15659
15286	14773
14114	13326
12454	11562
10718	9994
9433	9038
8799	8671
8613	8581
8550	8506
8448	8370
8285	8191
8095	7991
7881	7753
7602	7425
7228	7030
6858	6734
6675	6681
6728	6788
6817	6788
6686	6508
6281	6042
5822	5655
5563	5557
5644	5827
6099	6458
6888	7366
7862	8348
8795	9180
9492	9731
9903	10025
10110	10164
10200	10223
10242	10262
10283	10307
10336	10363
10393	10418
10443	10467
10489	10513
10536	10558
10583	10608
10633	10661
10687	10712
10734	10757
10782	10805
10832	10860
10892	10924
10955	10981
11002	11017
11024	11024
11021	11010
10991	10960
10912	10841
10745	10616
10452	10254
10029	9782
9523	9261
9005	8758
8526	8298
8073	7842
7601	7355
7125	6934
6821	6813
6933	7163
7479	7827
8169	8464
8690	8853
8961	9024
9053	9055
9026	8960
8859	8725
8577	8428
8310	8232
8201	8213
8251	8304
8359	8406
8447	8480
8504	8517
8525	8524
8509	8487
8446	8384
8301	8194
8063	7913
7754	7580
7403	7218
7023	6815
6593	6361
6127	5895
5672	5461
5251	5044
4837	4623
4404	4191
3988	3806
3653	3532
3444	3387
3355	3340
3337	3339
3343	3350
3356	3362
3373	3386
3397	3412
3427	3436
3448	3455
3461	3463
3466	3470
3476	3477
3482	3484
3487	3488
3489	3489
3489	3490
3492	3494
3497	3498
3502	3503
3508	3508
3509	3506
3502	3496
3489	3481
3484	3491
3512	3557
3637	3770
3965	4241
4597	5029
5518	6030
6537	7015
7445	7840
8214	8592
8987	9392
9779	10102
10329	10436
10432	10357
10262	10206
10224	10331
10511	10740
10984	11210
11404	11557
11672	11754
11807	11835
11839	11814
11758	11662
11520	11337
11125	10918
10769	10730
10851	11160
11649	12276
12983	13695
14357	14923
15376	15708
15938	16083
16168	16214
16239	16249
16252	16253
16256	16256
16258	16262
16266	16270
16277	16282
16284	16287
16288	16291
16292	16294
16294	16294
16294	16294
16294	16294
16294	16294
16294	16294
16294	16294
16294	16294
16294	16294
16294	16294
16294	16294
16294	16294
16294	16294
16294	16294
16294	16294
16294	16294
16294	16294
16294	16294
16294	16294
16294	16294
16294	16294
16294	16294
16294	16294
16294	16294
16294	16294
16294	16294
16294	16294
16294	16294
16294	16294
16294	16294
16294	16294
16294	16294
16294	16294
16294	16294
16294	16294
16294	16294
16294	16294
16294	16294
16294	16294
16294	16294
16294	16294
16294	16294
16294	16294
16294	16294
16294	16294
16294	16294
16294	16294
16294	16294
16294	16294
16294	16294
16294	16294
16294	16294
16294	16294
16294	16294
16294	16294
16294	16294
16294	16294
16294	16294
16294	16294
16292	16291
16290	16289
16289	16288
16288	16285
16284	16282
16282	16282
16282	16282
16278	16274
16261	16241
16195	16123
15997	15802
15506	15093
14539	13850
13042	12168
11292	10484
9803	9288
8940	8737
8635	8590
8568	8537
8493	8428
8346	8258
8161	8066
7959	7844
7711	7550
7361	7160
6964	6799
6686	6635
6642	6688
6743	6768
6734	6624
6446	6226
6001	5822
5726	5736
5868	6119
6476	6907
7391	7895
8380	8825
9208	9519
9759	9929
10049	10126
10178	10207
10227	10241
10255	10267
10286	10307
10334	10360
10389	10417
10440	10463
10485	10508
10531	10553
10579	10601
10628	10654
10685	10707
10732	10756
10785	10808
10838	10866
10900	10935
10965	10993
11017	11034
11048	11059
11065	11069
11072	11066
11052	11026
10983	10910
10813	10685
10525	10340
10134	9916
9691	9462
9232	8992
8737	8454
8142	7798
7446	7125
6888	6773
6821	7016
7329	7703
8079	8408
8667	8849
8969	9032
9055	9041
8983	8881
8723	8524
8301	8087
7911	7794
7745	7754
7802	7869
7937	8001
8052	8093
8123	8143
8153	8153
8141	8112
8063	7982
7872	7722
7542	7337
7111	6879
6648	6418
6194	5970
5744	5521
5305	5096
4904	4727
4559	4391
4235	4070
3913	3764
3629	3514
3423	3361
3324	3307
3309	3312
3321	3330
3339	3345
3353	3360
3370	3382
3394	3406
3420	3433
3443	3452
3457	3465
3469	3473
3479	3483
3484	3488
3488	3489
3489	3489
3490	3490
3493	3494
3497	3498
3500	3502
3506	3507
3509	3507
3505	3498
3491	3485
3480	3479
3488	3510
3559	3644
3778	3978
4245	4592
5002	5465
5961	6469
6985	7502
8023	8549
9062	9534
9931	10209
10356	10373
10304	10204
10133	10133
10226	10401
10632	10885
11124	11335
11503	11627
11721	11782
11821	11840
11830	11796
11719	11600
11439	11242
11036	10863
10780	10837
11073	11494
12072	12747
13454	14127
14720	15206
15577	15844
16024	16137
16205	16240
16259	16266
16269	16271
16271	16271
16271	16275
16275	16279
16282	16286
16287	16288
16290	16291
16292	16294
16294	16294
16294	16294
16294	16294
16294	16294
16294	16294
16294	16294
16294	16294
16294	16294
16294	16294
16294	16294
16294	16294
16294	16294
16294	16294
16294	16294
16294	16294
16294	16294
16294	16294
16294	16294
16294	16294
16294	16294
16294	16294
16294	16294
16294	16294
16294	16294
16294	16294
16294	16294
16294	16294
16294	16294
16294	16294
16294	16294
16294	16294
16294	16294
16294	16294
16294	16294
16294	16294
16294	16294
16294	16294
16294	16294
16294	16294
16294	16294
16294	16294
16294	16294
16294	16294
16294	16294
16294	16294
16294	16294
16294	16294
16294	16294
16294	16294
16294	16294
16294	16294
16294	16294
16294	16294
16294	16294
16294	16294
16294	16294
16294	16294
16294	16294
16293	16293
16292	16291
16289	16289
16289	16289
16289	16289
16288	16287
16287	16286
16285	16279
16270	16249
16215	16157
16061	15911
15687	15361
14909	14321
13603	12773
11893	11027
10248	9615
9153	8856
8696	8620
8590	8565
8534	8478
8408	8323
8232	8136
8042	7934
7811	7667
7495	7298
7091	6898
6737	6629
6584	6599
6650	6707
6736	6706
6604	6442
6264	6114
6040	6084
6260	6564
6965	7435
7929	8412
8855	9233
9542	9780
9951	10067
10145	10196
10223	10241
10254	10261
10268	10280
10294	10315
10336	10363
10389	10414
10439	10461
10483	10505
10529	10551
10575	10599
10626	10651
10679	10705
10731	10757
10784	10812
10841	10872
10906	10942
10971	11000
11026	11046
11063	11078
11089	11101
11116	11126
11134	11139
11130	11107
11060	10991
10894	10771
10630	10467
10291	10103
9904	9684
9429	9124
8761	8337
7876	7427
7055	6827
6784	6928
7224	7606
8004	8361
8642	8842
8965	9026
9043	9010
8926	8779
8568	8303
8011	7736
7515	7374
7321	7345
7419	7516
7613	7701
7771	7828
7873	7908
7934	7944
7940	7915
7860	7767
7627	7435
7198	6920
6617	6308
6004	5721
5461	5221
4999	4795
4608	4435
4285	4145
4023	3905
3793	3682
3578	3485
3404	3344
3300	3279
3275	3282
3295	3310
3323	3336
3343	3348
3354	3361
3367	3379
3389	3400
3412	3425
3436	3445
3453	3462
3467	3471
3476	3483
3484	3488
3488	3489
3489	3489
3490	3490
3493	3494
3497	3498
3500	3503
3506	3509
3509	3508
3506	3501
3495	3486
3481	3476
3476	3485
3510	3563
3654	3794
4001	4277
4632	5064
5563	6116
6714	7348
7988	8619
9198	9684
10037	10240
10294	10242
10140	10056
10037	10116
10283	10517
10781	11037
11262	11445
11583	11681
11752	11798
11826	11834
11814	11762
11669	11533
11357	11164
10986	10872
10877	11040
11390	11900
12536	13227
13902	14515
15029	15432
15732	15942
16086	16173
16228	16256
16271	16277
16281	16281
16281	16281
16281	16282
16283	16286
16286	16288
16289	16290
16291	16292
16294	16294
16294	16294
16294	16294
16294	16294
16294	16294
16294	16294
16294	16294
16294	16294
16294	16294
16294	16294
16294	16294
16294	16294
16294	16294
16294	16294
16294	16294
16294	16294
16294	16294
16294	16294
16294	16294
16294	16294
16294	16294
16294	16294
16294	16294
16294	16294
16294	16294
16294	16294
16294	16294
16294	16294
16294	16294
16294	16294
16294	16294
16294	16294
16294	16294
16294	16294
16294	16294
16294	16294
16294	16294
16294	16294
16294	16294
16294	16294
16294	16294
16294	16294
16294	16294
16294	16294
16294	16294
16294	16294
16294	16294
16294	16294
16294	16294
16294	16294
16294	16294
16294	16294
16294	16294
16294	16294
16294	16294
16294	16294
16294	16294
16294	16294
16294	16294
16294	16293
16293	16292
16292	16292
16292	16291
16291	16291
16291	16290
16289	16289
16287	16283
16275	16257
16228	16181
16106	15995
15822	15574
15217	14730
14105	13345
12492	11605
10759	10023
9449	9049
8807	8680
8627	8600
8573	8530
8465	8386
8299	8205
8113	8016
7907	7777
7622	7441
7238	7029
6833	6678
6575	6542
6570	6637
6707	6749
6733	6665
6569	6490
6475	6567
6784	7114
7533	7995
8459	8891
9265	9568
9799	9969
10082	10160
10211	10239
10256	10269
10274	10279
10287	10297
10308	10326
10343	10368
10391	10415
10439	10459
10480	10504
10527	10550
10572	10598
10623	10651
10679	10704
10731	10759
10785	10814
10844	10877
10910	10945
10974	11005
11028	11052
11070	11088
11102	11120
11140	11163
11186	11207
11221	11227
11220	11196
11147	11082
10996	10894
10774	10642
10486	10302
10070	9771
9378	8897
8344	7784
7290	6948
6813	6896
7164	7543
7951	8324
8619	8826
8950	9008
9016	8965
8858	8674
8416	8095
7753	7430
7186	7045
7018	7082
7206	7352
7491	7616
7714	7799
7863	7919
7962	7996
8007	7994
7942	7844
7678	7442
7138	6775
6375	5966
5575	5219
4905	4642
4418	4233
4072	3937
3826	3730
3647	3575
3506	3439
3376	3326
3285	3260
3247	3249
3259	3279
3297	3318
3332	3343
3349	3353
3357	3361
3366	3373
3382	3391
3402	3412
3426	3437
3445	3453
3462	3469
3473	3479
3483	3487
3488	3489
3489	3489
3490	3490
3493	3494
3497	3498
3499	3503
3506	3509
3509	3509
3507	3503
3496	3489
3483	3476
3471	3472
3486	3518
3582	3689
3856	4099
4431	4855
5379	5990
6671	7391
8119	8797
9377	9818
10094	10201
10181	10087
9991	9955
10012	10168
10401	10671
10943	11187
11388	11538
11646	11718
11766	11798
11814	11808
11778	11713
11603	11457
11283	11111
10985	10952
11062	11341
11784	12365
13025	13697
14320	14855
15287	15614
15854	16018
16130	16198
16241	16264
16277	16279
16283	16282
16282	16284
16286	16287
16288	16289
16289	16290
16291	16293
16293	16294
16294	16294
16294	16294
16294	16294
16294	16294
16294	16294
16294	16294
16294	16294
16294	16294
16294	16294
16294	16294
16294	16294
16294	16294
16294	16294
16294	16294
16294	16294
16294	16294
16294	16294
16294	16294
16294	16294
16294	16294
16294	16294
16294	16294
16294	16294
16294	16294
16294	16294
16294	16294
16294	16294
16294	16294
16294	16294
16294	16294
16294	16294
16294	16294
16294	16294
16294	16294
16294	16294
16294	16294
16294	16294
16294	16294
16294	16294
16294	16294
16294	16294
16294	16294
16294	16294
16294	16294
16294	16294
16294	16294
16294	16294
16294	16294
16294	16294
16294	16294
16294	16294
16294	16294
16294	16294
16294	16294
16294	16294
16294	16294
16294	16294
16294	16294
16294	16294
16294	16294
16294	16293
16293	16292
16292	16292
16292	16292
16292	16292
16291	16290
16288	16284
16277	16262
16237	16197
16138	16050
15923	15732
15456	15067
14540	13870
13074	12204
11325	10519
9841	9333
8990	8790
8690	8642
8611	8571
8514	8442
8361	8272
8185	8092
7996	7883
7749	7585
7393	7187
6973	6782
6632	6545
6530	6579
6664	6759
6828	6860
6872	6894
6964	7119
7371	7714
8117	8539
8946	9302
9597	9823
9984	10097
10173	10220
10251	10271
10284	10295
10298	10305
10309	10316
10324	10338
10354	10374
10394	10416
10437	10459
10480	10503
10524	10550
10572	10596
10622	10649
10676	10702
10728	10757
10786	10815
10845	10877
10912	10946
10975	11005
11028	11052
11072	11091
11108	11129
11158	11187
11218	11249
11278	11301
11318	11318
11308	11281
11243	11192
11125	11043
10937	10800
10602	10320
9921	9404
8787	8139
7544	7102
6884	6909
7141	7507
7919	8297
8598	8805
8932	8984
8983	8920
8791	8577
8285	7928
7553	7215
6977	6870
6901	7037
7234	7451
7652	7820
7955	8065
8154	8233
8303	8357
8394	8401
8360	8258
8072	7792
7417	6961
6453	5928
5426	4974
4590	4280
4038	3852
3710	3602
3522	3459
3412	3372
3334	3302
3271	3248
3233	3228
3232	3244
3262	3282
3304	3322
3339	3351
3359	3360
3363	3363
3365	3368
3374	3382
3390	3402
3413	3424
3436	3445
3451	3461
3467	3473
3478	3482
3487	3488
3489	3489
3490	3490
3493	3494
3496	3498
3498	3503
3506	3509
3509	3511
3509	3506
3500	3490
3481	3477
3469	3467
3474	3501
3553	3651
3809	4053
4393	4853
5425	6101
6851	7633
8387	9053
9577	9932
10101	10122
10046	9949
9898	9930
10066	10289
10565	10850
11112	11329
11496	11614
11694	11744
11773	11789
11790	11770
11723	11638
11516	11367
11208	11082
11031	11100
11320	11709
12237	12858
13512	14141
14692	15147
15501	15759
15945	16074
16159	16216
16252	16272
16282	16287
16289	16289
16290	16291
16291	16291
16291	16292
16292	16292
16293	16293
16294	16294
16294	16294
16294	16294
16294	16294
16294	16294
16294	16294
16294	16294
16294	16294
16294	16294
16294	16294
16294	16294
16294	16294
16294	16294
16294	16294
16294	16294
16294	16294
16294	16294
16294	16294
16294	16294
16294	16294
16294	16294
16294	16294
16294	16294
16294	16294
16294	16294
16294	16294
16294	16294
16294	16294
16294	16294
16294	16294
16294	16294
16294	16294
16294	16294
16294	16294
16294	16294
16294	16294
16294	16294
16294	16294
16294	16294
16294	16294
16294	16294
16294	16294
16294	16294
16294	16294
16294	16294
16294	16294
16294	16294
16294	16294
16294	16294
16294	16294
16294	16294
16294	16294
16294	16294
16294	16294
16294	16294
16294	16294
16294	16294
16294	16294
16294	16294
16294	16294
16294	16294
16294	16294
16294	16294
16294	16294
16293	16294
16292	16294
16291	16292
16288	16285
16278	16263
16242	16205
16159	16090
15992	15851
15641	15339
14908	14334
13624	12801
11930	11078
10321	9704
9253	8958
8787	8697
8646	8600
8553	8487
8412	8332
8253	8169
8079	7980
7863	7721
7553	7357
7147	6936
6747	6613
6544	6553
6629	6744
6877	7003
7124	7259
7429	7654
7941	8285
8654	9023
9355	9633
9850	10008
10113	10183
10231	10259
10283	10299
10312	10321
10327	10330
10335	10340
10345	10354
10365	10381
10398	10418
10439	10459
10480	10504
10524	10549
10570	10595
10620	10647
10674	10702
10728	10756
10785	10816
10847	10878
10913	10945
10977	11004
11028	11053
11073	11094
11116	11142
11175	11209
11247	11283
11319	11349
11376	11392
11401	11403
11396	11380
11355	11319
11260	11161
10998	10739
10351	9816
9160	8447
7777	7258
6971	6946
7146	7496
7900	8278
8579	8786
8909	8957
8948	8877
8734	8504
8192	7818
7435	7113
6913	6873
6991	7226
7524	7827
8097	8318
8491	8631
8744	8844
8938	9016
9076	9103
9075	8974
8772	8453
8016	7475
6859	6215
5588	5023
4543	4161
3870	3660
3515	3415
3350	3308
3279	3260
3244	3231
3224	3220
3218	3223
3233	3245
3261	3281
3304	3325
3344	3359
3368	3372
3372	3366
3364	3365
3365	3371
3380	3392
3401	3413
3423	3434
3442	3450
3461	3467
3473	3477
3482	3486
3488	3488
3490	3490
3493	3495
3496	3497
3498	3502
3505	3509
3509	3511
3509	3506
3501	3490
3483	3477
3469	3470
3479	3511
3569	3681
3863	4138
4530	5048
5689	6429
7228	8027
8756	9354
9779	10013
10082	10032
9940	9873
9883	9995
10202	10471
10763	11040
11273	11455
11584	11672
11725	11754
11767	11768
11749	11712
11646	11544
11412	11268
11142	11076
11118	11301
11640	12124
12714	13353
13980	14542
15019	15392
15670	15873
16017	16116
16187	16229
16260	16274
16283	16288
16290	16291
16292	16292
16292	16292
16292	16292
16293	16293
16294	16294
16294	16294
16294	16294
16294	16294
16294	16294
16294	16294
16294	16294
16294	16294
16294	16294
16294	16294
16294	16294
16294	16294
16294	16294
16294	16294
16294	16294
16294	16294
16294	16294
16294	16294
16294	16294
16294	16294
16294	16294
16294	16294
16294	16294
16294	16294
16294	16294
16294	16294
16294	16294
16294	16294
16294	16294
16294	16294
16294	16294
16294	16294
16294	16294
16294	16294
16294	16294
16294	16294
16294	16294
16294	16294
16294	16294
16294	16294
16294	16294
16294	16294
16294	16294
16294	16294
16294	16294
16294	16294
16294	16294
16294	16294
16294	16294
16294	16294
16294	16294
16294	16294
16294	16294
16294	16294
16294	16294
16294	16294
16294	16294
16294	16294
16294	16294
16294	16294
16294	16294
16294	16294
16294	16294
16294	16294
16294	16294
16294	16294
16294	16294
16293	16292
16290	16286
16278	16265
16245	16213
16172	16114
16040	15935
15778	15545
15208	14734
14122	13377
12545	11684
10866	10154
9588	9182
8921	8768
8682	8627
8576	8520
8455	8386
8311	8238
8156	8069
7970	7852
7706	7534
7334	7122
6913	6738
6622	6577
6616	6723
6883	7076
7294	7531
7795	8094
8420	8762
9100	9410
9677	9883
10035	10137
10204	10248
10274	10296
10315	10332
10346	10354
10360	10364
10365	10364
10364	10369
10376	10388
10402	10421
10441	10459
10481	10503
10524	10549
10570	10595
10620	10647
10674	10702
10728	10756
10785	10816
10847	10878
10913	10946
10977	11003
11028	11053
11075	11097
11124	11158
11194	11237
11277	11316
11353	11382
11408	11429
11447	11463
11476	11487
11488	11484
11458	11394
11264	11027
10649	10111
9436	8685
7965	7389
7053	6989
7166	7500
7899	8272
8569	8773
8890	8934
8919	8844
8694	8458
8138	7764
7398	7113
6981	7031
7261	7616
8025	8425
8772	9048
9260	9423
9555	9673
9781	9875
9950	9994
9979	9882
9675	9333
8855	8247
7544	6793
6048	5356
4762	4283
3915	3650
3468	3348
3274	3231
3208	3199
3194	3196
3201	3208
3215	3225
3232	3245
3258	3276
3296	3320
3344	3364
3377	3380
3377	3369
3364	3358
3359	3361
3370	3378
3391	3401
3412	3423
3434	3442
3451	3461
3467	3473
3476	3482
3485	3488
3490	3492
3493	3495
3496	3498
3499	3503
3503	3506
3508	3509
3507	3506
3500	3493
3485	3479
3475	3483
3500	3546
3634	3782
4016	4357
4826	5425
6139	6931
7744	8513
9165	9652
9947	10066
10048	9967
9890	9879
9960	10143
10399	10687
10969	11218
11412	11558
11653	11716
11746	11761
11756	11737
11700	11635
11544	11423
11288	11161
11083	11101
11248	11550
12001	12565
13193	13821
14400	14897
15289	15590
15805	15963
16070	16149
16204	16240
16264	16278
16287	16289
16292	16292
16294	16293
16294	16294
16294	16294
16294	16294
16294	16294
16294	16294
16294	16294
16294	16294
16294	16294
16294	16294
16294	16294
16294	16294
16294	16294
16294	16294
16294	16294
16294	16294
16294	16294
16294	16294
16294	16294
16294	16294
16294	16294
16294	16294
16294	16294
16294	16294
16294	16294
16294	16294
16294	16294
16294	16294
16294	16294
16294	16294
16294	16294
16294	16294
16294	16294
16294	16294
16294	16294
16294	16294
16294	16294
16294	16294
16294	16294
16294	16294
16294	16294
16294	16294
16294	16294
16294	16294
16294	16294
16294	16294
16294	16294
16294	16294
16294	16294
16294	16294
16294	16294
16294	16294
16294	16294
16294	16294
16294	16294
16294	16294
16294	16294
16294	16294
16294	16294
16294	16294
16294	16294
16294	16294
16294	16294
16294	16294
16294	16294
16294	16294
16294	16294
16294	16294
16294	16294
16294	16294
16294	16294
16293	16292
16290	16286
16278	16266
16248	16219
16181	16133
16072	15992
15876	15703
15446	15069
14558	13905
13138	12298
11449	10663
9991	9471
9104	8871
8732	8651
8593	8542
8489	8427
8362	8294
8224	8148
8065	7963
7843	7695
7520	7320
7108	6907
6747	6649
6632	6705
6857	7079
7356	7673
8018	8381
8746	9098
9413	9685
9898	10056
10161	10228
10266	10294
10313	10331
10351	10368
10382	10394
10398	10399
10396	10392
10388	10385
10389	10396
10410	10425
10443	10461
10484	10504
10525	10549
10571	10595
10619	10647
10674	10701
10727	10756
10785	10814
10844	10877
10910	10944
10975	11002
11027	11054
11076	11105
11134	11173
11218	11263
11308	11347
11382	11409
11430	11449
11468	11490
11511	11535
11555	11569
11563	11522
11412	11196
10833	10302
9620	8850
8099	7493
7123	7033
7190	7512
7903	8271
8563	8766
8880	8924
8905	8829
8676	8438
8120	7760
7423	7190
7131	7289
7638	8120
8644	9145
9570	9896
10139	10325
10468	10592
10703	10808
10886	10938
10932	10845
10643	10302
9810	9175
8416	7589
6744	5941
5224	4629
4154	3803
3554	3387
3279	3217
3184	3168
3165	3173
3186	3199
3211	3220
3228	3236
3247	3261
3283	3310
3338	3360
3378	3384
3380	3372
3361	3352
3349	3353
3358	3367
3377	3391
3401	3411
3422	3433
3443	3450
3459	3465
3471	3474
3479	3485
3489	3493
3495	3498
3499	3501
3500	3500
3503	3506
3506	3507
3507	3504
3499	3494
3489	3486
3490	3507
3548	3621
3754	3963
4274	4706
5267	5954
6728	7544
8331	9022
9561	9912
10080	10099
10034	9952
9920	9972
10125	10356
10630	10913
11166	11374
11526	11636
11706	11746
11765	11765
11742	11702
11634	11542
11423	11286
11153	11061
11049	11161
11424	11842
12385	13007
13648	14250
14769	15191
15513	15748
15913	16032
16115	16175
16218	16251
16268	16280
16287	16291
16292	16293
16294	16294
16294	16294
16294	16294
16294	16294
16294	16294
16294	16294
16294	16294
16294	16294
16294	16294
16294	16294
16294	16294
16294	16294
16294	16294
16294	16294
16294	16294
16294	16294
16294	16294
16294	16294
16294	16294
16294	16294
16294	16294
16294	16294
16294	16294
16294	16294
16294	16294
16294	16294
16294	16294
16294	16294
16294	16294
16294	16294
16294	16294
16294	16294
16294	16294
16294	16294
16294	16294
16294	16294
16294	16294
16294	16294
16294	16294
16294	16294
16294	16294
16294	16294
16294	16294
16294	16294
16294	16294
16294	16294
16294	16294
16294	16294
16294	16294
16294	16294
16294	16294
16294	16294
16294	16294
16294	16294
16294	16294
16294	16294
16294	16294
16294	16294
16294	16294
16294	16294
16294	16294
16294	16294
16294	16294
16294	16294
16294	16294
16294	16294
16294	16294
16294	16294
16294	16294
16294	16294
16294	16294
16293	16292
16290	16287
16279	16270
16250	16225
16189	16147
16098	16035
15947	15823
15629	15341
14925	14374
13686	12892
12046	11213
10454	9823
9345	9015
8807	8684
8610	8558
8509	8460
8405	8347
8283	8214
8139	8058
7960	7839
7690	7508
7306	7096
6907	6760
6685	6701
6816	7026
7319	7679
8078	8494
8897	9269
9586	9839
10030	10157
10239	10287
10313	10332
10347	10365
10384	10404
10420	10430
10435	10434
10426	10417
10409	10402
10401	10406
10418	10431
10449	10466
10486	10506
10525	10549
10570	10593
10619	10645
10674	10700
10726	10753
10781	10812
10843	10875
10908	10942
10973	11001
11026	11051
11079	11109
11144	11188
11240	11290
11338	11378
11409	11432
11446	11462
11476	11494
11521	11548
11574	11597
11604	11575
11483	11284
10932	10410
9728	8955
8193	7565
7179	7070
7211	7525
7911	8275
8568	8765
8881	8925
8907	8832
8678	8443
8129	7785
7478	7298
7320	7574
8039	8636
9272	9862
10353	10728
11000	11197
11346	11468
11578	11672
11755	11804
11806	11730
11546	11229
10761	10135
9375	8513
7610	6718
5890	5169
4574	4108
3763	3519
3353	3247
3187	3152
3144	3151
3164	3180
3197	3207
3214	3220
3228	3242
3267	3294
3326	3353
3373	3379
3376	3370
3357	3348
3342	3342
3348	3356
3367	3379
3392	3402
3411	3423
3434	3443
3449	3456
3461	3467
3471	3479
3486	3491
3495	3498
3500	3499
3499	3501
3501	3503
3504	3506
3506	3503
3502	3496
3496	3501
3516	3554
3625	3750
3945	4238
4644	5180
5837	6592
7398	8195
8913	9489
9888	10104
10162	10121
10042	9995
10023	10141
10342	10597
10869	11123
11335	11499
11616	11695
11742	11770
11778	11764
11726	11660
11567	11440
11294	11146
11028	10984
11053	11273
11649	12169
12784	13437
14064	14622
15080	15431
15686	15869
15994	16084
16149	16194
16232	16256
16273	16282
16288	16291
16292	16293
16294	16294
16294	16294
16294	16294
16294	16294
16294	16294
16294	16294
16294	16294
16294	16294
16294	16294
16294	16294
16294	16294
16294	16294
16294	16294
16294	16294
16294	16294
16294	16294
16294	16294
16294	16294
16294	16294
16294	16294
16294	16294
16294	16294
16294	16294
16294	16294
16294	16294
16294	16294
16294	16294
16294	16294
16294	16294
16294	16294
16294	16294
16294	16294
16294	16294
16294	16294
16294	16294
16294	16294
16294	16294
16294	16294
16294	16294
16294	16294
16294	16294
16294	16294
16294	16294
16294	16294
16294	16294
16294	16294
16294	16294
16294	16294
16294	16294
16294	16294
16294	16294
16294	16294
16294	16294
16294	16294
16294	16294
16294	16294
16294	16294
16294	16294
16294	16294
16294	16294
16294	16294
16294	16294
16294	16294
16294	16294
16294	16294
16294	16294
16294	16294
16294	16294
16294	16294
16294	16294
16294	16294
16293	16292
16291	16287
16282	16272
16254	16229
16198	16157
16114	16062
16000	15905
15765	15548
15221	14766
14171	13445
12631	11779
10960	10238
9649	9215
8918	8735
8629	8569
8524	8485
8438	8389
8331	8270
8205	8134
8056	7955
7831	7675
7489	7283
7079	6897
6769	6722
6776	6942
7211	7572
7992	8440
8877	9276
9612	9877
10068	10195
10275	10319
10343	10361
10376	10395
10416	10437
10455	10467
10471	10467
10455	10442
10427	10417
10414	10415
10427	10440
10456	10471
10489	10507
10527	10548
10569	10593
10617	10645
10670	10698
10724	10750
10780	10811
10840	10871
10904	10937
10968	10996
11023	11049
11078	11109
11152	11198
11254	11309
11361	11401
11433	11450
11461	11467
11479	11494
11514	11541
11569	11594
11606	11584
11502	11312
10977	10465
9789	9013
8248	7612
7212	7092
7227	7534
7917	8279
8573	8773
8892	8937
8925	8849
8698	8461
8150	7817
7537	7405
7494	7835
8396	9092
9817	10484
11029	11443
11737	11941
12092	12205
12305	12393
12463	12511
12513	12452
12301	12026
11610	11040
10318	9478
8563	7621
6709	5878
5157	4564
4096	3746
3500	3329
3220	3161
3134	3132
3145	3162
3180	3195
3200	3205
3212	3225
3246	3277
3309	3336
3359	3368
3368	3358
3347	3338
3333	3334
3337	3347
3357	3367
3381	3393
3403	3413
3421	3431
3437	3442
3450	3455
3461	3471
3479	3488
3494	3501
3499	3500
3498	3497
3496	3501
3501	3504
3506	3505
3504	3505
3510	3531
3568	3635
3755	3944
4225	4618
5136	5771
6508	7298
8093	8822
9426	9865
10121	10221
10208	10145
10092	10102
10189	10363
10590	10847
11091	11305
11474	11596
11677	11731
11767	11785
11785	11758
11706	11613
11487	11328
11164	11018
10933	10953
11121	11447
11933	12530
13192	13848
14446	14943
15334	15620
15821	15956
16054	16121
16173	16210
16241	16260
16276	16282
16289	16291
16292	16293
16294	16294
16294	16294
16294	16294
16294	16294
16294	16294
16294	16294
16294	16294
16294	16294
16294	16294
16294	16294
16294	16294
16294	16294
16294	16294
16294	16294
16294	16294
16294	16294
16294	16294
16294	16294
16294	16294
16294	16294
16294	16294
16294	16294
16294	16294
16294	16294
16294	16294
16294	16294
16294	16294
16294	16294
16294	16294
16294	16294
16294	16294
16294	16294
16294	16294
16294	16294
16294	16294
16294	16294
16294	16294
16294	16294
16294	16294
16294	16294
16294	16294
16294	16294
16294	16294
16294	16294
16294	16294
16294	16294
16294	16294
16294	16294
16294	16294
16294	16294
16294	16294
16294	16294
16294	16294
16294	16294
16294	16294
16294	16294
16294	16294
16294	16294
16294	16294
16294	16294
16294	16294
16294	16294
16294	16294
16294	16294
16294	16294
16294	16294
16294	16294
16294	16294
16294	16294
16294	16294
16294	16294
16293	16292
16291	16288
16282	16273
16258	16235
16206	16171
16129	16087
16038	15968
15865	15703
15454	15087
14586	13945
13188	12354
11508	10711
10025	9479
9084	8822
8668	8581
8535	8501
8465	8423
8373	8317
8259	8197
8129	8048
7945	7813
7648	7459
7248	7048
6880	6776
6763	6858
7074	7396
7802	8253
8711	9138
9507	9799
10019	10169
10264	10319
10354	10376
10399	10420
10444	10467
10485	10497
10500	10494
10482	10463
10450	10438
10432	10432
10438	10449
10464	10477
10492	10511
10528	10549
10569	10591
10615	10641
10670	10695
10720	10748
10775	10806
10836	10867
10896	10928
10959	10987
11014	11042
11072	11107
11150	11203
11259	11320
11373	11417
11448	11464
11472	11476
11482	11491
11507	11529
11556	11580
11594	11578
11500	11323
10995	10490
9821	9047
8279	7642
7234	7108
7236	7542
7920	8287
8583	8789
8911	8963
8953	8878
8724	8483
8173	7845
7583	7484
7626	8029
8666	9436
10232	10953
11543	11983
12293	12501
12650	12757
12848	12921
12980	13022
13030	12987
12868	12652
12309	11820
11183	10409
9526	8584
7628	6712
5875	5152
4555	4084
3728	3476
3304	3198
3143	3123
3129	3141
3159	3175
3183	3189
3197	3209
3228	3255
3286	3315
3335	3348
3348	3345
3336	3327
3324	3325
3329	3340
3349	3359
3370	3383
3394	3404
3413	3419
3423	3427
3431	3437
3447	3458
3473	3487
3497	3504
3503	3503
3499	3496
3494	3497
3499	3504
3507	3511
3513	3523
3542	3582
3652	3770
3955	4227
4612	5112
5736	6452
7229	8013
8746	9364
9827	10117
10251	10268
10226	10179
10182	10251
10397	10601
10835	11071
11279	11450
11576	11662
11719	11758
11783	11793
11786	11745
11670	11550
11397	11221
11052	10927
10894	10997
11265	11699
12270	12925
13600	14235
14778	15212
15537	15765
15918	16025
16097	16150
16191	16223
16249	16266
16277	16283
16290	16291
16293	16294
16294	16294
16294	16294
16294	16294
16294	16294
16294	16294
16294	16294
16294	16294
16294	16294
16294	16294
16294	16294
16294	16294
16294	16294
16294	16294
16294	16294
16294	16294
16294	16294
16294	16294
16294	16294
16294	16294
16294	16294
16294	16294
16294	16294
16294	16294
16294	16294
16294	16294
16294	16294
16294	16294
16294	16294
16294	16294
16294	16294
16294	16294
16294	16294
16294	16294
16294	16294
16294	16294
16294	16294
16294	16294
16294	16294
16294	16294
16294	16294
16294	16294
16294	16294
16294	16294
16294	16294
16294	16294
16294	16294
16294	16294
16294	16294
16294	16294
16294	16294
16294	16294
16294	16294
16294	16294
16294	16294
16294	16294
16294	16294
16294	16294
16294	16294
16294	16294
16294	16294
16294	16294
16294	16294
16294	16294
16294	16294
16294	16294
16294	16294
16294	16294
16294	16294
16294	16294
16294	16294
16294	16294
16294	16293
16292	16289
16283	16276
16261	16241
16213	16182
16144	16109
16066	16013
15938	15821
15632	15344
14936	14387
13705	12918
12075	11234
10465	9812
9310	8956
8734	8609
8546	8516
8487	8452
8409	8360
8307	8252
8189	8121
8032	7921
7777	7602
7405	7197
7005	6857
6780	6805
6948	7202
7559	7983
8436	8882
9282	9616
9878	10070
10199	10283
10339	10378
10409	10437
10462	10484
10506	10517
10521	10516
10502	10487
10471	10459
10451	10451
10453	10462
10474	10486
10502	10515
10531	10548
10567	10590
10613	10636
10667	10693
10719	10745
10775	10803
10832	10860
10892	10919
10951	10977
11005	11029
11062	11099
11143	11198
11257	11318
11374	11419
11453	11470
11478	11479
11482	11490
11502	11521
11545	11568
11584	11569
11497	11324
11003	10505
9840	9069
8300	7655
7246	7113
7240	7543
7925	8295
8595	8805
8935	8992
8987	8908
8751	8503
8191	7863
7610	7532
7705	8157
8842	9667
10508	11271
11888	12350
12667	12883
13024	13126
13204	13269
13320	13360
13369	13347
13266	13110
12844	12454
11924	11250
10450	9548
8595	7631
6712	5872
5144	4540
4063	3704
3451	3281
3182	3134
3120	3128
3141	3158
3170	3179
3186	3197
3216	3238
3265	3289
3311	3324
3328	3326
3320	3317
3315	3317
3323	3330
3341	3351
3363	3374
3386	3397
3403	3408
3411	3413
3415	3420
3429	3444
3464	3483
3498	3509
3510	3508
3502	3493
3491	3492
3496	3502
3512	3519
3531	3555
3594	3668
3785	3970
4237	4615
5109	5716
6421	7186
7962	8688
9309	9782
10092	10250
10294	10271
10240	10242
10308	10437
10624	10837
11059	11260
11429	11553
11644	11703
11744	11770
11786	11789
11769	11714
11615	11476
11304	11124
10970	10892
10933	11132
11502	12026
12657	13340
14000	14589
15071	15439
15699	15875
15995	16073
16129	16171
16206	16232
16253	16270
16279	16284
16290	16291
16293	16294
16294	16294
16294	16294
16294	16294
16294	16294
16294	16294
16294	16294
16294	16294
16294	16294
16294	16294
16294	16294
16294	16294
16294	16294
16294	16294
16294	16294
16294	16294
16294	16294
16294	16294
16294	16294
16294	16294
16294	16294
16294	16294
16294	16294
16294	16294
16294	16294
16294	16294
16294	16294
16294	16294
16294	16294
16294	16294
16294	16294
16294	16294
16294	16294
16294	16294
16294	16294
16294	16294
16294	16294
16294	16294
16294	16294
16294	16294
16294	16294
16294	16294
16294	16294
16294	16294
16294	16294
16294	16294
16294	16294
16294	16294
16294	16294
16294	16294
16294	16294
16294	16294
16294	16294
16294	16294
16294	16294
16294	16294
16294	16294
16294	16294
16294	16294
16294	16294
16294	16294
16294	16294
16294	16294
16294	16294
16294	16294
16294	16294
16294	16294
16294	16294
16294	16294
16294	16294
16294	16294
16294	16294
16294	16293
16292	16289
16284	16276
16265	16246
16222	16193
16161	16128
16092	16050
15993	15904
15765	15547
15221	14767
14176	13455
12645	11790
10961	10218
9609	9152
8846	8666
8573	8528
8504	8477
8440	8397
8350	8300
8242	8182
8107	8005
7880	7724
7541	7342
7144	6965
6842	6799
6858	7032
7311	7680
8103	8542
8965	9339
9653	9895
10077	10205
10294	10357
10404	10440
10474	10498
10519	10530
10535	10531
10520	10508
10492	10480
10474	10472
10476	10479
10489	10497
10510	10522
10536	10551
10569	10589
10612	10636
10665	10688
10718	10743
10771	10798
10826	10854
10882	10910
10941	10966
10992	11020
11050	11088
11131	11186
11243	11304
11361	11408
11441	11463
11475	11479
11482	11489
11502	11517
11540	11561
11578	11566
11496	11330
11011	10516
9853	9081
8312	7665
7253	7117
7241	7545
7928	8301
8607	8823
8956	9016
9009	8930
8766	8516
8196	7864
7617	7550
7746	8226
8942	9797
10670	11455
12094	12566
12891	13105
13246	13343
13416	13475
13518	13555
13573	13567
13522	13421
13237	12946
12529	11976
11284	10467
9557	8596
7629	6703
5858	5125
4517	4034
3680	3433
3268	3179
3135	3126
3134	3148
3162	3171
3180	3191
3206	3224
3246	3269
3288	3300
3305	3307
3305	3305
3304	3310
3315	3323
3334	3347
3359	3369
3380	3392
3399	3403
3404	3400
3402	3405
3416	3432
3455	3479
3500	3514
3517	3512
3504	3493
3488	3488
3493	3504
3519	3536
3567	3611
3685	3804
3991	4259
4629	5117
5715	6408
7163	7930
8647	9264
9737	10054
10228	10283
10279	10259
10273	10340
10468	10643
10847	11053
11246	11407
11531	11623
11684	11725
11751	11769
11775	11767
11731	11655
11536	11381
11205	11043
10936	10930
11067	11368
11831	12423
13089	13763
14382	14907
15321	15619
15825	15961
16049	16109
16151	16186
16216	16239
16259	16273
16282	16287
16291	16292
16293	16294
16294	16294
16294	16294
16294	16294
16294	16294
16294	16294
16294	16294
16294	16294
16294	16294
16294	16294
16294	16294
16294	16294
16294	16294
16294	16294
16294	16294
16294	16294
16294	16294
16294	16294
16294	16294
16294	16294
16294	16294
16294	16294
16294	16294
16294	16294
16294	16294
16294	16294
16294	16294
16294	16294
16294	16294
16294	16294
16294	16294
16294	16294
16294	16294
16294	16294
16294	16294
16294	16294
16294	16294
16294	16294
16294	16294
16294	16294
16294	16294
16294	16294
16294	16294
16294	16294
16294	16294
16294	16294
16294	16294
16294	16294
16294	16294
16294	16294
16294	16294
16294	16294
16294	16294
16294	16294
16294	16294
16294	16294
16294	16294
16294	16294
16294	16294
16294	16294
16294	16294
16294	16294
16294	16294
16294	16294
16294	16294
16294	16294
16294	16294
16294	16294
16294	16294
16294	16294
16294	16294
16294	16294
16294	16293
16292	16290
16284	16278
16269	16251
16229	16205
16177	16145
16115	16080
16036	15971
15867	15704
15452	15088
14592	13956
13200	12365
11503	10692
9987	9425
9023	8768
8625	8555
8522	8499
8474	8436
8396	8349
8299	8238
8169	8078
7963	7823
7657	7470
7280	7096
6946	6849
6836	6918
7106	7393
7755	8162
8582	8982
9340	9644
9887	10068
10208	10308
10382	10435
10475	10506
10525	10538
10545	10543
10537	10527
10516	10506
10498	10498
10498	10501
10506	10514
10524	10533
10545	10556
10573	10593
10613	10637
10665	10688
10715	10741
10766	10794
10820	10846
10876	10900
10929	10956
10981	11007
11036	11075
11118	11168
11227	11283
11339	11385
11421	11447
11463	11472
11479	11489
11501	11519
11539	11562
11580	11571
11501	11335
11018	10523
9858	9088
8317	7670
7258	7123
7245	7549
7934	8309
8614	8832
8967	9025
9021	8938
8769	8512
8187	7853
7610	7551
7759	8255
8991	9865
10753	11552
12204	12681
13010	13222
13362	13453
13524	13576
13621	13656
13683	13694
13681	13623
13505	13305
12999	12567
12000	11296
10472	9558
8588	7615
6686	5836
5099	4494
4019	3667
3426	3274
3189	3150
3142	3149
3160	3171
3182	3192
3204	3217
3235	3253
3268	3280
3288	3291
3292	3295
3297	3302
3310	3319
3330	3341
3354	3367
3380	3391
3401	3400
3401	3396
3394	3394
3404	3423
3448	3474
3498	3514
3520	3514
3505	3493
3487	3486
3494	3513
3540	3571
3625	3706
3829	4017
4287	4657
5137	5726
6412	7155
7914	8621
9234	9706
10019	10194
10255	10257
10245	10265
10338	10470
10649	10851
11051	11238
11392	11513
11604	11666
11705	11731
11745	11752
11744	11722
11662	11562
11427	11267
11109	10993
10960	11055
11300	11706
12245	12880
13544	14180
14736	15190
15528	15765
15924	16024
16092	16137
16170	16199
16223	16246
16263	16275
16282	16287
16291	16292
16293	16294
16294	16294
16294	16294
16294	16294
16294	16294
16294	16294
16294	16294
16294	16294
16294	16294
16294	16294
16294	16294
16294	16294
16294	16294
16294	16294
16294	16294
16294	16294
16294	16294
16294	16294
16294	16294
16294	16294
16294	16294
16294	16294
16294	16294
16294	16294
16294	16294
16294	16294
16294	16294
16294	16294
16294	16294
16294	16294
16294	16294
16294	16294
16294	16294
16294	16294
16294	16294
16294	16294
16294	16294
16294	16294
16294	16294
16294	16294
16294	16294
16294	16294
16294	16294
16294	16294
16294	16294
16294	16294
16294	16294
16294	16294
16294	16294
16294	16294
16294	16294
16294	16294
16294	16294
16294	16294
16294	16294
16294	16294
16294	16294
16294	16294
16294	16294
16294	16294
16294	16294
16294	16294
16294	16294
16294	16294
16294	16294
16294	16294
16294	16294
16294	16294
16294	16294
16294	16294
16294	16294
16294	16294
16294	16293
16292	16290
16285	16279
16269	16255
16239	16215
16192	16166
16139	16109
16073	16022
15946	15825
15638	15352
14949	14407
13725	12933
12081	11228
10447	9788
9285	8939
8727	8610
8552	8523
8500	8472
8439	8400
8354	8297
8228	8141
8036	7905
7758	7591
7416	7238
7077	6949
6877	6879
6972	7157
7434	7779
8169	8569
8961	9313
9620	9873
10071	10219
10330	10410
10468	10506
10534	10547
10556	10556
10552	10548
10540	10530
10527	10521
10520	10523
10525	10530
10536	10544
10555	10566
10580	10596
10615	10638
10664	10688
10717	10740
10767	10794
10818	10844
10872	10895
10923	10948
10973	10999
11030	11065
11105	11154
11206	11260
11314	11358
11393	11423
11442	11459
11470	11483
11499	11517
11542	11563
11581	11572
11502	11332
11013	10518
9854	9085
8315	7672
7259	7126
7249	7552
7936	8309
8614	8833
8964	9023
9013	8926
8753	8493
8166	7836
7594	7544
7761	8264
9011	9891
10788	11598
12250	12733
13057	13273
13408	13502
13565	13618
13663	13701
13735	13758
13764	13744
13680	13554
13345	13025
12583	12011
11302	10471
9551	8577
7597	6666
5814	5083
4480	4012
3670	3437
3288	3208
3171	3161
3166	3174
3185	3192
3203	3214
3227	3242
3255	3267
3277	3282
3287	3289
3293	3298
3305	3317
3326	3339
3353	3368
3380	3393
3402	3404
3403	3398
3395	3392
3399	3416
3442	3468
3495	3513
3522	3519
3509	3495
3489	3490
3505	3534
3575	3636
3726	3858
4050	4324
4695	5172
5757	6433
7166	7911
8612	9214
9682	9993
10166	10224
10224	10212
10235	10310
10447	10629
10839	11045
11232	11384
11502	11588
11650	11689
11713	11722
11726	11714
11691	11640
11556	11434
11288	11139
11021	10979
11050	11264
11626	12125
12724	13371
14003	14576
15057	15428
15700	15882
16001	16075
16123	16157
16187	16208
16231	16250
16267	16276
16283	16289
16291	16292
16293	16294
16294	16294
16294	16294
16294	16294
16294	16294
16294	16294
16294	16294
16294	16294
16294	16294
16294	16294
16294	16294
16294	16294
16294	16294
16294	16294
16294	16294
16294	16294
16294	16294
16294	16294
16294	16294
16294	16294
16294	16294
16294	16294
16294	16294
16294	16294
16294	16294
16294	16294
16294	16294
16294	16294
16294	16294
16294	16294
16294	16294
16294	16294
16294	16294
16294	16294
16294	16294
16294	16294
16294	16294
16294	16294
16294	16294
16294	16294
16294	16294
16294	16294
16294	16294
16294	16294
16294	16294
16294	16294
16294	16294
16294	16294
16294	16294
16294	16294
16294	16294
16294	16294
16294	16294
16294	16294
16294	16294
16294	16294
16294	16294
16294	16294
16294	16294
16294	16294
16294	16294
16294	16294
16294	16294
16294	16294
16294	16294
16294	16294
16294	16294
16294	16294
16294	16294
16294	16294
16294	16294
16294	16294
16294	16293
16292	16290
16288	16281
16273	16261
16246	16227
16204	16184
16163	16134
16105	16065
16005	15921
15782	15568
15248	14798
14209	13489
12670	11816
10989	10253
9649	9198
8894	8707
8602	8549
8522	8501
8475	8448
8408	8356
8289	8205
8105	7985
7851	7702
7547	7389
7233	7092
6979	6914
6916	7002
7174	7431
7760	8135
8533	8923
9285	9605
9871	10083
10242	10361
10445	10498
10534	10555
10568	10570
10571	10568
10562	10556
10550	10545
10546	10545
10550	10553
10557	10562
10570	10577
10589	10604
10623	10645
10669	10694
10720	10742
10769	10794
10818	10842
10868	10892
10918	10944
10966	10995
11023	11057
11096	11141
11189	11237
11284	11327
11365	11395
11420	11440
11458	11477
11495	11517
11543	11569
11584	11569
11498	11322
11000	10503
9839	9071
8307	7665
7257	7125
7247	7549
7928	8296
8595	8809
8939	8993
8976	8887
8713	8454
8131	7807
7572	7529
7754	8266
9018	9903
10807	11614
12268	12748
13075	13286
13421	13509
13576	13628
13674	13716
13753	13786
13807	13812
13790	13719
13586	13367
13044	12597
12016	11303
10469	9544
8566	7585
6653	5805
5077	4481
4020	3682
3453	3310
3231	3192
3180	3178
3185	3191
3197	3208
3220	3236
3249	3261
3270	3276
3280	3284
3289	3295
3304	3312
3327	3336
3354	3368
3383	3396
3407	3410
3412	3406
3401	3397
3400	3412
3437	3462
3488	3508
3517	3516
3508	3498
3495	3502
3529	3576
3646	3749
3893	4094
4372	4748
5224	5805
6472	7195
7929	8616
9210	9669
9977	10142
10200	10194
10177	10194
10268	10406
10593	10810
11027	11221
11377	11495
11580	11637
11673	11699
11710	11707
11694	11660
11609	11524
11409	11270
11123	11004
10953	11010
11208	11548
12024	12603
13231	13859
14441	14937
15333	15629
15836	15972
16057	16110
16146	16172
16194	16218
16236	16255
16267	16279
16283	16289
16291	16293
16294	16294
16294	16294
16294	16294
16294	16294
16294	16294
16294	16294
16294	16294
16294	16294
16294	16294
16294	16294
16294	16294
16294	16294
16294	16294
16294	16294
16294	16294
16294	16294
16294	16294
16294	16294
16294	16294
16294	16294
16294	16294
16294	16294
16294	16294
16294	16294
16294	16294
16294	16294
16294	16294
16294	16294
16294	16294
16294	16294
16294	16294
16294	16294
16294	16294
16294	16294
16294	16294
16294	16294
16294	16294
16294	16294
16294	16294
16294	16294
16294	16294
16294	16294
16294	16294
16294	16294
16294	16294
16294	16294
16294	16294
16294	16294
16294	16294
16294	16294
16294	16294
16294	16294
16294	16294
16294	16294
16294	16294
16294	16294
16294	16294
16294	16294
16294	16294
16294	16294
16294	16294
16294	16294
16294	16294
16294	16294
16294	16294
16294	16294
16294	16294
16294	16294
16294	16294
16294	16294
16294	16294
16294	16294
16294	16293
16292	16291
16290	16283
16277	16267
16253	16239
16221	16204
16186	16163
16136	16103
16057	15995
15895	15736
15492	15136
14642	14013
13264	12444
11602	10814
10119	9560
9144	8860
8685	8590
8542	8519
8505	8487
8457	8412
8352	8270
8170	8059
7935	7807
7673	7536
7395	7257
7125	7014
6943	6933
6997	7155
7396	7715
8089	8491
8893	9271
9604	9882
10104	10273
10393	10478
10530	10563
10580	10590
10593	10591
10587	10581
10575	10572
10571	10570
10571	10573
10577	10579
10586	10592
10602	10615
10633	10652
10676	10702
10725	10751
10773	10800
10821	10847
10870	10894
10918	10944
10967	10994
11023	11056
11092	11132
11175	11218
11261	11300
11337	11370
11397	11421
11445	11471
11491	11518
11545	11571
11585	11567
11489	11308
10979	10479
9814	9049
8289	7655
7247	7117
7237	7530
7899	8256
8548	8754
8875	8930
8909	8816
8645	8388
8073	7759
7537	7505
7740	8263
9018	9908
10812	11620
12270	12749
13071	13284
13417	13505
13569	13621
13668	13712
13750	13790
13822	13842
13844	13815
13739	13601
13380	13053
12605	12023
11304	10467
9536	8557
7577	6648
5805	5084
4491	4035
3700	3474
3331	3249
3209	3190
3186	3189
3195	3205
3216	3232
3247	3262
3272	3278
3282	3285
3289	3295
3301	3312
3324	3337
3351	3369
3383	3399
3411	3417
3421	3416
3408	3407
3405	3415
3432	3456
3481	3501
3511	3512
3509	3506
3512	3535
3583	3657
3774	3931
4152	4441
4822	5299
5876	6533
7243	7960
8636	9216
9668	9968
10131	10180
10173	10151
10160	10225
10361	10550
10771	10997
11200	11367
11491	11576
11636	11669
11694	11701
11704	11685
11649	11589
11502	11380
11236	11080
10950	10883
10920	11098
11431	11897
12474	13105
13738	14327
14838	15251
15565	15789
15941	16040
16100	16139
16162	16185
16202	16222
16240	16257
16269	16279
16283	16290
16291	16293
16294	16294
16294	16294
16294	16294
16294	16294
16294	16294
16294	16294
16294	16294
16294	16294
16294	16294
16294	16294
16294	16294
16294	16294
16294	16294
16294	16294
16294	16294
16294	16294
16294	16294
16294	16294
16294	16294
16294	16294
16294	16294
16294	16294
16294	16294
16294	16294
16294	16294
16294	16294
16294	16294
16294	16294
16294	16294
16294	16294
16294	16294
16294	16294
16294	16294
16294	16294
16294	16294
16294	16294
16294	16294
16294	16294
16294	16294
16294	16294
16294	16294
16294	16294
16294	16294
16294	16294
16294	16294
16294	16294
16294	16294
16294	16294
16294	16294
16294	16294
16294	16294
16294	16294
16294	16294
16294	16294
16294	16294
16294	16294
16294	16294
16294	16294
16294	16294
16294	16294
16294	16294
16294	16294
16294	16294
16294	16294
16294	16294
16294	16294
16294	16294
16294	16294
16294	16294
16294	16294
16294	16294
16294	16294
16294	16293
16292	16291
16290	16285
16279	16271
16261	16249
16236	16222
16206	16186
16162	16136
16101	16052
15982	15867
15688	15414
15016	14490
13833	13079
12265	11450
10688	10022
9484	9083
8811	8648
8562	8531
8521	8513
8499	8466
8412	8337
8241	8133
8021	7905
7789	7677
7557	7429
7296	7161
7037	6948
6918	6967
7110	7347
7667	8048
8464	8879
9269	9617
9905	10131
10305	10426
10510	10561
10596	10611
10616	10616
10613	10608
10601	10598
10594	10594
10593	10595
10597	10598
10605	10610
10619	10630
10647	10666
10687	10709
10733	10758
10781	10804
10828	10850
10874	10897
10923	10948
10969	10996
11024	11057
11091	11128
11166	11203
11244	11280
11317	11349
11380	11406
11435	11463
11491	11519
11548	11573
11582	11559
11473	11287
10955	10451
9788	9028
8267	7636
7228	7091
7199	7477
7829	8172
8451	8650
8764	8811
8792	8702
8531	8284
7980	7684
7479	7468
7718	8250
9015	9909
10812	11620
12268	12745
13066	13274
13407	13493
13557	13610
13655	13698
13740	13780
13816	13846
13865	13865
13834	13755
13618	13396
13067	12617
12034	11311
10471	9539
8559	7583
6655	5819
5099	4513
4057	3722
3493	3348
3259	3214
3192	3188
3187	3199
3211	3230
3248	3263
3273	3283
3283	3287
3289	3294
3301	3311
3322	3337
3350	3367
3382	3397
3410	3420
3424	3423
3416	3414
3413	3419
3431	3450
3471	3490
3501	3509
3515	3529
3552	3601
3682	3807
3985	4222
4533	4926
5408	5978
6624	7316
8014	8670
9233	9669
9963	10121
10169	10158
10131	10134
10193	10323
10508	10729
10959	11173
11349	11485
11576	11632
11669	11691
11702	11704
11688	11655
11591	11496
11368	11213
11044	10891
10795	10798
10944	11252
11711	12293
12942	13597
14210	14744
15178	15510
15749	15913
16020	16089
16129	16156
16173	16190
16207	16223
16241	16259
16270	16279
16284	16290
16292	16293
16294	16294
16294	16294
16294	16294
16294	16294
16294	16294
16294	16294
16294	16294
16294	16294
16294	16294
16294	16294
16294	16294
16294	16294
16294	16294
16294	16294
16294	16294
16294	16294
16294	16294
16294	16294
16294	16294
16294	16294
16294	16294
16294	16294
16294	16294
16294	16294
16294	16294
16294	16294
16294	16294
16294	16294
16294	16294
16294	16294
16294	16294
16294	16294
16294	16294
16294	16294
16294	16294
16294	16294
16294	16294
16294	16294
16294	16294
16294	16294
16294	16294
16294	16294
16294	16294
16294	16294
16294	16294
16294	16294
16294	16294
16294	16294
16294	16294
16294	16294
16294	16294
16294	16294
16294	16294
16294	16294
16294	16294
16294	16294
16294	16294
16294	16294
16294	16294
16294	16294
16294	16294
16294	16294
16294	16294
16294	16294
16294	16294
16294	16294
16294	16294
16294	16294
16294	16294
16294	16294
16294	16294
16294	16294
16294	16293
16292	16291
16290	16285
16283	16275
16266	16258
16249	16237
16224	16206
16189	16164
16134	16098
16047	15968
15840	15635
15331	14905
14355	13689
12933	12129
11326	10571
9914	9387
9000	8744
8600	8539
8527	8530
8529	8514
8472	8406
8318	8217
8108	8003
7902	7807
7710	7602
7474	7333
7181	7038
6930	6886
6928	7069
7310	7643
8034	8458
8886	9285
9636	9930
10162	10338
10460	10543
10594	10625
10637	10641
10640	10637
10631	10627
10625	10621
10621	10621
10622	10625
10628	10631
10639	10649
10661	10682
10700	10723
10744	10768
10790	10814
10837	10860
10883	10907
10929	10953
10978	11001
11031	11058
11092	11123
11161	11196
11233	11267
11303	11335
11366	11396
11427	11459
11491	11521
11552	11574
11580	11555
11463	11267
10932	10425
9764	9003
8243	7607
7189	7032
7118	7371
7700	8024
8289	8476
8587	8629
8609	8523
8358	8123
7839	7564
7386	7401
7676	8229
9007	9906
10811	11616
12262	12737
13057	13264
13393	13480
13543	13595
13642	13683
13724	13764
13801	13835
13864	13881
13880	13849
13774	13637
13416	13088
12637	12049
11323	10479
9546	8569
7594	6673
5839	5121
4532	4075
3737	3504
3351	3262
3209	3187
3183	3189
3207	3227
3249	3269
3281	3289
3290	3290
3292	3294
3300	3309
3321	3336
3350	3366
3380	3395
3409	3417
3424	3423
3421	3419
3419	3421
3431	3446
3463	3482
3499	3519
3540	3574
3632	3720
3858	4050
4313	4648
5060	5558
6127	6762
7432	8102
8727	9265
9680	9960
10111	10159
10146	10119
10120	10175
10295	10475
10695	10927
11144	11331
11475	11574
11636	11671
11690	11703
11707	11698
11673	11614
11518	11387
11222	11039
10862	10734
10695	10789
11052	11481
12053	12718
13407	14057
14627	15094
15450	15707
15885	16002
16077	16122
16148	16167
16179	16193
16206	16223
16241	16257
16269	16279
16283	16290
16291	16293
16294	16294
16294	16294
16294	16294
16294	16294
16294	16294
16294	16294
16294	16294
16294	16294
16294	16294
16294	16294
16294	16294
16294	16294
16294	16294
16294	16294
16294	16294
16294	16294
16294	16294
16294	16294
16294	16294
16294	16294
16294	16294
16294	16294
16294	16294
16294	16294
16294	16294
16294	16294
16294	16294
16294	16294
16294	16294
16294	16294
16294	16294
16294	16294
16294	16294
16294	16294
16294	16294
16294	16294
16294	16294
16294	16294
16294	16294
16294	16294
16294	16294
16294	16294
16294	16294
16294	16294
16294	16294
16294	16294
16294	16294
16294	16294
16294	16294
16294	16294
16294	16294
16294	16294
16294	16294
16294	16294
16294	16294
16294	16294
16294	16294
16294	16294
16294	16294
16294	16294
16294	16294
16294	16294
16294	16294
16294	16294
16294	16294
16294	16294
16294	16294
16294	16294
16294	16294
16294	16294
16294	16294
16294	16294
16294	16294
16293	16291
16291	16288
16285	16281
16274	16266
16257	16249
16234	16224
16204	16187
16162	16136
16099	16044
15950	15806
15580	15253
14810	14246
13572	12809
11996	11185
10425	9771
9254	8891
8665	8557
8529	8535
8551	8552
8527	8474
8395	8300
8199	8100
8012	7932
7850	7760
7648	7512
7352	7182
7023	6907
6861	6905
7055	7305
7644	8044
8473	8904
9303	9654
9948	10180
10356	10483
10568	10620
10652	10664
10669	10665
10661	10657
10654	10651
10650	10650
10651	10653
10655	10659
10664	10674
10685	10702
10719	10740
10761	10781
10804	10825
10848	10868
10894	10916
10942	10963
10989	11010
11040	11066
11096	11127
11161	11195
11228	11260
11294	11327
11358	11389
11423	11457
11490	11523
11554	11576
11582	11550
11456	11258
10923	10416
9754	8994
8229	7576
7136	6951
7001	7217
7510	7805
8050	8226
8332	8373
8355	8270
8118	7900
7642	7402
7260	7315
7624	8201
8996	9906
10813	11618
12261	12730
13046	13253
13382	13468
13529	13580
13624	13665
13705	13741
13778	13813
13849	13877
13898	13900
13870	13798
13664	13442
13113	12658
12064	11336
10490	9560
8584	7616
6694	5861
5141	4546
4082	3739
3501	3344
3251	3202
3184	3185
3201	3223
3247	3268
3283	3288
3292	3292
3293	3296
3301	3310
3320	3335
3348	3364
3379	3392
3402	3412
3417	3419
3418	3418
3417	3424
3431	3444
3462	3483
3509	3544
3592	3661
3767	3920
4134	4420
4785	5225
5743	6325
6950	7601
8237	8826
9324	9708
9963	10100
10143	10132
10106	10109
10166	10282
10457	10672
10900	11121
11312	11463
11568	11638
11674	11691
11701	11708
11703	11687
11641	11554
11429	11266
11073	10882
10723	10641
10684	10884
11261	11799
12455	13159
13851	14468
14982	15376
15661	15854
15982	16062
16112	16141
16160	16171
16181	16192
16205	16221
16238	16255
16267	16278
16283	16290
16291	16293
16294	16294
16294	16294
16294	16294
16294	16294
16294	16294
16294	16294
16294	16294
16294	16294
16294	16294
16294	16294
16294	16294
16294	16294
16294	16294
16294	16294
16294	16294
16294	16294
16294	16294
16294	16294
16294	16294
16294	16294
16294	16294
16294	16294
16294	16294
16294	16294
16294	16294
16294	16294
16294	16294
16294	16294
16294	16294
16294	16294
16294	16294
16294	16294
16294	16294
16294	16294
16294	16294
16294	16294
16294	16294
16294	16294
16294	16294
16294	16294
16294	16294
16294	16294
16294	16294
16294	16294
16294	16294
16294	16294
16294	16294
16294	16294
16294	16294
16294	16294
16294	16294
16294	16294
16294	16294
16294	16294
16294	16294
16294	16294
16294	16294
16294	16294
16294	16294
16294	16294
16294	16294
16294	16294
16294	16294
16294	16294
16294	16294
16294	16294
16294	16294
16294	16294
16294	16294
16294	16294
16294	16294
16294	16294
16294	16294
16293	16291
16291	16288
16286	16283
16278	16269
16262	16253
16242	16232
16218	16202
16183	16161
16135	16094
16032	15927
15763	15523
15179	14719
14140	13446
12662	11825
10997	10235
9593	9108
8784	8607
8540	8539
8564	8578
8574	8534
8469	8383
8291	8198
8115	8042
7975	7901
7806	7682
7530	7354
7174	7013
6900	6863
6915	7074
7329	7670
8067	8491
8914	9308
9657	9951
10185	10365
10496	10584
10641	10671
10686	10688
10689	10684
10681	10679
10679	10677
10678	10679
10679	10683
10688	10696
10706	10721
10737	10755
10775	10796
10817	10840
10860	10882
10905	10930
10952	10977
10998	11024
11046	11074
11101	11131
11162	11193
11226	11258
11290	11322
11354	11387
11420	11454
11489	11527
11557	11579
11584	11552
11457	11262
10927	10425
9768	9002
8228	7558
7084	6855
6857	7020
7269	7529
7749	7909
8007	8049
8031	7959
7820	7626
7401	7205
7116	7218
7574	8183
8997	9918
10824	11626
12261	12727
13040	13239
13367	13452
13514	13564
13608	13648
13685	13718
13753	13792
13827	13866
13901	13924
13929	13905
13833	13697
13471	13138
12677	12079
11350	10506
9578	8610
7642	6718
5877	5149
4545	4073
3726	3486
3330	3242
3197	3187
3197	3219
3244	3266
3280	3287
3290	3291
3292	3292
3301	3309
3319	3334
3347	3362
3373	3386
3398	3405
3409	3412
3413	3416
3420	3425
3437	3452
3476	3504
3549	3606
3695	3818
3993	4231
4544	4938
5413	5957
6553	7185
7819	8426
8973	9426
9769	9991
10105	10130
10115	10092
10101	10161
10279	10451
10662	10887
11108	11299
11455	11568
11640	11678
11696	11701
11703	11702
11692	11658
11591	11481
11328	11145
10947	10773
10663	10658
10802	11115
11592	12210
12902	13612
14268	14828
15268	15590
15812	15955
16045	16099
16131	16150
16163	16171
16181	16189
16200	16218
16232	16250
16265	16275
16282	16289
16291	16292
16293	16294
16294	16294
16294	16294
16294	16294
16294	16294
16294	16294
16294	16294
16294	16294
16294	16294
16294	16294
16294	16294
16294	16294
16294	16294
16294	16294
16294	16294
16294	16294
16294	16294
16294	16294
16294	16294
16294	16294
16294	16294
16294	16294
16294	16294
16294	16294
16294	16294
16294	16294
16294	16294
16294	16294
16294	16294
16294	16294
16294	16294
16294	16294
16294	16294
16294	16294
16294	16294
16294	16294
16294	16294
16294	16294
16294	16294
16294	16294
16294	16294
16294	16294
16294	16294
16294	16294
16294	16294
16294	16294
16294	16294
16294	16294
16294	16294
16294	16294
16294	16294
16294	16294
16294	16294
16294	16294
16294	16294
16294	16294
16294	16294
16294	16294
16294	16294
16294	16294
16294	16294
16294	16294
16294	16294
16294	16294
16294	16294
16294	16294
16294	16294
16294	16294
16294	16294
16294	16294
16294	16294
16294	16294
16294	16294
16293	16291
16291	16288
16286	16283
16279	16270
16262	16256
16247	16235
16224	16210
16195	16178
16157	16130
16083	16008
15893	15717
15458	15100
14622	14016
13289	12467
11608	10767
10019	9413
8981	8713
8589	8557
8576	8602
8610	8588
8538	8463
8378	8292
8215	8146
8083	8017
7939	7832
7694	7530
7353	7176
7026	6924
6895	6958
7118	7370
7699	8083
8493	8904
9291	9637
9932	10170
10359	10496
10593	10650
10685	10698
10706	10708
10706	10706
10705	10705
10705	10706
10707	10709
10712	10720
10728	10743
10756	10773
10793	10812
10830	10854
10874	10897
10920	10943
10966	10990
11011	11034
11058	11083
11108	11134
11166	11194
11226	11257
11289	11322
11354	11386
11421	11456
11492	11527
11560	11586
11590	11562
11469	11279
10951	10459
9809	9050
8269	7576
7063	6785
6723	6827
7019	7236
7428	7568
7658	7698
7687	7621
7504	7345
7165	7028
7000	7163
7563	8207
9037	9959
10858	11648
12273	12726
13035	13233
13357	13440
13501	13551
13595	13631
13668	13701
13731	13769
13810	13852
13898	13937
13963	13970
13942	13866
13726	13497
13154	12690
12092	11366
10527	9605
8635	7663
6733	5879
5140	4528
4053	3707
3470	3321
3241	3206
3202	3213
3236	3256
3270	3279
3285	3288
3291	3292
3300	3309
3319	3333
3347	3362
3371	3384
3393	3401
3403	3406
3409	3413
3421	3433
3451	3477
3509	3558
3625	3726
3870	4066
4330	4674
5103	5608
6183	6805
7449	8081
8663	9169
9576	9870
10045	10125
10134	10106
10082	10092
10156	10279
10452	10664
10887	11102
11294	11450
11565	11643
11685	11705
11706	11702
11697	11686
11661	11611
11522	11390
11225	11041
10867	10744
10712	10811
11067	11481
12038	12695
13388	14059
14650	15133
15499	15753
15920	16021
16081	16119
16141	16155
16162	16170
16175	16183
16193	16209
16225	16244
16261	16272
16281	16287
16291	16292
16293	16294
16294	16294
16294	16294
16294	16294
16294	16294
16294	16294
16294	16294
16294	16294
16294	16294
16294	16294
16294	16294
16294	16294
16294	16294
16294	16294
16294	16294
16294	16294
16294	16294
16294	16294
16294	16294
16294	16294
16294	16294
16294	16294
16294	16294
16294	16294
16294	16294
16294	16294
16294	16294
16294	16294
16294	16294
16294	16294
16294	16294
16294	16294
16294	16294
16294	16294
16294	16294
16294	16294
16294	16294
16294	16294
16294	16294
16294	16294
16294	16294
16294	16294
16294	16294
16294	16294
16294	16294
16294	16294
16294	16294
16294	16294
16294	16294
16294	16294
16294	16294
16294	16294
16294	16294
16294	16294
16294	16294
16294	16294
16294	16294
16294	16294
16294	16294
16294	16294
16294	16294
16294	16294
16294	16294
16294	16294
16294	16294
16294	16294
16294	16294
16294	16294
16294	16294
16294	16294
16294	16294
16294	16294
16294	16294
16293	16291
16291	16288
16285	16282
16277	16269
16262	16255
16244	16235
16224	16213
16202	16189
16172	16148
16115	16060
15975	15851
15662	15388
15010	14499
13853	13082
12232	11355
10532	9823
9277	8908
8701	8619
8607	8628
8644	8637
8600	8540
8466	8384
8310	8244
8185	8124
8050	7958
7839	7701
7537	7368
7203	7069
6980	6959
7022	7172
7410	7718
8083	8471
8868	9245
9593	9893
10141	10337
10485	10584
10649	10689
10708	10718
10725	10726
10728	10729
10732	10733
10734	10735
10740	10744
10754	10763
10777	10792
10810	10827
10847	10867
10889	10909
10935	10958
10981	11003
11024	11047
11069	11090
11117	11141
11170	11198
11227	11257
11290	11322
11355	11387
11421	11457
11492	11531
11563	11589
11599	11573
11488	11308
10995	10522
9891	9144
8369	7665
7121	6785
6659	6696
6833	6999
7156	7279
7361	7398
7391	7343
7251	7129
7006	6931
6969	7193
7641	8308
9141	10050
10928	11694
12300	12737
13033	13223
13345	13427
13484	13537
13582	13618
13652	13686
13717	13755
13796	13842
13893	13940
13983	14009
14010	13977
13895	13749
13514	13171
12707	12115
11391	10557
9634	8656
7673	6728
5864	5114
4503	4031
3691	3462
3323	3247
3217	3214
3224	3242
3257	3269
3275	3281
3285	3290
3297	3307
3319	3331
3346	3357
3371	3382
3391	3395
3398	3401
3406	3415
3429	3451
3481	3522
3578	3658
3769	3930
4146	4439
4811	5268
5806	6414
7061	7718
8350	8920
9397	9761
10008	10143
10182	10161
10117	10081
10087	10154
10282	10461
10671	10894
11106	11296
11453	11570
11653	11697
11718	11718
11708	11697
11681	11658
11616	11545
11437	11292
11132	10974
10857	10819
10897	11112
11477	11974
12581	13235
13892	14488
14997	15391
15677	15868
15991	16062
16103	16128
16142	16153
16161	16165
16170	16176
16185	16200
16216	16234
16254	16268
16278	16284
16291	16291
16293	16294
16294	16294
16294	16294
16294	16294
16294	16294
16294	16294
16294	16294
16294	16294
16294	16294
16294	16294
16294	16294
16294	16294
16294	16294
16294	16294
16294	16294
16294	16294
16294	16294
16294	16294
16294	16294
16294	16294
16294	16294
16294	16294
16294	16294
16294	16294
16294	16294
16294	16294
16294	16294
16294	16294
16294	16294
16294	16294
16294	16294
16294	16294
16294	16294
16294	16294
16294	16294
16294	16294
16294	16294
16294	16294
16294	16294
16294	16294
16294	16294
16294	16294
16294	16294
16294	16294
16294	16294
16294	16294
16294	16294
16294	16294
16294	16294
16294	16294
16294	16294
16294	16294
16294	16294
16294	16294
16294	16294
16294	16294
16294	16294
16294	16294
16294	16294
16294	16294
16294	16294
16294	16294
16294	16294
16294	16294
16294	16294
16294	16294
16294	16294
16294	16294
16294	16294
16294	16294
16294	16294
16294	16294
16294	16294
16293	16291
16290	16288
16285	16281
16273	16267
16257	16251
16239	16232
16222	16213
16203	16193
16180	16163
16134	16091
16031	15939
15803	15600
15308	14895
14345	13655
12854	11985
11124	10340
9693	9214
8906	8742
8681	8673
8679	8678
8655	8608
8544	8473
8403	8339
8276	8214
8145	8063
7964	7847
7711	7561
7406	7261
7137	7056
7032	7085
7216	7428
7711	8044
8415	8804
9181	9529
9840	10100
10307	10461
10568	10638
10683	10710
10726	10739
10746	10752
10755	10758
10760	10761
10763	10769
10776	10788
10799	10814
10830	10846
10864	10883
10902	10923
10948	10970
10994	11016
11038	11059
11081	11100
11123	11147
11174	11200
11228	11258
11291	11322
11355	11387
11421	11456
11494	11532
11569	11594
11608	11589
11512	11346
11057	10618
10021	9311
8558	7856
7297	6925
6747	6720
6798	6916
7040	7141
7208	7245
7247	7210
7150	7070
7003	6992
7098	7372
7851	8525
9341	10216
11051	11774
12345	12760
13037	13220
13335	13416
13474	13525
13566	13604
13637	13671
13703	13742
13784	13833
13886	13942
13989	14026
14045	14041
14004	13917
13765	13529
13188	12727
12138	11418
10579	9648
8659	7662
6705	5835
5087	4482
4014	3684
3462	3328
3257	3228
3221	3228
3241	3255
3262	3273
3279	3287
3297	3306
3318	3331
3345	3357
3370	3381
3390	3392
3395	3401
3408	3423
3449	3488
3540	3612
3706	3834
4012	4248
4560	4958
5441	6006
6635	7303
7973	8610
9172	9628
9959	10167
10260	10266
10218	10150
10104	10101
10163	10290
10469	10681
10904	11118
11307	11463
11582	11664
11713	11736
11736	11723
11704	11681
11652	11611
11552	11461
11343	11204
11069	10969
10939	11013
11212	11544
12001	12558
13169	13790
14371	14879
15290	15597
15813	15953
16037	16086
16115	16133
16146	16152
16158	16162
16162	16167
16175	16185
16204	16224
16244	16263
16274	16282
16289	16291
16292	16293
16294	16294
16294	16294
16294	16294
16294	16294
16294	16294
16294	16294
16294	16294
16294	16294
16294	16294
16294	16294
16294	16294
16294	16294
16294	16294
16294	16294
16294	16294
16294	16294
16294	16294
16294	16294
16294	16294
16294	16294
16294	16294
16294	16294
16294	16294
16294	16294
16294	16294
16294	16294
16294	16294
16294	16294
16294	16294
16294	16294
16294	16294
16294	16294
16294	16294
16294	16294
16294	16294
16294	16294
16294	16294
16294	16294
16294	16294
16294	16294
16294	16294
16294	16294
16294	16294
16294	16294
16294	16294
16294	16294
16294	16294
16294	16294
16294	16294
16294	16294
16294	16294
16294	16294
16294	16294
16294	16294
16294	16294
16294	16294
16294	16294
16294	16294
16294	16294
16294	16294
16294	16294
16294	16294
16294	16294
16294	16294
16294	16294
16294	16294
16294	16294
16294	16294
16294	16294
16294	16294
16294	16294
16294	16293
16292	16291
16289	16285
16283	16277
16267	16261
16253	16244
16234	16228
16218	16210
16205	16197
16186	16170
16147	16114
16066	16000
15903	15755
15537	15211
14762	14170
13451	12632
11776	10953
10225	9643
9226	8959
8817	8752
8729	8716
8700	8663
8615	8555
8490	8424
8362	8296
8227	8151
8067	7969
7860	7738
7606	7467
7331	7215
7131	7097
7126	7230
7413	7668
7984	8341
8721	9100
9456	9774
10044	10257
10419	10536
10618	10674
10712	10740
10760	10775
10781	10785
10788	10789
10794	10796
10804	10811
10823	10836
10849	10865
10879	10897
10918	10938
10961	10986
11010	11033
11055	11074
11095	11113
11133	11156
11180	11205
11233	11264
11294	11324
11357	11392
11424	11458
11499	11536
11572	11602
11618	11605
11541	11398
11139	10741
10201	9548
8845	8182
7630	7242
7026	6957
6985	7064
7154	7232
7293	7325
7332	7317
7285	7249
7234	7281
7437	7743
8231	8884
9657	10467
11236	11898
12420	12797
13053	13220
13329	13405
13464	13512
13554	13595
13628	13661
13695	13731
13776	13824
13879	13934
13986	14029
14060	14073
14064	14022
13933	13781
13549	13208
12750	12163
11439	10593
9647	8645
7637	6674
5803	5061
4461	4007
3682	3467
3335	3263
3231	3225
3229	3241
3252	3264
3275	3284
3293	3304
3315	3329
3340	3353
3365	3376
3385	3392
3397	3406
3419	3445
3491	3557
3646	3762
3915	4115
4378	4715
5131	5633
6217	6859
7538	8212
8844	9397
9834	10143
10319	10384
10362	10292
10210	10151
10143	10198
10313	10488
10697	10918
11128	11317
11473	11594
11680	11731
11756	11757
11745	11718
11688	11651
11605	11547
11468	11365
11253	11142
11060	11044
11127	11326
11648	12081
12604	13181
13765	14316
14811	15217
15532	15762
15917	16015
16072	16108
16125	16140
16149	16158
16161	16159
16159	16159
16164	16175
16193	16214
16237	16258
16272	16281
16287	16291
16292	16293
16294	16294
16294	16294
16294	16294
16294	16294
16294	16294
16294	16294
16294	16294
16294	16294
16294	16294
16294	16294
16294	16294
16294	16294
16294	16294
16294	16294
16294	16294
16294	16294
16294	16294
16294	16294
16294	16294
16294	16294
16294	16294
16294	16294
16294	16294
16294	16294
16294	16294
16294	16294
16294	16294
16294	16294
16294	16294
16294	16294
16294	16294
16294	16294
16294	16294
16294	16294
16294	16294
16294	16294
16294	16294
16294	16294
16294	16294
16294	16294
16294	16294
16294	16294
16294	16294
16294	16294
16294	16294
16294	16294
16294	16294
16294	16294
16294	16294
16294	16294
16294	16294
16294	16294
16294	16294
16294	16294
16294	16294
16294	16294
16294	16294
16294	16294
16294	16294
16294	16294
16294	16294
16294	16294
16294	16294
16294	16294
16294	16294
16294	16294
16294	16294
16294	16294
16294	16294
16294	16294
16294	16294
16294	16293
16291	16291
16288	16285
16280	16273
16265	16256
16247	16240
16231	16225
16215	16210
16205	16200
16192	16180
16162	16134
16097	16046
15978	15870
15711	15464
15111	14625
14008	13274
12466	11642
10871	10203
9675	9292
9042	8893
8813	8771
8740	8712
8674	8626
8567	8508
8442	8377
8306	8234
8155	8076
7989	7892
7784	7665
7535	7406
7283	7186
7135	7139
7216	7376
7609	7910
8260	8634
9017	9378
9699	9976
10197	10367
10498	10592
10663	10717
10754	10781
10800	10808
10812	10815
10817	10821
10828	10836
10846	10859
10871	10882
10899	10913
10933	10955
10978	11003
11028	11051
11073	11092
11111	11128
11147	11166
11189	11214
11239	11266
11299	11329
11359	11393
11425	11463
11500	11538
11574	11608
11628	11620
11570	11450
11231	10890
10422	9851
9229	8630
8123	7751
7529	7433
7429	7476
7539	7601
7648	7681
7694	7693
7687	7690
7719	7810
7994	8313
8780	9383
10077	10796
11476	12056
12517	12848
13077	13226
13325	13397
13453	13500
13545	13583
13618	13652
13686	13723
13765	13811
13863	13918
13971	14016
14054	14082
14092	14082
14038	13949
13799	13566
13231	12773
12180	11449
10589	9630
8617	7600
6640	5773
5038	4447
4001	3682
3467	3337
3265	3233
3227	3233
3245	3257
3270	3281
3290	3304
3313	3326
3337	3350
3360	3372
3381	3393
3403	3419
3448	3497
3571	3679
3822	4006
4244	4538
4903	5341
5860	6448
7096	7767
8433	9053
9587	10006
10295	10449
10489	10449
10365	10278
10218	10209
10253	10364
10526	10724
10935	11144
11328	11483
11603	11693
11747	11777
11780	11766
11737	11700
11656	11602
11538	11461
11374	11276
11186	11125
11128	11220
11425	11744
12172	12679
13232	13791
14320	14790
15186	15497
15728	15891
15998	16062
16101	16126
16142	16153
16161	16167
16168	16165
16158	16155
16156	16166
16185	16206
16232	16253
16269	16279
16287	16290
16292	16293
16294	16294
16294	16294
16294	16294
16294	16294
16294	16294
16294	16294
16294	16294
16294	16294
16294	16294
16294	16294
16294	16294
16294	16294
16294	16294
16294	16294
16294	16294
16294	16294
16294	16294
16294	16294
16294	16294
16294	16294
16294	16294
16294	16294
16294	16294
16294	16294
16294	16294
16294	16294
16294	16294
16294	16294
16294	16294
16294	16294
16294	16294
16294	16294
16294	16294
16294	16294
16294	16294
16294	16294
16294	16294
16294	16294
16294	16294
16294	16294
16294	16294
16294	16294
16294	16294
16294	16294
16294	16294
16294	16294
16294	16294
16294	16294
16294	16294
16294	16294
16294	16294
16294	16294
16294	16294
16294	16294
16294	16294
16294	16294
16294	16294
16294	16294
16294	16294
16294	16294
16294	16294
16294	16294
16294	16294
16294	16294
16294	16294
16294	16294
16294	16294
16294	16294
16294	16294
16294	16294
16294	16294
16294	16293
16291	16291
16288	16285
16279	16271
16262	16253
16247	16237
16230	16224
16217	16211
16208	16206
16198	16191
16176	16155
16126	16088
16035	15962
15846	15665
15396	15017
14511	13878
13153	12371
11591	10869
10247	9744
9374	9117
8951	8851
8791	8751
8718	8683
8636	8583
8523	8455
8384	8313
8239	8170
8095	8020
7934	7838
7723	7598
7463	7330
7221	7146
7132	7189
7324	7543
7834	8176
8546	8927
9285	9610
9888	10119
10305	10454
10569	10658
10726	10773
10805	10823
10835	10838
10843	10847
10853	10862
10873	10882
10893	10905
10917	10931
10951	10972
10998	11022
11050	11073
11094	11114
11131	11147
11162	11179
11202	11226
11249	11277
11306	11337
11365	11399
11433	11468
11503	11543
11580	11613
11635	11635
11598	11505
11332	11055
10674	10203
9685	9179
8743	8416
8207	8109
8091	8119
8167	8214
8256	8286
8306	8320
8334	8366
8424	8537
8732	9033
9451	9980
10572	11183
11753	12242
12625	12906
13099	13230
13320	13386
13439	13487
13532	13571
13608	13642
13677	13712
13754	13800
13846	13898
13948	13995
14038	14072
14097	14108
14094	14052
13964	13816
13584	13250
12789	12187
11442	10571
9601	8582
7564	6605
5748	5022
4438	3994
3677	3468
3338	3269
3240	3235
3240	3253
3266	3279
3288	3299
3311	3323
3331	3343
3355	3364
3379	3397
3418	3455
3509	3596
3718	3886
4108	4383
4719	5122
5590	6127
6724	7359
8014	8653
9244	9749
10141	10406
10541	10567
10515	10429
10339	10285
10277	10329
10436	10588
10776	10974
11167	11342
11493	11612
11701	11760
11790	11798
11784	11758
11716	11665
11603	11533
11452	11366
11280	11207
11167	11190
11291	11502
11824	12252
12750	13296
13839	14353
14807	15188
15490	15718
15881	15988
16059	16104
16129	16148
16159	16170
16176	16179
16178	16172
16162	16156
16155	16164
16181	16204
16230	16252
16268	16278
16286	16290
16292	16293
16294	16294
16294	16294
16294	16294
16294	16294
16294	16294
16294	16294
16294	16294
16294	16294
16294	16294
16294	16294
16294	16294
16294	16294
16294	16294
16294	16294
16294	16294
16294	16294
16294	16294
16294	16294
16294	16294
16294	16294
16294	16294
16294	16294
16294	16294
16294	16294
16294	16294
16294	16294
16294	16294
16294	16294
16294	16294
16294	16294
16294	16294
16294	16294
16294	16294
16294	16294
16294	16294
16294	16294
16294	16294
16294	16294
16294	16294
16294	16294
16294	16294
16294	16294
16294	16294
16294	16294
16294	16294
16294	16294
16294	16294
16294	16294
16294	16294
16294	16294
16294	16294
16294	16294
16294	16294
16294	16294
16294	16294
16294	16294
16294	16294
16294	16294
16294	16294
16294	16294
16294	16294
16294	16294
16294	16294
16294	16294
16294	16294
16294	16294
16294	16294
16294	16294
16294	16294
16294	16294
16294	16294
16294	16293
16291	16290
16288	16284
16278	16270
16262	16254
16247	16238
16234	16229
16221	16217
16216	16213
16209	16207
16196	16179
16155	16127
16086	16033
15949	15824
15628	15341
14943	14429
13802	13101
12352	11610
10921	10318
9821	9441
9167	8982
8867	8797
8752	8720
8687	8647
8593	8530
8463	8390
8319	8251
8188	8126
8061	7983
7888	7776
7645	7499
7358	7235
7144	7114
7157	7281
7489	7767
8098	8457
8826	9179
9501	9787
10032	10240
10411	10552
10660	10739
10794	10829
10849	10863
10868	10874
10879	10889
10898	10909
10917	10928
10940	10955
10973	10997
11023	11049
11075	11099
11121	11138
11154	11167
11180	11197
11217	11237
11263	11286
11317	11346
11377	11405
11438	11473
11510	11544
11582	11616
11641	11647
11627	11560
11432	11226
10937	10573
10173	9775
9427	9164
8993	8910
8891	8912
8949	8993
9030	9060
9086	9110
9140	9187
9259	9378
9560	9825
10180	10614
11093	11584
12042	12434
12738	12967
13125	13237
13314	13378
13428	13476
13518	13561
13596	13632
13667	13702
13740	13783
13825	13871
13919	13969
14012	14053
14087	14111
14117	14105
14063	13977
13831	13602
13263	12796
12181	11427
10539	9565
8545	7533
6580	5730
5008	4429
3990	3678
3467	3344
3280	3253
3248	3253
3265	3279
3290	3298
3311	3320
3329	3338
3351	3364
3381	3411
3458	3525
3626	3768
3962	4216
4535	4913
5361	5866
6429	7028
7656	8284
8887	9427
9888	10241
10477	10592
10608	10552
10465	10381
10335	10340
10403	10517
10670	10843
11028	11206
11370	11509
11622	11708
11766	11799
11812	11800
11773	11729
11673	11602
11522	11437
11349	11265
11207	11182
11223	11344
11563	11887
12311	12809
13348	13889
14394	14839
15211	15505
15728	15888
15997	16068
16114	16142
16161	16173
16184	16190
16197	16198
16194	16184
16174	16165
16164	16171
16188	16207
16232	16252
16269	16279
16287	16290
16292	16293
16294	16294
16294	16294
16294	16294
16294	16294
16294	16294
16294	16294
16294	16294
16294	16294
16294	16294
16294	16294
16294	16294
16294	16294
16294	16294
16294	16294
16294	16294
16294	16294
16294	16294
16294	16294
16294	16294
16294	16294
16294	16294
16294	16294
16294	16294
16294	16294
16294	16294
16294	16294
16294	16294
16294	16294
16294	16294
16294	16294
16294	16294
16294	16294
16294	16294
16294	16294
16294	16294
16294	16294
16294	16294
16294	16294
16294	16294
16294	16294
16294	16294
16294	16294
16294	16294
16294	16294
16294	16294
16294	16294
16294	16294
16294	16294
16294	16294
16294	16294
16294	16294
16294	16294
16294	16294
16294	16294
16294	16294
16294	16294
16294	16294
16294	16294
16294	16294
16294	16294
16294	16294
16294	16294
16294	16294
16294	16294
16294	16294
16294	16294
16294	16294
16294	16294
16294	16294
16294	16294
16294	16294
16294	16293
16291	16291
16288	16285
16279	16274
16265	16256
16251	16245
16241	16235
16233	16228
16226	16226
16226	16221
16215	16202
16183	16159
16130	16089
16029	15941
15804	15599
15302	14899
14392	13783
13101	12380
11663	10986
10385	9878
9480	9186
8986	8860
8789	8749
8720	8693
8651	8599
8534	8466
8396	8331
8270	8215
8161	8099
8023	7930
7813	7677
7527	7375
7241	7145
7107	7138
7253	7445
7706	8018
8358	8708
9055	9381
9680	9946
10179	10378
10538	10662
10750	10810
10849	10868
10884	10894
10901	10911
10920	10930
10939	10950
10964	10978
10998	11024
11049	11079
11105	11128
11147	11163
11175	11189
11200	11218
11235	11255
11278	11304
11330	11358
11385	11417
11445	11480
11515	11550
11585	11620
11645	11658
11650	11611
11528	11384
11184	10925
10639	10353
10098	9906
9784	9727
9719	9740
9776	9814
9849	9881
9911	9942
9980	10035
10111	10223
10382	10600
10884	11219
11590	11963
12310	12608
12845	13023
13149	13241
13310	13368
13420	13465
13509	13549
13588	13623
13659	13693
13726	13765
13803	13846
13890	13938
13983	14027
14066	14099
14120	14129
14118	14078
13994	13851
13620	13273
12793	12167
11402	10510
9532	8514
7507	6561
5715	4997
4421	3987
3678	3475
3357	3296
3270	3265
3272	3281
3291	3300
3312	3322
3327	3339
3352	3371
3408	3460
3543	3662
3828	4048
4337	4692
5120	5609
6154	6742
7355	7972
8569	9127
9615	10017
10321	10515
10605	10612
10558	10481
10406	10374
10395	10468
10593	10750
10921	11096
11262	11411
11536	11640
11716	11775
11805	11820
11812	11786
11740	11677
11600	11509
11412	11315
11231	11174
11165	11222
11366	11601
11936	12358
12853	13386
13923	14428
14870	15239
15529	15748
15905	16013
16084	16130
16159	16178
16189	16199
16208	16216
16217	16216
16212	16201
16190	16182
16176	16185
16199	16217
16238	16257
16271	16281
16287	16291
16292	16293
16294	16294
16294	16294
16294	16294
16294	16294
16294	16294
16294	16294
16294	16294
16294	16294
16294	16294
16294	16294
16294	16294
16294	16294
16294	16294
16294	16294
16294	16294
16294	16294
16294	16294
16294	16294
16294	16294
16294	16294
16294	16294
16294	16294
16294	16294
16294	16294
16294	16294
16294	16294
16294	16294
16294	16294
16294	16294
16294	16294
16294	16294
16294	16294
16294	16294
16294	16294
16294	16294
16294	16294
16294	16294
16294	16294
16294	16294
16294	16294
16294	16294
16294	16294
16294	16294
16294	16294
16294	16294
16294	16294
16294	16294
16294	16294
16294	16294
16294	16294
16294	16294
16294	16294
16294	16294
16294	16294
16294	16294
16294	16294
16294	16294
16294	16294
16294	16294
16294	16294
16294	16294
16294	16294
16294	16294
16294	16294
16294	16294
16294	16294
16294	16294
16294	16294
16294	16294
16294	16294
16294	16294
16294	16293
16291	16291
16288	16285
16282	16276
16269	16262
16257	16252
16249	16246
16243	16242
16240	16239
16238	16237
16233	16223
16207	16189
16165	16134
16092	16030
15936	15793
15584	15284
14887	14387
13796	13132
12426	11716
11036	10421
9897	9480
9172	8963
8836	8769
8735	8715
8691	8653
8599	8535
8468	8403
8344	8292
8242	8192
8131	8057
7961	7840
7700	7547
7391	7252
7154	7112
7137	7238
7407	7641
7927	8241
8578	8920
9254	9570
9864	10122
10343	10518
10655	10752
10816	10859
10884	10903
10917	10928
10940	10948
10960	10974
10985	11003
11025	11055
11083	11113
11140	11161
11179	11191
11202	11212
11225	11239
11256	11274
11295	11320
11347	11371
11400	11428
11457	11491
11521	11555
11588	11621
11648	11668
11671	11656
11610	11524
11396	11233
11044	10858
10692	10572
10497	10467
10471	10498
10533	10570
10605	10639
10672	10708
10750	10805
10877	10978
11106	11276
11488	11737
12011	12283
12534	12757
12931	13065
13169	13245
13306	13358
13408	13454
13498	13541
13578	13612
13648	13682
13715	13747
13786	13821
13863	13907
13954	13999
14042	14080
14112	14131
14139	14129
14094	14012
13867	13629
13272	12784
12149	11377
10486	9511
8498	7494
6550	5708
4993	4420
3991	3686
3491	3376
3319	3294
3290	3292
3303	3311
3321	3329
3343	3357
3379	3414
3475	3568
3706	3898
4154	4475
4872	5338
5870	6448
7058	7680
8288	8857
9365	9798
10137	10381
10529	10593
10587	10538
10468	10418
10399	10435
10520	10654
10815	10990
11162	11317
11455	11573
11664	11732
11783	11815
11827	11821
11796	11749
11682	11595
11493	11382
11272	11179
11120	11117
11190	11351
11610	11962
12397	12887
13417	13950
14449	14890
15259	15550
15769	15923
16032	16101
16148	16177
16200	16209
16220	16226
16231	16235
16237	16234
16228	16220
16211	16201
16202	16206
16215	16231
16248	16264
16276	16282
16288	16291
16292	16293
16294	16294
16294	16294
16294	16294
16294	16294
16294	16294
16294	16294
16294	16294
16294	16294
16294	16294
16294	16294
16294	16294
16294	16294
16294	16294
16294	16294
16294	16294
16294	16294
16294	16294
16294	16294
16294	16294
16294	16294
16294	16294
16294	16294
16294	16294
16294	16294
16294	16294
16294	16294
16294	16294
16294	16294
16294	16294
16294	16294
16294	16294
16294	16294
16294	16294
16294	16294
16294	16294
16294	16294
16294	16294
16294	16294
16294	16294
16294	16294
16294	16294
16294	16294
16294	16294
16294	16294
16294	16294
16294	16294
16294	16294
16294	16294
16294	16294
16294	16294
16294	16294
16294	16294
16294	16294
16294	16294
16294	16294
16294	16294
16294	16294
16294	16294
16294	16294
16294	16294
16294	16294
16294	16294
16294	16294
16294	16294
16294	16294
16294	16294
16294	16294
16294	16294
16294	16294
16294	16294
16294	16294
16294	16294
16293	16291
16290	16286
16284	16280
16275	16268
16264	16261
16259	16257
16255	16255
16254	16253
16253	16252
16249	16242
16230	16212
16192	16165
16135	16093
16028	15935
15790	15579
15284	14894
14406	13825
13169	12464
11746	11050
10417	9874
9444	9128
8922	8802
8746	8722
8704	8682
8642	8593
8531	8470
8411	8361
8313	8268
8219	8159
8081	7984
7862	7720
7565	7412
7275	7178
7132	7147
7228	7371
7575	7827
8121	8445
8786	9130
9467	9778
10056	10293
10485	10632
10738	10810
10859	10890
10915	10933
10947	10962
10976	10992
11010	11032
11061	11089
11120	11149
11175	11193
11207	11218
11225	11234
11246	11258
11275	11293
11315	11341
11365	11390
11416	11445
11473	11501
11534	11564
11597	11626
11654	11678
11691	11693
11677	11636
11566	11476
11368	11263
11169	11103
11067	11060
11079	11110
11147	11185
11222	11258
11291	11332
11377	11431
11494	11576
11679	11810
11964	12143
12334	12525
12708	12866
12995	13098
13181	13243
13301	13351
13398	13444
13488	13530
13569	13605
13639	13673
13705	13736
13769	13804
13841	13885
13928	13976
14019	14060
14092	14121
14142	14154
14147	14115
14031	13877
13629	13266
12767	12132
11358	10471
9498	8489
7486	6546
5702	4993
4425	4004
3707	3518
3409	3352
3326	3318
3320	3329
3340	3354
3376	3404
3449	3517
3622	3776
3990	4274
4636	5072
5578	6139
6747	7371
7995	8588
9126	9590
9964	10239
10424	10522
10555	10537
10491	10444
10413	10417
10469	10568
10707	10872
11047	11216
11368	11500
11607	11692
11755	11797
11825	11835
11830	11808
11760	11693
11599	11484
11357	11231
11118	11047
11039	11117
11297	11576
11953	12408
12914	13446
13971	14467
14906	15272
15565	15783
15940	16047
16117	16166
16193	16216
16226	16237
16243	16249
16251	16253
16254	16253
16247	16239
16233	16225
16223	16226
16234	16245
16259	16271
16280	16284
16291	16291
16293	16294
16294	16294
16294	16294
16294	16294
16294	16294
16294	16294
16294	16294
16294	16294
16294	16294
16294	16294
16294	16294
16294	16294
16294	16294
16294	16294
16294	16294
16294	16294
16294	16294
16294	16294
16294	16294
16294	16294
16294	16294
16294	16294
16294	16294
16294	16294
16294	16294
16294	16294
16294	16294
16294	16294
16294	16294
16294	16294
16294	16294
16294	16294
16294	16294
16294	16294
16294	16294
16294	16294
16294	16294
16294	16294
16294	16294
16294	16294
16294	16294
16294	16294
16294	16294
16294	16294
16294	16294
16294	16294
16294	16294
16294	16294
16294	16294
16294	16294
16294	16294
16294	16294
16294	16294
16294	16294
16294	16294
16294	16294
16294	16294
16294	16294
16294	16294
16294	16294
16294	16294
16294	16294
16294	16294
16294	16294
16294	16294
16294	16294
16294	16294
16294	16294
16294	16294
16294	16294
16294	16294
16294	16294
16294	16294
16293	16291
16290	16288
16286	16283
16279	16275
16271	16270
16269	16267
16265	16265
16264	16265
16266	16265
16262	16256
16245	16230
16211	16190
16164	16134
16093	16030
15932	15791
15584	15295
14910	14426
13849	13189
12475	11739
11026	10376
9820	9381
9069	8871
8764	8716
8700	8686
8664	8625
8577	8523
8470	8422
8376	8334
8292	8242
8184	8106
8006	7883
7740	7588
7442	7313
7218	7168
7166	7220
7330	7500
7723	7999
8309	8651
9002	9352
9678	9974
10226	10431
10589	10707
10788	10846
10887	10917
10943	10965
10988	11007
11036	11062
11092	11121
11153	11182
11204	11218
11230	11238
11246	11254
11265	11278
11295	11315
11337	11359
11383	11407
11435	11461
11486	11514
11544	11575
11605	11635
11665	11690
11713	11726
11729	11721
11692	11655
11605	11558
11516	11491
11484	11497
11521	11559
11596	11636
11673	11710
11747	11787
11833	11882
11941	12011
12092	12188
12301	12428
12563	12700
12828	12941
13038	13118
13187	13243
13294	13345
13390	13435
13478	13521
13561	13597
13632	13665
13697	13726
13756	13790
13826	13864
13910	13954
13995	14036
14074	14107
14133	14157
14170	14167
14130	14041
13881	13626
13258	12757
12125	11354
10470	9500
8490	7487
6546	5709
5007	4445
4033	3744
3560	3452
3392	3366
3362	3367
3384	3412
3453	3512
3594	3714
3883	4120
4431	4825
5298	5839
6429	7055
7685	8296
8865	9366
9779	10097
10317	10442
10495	10495
10466	10425
10395	10393
10426	10498
10613	10757
10922	11092
11256	11402
11529	11633
11713	11773
11814	11837
11844	11839
11817	11771
11702	11605
11484	11343
11197	11064
10971	10946
11014	11200
11495	11900
12382	12911
13457	13988
14480	14917
15279	15570
15788	15946
16053	16124
16173	16201
16222	16236
16246	16254
16260	16264
16269	16270
16268	16266
16262	16256
16248	16245
16245	16245
16251	16260
16271	16277
16284	16288
16291	16292
16293	16294
16294	16294
16294	16294
16294	16294
16294	16294
16294	16294
16294	16294
16294	16294
16294	16294
16294	16294
16294	16294
16294	16294
16294	16294
16294	16294
16294	16294
16294	16294
16294	16294
16294	16294
16294	16294
16294	16294
16294	16294
16294	16294
16294	16294
16294	16294
16294	16294
16294	16294
16294	16294
16294	16294
16294	16294
16294	16294
16294	16294
16294	16294
16294	16294
16294	16294
16294	16294
16294	16294
16294	16294
16294	16294
16294	16294
16294	16294
16294	16294
16294	16294
16294	16294
16294	16294
16294	16294
16294	16294
16294	16294
16294	16294
16294	16294
16294	16294
16294	16294
16294	16294
16294	16294
16294	16294
16294	16294
16294	16294
16294	16294
16294	16294
16294	16294
16294	16294
16294	16294
16294	16294
16294	16294
16294	16294
16294	16294
16294	16294
16294	16294
16294	16294
16294	16294
16294	16294
16294	16294
16294	16294
16294	16294
16294	16292
16291	16289
16288	16287
16285	16282
16280	16278
16277	16276
16275	16275
16274	16275
16274	16274
16270	16265
16254	16241
16224	16203
16182	16160
16130	16090
16030	15937
15796	15592
15305	14922
14439	13854
13184	12451
11697	10965
10297	9737
9300	8998
8815	8724
8687	8674
8664	8641
8608	8567
8523	8479
8434	8397
8358	8316
8268	8205
8125	8020
7898	7760
7618	7485
7362	7267
7207	7186
7210	7288
7426	7620
7873	8172
8507	8863
9219	9561
9871	10138
10357	10529
10657	10751
10820	10874
10917	10954
10987	11022
11055	11089
11123	11156
11185	11210
11226	11238
11246	11255
11258	11269
11282	11297
11316	11336
11359	11379
11404	11429
11454	11480
11505	11532
11559	11588
11618	11647
11675	11704
11731	11752
11770	11781
11781	11777
11767	11753
11748	11750
11761	11785
11817	11852
11892	11928
11966	12006
12046	12087
12132	12178
12232	12291
12359	12432
12519	12609
12708	12807
12901	12988
13065	13129
13189	13242
13290	13338
13384	13432
13472	13514
13556	13594
13625	13660
13690	13719
13749	13780
13814	13851
13892	13935
13979	14018
14057	14089
14122	14150
14176	14188
14182	14141
14045	13883
13626	13258
12763	12132
11364	10480
9507	8498
7496	6559
5728	5033
4484	4078
3796	3615
3509	3452
3430	3437
3469	3520
3598	3705
3852	4048
4307	4640
5059	5556
6122	6736
7373	8003
8595	9129
9580	9938
10194	10356
10433	10445
10417	10378
10344	10336
10361	10422
10522	10657
10810	10975
11139	11292
11431	11550
11645	11721
11782	11821
11844	11852
11847	11825
11780	11712
11618	11493
11344	11182
11028	10911
10859	10909
11083	11382
11801	12310
12866	13438
13986	14486
14920	15281
15569	15787
15945	16053
16124	16171
16200	16220
16236	16248
16257	16263
16269	16275
16278	16279
16278	16278
16274	16270
16265	16262
16260	16262
16267	16273
16278	16284
16286	16289
16291	16293
16294	16294
16294	16294
16294	16294
16294	16294
16294	16294
16294	16294
16294	16294
16294	16294
16294	16294
16294	16294
16294	16294
16294	16294
16294	16294
16294	16294
16294	16294
16294	16294
16294	16294
16294	16294
16294	16294
16294	16294
16294	16294
16294	16294
16294	16294
16294	16294
16294	16294
16294	16294
16294	16294
16294	16294
16294	16294
16294	16294
16294	16294
16294	16294
16294	16294
16294	16294
16294	16294
16294	16294
16294	16294
16294	16294
16294	16294
16294	16294
16294	16294
16294	16294
16294	16294
16294	16294
16294	16294
16294	16294
16294	16294
16294	16294
16294	16294
16294	16294
16294	16294
16294	16294
16294	16294
16294	16294
16294	16294
16294	16294
16294	16294
16294	16294
16294	16294
16294	16294
16294	16294
16294	16294
16294	16294
16294	16294
16294	16294
16294	16294
16294	16294
16294	16294
16294	16294
16294	16294
16294	16294
16294	16294
16294	16294
16294	16292
16291	16290
16288	16287
16286	16285
16283	16282
16282	16282
16282	16281
16281	16281
16282	16281
16276	16271
16261	16250
16232	16215
16196	16177
16155	16129
16087	16029
15938	15800
15595	15308
14925	14434
13837	13151
12398	11625
10876	10201
9641	9221
8940	8774
8693	8665
8652	8644
8627	8603
8571	8534
8497	8458
8420	8384
8343	8290
8223	8139
8036	7919
7795	7666
7543	7430
7332	7256
7211	7205
7249	7351
7519	7745
8029	8356
8712	9076
9426	9749
10029	10260
10445	10590
10698	10785
10857	10917
10975	11026
11071	11113
11152	11184
11208	11227
11240	11250
11259	11263
11273	11284
11298	11316
11338	11358
11380	11404
11427	11452
11477	11500
11525	11552
11577	11604
11630	11661
11688	11719
11749	11776
11800	11822
11839	11855
11866	11878
11891	11910
11931	11960
11993	12028
12067	12105
12143	12181
12222	12262
12308	12355
12405	12460
12515	12577
12644	12718
12794	12871
12945	13015
13079	13137
13190	13242
13287	13333
13382	13427
13470	13511
13552	13590
13623	13656
13686	13716
13745	13774
13810	13844
13883	13925
13965	14003
14042	14076
14111	14138
14170	14191
14203	14193
14147	14053
13890	13637
13275	12780
12150	11380
10496	9521
8511	7514
6587	5764
5081	4542
4144	3866
3692	3594
3556	3571
3623	3717
3852	4029
4261	4550
4913	5350
5865	6441
7064	7698
8316	8882
9373	9770
10068	10263
10370	10401
10379	10333
10285	10258
10266	10320
10412	10540
10694	10859
11027	11187
11333	11456
11563	11649
11720	11776
11820	11846
11856	11852
11830	11787
11722	11628
11505	11356
11188	11022
10881	10805
10827	10972
11260	11677
12201	12782
13381	13953
14470	14910
15275	15563
15782	15938
16049	16119
16164	16193
16212	16226
16238	16250
16260	16267
16273	16279
16283	16283
16283	16283
16280	16278
16276	16275
16273	16276
16277	16281
16284	16287
16288	16291
16291	16293
16294	16294
16294	16294
16294	16294
16294	16294
16294	16294
16294	16294
16294	16294
16294	16294
16294	16294
16294	16294
16294	16294
16294	16294
16294	16294
16294	16294
16294	16294
16294	16294
16294	16294
16294	16294
16294	16294
16294	16294
16294	16294
16294	16294
16294	16294
16294	16294
16294	16294
16294	16294
16294	16294
16294	16294
16294	16294
16294	16294
16294	16294
16294	16294
16294	16294
16294	16294
16294	16294
16294	16294
16294	16294
16294	16294
16294	16294
16294	16294
16294	16294
16294	16294
16294	16294
16294	16294
16294	16294
16294	16294
16294	16294
16294	16294
16294	16294
16294	16294
16294	16294
16294	16294
16294	16294
16294	16294
16294	16294
16294	16294
16294	16294
16294	16294
16294	16294
16294	16294
16294	16294
16294	16294
16294	16294
16294	16294
16294	16294
16294	16294
16294	16294
16294	16294
16294	16294
16294	16294
16294	16294
16294	16294
16294	16294
16294	16294
16292	16291
16290	16289
16289	16288
16288	16286
16285	16284
16284	16284
16285	16285
16286	16285
16281	16276
16267	16255
16242	16224
16207	16189
16170	16147
16119	16082
16026	15936
15799	15597
15310	14920
14418	13805
13098	12324
11535	10779
10110	9568
9172	8910
8761	8689
8665	8656
8653	8640
8620	8593
8561	8526
8492	8453
8414	8368
8312	8240
8156	8057
7953	7838
7726	7610
7500	7394
7302	7235
7198	7210
7279	7413
7615	7881
8202	8552
8919	9277
9605	9894
10137	10336
10499	10629
10744	10839
10926	11001
11068	11124
11165	11200
11221	11236
11246	11258
11263	11274
11285	11300
11316	11339
11362	11382
11406	11429
11452	11476
11499	11525
11549	11572
11599	11622
11649	11676
11705	11736
11765	11795
11822	11850
11880	11903
11926	11951
11975	12001
12028	12057
12093	12126
12162	12200
12236	12274
12316	12359
12405	12450
12500	12548
12600	12655
12712	12773
12838	12903
12968	13027
13087	13138
13188	13238
13284	13331
13378	13423
13468	13507
13550	13585
13622	13652
13685	13715
13744	13772
13806	13841
13878	13917
13958	13996
14032	14067
14098	14129
14159	14187
14208	14220
14209	14165
14070	13910
13660	13297
12806	12171
11402	10513
9540	8534
7545	6626
5815	5143
4615	4231
3975	3829
3774	3797
3887	4037
4247	4516
4844	5237
5697	6220
6800	7411
8033	8625
9157	9603
9942	10176
10308	10360
10348	10300
10241	10196
10178	10207
10283	10399
10550	10720
10900	11075
11235	11372
11488	11580
11655	11714
11762	11803
11830	11844
11844	11827
11787	11723
11634	11513
11368	11202
11034	10887
10793	10788
10908	11166
11567	12087
12677	13297
13891	14425
14883	15255
15546	15766
15926	16035
16107	16150
16181	16197
16210	16222
16234	16247
16258	16271
16279	16283
16286	16287
16287	16286
16286	16286
16284	16281
16281	16282
16285	16286
16287	16289
16290	16291
16292	16294
16294	16294
16294	16294
16294	16294
16294	16294
16294	16294
16294	16294
16294	16294
16294	16294
16294	16294
16294	16294
16294	16294
16294	16294
16294	16294
16294	16294
16294	16294
16294	16294
16294	16294
16294	16294
16294	16294
16294	16294
16294	16294
16294	16294
16294	16294
16294	16294
16294	16294
16294	16294
16294	16294
16294	16294
16294	16294
16294	16294
16294	16294
16294	16294
16294	16294
16294	16294
16294	16294
16294	16294
16294	16294
16294	16294
16294	16294
16294	16294
16294	16294
16294	16294
16294	16294
16294	16294
16294	16294
16294	16294
16294	16294
16294	16294
16294	16294
16294	16294
16294	16294
16294	16294
16294	16294
16294	16294
16294	16294
16294	16294
16294	16294
16294	16294
16294	16294
16294	16294
16294	16294
16294	16294
16294	16294
16294	16294
16294	16294
16294	16294
16294	16294
16294	16294
16294	16294
16294	16294
16294	16294
16294	16294
16294	16294
16294	16294
16293	16293
16292	16292
16292	16291
16291	16291
16291	16291
16291	16291
16291	16290
16289	16289
16287	16282
16275	16264
16251	16234
16216	16196
16177	16158
16135	16110
16074	16021
15936	15802
15596	15302
14902	14389
13755	13031
12241	11449
10702	10056
9541	9170
8929	8791
8725	8700
8690	8686
8676	8657
8630	8598
8561	8524
8484	8441
8390	8331
8260	8178
8089	7997
7896	7794
7685	7573
7458	7347
7255	7189
7170	7208
7315	7496
7746	8054
8396	8757
9110	9438
9731	9986
10205	10396
10557	10702
10825	10936
11024	11098
11153	11193
11217	11234
11246	11257
11269	11282
11301	11322
11342	11366
11387	11411
11433	11455
11479	11504
11526	11549
11573	11596
11617	11643
11666	11693
11722	11751
11780	11811
11841	11874
11904	11933
11963	11992
12022	12052
12081	12112
12145	12175
12210	12246
12282	12320
12362	12403
12450	12494
12543	12590
12641	12691
12746	12801
12859	12919
12978	13035
13090	13140
13192	13239
13285	13331
13378	13424
13466	13506
13548	13587
13621	13652
13684	13714
13741	13771
13805	13839
13874	13912
13953	13990
14025	14059
14090	14119
14150	14179
14209	14232
14243	14236
14191	14099
13940	13689
13325	12832
12196	11424
10539	9569
8572	7590
6683	5888
5237	4736
4391	4190
4120	4161
4300	4520
4816	5177
5601	6085
6617	7189
7781	8368
8920	9409
9801	10089
10265	10341
10340	10291
10219	10155
10114	10113
10163	10259
10396	10566
10750	10937
11114	11274
11409	11519
11603	11665
11716	11754
11781	11805
11818	11822
11810	11774
11714	11630
11517	11377
11217	11055
10912	10812
10796	10895
11128	11501
12001	12583
13206	13814
14366	14836
15219	15515
15738	15899
16012	16091
16140	16167
16183	16193
16203	16213
16227	16241
16257	16268
16279	16283
16288	16290
16290	16290
16290	16288
16287	16288
16288	16288
16287	16288
16290	16290
16292	16293
16294	16294
16294	16294
16294	16294
16294	16294
16294	16294
16294	16294
16294	16294
16294	16294
16294	16294
16294	16294
16294	16294
16294	16294
16294	16294
16294	16294
16294	16294
16294	16294
16294	16294
16294	16294
16294	16294
16294	16294
16294	16294
16294	16294
16294	16294
16294	16294
16294	16294
16294	16294
16294	16294
16294	16294
16294	16294
16294	16294
16294	16294
16294	16294
16294	16294
16294	16294
16294	16294
16294	16294
16294	16294
16294	16294
16294	16294
16294	16294
16294	16294
16294	16294
16294	16294
16294	16294
16294	16294
16294	16294
16294	16294
16294	16294
16294	16294
16294	16294
16294	16294
16294	16294
16294	16294
16294	16294
16294	16294
16294	16294
16294	16294
16294	16294
16294	16294
16294	16294
16294	16294
16294	16294
16294	16294
16294	16294
16294	16294
16294	16294
16294	16294
16294	16294
16294	16294
16294	16294
16294	16294
16294	16294
16294	16294
16294	16294
16294	16294
16294	16294
16293	16293
16292	16292
16292	16292
16292	16292
16292	16292
16292	16291
16290	16290
16288	16283
16278	16268
16255	16238
16222	16202
16181	16159
16142	16119
16100	16071
16021	15938
15806	15599
15294	14885
14352	13704
12967	12182
11403	10683
10069	9591
9243	9015
8884	8812
8777	8759
8748	8729
8706	8674
8639	8601
8559	8514
8468	8413
8352	8286
8210	8131
8048	7958
7862	7756
7637	7513
7387	7273
7186	7141
7156	7240
7397	7627
7914	8241
8582	8925
9249	9545
9818	10061
10282	10476
10652	10802
10926	11024
11100	11150
11189	11213
11234	11251
11274	11295
11321	11346
11369	11395
11416	11439
11462	11482
11504	11528
11552	11576
11598	11619
11641	11662
11687	11712
11740	11766
11796	11827
11859	11891
11922	11954
11986	12018
12049	12080
12113	12143
12171	12202
12233	12269
12306	12344
12382	12427
12471	12518
12564	12612
12661	12709
12761	12813
12868	12926
12983	13036
13091	13139
13191	13236
13284	13330
13377	13422
13465	13506
13548	13586
13620	13652
13684	13715
13742	13771
13804	13839
13873	13911
13951	13988
14020	14054
14084	14113
14142	14176
14209	14243
14269	14284
14274	14227
14138	13973
13722	13357
12862	12227
11457	10570
9610	8619
7654	6764
6005	5399
4970	4719
4632	4697
4886	5176
5553	5993
6490	7024
7582	8147
8691	9194
9625	9964
10196	10325
10356	10315
10237	10151
10081	10049
10068	10136
10254	10410
10591	10782
10973	11149
11306	11440
11545	11625
11682	11721
11749	11771
11784	11794
11792	11782
11747	11692
11612	11505
11373	11225
11073	10940
10852	10837
10929	11146
11495	11968
12530	13140
13747	14306
14787	15176
15478	15701
15865	15983
16065	16118
16149	16166
16180	16185
16195	16206
16220	16237
16255	16267
16278	16283
16288	16290
16291	16292
16292	16292
16291	16291
16291	16291
16291	16292
16292	16293
16293	16294
16294	16294
16294	16294
16294	16294
16294	16294
16294	16294
16294	16294
16294	16294
16294	16294
16294	16294
16294	16294
16294	16294
16294	16294
16294	16294
16294	16294
16294	16294
16294	16294
16294	16294
16294	16294
16294	16294
16294	16294
16294	16294
16294	16294
16294	16294
16294	16294
16294	16294
16294	16294
16294	16294
16294	16294
16294	16294
16294	16294
16294	16294
16294	16294
16294	16294
16294	16294
16294	16294
16294	16294
16294	16294
16294	16294
16294	16294
16294	16294
16294	16294
16294	16294
16294	16294
16294	16294
16294	16294
16294	16294
16294	16294
16294	16294
16294	16294
16294	16294
16294	16294
16294	16294
16294	16294
16294	16294
16294	16294
16294	16294
16294	16294
16294	16294
16294	16294
16294	16294
16294	16294
16294	16294
16294	16294
16294	16294
16294	16294
16294	16294
16294	16294
16294	16294
16294	16294
16294	16294
16294	16294
16294	16294
16294	16294
16294	16294
16294	16294
16294	16294
16294	16293
16293	16292
16292	16292
16292	16292
16292	16292
16292	16291
16290	16290
16288	16286
16279	16273
16259	16245
16226	16205
16184	16163
16142	16129
16114	16100
16076	16031
15950	15814
15597	15287
14858	14312
13662	12933
12171	11426
10748	10176
9728	9400
9174	9028
8941	8885
8849	8815
8784	8750
8713	8673
8633	8591
8544	8495
8440	8383
8318	8253
8179	8105
8023	7929
7822	7700
7565	7428
7300	7198
7136	7134
7196	7330
7534	7790
8085	8402
8727	9044
9346	9637
9904	10152
10375	10571
10736	10870
10975	11056
11112	11160
11196	11232
11268	11302
11340	11372
11402	11425
11448	11468
11489	11509
11533	11555
11580	11601
11624	11643
11664	11685
11708	11731
11757	11784
11813	11842
11875	11907
11938	11972
12003	12038
12070	12100
12129	12158
12187	12217
12246	12279
12314	12351
12389	12435
12478	12523
12572	12620
12669	12717
12767	12820
12873	12930
12986	13039
13092	13140
13192	13238
13285	13331
13378	13424
13467	13506
13549	13587
13622	13652
13685	13715
13743	13771
13806	13839
13873	13911
13950	13985
14020	14051
14083	14109
14140	14174
14214	14252
14291	14317
14330	14315
14270	14175
14012	13759
13394	12897
12265	11495
10616	9659
8688	7752
6915	6230
5729	5432
5331	5414
5644	5989
6420	6908
7429	7961
8487	8982
9426	9797
10078	10263
10349	10348
10289	10192
10094	10027
10006	10037
10130	10266
10437	10627
10823	11011
11185	11336
11461	11562
11639	11694
11730	11753
11769	11772
11775	11768
11748	11712
11658	11580
11478	11356
11219	11084
10966	10892
10891	10990
11205	11541
11994	12533
13121	13715
14265	14748
15139	15443
15668	15828
15946	16029
16086	16126
16150	16164
16169	16174
16183	16197
16214	16232
16251	16266
16277	16283
16290	16291
16293	16293
16293	16292
16292	16292
16292	16292
16292	16292
16293	16293
16294	16294
16294	16294
16294	16294
16294	16294
16294	16294
16294	16294
16294	16294
16294	16294
16294	16294
16294	16294
16294	16294
16294	16294
16294	16294
16294	16294
16294	16294
16294	16294
16294	16294
16294	16294
16294	16294
16294	16294
16294	16294
16294	16294
16294	16294
16294	16294
16294	16294
16294	16294
16294	16294
16294	16294
16294	16294
16294	16294
16294	16294
16294	16294
16294	16294
16294	16294
16294	16294
16294	16294
16294	16294
16294	16294
16294	16294
16294	16294
16294	16294
16294	16294
16294	16294
16294	16294
16294	16294
16294	16294
16294	16294
16294	16294
16294	16294
16294	16294
16294	16294
16294	16294
16294	16294
16294	16294
16294	16294
16294	16294
16294	16294
16294	16294
16294	16294
16294	16294
16294	16294
16294	16294
16294	16294
16294	16294
16294	16294
16294	16294
16294	16294
16294	16294
16294	16294
16294	16294
16294	16294
16294	16294
16294	16294
16294	16294
16294	16294
16294	16294
16294	16294
16294	16294
16294	16294
16294	16294
16294	16294
16294	16294
16294	16294
16293	16291
16290	16285
16281	16275
16263	16246
16229	16207
16184	16163
16145	16133
16124	16119
16112	16091
16049	15962
15818	15592
15269	14835
14292	13654
12953	12231
11537	10909
10375	9946
9620	9377
9203	9077
8988	8920
8866	8819
8776	8737
8697	8660
8616	8572
8524	8471
8414	8355
8293	8229
8157	8080
7988	7882
7760	7624
7482	7349
7240	7168
7147	7185
7288	7454
7674	7934
8221	8525
8832	9141
9440	9728
9992	10232
10441	10620
10765	10883
10975	11052
11117	11183
11240	11296
11345	11390
11424	11453
11475	11496
11515	11534
11556	11579
11601	11625
11645	11666
11685	11705
11726	11753
11774	11801
11829	11862
11892	11923
11953	11986
12020	12051
12084	12116
12143	12171
12196	12223
12252	12284
12317	12353
12392	12437
12481	12528
12576	12622
12671	12718
12770	12820
12873	12931
12986	13039
13093	13140
13193	13238
13285	13332
13379	13425
13468	13507
13550	13588
13624	13658
13689	13719
13749	13777
13808	13841
13877	13911
13949	13984
14019	14049
14079	14107
14142	14177
14218	14262
14306	14343
14368	14375
14360	14312
14216	14053
13802	13435
12940	12305
11538	10664
9730	8799
7931	7199
6652	6319
6204	6286
6535	6898
7342	7824
8314	8788
9226	9607
9916	10141
10280	10330
10313	10243
10148	10058
9998	9988
10034	10140
10290	10473
10669	10870
11056	11225
11367	11484
11579	11653
11704	11741
11761	11771
11771	11764
11751	11723
11678	11620
11537	11439
11324	11201
11078	10980
10927	10945
11058	11280
11616	12060
12581	13148
13722	14260
14734	15120
15420	15640
15798	15908
15989	16050
16094	16124
16145	16155
16158	16166
16175	16188
16208	16228
16248	16264
16275	16283
16289	16291
16293	16294
16294	16294
16294	16294
16294	16294
16294	16294
16294	16294
16294	16294
16294	16294
16294	16294
16294	16294
16294	16294
16294	16294
16294	16294
16294	16294
16294	16294
16294	16294
16294	16294
16294	16294
16294	16294
16294	16294
16294	16294
16294	16294
16294	16294
16294	16294
16294	16294
16294	16294
16294	16294
16294	16294
16294	16294
16294	16294
16294	16294
16294	16294
16294	16294
16294	16294
16294	16294
16294	16294
16294	16294
16294	16294
16294	16294
16294	16294
16294	16294
16294	16294
16294	16294
16294	16294
16294	16294
16294	16294
16294	16294
16294	16294
16294	16294
16294	16294
16294	16294
16294	16294
16294	16294
16294	16294
16294	16294
16294	16294
16294	16294
16294	16294
16294	16294
16294	16294
16294	16294
16294	16294
16294	16294
16294	16294
16294	16294
16294	16294
16294	16294
16294	16294
16294	16294
16294	16294
16294	16294
16294	16294
16294	16294
16294	16294
16294	16294
16294	16294
16294	16294
16294	16294
16294	16294
16294	16294
16294	16294
16294	16294
16294	16294
16294	16294
16294	16294
16294	16294
16294	16294
16294	16294
16294	16294
16293	16291
16290	16286
16280	16274
16263	16246
16228	16207
16184	16166
16149	16139
16133	16135
16135	16133
16113	16065
15971	15816
15582	15256
14827	14302
13698	13043
12378	11740
11156	10648
10221	9870
9589	9364
9190	9059
8961	8887
8832	8785
8748	8713
8680	8642
8600	8555
8504	8448
8392	8332
8275	8206
8133	8047
7944	7827
7697	7561
7428	7311
7230	7190
7201	7268
7393	7570
7791	8048
8327	8623
8924	9226
9516	9787
10035	10256
10447	10611
10748	10870
10979	11079
11171	11253
11324	11381
11428	11463
11490	11513
11534	11556
11579	11601
11623	11645
11666	11686
11708	11726
11747	11768
11794	11817
11848	11876
11905	11937
11968	12002
12032	12065
12093	12125
12153	12179
12202	12229
12256	12288
12319	12355
12394	12437
12481	12528
12576	12623
12673	12720
12772	12824
12877	12935
12990	13042
13097	13145
13195	13242
13289	13336
13382	13427
13472	13513
13554	13592
13627	13662
13694	13723
13755	13781
13812	13844
13880	13912
13948	13983
14017	14047
14077	14105
14141	14178
14220	14269
14318	14363
14398	14420
14424	14409
14361	14268
14102	13847
13478	12976
12338	11576
10726	9841
8992	8253
7684	7321
7181	7243
7472	7810
8212	8634
9044	9416
9729	9977
10149	10245
10275	10251
10187	10107
10039	9997
10004	10063
10175	10329
10515	10710
10912	11094
11259	11393
11506	11593
11664	11715
11750	11770
11778	11777
11766	11744
11706	11657
11585	11500
11399	11287
11173	11070
10992	10961
10999	11128
11364	11706
12146	12659
13210	13766
14289	14748
15128	15422
15636	15786
15887	15960
16015	16057
16094	16120
16138	16147
16150	16158
16168	16184
16204	16227
16247	16264
16276	16282
16289	16291
16293	16294
16294	16294
16294	16294
16294	16294
16294	16294
16294	16294
16294	16294
16294	16294
16294	16294
16294	16294
16294	16294
16294	16294
16294	16294
16294	16294
16294	16294
16294	16294
16294	16294
16294	16294
16294	16294
16294	16294
16294	16294
16294	16294
16294	16294
16294	16294
16294	16294
16294	16294
16294	16294
16294	16294
16294	16294
16294	16294
16294	16294
16294	16294
16294	16294
16294	16294
16294	16294
16294	16294
16294	16294
16294	16294
16294	16294
16294	16294
16294	16294
16294	16294
16294	16294
16294	16294
16294	16294
16294	16294
16294	16294
16294	16294
16294	16294
16294	16294
16294	16294
16294	16294
16294	16294
16294	16294
16294	16294
16294	16294
16294	16294
16294	16294
16294	16294
16294	16294
16294	16294
16294	16294
16294	16294
16294	16294
16294	16294
16294	16294
16294	16294
16294	16294
16294	16294
16294	16294
16294	16294
16294	16294
16294	16294
16294	16294
16294	16294
16294	16294
16294	16294
16294	16294
16294	16294
16294	16294
16294	16294
16294	16294
16294	16294
16294	16294
16294	16294
16294	16294
16294	16294
16294	16294
16294	16293
16292	16291
16289	16285
16279	16273
16260	16244
16228	16208
16189	16171
16156	16149
16147	16150
16158	16161
16156	16130
16069	15969
15807	15573
15252	14845
14355	13801
13207	12602
12008	11455
10946	10493
10096	9757
9477	9253
9083	8960
8878	8821
8784	8754
8729	8701
8670	8628
8584	8534
8480	8426
8374	8319
8261	8192
8113	8020
7911	7790
7660	7530
7409	7313
7251	7232
7266	7353
7492	7673
7895	8144
8416	8700
8986	9269
9539	9788
10022	10230
10419	10589
10746	10893
11028	11146
11246	11329
11394	11444
11481	11514
11537	11566
11590	11615
11639	11661
11682	11704
11724	11743
11764	11784
11809	11836
11865	11891
11921	11951
11983	12014
12045	12076
12105	12135
12159	12183
12208	12233
12259	12284
12317	12352
12390	12434
12480	12526
12576	12625
12674	12723
12775	12828
12882	12938
12995	13047
13099	13151
13200	13248
13296	13340
13388	13432
13478	13520
13563	13599
13636	13672
13706	13734
13765	13791
13821	13850
13881	13914
13948	13981
14014	14044
14073	14101
14139	14177
14224	14272
14326	14373
14416	14446
14471	14472
14458	14406
14309	14138
13873	13491
12979	12342
11600	10800
10006	9291
8719	8335
8161	8173
8340	8611
8929	9252
9547	9793
9982	10109
10172	10188
10164	10116
10064	10026
10014	10043
10120	10236
10391	10569
10757	10947
11123	11276
11409	11516
11602	11668
11721	11758
11779	11790
11787	11773
11744	11700
11638	11559
11464	11355
11243	11139
11052	10997
10993	11062
11210	11460
11807	12247
12750	13290
13827	14337
14780	15150
15436	15646
15788	15884
15945	15990
16026	16061
16091	16114
16132	16141
16145	16156
16165	16181
16203	16225
16247	16264
16276	16282
16289	16291
16293	16294
16294	16294
16294	16294
16294	16294
16294	16294
16294	16294
16294	16294
16294	16294
16294	16294
16294	16294
16294	16294
16294	16294
16294	16294
16294	16294
16294	16294
16294	16294
16294	16294
16294	16294
16294	16294
16294	16294
16294	16294
16294	16294
16294	16294
16294	16294
16294	16294
16294	16294
16294	16294
16294	16294
16294	16294
16294	16294
16294	16294
16294	16294
16294	16294
16294	16294
16294	16294
16294	16294
16294	16294
16294	16294
16294	16294
16294	16294
16294	16294
16294	16294
16294	16294
16294	16294
16294	16294
16294	16294
16294	16294
16294	16294
16294	16294
16294	16294
16294	16294
16294	16294
16294	16294
16294	16294
16294	16294
16294	16294
16294	16294
16294	16294
16294	16294
16294	16294
16294	16294
16294	16294
16294	16294
16294	16294
16294	16294
16294	16294
16294	16294
16294	16294
16294	16294
16294	16294
16294	16294
16294	16294
16294	16294
16294	16294
16294	16294
16294	16294
16294	16294
16294	16294
16294	16294
16294	16294
16294	16294
16294	16294
16294	16294
16294	16294
16294	16294
16294	16294
16294	16294
16294	16294
16294	16293
16292	16291
16289	16283
16278	16269
16257	16242
16227	16210
16193	16179
16168	16162
16162	16168
16177	16183
16182	16168
16134	16066
15960	15796
15572	15272
14902	14460
13962	13424
12867	12305
11750	11215
10718	10259
9863	9526
9264	9070
8938	8854
8806	8779
8762	8745
8724	8696
8658	8612
8563	8514
8467	8418
8369	8318
8258	8191
8108	8011
7900	7772
7641	7515
7403	7324
7281	7285
7338	7435
7580	7761
7973	8207
8462	8725
8987	9252
9505	9747
9978	10196
10405	10602
10785	10948
11087	11205
11297	11372
11431	11475
11516	11551
11584	11615
11643	11670
11694	11717
11737	11758
11779	11800
11826	11851
11878	11905
11935	11967
11997	12029
12059	12088
12115	12145
12167	12189
12210	12235
12257	12285
12315	12350
12388	12432
12481	12530
12578	12630
12680	12729
12783	12837
12890	12946
13001	13058
13109	13160
13211	13258
13305	13352
13397	13442
13489	13533
13575	13613
13652	13687
13721	13750
13779	13805
13833	13860
13886	13917
13947	13976
14008	14036
14064	14094
14131	14169
14214	14267
14320	14373
14420	14457
14488	14507
14506	14486
14424	14311
14121	13832
13431	12911
12282	11581
10865	10195
9636	9236
9014	8960
9043	9213
9422	9628
9808	9944
10034	10077
10084	10072
10047	10027
10023	10047
10103	10196
10323	10475
10640	10814
10985	11145
11285	11406
11511	11593
11662	11715
11758	11785
11796	11796
11782	11748
11694	11624
11533	11428
11311	11198
11094	11024
10998	11029
11128	11307
11576	11927
12363	12857
13383	13904
14394	14825
15183	15462
15670	15808
15898	15953
15986	16012
16039	16066
16093	16116
16130	16142
16147	16156
16168	16182
16204	16225
16247	16264
16276	16282
16289	16291
16293	16294
16294	16294
16294	16294
16294	16294
16294	16294
16294	16294
16294	16294
16294	16294
16294	16294
16294	16294
16294	16294
16294	16294
16294	16294
16294	16294
16294	16294
16294	16294
16294	16294
16294	16294
16294	16294
16294	16294
16294	16294
16294	16294
16294	16294
16294	16294
16294	16294
16294	16294
16294	16294
16294	16294
16294	16294
16294	16294
16294	16294
16294	16294
16294	16294
16294	16294
16294	16294
16294	16294
16294	16294
16294	16294
16294	16294
16294	16294
16294	16294
16294	16294
16294	16294
16294	16294
16294	16294
16294	16294
16294	16294
16294	16294
16294	16294
16294	16294
16294	16294
16294	16294
16294	16294
16294	16294
16294	16294
16294	16294
16294	16294
16294	16294
16294	16294
16294	16294
16294	16294
16294	16294
16294	16294
16294	16294
16294	16294
16294	16294
16294	16294
16294	16294
16294	16294
16294	16294
16294	16294
16294	16294
16294	16294
16294	16294
16294	16294
16294	16294
16294	16294
16294	16294
16294	16294
16294	16294
16294	16294
16294	16294
16294	16294
16294	16294
16294	16294
16294	16294
16294	16294
16294	16294
16294	16293
16291	16291
16287	16283
16276	16269
16255	16242
16226	16213
16200	16188
16183	16179
16180	16186
16193	16203
16203	16195
16171	16129
16056	15949
15795	15589
15320	14992
14600	14155
13662	13129
12570	11994
11419	10864
10351	9900
9530	9245
9043	8907
8832	8793
8777	8770
8764	8744
8717	8681
8643	8598
8554	8511
8468	8427
8384	8336
8278	8205
8114	8008
7883	7750
7617	7501
7408	7350
7332	7352
7414	7514
7647	7812
8006	8220
8452	8695
8945	9198
9452	9702
9950	10192
10421	10632
10821	10982
11117	11223
11312	11384
11444	11497
11548	11590
11629	11665
11695	11720
11746	11768
11787	11810
11837	11863
11888	11917
11948	11981
12011	12045
12074	12103
12128	12155
12176	12196
12214	12235
12258	12281
12311	12347
12387	12433
12480	12530
12584	12637
12689	12740
12795	12848
12905	12960
13016	13071
13122	13172
13223	13269
13317	13364
13412	13458
13503	13548
13588	13629
13669	13708
13740	13772
13798	13820
13844	13868
13893	13916
13944	13971
13998	14025
14053	14081
14114	14154
14197	14248
14301	14355
14403	14447
14479	14501
14506	14493
14449	14362
14215	13989
13667	13239
12711	12108
11470	10856
10319	9904
9636	9509
9501	9571
9675	9784
9870	9934
9970	9983
9986	9987
10006	10037
10091	10175
10286	10418
10570	10724
10883	11033
11171	11294
11401	11492
11570	11636
11690	11736
11769	11792
11795	11781
11749	11690
11611	11508
11391	11264
11142	11041
10980	10978
11046	11190
11409	11703
12073	12507
12988	13495
13994	14462
14875	15221
15495	15694
15834	15923
15973	16001
16017	16032
16052	16076
16100	16121
16135	16145
16152	16161
16173	16189
16209	16230
16251	16265
16276	16283
16290	16291
16293	16294
16294	16294
16294	16294
16294	16294
16294	16294
16294	16294
16294	16294
16294	16294
16294	16294
16294	16294
16294	16294
16294	16294
16294	16294
16294	16294
16294	16294
16294	16294
16294	16294
16294	16294
16294	16294
16294	16294
16294	16294
16294	16294
16294	16294
16294	16294
16294	16294
16294	16294
16294	16294
16294	16294
16294	16294
16294	16294
16294	16294
16294	16294
16294	16294
16294	16294
16294	16294
16294	16294
16294	16294
16294	16294
16294	16294
16294	16294
16294	16294
16294	16294
16294	16294
16294	16294
16294	16294
16294	16294
16294	16294
16294	16294
16294	16294
16294	16294
16294	16294
16294	16294
16294	16294
16294	16294
16294	16294
16294	16294
16294	16294
16294	16294
16294	16294
16294	16294
16294	16294
16294	16294
16294	16294
16294	16294
16294	16294
16294	16294
16294	16294
16294	16294
16294	16294
16294	16294
16294	16294
16294	16294
16294	16294
16294	16294
16294	16294
16294	16294
16294	16294
16294	16294
16294	16294
16294	16294
16294	16294
16294	16294
16294	16294
16294	16294
16294	16294
16294	16294
16294	16294
16294	16294
16294	16293
16291	16291
16288	16283
16276	16269
16255	16243
16230	16219
16207	16202
16198	16197
16198	16202
16207	16212
16215	16210
16194	16165
16116	16044
15942	15803
15623	15391
15101	14754
14347	13877
13349	12772
12166	11547
10949	10393
9914	9523
9227	9020
8892	8821
8792	8783
8783	8779
8766	8741
8710	8675
8638	8601
8564	8530
8496	8459
8421	8368
8300	8211
8104	7979
7850	7717
7603	7508
7440	7398
7391	7413
7470	7554
7672	7817
7990	8183
8398	8632
8878	9137
9405	9675
9941	10194
10426	10634
10814	10967
11097	11208
11299	11383
11457	11523
11582	11630
11671	11706
11737	11763
11788	11811
11841	11869
11898	11928
11959	11992
12024	12055
12085	12113
12139	12165
12185	12203
12222	12240
12260	12283
12312	12348
12388	12435
12485	12538
12594	12649
12702	12756
12813	12866
12925	12978
13032	13089
13139	13192
13240	13286
13333	13381
13428	13474
13519	13563
13607	13648
13690	13726
13761	13791
13817	13838
13858	13877
13896	13918
13939	13962
13985	14009
14033	14061
14090	14128
14167	14213
14264	14312
14358	14397
14423	14440
14434	14412
14363	14275
14141	13942
13664	13300
12844	12320
11753	11193
10684	10272
9970	9792
9711	9703
9734	9781
9824	9863
9891	9921
9955	10004
10068	10155
10260	10383
10521	10666
10813	10956
11086	11203
11308	11397
11472	11540
11601	11651
11696	11737
11763	11776
11771	11740
11685	11600
11489	11361
11220	11088
10980	10921
10937	11035
11221	11489
11830	12229
12674	13147
13632	14108
14547	14937
15264	15524
15718	15858
15949	16004
16031	16042
16050	16059
16073	16094
16114	16133
16148	16156
16165	16173
16183	16197
16216	16235
16255	16268
16279	16283
16290	16291
16293	16294
16294	16294
16294	16294
16294	16294
16294	16294
16294	16294
16294	16294
16294	16294
16294	16294
16294	16294
16294	16294
16294	16294
16294	16294
16294	16294
16294	16294
16294	16294
16294	16294
16294	16294
16294	16294
16294	16294
16294	16294
16294	16294
16294	16294
16294	16294
16294	16294
16294	16294
16294	16294
16294	16294
16294	16294
16294	16294
16294	16294
16294	16294
16294	16294
16294	16294
16294	16294
16294	16294
16294	16294
16294	16294
16294	16294
16294	16294
16294	16294
16294	16294
16294	16294
16294	16294
16294	16294
16294	16294
16294	16294
16294	16294
16294	16294
16294	16294
16294	16294
16294	16294
16294	16294
16294	16294
16294	16294
16294	16294
16294	16294
16294	16294
16294	16294
16294	16294
16294	16294
16294	16294
16294	16294
16294	16294
16294	16294
16294	16294
16294	16294
16294	16294
16294	16294
16294	16294
16294	16294
16294	16294
16294	16294
16294	16294
16294	16294
16294	16294
16294	16294
16294	16294
16294	16294
16294	16294
16294	16294
16294	16294
16294	16294
16294	16294
16294	16294
16294	16294
16294	16294
16294	16294
16294	16293
16291	16291
16288	16283
16276	16270
16258	16247
16238	16230
16223	16219
16216	16216
16218	16219
16222	16228
16228	16225
16211	16188
16153	16108
16038	15951
15831	15676
15474	15218
14898	14507
14043	13507
12912	12277
11631	11002
10429	9933
9535	9234
9023	8893
8826	8799
8792	8797
8796	8786
8766	8741
8713	8684
8652	8623
8595	8568
8537	8501
8451	8382
8291	8184
8063	7940
7821	7712
7623	7544
7491	7454
7441	7453
7490	7561
7659	7784
7938	8120
8328	8563
8820	9093
9370	9648
9913	10162
10385	10582
10760	10915
11051	11176
11287	11388
11474	11547
11608	11659
11702	11737
11765	11797
11828	11861
11893	11926
11959	11992
12026	12060
12093	12122
12151	12175
12198	12214
12232	12249
12264	12289
12317	12351
12396	12443
12496	12553
12610	12666
12724	12779
12834	12891
12948	13000
13054	13107
13158	13208
13255	13303
13349	13395
13443	13489
13537	13581
13624	13666
13707	13743
13779	13807
13831	13850
13865	13877
13893	13907
13924	13942
13961	13980
14002	14025
14053	14082
14117	14155
14194	14232
14266	14290
14300	14294
14269	14219
14140	14032
13882	13681
13415	13079
12670	12203
11698	11193
10727	10334
10034	9837
9727	9686
9691	9724
9767	9817
9877	9946
10027	10124
10234	10359
10491	10627
10766	10900
11026	11141
11240	11325
11402	11460
11513	11562
11608	11648
11684	11712
11730	11730
11710	11659
11582	11474
11340	11191
11050	10932
10866	10883
10999	11219
11533	11925
12368	12838
13319	13793
14242	14655
15017	15317
15556	15740
15874	15968
16027	16061
16076	16083
16086	16092
16103	16118
16139	16156
16168	16174
16184	16192
16200	16213
16229	16245
16260	16272
16280	16286
16291	16291
16293	16294
16294	16294
16294	16294
16294	16294
16294	16294
16294	16294
16294	16294
16294	16294
16294	16294
16294	16294
16294	16294
16294	16294
16294	16294
16294	16294
16294	16294
16294	16294
16294	16294
16294	16294
16294	16294
16294	16294
16294	16294
16294	16294
16294	16294
16294	16294
16294	16294
16294	16294
16294	16294
16294	16294
16294	16294
16294	16294
16294	16294
16294	16294
16294	16294
16294	16294
16294	16294
16294	16294
16294	16294
16294	16294
16294	16294
16294	16294
16294	16294
16294	16294
16294	16294
16294	16294
16294	16294
16294	16294
16294	16294
16294	16294
16294	16294
16294	16294
16294	16294
16294	16294
16294	16294
16294	16294
16294	16294
16294	16294
16294	16294
16294	16294
16294	16294
16294	16294
16294	16294
16294	16294
16294	16294
16294	16294
16294	16294
16294	16294
16294	16294
16294	16294
16294	16294
16294	16294
16294	16294
16294	16294
16294	16294
16294	16294
16294	16294
16294	16294
16294	16294
16294	16294
16294	16294
16294	16294
16294	16294
16294	16294
16294	16294
16294	16294
16294	16294
16294	16294
16294	16294
16294	16294
16294	16293
16291	16291
16288	16285
16279	16273
16263	16254
16247	16241
16236	16236
16234	16234
16235	16236
16236	16238
16237	16233
16223	16206
16178	16140
16094	16039
15959	15861
15727	15551
15314	15009
14626	14162
13618	13013
12366	11710
11077	10496
9993	9583
9272	9052
8918	8845
8817	8814
8816	8817
8810	8798
8783	8762
8735	8711
8688	8664
8641	8612
8572	8515
8443	8351
8250	8141
8036	7930
7836	7747
7667	7592
7532	7486
7462	7456
7483	7532
7611	7723
7869	8051
8265	8506
8766	9039
9313	9578
9832	10066
10287	10489
10675	10850
11008	11153
11278	11385
11477	11549
11612	11664
11709	11750
11791	11828
11865	11902
11943	11978
12013	12052
12086	12121
12153	12182
12206	12226
12243	12262
12277	12301
12328	12365
12409	12458
12516	12571
12632	12690
12748	12807
12864	12917
12973	13025
13078	13127
13178	13227
13271	13316
13363	13412
13457	13505
13549	13592
13634	13677
13717	13754
13786	13815
13834	13852
13861	13870
13878	13885
13895	13910
13921	13936
13949	13967
13986	14005
14026	14050
14071	14092
14099	14097
14079	14039
13975	13884
13765	13615
13431	13206
12932	12605
12228	11805
11359	10915
10509	10166
9908	9737
9646	9621
9644	9697
9771	9861
9964	10076
10197	10329
10464	10600
10736	10863
10984	11094
11188	11274
11344	11400
11450	11494
11531	11567
11598	11627
11650	11666
11667	11649
11609	11540
11444	11320
11179	11038
10919	10845
10855	10969
11201	11541
11974	12462
12974	13476
13954	14393
14780	15112
15388	15606
15770	15892
15982	16043
16084	16106
16117	16121
16124	16129
16138	16149
16166	16179
16192	16198
16206	16210
16219	16229
16242	16255
16269	16277
16283	16289
16291	16292
16293	16294
16294	16294
16294	16294
16294	16294
16294	16294
16294	16294
16294	16294
16294	16294
16294	16294
16294	16294
16294	16294
16294	16294
16294	16294
16294	16294
16294	16294
16294	16294
16294	16294
16294	16294
16294	16294
16294	16294
16294	16294
16294	16294
16294	16294
16294	16294
16294	16294
16294	16294
16294	16294
16294	16294
16294	16294
16294	16294
16294	16294
16294	16294
16294	16294
16294	16294
16294	16294
16294	16294
16294	16294
16294	16294
16294	16294
16294	16294
16294	16294
16294	16294
16294	16294
16294	16294
16294	16294
16294	16294
16294	16294
16294	16294
16294	16294
16294	16294
16294	16294
16294	16294
16294	16294
16294	16294
16294	16294
16294	16294
16294	16294
16294	16294
16294	16294
16294	16294
16294	16294
16294	16294
16294	16294
16294	16294
16294	16294
16294	16294
16294	16294
16294	16294
16294	16294
16294	16294
16294	16294
16294	16294
16294	16294
16294	16294
16294	16294
16294	16294
16294	16294
16294	16294
16294	16294
16294	16294
16294	16294
16294	16294
16294	16294
16294	16294
16294	16294
16294	16294
16294	16294
16294	16294
16294	16294
16293	16291
16289	16285
16282	16278
16270	16265
16258	16255
16252	16251
16251	16251
16251	16251
16253	16252
16251	16246
16235	16220
16195	16164
16128	16085
16035	15973
15888	15771
15607	15381
15085	14708
14251	13711
13110	12470
11818	11188
10603	10089
9664	9337
9106	8960
8883	8849
8843	8845
8848	8847
8841	8828
8812	8792
8771	8750
8729	8706
8671	8623
8562	8486
8401	8313
8224	8137
8048	7963
7875	7788
7704	7623
7553	7498
7459	7443
7450	7487
7558	7666
7813	7997
8206	8441
8687	8941
9200	9452
9699	9940
10172	10391
10600	10793
10964	11115
11242	11347
11439	11514
11578	11640
11696	11747
11795	11840
11885	11927
11970	12012
12055	12097
12137	12171
12203	12229
12251	12272
12290	12316
12343	12382
12425	12478
12535	12594
12654	12717
12777	12835
12887	12944
12997	13045
13094	13142
13189	13235
13279	13326
13370	13416
13461	13508
13551	13596
13635	13676
13712	13747
13777	13798
13815	13829
13834	13840
13839	13842
13842	13846
13852	13856
13860	13865
13869	13872
13873	13874
13869	13855
13828	13789
13728	13643
13528	13387
13216	13022
12797	12545
12261	11939
11591	11218
10836	10477
10156	9896
9713	9607
9572	9594
9663	9758
9875	10003
10140	10282
10428	10571
10707	10838
10956	11062
11155	11235
11298	11355
11399	11438
11470	11503
11531	11554
11573	11589
11594	11589
11569	11532
11475	11393
11290	11172
11049	10944
10880	10885
10989	11211
11554	12002
12517	13060
13594	14089
14529	14905
15219	15469
15665	15813
15920	15998
16056	16096
16126	16147
16155	16160
16163	16167
16174	16184
16197	16208
16217	16222
16228	16231
16238	16246
16257	16266
16276	16281
16287	16289
16291	16293
16294	16294
16294	16294
16294	16294
16294	16294
16294	16294
16294	16294
16294	16294
16294	16294
16294	16294
16294	16294
16294	16294
16294	16294
16294	16294
16294	16294
16294	16294
16294	16294
16294	16294
16294	16294
16294	16294
16294	16294
16294	16294
16294	16294
16294	16294
16294	16294
16294	16294
16294	16294
16294	16294
16294	16294
16294	16294
16294	16294
16294	16294
16294	16294
16294	16294
16294	16294
16294	16294
16294	16294
16294	16294
16294	16294
16294	16294
16294	16294
16294	16294
16294	16294
16294	16294
16294	16294
16294	16294
16294	16294
16294	16294
16294	16294
16294	16294
16294	16294
16294	16294
16294	16294
16294	16294
16294	16294
16294	16294
16294	16294
16294	16294
16294	16294
16294	16294
16294	16294
16294	16294
16294	16294
16294	16294
16294	16294
16294	16294
16294	16294
16294	16294
16294	16294
16294	16294
16294	16294
16294	16294
16294	16294
16294	16294
16294	16294
16294	16294
16294	16294
16294	16294
16294	16294
16294	16294
16294	16294
16294	16294
16294	16294
16294	16294
16294	16294
16294	16294
16294	16294
16294	16294
16294	16294
16294	16294
16293	16291
16290	16288
16285	16281
16278	16270
16267	16264
16263	16264
16264	16265
16264	16264
16263	16263
16260	16256
16246	16229
16206	16179
16147	16112
16078	16035
15985	15909
15801	15647
15433	15149
14784	14338
13817	13233
12608	11968
11337	10744
10216	9777
9434	9192
9037	8951
8908	8893
8889	8891
8892	8888
8877	8863
8846	8829
8808	8785
8753	8712
8659	8597
8528	8454
8384	8311
8238	8165
8083	7999
7911	7816
7727	7638
7559	7494
7446	7418
7422	7456
7524	7632
7768	7933
8124	8333
8560	8799
9049	9303
9560	9819
10067	10303
10519	10711
10880	11022
11149	11256
11351	11436
11516	11587
11652	11710
11766	11818
11870	11925
11976	12033
12083	12132
12173	12210
12240	12266
12292	12319
12350	12391
12436	12488
12549	12609
12673	12733
12793	12852
12906	12958
13008	13054
13100	13146
13187	13231
13275	13317
13360	13407
13449	13494
13537	13577
13613	13648
13680	13708
13732	13749
13762	13768
13767	13765
13759	13749
13744	13734
13726	13713
13703	13686
13669	13645
13617	13584
13544	13491
13424	13337
13224	13089
12925	12736
12524	12287
12034	11764
11481	11183
10878	10571
10277	10018
9805	9649
9562	9542
9580	9663
9782	9919
10069	10221
10373	10523
10665	10799
10924	11033
11128	11207
11272	11323
11362	11393
11420	11444
11470	11488
11508	11523
11528	11524
11506	11477
11437	11383
11316	11237
11149	11065
10994	10960
10982	11088
11301	11625
12055	12567
13120	13673
14184	14634
15012	15314
15550	15729
15861	15953
16019	16065
16104	16132
16158	16175
16187	16194
16200	16203
16207	16216
16224	16233
16239	16244
16246	16248
16256	16263
16269	16276
16282	16286
16288	16291
16292	16294
16294	16294
16294	16294
16294	16294
16294	16294
16294	16294
16294	16294
16294	16294
16294	16294
16294	16294
16294	16294
16294	16294
16294	16294
16294	16294
16294	16294
16294	16294
16294	16294
16294	16294
16294	16294
16294	16294
16294	16294
16294	16294
16294	16294
16294	16294
16294	16294
16294	16294
16294	16294
16294	16294
16294	16294
16294	16294
16294	16294
16294	16294
16294	16294
16294	16294
16294	16294
16294	16294
16294	16294
16294	16294
16294	16294
16294	16294
16294	16294
16294	16294
16294	16294
16294	16294
16294	16294
16294	16294
16294	16294
16294	16294
16294	16294
16294	16294
16294	16294
16294	16294
16294	16294
16294	16294
16294	16294
16294	16294
16294	16294
16294	16294
16294	16294
16294	16294
16294	16294
16294	16294
16294	16294
16294	16294
16294	16294
16294	16294
16294	16294
16294	16294
16294	16294
16294	16294
16294	16294
16294	16294
16294	16294
16294	16294
16294	16294
16294	16294
16294	16294
16294	16294
16294	16294
16294	16294
16294	16294
16294	16294
16294	16294
16294	16294
16294	16294
16294	16294
16294	16294
16294	16294
16294	16294
16294	16294
16293	16291
16291	16288
16287	16285
16281	16278
16276	16274
16275	16275
16274	16274
16274	16275
16273	16272
16268	16262
16251	16235
16211	16184
16153	16125
16094	16066
16035	15992
15925	15826
15681	15477
15207	14862
14439	13944
13384	12779
12143	11510
10909	10373
9923	9575
9324	9156
9053	8996
8966	8953
8942	8939
8931	8923
8909	8894
8875	8852
8824	8785
8740	8688
8630	8575
8514	8459
8402	8339
8274	8202
8116	8025
7930	7835
7737	7648
7565	7497
7446	7422
7420	7447
7505	7586
7696	7835
8002	8195
8415	8655
8911	9177
9445	9706
9952	10181
10383	10564
10724	10865
10993	11112
11219	11316
11403	11482
11554	11625
11693	11761
11832	11901
11968	12033
12091	12140
12184	12221
12257	12292
12331	12373
12422	12477
12538	12599
12663	12725
12786	12843
12896	12945
12994	13039
13079	13123
13163	13201
13244	13282
13322	13364
13407	13449
13486	13520
13552	13579
13606	13624
13640	13646
13649	13645
13636	13622
13606	13584
13559	13536
13506	13476
13440	13396
13349	13293
13232	13160
13075	12976
12865	12728
12573	12392
12191	11965
11727	11475
11219	10962
10705	10456
10217	9999
9811	9662
9565	9521
9532	9596
9699	9837
9989	10151
10314	10472
10618	10754
10880	10992
11087	11171
11243	11299
11340	11368
11390	11406
11417	11432
11443	11457
11466	11467
11453	11425
11386	11334
11276	11218
11159	11104
11062	11042
11058	11125
11260	11473
11784	12188
12669	13199
13740	14253
14706	15086
15386	15618
15789	15909
15993	16048
16085	16111
16137	16160
16182	16200
16216	16223
16228	16234
16236	16243
16249	16254
16258	16260
16266	16267
16270	16274
16279	16283
16286	16288
16290	16291
16292	16294
16294	16294
16294	16294
16294	16294
16294	16294
16294	16294
16294	16294
16294	16294
16294	16294
16294	16294
16294	16294
16294	16294
16294	16294
16294	16294
16294	16294
16294	16294
16294	16294
16294	16294
16294	16294
16294	16294
16294	16294
16294	16294
16294	16294
16294	16294
16294	16294
16294	16294
16294	16294
16294	16294
16294	16294
16294	16294
16294	16294
16294	16294
16294	16294
16294	16294
16294	16294
16294	16294
16294	16294
16294	16294
16294	16294
16294	16294
16294	16294
16294	16294
16294	16294
16294	16294
16294	16294
16294	16294
16294	16294
16294	16294
16294	16294
16294	16294
16294	16294
16294	16294
16294	16294
16294	16294
16294	16294
16294	16294
16294	16294
16294	16294
16294	16294
16294	16294
16294	16294
16294	16294
16294	16294
16294	16294
16294	16294
16294	16294
16294	16294
16294	16294
16294	16294
16294	16294
16294	16294
16294	16294
16294	16294
16294	16294
16294	16294
16294	16294
16294	16294
16294	16294
16294	16294
16294	16294
16294	16294
16294	16294
16294	16294
16294	16294
16294	16294
16294	16294
16294	16294
16294	16294
16294	16294
16294	16294
16294	16292
16291	16290
16288	16287
16286	16285
16283	16281
16281	16282
16282	16282
16282	16281
16281	16279
16275	16269
16257	16239
16215	16184
16156	16127
16100	16079
16059	16038
16000	15940
15849	15714
15525	15276
14953	14556
14089	13551
12958	12334
11703	11106
10571	10124
9769	9506
9321	9191
9109	9054
9020	8998
8983	8969
8958	8944
8927	8906
8883	8849
8810	8765
8717	8672
8626	8584
8539	8495
8439	8375
8305	8226
8135	8044
7949	7853
7762	7675
7601	7535
7484	7448
7430	7430
7460	7515
7604	7728
7889	8085
8308	8550
8809	9067
9320	9559
9783	9985
10173	10346
10505	10651
10789	10914
11026	11130
11227	11319
11410	11498
11588	11677
11764	11845
11919	11989
12051	12103
12156	12201
12252	12301
12355	12414
12473	12538
12602	12665
12727	12783
12837	12885
12931	12973
13014	13052
13087	13125
13161	13196
13234	13273
13309	13342
13378	13405
13431	13448
13457	13462
13463	13457
13447	13429
13410	13379
13345	13308
13261	13214
13163	13104
13041	12969
12886	12794
12692	12581
12455	12318
12167	11996
11807	11604
11385	11157
10920	10688
10460	10244
10045	9868
9719	9602
9524	9489
9498	9550
9644	9766
9914	10077
10244	10409
10563	10704
10832	10944
11041	11127
11202	11263
11313	11351
11374	11388
11392	11394
11393	11395
11399	11400
11394	11377
11341	11293
11232	11169
11113	11067
11042	11043
11074	11151
11273	11456
11701	12018
12403	12847
13336	13841
14328	14767
15141	15439
15669	15833
15950	16026
16076	16105
16127	16145
16162	16182
16203	16219
16234	16244
16251	16255
16258	16265
16268	16271
16273	16274
16275	16278
16279	16282
16285	16287
16288	16290
16291	16292
16294	16294
16294	16294
16294	16294
16294	16294
16294	16294
16294	16294
16294	16294
16294	16294
16294	16294
16294	16294
16294	16294
16294	16294
16294	16294
16294	16294
16294	16294
16294	16294
16294	16294
16294	16294
16294	16294
16294	16294
16294	16294
16294	16294
16294	16294
16294	16294
16294	16294
16294	16294
16294	16294
16294	16294
16294	16294
16294	16294
16294	16294
16294	16294
16294	16294
16294	16294
16294	16294
16294	16294
16294	16294
16294	16294
16294	16294
16294	16294
16294	16294
16294	16294
16294	16294
16294	16294
16294	16294
16294	16294
16294	16294
16294	16294
16294	16294
16294	16294
16294	16294
16294	16294
16294	16294
16294	16294
16294	16294
16294	16294
16294	16294
16294	16294
16294	16294
16294	16294
16294	16294
16294	16294
16294	16294
16294	16294
16294	16294
16294	16294
16294	16294
16294	16294
16294	16294
16294	16294
16294	16294
16294	16294
16294	16294
16294	16294
16294	16294
16294	16294
16294	16294
16294	16294
16294	16294
16294	16294
16294	16294
16294	16294
16294	16294
16294	16294
16294	16294
16294	16294
16294	16294
16294	16294
16294	16294
16294	16294
16294	16294
16292	16291
16290	16288
16288	16286
16287	16284
16284	16284
16284	16284
16284	16284
16284	16281
16278	16270
16260	16240
16217	16188
16157	16129
16107	16090
16076	16063
16045	16011
15958	15875
15752	15578
15347	15050
14679	14235
13717	13142
12535	11924
11345	10827
10387	10026
9743	9525
9362	9237
9148	9082
9040	9011
8991	8975
8962	8945
8922	8899
8868	8834
8796	8763
8728	8694
8660	8623
8578	8529
8469	8402
8324	8243
8159	8073
7990	7908
7828	7750
7671	7595
7525	7465
7420	7400
7413	7461
7548	7679
7840	8034
8245	8469
8698	8921
9140	9345
9544	9732
9911	10079
10240	10386
10523	10649
10766	10882
10996	11108
11221	11330
11438	11539
11633	11721
11802	11876
11946	12011
12075	12133
12197	12259
12324	12387
12455	12519
12582	12639
12695	12744
12790	12830
12871	12908
12943	12974
13005	13038
13070	13099
13129	13155
13181	13199
13212	13217
13214	13202
13184	13157
13124	13087
13047	13000
12946	12886
12822	12746
12669	12586
12493	12392
12277	12154
12018	11873
11721	11557
11385	11200
11011	10812
10610	10407
10213	10029
9862	9715
9595	9505
9449	9432
9450	9507
9596	9718
9859	10015
10176	10341
10496	10642
10778	10895
10994	11080
11151	11213
11265	11308
11345	11369
11381	11382
11377	11363
11351	11340
11328	11312
11291	11251
11199	11136
11067	11009
10971	10969
11007	11091
11224	11410
11651	11945
12285	12671
13093	13541
13996	14437
14842	15192
15480	15701
15862	15974
16049	16096
16123	16140
16156	16165
16179	16194
16212	16229
16243	16257
16263	16268
16274	16275
16278	16279
16282	16282
16282	16283
16286	16286
16288	16288
16290	16291
16292	16294
16294	16294
16294	16294
16294	16294
16294	16294
16294	16294
16294	16294
16294	16294
16294	16294
16294	16294
16294	16294
16294	16294
16294	16294
16294	16294
16294	16294
16294	16294
16294	16294
16294	16294
16294	16294
16294	16294
16294	16294
16294	16294
16294	16294
16294	16294
16294	16294
16294	16294
16294	16294
16294	16294
16294	16294
16294	16294
16294	16294
16294	16294
16294	16294
16294	16294
16294	16294
16294	16294
16294	16294
16294	16294
16294	16294
16294	16294
16294	16294
16294	16294
16294	16294
16294	16294
16294	16294
16294	16294
16294	16294
16294	16294
16294	16294
16294	16294
16294	16294
16294	16294
16294	16294
16294	16294
16294	16294
16294	16294
16294	16294
16294	16294
16294	16294
16294	16294
16294	16294
16294	16294
16294	16294
16294	16294
16294	16294
16294	16294
16294	16294
16294	16294
16294	16294
16294	16294
16294	16294
16294	16294
16294	16294
16294	16294
16294	16294
16294	16294
16294	16294
16294	16294
16294	16294
16294	16294
16294	16294
16294	16294
16294	16294
16294	16294
16294	16294
16294	16294
16294	16294
16294	16294
16294	16294
16294	16294
16294	16294
16294	16294
16293	16293
16292	16292
16291	16291
16291	16291
16291	16291
16290	16289
16289	16289
16288	16287
16281	16274
16259	16240
16219	16189
16160	16135
16114	16096
16087	16080
16072	16057
16029	15979
15901	15788
15630	15416
15140	14795
14374	13887
13343	12767
12195	11647
11145	10705
10330	10015
9752	9537
9365	9233
9131	9063
9021	8995
8974	8963
8949	8932
8913	8889
8867	8844
8819	8793
8766	8736
8701	8660
8608	8550
8483	8416
8348	8281
8215	8149
8079	8004
7922	7833
7736	7638
7549	7474
7424	7407
7423	7480
7568	7690
7837	8000
8176	8361
8547	8735
8919	9099
9276	9450
9615	9773
9923	10062
10197	10331
10463	10595
10725	10851
10975	11094
11205	11312
11415	11507
11602	11685
11766	11837
11913	11981
12049	12118
12185	12252
12316	12376
12432	12482
12529	12572
12613	12649
12682	12711
12739	12762
12788	12809
12829	12848
12860	12870
12869	12858
12834	12802
12763	12716
12661	12604
12539	12470
12395	12314
12226	12134
12033	11929
11816	11694
11561	11418
11268	11108
10947	10780
10613	10445
10280	10120
9965	9822
9694	9584
9493	9428
9392	9383
9409	9469
9561	9680
9818	9969
10126	10283
10433	10574
10706	10825
10929	11021
11098	11163
11214	11259
11296	11329
11354	11367
11370	11361
11344	11320
11291	11265
11234	11196
11155	11098
11034	10972
10919	10893
10908	10974
11099	11285
11528	11826
12165	12543
12943	13361
13781	14193
14584	14944
15259	15521
15726	15880
15987	16061
16107	16135
16151	16160
16168	16174
16185	16200
16216	16233
16249	16262
16271	16275
16280	16283
16284	16286
16287	16288
16289	16289
16289	16289
16291	16291
16292	16293
16294	16294
16294	16294
16294	16294
16294	16294
16294	16294
16294	16294
16294	16294
16294	16294
16294	16294
16294	16294
16294	16294
16294	16294
16294	16294
16294	16294
16294	16294
16294	16294
16294	16294
16294	16294
16294	16294
16294	16294
16294	16294
16294	16294
16294	16294
16294	16294
16294	16294
16294	16294
16294	16294
16294	16294
16294	16294
16294	16294
16294	16294
16294	16294
16294	16294
16294	16294
16294	16294
16294	16294
16294	16294
16294	16294
16294	16294
16294	16294
16294	16294
16294	16294
16294	16294
16294	16294
16294	16294
16294	16294
16294	16294
16294	16294
16294	16294
16294	16294
16294	16294
16294	16294
16294	16294
16294	16294
16294	16294
16294	16294
16294	16294
16294	16294
16294	16294
16294	16294
16294	16294
16294	16294
16294	16294
16294	16294
16294	16294
16294	16294
16294	16294
16294	16294
16294	16294
16294	16294
16294	16294
16294	16294
16294	16294
16294	16294
16294	16294
16294	16294
16294	16294
16294	16294
16294	16294
16294	16294
16294	16294
16294	16294
16294	16294
16294	16294
16294	16294
16294	16294
16294	16294
16294	16294
16294	16294
16294	16294
16294	16294
16294	16294
16294	16293
16293	16292
16292	16292
16292	16292
16292	16292
16292	16292
16291	16290
16289	16287
16283	16276
16264	16247
16221	16195
16169	16143
16123	16108
16100	16095
16092	16087
16072	16045
15999	15928
15822	15674
15479	15226
14905	14519
14067	13568
13041	12508
11993	11509
11063	10662
10299	9981
9707	9477
9297	9167
9077	9020
8990	8971
8961	8951
8945	8935
8928	8917
8902	8884
8865	8840
8809	8769
8726	8676
8620	8567
8514	8462
8415	8369
8319	8260
8187	8100
8000	7893
7783	7683
7600	7534
7496	7488
7510	7557
7629	7720
7831	7955
8090	8233
8381	8536
8692	8848
8998	9148
9295	9435
9571	9711
9849	9986
10124	10260
10392	10520
10643	10764
10883	10998
11108	11215
11308	11397
11472	11550
11623	11695
11764	11834
11898	11958
12017	12072
12121	12167
12209	12246
12277	12304
12326	12343
12361	12376
12387	12397
12400	12397
12384	12355
12316	12264
12199	12131
12054	11973
11890	11804
11712	11614
11516	11411
11303	11191
11072	10949
10813	10673
10530	10381
10234	10090
9955	9828
9712	9611
9528	9462
9411	9382
9372	9381
9412	9471
9552	9661
9790	9934
10087	10242
10389	10524
10646	10757
10858	10946
11027	11096
11154	11202
11243	11275
11304	11327
11344	11349
11341	11320
11289	11251
11206	11159
11108	11050
10993	10933
10879	10839
10831	10863
10957	11115
11346	11635
11978	12360
12770	13191
13611	14018
14403	14754
15071	15343
15572	15753
15892	15993
16063	16110
16140	16156
16165	16169
16173	16177
16187	16200
16217	16233
16250	16265
16275	16282
16288	16288
16289	16289
16290	16291
16291	16292
16291	16292
16292	16293
16293	16294
16294	16294
16294	16294
16294	16294
16294	16294
16294	16294
16294	16294
16294	16294
16294	16294
16294	16294
16294	16294
16294	16294
16294	16294
16294	16294
16294	16294
16294	16294
16294	16294
16294	16294
16294	16294
16294	16294
16294	16294
16294	16294
16294	16294
16294	16294
16294	16294
16294	16294
16294	16294
16294	16294
16294	16294
16294	16294
16294	16294
16294	16294
16294	16294
16294	16294
16294	16294
16294	16294
16294	16294
16294	16294
16294	16294
16294	16294
16294	16294
16294	16294
16294	16294
16294	16294
16294	16294
16294	16294
16294	16294
16294	16294
16294	16294
16294	16294
16294	16294
16294	16294
16294	16294
16294	16294
16294	16294
16294	16294
16294	16294
16294	16294
16294	16294
16294	16294
16294	16294
16294	16294
16294	16294
16294	16294
16294	16294
16294	16294
16294	16294
16294	16294
16294	16294
16294	16294
16294	16294
16294	16294
16294	16294
16294	16294
16294	16294
16294	16294
16294	16294
16294	16294
16294	16294
16294	16294
16294	16294
16294	16294
16294	16294
16294	16294
16294	16294
16294	16294
16294	16294
16294	16294
16294	16294
16294	16294
16294	16294
16294	16294
16294	16294
16294	16294
16294	16293
16293	16292
16292	16292
16292	16292
16292	16292
16292	16291
16290	16287
16283	16276
16265	16248
16227	16201
16178	16155
16138	16123
16116	16112
16111	16111
16104	16089
16061	16014
15944	15845
15710	15534
15306	15020
14673	14272
13825	13347
12859	12370
11892	11429
10988	10570
10188	9853
9572	9354
9197	9089
9024	8986
8969	8962
8963	8968
8974	8978
8975	8968
8951	8931
8902	8866
8828	8784
8740	8695
8656	8619
8591	8560
8528	8483
8428	8354
8269	8167
8063	7959
7863	7780
7712	7660
7629	7615
7622	7648
7692	7752
7827	7917
8018	8128
8244	8360
8481	8601
8723	8843
8968	9092
9222	9351
9482	9610
9738	9865
9990	10115
10243	10370
10493	10611
10715	10811
10895	10973
11045	11118
11187	11256
11321	11384
11443	11499
11550	11598
11639	11679
11709	11733
11752	11769
11776	11789
11794	11797
11792	11780
11756	11718
11666	11595
11518	11429
11339	11244
11150	11053
10954	10856
10758	10659
10559	10460
10356	10251
10140	10024
9906	9789
9677	9578
9492	9424
9373	9342
9331	9339
9365	9404
9456	9522
9600	9693
9803	9929
10065	10208
10352	10487
10607	10714
10802	10882
10952	11016
11076	11131
11179	11220
11251	11276
11295	11311
11314	11311
11289	11256
11211	11156
11092	11026
10955	10890
10833	10789
10768	10785
10849	10971
11158	11419
11747	12125
12540	12972
13407	13829
14227	14589
14913	15195
15432	15629
15788	15907
15997	16063
16107	16136
16152	16162
16167	16168
16169	16173
16182	16195
16211	16231
16251	16264
16276	16283
16287	16290
16291	16292
16292	16292
16292	16292
16292	16292
16293	16293
16294	16294
16294	16294
16294	16294
16294	16294
16294	16294
16294	16294
16294	16294
16294	16294
16294	16294
16294	16294
16294	16294
16294	16294
16294	16294
16294	16294
16294	16294
16294	16294
16294	16294
16294	16294
16294	16294
16294	16294
16294	16294
16294	16294
16294	16294
16294	16294
16294	16294
16294	16294
16294	16294
16294	16294
16294	16294
16294	16294
16294	16294
16294	16294
16294	16294
16294	16294
16294	16294
16294	16294
16294	16294
16294	16294
16294	16294
16294	16294
16294	16294
16294	16294
16294	16294
16294	16294
16294	16294
16294	16294
16294	16294
16294	16294
16294	16294
16294	16294
16294	16294
16294	16294
16294	16294
16294	16294
16294	16294
16294	16294
16294	16294
16294	16294
16294	16294
16294	16294
16294	16294
16294	16294
16294	16294
16294	16294
16294	16294
16294	16294
16294	16294
16294	16294
16294	16294
16294	16294
16294	16294
16294	16294
16294	16294
16294	16294
16294	16294
16294	16294
16294	16294
16294	16294
16294	16294
16294	16294
16294	16294
16294	16294
16294	16294
16294	16294
16294	16294
16294	16294
16294	16294
16294	16294
16294	16294
16294	16294
16294	16294
16294	16294
16294	16294
16294	16294
16294	16294
16294	16294
16294	16294
16294	16294
16294	16294
16294	16293
16291	16290
16283	16277
16267	16251
16232	16210
16190	16169
16154	16143
16135	16132
16132	16131
16129	16121
16102	16071
16019	15953
15864	15744
15591	15394
15145	14845
14494	14099
13671	13217
12747	12263
11772	11282
10811	10371
9987	9668
9422	9241
9122	9043
9000	8982
8980	8988
9004	9019
9029	9030
9021	9005
8980	8951
8917	8880
8841	8808
8776	8754
8733	8719
8698	8669
8625	8569
8499	8415
8329	8239
8151	8070
7993	7920
7861	7810
7768	7744
7736	7742
7766	7804
7852	7912
7976	8051
8127	8208
8291	8378
8470	8567
8667	8774
8882	8989
9099	9211
9325	9446
9569	9695
9818	9934
10042	10135
10220	10296
10364	10433
10498	10560
10621	10679
10735	10789
10840	10891
10937	10974
11006	11033
11051	11064
11076	11082
11085	11087
11081	11066
11038	10996
10938	10865
10781	10688
10596	10499
10406	10316
10226	10142
10061	9983
9911	9845
9774	9703
9629	9558
9483	9412
9352	9305
9275	9259
9269	9298
9348	9414
9493	9580
9676	9767
9869	9974
10082	10201
10326	10451
10569	10678
10768	10844
10904	10956
11005	11051
11098	11144
11184	11217
11245	11260
11273	11275
11267	11245
11209	11160
11099	11025
10946	10867
10794	10736
10704	10707
10755	10857
11017	11241
11531	11879
12281	12715
13160	13601
14019	14404
14749	15049
15306	15516
15688	15823
15927	16001
16059	16099
16127	16144
16156	16161
16164	16165
16163	16169
16177	16189
16207	16228
16248	16264
16276	16282
16287	16290
16292	16293
16294	16294
16294	16294
16294	16294
16294	16294
16294	16294
16294	16294
16294	16294
16294	16294
16294	16294
16294	16294
16294	16294
16294	16294
16294	16294
16294	16294
16294	16294
16294	16294
16294	16294
16294	16294
16294	16294
16294	16294
16294	16294
16294	16294
16294	16294
16294	16294
16294	16294
16294	16294
16294	16294
16294	16294
16294	16294
16294	16294
16294	16294
16294	16294
16294	16294
16294	16294
16294	16294
16294	16294
16294	16294
16294	16294
16294	16294
16294	16294
16294	16294
16294	16294
16294	16294
16294	16294
16294	16294
16294	16294
16294	16294
16294	16294
16294	16294
16294	16294
16294	16294
16294	16294
16294	16294
16294	16294
16294	16294
16294	16294
16294	16294
16294	16294
16294	16294
16294	16294
16294	16294
16294	16294
16294	16294
16294	16294
16294	16294
16294	16294
16294	16294
16294	16294
16294	16294
16294	16294
16294	16294
16294	16294
16294	16294
16294	16294
16294	16294
16294	16294
16294	16294
16294	16294
16294	16294
16294	16294
16294	16294
16294	16294
16294	16294
16294	16294
16294	16294
16294	16294
16294	16294
16294	16294
16294	16294
16294	16294
16294	16294
16294	16294
16294	16294
16294	16294
16294	16294
16294	16294
16294	16294
16294	16294
16294	16294
16294	16294
16294	16294
16294	16294
16294	16294
16294	16293
16291	16290
16283	16279
16267	16255
16236	16217
16198	16183
16168	16160
16153	16151
16151	16152
16149	16144
16128	16099
16063	16017
15955	15878
15783	15655
15492	15282
15026	14722
14376	13985
13559	13098
12601	12078
11549	11034
10557	10140
9798	9529
9330	9190
9097	9045
9018	9019
9031	9048
9062	9072
9071	9060
9045	9020
8994	8963
8932	8903
8881	8862
8853	8843
8832	8812
8782	8738
8682	8621
8551	8485
8413	8344
8272	8202
8132	8065
8002	7951
7908	7882
7867	7863
7871	7887
7909	7939
7970	8009
8048	8094
8146	8205
8266	8338
8408	8486
8567	8653
8745	8846
8953	9063
9173	9278
9371	9455
9527	9592
9652	9709
9765	9817
9871	9922
9971	10020
10068	10115
10161	10199
10238	10266
10289	10305
10319	10329
10339	10343
10343	10331
10311	10273
10222	10159
10084	10003
9919	9840
9764	9694
9631	9574
9521	9482
9446	9418
9388	9365
9340	9314
9290	9273
9259	9261
9274	9305
9357	9428
9513	9611
9719	9832
9940	10048
10146	10243
10338	10441
10538	10639
10731	10811
10875	10926
10964	10998
11030	11067
11106	11144
11177	11203
11221	11228
11224	11213
11185	11146
11092	11028
10953	10872
10788	10715
10659	10632
10658	10737
10881	11086
11354	11678
12051	12463
12903	13348
13784	14190
14559	14883
15161	15391
15581	15736
15854	15944
16011	16057
16091	16116
16133	16146
16154	16158
16159	16159
16156	16161
16169	16184
16205	16226
16247	16264
16276	16282
16289	16291
16293	16294
16294	16294
16294	16294
16294	16294
16294	16294
16294	16294
16294	16294
16294	16294
16294	16294
16294	16294
16294	16294
16294	16294
16294	16294
16294	16294
16294	16294
16294	16294
16294	16294
16294	16294
16294	16294
16294	16294
16294	16294
16294	16294
16294	16294
16294	16294
16294	16294
16294	16294
16294	16294
16294	16294
16294	16294
16294	16294
16294	16294
16294	16294
16294	16294
16294	16294
16294	16294
16294	16294
16294	16294
16294	16294
16294	16294
16294	16294
16294	16294
16294	16294
16294	16294
16294	16294
16294	16294
16294	16294
16294	16294
16294	16294
16294	16294
16294	16294
16294	16294
16294	16294
16294	16294
16294	16294
16294	16294
16294	16294
16294	16294
16294	16294
16294	16294
16294	16294
16294	16294
16294	16294
16294	16294
16294	16294
16294	16294
16294	16294
16294	16294
16294	16294
16294	16294
16294	16294
16294	16294
16294	16294
16294	16294
16294	16294
16294	16294
16294	16294
16294	16294
16294	16294
16294	16294
16294	16294
16294	16294
16294	16294
16294	16294
16294	16294
16294	16294
16294	16294
16294	16294
16294	16294
16294	16294
16294	16294
16294	16294
16294	16294
16294	16294
16294	16294
16294	16294
16294	16294
16294	16294
16294	16294
16294	16294
16294	16294
16294	16294
16294	16294
16294	16294
16294	16294
16294	16293
16292	16290
16284	16279
16270	16258
16241	16223
16207	16193
16181	16175
16170	16170
16172	16172
16168	16162
16148	16123
16094	16054
16010	15963
15902	15832
15729	15595
15423	15203
14940	14633
14274	13863
13401	12893
12352	11800
11266	10775
10345	9987
9696	9472
9307	9193
9120	9083
9073	9077
9086	9094
9096	9094
9086	9072
9054	9028
9006	8985
8967	8957
8949	8946
8936	8921
8898	8863
8820	8772
8723	8674
8623	8570
8512	8453
8386	8319
8256	8198
8145	8103
8069	8043
8025	8013
8003	7996
7994	7994
7996	8005
8019	8037
8062	8092
8128	8167
8215	8268
8331	8404
8482	8566
8652	8730
8805	8867
8918	8969
9009	9052
9093	9136
9176	9212
9256	9296
9339	9380
9427	9467
9505	9538
9568	9593
9616	9633
9652	9667
9679	9679
9671	9650
9616	9571
9518	9463
9407	9355
9310	9272
9244	9223
9212	9205
9212	9221
9238	9255
9273	9290
9312	9331
9357	9390
9434	9490
9564	9650
9749	9857
9972	10083
10191	10292
10381	10466
10545	10623
10698	10772
10838	10897
10942	10975
11000	11026
11050	11077
11110	11139
11160	11173
11175	11165
11143	11110
11063	11005
10938	10862
10787	10713
10646	10605
10594	10638
10745	10925
11175	11490
11852	12256
12680	13117
13551	13968
14358	14705
15004	15257
15464	15636
15772	15877
15959	16019
16061	16088
16111	16125
16136	16145
16151	16154
16154	16154
16152	16157
16167	16182
16204	16226
16247	16264
16276	16282
16289	16291
16293	16294
16294	16294
16294	16294
16294	16294
16294	16294
16294	16294
16294	16294
16294	16294
16294	16294
16294	16294
16294	16294
16294	16294
16294	16294
16294	16294
16294	16294
16294	16294
16294	16294
16294	16294
16294	16294
16294	16294
16294	16294
16294	16294
16294	16294
16294	16294
16294	16294
16294	16294
16294	16294
16294	16294
16294	16294
16294	16294
16294	16294
16294	16294
16294	16294
16294	16294
16294	16294
16294	16294
16294	16294
16294	16294
16294	16294
16294	16294
16294	16294
16294	16294
16294	16294
16294	16294
16294	16294
16294	16294
16294	16294
16294	16294
16294	16294
16294	16294
16294	16294
16294	16294
16294	16294
16294	16294
16294	16294
16294	16294
16294	16294
16294	16294
16294	16294
16294	16294
16294	16294
16294	16294
16294	16294
16294	16294
16294	16294
16294	16294
16294	16294
16294	16294
16294	16294
16294	16294
16294	16294
16294	16294
16294	16294
16294	16294
16294	16294
16294	16294
16294	16294
16294	16294
16294	16294
16294	16294
16294	16294
16294	16294
16294	16294
16294	16294
16294	16294
16294	16294
16294	16294
16294	16294
16294	16294
16294	16294
16294	16294
16294	16294
16294	16294
16294	16294
16294	16294
16294	16294
16294	16294
16294	16294
16294	16294
16294	16294
16294	16294
16294	16294
16294	16294
16294	16294
16294	16293
16292	16290
16285	16279
16271	16259
16244	16229
16213	16200
16192	16186
16185	16188
16191	16191
16186	16180
16163	16141
16114	16083
16051	16020
15988	15948
15891	15811
15700	15554
15367	15136
14858	14523
14129	13671
13163	12621
12072	11542
11052	10616
10241	9927
9675	9478
9334	9236
9175	9142
9125	9117
9111	9110
9105	9099
9088	9073
9058	9043
9033	9029
9026	9023
9016	9005
8987	8957
8921	8885
8848	8811
8776	8737
8693	8644
8591	8539
8484	8433
8389	8346
8310	8278
8249	8221
8193	8173
8145	8120
8099	8079
8063	8050
8044	8043
8048	8056
8074	8097
8130	8169
8216	8266
8318	8367
8410	8449
8480	8507
8536	8560
8586	8612
8638	8665
8695	8725
8760	8799
8842	8885
8923	8961
8997	9032
9065	9096
9126	9153
9176	9193
9203	9203
9193	9178
9156	9131
9111	9095
9087	9087
9094	9110
9134	9163
9198	9239
9283	9330
9379	9427
9477	9525
9574	9623
9680	9743
9813	9900
9993	10093
10196	10298
10393	10481
10558	10627
10688	10747
10802	10857
10907	10949
10982	11006
11023	11044
11060	11079
11100	11116
11122	11118
11099	11068
11025	10968
10906	10836
10765	10697
10637	10597
10579	10598
10668	10799
11005	11288
11639	12044
12479	12924
13360	13781
14175	14537
14856	15124
15351	15533
15682	15802
15895	15970
16028	16069
16095	16112
16125	16133
16139	16147
16151	16155
16155	16154
16153	16158
16167	16183
16204	16226
16246	16264
16275	16282
16289	16291
16293	16294
16294	16294
16294	16294
16294	16294
16294	16294
16294	16294
16294	16294
16294	16294
16294	16294
16294	16294
16294	16294
16294	16294
16294	16294
16294	16294
16294	16294
16294	16294
16294	16294
16294	16294
16294	16294
16294	16294
16294	16294
16294	16294
16294	16294
16294	16294
16294	16294
16294	16294
16294	16294
16294	16294
16294	16294
16294	16294
16294	16294
16294	16294
16294	16294
16294	16294
16294	16294
16294	16294
16294	16294
16294	16294
16294	16294
16294	16294
16294	16294
16294	16294
16294	16294
16294	16294
16294	16294
16294	16294
16294	16294
16294	16294
16294	16294
16294	16294
16294	16294
16294	16294
16294	16294
16294	16294
16294	16294
16294	16294
16294	16294
16294	16294
16294	16294
16294	16294
16294	16294
16294	16294
16294	16294
16294	16294
16294	16294
16294	16294
16294	16294
16294	16294
16294	16294
16294	16294
16294	16294
16294	16294
16294	16294
16294	16294
16294	16294
16294	16294
16294	16294
16294	16294
16294	16294
16294	16294
16294	16294
16294	16294
16294	16294
16294	16294
16294	16294
16294	16294
16294	16294
16294	16294
16294	16294
16294	16294
16294	16294
16294	16294
16294	16294
16294	16294
16294	16294
16294	16294
16294	16294
16294	16294
16294	16294
16294	16294
16294	16294
16294	16294
16294	16294
16294	16294
16294	16293
16291	16290
16285	16279
16272	16261
16247	16230
16215	16207
16200	16199
16200	16203
16207	16210
16205	16198
16181	16162
16136	16110
16085	16065
16049	16029
16000	15954
15887	15793
15670	15507
15307	15054
14741	14363
13921	13431
12913	12387
11878	11397
10958	10565
10224	9937
9704	9520
9386	9285
9216	9168
9137	9120
9111	9106
9100	9093
9084	9076
9074	9075
9078	9082
9082	9073
9055	9033
9003	8973
8943	8913
8882	8855
8820	8785
8745	8707
8669	8637
8603	8573
8544	8516
8486	8458
8427	8396
8363	8328
8294	8262
8230	8197
8172	8154
8138	8126
8121	8122
8128	8141
8160	8176
8196	8216
8232	8246
8258	8268
8281	8289
8303	8317
8328	8342
8361	8383
8412	8447
8485	8525
8567	8611
8653	8696
8739	8781
8823	8864
8900	8931
8956	8981
8994	9006
9014	9026
9037	9059
9083	9118
9155	9200
9247	9298
9349	9404
9463	9524
9587	9652
9711	9773
9826	9880
9933	9990
10055	10126
10202	10285
10372	10457
10537	10611
10676	10731
10779	10824
10867	10905
10945	10976
11000	11018
11033	11048
11060	11067
11073	11067
11054	11025
10985	10931
10866	10797
10731	10666
10614	10579
10570	10587
10645	10753
10916	11147
11451	11822
12250	12707
13172	13615
14028	14400
14731	15015
15255	15453
15609	15734
15835	15917
15982	16036
16077	16106
16124	16133
16140	16145
16149	16152
16158	16159
16162	16161
16162	16168
16177	16192
16211	16232
16251	16267
16277	16283
16290	16291
16293	16294
16294	16294
16294	16294
16294	16294
16294	16294
16294	16294
16294	16294
16294	16294
16294	16294
16294	16294
16294	16294
16294	16294
16294	16294
16294	16294
16294	16294
16294	16294
16294	16294
16294	16294
16294	16294
16294	16294
16294	16294
16294	16294
16294	16294
16294	16294
16294	16294
16294	16294
16294	16294
16294	16294
16294	16294
16294	16294
16294	16294
16294	16294
16294	16294
16294	16294
16294	16294
16294	16294
16294	16294
16294	16294
16294	16294
16294	16294
16294	16294
16294	16294
16294	16294
16294	16294
16294	16294
16294	16294
16294	16294
16294	16294
16294	16294
16294	16294
16294	16294
16294	16294
16294	16294
16294	16294
16294	16294
16294	16294
16294	16294
16294	16294
16294	16294
16294	16294
16294	16294
16294	16294
16294	16294
16294	16294
16294	16294
16294	16294
16294	16294
16294	16294
16294	16294
16294	16294
16294	16294
16294	16294
16294	16294
16294	16294
16294	16294
16294	16294
16294	16294
16294	16294
16294	16294
16294	16294
16294	16294
16294	16294
16294	16294
16294	16294
16294	16294
16294	16294
16294	16294
16294	16294
16294	16294
16294	16294
16294	16294
16294	16294
16294	16294
16294	16294
16294	16294
16294	16294
16294	16294
16294	16294
16294	16294
16294	16294
16294	16294
16294	16294
16294	16294
16294	16294
16294	16293
16291	16290
16285	16281
16274	16263
16250	16235
16222	16211
16208	16209
16210	16217
16222	16225
16222	16217
16199	16182
16158	16139
16119	16104
16096	16089
16074	16051
16012	15955
15876	15771
15634	15455
15225	14936
14583	14175
13719	13240
12749	12263
11797	11354
10946	10581
10259	9981
9751	9563
9415	9298
9214	9156
9122	9100
9090	9082
9080	9081
9087	9096
9108	9120
9128	9127
9117	9098
9073	9046
9020	8993
8968	8940
8910	8884
8853	8830
8810	8796
8779	8762
8746	8726
8703	8678
8651	8622
8590	8556
8520	8487
8449	8416
8385	8357
8332	8314
8297	8286
8277	8272
8266	8263
8261	8256
8253	8247
8243	8242
8243	8243
8244	8249
8253	8261
8274	8289
8311	8344
8379	8421
8462	8507
8554	8601
8650	8702
8751	8800
8846	8890
8929	8962
8998	9031
9065	9103
9144	9190
9241	9301
9358	9416
9473	9529
9584	9639
9697	9758
9822	9887
9948	10006
10062	10109
10157	10203
10255	10307
10368	10428
10499	10566
10632	10693
10749	10794
10834	10866
10901	10929
10956	10980
10999	11016
11026	11034
11034	11024
11010	10985
10947	10897
10836	10769
10703	10640
10590	10557
10547	10572
10634	10741
10895	11102
11361	11684
12065	12490
12951	13416
13866	14272
14634	14939
15193	15400
15567	15698
15801	15880
15947	16000
16047	16086
16118	16137
16152	16155
16159	16158
16161	16163
16167	16171
16174	16173
16177	16180
16189	16204
16220	16237
16256	16268
16279	16283
16290	16291
16293	16294
16294	16294
16294	16294
16294	16294
16294	16294
16294	16294
16294	16294
16294	16294
16294	16294
16294	16294
16294	16294
16294	16294
16294	16294
16294	16294
16294	16294
16294	16294
16294	16294
16294	16294
16294	16294
16294	16294
16294	16294
16294	16294
16294	16294
16294	16294
16294	16294
16294	16294
16294	16294
16294	16294
16294	16294
16294	16294
16294	16294
16294	16294
16294	16294
16294	16294
16294	16294
16294	16294
16294	16294
16294	16294
16294	16294
16294	16294
16294	16294
16294	16294
16294	16294
16294	16294
16294	16294
16294	16294
16294	16294
16294	16294
16294	16294
16294	16294
16294	16294
16294	16294
16294	16294
16294	16294
16294	16294
16294	16294
16294	16294
16294	16294
16294	16294
16294	16294
16294	16294
16294	16294
16294	16294
16294	16294
16294	16294
16294	16294
16294	16294
16294	16294
16294	16294
16294	16294
16294	16294
16294	16294
16294	16294
16294	16294
16294	16294
16294	16294
16294	16294
16294	16294
16294	16294
16294	16294
16294	16294
16294	16294
16294	16294
16294	16294
16294	16294
16294	16294
16294	16294
16294	16294
16294	16294
16294	16294
16294	16294
16294	16294
16294	16294
16294	16294
16294	16294
16294	16294
16294	16294
16294	16294
16294	16294
16294	16294
16294	16294
16294	16294
16294	16294
16294	16294
16294	16293
16291	16291
16287	16283
16275	16267
16254	16241
16230	16222
16219	16220
16226	16229
16237	16240
16239	16233
16219	16205
16189	16169
16156	16146
16143	16138
16134	16124
16099	16065
16017	15950
15861	15745
15587	15382
15119	14802
14433	14024
13589	13140
12684	12234
11792	11376
10982	10621
10295	10010
9764	9558
9391	9266
9176	9115
9078	9058
9053	9057
9070	9093
9115	9139
9158	9171
9168	9156
9136	9114
9088	9063
9035	9009
8985	8960
8943	8928
8920	8921
8919	8918
8910	8898
8880	8862
8840	8818
8791	8765
8735	8703
8672	8641
8611	8587
8566	8548
8531	8515
8504	8491
8477	8462
8444	8425
8412	8396
8388	8380
8375	8372
8371	8372
8372	8377
8385	8399
8420	8449
8483	8523
8567	8611
8660	8708
8759	8812
8863	8915
8968	9014
9062	9109
9152	9198
9246	9299
9356	9418
9485	9551
9616	9681
9733	9787
9830	9880
9925	9979
10033	10092
10147	10202
10246	10290
10328	10366
10402	10443
10488	10535
10587	10639
10692	10743
10787	10826
10854	10883
10905	10927
10948	10967
10981	10991
10991	10984
10968	10944
10907	10860
10805	10743
10681	10624
10573	10543
10537	10564
10629	10737
10892	11093
11344	11641
11981	12364
12782	13221
13673	14104
14503	14849
15136	15367
15550	15691
15797	15882
15942	15991
16031	16068
16101	16131
16155	16170
16178	16181
16179	16177
16178	16182
16185	16189
16190	16195
16196	16200
16206	16218
16233	16250
16263	16275
16280	16286
16291	16291
16293	16294
16294	16294
16294	16294
16294	16294
16294	16294
16294	16294
16294	16294
16294	16294
16294	16294
16294	16294
16294	16294
16294	16294
16294	16294
16294	16294
16294	16294
16294	16294
16294	16294
16294	16294
16294	16294
16294	16294
16294	16294
16294	16294
16294	16294
16294	16294
16294	16294
16294	16294
16294	16294
16294	16294
16294	16294
16294	16294
16294	16294
16294	16294
16294	16294
16294	16294
16294	16294
16294	16294
16294	16294
16294	16294
16294	16294
16294	16294
16294	16294
16294	16294
16294	16294
16294	16294
16294	16294
16294	16294
16294	16294
16294	16294
16294	16294
16294	16294
16294	16294
16294	16294
16294	16294
16294	16294
16294	16294
16294	16294
16294	16294
16294	16294
16294	16294
16294	16294
16294	16294
16294	16294
16294	16294
16294	16294
16294	16294
16294	16294
16294	16294
16294	16294
16294	16294
16294	16294
16294	16294
16294	16294
16294	16294
16294	16294
16294	16294
16294	16294
16294	16294
16294	16294
16294	16294
16294	16294
16294	16294
16294	16294
16294	16294
16294	16294
16294	16294
16294	16294
16294	16294
16294	16294
16294	16294
16294	16294
16294	16294
16294	16294
16294	16294
16294	16294
16294	16294
16294	16294
16294	16294
16294	16294
16294	16294
16294	16294
16294	16294
16294	16294
16294	16294
16294	16294
16294	16293
16291	16291
16288	16283
16278	16270
16259	16248
16241	16233
16232	16233
16239	16244
16247	16251
16252	16246
16240	16227
16213	16200
16190	16184
16182	16183
16178	16174
16161	16139
16108	16070
16018	15945
15846	15709
15526	15291
15013	14689
14335	13945
13539	13119
12689	12257
11831	11411
11014	10636
10293	9984
9721	9499
9329	9201
9113	9057
9030	9026
9038	9066
9103	9140
9174	9196
9206	9206
9191	9173
9149	9125
9100	9073
9048	9029
9015	9013
9016	9025
9037	9044
9043	9037
9026	9013
8997	8981
8962	8941
8919	8891
8864	8841
8818	8800
8784	8773
8763	8754
8743	8730
8714	8697
8676	8657
8643	8628
8617	8608
8605	8601
8599	8600
8604	8610
8620	8638
8656	8684
8718	8756
8798	8845
8891	8938
8990	9040
9092	9142
9190	9239
9285	9332
9380	9428
9480	9537
9602	9668
9738	9808
9871	9927
9973	10012
10046	10078
10113	10154
10202	10249
10297	10341
10384	10418
10451	10480
10508	10540
10574	10610
10650	10690
10731	10770
10804	10834
10854	10871
10885	10899
10911	10921
10926	10923
10911	10890
10858	10815
10765	10713
10657	10607
10567	10542
10544	10576
10644	10754
10908	11106
11354	11644
11974	12332
12716	13117
13529	13943
14346	14717
15042	15315
15527	15692
15815	15902
15967	16013
16048	16076
16101	16126
16150	16171
16188	16199
16207	16207
16205	16203
16201	16203
16205	16211
16214	16215
16217	16222
16228	16235
16246	16258
16270	16278
16283	16288
16291	16292
16293	16294
16294	16294
16294	16294
16294	16294
16294	16294
16294	16294
16294	16294
16294	16294
16294	16294
16294	16294
16294	16294
16294	16294
16294	16294
16294	16294
16294	16294
16294	16294
16294	16294
16294	16294
16294	16294
16294	16294
16294	16294
16294	16294
16294	16294
16294	16294
16294	16294
16294	16294
16294	16294
16294	16294
16294	16294
16294	16294
16294	16294
16294	16294
16294	16294
16294	16294
16294	16294
16294	16294
16294	16294
16294	16294
16294	16294
16294	16294
16294	16294
16294	16294
16294	16294
16294	16294
16294	16294
16294	16294
16294	16294
16294	16294
16294	16294
16294	16294
16294	16294
16294	16294
16294	16294
16294	16294
16294	16294
16294	16294
16294	16294
16294	16294
16294	16294
16294	16294
16294	16294
16294	16294
16294	16294
16294	16294
16294	16294
16294	16294
16294	16294
16294	16294
16294	16294
16294	16294
16294	16294
16294	16294
16294	16294
16294	16294
16294	16294
16294	16294
16294	16294
16294	16294
16294	16294
16294	16294
16294	16294
16294	16294
16294	16294
16294	16294
16294	16294
16294	16294
16294	16294
16294	16294
16294	16294
16294	16294
16294	16294
16294	16294
16294	16294
16294	16294
16294	16294
16294	16294
16294	16294
16294	16294
16294	16294
16294	16294
16294	16294
16294	16294
16294	16294
16294	16294
16294	16294
16293	16291
16289	16285
16281	16275
16266	16258
16252	16247
16245	16248
16251	16257
16261	16265
16264	16262
16255	16248
16239	16230
16224	16218
16217	16217
16216	16213
16205	16192
16175	16151
16123	16080
16020	15932
15811	15649
15450	15208
14934	14627
14293	13933
13549	13146
12725	12289
11852	11415
10995	10594
10229	9909
9636	9418
9251	9133
9060	9025
9027	9048
9087	9132
9175	9208
9231	9236
9232	9220
9200	9181
9156	9133
9112	9095
9087	9087
9098	9114
9132	9146
9151	9150
9141	9133
9123	9112
9101	9084
9066	9045
9020	8997
8982	8970
8961	8956
8954	8951
8949	8943
8935	8922
8908	8895
8879	8870
8864	8859
8860	8862
8863	8871
8876	8884
8896	8916
8939	8970
9002	9041
9083	9127
9171	9214
9259	9306
9351	9397
9442	9485
9529	9572
9617	9663
9713	9766
9827	9891
9957	10018
10077	10121
10157	10183
10204	10227
10252	10283
10323	10362
10403	10442
10478	10507
10536	10561
10588	10610
10637	10666
10695	10723
10751	10778
10801	10816
10827	10832
10836	10837
10837	10835
10826	10811
10785	10751
10707	10663
10619	10580
10550	10542
10556	10597
10676	10793
10948	11150
11391	11675
11995	12344
12712	13094
13480	13861
14235	14593
14923	15216
15461	15662
15812	15922
16001	16050
16087	16111
16128	16145
16160	16177
16190	16208
16218	16229
16230	16230
16227	16224
16224	16225
16227	16231
16233	16238
16239	16241
16244	16252
16261	16270
16277	16284
16287	16290
16291	16293
16294	16294
16294	16294
16294	16294
16294	16294
16294	16294
16294	16294
16294	16294
16294	16294
16294	16294
16294	16294
16294	16294
16294	16294
16294	16294
16294	16294
16294	16294
16294	16294
16294	16294
16294	16294
16294	16294
16294	16294
16294	16294
16294	16294
16294	16294
16294	16294
16294	16294
16294	16294
16294	16294
16294	16294
16294	16294
16294	16294
16294	16294
16294	16294
16294	16294
16294	16294
16294	16294
16294	16294
16294	16294
16294	16294
16294	16294
16294	16294
16294	16294
16294	16294
16294	16294
16294	16294
16294	16294
16294	16294
16294	16294
16294	16294
16294	16294
16294	16294
16294	16294
16294	16294
16294	16294
16294	16294
16294	16294
16294	16294
16294	16294
16294	16294
16294	16294
16294	16294
16294	16294
16294	16294
16294	16294
16294	16294
16294	16294
16294	16294
16294	16294
16294	16294
16294	16294
16294	16294
16294	16294
16294	16294
16294	16294
16294	16294
16294	16294
16294	16294
16294	16294
16294	16294
16294	16294
16294	16294
16294	16294
16294	16294
16294	16294
16294	16294
16294	16294
16294	16294
16294	16294
16294	16294
16294	16294
16294	16294
16294	16294
16294	16294
16294	16294
16294	16294
16294	16294
16294	16294
16294	16294
16294	16294
16294	16294
16294	16294
16294	16294
16294	16294
16294	16294
16294	16294
16294	16294
16293	16291
16290	16288
16285	16281
16275	16267
16261	16260
16257	16259
16263	16268
16272	16273
16275	16274
16269	16263
16258	16251
16248	16245
16243	16244
16241	16239
16236	16230
16219	16208
16190	16166
16131	16077
15998	15891
15748	15582
15382	15154
14900	14619
14305	13959
13580	13171
12737	12284
11824	11364
10924	10509
10138	9817
9555	9353
9211	9123
9083	9080
9105	9143
9184	9222
9246	9256
9258	9250
9237	9221
9206	9189
9173	9161
9155	9160
9173	9193
9213	9229
9237	9240
9237	9233
9226	9222
9214	9200
9182	9161
9138	9118
9102	9094
9090	9092
9097	9102
9107	9109
9108	9104
9099	9091
9084	9080
9077	9080
9085	9093
9099	9110
9120	9135
9150	9173
9200	9232
9267	9308
9345	9389
9429	9470
9510	9550
9589	9632
9673	9712
9749	9789
9824	9864
9905	9952
10002	10060
10118	10173
10219	10259
10283	10301
10314	10332
10351	10378
10406	10442
10478	10511
10543	10570
10594	10615
10639	10663
10683	10705
10722	10740
10755	10767
10773	10776
10769	10761
10751	10739
10726	10710
10689	10663
10629	10593
10557	10530
10512	10520
10551	10613
10707	10840
11008	11217
11461	11742
12051	12387
12741	13111
13478	13843
14190	14523
14831	15116
15370	15587
15766	15904
16004	16074
16120	16150
16167	16179
16188	16194
16204	16215
16225	16236
16243	16251
16252	16249
16248	16247
16245	16246
16247	16251
16252	16255
16256	16259
16262	16266
16271	16279
16283	16285
16288	16291
16291	16293
16294	16294
16294	16294
16294	16294
16294	16294
16294	16294
16294	16294
16294	16294
16294	16294
16294	16294
16294	16294
16294	16294
16294	16294
16294	16294
16294	16294
16294	16294
16294	16294
16294	16294
16294	16294
16294	16294
16294	16294
16294	16294
16294	16294
16294	16294
16294	16294
16294	16294
16294	16294
16294	16294
16294	16294
16294	16294
16294	16294
16294	16294
16294	16294
16294	16294
16294	16294
16294	16294
16294	16294
16294	16294
16294	16294
16294	16294
16294	16294
16294	16294
16294	16294
16294	16294
16294	16294
16294	16294
16294	16294
16294	16294
16294	16294
16294	16294
16294	16294
16294	16294
16294	16294
16294	16294
16294	16294
16294	16294
16294	16294
16294	16294
16294	16294
16294	16294
16294	16294
16294	16294
16294	16294
16294	16294
16294	16294
16294	16294
16294	16294
16294	16294
16294	16294
16294	16294
16294	16294
16294	16294
16294	16294
16294	16294
16294	16294
16294	16294
16294	16294
16294	16294
16294	16294
16294	16294
16294	16294
16294	16294
16294	16294
16294	16294
16294	16294
16294	16294
16294	16294
16294	16294
16294	16294
16294	16294
16294	16294
16294	16294
16294	16294
16294	16294
16294	16294
16294	16294
16294	16294
16294	16294
16294	16294
16294	16294
16294	16294
16294	16294
16294	16294
16294	16294
16294	16294
16294	16294
16293	16291
16291	16288
16287	16284
16280	16276
16272	16270
16270	16270
16273	16275
16278	16280
16282	16279
16278	16274
16273	16269
16267	16264
16265	16265
16266	16262
16260	16254
16249	16242
16233	16221
16199	16166
16112	16040
15944	15826
15687	15532
15351	15147
14911	14637
14328	13975
13584	13160
12708	12235
11755	11281
10833	10421
10065	9769
9543	9379
9276	9222
9208	9216
9239	9255
9271	9275
9272	9264
9255	9245
9239	9231
9223	9216
9215	9222
9234	9254
9275	9291
9303	9311
9313	9312
9312	9312
9308	9295
9279	9256
9233	9211
9196	9187
9184	9189
9196	9208
9215	9225
9232	9235
9236	9238
9237	9240
9245	9254
9263	9276
9287	9303
9318	9337
9357	9381
9412	9444
9483	9524
9562	9601
9639	9676
9714	9750
9788	9824
9858	9893
9924	9957
9987	10018
10051	10089
10128	10178
10230	10274
10316	10345
10365	10376
10388	10400
10419	10444
10472	10503
10535	10564
10589	10613
10634	10655
10675	10693
10709	10720
10731	10735
10735	10730
10719	10701
10680	10653
10628	10603
10585	10560
10535	10506
10483	10463
10458	10477
10522	10601
10718	10871
11063	11289
11546	11832
12140	12468
12810	13160
13512	13858
14190	14504
14789	15055
15293	15504
15687	15843
15966	16059
16124	16166
16195	16210
16221	16223
16229	16232
16237	16242
16249	16257
16263	16265
16269	16268
16266	16263
16263	16262
16265	16267
16268	16270
16272	16272
16272	16276
16281	16283
16286	16288
16290	16291
16292	16294
16294	16294
16294	16294
16294	16294
16294	16294
16294	16294
16294	16294
16294	16294
16294	16294
16294	16294
16294	16294
16294	16294
16294	16294
16294	16294
16294	16294
16294	16294
16294	16294
16294	16294
16294	16294
16294	16294
16294	16294
16294	16294
16294	16294
16294	16294
16294	16294
16294	16294
16294	16294
16294	16294
16294	16294
16294	16294
16294	16294
16294	16294
16294	16294
16294	16294
16294	16294
16294	16294
16294	16294
16294	16294
16294	16294
16294	16294
16294	16294
16294	16294
16294	16294
16294	16294
16294	16294
16294	16294
16294	16294
16294	16294
16294	16294
16294	16294
16294	16294
16294	16294
16294	16294
16294	16294
16294	16294
16294	16294
16294	16294
16294	16294
16294	16294
16294	16294
16294	16294
16294	16294
16294	16294
16294	16294
16294	16294
16294	16294
16294	16294
16294	16294
16294	16294
16294	16294
16294	16294
16294	16294
16294	16294
16294	16294
16294	16294
16294	16294
16294	16294
16294	16294
16294	16294
16294	16294
16294	16294
16294	16294
16294	16294
16294	16294
16294	16294
16294	16294
16294	16294
16294	16294
16294	16294
16294	16294
16294	16294
16294	16294
16294	16294
16294	16294
16294	16294
16294	16294
16294	16294
16294	16294
16294	16294
16294	16294
16294	16294
16294	16294
16294	16294
16294	16294
16294	16294
16294	16294
16294	16292
16291	16290
16288	16287
16285	16283
16280	16277
16277	16279
16279	16282
16284	16285
16285	16285
16284	16283
16279	16279
16277	16277
16276	16276
16276	16276
16273	16273
16270	16264
16260	16251
16238	16214
16177	16126
16061	15979
15886	15779
15660	15523
15359	15161
14927	14649
14329	13964
13562	13121
12651	12163
11675	11210
10778	10400
10088	9842
9661	9537
9459	9412
9386	9368
9350	9327
9303	9284
9269	9260
9261	9260
9261	9263
9265	9270
9281	9298
9318	9338
9352	9361
9370	9376
9380	9383
9383	9371
9355	9333
9308	9285
9269	9261
9257	9261
9270	9281
9294	9305
9317	9326
9333	9340
9344	9353
9363	9377
9390	9407
9423	9442
9462	9482
9506	9533
9565	9602
9637	9677
9716	9753
9790	9825
9858	9893
9926	9959
9991	10024
10051	10080
10104	10129
10155	10179
10212	10250
10293	10334
10367	10393
10409	10423
10432	10449
10467	10493
10519	10549
10576	10600
10621	10639
10655	10673
10688	10698
10709	10713
10713	10702
10689	10665
10637	10603
10563	10524
10492	10462
10439	10421
10406	10397
10402	10428
10483	10574
10705	10875
11088	11336
11617	11919
12244	12575
12909	13245
13579	13904
14219	14517
14790	15033
15253	15446
15616	15764
15894	15999
16089	16150
16194	16223
16241	16248
16255	16255
16258	16260
16262	16265
16270	16273
16277	16278
16279	16278
16275	16276
16274	16275
16276	16278
16278	16280
16281	16281
16282	16285
16286	16287
16288	16290
16291	16292
16294	16294
16294	16294
16294	16294
16294	16294
16294	16294
16294	16294
16294	16294
16294	16294
16294	16294
16294	16294
16294	16294
16294	16294
16294	16294
16294	16294
16294	16294
16294	16294
16294	16294
16294	16294
16294	16294
16294	16294
16294	16294
16294	16294
16294	16294
16294	16294
16294	16294
16294	16294
16294	16294
16294	16294
16294	16294
16294	16294
16294	16294
16294	16294
16294	16294
16294	16294
16294	16294
16294	16294
16294	16294
16294	16294
16294	16294
16294	16294
16294	16294
16294	16294
16294	16294
16294	16294
16294	16294
16294	16294
16294	16294
16294	16294
16294	16294
16294	16294
16294	16294
16294	16294
16294	16294
16294	16294
16294	16294
16294	16294
16294	16294
16294	16294
16294	16294
16294	16294
16294	16294
16294	16294
16294	16294
16294	16294
16294	16294
16294	16294
16294	16294
16294	16294
16294	16294
16294	16294
16294	16294
16294	16294
16294	16294
16294	16294
16294	16294
16294	16294
16294	16294
16294	16294
16294	16294
16294	16294
16294	16294
16294	16294
16294	16294
16294	16294
16294	16294
16294	16294
16294	16294
16294	16294
16294	16294
16294	16294
16294	16294
16294	16294
16294	16294
16294	16294
16294	16294
16294	16294
16294	16294
16294	16294
16294	16294
16294	16294
16294	16294
16294	16294
16294	16294
16294	16294
16294	16294
16294	16294
16294	16294
16292	16291
16290	16288
16288	16286
16286	16283
16282	16284
16286	16287
16287	16287
16287	16287
16287	16288
16286	16285
16282	16282
16282	16282
16282	16282
16282	16281
16279	16278
16275	16268
16258	16242
16214	16176
16127	16068
16004	15936
15858	15771
15665	15533
15368	15170
14929	14647
14317	13943
13524	13069
12594	12114
11649	11220
10840	10519
10259	10055
9900	9779
9686	9605
9531	9460
9397	9346
9312	9296
9296	9298
9302	9304
9302	9304
9309	9322
9339	9358
9373	9387
9396	9408
9417	9428
9430	9425
9409	9388
9367	9348
9331	9323
9321	9322
9330	9338
9349	9364
9376	9386
9397	9407
9416	9430
9443	9458
9475	9496
9516	9534
9559	9581
9607	9635
9668	9702
9740	9778
9815	9852
9887	9922
9956	9988
10021	10054
10086	10115
10146	10168
10189	10206
10222	10240
10264	10291
10325	10359
10389	10412
10431	10442
10454	10472
10494	10521
10546	10571
10593	10611
10625	10638
10648	10658
10666	10674
10677	10675
10665	10647
10621	10588
10545	10496
10449	10405
10372	10353
10348	10353
10372	10408
10467	10560
10692	10871
11090	11352
11650	11973
12318	12665
13012	13349
13673	13985
14278	14550
14808	15040
15245	15423
15577	15707
15823	15926
16017	16093
16154	16201
16232	16252
16265	16270
16272	16275
16274	16275
16276	16278
16279	16281
16283	16283
16283	16283
16282	16282
16281	16281
16282	16282
16282	16282
16282	16284
16286	16287
16288	16288
16290	16290
16292	16293
16294	16294
16294	16294
16294	16294
16294	16294
16294	16294
16294	16294
16294	16294
16294	16294
16294	16294
16294	16294
16294	16294
16294	16294
16294	16294
16294	16294
16294	16294
16294	16294
16294	16294
16294	16294
16294	16294
16294	16294
16294	16294
16294	16294
16294	16294
16294	16294
16294	16294
16294	16294
16294	16294
16294	16294
16294	16294
16294	16294
16294	16294
16294	16294
16294	16294
16294	16294
16294	16294
16294	16294
16294	16294
16294	16294
16294	16294
16294	16294
16294	16294
16294	16294
16294	16294
16294	16294
16294	16294
16294	16294
16294	16294
16294	16294
16294	16294
16294	16294
16294	16294
16294	16294
16294	16294
16294	16294
16294	16294
16294	16294
16294	16294
16294	16294
16294	16294
16294	16294
16294	16294
16294	16294
16294	16294
16294	16294
16294	16294
16294	16294
16294	16294
16294	16294
16294	16294
16294	16294
16294	16294
16294	16294
16294	16294
16294	16294
16294	16294
16294	16294
16294	16294
16294	16294
16294	16294
16294	16294
16294	16294
16294	16294
16294	16294
16294	16294
16294	16294
16294	16294
16294	16294
16294	16294
16294	16294
16294	16294
16294	16294
16294	16294
16294	16294
16294	16294
16294	16294
16294	16294
16294	16294
16294	16294
16294	16294
16294	16294
16294	16294
16294	16294
16294	16294
16294	16294
16294	16294
16294	16294
16294	16294
16293	16293
16291	16290
16289	16289
16290	16291
16291	16290
16289	16289
16289	16291
16291	16291
16291	16291
16291	16290
16289	16289
16290	16290
16289	16289
16287	16285
16284	16284
16281	16276
16268	16254
16232	16203
16164	16123
16075	16032
15982	15927
15862	15778
15671	15538
15373	15170
14927	14638
14296	13911
13488	13042
12588	12151
11740	11372
11050	10778
10546	10348
10174	10019
9870	9732
9609	9512
9443	9402
9386	9380
9377	9370
9357	9344
9339	9340
9350	9362
9375	9385
9398	9410
9423	9436
9445	9444
9435	9419
9402	9385
9373	9366
9365	9369
9375	9384
9395	9407
9419	9430
9441	9450
9462	9474
9493	9509
9530	9552
9575	9597
9622	9647
9672	9701
9734	9769
9805	9841
9879	9915
9951	9984
10017	10050
10083	10115
10149	10178
10206	10227
10244	10254
10264	10273
10288	10308
10336	10362
10386	10409
10424	10436
10449	10472
10495	10520
10544	10565
10578	10588
10594	10601
10604	10611
10615	10620
10620	10615
10603	10582
10553	10517
10473	10423
10380	10345
10333	10341
10372	10425
10500	10600
10731	10900
11118	11375
11676	12007
12360	12721
13084	13433
13765	14074
14356	14613
14849	15063
15255	15424
15567	15685
15785	15866
15947	16017
16083	16138
16188	16224
16251	16266
16275	16279
16282	16282
16282	16283
16284	16285
16286	16287
16287	16287
16288	16288
16289	16288
16291	16288
16289	16288
16289	16289
16290	16291
16291	16291
16292	16292
16292	16293
16293	16294
16294	16294
16294	16294
16294	16294
16294	16294
16294	16294
16294	16294
16294	16294
16294	16294
16294	16294
16294	16294
16294	16294
16294	16294
16294	16294
16294	16294
16294	16294
16294	16294
16294	16294
16294	16294
16294	16294
16294	16294
16294	16294
16294	16294
16294	16294
16294	16294
16294	16294
16294	16294
16294	16294
16294	16294
16294	16294
16294	16294
16294	16294
16294	16294
16294	16294
16294	16294
16294	16294
16294	16294
16294	16294
16294	16294
16294	16294
16294	16294
16294	16294
16294	16294
16294	16294
16294	16294
16294	16294
16294	16294
16294	16294
16294	16294
16294	16294
16294	16294
16294	16294
16294	16294
16294	16294
16294	16294
16294	16294
16294	16294
16294	16294
16294	16294
16294	16294
16294	16294
16294	16294
16294	16294
16294	16294
16294	16294
16294	16294
16294	16294
16294	16294
16294	16294
16294	16294
16294	16294
16294	16294
16294	16294
16294	16294
16294	16294
16294	16294
16294	16294
16294	16294
16294	16294
16294	16294
16294	16294
16294	16294
16294	16294
16294	16294
16294	16294
16294	16294
16294	16294
16294	16294
16294	16294
16294	16294
16294	16294
16294	16294
16294	16294
16294	16294
16294	16294
16294	16294
16294	16294
16294	16294
16294	16294
16294	16294
16294	16294
16294	16294
16294	16294
16294	16294
16294	16294
16294	16294
16294	16294
16294	16294
16294	16293
16293	16292
16292	16292
16291	16291
16291	16291
16292	16292
16292	16292
16292	16292
16292	16292
16292	16292
16292	16292
16292	16291
16291	16291
16292	16290
16289	16289
16287	16283
16277	16265
16245	16218
16188	16155
16120	16088
16053	16021
15981	15932
15866	15782
15678	15543
15379	15174
14921	14621
14278	13899
13500	13094
12697	12318
11971	11654
11367	11102
10859	10621
10396	10184
9994	9833
9715	9638
9589	9559
9531	9501
9462	9426
9397	9380
9372	9371
9369	9370
9373	9381
9393	9409
9422	9427
9423	9413
9400	9388
9386	9383
9385	9391
9400	9409
9417	9428
9439	9450
9461	9471
9487	9500
9519	9538
9561	9585
9608	9633
9657	9681
9710	9740
9770	9806
9839	9875
9912	9950
9983	10017
10049	10084
10117	10152
10182	10212
10236	10254
10267	10275
10278	10281
10290	10303
10319	10338
10356	10372
10381	10395
10410	10430
10457	10481
10501	10516
10524	10527
10526	10528
10531	10538
10545	10550
10555	10554
10552	10544
10527	10504
10476	10446
10422	10415
10440	10492
10579	10697
10842	11012
11218	11459
11741	12061
12404	12764
13129	13486
13827	14143
14427	14680
14908	15104
15278	15432
15566	15680
15773	15848
15907	15962
16011	16061
16113	16162
16201	16236
16257	16274
16281	16285
16288	16289
16289	16289
16289	16289
16289	16291
16292	16292
16292	16292
16291	16291
16291	16291
16291	16292
16292	16292
16292	16292
16292	16292
16292	16293
16293	16294
16294	16294
16294	16294
16294	16294
16294	16294
16294	16294
16294	16294
16294	16294
16294	16294
16294	16294
16294	16294
16294	16294
16294	16294
16294	16294
16294	16294
16294	16294
16294	16294
16294	16294
16294	16294
16294	16294
16294	16294
16294	16294
16294	16294
16294	16294
16294	16294
16294	16294
16294	16294
16294	16294
16294	16294
16294	16294
16294	16294
16294	16294
16294	16294
16294	16294
16294	16294
16294	16294
16294	16294
16294	16294
16294	16294
16294	16294
16294	16294
16294	16294
16294	16294
16294	16294
16294	16294
16294	16294
16294	16294
16294	16294
16294	16294
16294	16294
16294	16294
16294	16294
16294	16294
16294	16294
16294	16294
16294	16294
16294	16294
16294	16294
16294	16294
16294	16294
16294	16294
16294	16294
16294	16294
16294	16294
16294	16294
16294	16294
16294	16294
16294	16294
16294	16294
16294	16294
16294	16294
16294	16294
16294	16294
16294	16294
16294	16294
16294	16294
16294	16294
16294	16294
16294	16294
16294	16294
16294	16294
16294	16294
16294	16294
16294	16294
16294	16294
16294	16294
16294	16294
16294	16294
16294	16294
16294	16294
16294	16294
16294	16294
16294	16294
16294	16294
16294	16294
16294	16294
16294	16294
16294	16294
16294	16294
16294	16294
16294	16294
16294	16294
16294	16294
16294	16294
16294	16294
16294	16294
16294	16294
16294	16294
16294	16294
16294	16294
16294	16293
16293	16292
16292	16292
16292	16292
16292	16293
16293	16294
16294	16294
16294	16294
16293	16293
16292	16292
16292	16292
16292	16292
16292	16292
16291	16290
16290	16285
16281	16270
16255	16231
16203	16173
16147	16120
16097	16075
16050	16018
15983	15931
15869	15789
15685	15548
15377	15163
14910	14617
14295	13954
13606	13259
12922	12596
12284	11982
11687	11393
11104	10824
10568	10349
10177	10050
9958	9886
9818	9747
9671	9599
9539	9488
9449	9419
9392	9368
9352	9344
9350	9361
9372	9380
9376	9371
9362	9356
9357	9360
9370	9380
9389	9402
9411	9421
9431	9440
9450	9463
9478	9494
9512	9536
9559	9586
9612	9636
9662	9691
9721	9751
9783	9817
9853	9889
9925	9960
9993	10026
10058	10090
10118	10151
10178	10203
10226	10241
10249	10255
10254	10254
10254	10261
10270	10282
10292	10297
10303	10311
10323	10343
10368	10392
10412	10425
10428	10430
10429	10435
10444	10459
10481	10502
10523	10544
10563	10580
10596	10603
10613	10620
10634	10672
10745	10855
11008	11191
11401	11636
11895	12185
12502	12841
13190	13536
13873	14186
14475	14730
14955	15148
15313	15455
15577	15684
15773	15845
15900	15942
15978	16007
16045	16084
16128	16172
16209	16241
16263	16276
16283	16287
16290	16291
16292	16292
16292	16292
16292	16292
16292	16292
16292	16292
16292	16292
16292	16292
16292	16292
16292	16292
16293	16293
16293	16294
16293	16294
16294	16294
16294	16294
16294	16294
16294	16294
16294	16294
16294	16294
16294	16294
16294	16294
16294	16294
16294	16294
16294	16294
16294	16294
16294	16294
16294	16294
16294	16294
16294	16294
16294	16294
16294	16294
16294	16294
16294	16294
16294	16294
16294	16294
16294	16294
16294	16294
16294	16294
16294	16294
16294	16294
16294	16294
16294	16294
16294	16294
16294	16294
16294	16294
16294	16294
16294	16294
16294	16294
16294	16294
16294	16294
16294	16294
16294	16294
16294	16294
16294	16294
16294	16294
16294	16294
16294	16294
16294	16294
16294	16294
16294	16294
16294	16294
16294	16294
16294	16294
16294	16294
16294	16294
16294	16294
16294	16294
16293	16293
16292	16293
16294	16294
16294	16294
16294	16294
16294	16294
16294	16294
16294	16294
16294	16294
16294	16294
16294	16294
16294	16294
16294	16294
16294	16294
16294	16294
16294	16294
16294	16294
16294	16294
16294	16294
16294	16294
16294	16294
16294	16294
16294	16294
16294	16294
16294	16294
16294	16294
16294	16294
16294	16294
16294	16294
16294	16294
16294	16294
16294	16294
16294	16294
16294	16294
16294	16294
16294	16294
16294	16294
16294	16294
16294	16294
16294	16294
16294	16294
16294	16294
16294	16294
16294	16294
16294	16294
16294	16294
16294	16294
16294	16294
16294	16294
16294	16294
16294	16294
16294	16294
16294	16294
16294	16294
16294	16294
16294	16294
16294	16294
16294	16294
16294	16294
16294	16294
16294	16294
16294	16294
16294	16294
16294	16294
16294	16294
16294	16294
16294	16294
16294	16294
16294	16293
16292	16290
16290	16286
16282	16273
16259	16239
16214	16188
16164	16140
16122	16104
16087	16070
16049	16021
15986	15937
15876	15791
15682	15542
15368	15161
14926	14669
14389	14099
13806	13508
13209	12902
12590	12270
11942	11621
11320	11053
10837	10660
10523	10402
10284	10162
10042	9922
9816	9725
9643	9567
9499	9431
9380	9346
9332	9330
9331	9328
9317	9304
9294	9286
9289	9301
9315	9330
9345	9354
9364	9370
9375	9383
9392	9403
9416	9436
9458	9484
9510	9540
9570	9601
9629	9658
9690	9724
9759	9795
9833	9866
9901	9932
9961	9989
10017	10043
10069	10093
10115	10137
10149	10162
10167	10170
10167	10164
10166	10169
10176	10180
10182	10182
10177	10178
10185	10205
10232	10263
10291	10312
10326	10335
10345	10362
10392	10433
10483	10536
10590	10644
10700	10757
10818	10877
10935	10993
11059	11147
11269	11435
11638	11874
12131	12405
12693	12996
13309	13632
13944	14246
14523	14771
14990	15180
15338	15475
15592	15691
15774	15844
15900	15941
15971	15991
16011	16029
16058	16093
16134	16174
16212	16244
16263	16278
16284	16288
16290	16291
16292	16292
16292	16292
16293	16293
16294	16294
16294	16294
16294	16294
16294	16294
16294	16294
16294	16294
16294	16294
16294	16294
16294	16294
16294	16294
16294	16294
16294	16294
16294	16294
16294	16294
16294	16294
16294	16294
16294	16294
16294	16294
16294	16294
16294	16294
16294	16294
16294	16294
16294	16294
16294	16294
16294	16294
16294	16294
16294	16294
16294	16294
16294	16294
16294	16294
16294	16294
16294	16294
16294	16294
16294	16294
16294	16294
16294	16294
16294	16294
16294	16294
16294	16294
16294	16294
16294	16294
16294	16294
16294	16294
16294	16294
16294	16294
16294	16294
16294	16294
16294	16294
16294	16294
16294	16294
16294	16294
16294	16294
16294	16294
16294	16294
16294	16294
16294	16294
16294	16294
16294	16294
16294	16294
16294	16294
16294	16294
16294	16294
16292	16292
16290	16291
16290	16292
16294	16294
16294	16294
16294	16294
16294	16294
16294	16294
16294	16294
16294	16294
16294	16294
16294	16294
16294	16294
16294	16294
16294	16294
16294	16294
16294	16294
16294	16294
16294	16294
16294	16294
16294	16294
16294	16294
16294	16294
16294	16294
16294	16294
16294	16294
16294	16294
16294	16294
16294	16294
16294	16294
16294	16294
16294	16294
16294	16294
16294	16294
16294	16294
16294	16294
16294	16294
16294	16294
16294	16294
16294	16294
16294	16294
16294	16294
16294	16294
16294	16294
16294	16294
16294	16294
16294	16294
16294	16294
16294	16294
16294	16294
16294	16294
16294	16294
16294	16294
16294	16294
16294	16294
16294	16294
16294	16294
16294	16294
16294	16294
16294	16294
16294	16294
16294	16294
16294	16294
16294	16294
16294	16294
16294	16294
16294	16294
16294	16294
16294	16294
16294	16294
16293	16292
16291	16289
16282	16275
16263	16245
16222	16200
16175	16153
16135	16119
16109	16100
16088	16070
16051	16022
15985	15932
15867	15777
15670	15537
15380	15201
15001	14785
14552	14305
14044	13771
13476	13162
12835	12506
12191	11902
11657	11446
11267	11100
10935	10765
10595	10432
10279	10138
10003	9873
9745	9625
9526	9455
9408	9377
9353	9324
9290	9253
9221	9204
9201	9214
9233	9255
9268	9278
9279	9273
9265	9260
9259	9263
9274	9294
9319	9348
9381	9419
9454	9488
9525	9563
9599	9637
9675	9714
9751	9785
9816	9846
9870	9888
9905	9922
9938	9951
9964	9975
9982	9985
9989	9992
9992	9999
10006	10019
10032	10040
10042	10038
10027	10019
10025	10046
10083	10131
10181	10227
10264	10297
10332	10379
10444	10523
10616	10715
10814	10914
11016	11124
11236	11349
11459	11569
11684	11817
11980	12181
12415	12674
12950	13231
13511	13795
14073	14343
14601	14833
15040	15215
15370	15493
15602	15692
15770	15840
15896	15943
15977	16000
16013	16020
16026	16041
16065	16098
16138	16179
16214	16244
16263	16278
16286	16289
16292	16293
16294	16294
16294	16294
16294	16294
16294	16294
16294	16294
16294	16294
16294	16294
16294	16294
16294	16294
16294	16294
16294	16294
16294	16294
16294	16294
16294	16294
16294	16294
16294	16294
16294	16294
16294	16294
16294	16294
16294	16294
16294	16294
16294	16294
16294	16294
16294	16294
16294	16294
16294	16294
16294	16294
16294	16294
16294	16294
16294	16294
16294	16294
16294	16294
16294	16294
16294	16294
16294	16294
16294	16294
16294	16294
16294	16294
16294	16294
16294	16294
16294	16294
16294	16294
16294	16294
16294	16294
16294	16294
16294	16294
16294	16294
16294	16294
16294	16294
16294	16294
16294	16294
16294	16294
16294	16294
16294	16294
16294	16294
16294	16294
16294	16294
16294	16294
16294	16294
16294	16294
16294	16294
16294	16294
16294	16294
16294	16294
16293	16291
16290	16287
16285	16285
16280	16285
16294	16294
16294	16294
16294	16294
16294	16294
16294	16294
16294	16294
16294	16294
16294	16294
16294	16294
16294	16294
16294	16294
16294	16294
16294	16294
16294	16294
16294	16294
16294	16294
16294	16294
16294	16294
16294	16294
16294	16294
16294	16294
16294	16294
16294	16294
16294	16294
16294	16294
16294	16294
16294	16294
16294	16294
16294	16294
16294	16294
16294	16294
16294	16294
16294	16294
16294	16294
16294	16294
16294	16294
16294	16294
16294	16294
16294	16294
16294	16294
16294	16294
16294	16294
16294	16294
16294	16294
16294	16294
16294	16294
16294	16294
16294	16294
16294	16294
16294	16294
16294	16294
16294	16294
16294	16294
16294	16294
16294	16294
16294	16294
16294	16294
16294	16294
16294	16294
16294	16294
16294	16294
16294	16294
16294	16294
16294	16294
16294	16294
16294	16294
16294	16294
16294	16293
16291	16289
16283	16277
16266	16250
16230	16204
16181	16160
16142	16128
16120	16114
16110	16102
16088	16070
16043	16011
15969	15917
15852	15776
15679	15570
15437	15294
15127	14945
14739	14514
14264	13988
13692	13390
13090	12809
12559	12336
12136	11937
11740	11533
11331	11128
10934	10747
10562	10372
10184	10005
9855	9733
9645	9570
9502	9430
9349	9272
9205	9164
9152	9158
9173	9189
9195	9187
9161	9129
9092	9057
9034	9022
9023	9037
9063	9101
9143	9187
9234	9279
9325	9369
9415	9459
9501	9541
9577	9611
9638	9659
9674	9683
9689	9689
9694	9692
9691	9688
9687	9684
9686	9691
9703	9726
9760	9800
9839	9869
9886	9892
9883	9875
9882	9913
9973	10053
10141	10232
10309	10385
10461	10551
10660	10789
10933	11085
11233	11382
11531	11684
11840	11998
12153	12307
12457	12616
12801	13008
13245	13498
13758	14013
14264	14501
14725	14933
15119	15283
15418	15532
15629	15707
15775	15835
15888	15935
15975	16004
16027	16035
16037	16039
16039	16051
16072	16104
16144	16182
16219	16248
16266	16278
16286	16290
16292	16293
16294	16294
16294	16294
16294	16294
16294	16294
16294	16294
16294	16294
16294	16294
16294	16294
16294	16294
16294	16294
16294	16294
16294	16294
16294	16294
16294	16294
16294	16294
16294	16294
16294	16294
16294	16294
16294	16294
16294	16294
16294	16294
16294	16294
16294	16294
16294	16294
16294	16294
16294	16294
16294	16294
16294	16294
16294	16294
16294	16294
16294	16294
16294	16294
16294	16294
16294	16294
16294	16294
16294	16294
16294	16294
16294	16294
16294	16294
16294	16294
16294	16294
16294	16294
16294	16294
16294	16294
16294	16294
16294	16294
16294	16294
16294	16294
16294	16294
16294	16294
16294	16294
16294	16294
16294	16294
16294	16294
16294	16294
16294	16294
16294	16294
16294	16294
16294	16294
16294	16294
16294	16294
16294	16294
16294	16294
16294	16293
16291	16291
16286	16280
16273	16269
16254	16268
16294	16294
16294	16294
16294	16294
16294	16294
16294	16294
16294	16294
16294	16294
16294	16294
16294	16294
16294	16294
16294	16294
16294	16294
16294	16294
16294	16294
16294	16294
16294	16294
16294	16294
16294	16294
16294	16294
16294	16294
16294	16294
16294	16294
16294	16294
16294	16294
16294	16294
16294	16294
16294	16294
16294	16294
16294	16294
16294	16294
16294	16294
16294	16294
16294	16294
16294	16294
16294	16294
16294	16294
16294	16294
16294	16294
16294	16294
16294	16294
16294	16294
16294	16294
16294	16294
16294	16294
16294	16294
16294	16294
16294	16294
16294	16294
16294	16294
16294	16294
16294	16294
16294	16294
16294	16294
16294	16294
16294	16294
16294	16294
16294	16294
16294	16294
16294	16294
16294	16294
16294	16294
16294	16294
16294	16294
16294	16294
16294	16294
16294	16294
16294	16294
16294	16293
16291	16290
16283	16279
16269	16254
16234	16211
16188	16166
16148	16137
16128	16125
16124	16122
16114	16098
16080	16055
16025	15994
15956	15911
15862	15799
15725	15635
15530	15406
15263	15096
14902	14684
14442	14188
13930	13684
13454	13244
13039	12840
12628	12408
12188	11970
11751	11532
11304	11068
10828	10600
10398	10228
10090	9967
9841	9706
9564	9428
9317	9239
9202	9193
9197	9198
9175	9126
9052	8961
8865	8776
8706	8661
8644	8648
8675	8713
8765	8822
8880	8940
8998	9051
9106	9156
9202	9245
9282	9309
9330	9341
9343	9341
9330	9319
9305	9290
9273	9259
9247	9240
9244	9259
9297	9356
9436	9532
9627	9709
9765	9798
9808	9813
9834	9888
9977	10104
10249	10399
10538	10667
10793	10928
11085	11262
11456	11653
11850	12036
12218	12403
12586	12771
12950	13123
13286	13454
13631	13824
14032	14253
14471	14684
14883	15066
15228	15373
15496	15598
15679	15747
15802	15849
15890	15931
15967	16001
16030	16051
16062	16063
16059	16055
16053	16062
16081	16113
16151	16189
16223	16250
16268	16279
16287	16290
16292	16293
16294	16294
16294	16294
16294	16294
16294	16294
16294	16294
16294	16294
16294	16294
16294	16294
16294	16294
16294	16294
16294	16294
16294	16294
16294	16294
16294	16294
16294	16294
16294	16294
16294	16294
16294	16294
16294	16294
16294	16294
16294	16294
16294	16294
16294	16294
16294	16294
16294	16294
16294	16294
16294	16294
16294	16294
16294	16294
16294	16294
16294	16294
16294	16294
16294	16294
16294	16294
16294	16294
16294	16294
16294	16294
16294	16294
16294	16294
16294	16294
16294	16294
16294	16294
16294	16294
16294	16294
16294	16294
16294	16294
16294	16294
16294	16294
16294	16294
16294	16294
16294	16294
16294	16294
16294	16294
16294	16294
16294	16294
16294	16294
16294	16294
16294	16294
16294	16294
16294	16294
16294	16294
16294	16294
16294	16294
16293	16292
16290	16287
16275	16263
16240	16230
16188	16228
16294	16294
16294	16294
16294	16294
16294	16294
16294	16294
16294	16294
16294	16294
16294	16294
16294	16294
16294	16294
16294	16294
16294	16294
16294	16294
16294	16294
16294	16294
16294	16294
16294	16294
16294	16294
16294	16294
16294	16294
16294	16294
16294	16294
16294	16294
16294	16294
16294	16294
16294	16294
16294	16294
16294	16294
16294	16294
16294	16294
16294	16294
16294	16294
16294	16294
16294	16294
16294	16294
16294	16294
16294	16294
16294	16294
16294	16294
16294	16294
16294	16294
16294	16294
16294	16294
16294	16294
16294	16294
16294	16294
16294	16294
16294	16294
16294	16294
16294	16294
16294	16294
16294	16294
16294	16294
16294	16294
16294	16294
16294	16294
16294	16294
16294	16294
16294	16294
16294	16294
16294	16294
16294	16294
16294	16294
16294	16294
16294	16294
16294	16294
16294	16294
16294	16293
16291	16291
16285	16280
16271	16258
16239	16218
16193	16174
16155	16145
16138	16138
16138	16139
16134	16122
16107	16084
16062	16038
16015	15989
15965	15935
15900	15854
15794	15721
15628	15514
15378	15219
15040	14843
14644	14445
14255	14073
13890	13703
13508	13301
13086	12872
12648	12421
12175	11912
11641	11381
11143	10935
10752	10576
10389	10186
9975	9773
9606	9487
9418	9385
9365	9328
9259	9143
8984	8797
8610	8434
8295	8195
8144	8130
8150	8194
8251	8320
8391	8461
8530	8596
8657	8716
8761	8806
8837	8863
8873	8875
8866	8850
8827	8801
8771	8741
8712	8688
8668	8661
8674	8710
8787	8905
9060	9242
9431	9596
9729	9812
9861	9893
9939	10024
10157	10338
10547	10764
10967	11156
11333	11514
11709	11922
12150	12383
12604	12811
13011	13203
13393	13580
13759	13924
14081	14231
14381	14539
14706	14877
15048	15207
15354	15481
15589	15681
15753	15811
15855	15889
15919	15946
15974	16003
16029	16052
16073	16085
16092	16090
16083	16075
16074	16084
16102	16129
16164	16199
16229	16254
16272	16282
16287	16291
16292	16293
16294	16294
16294	16294
16294	16294
16294	16294
16294	16294
16294	16294
16294	16294
16294	16294
16294	16294
16294	16294
16294	16294
16294	16294
16294	16294
16294	16294
16294	16294
16294	16294
16294	16294
16294	16294
16294	16294
16294	16294
16294	16294
16294	16294
16294	16294
16294	16294
16294	16294
16294	16294
16294	16294
16294	16294
16294	16294
16294	16294
16294	16294
16294	16294
16294	16294
16294	16294
16294	16294
16294	16294
16294	16294
16294	16294
16294	16294
16294	16294
16294	16294
16294	16294
16294	16294
16294	16294
16294	16294
16294	16294
16294	16294
16294	16294
16294	16294
16294	16294
16294	16294
16294	16294
16294	16294
16294	16294
16294	16294
16294	16294
16294	16294
16294	16294
16294	16294
16294	16294
16294	16294
16294	16294
16294	16294
16293	16290
16287	16276
16258	16228
16174	16145
16037	16136
16294	16294
16294	16294
16294	16294
16294	16294
16294	16294
16294	16294
16294	16294
16294	16294
16294	16294
16294	16294
16294	16294
16294	16294
16294	16294
16294	16294
16294	16294
16294	16294
16294	16294
16294	16294
16294	16294
16294	16294
16294	16294
16294	16294
16294	16294
16294	16294
16294	16294
16294	16294
16294	16294
16294	16294
16294	16294
16294	16294
16294	16294
16294	16294
16294	16294
16294	16294
16294	16294
16294	16294
16294	16294
16294	16294
16294	16294
16294	16294
16294	16294
16294	16294
16294	16294
16294	16294
16294	16294
16294	16294
16294	16294
16294	16294
16294	16294
16294	16294
16294	16294
16294	16294
16294	16294
16294	16294
16294	16294
16294	16294
16294	16294
16294	16294
16294	16294
16294	16294
16294	16294
16294	16294
16294	16294
16294	16294
16294	16294
16294	16294
16294	16294
16294	16293
16292	16291
16287	16283
16275	16263
16247	16226
16205	16186
16168	16156
16150	16152
16153	16155
16156	16147
16132	16113
16094	16073
16057	16042
16030	16018
16003	15984
15956	15919
15866	15798
15709	15604
15478	15342
15197	15053
14906	14763
14616	14461
14295	14118
13932	13740
13537	13315
13074	12811
12537	12269
12016	11787
11570	11351
11109	10845
10570	10311
10089	9927
9822	9757
9699	9612
9471	9263
8991	8679
8363	8072
7836	7666
7560	7522
7530	7569
7635	7708
7791	7874
7952	8027
8094	8154
8206	8245
8276	8291
8297	8289
8271	8241
8209	8169
8126	8086
8046	8014
7992	7989
8017	8088
8221	8419
8677	8978
9288	9573
9803	9966
10073	10150
10230	10354
10529	10763
11033	11312
11576	11816
12037	12248
12469	12698
12940	13177
13404	13614
13810	13989
14164	14331
14489	14632
14762	14880
14996	15113
15232	15353
15471	15580
15678	15762
15834	15886
15924	15951
15972	15989
16005	16022
16042	16063
16082	16099
16110	16121
16121	16119
16112	16106
16103	16112
16127	16153
16180	16210
16237	16261
16273	16282
16288	16291
16292	16293
16294	16294
16294	16294
16294	16294
16294	16294
16294	16294
16294	16294
16294	16294
16294	16294
16294	16294
16294	16294
16294	16294
16294	16294
16294	16294
16294	16294
16294	16294
16294	16294
16294	16294
16294	16294
16294	16294
16294	16294
16294	16294
16294	16294
16294	16294
16294	16294
16294	16294
16294	16294
16294	16294
16294	16294
16294	16294
16294	16294
16294	16294
16294	16294
16294	16294
16294	16294
16294	16294
16294	16294
16294	16294
16294	16294
16294	16294
16294	16294
16294	16294
16294	16294
16294	16294
16294	16294
16294	16294
16294	16294
16294	16294
16294	16294
16294	16294
16294	16294
16294	16294
16294	16294
16294	16294
16294	16294
16294	16294
16294	16294
16294	16294
16294	16294
16294	16294
16294	16294
16294	16294
16294	16294
16294	16293
16292	16289
16282	16263
16227	16164
16049	15993
15736	15959
16294	16294
16294	16294
16294	16294
16294	16294
16294	16294
16294	16294
16294	16294
16294	16294
16294	16294
16294	16294
16294	16294
16294	16294
16294	16294
16294	16294
16294	16294
16294	16294
16294	16294
16294	16294
16294	16294
16294	16294
16294	16294
16294	16294
16294	16294
16294	16294
16294	16294
16294	16294
16294	16294
16294	16294
16294	16294
16294	16294
16294	16294
16294	16294
16294	16294
16294	16294
16294	16294
16294	16294
16294	16294
16294	16294
16294	16294
16294	16294
16294	16294
16294	16294
16294	16294
16294	16294
16294	16294
16294	16294
16294	16294
16294	16294
16294	16294
16294	16294
16294	16294
16294	16294
16294	16294
16294	16294
16294	16294
16294	16294
16294	16294
16294	16294
16294	16294
16294	16294
16294	16294
16294	16294
16294	16294
16294	16294
16294	16294
16294	16294
16294	16294
16294	16293
16292	16291
16289	16283
16279	16267
16254	16234
16218	16198
16183	16171
16167	16167
16174	16175
16175	16167
16156	16138
16121	16103
16088	16077
16070	16071
16066	16062
16053	16036
16009	15973
15921	15855
15776	15687
15591	15492
15390	15285
15178	15059
14932	14795
14646	14490
14315	14120
13904	13661
13406	13148
12903	12671
12436	12187
11904	11596
11272	10966
10705	10509
10369	10272
10168	10022
9796	9478
9077	8622
8157	7735
7384	7131
6969	6896
6885	6920
6986	7067
7154	7245
7328	7407
7479	7539
7591	7630
7655	7665
7663	7648
7623	7587
7543	7495
7446	7397
7351	7316
7293	7300
7352	7466
7663	7953
8332	8769
9221	9639
9987	10245
10419	10546
10670	10828
11044	11321
11638	11964
12274	12551
12801	13028
13255	13483
13716	13941
14153	14346
14519	14676
14823	14957
15082	15194
15288	15377
15454	15529
15604	15684
15758	15828
15892	15943
15984	16011
16031	16042
16051	16059
16071	16082
16095	16110
16124	16136
16146	16149
16151	16147
16142	16135
16134	16139
16155	16174
16199	16224
16247	16264
16276	16283
16289	16291
16292	16293
16294	16294
16294	16294
16294	16294
16294	16294
16294	16294
16294	16294
16294	16294
16294	16294
16294	16294
16294	16294
16294	16294
16294	16294
16294	16294
16294	16294
16294	16294
16294	16294
16294	16294
16294	16294
16294	16294
16294	16294
16294	16294
16294	16294
16294	16294
16294	16294
16294	16294
16294	16294
16294	16294
16294	16294
16294	16294
16294	16294
16294	16294
16294	16294
16294	16294
16294	16294
16294	16294
16294	16294
16294	16294
16294	16294
16294	16294
16294	16294
16294	16294
16294	16294
16294	16294
16294	16294
16294	16294
16294	16294
16294	16294
16294	16294
16294	16294
16294	16294
16294	16294
16294	16294
16294	16294
16294	16294
16294	16294
16294	16294
16294	16294
16294	16294
16294	16294
16294	16294
16294	16294
16294	16294
16294	16293
16291	16286
16276	16243
16179	16073
15854	15755
15239	15673
16294	16294
16294	16294
16294	16294
16294	16294
16294	16294
16294	16294
16294	16294
16294	16294
16294	16294
16294	16294
16294	16294
16294	16294
16294	16294
16294	16294
16294	16294
16294	16294
16294	16294
16294	16294
16294	16294
16294	16294
16294	16294
16294	16294
16294	16294
16294	16294
16294	16294
16294	16294
16294	16294
16294	16294
16294	16294
16294	16294
16294	16294
16294	16294
16294	16294
16294	16294
16294	16294
16294	16294
16294	16294
16294	16294
16294	16294
16294	16294
16294	16294
16294	16294
16294	16294
16294	16294
16294	16294
16294	16294
16294	16294
16294	16294
16294	16294
16294	16294
16294	16294
16294	16294
16294	16294
16294	16294
16294	16294
16294	16294
16294	16294
16294	16294
16294	16294
16294	16294
16294	16294
16294	16294
16294	16294
16294	16294
16294	16294
16294	16294
16294	16294
16294	16294
16293	16291
16290	16285
16281	16273
16261	16246
16228	16212
16197	16187
16184	16182
16187	16194
16193	16192
16180	16166
16149	16132
16118	16108
16103	16102
16105	16109
16110	16107
16095	16075
16047	16008
15960	15908
15846	15781
15715	15644
15570	15489
15399	15297
15188	15064
14924	14762
14576	14364
14140	13908
13683	13457
13220	12955
12651	12314
11963	11628
11340	11118
10956	10825
10678	10474
10168	9740
9212	8616
8012	7458
7000	6663
6447	6337
6309	6336
6396	6479
6570	6660
6750	6830
6903	6965
7014	7046
7068	7077
7068	7050
7019	6978
6931	6876
6823	6769
6722	6686
6668	6688
6764	6925
7187	7568
8058	8625
9215	9768
10228	10581
10826	11006
11165	11354
11599	11901
12247	12603
12939	13239
13497	13731
13949	14167
14378	14579
14766	14931
15074	15204
15318	15424
15512	15593
15657	15712
15762	15804
15847	15891
15937	15979
16019	16052
16078	16092
16101	16103
16107	16109
16118	16130
16141	16151
16159	16169
16176	16178
16178	16175
16170	16167
16167	16170
16181	16196
16216	16236
16255	16270
16280	16284
16291	16291
16293	16294
16294	16294
16294	16294
16294	16294
16294	16294
16294	16294
16294	16294
16294	16294
16294	16294
16294	16294
16294	16294
16294	16294
16294	16294
16294	16294
16294	16294
16294	16294
16294	16294
16294	16294
16294	16294
16294	16294
16294	16294
16294	16294
16294	16294
16294	16294
16294	16294
16294	16294
16294	16294
16294	16294
16294	16294
16294	16294
16294	16294
16294	16294
16294	16294
16294	16294
16294	16294
16294	16294
16294	16294
16294	16294
16294	16294
16294	16294
16294	16294
16294	16294
16294	16294
16294	16294
16294	16294
16294	16294
16294	16294
16294	16294
16294	16294
16294	16294
16294	16294
16294	16294
16294	16294
16294	16294
16294	16294
16294	16294
16294	16294
16294	16294
16294	16294
16294	16294
16294	16294
16294	16294
16294	16294
16294	16293
16291	16284
16266	16219
16123	15959
15607	15451
14571	15294
16294	16294
16294	16294
16294	16294
16294	16294
16294	16294
16294	16294
16294	16294
16294	16294
16294	16294
16294	16294
16294	16294
16294	16294
16294	16294
16294	16294
16294	16294
16294	16294
16294	16294
16294	16294
16294	16294
16294	16294
16294	16294
16294	16294
16294	16294
16294	16294
16294	16294
16294	16294
16294	16294
16294	16294
16294	16294
16294	16294
16294	16294
16294	16294
16294	16294
16294	16294
16294	16294
16294	16294
16294	16294
16294	16294
16294	16294
16294	16294
16294	16294
16294	16294
16294	16294
16294	16294
16294	16294
16294	16294
16294	16294
16294	16294
16294	16294
16294	16294
16294	16294
16294	16294
16294	16294
16294	16294
16294	16294
16294	16294
16294	16294
16294	16294
16294	16294
16294	16294
16294	16294
16294	16294
16294	16294
16294	16294
16294	16294
16294	16294
16294	16294
16294	16294
16293	16291
16291	16288
16283	16276
16267	16253
16238	16223
16210	16202
16196	16199
16202	16208
16210	16207
16201	16188
16172	16156
16142	16131
16126	16128
16132	16137
16144	16144
16141	16133
16116	16096
16067	16033
15993	15954
15910	15861
15813	15758
15694	15624
15545	15451
15339	15206
15045	14867
14671	14470
14264	14052
13819	13551
13241	12890
12525	12178
11877	11641
11460	11304
11126	10871
10494	9982
9348	8637
7919	7260
6713	6308
6047	5907
5863	5881
5941	6021
6112	6205
6293	6374
6447	6506
6554	6586
6604	6607
6599	6577
6542	6498
6446	6393
6335	6282
6234	6200
6189	6221
6319	6514
6832	7288
7872	8548
9250	9906
10463	10889
11193	11413
11604	11814
12074	12393
12753	13120
13469	13774
14041	14269
14477	14671
14862	15037
15198	15337
15459	15562
15649	15725
15790	15844
15887	15919
15945	15968
15991	16015
16044	16069
16094	16116
16132	16139
16141	16141
16143	16146
16151	16160
16170	16179
16187	16190
16196	16197
16198	16196
16191	16189
16189	16194
16202	16214
16230	16247
16261	16273
16281	16287
16291	16292
16293	16294
16294	16294
16294	16294
16294	16294
16294	16294
16294	16294
16294	16294
16294	16294
16294	16294
16294	16294
16294	16294
16294	16294
16294	16294
16294	16294
16294	16294
16294	16294
16294	16294
16294	16294
16294	16294
16294	16294
16294	16294
16294	16294
16294	16294
16294	16294
16294	16294
16294	16294
16294	16294
16294	16294
16294	16294
16294	16294
16294	16294
16294	16294
16294	16294
16294	16294
16294	16294
16294	16294
16294	16294
16294	16294
16294	16294
16294	16294
16294	16294
16294	16294
16294	16294
16294	16294
16294	16294
16294	16294
16294	16294
16294	16294
16294	16294
16294	16294
16294	16294
16294	16294
16294	16294
16294	16294
16294	16294
16294	16294
16294	16294
16294	16294
16294	16294
16294	16294
16294	16294
16294	16294
16294	16294
16294	16293
16291	16280
16258	16199
16065	15697
15350	13566
13856	8418
