16359	16359
16359	16359
16359	16359
16359	16359
16359	16359
16359	16359
16359	16359
16359	16359
16359	16359
16359	16359
16359	16359
16359	16359
16359	16359
16359	16359
16359	16359
16359	16359
16359	16359
16359	16359
16359	16359
16359	16359
16359	16359
16359	16359
16359	16359
16359	16359
16359	16359
16359	16359
16359	16359
16359	16359
16359	16359
16359	16359
16359	16359
16359	16359
16359	16359
16359	16359
16359	16359
16359	16359
16359	16359
16359	16359
16359	16359
16359	16359
16359	16359
16359	16359
16359	16359
16359	16359
16359	16359
16359	16359
16358	16351
16326	16269
16197	16137
16107	16098
16081	16000
15794	15368
14592	13402
11976	10692
9879	9646
9875	10309
10766	11168
11471	11619
11599	11467
11315	11226
11224	11263
11306	11335
11370	11424
11490	11522
11492	11415
11341	11287
11181	10876
10346	9713
9185	8956
9115	9632
10440	11418
12394	13148
13471	13246
12519	11466
10289	9160
8230	7648
7525	7880
8572	9327
9838	9875
9409	8633
7926	7702
8191	9345
10906	12523
13910	14917
15536	15844
15941	15921
15883	15907
16007	16137
16250	16320
16351	16358
16359	16359
16359	16359
16359	16359
16359	16359
16359	16359
16359	16359
16359	16359
16359	16359
16359	16359
16359	16359
16359	16359
16359	16359
16359	16359
16359	16359
16359	16359
16359	16359
16359	16359
16359	16359
16359	16359
16359	16359
16359	16359
16359	16359
16359	16359
16359	16359
16359	16359
16359	16359
16359	16359
16359	16359
16359	16359
16359	16359
16359	16359
16359	16359
16359	16359
16359	16359
16359	16359
16359	16359
16359	16359
16359	16359
16359	16359
16359	16359
16359	16359
16359	16359
16359	16359
16359	16359
16358	16346
16304	16218
16101	15999
15944	15930
15928	15882
15722	15351
14652	13534
12039	10398
8982	8176
8127	8692
9550	10346
10821	10879
10518	9839
9007	8241
7774	7794
8367	9425
10749	12041
13061	13673
13834	13558
12874	11892
10835	10013
9619	9681
10073	10621
11178	11667
12027	12235
12309	12317
12315	12328
12362	12408
12443	12447
12415	12360
12296	12241
12212	12228
12281	12333
12287	12044
11592	11056
10680	10725
11276	12220
13341	14407
15245	15767
15998	16040
16017	16020
16079	16174
16263	16325
16351	16358
16359	16359
16359	16359
16359	16359
16359	16359
16359	16359
16359	16359
16359	16359
16359	16359
16359	16359
16359	16359
16359	16359
16359	16359
16359	16359
16359	16359
16359	16359
16359	16359
16359	16359
16359	16359
16359	16359
16359	16359
16359	16359
16359	16359
16359	16359
16359	16359
16359	16359
16359	16359
16359	16359
16359	16359
16359	16359
16359	16359
16359	16359
16359	16359
16359	16359
16359	16359
16359	16359
16359	16359
16359	16359
16359	16359
16359	16359
16359	16359
16359	16359
16359	16359
16359	16359
16359	16359
16359	16359
16359	16359
16359	16359
16359	16359
16359	16359
16359	16359
16359	16359
16359	16359
16359	16359
16359	16359
16359	16359
16359	16359
16359	16359
16359	16359
16359	16359
16359	16359
16359	16359
16359	16359
16359	16359
16359	16359
16359	16359
16359	16359
16359	16359
16359	16359
16359	16359
16359	16359
16359	16359
16359	16359
16359	16359
16359	16359
16359	16359
16359	16359
16359	16359
16359	16359
16359	16359
16359	16359
16359	16359
16359	16359
16359	16359
16359	16359
16359	16359
16359	16359
16359	16359
16359	16359
16359	16359
16359	16359
16359	16359
16359	16359
16359	16359
16358	16348
16311	16238
16144	16074
16050	16055
16036	15899
15502	14712
13518	12096
10760	9849
9547	9788
10316	10818
11154	11370
11508	11554
11504	11394
11292	11245
11257	11284
11299	11297
11298	11325
11372	11410
11427	11421
11374	11221
10892	10353
9695	9129
8886	9110
9782	10724
11706	12519
13001	13051
12640	11833
10792	9736
8847	8225
7924	7958
8329	8982
9769	10463
10867	10869
10457	9722
8860	8157
7916	8351
9445	10950
12533	13892
14873	15463
15734	15795
15788	15840
15979	16139
16258	16325
16351	16358
16359	16359
16359	16359
16359	16359
16359	16359
16359	16359
16359	16359
16359	16359
16359	16359
16359	16359
16359	16359
16359	16359
16359	16359
16359	16359
16359	16359
16359	16359
16359	16359
16359	16359
16359	16359
16359	16359
16359	16359
16359	16359
16359	16359
16359	16359
16359	16359
16359	16359
16359	16359
16359	16359
16359	16359
16359	16359
16359	16359
16359	16359
16359	16359
16359	16359
16359	16359
16359	16359
16359	16359
16359	16359
16359	16359
16359	16359
16359	16359
16359	16359
16359	16359
16359	16359
16359	16359
16358	16349
16316	16244
16148	16058
15999	15965
15915	15770
15410	14698
13567	12073
10459	9093
8302	8221
8748	9591
10454	11122
11515	11622
11433	10935
10178	9292
8477	7957
7886	8323
9180	10276
11416	12436
13206	13622
13590	13073
12177	11154
10283	9773
9688	9955
10447	11023
11550	11934
12152	12243
12280	12320
12376	12418
12414	12349
12253	12168
12133	12156
12227	12314
12385	12414
12363	12197
11911	11541
11149	10843
10823	11289
12238	13436
14571	15397
15853	16040
16087	16092
16114	16173
16253	16317
16349	16358
16359	16359
16359	16359
16359	16359
16359	16359
16359	16359
16359	16359
16359	16359
16359	16359
16359	16359
16359	16359
16359	16359
16359	16359
16359	16359
16359	16359
16359	16359
16359	16359
16359	16359
16359	16359
16359	16359
16359	16359
16359	16359
16359	16359
16359	16359
16359	16359
16359	16359
16359	16359
16359	16359
16359	16359
16359	16359
16359	16359
16359	16359
16359	16359
16359	16359
16359	16359
16359	16359
16359	16359
16359	16359
16359	16359
16359	16359
16359	16359
16359	16359
16359	16359
16359	16359
16359	16359
16359	16359
16359	16359
16359	16359
16359	16359
16359	16359
16359	16359
16359	16359
16359	16359
16359	16359
16359	16359
16359	16359
16359	16359
16359	16359
16359	16359
16359	16359
16359	16359
16359	16359
16359	16359
16359	16359
16359	16359
16359	16359
16359	16359
16359	16359
16359	16359
16359	16359
16359	16359
16359	16359
16359	16359
16359	16359
16359	16359
16359	16359
16359	16359
16359	16359
16359	16359
16359	16359
16359	16359
16359	16359
16359	16359
16359	16359
16359	16359
16359	16359
16359	16359
16359	16359
16359	16359
16359	16359
16359	16359
16359	16359
16359	16359
16359	16359
16357	16345
16302	16214
16105	16026
15997	15978
15872	15533
14794	13575
12062	10644
9662	9267
9435	10012
10695	11187
11396	11453
11463	11446
11395	11339
11299	11300
11319	11331
11317	11286
11261	11260
11277	11292
11307	11311
11224	10913
10357	9671
9086	8845
9099	9831
10873	11944
12774	13179
13050	12391
11341	10148
9063	8281
7881	7850
8128	8649
9345	10127
10860	11394
11657	11651
11359	10754
9871	8873
8068	7803
8253	9355
10855	12422
13775	14756
15330	15583
15679	15785
15955	16132
16259	16326
16352	16358
16359	16359
16359	16359
16359	16359
16359	16359
16359	16359
16359	16359
16359	16359
16359	16359
16359	16359
16359	16359
16359	16359
16359	16359
16359	16359
16359	16359
16359	16359
16359	16359
16359	16359
16359	16359
16359	16359
16359	16359
16359	16359
16359	16359
16359	16359
16359	16359
16359	16359
16359	16359
16359	16359
16359	16359
16359	16359
16359	16359
16359	16359
16359	16359
16359	16359
16359	16359
16359	16359
16359	16359
16359	16359
16359	16359
16359	16359
16359	16359
16359	16359
16359	16359
16359	16359
16359	16359
16358	16349
16317	16250
16164	16091
16039	15968
15798	15417
14702	13568
12070	10423
8986	8135
8047	8629
9595	10583
11347	11816
12049	12143
12094	11815
11249	10437
9519	8678
8091	7869
8072	8690
9657	10847
12081	13134
13776	13849
13352	12451
11410	10481
9845	9587
9713	10157
10776	11371
11817	12082
12219	12306
12368	12391
12350	12252
12130	12043
12032	12098
12215	12328
12409	12433
12401	12323
12214	12050
11729	11202
10677	10567
11106	12196
13506	14665
15460	15894
16068	16107
16121	16167
16246	16313
16348	16358
16359	16359
16359	16359
16359	16359
16359	16359
16359	16359
16359	16359
16359	16359
16359	16359
16359	16359
16359	16359
16359	16359
16359	16359
16359	16359
16359	16359
16359	16359
16359	16359
16359	16359
16359	16359
16359	16359
16359	16359
16359	16359
16359	16359
16359	16359
16359	16359
16359	16359
16359	16359
16359	16359
16359	16359
16359	16359
16359	16359
16359	16359
16359	16359
16359	16359
16359	16359
16359	16359
16359	16359
16359	16359
16359	16359
16359	16359
16359	16359
16359	16359
16359	16359
16359	16359
16359	16359
16359	16359
16359	16359
16359	16359
16359	16359
16359	16359
16359	16359
16359	16359
16359	16359
16359	16359
16359	16359
16359	16359
16359	16359
16359	16359
16359	16359
16359	16359
16359	16359
16359	16359
16359	16359
16359	16359
16359	16359
16359	16359
16359	16359
16359	16359
16359	16359
16359	16359
16359	16359
16359	16359
16359	16359
16359	16359
16359	16359
16359	16359
16359	16359
16359	16359
16359	16359
16359	16359
16359	16359
16359	16359
16359	16359
16359	16359
16359	16359
16359	16359
16359	16359
16359	16359
16359	16359
16359	16359
16359	16359
16359	16359
16359	16359
16359	16359
16357	16345
16302	16213
16101	16008
15938	15813
15474	14750
13570	12058
10577	9551
9167	9304
9767	10385
10953	11293
11387	11363
11333	11319
11314	11324
11348	11376
11395	11390
11360	11320
11291	11275
11253	11199
11117	10997
10743	10242
9582	9040
8890	9259
10081	11131
12145	12875
13148	12891
12115	10960
9681	8604
7940	7750
7953	8407
9000	9672
10365	11005
11505	11797
11919	11947
11835	11441
10714	9774
8833	8140
7923	8325
9332	10749
12283	13630
14615	15207
15522	15732
15930	16110
16242	16318
16350	16358
16359	16359
16359	16359
16359	16359
16359	16359
16359	16359
16359	16359
16359	16359
16359	16359
16359	16359
16359	16359
16359	16359
16359	16359
16359	16359
16359	16359
16359	16359
16359	16359
16359	16359
16359	16359
16359	16359
16359	16359
16359	16359
16359	16359
16359	16359
16359	16359
16359	16359
16359	16359
16359	16359
16359	16359
16359	16359
16359	16359
16359	16359
16359	16359
16359	16359
16359	16359
16359	16359
16359	16359
16359	16359
16359	16359
16359	16359
16359	16359
16359	16359
16359	16359
16359	16359
16359	16359
16358	16348
16313	16240
16154	16083
16010	15839
15432	14661
13486	12003
10432	9077
8225	8059
8549	9465
10496	11354
11895	12132
12205	12260
12307	12227
11918	11381
10680	9908
9147	8479
8036	7980
8403	9297
10521	11852
13010	13738
13905	13542
12774	11783
10759	9904
9407	9397
9839	10530
11231	11769
12091	12256
12325	12332
12291	12217
12132	12076
12064	12100
12169	12248
12313	12355
12376	12386
12411	12415
12244	11723
10988	10433
10421	11050
12173	13483
14651	15454
15869	16028
16091	16158
16243	16313
16348	16358
16359	16359
16359	16359
16359	16359
16359	16359
16359	16359
16359	16359
16359	16359
16359	16359
16359	16359
16359	16359
16359	16359
16359	16359
16359	16359
16359	16359
16359	16359
16359	16359
16359	16359
16359	16359
16359	16359
16359	16359
16359	16359
16359	16359
16359	16359
16359	16359
16359	16359
16359	16359
16359	16359
16359	16359
16359	16359
16359	16359
16359	16359
16359	16359
16359	16359
16359	16359
16359	16359
16359	16359
16359	16359
16359	16359
16359	16359
16359	16359
16359	16359
16359	16359
16359	16359
16359	16359
16359	16359
16359	16359
16359	16359
16359	16359
16359	16359
16359	16359
16359	16359
16359	16359
16359	16359
16359	16359
16359	16359
16359	16359
16359	16359
16359	16359
16359	16359
16359	16359
16359	16359
16359	16359
16359	16359
16359	16359
16359	16359
16359	16359
16359	16359
16359	16359
16359	16359
16359	16359
16359	16359
16359	16359
16359	16359
16359	16359
16359	16359
16359	16359
16359	16359
16359	16359
16359	16359
16359	16359
16359	16359
16359	16359
16359	16359
16359	16359
16359	16359
16359	16359
16359	16359
16359	16359
16359	16359
16359	16359
16359	16359
16359	16359
16359	16359
16358	16346
16309	16227
16118	16001
15832	15475
14746	13527
11973	10470
9424	9056
9278	9799
10359	10825
11135	11275
11282	11241
11218	11235
11282	11345
11401	11439
11445	11428
11405	11384
11366	11336
11252	11069
10785	10408
9918	9328
8841	8782
9316	10323
11504	12506
13084	13140
12668	11735
10503	9226
8195	7647
7653	8108
8790	9485
10088	10623
11101	11489
11730	11824
11863	11960
12019	11819
11304	10633
9897	9105
8390	8039
8294	9203
10581	12105
13471	14508
15196	15622
15890	16082
16221	16308
16348	16358
16359	16359
16359	16359
16359	16359
16359	16359
16359	16359
16359	16359
16359	16359
16359	16359
16359	16359
16359	16359
16359	16359
16359	16359
16359	16359
16359	16359
16359	16359
16359	16359
16359	16359
16359	16359
16359	16359
16359	16359
16359	16359
16359	16359
16359	16359
16359	16359
16359	16359
16359	16359
16359	16359
16359	16359
16359	16359
16359	16359
16359	16359
16359	16359
16359	16359
16359	16359
16359	16359
16359	16359
16359	16359
16359	16359
16359	16359
16359	16359
16359	16359
16359	16359
16359	16359
16359	16359
16358	16348
16310	16235
16134	16027
15843	15441
14652	13409
11838	10250
8983	8282
8219	8698
9514	10427
11233	11804
12102	12183
12179	12232
12329	12350
12219	11954
11585	11111
10486	9691
8859	8242
8030	8298
9039	10175
11513	12759
13659	14046
13866	13176
12117	10893
9802	9147
9098	9610
10429	11218
11773	12080
12214	12259
12271	12273
12266	12243
12204	12159
12124	12126
12176	12263
12361	12450
12538	12606
12533	12152
11490	10778
10306	10299
10883	11995
13354	14550
15357	15798
16013	16139
16242	16314
16348	16358
16359	16359
16359	16359
16359	16359
16359	16359
16359	16359
16359	16359
16359	16359
16359	16359
16359	16359
16359	16359
16359	16359
16359	16359
16359	16359
16359	16359
16359	16359
16359	16359
16359	16359
16359	16359
16359	16359
16359	16359
16359	16359
16359	16359
16359	16359
16359	16359
16359	16359
16359	16359
16359	16359
16359	16359
16359	16359
16359	16359
16359	16359
16359	16359
16359	16359
16359	16359
16359	16359
16359	16359
16359	16359
16359	16359
16359	16359
16359	16359
16359	16359
16359	16359
16359	16359
16359	16359
16359	16359
16359	16359
16359	16359
16359	16359
16359	16359
16359	16359
16359	16359
16359	16359
16359	16359
16359	16359
16359	16359
16359	16359
16359	16359
16359	16359
16359	16359
16359	16359
16359	16359
16359	16359
16359	16359
16359	16359
16359	16359
16359	16359
16359	16359
16359	16359
16359	16359
16359	16359
16359	16359
16359	16359
16359	16359
16359	16359
16359	16359
16359	16359
16359	16359
16359	16359
16359	16359
16359	16359
16359	16359
16359	16359
16359	16359
16359	16359
16359	16359
16359	16359
16359	16359
16359	16359
16359	16359
16359	16359
16359	16359
16359	16359
16359	16359
16358	16348
16314	16242
16135	15976
15642	14930
13702	12051
10386	9246
8886	9170
9787	10448
10949	11220
11297	11275
11231	11197
11187	11224
11293	11372
11426	11442
11432	11418
11418	11429
11420	11352
11153	10772
10214	9563
8954	8566
8607	9235
10363	11670
12757	13315
13213	12519
11400	10078
8818	7875
7433	7543
8132	8989
9859	10527
10956	11248
11491	11672
11749	11730
11738	11887
12055	11983
11658	11283
10868	10210
9297	8422
7958	8151
9015	10360
11901	13369
14547	15340
15793	16047
16209	16304
16346	16358
16359	16359
16359	16359
16359	16359
16359	16359
16359	16359
16359	16359
16359	16359
16359	16359
16359	16359
16359	16359
16359	16359
16359	16359
16359	16359
16359	16359
16359	16359
16359	16359
16359	16359
16359	16359
16359	16359
16359	16359
16359	16359
16359	16359
16359	16359
16359	16359
16359	16359
16359	16359
16359	16359
16359	16359
16359	16359
16359	16359
16359	16359
16359	16359
16359	16359
16359	16359
16359	16359
16359	16359
16359	16359
16359	16359
16359	16359
16359	16359
16359	16359
16359	16359
16359	16359
16359	16359
16358	16348
16309	16226
16088	15868
15444	14637
13364	11729
10047	8739
8089	8151
8765	9649
10531	11245
11734	12020
12146	12174
12185	12267
12377	12401
12313	12189
12074	11912
11562	10914
10047	9195
8541	8169
8182	8711
9760	11152
12575	13676
14215	14114
13412	12251
10897	9696
8994	8992
9583	10418
11176	11696
11993	12164
12291	12393
12452	12442
12362	12236
12115	12064
12109	12235
12393	12522
12608	12646
12593	12362
11916	11298
10632	10122
10035	10587
11727	13133
14411	15313
15817	16077
16226	16311
16348	16358
16359	16359
16359	16359
16359	16359
16359	16359
16359	16359
16359	16359
16359	16359
16359	16359
16359	16359
16359	16359
16359	16359
16359	16359
16359	16359
16359	16359
16359	16359
16359	16359
16359	16359
16359	16359
16359	16359
16359	16359
16359	16359
16359	16359
16359	16359
16359	16359
16359	16359
16359	16359
16359	16359
16359	16359
16359	16359
16359	16359
16359	16359
16359	16359
16359	16359
16359	16359
16359	16359
16359	16359
16359	16359
16359	16359
16359	16359
16359	16359
16359	16359
16359	16359
16359	16359
16359	16359
16359	16359
16359	16359
16359	16359
16359	16359
16359	16359
16359	16359
16359	16359
16359	16359
16359	16359
16359	16359
16359	16359
16359	16359
16359	16359
16359	16359
16359	16359
16359	16359
16359	16359
16359	16359
16359	16359
16359	16359
16359	16359
16359	16359
16359	16359
16359	16359
16359	16359
16359	16359
16359	16359
16359	16359
16359	16359
16359	16359
16359	16359
16359	16359
16359	16359
16359	16359
16359	16359
16359	16359
16359	16359
16359	16359
16359	16359
16359	16359
16359	16359
16359	16359
16359	16359
16359	16359
16359	16359
16359	16359
16359	16359
16359	16359
16359	16359
16358	16349
16318	16248
16133	15907
15351	14215
12520	10668
9242	8696
8994	9697
10414	10985
11342	11467
11424	11335
11277	11244
11233	11264
11325	11385
11410	11395
11363	11357
11381	11398
11358	11193
10822	10209
9426	8686
8266	8405
9161	10368
11703	12782
13318	13168
12371	11118
9707	8473
7661	7384
7610	8225
9070	9971
10737	11217
11433	11541
11646	11730
11741	11680
11660	11801
11998	12016
11849	11689
11521	11080
10257	9227
8309	7812
7940	8745
10126	11825
13470	14735
15518	15949
16182	16298
16345	16358
16359	16359
16359	16359
16359	16359
16359	16359
16359	16359
16359	16359
16359	16359
16359	16359
16359	16359
16359	16359
16359	16359
16359	16359
16359	16359
16359	16359
16359	16359
16359	16359
16359	16359
16359	16359
16359	16359
16359	16359
16359	16359
16359	16359
16359	16359
16359	16359
16359	16359
16359	16359
16359	16359
16359	16359
16359	16359
16359	16359
16359	16359
16359	16359
16359	16359
16359	16359
16359	16359
16359	16359
16359	16359
16359	16359
16359	16359
16359	16359
16359	16359
16359	16359
16359	16359
16359	16359
16357	16344
16296	16174
15934	15488
14684	13381
11674	9918
8542	7862
7952	8624
9589	10553
11321	11805
12047	12144
12183	12213
12273	12380
12471	12451
12330	12237
12242	12277
12180	11797
11145	10381
9601	8817
8175	7937
8339	9403
10890	12405
13586	14210
14185	13523
12347	10928
9666	8974
8997	9569
10366	11083
11602	11979
12272	12481
12581	12567
12460	12306
12165	12107
12158	12295
12454	12571
12614	12589
12511	12380
12146	11743
11146	10430
9827	9673
10219	11469
13057	14458
15389	15911
16178	16301
16345	16358
16359	16359
16359	16359
16359	16359
16359	16359
16359	16359
16359	16359
16359	16359
16359	16359
16359	16359
16359	16359
16359	16359
16359	16359
16359	16359
16359	16359
16359	16359
16359	16359
16359	16359
16359	16359
16359	16359
16359	16359
16359	16359
16359	16359
16359	16359
16359	16359
16359	16359
16359	16359
16359	16359
16359	16359
16359	16359
16359	16359
16359	16359
16359	16359
16359	16359
16359	16359
16359	16359
16359	16359
16359	16359
16359	16359
16359	16359
16359	16359
16359	16359
16359	16359
16359	16359
16359	16359
16359	16359
16359	16359
16359	16359
16359	16359
16359	16359
16359	16359
16359	16359
16359	16359
16359	16359
16359	16359
16359	16359
16359	16359
16359	16359
16359	16359
16359	16359
16359	16359
16359	16359
16359	16359
16359	16359
16359	16359
16359	16359
16359	16359
16359	16359
16359	16359
16359	16359
16359	16359
16359	16359
16359	16359
16359	16359
16359	16359
16359	16359
16359	16359
16359	16359
16359	16359
16359	16359
16359	16359
16359	16359
16359	16359
16359	16359
16359	16359
16359	16359
16359	16359
16359	16359
16359	16359
16359	16359
16359	16359
16359	16359
16359	16359
16359	16359
16358	16349
16316	16237
16079	15727
14912	13407
11461	9738
8817	8851
9531	10325
10916	11284
11475	11517
11461	11391
11345	11310
11288	11299
11342	11372
11361	11313
11266	11259
11277	11251
11104	10767
10193	9411
8617	8141
8267	9074
10371	11737
12775	13205
12948	12074
10786	9372
8170	7481
7410	7837
8547	9343
10102	10766
11263	11526
11605	11638
11707	11778
11781	11700
11634	11705
11867	11953
11928	11895
11833	11576
11001	10136
9123	8176
7599	7675
8550	10109
11972	13658
14887	15651
16070	16264
16338	16357
16359	16359
16359	16359
16359	16359
16359	16359
16359	16359
16359	16359
16359	16359
16359	16359
16359	16359
16359	16359
16359	16359
16359	16359
16359	16359
16359	16359
16359	16359
16359	16359
16359	16359
16359	16359
16359	16359
16359	16359
16359	16359
16359	16359
16359	16359
16359	16359
16359	16359
16359	16359
16359	16359
16359	16359
16359	16359
16359	16359
16359	16359
16359	16359
16359	16359
16359	16359
16359	16359
16359	16359
16359	16359
16359	16359
16359	16359
16359	16359
16359	16359
16359	16359
16359	16359
16359	16359
16355	16330
16237	16000
15528	14719
13460	11752
9898	8423
7715	7825
8542	9506
10451	11235
11796	12118
12247	12273
12282	12307
12373	12463
12516	12459
12329	12245
12285	12402
12452	12292
11913	11390
10725	9857
8882	8078
7758	8121
9137	10571
12086	13361
14127	14214
13575	12348
10878	9643
9000	9047
9599	10327
11011	11603
12083	12413
12565	12570
12477	12350
12252	12226
12283	12395
12512	12577
12563	12488
12390	12312
12218	12015
11604	10950
10159	9492
9360	10088
11553	13237
14656	15592
16079	16278
16342	16357
16359	16359
16359	16359
16359	16359
16359	16359
16359	16359
16359	16359
16359	16359
16359	16359
16359	16359
16359	16359
16359	16359
16359	16359
16359	16359
16359	16359
16359	16359
16359	16359
16359	16359
16359	16359
16359	16359
16359	16359
16359	16359
16359	16359
16359	16359
16359	16359
16359	16359
16359	16359
16359	16359
16359	16359
16359	16359
16359	16359
16359	16359
16359	16359
16359	16359
16359	16359
16359	16359
16359	16359
16359	16359
16359	16359
16359	16359
16359	16359
16359	16359
16359	16359
16359	16359
16359	16359
16359	16359
16359	16359
16359	16359
16359	16359
16359	16359
16359	16359
16359	16359
16359	16359
16359	16359
16359	16359
16359	16359
16359	16359
16359	16359
16359	16359
16359	16359
16359	16359
16359	16359
16359	16359
16359	16359
16359	16359
16359	16359
16359	16359
16359	16359
16359	16359
16359	16359
16359	16359
16359	16359
16359	16359
16359	16359
16359	16359
16359	16359
16359	16359
16359	16359
16359	16359
16359	16359
16359	16359
16359	16359
16359	16359
16359	16359
16359	16359
16359	16359
16359	16359
16359	16359
16357	16357
16357	16357
16359	16359
16359	16359
16359	16359
16359	16359
16357	16344
16298	16174
15885	15282
14165	12479
10645	9376
9040	9451
10179	10822
11215	11390
11441	11429
11399	11375
11354	11322
11292	11292
11316	11325
11294	11229
11167	11141
11108	10970
10643	10098
9370	8611
8118	8223
9038	10349
11748	12770
13126	12743
11755	10408
9016	7901
7320	7394
8017	8901
9760	10433
10905	11243
11474	11587
11618	11651
11727	11808
11823	11748
11645	11623
11710	11835
11926	11952
11906	11761
11457	10911
10080	9029
8009	7398
7535	8551
10231	12121
13797	15026
15776	16154
16303	16346
16357	16359
16359	16359
16359	16359
16359	16359
16359	16359
16359	16359
16359	16359
16359	16359
16359	16359
16359	16359
16359	16359
16359	16359
16359	16359
16359	16359
16359	16359
16359	16359
16359	16359
16359	16359
16359	16359
16359	16359
16359	16359
16359	16359
16359	16359
16359	16359
16359	16359
16359	16359
16359	16359
16359	16359
16359	16359
16359	16359
16359	16359
16359	16359
16359	16359
16359	16359
16359	16359
16359	16359
16359	16359
16359	16359
16359	16359
16359	16359
16359	16359
16359	16359
16359	16359
16359	16356
16342	16282
16079	15602
14746	13473
11824	10005
8440	7624
7735	8535
9592	10537
11217	11684
12019	12240
12355	12391
12384	12378
12399	12437
12449	12392
12301	12263
12320	12441
12528	12486
12306	12020
11581	10890
9956	8952
8124	7726
7937	8815
10204	11772
13138	13976
14081	13429
12225	10852
9724	9141
9153	9593
10258	10983
11636	12108
12371	12455
12432	12375
12338	12347
12401	12475
12533	12542
12490	12387
12285	12239
12222	12140
11900	11451
10771	9955
9336	9378
10302	11913
13693	15090
15879	16217
16328	16355
16359	16359
16359	16359
16359	16359
16359	16359
16359	16359
16359	16359
16359	16359
16359	16359
16359	16359
16359	16359
16359	16359
16359	16359
16359	16359
16359	16359
16359	16359
16359	16359
16359	16359
16359	16359
16359	16359
16359	16359
16359	16359
16359	16359
16359	16359
16359	16359
16359	16359
16359	16359
16359	16359
16359	16359
16359	16359
16359	16359
16359	16359
16359	16359
16359	16359
16359	16359
16359	16359
16359	16359
16359	16359
16359	16359
16359	16359
16359	16359
16359	16359
16359	16359
16359	16359
16359	16359
16359	16359
16359	16359
16359	16359
16359	16359
16359	16359
16359	16359
16359	16359
16359	16359
16359	16359
16359	16359
16359	16359
16359	16359
16359	16359
16359	16359
16359	16359
16359	16359
16359	16359
16359	16359
16359	16359
16359	16359
16359	16359
16359	16359
16359	16359
16359	16359
16359	16359
16359	16359
16359	16359
16359	16359
16359	16359
16359	16359
16359	16359
16359	16359
16359	16359
16359	16359
16359	16359
16359	16359
16359	16359
16359	16359
16359	16359
16359	16359
16359	16359
16359	16359
16356	16349
16341	16335
16334	16340
16347	16353
16353	16354
16353	16352
16349	16343
16333	16301
16205	15954
15399	14403
12980	11377
10048	9433
9569	10104
10679	11116
11363	11442
11413	11352
11311	11296
11286	11263
11235	11233
11253	11255
11215	11143
11068	10991
10851	10548
10023	9320
8609	8164
8254	9014
10284	11661
12679	13011
12569	11505
10112	8740
7704	7237
7409	8108
9081	10026
10727	11132
11320	11425
11510	11569
11599	11634
11693	11768
11814	11786
11698	11618
11615	11717
11850	11907
11871	11798
11689	11439
10908	10038
8928	7876
7277	7489
8591	10334
12278	13978
15175	15863
16174	16288
16329	16347
16353	16355
16355	16355
16355	16355
16355	16353
16352	16351
16351	16350
16350	16349
16348	16347
16346	16349
16350	16352
16351	16352
16350	16349
16344	16343
16341	16342
16341	16343
16344	16349
16350	16352
16353	16355
16355	16355
16355	16355
16355	16355
16355	16355
16355	16355
16357	16357
16359	16359
16359	16359
16359	16359
16359	16359
16359	16357
16356	16355
16354	16353
16352	16352
16351	16352
16354	16357
16358	16359
16359	16359
16359	16357
16356	16354
16353	16351
16351	16350
16349	16350
16351	16350
16343	16325
16273	16124
15719	14874
13535	11836
10042	8517
7642	7664
8478	9653
10737	11466
11830	11996
12119	12258
12379	12429
12399	12351
12324	12323
12321	12300
12275	12287
12348	12435
12492	12484
12415	12299
12083	11665
10992	10114
9144	8266
7750	7848
8629	9916
11410	12761
13644	13830
13301	12262
11021	9918
9238	9123
9518	10205
10942	11569
12008	12254
12353	12378
12381	12401
12439	12490
12516	12502
12429	12318
12223	12198
12215	12188
12068	11838
11412	10719
9909	9395
9652	10874
12703	14396
15507	16060
16277	16335
16348	16346
16348	16350
16351	16352
16352	16353
16351	16350
16349	16352
16355	16359
16359	16359
16359	16359
16359	16359
16359	16359
16359	16359
16359	16359
16359	16359
16359	16359
16359	16359
16359	16359
16359	16359
16359	16359
16359	16359
16359	16359
16359	16359
16359	16359
16359	16359
16359	16359
16359	16359
16359	16359
16359	16359
16359	16359
16359	16359
16359	16359
16359	16359
16359	16359
16359	16359
16359	16359
16359	16359
16359	16359
16359	16359
16359	16359
16359	16359
16359	16359
16359	16359
16359	16359
16359	16359
16359	16359
16359	16359
16359	16359
16359	16359
16359	16359
16359	16359
16359	16359
16359	16359
16359	16359
16359	16359
16359	16359
16359	16359
16359	16359
16359	16359
16359	16359
16359	16359
16359	16359
16359	16359
16359	16359
16359	16359
16359	16359
16359	16359
16359	16359
16359	16359
16359	16359
16359	16359
16359	16359
16359	16359
16359	16359
16359	16359
16359	16359
16359	16359
16359	16359
16359	16359
16359	16359
16359	16359
16359	16359
16359	16359
16359	16359
16359	16359
16359	16359
16359	16356
16342	16315
16282	16260
16259	16278
16304	16324
16329	16327
16322	16317
16305	16286
16249	16156
15925	15417
14483	13092
11528	10280
9671	9689
10094	10573
10967	11253
11436	11495
11440	11330
11238	11193
11187	11188
11181	11183
11191	11171
11115	11035
10923	10743
10434	9943
9295	8632
8219	8342
9091	10287
11569	12511
12800	12329
11233	9833
8508	7573
7225	7500
8257	9235
10164	10856
11246	11392
11420	11441
11503	11569
11606	11616
11631	11682
11753	11796
11767	11679
11609	11641
11744	11812
11809	11794
11790	11724
11471	10910
9997	8831
7741	7188
7498	8712
10536	12484
14117	15215
15806	16089
16226	16293
16322	16328
16330	16332
16334	16336
16333	16329
16322	16317
16313	16312
16311	16308
16305	16302
16302	16307
16313	16319
16321	16319
16313	16303
16294	16285
16280	16279
16283	16289
16299	16309
16316	16323
16326	16329
16331	16333
16335	16335
16334	16335
16336	16336
16337	16338
16342	16347
16350	16354
16357	16359
16359	16358
16357	16354
16351	16346
16339	16334
16330	16328
16324	16322
16323	16328
16334	16341
16347	16349
16350	16350
16349	16343
16335	16329
16324	16321
16319	16314
16308	16309
16314	16310
16279	16205
16045	15700
14978	13707
11965	10105
8560	7691
7668	8414
9601	10789
11665	12132
12269	12238
12203	12260
12365	12400
12337	12256
12217	12222
12240	12257
12279	12317
12366	12403
12408	12390
12366	12347
12294	12116
11746	11150
10340	9393
8501	7927
7874	8414
9507	10962
12418	13439
13778	13419
12479	11184
9940	9188
9093	9492
10146	10860
11498	11962
12231	12344
12372	12381
12404	12450
12490	12480
12403	12289
12199	12186
12223	12222
12171	12090
11900	11439
10694	9924
9647	10308
11804	13521
14902	15749
16141	16267
16296	16304
16306	16314
16319	16322
16324	16321
16317	16313
16315	16325
16340	16352
16358	16359
16359	16359
16359	16359
16359	16359
16359	16359
16359	16359
16359	16359
16359	16359
16359	16359
16359	16359
16359	16359
16359	16359
16359	16359
16359	16359
16359	16359
16359	16359
16359	16359
16359	16359
16359	16359
16359	16359
16359	16359
16359	16359
16359	16359
16359	16359
16359	16359
16359	16359
16359	16359
16359	16359
16359	16359
16359	16359
16359	16359
16359	16359
16359	16359
16359	16359
16359	16359
16359	16359
16359	16359
16359	16359
16359	16359
16359	16359
16359	16359
16359	16359
16359	16359
16359	16359
16359	16359
16359	16359
16359	16359
16359	16359
16359	16359
16359	16359
16359	16359
16359	16359
16359	16359
16359	16359
16359	16359
16359	16359
16359	16359
16359	16359
16359	16359
16359	16359
16359	16359
16359	16359
16359	16359
16359	16359
16359	16359
16359	16359
16359	16359
16359	16359
16359	16359
16359	16359
16359	16359
16359	16359
16359	16359
16359	16359
16359	16359
16359	16359
16359	16359
16359	16359
16358	16349
16318	16254
16173	16118
16115	16161
16224	16265
16275	16265
16252	16235
16212	16165
16064	15835
15342	14450
13134	11589
10240	9543
9568	10001
10486	10860
11111	11300
11443	11495
11434	11297
11171	11114
11137	11180
11206	11200
11162	11086
10980	10853
10660	10317
9795	9166
8588	8268
8430	9179
10373	11608
12475	12672
12123	10959
9518	8212
7375	7161
7549	8369
9372	10298
10973	11340
11460	11442
11410	11428
11502	11583
11626	11621
11606	11634
11708	11787
11808	11746
11657	11629
11672	11719
11743	11775
11824	11852
11781	11495
10873	9878
8689	7693
7276	7684
8907	10676
12535	14040
15031	15628
15981	16171
16247	16271
16281	16285
16289	16289
16287	16277
16261	16247
16237	16236
16234	16230
16222	16216
16218	16230
16248	16261
16267	16260
16244	16219
16195	16175
16163	16162
16169	16186
16209	16231
16249	16263
16273	16279
16282	16285
16286	16287
16288	16290
16294	16298
16302	16305
16315	16324
16335	16343
16352	16356
16357	16351
16342	16333
16321	16306
16292	16284
16279	16275
16267	16260
16262	16274
16289	16303
16316	16325
16328	16330
16324	16307
16285	16266
16256	16253
16244	16229
16215	16218
16230	16214
16121	15909
15511	14822
13704	12106
10274	8707
7816	7758
8422	9521
10695	11642
12227	12489
12512	12409
12309	12313
12378	12384
12299	12214
12192	12225
12274	12316
12352	12380
12390	12373
12329	12289
12279	12301
12329	12308
12167	11848
11314	10569
9676	8772
8059	7786
8174	9276
10838	12366
13457	13887
13563	12539
11165	9968
9286	9155
9481	10116
10872	11546
12008	12249
12324	12336
12356	12410
12469	12475
12404	12292
12208	12199
12237	12250
12231	12221
12167	11921
11374	10618
10036	10115
11031	12507
14046	15201
15833	16091
16176	16206
16225	16239
16253	16261
16264	16258
16245	16236
16241	16266
16306	16338
16354	16359
16359	16359
16359	16359
16359	16359
16359	16359
16359	16359
16359	16359
16359	16359
16359	16359
16359	16359
16359	16359
16359	16359
16359	16359
16359	16359
16359	16359
16359	16359
16359	16359
16359	16359
16359	16359
16359	16359
16359	16359
16359	16359
16359	16359
16359	16359
16359	16359
16359	16359
16359	16359
16359	16359
16359	16359
16359	16359
16359	16359
16359	16359
16359	16359
16359	16359
16359	16359
16359	16359
16359	16359
16359	16359
16359	16359
16359	16359
16359	16359
16359	16359
16359	16359
16359	16359
16359	16359
16359	16359
16359	16359
16359	16359
16359	16359
16359	16359
16359	16359
16359	16359
16359	16359
16359	16359
16359	16359
16359	16359
16359	16359
16359	16359
16359	16359
16359	16359
16359	16359
16359	16359
16359	16359
16359	16359
16359	16359
16359	16359
16359	16359
16359	16359
16359	16359
16359	16359
16359	16359
16359	16359
16359	16359
16359	16359
16359	16359
16359	16359
16359	16359
16359	16359
16357	16343
16295	16196
16072	15987
15982	16051
16148	16211
16211	16175
16135	16107
16076	15993
15777	15310
14461	13166
11625	10256
9435	9319
9730	10300
10751	11027
11178	11291
11378	11401
11337	11215
11100	11073
11136	11226
11281	11258
11159	11003
10821	10603
10272	9737
9058	8460
8199	8450
9245	10428
11654	12506
12679	12091
10883	9383
8012	7154
6993	7465
8353	9378
10311	11002
11410	11560
11543	11463
11408	11416
11477	11553
11607	11626
11632	11655
11708	11770
11804	11777
11718	11679
11679	11691
11713	11759
11839	11913
11917	11787
11412	10723
9761	8712
7838	7440
7781	8947
10659	12389
13800	14835
15542	15947
16125	16187
16210	16220
16222	16224
16222	16211
16186	16161
16146	16142
16141	16136
16125	16120
16125	16145
16174	16198
16208	16196
16170	16131
16093	16065
16048	16047
16061	16084
16116	16152
16177	16198
16211	16219
16221	16226
16227	16227
16230	16238
16248	16259
16265	16274
16287	16302
16319	16333
16343	16347
16343	16329
16304	16276
16249	16226
16210	16207
16213	16210
16200	16192
16194	16207
16225	16240
16257	16274
16291	16295
16284	16246
16199	16163
16153	16153
16140	16107
16074	16073
16089	16036
15815	15344
14570	13459
12017	10370
8873	7993
7938	8565
9563	10622
11508	12116
12449	12578
12567	12477
12392	12382
12422	12410
12334	12269
12267	12317
12382	12433
12459	12448
12405	12338
12277	12246
12256	12296
12345	12375
12342	12193
11899	11433
10767	9897
8931	8124
7815	8256
9399	10907
12376	13453
13871	13516
12530	11281
10148	9405
9191	9503
10177	10960
11617	12040
12237	12306
12340	12390
12444	12458
12406	12314
12241	12226
12258	12272
12262	12254
12246	12142
11820	11234
10566	10194
10473	11501
12972	14324
15233	15724
15961	16069
16123	16153
16171	16180
16184	16176
16158	16139
16140	16183
16256	16317
16349	16358
16359	16359
16359	16359
16359	16359
16359	16359
16359	16359
16359	16359
16359	16359
16359	16359
16359	16359
16359	16359
16359	16359
16359	16359
16359	16359
16359	16359
16359	16359
16359	16359
16359	16359
16359	16359
16359	16359
16359	16359
16359	16359
16359	16359
16359	16359
16359	16359
16359	16359
16359	16359
16359	16359
16359	16359
16359	16359
16359	16359
16359	16359
16359	16359
16359	16359
16359	16359
16359	16359
16359	16359
16359	16359
16359	16359
16359	16359
16359	16359
16359	16359
16359	16359
16359	16359
16359	16359
16359	16359
16359	16359
16359	16359
16359	16359
16359	16359
16359	16359
16359	16359
16359	16359
16359	16359
16359	16359
16359	16359
16359	16359
16359	16359
16359	16359
16359	16359
16359	16359
16359	16359
16359	16359
16359	16359
16359	16359
16359	16359
16359	16359
16359	16359
16359	16359
16359	16359
16359	16359
16359	16359
16359	16359
16359	16359
16359	16359
16359	16359
16359	16359
16359	16359
16357	16343
16293	16191
16062	15974
15969	16040
16138	16190
16165	16080
15995	15960
15937	15803
15405	14615
13390	11853
10375	9412
9164	9481
10053	10591
10944	11114
11178	11209
11233	11234
11190	11114
11049	11046
11120	11226
11296	11264
11126	10916
10650	10293
9783	9127
8499	8208
8465	9278
10459	11663
12499	12658
12066	10890
9458	8134
7248	7001
7392	8229
9242	10174
10880	11323
11539	11601
11564	11485
11403	11360
11376	11440
11523	11601
11657	11690
11718	11745
11770	11783
11781	11775
11766	11752
11749	11790
11867	11945
11966	11892
11675	11267
10631	9763
8765	7865
7437	7809
8964	10561
12225	13705
14847	15568
15927	16077
16138	16156
16155	16155
16158	16150
16123	16096
16079	16075
16077	16075
16071	16071
16084	16112
16148	16175
16186	16172
16139	16095
16055	16028
16019	16021
16034	16056
16087	16117
16141	16157
16169	16173
16175	16175
16176	16177
16182	16197
16219	16240
16251	16261
16275	16292
16307	16321
16331	16331
16320	16288
16237	16183
16135	16105
16101	16122
16150	16163
16159	16151
16151	16157
16160	16167
16179	16201
16230	16246
16226	16162
16088	16043
16037	16050
16037	15979
15917	15900
15883	15732
15287	14443
13232	11787
10300	8999
8183	8094
8697	9667
10665	11463
11994	12302
12455	12506
12489	12431
12384	12391
12431	12438
12397	12353
12349	12382
12441	12498
12520	12473
12377	12280
12239	12268
12346	12409
12433	12420
12380	12296
12153	11921
11529	10900
10040	9096
8343	8085
8480	9467
10820	12204
13273	13747
13507	12642
11430	10254
9451	9215
9544	10239
11032	11680
12086	12284
12358	12376
12385	12395
12393	12355
12301	12278
12287	12289
12264	12235
12224	12198
12061	11690
11101	10507
10279	10727
11797	13093
14249	15092
15619	15909
16046	16100
16114	16115
16112	16110
16096	16068
16054	16103
16203	16296
16343	16357
16359	16359
16359	16359
16359	16359
16359	16359
16359	16359
16359	16359
16359	16359
16359	16359
16359	16359
16359	16359
16359	16359
16359	16359
16359	16359
16359	16359
16359	16359
16359	16359
16359	16359
16359	16359
16359	16359
16359	16359
16359	16359
16359	16359
16359	16359
16359	16359
16359	16359
16359	16359
16359	16359
16359	16359
16359	16359
16359	16359
16359	16359
16359	16359
16359	16359
16359	16359
16359	16359
16359	16359
16359	16359
16359	16359
16359	16359
16359	16359
16359	16359
16359	16359
16359	16359
16359	16359
16359	16359
16359	16359
16359	16359
16359	16359
16359	16359
16359	16359
16359	16359
16359	16359
16359	16359
16359	16359
16359	16359
16359	16359
16359	16359
16359	16359
16359	16359
16359	16359
16359	16359
16359	16359
16359	16359
16359	16359
16359	16359
16359	16359
16359	16359
16359	16359
16359	16359
16359	16359
16359	16359
16359	16359
16359	16359
16359	16359
16359	16359
16359	16359
16359	16359
16358	16348
16311	16236
16142	16079
16073	16123
16183	16208
16151	16024
15901	15853
15814	15565
14897	13727
12211	10697
9583	9127
9306	9842
10426	10866
11095	11151
11116	11070
11050	11048
11049	11037
11018	11011
11049	11132
11211	11195
11051	10805
10440	9909
9246	8630
8331	8580
9396	10555
11709	12504
12651	12033
10818	9409
8217	7502
7340	7662
8321	9147
9970	10657
11128	11382
11490	11541
11558	11505
11391	11282
11244	11296
11410	11542
11638	11681
11681	11685
11710	11761
11817	11864
11881	11863
11838	11854
11912	11969
11978	11921
11791	11567
11191	10572
9705	8710
7869	7517
7881	8951
10523	12245
13775	14885
15555	15899
16055	16100
16097	16094
16103	16101
16081	16060
16051	16056
16062	16065
16064	16072
16093	16128
16165	16194
16201	16187
16156	16113
16082	16068
16072	16084
16098	16111
16124	16135
16143	16146
16147	16147
16147	16147
16146	16144
16149	16165
16191	16213
16230	16241
16255	16270
16282	16295
16304	16303
16283	16238
16167	16090
16026	15995
16003	16047
16099	16129
16133	16130
16131	16130
16123	16111
16107	16125
16156	16166
16137	16062
15982	15942
15953	15978
15965	15892
15795	15717
15587	15217
14429	13182
11644	10137
8967	8329
8303	8836
9731	10691
11473	11976
12230	12338
12383	12387
12362	12322
12301	12330
12397	12451
12453	12419
12376	12360
12387	12451
12494	12447
12324	12212
12206	12320
12481	12571
12544	12450
12356	12292
12242	12159
11972	11612
11040	10263
9389	8626
8233	8423
9240	10524
11954	13146
13752	13585
12726	11488
10271	9438
9196	9558
10316	11156
11815	12208
12355	12349
12306	12319
12373	12395
12366	12332
12320	12302
12258	12208
12182	12196
12177	11995
11578	10996
10480	10338
10766	11728
12982	14191
15117	15692
15974	16078
16095	16082
16072	16078
16080	16050
16023	16065
16177	16284
16340	16357
16359	16359
16359	16359
16359	16359
16359	16359
16359	16359
16359	16359
16359	16359
16359	16359
16359	16359
16359	16359
16359	16359
16359	16359
16359	16359
16359	16359
16359	16359
16359	16359
16359	16359
16359	16359
16359	16359
16359	16359
16359	16359
16359	16359
16359	16359
16359	16359
16359	16359
16359	16359
16359	16359
16359	16359
16359	16359
16359	16359
16359	16359
16359	16359
16359	16359
16359	16359
16359	16359
16359	16359
16359	16359
16359	16359
16359	16359
16359	16359
16359	16359
16359	16359
16359	16359
16359	16359
16359	16359
16359	16359
16359	16359
16359	16359
16359	16359
16359	16359
16359	16359
16359	16359
16359	16359
16359	16359
16359	16359
16359	16359
16359	16359
16359	16359
16359	16359
16359	16359
16359	16359
16359	16359
16359	16359
16359	16359
16359	16359
16359	16359
16359	16359
16359	16359
16359	16359
16359	16359
16359	16359
16359	16359
16359	16359
16359	16359
16359	16359
16359	16359
16359	16359
16358	16352
16330	16285
16227	16186
16181	16203
16229	16225
16159	16031
15905	15831
15687	15198
14169	12650
11009	9753
9176	9224
9675	10260
10775	11095
11200	11144
11026	10927
10890	10912
10958	10998
11000	10963
10940	10994
11086	11102
10956	10631
10111	9411
8726	8379
8614	9443
10642	11818
12601	12724
12103	10863
9374	8130
7475	7488
7991	8687
9369	9977
10500	10926
11210	11345
11392	11463
11542	11537
11416	11268
11194	11230
11349	11483
11577	11600
11581	11571
11615	11702
11813	11908
11953	11939
11905	11895
11930	11971
11977	11937
11858	11748
11545	11164
10546	9723
8795	7983
7593	7919
8997	10574
12270	13758
14857	15545
15899	16026
16045	16039
16043	16042
16034	16033
16047	16066
16076	16074
16068	16073
16097	16138
16182	16213
16224	16208
16175	16135
16110	16109
16126	16149
16164	16168
16164	16154
16139	16127
16119	16111
16107	16099
16087	16071
16060	16054
16059	16070
16081	16095
16112	16130
16150	16169
16187	16200
16199	16169
16113	16044
15982	15947
15952	15993
16046	16083
16093	16099
16111	16121
16118	16101
16084	16078
16080	16062
16018	15960
15916	15904
15924	15947
15934	15857
15724	15522
15131	14373
13160	11620
10062	8870
8295	8383
8983	9844
10729	11466
11974	12236
12319	12328
12322	12306
12276	12238
12230	12277
12375	12466
12504	12463
12365	12272
12250	12316
12404	12403
12297	12187
12190	12333
12526	12620
12556	12414
12303	12275
12305	12309
12233	12066
11776	11281
10525	9550
8596	8032
8128	8953
10336	11914
13220	13846
13641	12749
11486	10236
9381	9186
9645	10497
11374	11993
12265	12297
12269	12294
12373	12416
12398	12364
12344	12319
12266	12200
12166	12191
12235	12192
11967	11525
10928	10363
10154	10602
11702	13111
14417	15341
15838	16041
16093	16081
16064	16074
16096	16083
16058	16092
16191	16290
16341	16357
16359	16359
16359	16359
16359	16359
16359	16359
16359	16359
16359	16359
16359	16359
16359	16359
16359	16359
16359	16359
16359	16359
16359	16359
16359	16359
16359	16359
16359	16359
16359	16359
16359	16359
16359	16359
16359	16359
16359	16359
16359	16359
16359	16359
16359	16359
16359	16359
16359	16359
16359	16359
16359	16359
16359	16359
16359	16359
16359	16359
16359	16359
16359	16359
16359	16359
16359	16359
16359	16359
16359	16359
16359	16359
16359	16359
16359	16359
16359	16359
16359	16359
16359	16359
16359	16359
16359	16359
16359	16359
16359	16359
16359	16359
16359	16359
16359	16359
16359	16359
16359	16359
16359	16359
16359	16359
16359	16359
16359	16359
16359	16359
16359	16359
16359	16359
16359	16359
16359	16359
16359	16359
16359	16359
16359	16359
16359	16359
16359	16359
16359	16359
16359	16359
16359	16359
16359	16359
16359	16359
16359	16359
16359	16359
16359	16359
16359	16359
16359	16359
16359	16359
16359	16359
16359	16354
16339	16307
16267	16235
16222	16217
16215	16199
16157	16074
15972	15835
15475	14630
13217	11491
9960	9134
9097	9543
10123	10657
11048	11238
11232	11103
10945	10836
10815	10862
10936	10995
10994	10922
10850	10874
10970	10995
10801	10323
9613	8853
8376	8514
9324	10545
11777	12633
12819	12224
10989	9490
8178	7427
7390	7964
8836	9648
10215	10584
10859	11089
11248	11306
11321	11398
11520	11560
11466	11332
11257	11278
11364	11461
11508	11498
11458	11450
11511	11628
11769	11888
11945	11932
11888	11868
11891	11936
11964	11958
11929	11889
11806	11610
11238	10659
9857	8897
8039	7664
8005	9046
10561	12234
13748	14884
15571	15890
15978	15979
15966	15963
15975	16008
16052	16085
16092	16080
16061	16058
16077	16120
16168	16209
16224	16212
16176	16135
16099	16089
16099	16119
16137	16143
16137	16114
16083	16046
16012	15975
15931	15879
15819	15760
15702	15649
15606	15585
15586	15602
15627	15659
15700	15752
15813	15877
15935	15975
15990	15979
15953	15920
15902	15920
15963	16000
16023	16048
16080	16114
16133	16125
16099	16065
16024	15971
15916	15886
15887	15900
15909	15916
15902	15830
15636	15219
14432	13177
11583	9999
8795	8223
8332	8976
9889	10783
11489	11967
12240	12342
12345	12323
12311	12296
12265	12227
12221	12273
12379	12490
12538	12486
12345	12189
12114	12168
12293	12358
12314	12231
12208	12303
12451	12518
12455	12335
12268	12307
12406	12454
12418	12339
12221	11972
11436	10529
9391	8364
7811	7973
8903	10414
12073	13351
13901	13652
12732	11420
10135	9326
9248	9840
10754	11560
12029	12219
12279	12328
12380	12400
12377	12355
12350	12339
12298	12237
12192	12209
12272	12309
12233	11959
11428	10689
10054	9971
10673	12011
13551	14810
15580	15950
16086	16100
16080	16085
16113	16124
16122	16157
16235	16308
16346	16358
16359	16359
16359	16359
16359	16359
16359	16359
16359	16359
16359	16359
16359	16359
16359	16359
16359	16359
16359	16359
16359	16359
16359	16359
16359	16359
16359	16359
16359	16359
16359	16359
16359	16359
16359	16359
16359	16359
16359	16359
16359	16359
16359	16359
16359	16359
16359	16359
16359	16359
16359	16359
16359	16359
16359	16359
16359	16359
16359	16359
16359	16359
16359	16359
16359	16359
16359	16359
16359	16359
16359	16359
16359	16359
16359	16359
16359	16359
16359	16359
16359	16359
16359	16359
16359	16359
16359	16359
16359	16359
16359	16359
16359	16359
16359	16359
16359	16359
16359	16359
16359	16359
16359	16359
16359	16359
16359	16359
16359	16359
16359	16359
16359	16359
16359	16359
16359	16359
16359	16359
16359	16359
16359	16359
16359	16359
16359	16359
16359	16359
16359	16359
16359	16359
16359	16359
16359	16359
16359	16359
16359	16359
16359	16359
16359	16359
16359	16359
16359	16359
16359	16359
16359	16359
16359	16355
16342	16314
16277	16244
16211	16171
16132	16117
16113	16084
15980	15710
15055	13827
12135	10459
9315	8997
9366	9998
10565	10976
11217	11281
11197	11036
10890	10818
10832	10902
10980	11025
11002	10907
10811	10797
10845	10797
10476	9813
8993	8400
8399	9120
10346	11611
12488	12731
12234	11062
9562	8257
7512	7425
7904	8738
9636	10334
10741	10946
11074	11183
11265	11282
11284	11348
11466	11518
11469	11384
11343	11367
11429	11478
11478	11438
11389	11385
11455	11585
11731	11843
11887	11861
11809	11779
11801	11860
11926	11970
11993	12008
11997	11916
11723	11367
10778	9929
8954	8155
7821	8134
9113	10594
12276	13809
14941	15596
15859	15898
15870	15868
15916	15989
16054	16096
16101	16078
16048	16038
16055	16097
16148	16188
16206	16194
16158	16104
16039	15970
15911	15883
15882	15892
15890	15860
15802	15722
15625	15508
15367	15212
15054	14907
14773	14656
14559	14502
14487	14500
14532	14585
14662	14771
14910	15071
15239	15401
15536	15627
15668	15665
15654	15675
15737	15812
15880	15950
16023	16091
16134	16143
16120	16076
16019	15951
15895	15872
15877	15875
15856	15834
15804	15693
15362	14632
13401	11737
10000	8685
8097	8236
8913	9839
10759	11486
11960	12225
12345	12372
12360	12348
12348	12337
12304	12262
12252	12294
12385	12477
12514	12457
12316	12151
12050	12072
12190	12302
12333	12301
12265	12280
12338	12375
12354	12307
12302	12389
12517	12581
12549	12483
12418	12297
11987	11345
10384	9285
8332	7830
8037	9036
10594	12216
13425	13919
13606	12605
11247	10007
9308	9362
10027	10896
11626	12077
12283	12355
12365	12350
12321	12318
12337	12356
12345	12303
12258	12256
12299	12353
12355	12214
11819	11127
10333	9842
10046	11070
12617	14108
15175	15783
16050	16114
16102	16092
16110	16132
16153	16200
16266	16322
16350	16358
16359	16359
16359	16359
16359	16359
16359	16359
16359	16359
16359	16359
16359	16359
16359	16359
16359	16359
16359	16359
16359	16359
16359	16359
16359	16359
16359	16359
16359	16359
16359	16359
16359	16359
16359	16359
16359	16359
16359	16359
16359	16359
16359	16359
16359	16359
16359	16359
16359	16359
16359	16359
16359	16359
16359	16359
16359	16359
16359	16359
16359	16359
16359	16359
16359	16359
16359	16359
16359	16359
16359	16359
16359	16359
16359	16359
16359	16359
16359	16359
16359	16359
16359	16359
16359	16359
16359	16359
16359	16359
16359	16359
16359	16359
16359	16359
16359	16359
16359	16359
16359	16359
16359	16359
16359	16359
16359	16359
16359	16359
16359	16359
16359	16359
16359	16359
16359	16359
16359	16359
16359	16359
16359	16359
16359	16359
16359	16359
16359	16359
16359	16359
16359	16359
16359	16359
16359	16359
16359	16359
16359	16359
16359	16359
16359	16359
16359	16359
16359	16359
16359	16359
16359	16359
16359	16356
16344	16318
16281	16236
16179	16102
16038	16024
16049	16034
15849	15345
14345	12807
11066	9729
9163	9324
9892	10497
10936	11188
11284	11244
11111	10960
10858	10846
10909	10997
11062	11074
11021	10919
10805	10726
10635	10402
9892	9133
8435	8287
8908	10115
11438	12369
12603	12104
10996	9546
8207	7454
7448	7983
8766	9576
10263	10736
11000	11124
11185	11225
11248	11254
11261	11303
11361	11384
11362	11338
11358	11417
11486	11516
11493	11427
11367	11358
11427	11556
11700	11799
11824	11784
11716	11673
11687	11756
11855	11951
12029	12082
12108	12082
11988	11787
11420	10821
10018	9140
8408	8051
8282	9189
10657	12362
13920	15019
15585	15761
15772	15783
15860	15964
16047	16092
16099	16074
16043	16028
16036	16065
16099	16122
16121	16090
16032	15944
15809	15610
15390	15229
15150	15111
15069	14989
14863	14699
14503	14269
14012	13745
13490	13264
13075	12918
12796	12720
12685	12682
12709	12768
12876	13039
13255	13514
13798	14082
14340	14544
14682	14762
14832	14937
15096	15281
15472	15650
15815	15949
16043	16088
16094	16074
16040	15997
15956	15922
15889	15842
15780	15712
15594	15309
14683	13574
12005	10249
8762	7999
8085	8793
9767	10714
11454	11940
12205	12324
12370	12381
12382	12389
12393	12380
12340	12299
12284	12309
12365	12410
12407	12341
12230	12118
12050	12055
12131	12231
12312	12341
12320	12281
12264	12285
12330	12362
12398	12476
12582	12636
12608	12529
12446	12359
12211	11893
11317	10461
9422	8451
7912	8141
9180	10735
12320	13455
13848	13445
12405	11055
9853	9226
9348	10073
11015	11773
12179	12320
12329	12301
12278	12287
12327	12371
12391	12376
12341	12316
12318	12341
12352	12285
12031	11507
10770	10086
9866	10444
11736	13267
14585	15472
15933	16093
16113	16096
16095	16110
16143	16200
16270	16326
16351	16358
16359	16359
16359	16359
16359	16359
16359	16359
16359	16359
16359	16359
16359	16359
16359	16359
16359	16359
16359	16359
16359	16359
16359	16359
16359	16359
16359	16359
16359	16359
16359	16359
16359	16359
16359	16359
16359	16359
16359	16359
16359	16359
16359	16359
16359	16359
16359	16359
16359	16359
16359	16359
16359	16359
16359	16359
16359	16359
16359	16359
16359	16359
16359	16359
16359	16359
16359	16359
16359	16359
16359	16359
16359	16359
16359	16359
16359	16359
16359	16359
16359	16359
16359	16359
16359	16359
16359	16359
16359	16359
16359	16359
16359	16359
16359	16359
16359	16359
16359	16359
16359	16359
16359	16359
16359	16359
16359	16359
16359	16359
16359	16359
16359	16359
16359	16359
16359	16359
16359	16359
16359	16359
16359	16359
16359	16359
16359	16359
16359	16359
16359	16359
16359	16359
16359	16359
16359	16359
16359	16359
16359	16359
16359	16359
16359	16359
16359	16359
16359	16359
16359	16359
16359	16359
16359	16356
16346	16319
16273	16209
16128	16044
15988	15982
16001	15926
15561	14714
13338	11648
10143	9352
9380	9880
10461	10918
11190	11305
11292	11185
11026	10890
10833	10876
10980	11083
11133	11116
11039	10922
10775	10576
10261	9753
9082	8447
8204	8683
9838	11214
12262	12583
12083	10941
9498	8153
7316	7258
7882	8793
9636	10259
10664	10927
11101	11203
11235	11223
11202	11208
11235	11248
11229	11189
11167	11193
11281	11406
11516	11553
11499	11381
11266	11222
11287	11440
11621	11750
11791	11750
11676	11610
11594	11644
11754	11888
12012	12101
12146	12139
12088	11985
11798	11466
10952	10246
9414	8623
8151	8304
9221	10757
12514	14020
15003	15485
15647	15715
15800	15906
16004	16067
16085	16067
16028	15991
15966	15944
15919	15874
15802	15698
15566	15394
15132	14739
14288	13916
13683	13524
13359	13160
12918	12641
12349	12037
11726	11428
11161	10941
10772	10648
10563	10501
10453	10425
10418	10456
10549	10713
10944	11235
11564	11901
12218	12488
12719	12927
13156	13426
13742	14096
14470	14835
15165	15441
15653	15796
15885	15938
15973	15993
15997	15976
15931	15854
15747	15572
15221	14544
13445	11971
10353	8955
8133	8075
8686	9640
10612	11400
11930	12216
12339	12377
12388	12399
12412	12420
12414	12389
12350	12317
12302	12310
12316	12289
12206	12081
11972	11940
11986	12050
12105	12168
12247	12313
12329	12283
12234	12263
12361	12442
12472	12496
12543	12586
12580	12518
12417	12319
12252	12184
11993	11505
10640	9516
8470	7949
8238	9317
10860	12371
13418	13752
13297	12180
10746	9509
8948	9266
10201	11188
11854	12179
12289	12303
12299	12308
12343	12385
12418	12424
12404	12369
12333	12306
12286	12240
12091	11752
11193	10532
10072	10191
11010	12336
13771	14941
15663	15996
16093	16100
16091	16095
16121	16180
16257	16319
16349	16358
16359	16359
16359	16359
16359	16359
16359	16359
16359	16359
16359	16359
16359	16359
16359	16359
16359	16359
16359	16359
16359	16359
16359	16359
16359	16359
16359	16359
16359	16359
16359	16359
16359	16359
16359	16359
16359	16359
16359	16359
16359	16359
16359	16359
16359	16359
16359	16359
16359	16359
16359	16359
16359	16359
16359	16359
16359	16359
16359	16359
16359	16359
16359	16359
16359	16359
16359	16359
16359	16359
16359	16359
16359	16359
16359	16359
16359	16359
16359	16359
16359	16359
16359	16359
16359	16359
16359	16359
16359	16359
16359	16359
16359	16359
16359	16359
16359	16359
16359	16359
16359	16359
16359	16359
16359	16359
16359	16359
16359	16359
16359	16359
16359	16359
16359	16359
16359	16359
16359	16359
16359	16359
16359	16359
16359	16359
16359	16359
16359	16359
16359	16359
16359	16359
16359	16359
16359	16359
16359	16359
16359	16359
16359	16359
16359	16359
16359	16359
16359	16359
16359	16359
16359	16359
16359	16356
16345	16313
16252	16162
16068	16002
15986	15994
15963	15747
15105	13845
12140	10501
9469	9294
9769	10405
10878	11161
11310	11351
11291	11150
10976	10844
10807	10872
10993	11101
11147	11115
11017	10866
10635	10258
9676	8931
8264	8034
8480	9569
10943	12073
12528	12140
11035	9571
8190	7299
7130	7662
8617	9590
10298	10695
10879	11006
11138	11233
11249	11202
11152	11162
11204	11198
11119	11022
10982	11038
11185	11376
11523	11536
11390	11135
10886	10765
10835	11066
11364	11615
11746	11768
11706	11617
11551	11555
11638	11780
11938	12063
12130	12135
12105	12057
11993	11871
11625	11162
10429	9480
8567	8063
8285	9310
10898	12587
13983	14910
15403	15623
15736	15837
15940	16018
16041	16004
15921	15809
15684	15537
15371	15166
14927	14653
14359	14034
13623	13070
12452	11931
11574	11303
11036	10742
10424	10102
9792	9501
9245	9024
8847	8718
8643	8622
8623	8613
8571	8514
8468	8458
8494	8593
8758	8980
9245	9524
9797	10047
10298	10585
10925	11298
11703	12154
12652	13170
13675	14142
14548	14883
15154	15374
15558	15706
15814	15886
15903	15845
15665	15274
14527	13317
11732	10090
8787	8127
8184	8789
9664	10549
11291	11841
12203	12381
12427	12417
12410	12413
12422	12416
12393	12362
12340	12332
12328	12315
12255	12106
11857	11561
11356	11386
11616	11874
12033	12116
12182	12257
12302	12271
12219	12255
12374	12460
12459	12423
12417	12453
12484	12463
12378	12277
12242	12303
12360	12190
11625	10640
9450	8436
7988	8329
9416	10936
12434	13457
13704	13089
11786	10240
9056	8753
9328	10316
11231	11862
12195	12332
12373	12383
12385	12397
12413	12431
12428	12399
12343	12280
12225	12179
12096	11905
11550	11042
10529	10263
10505	11390
12735	14117
15180	15792
16040	16104
16113	16111
16121	16169
16247	16315
16348	16358
16359	16359
16359	16359
16359	16359
16359	16359
16359	16359
16359	16359
16359	16359
16359	16359
16359	16359
16359	16359
16359	16359
16359	16359
16359	16359
16359	16359
16359	16359
16359	16359
16359	16359
16359	16359
16359	16359
16359	16359
16359	16359
16359	16359
16359	16359
16359	16359
16359	16359
16359	16359
16359	16359
16359	16359
16359	16359
16359	16359
16359	16359
16359	16359
16359	16359
16359	16359
16359	16359
16359	16359
16359	16359
16359	16359
16359	16359
16359	16359
16359	16359
16359	16359
16359	16359
16359	16359
16359	16359
16359	16359
16359	16359
16359	16359
16359	16359
16359	16359
16359	16359
16359	16359
16359	16359
16359	16359
16359	16359
16359	16359
16359	16359
16359	16359
16359	16359
16359	16359
16359	16359
16359	16359
16359	16359
16359	16359
16359	16359
16359	16359
16359	16359
16359	16359
16359	16359
16359	16359
16359	16359
16359	16359
16359	16359
16359	16359
16359	16359
16359	16359
16359	16359
16359	16356
16345	16309
16236	16125
16019	15974
15991	16001
15871	15428
14432	12801
10937	9570
9125	9470
10159	10742
11054	11205
11305	11344
11297	11159
10983	10836
10783	10827
10936	11035
11079	11038
10915	10693
10321	9726
8938	8153
7765	8145
9269	10698
11880	12403
12108	11107
9708	8343
7411	7171
7607	8473
9435	10226
10714	10921
10975	11029
11120	11201
11212	11169
11124	11138
11181	11170
11080	10970
10929	11003
11182	11387
11498	11386
11032	10533
10071	9837
9927	10292
10793	11267
11596	11752
11761	11677
11568	11507
11536	11659
11831	11989
12086	12118
12109	12096
12100	12101
12018	11737
11163	10294
9280	8414
8026	8349
9384	10880
12481	13857
14818	15361
15612	15736
15825	15874
15846	15729
15530	15259
14940	14580
14180	13735
13247	12735
12223	11730
11227	10680
10132	9696
9399	9179
8968	8747
8520	8308
8117	7958
7835	7747
7688	7668
7696	7778
7878	7931
7912	7851
7781	7724
7699	7705
7755	7842
7961	8100
8241	8376
8533	8728
8964	9218
9497	9830
10243	10728
11279	11864
12462	13041
13579	14066
14492	14846
15145	15395
15560	15551
15253	14544
13335	11682
9888	8455
7780	7973
8800	9825
10711	11343
11769	12093
12337	12460
12464	12423
12391	12384
12379	12364
12341	12335
12351	12381
12390	12337
12161	11813
11288	10691
10273	10300
10742	11315
11763	12018
12147	12236
12286	12263
12207	12229
12326	12391
12365	12304
12276	12307
12359	12374
12330	12265
12257	12360
12507	12521
12226	11534
10503	9347
8390	7984
8363	9512
11106	12598
13511	13576
12766	11329
9804	8820
8700	9335
10341	11287
11938	12292
12436	12463
12437	12401
12385	12393
12408	12400
12354	12284
12220	12183
12150	12060
11858	11516
11033	10512
10236	10560
11583	13042
14477	15471
15940	16093
16135	16139
16141	16178
16250	16315
16348	16358
16359	16359
16359	16359
16359	16359
16359	16359
16359	16359
16359	16359
16359	16359
16359	16359
16359	16359
16359	16359
16359	16359
16359	16359
16359	16359
16359	16359
16359	16359
16359	16359
16359	16359
16359	16359
16359	16359
16359	16359
16359	16359
16359	16359
16359	16359
16359	16359
16359	16359
16359	16359
16359	16359
16359	16359
16359	16359
16359	16359
16359	16359
16359	16359
16359	16359
16359	16359
16359	16359
16359	16359
16359	16359
16359	16359
16359	16359
16359	16359
16359	16359
16359	16359
16359	16359
16359	16359
16359	16359
16359	16359
16359	16359
16359	16359
16359	16359
16359	16359
16359	16359
16359	16359
16359	16359
16359	16359
16359	16359
16359	16359
16359	16359
16359	16359
16359	16359
16359	16359
16359	16359
16359	16359
16359	16359
16359	16359
16359	16359
16359	16359
16359	16359
16359	16359
16359	16359
16359	16359
16359	16359
16359	16359
16359	16359
16359	16359
16359	16359
16359	16359
16359	16359
16359	16356
16344	16307
16232	16116
16002	15946
15951	15919
15647	14889
13507	11650
9910	9005
9118	9797
10493	10905
11050	11119
11218	11305
11304	11198
11025	10861
10767	10765
10828	10897
10920	10862
10693	10367
9820	9045
8216	7688
7841	8833
10345	11702
12348	12103
11115	9752
8440	7544
7285	7673
8491	9396
10151	10666
10945	11039
11035	11026
11055	11097
11120	11121
11122	11151
11187	11186
11130	11064
11046	11126
11282	11410
11363	11012
10354	9552
8852	8504
8621	9134
9869	10616
11218	11595
11748	11725
11616	11507
11478	11560
11731	11912
12041	12104
12119	12130
12163	12198
12169	11982
11571	10925
10090	9177
8407	8044
8303	9237
10678	12275
13685	14674
15223	15447
15484	15406
15226	14934
14530	14037
13487	12900
12293	11665
11020	10379
9773	9240
8804	8475
8251	8117
8053	8025
8012	8003
7997	7996
8004	8016
8035	8060
8089	8131
8209	8336
8480	8577
8594	8556
8495	8429
8367	8306
8253	8211
8178	8156
8141	8128
8112	8088
8052	8021
8015	8063
8197	8448
8833	9350
9971	10660
11370	12054
12677	13222
13714	14184
14541	14603
14175	13166
11642	9892
8366	7541
7632	8502
9732	10847
11567	11917
12074	12217
12374	12454
12427	12361
12312	12294
12287	12282
12288	12328
12399	12458
12447	12300
11942	11322
10467	9539
8889	8858
9460	10356
11185	11752
12065	12231
12308	12291
12228	12216
12259	12283
12248	12200
12185	12210
12244	12263
12259	12261
12312	12428
12565	12619
12482	12076
11358	10356
9235	8302
7943	8441
9714	11319
12731	13525
13459	12533
11055	9558
8624	8605
9386	10471
11426	12061
12385	12487
12467	12401
12347	12338
12359	12377
12361	12318
12275	12263
12270	12243
12125	11872
11431	10817
10224	10021
10564	11912
13626	15009
15750	16034
16124	16143
16148	16186
16254	16317
16349	16358
16359	16359
16359	16359
16359	16359
16359	16359
16359	16359
16359	16359
16359	16359
16359	16359
16359	16359
16359	16359
16359	16359
16359	16359
16359	16359
16359	16359
16359	16359
16359	16359
16359	16359
16359	16359
16359	16359
16359	16359
16359	16359
16359	16359
16359	16359
16359	16359
16359	16359
16359	16359
16359	16359
16359	16359
16359	16359
16359	16359
16359	16359
16359	16359
16359	16359
16359	16359
16359	16359
16359	16359
16359	16359
16359	16359
16359	16359
16359	16359
16359	16359
16359	16359
16359	16359
16359	16359
16359	16359
16359	16359
16359	16359
16359	16359
16359	16359
16359	16359
16359	16359
16359	16359
16359	16359
16359	16359
16359	16359
16359	16359
16359	16359
16359	16359
16359	16359
16359	16359
16359	16359
16359	16359
16359	16359
16359	16359
16359	16359
16359	16359
16359	16359
16359	16359
16359	16359
16359	16359
16359	16359
16359	16359
16359	16359
16359	16359
16359	16359
16359	16359
16359	16359
16359	16356
16343	16307
16237	16133
16014	15916
15850	15722
15241	14103
12359	10505
9187	8852
9377	10185
10774	10998
10995	10999
11104	11233
11281	11215
11060	10892
10765	10714
10719	10729
10700	10589
10337	9880
9195	8385
7769	7758
8538	9914
11362	12249
12208	11281
9853	8470
7563	7319
7701	8498
9408	10154
10636	10914
11064	11114
11086	11023
10968	10952
10984	11047
11117	11173
11210	11230
11234	11237
11254	11310
11367	11307
10996	10340
9383	8329
7465	7048
7179	7777
8670	9651
10538	11191
11564	11693
11658	11555
11489	11530
11679	11865
12012	12090
12118	12134
12159	12169
12130	12005
11771	11408
10866	10107
9202	8361
7894	8070
8963	10376
11968	13357
14280	14662
14608	14314
13898	13374
12745	12055
11355	10689
10077	9523
9014	8555
8150	7831
7663	7684
7847	8039
8198	8334
8480	8636
8798	8954
9096	9218
9320	9401
9465	9522
9593	9691
9801	9887
9925	9924
9905	9872
9819	9745
9648	9539
9423	9300
9178	9055
8908	8708
8456	8206
7980	7792
7651	7602
7675	7893
8247	8723
9278	9867
10437	10979
11541	12150
12663	12792
12312	11209
9744	8380
7562	7554
8307	9499
10719	11630
12109	12241
12237	12268
12358	12396
12340	12252
12197	12179
12185	12205
12254	12345
12446	12490
12388	12066
11459	10559
9449	8365
7640	7579
8195	9219
10294	11170
11758	12120
12308	12354
12315	12277
12256	12223
12175	12152
12162	12178
12171	12161
12181	12255
12380	12512
12607	12620
12529	12312
11901	11211
10229	9110
8212	7964
8572	9894
11516	12909
13635	13463
12419	10815
9285	8508
8710	9591
10670	11571
12130	12390
12446	12395
12321	12290
12312	12352
12367	12353
12339	12360
12399	12399
12298	12060
11667	11118
10462	9915
9947	10967
12707	14350
15386	15874
16053	16095
16116	16167
16246	16314
16348	16358
16359	16359
16359	16359
16359	16359
16359	16359
16359	16359
16359	16359
16359	16359
16359	16359
16359	16359
16359	16359
16359	16359
16359	16359
16359	16359
16359	16359
16359	16359
16359	16359
16359	16359
16359	16359
16359	16359
16359	16359
16359	16359
16359	16359
16359	16359
16359	16359
16359	16359
16359	16359
16359	16359
16359	16359
16359	16359
16359	16359
16359	16359
16359	16359
16359	16359
16359	16359
16359	16359
16359	16359
16359	16359
16359	16359
16359	16359
16359	16359
16359	16359
16359	16359
16359	16359
16359	16359
16359	16359
16359	16359
16359	16359
16359	16359
16359	16359
16359	16359
16359	16359
16359	16359
16359	16359
16359	16359
16359	16359
16359	16359
16359	16359
16359	16359
16359	16359
16359	16359
16359	16359
16359	16359
16359	16359
16359	16359
16359	16359
16359	16359
16359	16359
16359	16359
16359	16359
16359	16359
16359	16359
16359	16359
16359	16359
16359	16359
16359	16359
16359	16359
16359	16359
16359	16354
16336	16295
16228	16142
16026	15884
15711	15417
14669	13164
11193	9563
8847	9048
9781	10541
10992	11073
10965	10908
10998	11139
11214	11180
11060	10910
10784	10701
10649	10579
10457	10241
9866	9278
8550	7924
7777	8393
9656	11054
12022	12199
11503	10156
8662	7591
7259	7615
8407	9322
10094	10596
10857	11001
11104	11158
11130	11027
10900	10824
10845	10949
11074	11174
11233	11281
11336	11384
11412	11394
11268	10936
10318	9383
8239	7097
6221	5810
5929	6495
7390	8480
9588	10521
11172	11533
11658	11630
11571	11587
11706	11870
12001	12069
12084	12089
12088	12067
12019	11963
11898	11775
11494	10948
10116	9103
8171	7655
7798	8644
9999	11479
12628	13118
12975	12494
11906	11254
10552	9847
9215	8708
8348	8124
8008	7963
7960	8009
8166	8488
8908	9274
9521	9697
9864	10041
10224	10397
10559	10694
10802	10884
10947	10990
11026	11064
11106	11148
11188	11220
11240	11247
11229	11180
11100	10992
10863	10721
10572	10421
10241	10003
9718	9442
9187	8938
8677	8421
8197	8039
7968	8001
8126	8330
8583	8887
9298	9843
10341	10468
10040	9151
8173	7567
7626	8342
9458	10612
11531	12107
12351	12366
12303	12295
12338	12337
12256	12161
12108	12098
12120	12169
12248	12362
12443	12391
12103	11525
10658	9576
8462	7565
7069	7052
7487	8277
9258	10244
11095	11742
12162	12373
12422	12386
12314	12227
12163	12159
12189	12191
12146	12105
12130	12254
12433	12585
12642	12601
12495	12361
12156	11776
11095	10099
8985	8148
7989	8716
10159	11824
13175	13801
13469	12235
10563	9175
8597	8922
9841	10869
11663	12145
12357	12381
12321	12279
12291	12334
12367	12374
12376	12411
12465	12468
12363	12130
11809	11425
10889	10197
9785	10276
11693	13389
14752	15566
15914	16010
16043	16114
16214	16302
16345	16357
16359	16359
16359	16359
16359	16359
16359	16359
16359	16359
16359	16359
16359	16359
16359	16359
16359	16359
16359	16359
16359	16359
16359	16359
16359	16359
16359	16359
16359	16359
16359	16359
16359	16359
16359	16359
16359	16359
16359	16359
16359	16359
16359	16359
16359	16359
16359	16359
16359	16359
16359	16359
16359	16359
16359	16359
16359	16359
16359	16359
16359	16359
16359	16359
16359	16359
16359	16359
16359	16359
16359	16359
16359	16359
16359	16359
16359	16359
16359	16359
16359	16359
16359	16359
16359	16359
16359	16359
16359	16359
16359	16359
16359	16359
16359	16359
16359	16359
16359	16359
16359	16359
16359	16359
16359	16359
16359	16359
16359	16359
16359	16359
16359	16359
16359	16359
16359	16359
16359	16359
16359	16359
16359	16359
16359	16359
16359	16359
16359	16359
16359	16359
16359	16359
16359	16359
16359	16359
16359	16359
16359	16359
16359	16359
16359	16359
16357	16353
16350	16350
16353	16356
16359	16359
16358	16350
16321	16264
16186	16107
16009	15834
15532	14997
13940	12197
10258	9036
8896	9453
10187	10785
11095	11102
10945	10855
10908	11022
11090	11080
11007	10907
10809	10725
10628	10467
10210	9843
9318	8643
8021	7812
8289	9435
10839	11898
12180	11628
10439	9008
7815	7278
7497	8234
9142	9931
10465	10744
10874	10967
11071	11148
11146	11042
10889	10770
10758	10850
11000	11141
11243	11315
11378	11415
11386	11224
10854	10227
9335	8242
7094	6074
5351	5028
5105	5523
6257	7287
8485	9643
10581	11228
11581	11696
11690	11701
11783	11903
11997	12027
12013	11993
11985	11971
11958	11967
11994	11991
11869	11529
10903	9999
8956	8030
7518	7636
8383	9491
10479	10912
10742	10278
9770	9274
8791	8367
8058	7907
7920	8075
8327	8623
8917	9205
9532	9948
10401	10756
10969	11096
11204	11316
11432	11550
11655	11747
11822	11878
11919	11948
11966	11974
11983	12006
12043	12084
12116	12137
12140	12117
12062	11981
11882	11763
11638	11509
11368	11192
10999	10820
10659	10481
10254	9966
9633	9269
8906	8575
8300	8096
7967	7923
8018	8252
8478	8471
8156	7710
7449	7659
8399	9477
10599	11495
12055	12332
12413	12388
12342	12336
12354	12329
12245	12153
12103	12098
12126	12183
12264	12340
12325	12085
11538	10688
9647	8611
7840	7512
7538	7648
7730	7919
8378	9142
10089	11014
11746	12217
12429	12447
12352	12239
12178	12190
12227	12221
12158	12104
12130	12268
12457	12604
12637	12565
12444	12333
12232	12057
11674	10960
9944	8861
8124	8143
9022	10498
12120	13399
13900	13401
12062	10418
9143	8737
9203	10114
11040	11752
12178	12340
12339	12305
12306	12335
12358	12361
12363	12400
12454	12460
12366	12176
11956	11740
11359	10655
9908	9760
10564	12115
13824	15093
15715	15902
15954	16037
16168	16281
16339	16356
16359	16359
16359	16359
16359	16357
16355	16354
16354	16357
16357	16358
16359	16359
16359	16359
16359	16359
16359	16359
16359	16359
16359	16359
16359	16359
16359	16359
16359	16359
16359	16359
16359	16359
16359	16359
16359	16359
16359	16359
16359	16359
16359	16359
16359	16359
16359	16359
16359	16359
16359	16359
16359	16359
16359	16359
16359	16359
16359	16359
16359	16359
16359	16359
16359	16359
16359	16359
16359	16359
16359	16359
16359	16359
16359	16359
16359	16359
16359	16359
16359	16359
16359	16359
16359	16359
16359	16359
16359	16359
16359	16359
16359	16359
16359	16359
16359	16359
16359	16359
16359	16359
16359	16359
16359	16359
16359	16359
16359	16359
16359	16359
16359	16359
16359	16359
16359	16359
16359	16359
16359	16359
16359	16359
16359	16359
16359	16359
16359	16359
16359	16359
16359	16359
16359	16359
16359	16359
16359	16359
16359	16359
16359	16359
16359	16355
16346	16331
16318	16315
16328	16343
16352	16358
16358	16346
16306	16227
16131	16048
15946	15707
15215	14337
12968	11215
9641	8956
9244	9924
10511	10897
11081	11061
10921	10821
10828	10879
10916	10929
10917	10880
10818	10750
10627	10375
9956	9400
8745	8103
7779	8135
9205	10604
11771	12227
11804	10683
9276	8064
7414	7466
8087	8951
9749	10302
10600	10731
10806	10895
11005	11095
11118	11045
10913	10794
10755	10813
10948	11102
11233	11318
11346	11296
11112	10726
10088	9204
8150	7065
6090	5343
4883	4694
4727	4949
5420	6238
7371	8627
9800	10739
11367	11679
11777	11805
11854	11919
11964	11958
11916	11880
11881	11918
11973	12019
12048	12049
11993	11821
11452	10827
9959	8971
8096	7591
7590	7998
8497	8747
8671	8460
8284	8175
8126	8151
8271	8489
8802	9177
9577	9962
10297	10586
10868	11185
11502	11743
11875	11942
11989	12037
12089	12141
12188	12227
12255	12272
12283	12293
12307	12329
12362	12399
12438	12472
12497	12512
12515	12500
12463	12408
12333	12248
12156	12067
11976	11881
11794	11725
11669	11596
11474	11289
11030	10701
10313	9887
9453	9036
8666	8364
8135	7963
7789	7569
7370	7375
7736	8486
9498	10542
11412	11998
12302	12409
12418	12398
12389	12396
12397	12365
12298	12227
12180	12167
12186	12230
12266	12231
12021	11526
10718	9703
8706	8026
7911	8365
9004	9261
8949	8380
8035	8238
8989	10022
11025	11793
12235	12365
12299	12207
12182	12225
12271	12261
12192	12134
12151	12265
12429	12548
12568	12496
12385	12289
12222	12143
11953	11538
10818	9836
8854	8264
8381	9281
10768	12401
13644	14013
13339	11862
10221	9140
8948	9470
10341	11220
11884	12242
12358	12358
12343	12340
12337	12326
12322	12353
12407	12428
12372	12252
12122	12008
11742	11104
10180	9463
9572	10818
12762	14472
15428	15770
15864	15962
16117	16255
16326	16348
16354	16356
16359	16357
16351	16342
16334	16330
16333	16340
16346	16351
16355	16358
16359	16359
16359	16359
16359	16359
16359	16359
16359	16359
16359	16359
16359	16359
16359	16359
16359	16359
16359	16359
16359	16359
16359	16359
16359	16359
16359	16359
16359	16359
16359	16359
16359	16359
16359	16359
16359	16359
16359	16359
16359	16359
16359	16359
16359	16359
16359	16359
16359	16359
16359	16359
16359	16359
16359	16359
16359	16359
16359	16359
16359	16359
16359	16359
16359	16359
16359	16359
16359	16359
16359	16359
16359	16359
16359	16359
16359	16359
16359	16359
16359	16359
16359	16359
16359	16359
16359	16359
16359	16359
16359	16359
16359	16359
16359	16359
16359	16359
16359	16359
16359	16359
16359	16359
16359	16359
16359	16359
16359	16359
16359	16359
16359	16359
16359	16359
16359	16359
16359	16359
16359	16359
16359	16359
16359	16359
16359	16359
16359	16359
16356	16348
16324	16288
16253	16251
16276	16314
16339	16354
16357	16343
16300	16213
16110	16010
15841	15433
14609	13306
11697	10184
9248	9169
9728	10356
10735	10918
11002	10982
10885	10794
10745	10717
10707	10750
10808	10821
10777	10721
10589	10251
9655	8913
8211	7796
7958	8877
10300	11607
12247	11981
10941	9525
8233	7476
7415	7941
8768	9588
10190	10523
10656	10716
10781	10872
10964	11035
11051	11007
10924	10849
10827	10872
10974	11103
11217	11278
11235	11029
10610	9944
9055	8013
6950	6012
5307	4874
4674	4619
4634	4699
4919	5446
6350	7540
8841	10028
10934	11486
11735	11817
11848	11867
11875	11854
11811	11779
11797	11880
11988	12046
12037	12001
11969	11916
11781	11465
10900	10092
9163	8325
7746	7490
7485	7591
7717	7871
8074	8333
8651	9012
9402	9803
10203	10579
10914	11198
11426	11607
11768	11936
12097	12219
12288	12324
12350	12370
12387	12400
12403	12394
12374	12344
12317	12296
12298	12327
12383	12440
12491	12526
12555	12578
12591	12591
12572	12532
12476	12410
12340	12272
12213	12167
12140	12133
12135	12131
12098	12025
11900	11711
11454	11132
10762	10371
9987	9621
9245	8822
8377	8018
7897	8138
8745	9593
10496	11275
11840	12192
12371	12434
12442	12447
12456	12447
12418	12384
12355	12317
12270	12241
12242	12253
12198	11972
11490	10729
9773	8825
8190	8156
8819	9961
11020	11365
10785	9624
8494	7948
8180	9013
10101	11102
11793	12099
12136	12118
12166	12262
12332	12322
12244	12161
12145	12216
12337	12432
12450	12397
12315	12243
12193	12143
12051	11862
11467	10763
9811	8866
8315	8499
9520	11141
12831	13948
14049	13099
11525	10025
9145	9072
9666	10574
11449	12053
12340	12403
12370	12325
12298	12287
12290	12324
12387	12433
12420	12340
12238	12148
11958	11462
10572	9556
9124	9948
11815	13733
14987	15561
15768	15908
16084	16231
16303	16327
16338	16347
16350	16346
16332	16311
16289	16281
16289	16304
16320	16335
16346	16355
16359	16359
16359	16359
16359	16359
16359	16359
16359	16359
16359	16359
16359	16359
16359	16359
16359	16359
16359	16359
16359	16359
16359	16359
16359	16359
16359	16359
16359	16359
16359	16359
16359	16359
16359	16359
16359	16359
16359	16359
16359	16359
16359	16359
16359	16359
16359	16359
16359	16359
16359	16359
16359	16359
16359	16359
16359	16359
16359	16359
16359	16359
16359	16359
16359	16359
16359	16359
16359	16359
16359	16359
16359	16359
16359	16359
16359	16359
16359	16359
16359	16359
16359	16359
16359	16359
16359	16359
16359	16359
16359	16359
16359	16359
16359	16359
16359	16359
16359	16359
16359	16359
16359	16359
16359	16359
16359	16359
16359	16359
16359	16359
16359	16359
16359	16359
16359	16359
16359	16359
16359	16359
16359	16359
16359	16359
16359	16359
16359	16359
16354	16339
16303	16243
16188	16181
16223	16284
16327	16347
16348	16336
16296	16224
16128	15989
15670	14957
13711	12038
10372	9286
9053	9497
10180	10680
10869	10899
10906	10895
10848	10770
10673	10574
10533	10597
10708	10743
10689	10619
10459	10027
9286	8449
7864	7855
8575	9882
11299	12195
12164	11226
9772	8370
7475	7282
7717	8512
9374	10070
10496	10676
10721	10745
10809	10890
10954	10984
10978	10945
10906	10892
10917	10976
11049	11126
11176	11162
11001	10605
9933	9023
7964	6890
5940	5223
4786	4604
4587	4628
4646	4637
4686	4943
5547	6539
7809	9124
10247	11040
11493	11695
11752	11753
11742	11720
11702	11699
11748	11859
11982	12029
11985	11914
11884	11906
11931	11859
11590	11060
10301	9429
8606	7982
7688	7766
8116	8567
9009	9444
9891	10329
10732	11079
11367	11595
11774	11913
12026	12121
12205	12276
12341	12394
12440	12475
12507	12529
12546	12546
12531	12490
12432	12363
12295	12238
12209	12220
12267	12327
12390	12445
12500	12549
12592	12615
12617	12593
12550	12490
12423	12361
12310	12279
12267	12273
12288	12303
12305	12291
12256	12182
12063	11891
11678	11437
11191	10925
10599	10163
9692	9339
9256	9489
9982	10596
11193	11671
12009	12231
12374	12451
12492	12519
12518	12464
12381	12341
12349	12345
12309	12269
12244	12186
11982	11506
10733	9799
8906	8326
8319	9039
10358	11859
13000	13335
12699	11319
9710	8475
7998	8308
9167	10200
11074	11605
11838	11968
12117	12273
12375	12384
12308	12202
12133	12142
12213	12286
12314	12289
12240	12200
12174	12139
12098	12046
11887	11454
10671	9647
8702	8271
8673	9931
11676	13249
14072	13856
12732	11170
9773	9056
9180	9932
10918	11754
12242	12403
12373	12303
12273	12279
12303	12342
12397	12451
12457	12386
12273	12177
12059	11744
11049	10049
9334	9656
11063	12848
14314	15206
15637	15881
16077	16214
16271	16287
16303	16321
16333	16330
16310	16271
16234	16221
16236	16265
16293	16318
16339	16352
16358	16359
16359	16359
16359	16359
16359	16359
16359	16359
16359	16359
16359	16359
16359	16359
16359	16359
16359	16359
16359	16359
16359	16359
16359	16359
16359	16359
16359	16359
16359	16359
16359	16359
16359	16359
16359	16359
16359	16359
16359	16359
16359	16359
16359	16359
16359	16359
16359	16359
16359	16359
16359	16359
16359	16359
16359	16359
16359	16359
16359	16359
16359	16359
16359	16359
16359	16359
16359	16359
16359	16359
16359	16359
16359	16359
16359	16359
16359	16359
16359	16359
16359	16359
16359	16359
16359	16359
16359	16359
16359	16359
16359	16359
16359	16359
16359	16359
16359	16359
16359	16359
16359	16359
16359	16359
16359	16359
16359	16359
16359	16359
16359	16359
16359	16359
16359	16359
16359	16359
16359	16359
16359	16359
16359	16359
16359	16359
16358	16357
16352	16338
16297	16232
16169	16161
16207	16270
16314	16333
16330	16316
16283	16232
16136	15915
15372	14288
12673	10873
9439	8850
9125	9834
10502	10867
10932	10873
10830	10824
10809	10745
10627	10508
10465	10532
10636	10653
10567	10444
10204	9668
8875	8143
7877	8346
9486	10882
11965	12230
11525	10114
8554	7445
7096	7440
8209	9095
9869	10410
10699	10785
10779	10775
10818	10877
10920	10933
10924	10905
10895	10915
10963	11016
11066	11090
11056	10905
10563	9975
9138	8122
7047	6060
5278	4770
4534	4500
4573	4651
4675	4641
4608	4694
5051	5791
6878	8133
9338	10328
11022	11422
11595	11630
11607	11585
11592	11642
11742	11880
11996	12016
11937	11836
11791	11834
11935	12014
11967	11706
11202	10508
9734	9059
8700	8805
9273	9844
10333	10750
11130	11460
11718	11902
12011	12076
12117	12161
12218	12285
12342	12372
12380	12397
12434	12483
12533	12576
12605	12615
12598	12553
12479	12393
12302	12223
12171	12158
12182	12239
12310	12386
12463	12538
12604	12646
12662	12648
12606	12544
12474	12412
12364	12337
12328	12336
12352	12367
12378	12387
12387	12373
12332	12266
12171	12063
11944	11805
11594	11278
10922	10666
10608	10741
11009	11331
11640	11895
12094	12249
12370	12460
12526	12563
12541	12439
12312	12253
12276	12302
12287	12245
12166	11970
11535	10788
9830	8931
8377	8400
9101	10421
12048	13524
14480	14733
14215	12984
11326	9714
8581	8179
8479	9234
10111	10848
11364	11733
12017	12223
12344	12394
12378	12301
12199	12127
12118	12155
12199	12211
12199	12188
12185	12176
12172	12187
12148	11892
11297	10369
9309	8487
8295	8969
10389	12080
13456	14024
13589	12322
10747	9513
9066	9458
10380	11354
12031	12318
12340	12295
12297	12337
12367	12382
12391	12413
12418	12367
12278	12204
12148	11991
11542	10744
9943	9735
10424	11804
13369	14630
15413	15848
16092	16206
16232	16230
16243	16273
16300	16310
16289	16242
16194	16179
16202	16245
16283	16315
16338	16352
16358	16359
16359	16359
16359	16359
16359	16359
16359	16359
16359	16359
16359	16359
16359	16359
16359	16359
16359	16359
16359	16359
16359	16359
16359	16359
16359	16359
16359	16359
16359	16359
16359	16359
16359	16359
16359	16359
16359	16359
16359	16359
16359	16359
16359	16359
16359	16359
16359	16359
16359	16359
16359	16359
16359	16359
16359	16359
16359	16359
16359	16359
16359	16359
16359	16359
16359	16359
16359	16359
16359	16359
16359	16359
16359	16359
16359	16359
16359	16359
16359	16359
16359	16359
16359	16359
16359	16359
16359	16359
16359	16359
16359	16359
16359	16359
16359	16359
16359	16359
16359	16359
16359	16359
16359	16359
16359	16359
16359	16359
16359	16359
16359	16359
16359	16359
16359	16359
16359	16359
16359	16359
16359	16359
16359	16359
16358	16355
16352	16347
16344	16334
16306	16256
16205	16195
16227	16273
16300	16306
16296	16278
16253	16207
16073	15707
14874	13435
11625	10013
9080	8969
9465	10156
10692	10937
10939	10846
10778	10769
10776	10726
10622	10528
10505	10548
10596	10564
10431	10201
9807	9178
8475	8071
8294	9202
10504	11664
12165	11722
10462	8857
7514	6895
7095	7849
8796	9648
10268	10646
10826	10846
10792	10753
10766	10806
10846	10875
10894	10901
10904	10915
10936	10958
10967	10939
10800	10455
9881	9128
8255	7307
6372	5558
4958	4612
4488	4515
4602	4673
4688	4643
4590	4615
4830	5326
6123	7150
8285	9380
10305	10967
11346	11496
11508	11491
11524	11624
11776	11937
12037	12027
11914	11785
11712	11743
11858	12006
12094	12043
11794	11359
10803	10280
9993	10102
10529	11023
11418	11717
11951	12122
12217	12242
12219	12185
12166	12183
12235	12308
12361	12362
12326	12305
12329	12384
12450	12509
12556	12578
12573	12539
12480	12400
12315	12236
12181	12161
12179	12230
12303	12382
12465	12544
12612	12658
12673	12657
12613	12547
12475	12414
12374	12357
12362	12380
12406	12433
12456	12477
12494	12498
12486	12452
12404	12340
12272	12187
12060	11874
11669	11530
11498	11560
11677	11813
11951	12080
12193	12297
12387	12464
12525	12553
12517	12393
12243	12175
12204	12255
12259	12182
11967	11528
10807	9859
8925	8341
8371	9081
10365	11959
13510	14676
15322	15476
15147	14281
12938	11340
9830	8749
8293	8469
9099	9917
10715	11376
11846	12113
12244	12343
12424	12428
12340	12205
12108	12087
12127	12166
12184	12196
12219	12246
12281	12321
12312	12142
11700	10948
9968	8990
8339	8351
9176	10666
12355	13607
13951	13280
11899	10401
9404	9278
9928	10886
11690	12131
12264	12299
12359	12426
12449	12418
12363	12329
12321	12316
12302	12288
12279	12219
11975	11425
10649	9991
9915	10727
12224	13804
15011	15746
16095	16199
16189	16160
16161	16197
16247	16277
16270	16228
16177	16164
16193	16246
16292	16324
16343	16354
16359	16359
16359	16359
16359	16359
16359	16359
16359	16359
16359	16359
16359	16359
16359	16359
16359	16359
16359	16359
16359	16359
16359	16359
16359	16359
16359	16359
16359	16359
16359	16359
16359	16359
16359	16359
16359	16359
16359	16359
16359	16359
16359	16359
16359	16359
16359	16359
16359	16359
16359	16359
16359	16359
16359	16359
16359	16359
16359	16359
16359	16359
16359	16359
16359	16359
16359	16359
16359	16359
16359	16359
16359	16359
16359	16359
16359	16359
16359	16359
16359	16359
16359	16359
16359	16359
16359	16359
16359	16359
16359	16359
16359	16359
16359	16359
16359	16359
16359	16359
16359	16359
16359	16359
16359	16359
16359	16359
16359	16359
16359	16359
16359	16359
16359	16359
16359	16359
16359	16359
16359	16359
16359	16359
16359	16359
16354	16344
16333	16324
16320	16321
16316	16292
16265	16255
16267	16279
16277	16266
16251	16236
16215	16147
15912	15308
14139	12423
10626	9431
9112	9406
9936	10448
10804	10943
10909	10811
10743	10738
10755	10723
10647	10586
10574	10584
10569	10481
10267	9873
9290	8625
8164	8250
9006	10218
11425	12097
11887	10796
9200	7705
6824	6766
7412	8407
9390	10129
10577	10805
10882	10843
10752	10687
10684	10722
10772	10824
10869	10899
10908	10900
10877	10837
10779	10658
10368	9795
8984	8119
7310	6553
5848	5258
4843	4619
4556	4591
4656	4698
4688	4635
4586	4606
4738	5028
5514	6237
7189	8281
9364	10281
10926	11284
11428	11484
11550	11677
11841	11990
12061	12022
11896	11757
11672	11683
11789	11958
12118	12204
12158	11969
11671	11360
11183	11250
11523	11840
12085	12253
12360	12404
12388	12321
12238	12167
12141	12165
12236	12322
12373	12342
12255	12192
12193	12245
12316	12386
12443	12473
12480	12459
12416	12355
12285	12222
12181	12174
12198	12249
12316	12388
12461	12527
12581	12614
12622	12599
12553	12486
12420	12358
12324	12319
12338	12375
12418	12461
12505	12543
12572	12585
12577	12548
12502	12437
12368	12292
12212	12133
12062	12023
12024	12054
12099	12150
12203	12261
12316	12370
12422	12467
12502	12515
12470	12347
12210	12160
12217	12292
12274	12061
11584	10813
9840	8883
8257	8248
8955	10241
11826	13365
14586	15352
15702	15769
15601	15122
14243	12970
11442	9937
8775	8225
8346	8998
9924	10847
11550	11955
12139	12271
12410	12492
12463	12339
12201	12120
12111	12135
12166	12207
12262	12327
12390	12433
12412	12279
11964	11414
10623	9665
8733	8141
8253	9273
10963	12687
13787	13888
13000	11527
10129	9434
9622	10379
11232	11835
12130	12281
12402	12479
12481	12425
12351	12297
12281	12302
12344	12379
12402	12397
12292	11953
11276	10359
9690	9882
11061	12757
14365	15477
16018	16171
16151	16095
16076	16105
16172	16231
16252	16226
16186	16172
16202	16254
16304	16336
16352	16358
16359	16359
16359	16359
16359	16359
16359	16359
16359	16359
16359	16359
16359	16359
16359	16359
16359	16359
16359	16359
16359	16359
16359	16359
16359	16359
16359	16359
16359	16359
16359	16359
16359	16359
16359	16359
16359	16359
16359	16359
16359	16359
16359	16359
16359	16359
16359	16359
16359	16359
16359	16359
16359	16359
16359	16359
16359	16359
16359	16359
16359	16359
16359	16359
16359	16359
16359	16359
16359	16359
16359	16359
16359	16359
16359	16359
16359	16359
16359	16359
16359	16359
16359	16359
16359	16359
16359	16359
16359	16359
16359	16359
16359	16359
16359	16359
16359	16359
16359	16359
16359	16359
16359	16359
16359	16359
16359	16359
16359	16359
16359	16359
16359	16359
16359	16359
16359	16359
16359	16359
16359	16359
16359	16359
16359	16357
16351	16333
16311	16289
16281	16291
16310	16317
16312	16300
16292	16271
16245	16223
16213	16207
16180	16059
15653	14730
13218	11360
9771	9083
9310	9892
10381	10699
10876	10916
10853	10767
10721	10731
10753	10745
10697	10648
10615	10587
10527	10382
10048	9454
8717	8130
8049	8666
9854	11159
12039	12075
11175	9633
8011	6904
6609	7057
7962	9001
9893	10488
10786	10885
10871	10779
10667	10607
10624	10679
10742	10794
10835	10866
10882	10869
10813	10698
10522	10243
9750	8947
7954	7048
6366	5838
5396	5038
4796	4672
4644	4670
4704	4716
4688	4632
4589	4602
4675	4801
5033	5473
6189	7159
8266	9347
10249	10893
11289	11515
11660	11786
11907	11998
12025	11975
11867	11754
11688	11703
11798	11958
12138	12287
12366	12351
12258	12125
12029	12034
12132	12265
12380	12461
12499	12487
12428	12339
12243	12177
12156	12187
12262	12345
12384	12333
12221	12135
12119	12162
12229	12296
12346	12376
12380	12365
12331	12283
12226	12180
12155	12166
12205	12259
12317	12375
12431	12482
12519	12535
12532	12504
12455	12394
12334	12279
12244	12234
12257	12298
12351	12411
12469	12524
12565	12588
12590	12568
12525	12462
12391	12324
12283	12281
12310	12346
12370	12383
12393	12400
12408	12418
12430	12441
12454	12465
12474	12470
12420	12315
12215	12212
12306	12369
12226	11758
10935	9877
8842	8169
8125	8809
10092	11676
13222	14468
15289	15714
15859	15866
15787	15580
15124	14295
13044	11470
9874	8656
8110	8299
9060	10082
11033	11687
12037	12219
12357	12460
12501	12456
12352	12232
12145	12114
12142	12215
12308	12398
12464	12491
12463	12359
12153	11793
11222	10403
9380	8371
7820	8190
9536	11407
13107	14007
13802	12639
11100	9912
9527	9908
10691	11431
11924	12221
12401	12468
12452	12410
12380	12361
12346	12357
12395	12441
12478	12498
12462	12268
11742	10817
9844	9468
10103	11632
13490	14986
15808	16102
16124	16061
16014	16030
16101	16186
16237	16233
16204	16187
16212	16260
16308	16340
16355	16359
16359	16359
16359	16359
16359	16359
16359	16359
16359	16359
16359	16359
16359	16359
16359	16359
16359	16359
16359	16359
16359	16359
16359	16359
16359	16359
16359	16359
16359	16359
16359	16359
16359	16359
16359	16359
16359	16359
16359	16359
16359	16359
16359	16359
16359	16359
16359	16359
16359	16359
16359	16359
16359	16359
16359	16359
16359	16359
16359	16359
16359	16359
16359	16359
16359	16359
16359	16359
16359	16359
16359	16359
16359	16359
16359	16359
16359	16359
16359	16359
16359	16359
16359	16359
16359	16359
16359	16359
16359	16359
16359	16359
16359	16359
16359	16359
16359	16359
16359	16359
16359	16359
16359	16359
16359	16359
16359	16359
16359	16359
16359	16359
16359	16359
16359	16359
16359	16359
16359	16359
16359	16359
16359	16359
16359	16357
16348	16327
16294	16256
16237	16251
16291	16322
16333	16321
16294	16257
16219	16203
16206	16209
16160	15940
15303	14030
12231	10405
9194	8996
9586	10287
10699	10862
10903	10864
10783	10725
10720	10746
10774	10787
10767	10704
10620	10548
10456	10229
9739	8974
8193	7848
8230	9300
10678	11801
12160	11533
10109	8437
7134	6628
6926	7714
8652	9537
10239	10682
10871	10889
10802	10672
10558	10534
10603	10700
10769	10796
10797	10806
10825	10821
10742	10536
10191	9686
8962	7979
6912	6056
5534	5233
5020	4864
4765	4719
4711	4723
4733	4723
4687	4636
4597	4591
4609	4638
4716	4945
5415	6160
7135	8230
9306	10244
10964	11451
11735	11878
11935	11952
11939	11902
11840	11788
11770	11805
11896	12028
12180	12322
12434	12497
12509	12482
12434	12388
12366	12381
12425	12471
12495	12486
12440	12370
12293	12234
12209	12223
12272	12329
12355	12318
12234	12167
12156	12188
12239	12287
12322	12338
12333	12312
12278	12235
12189	12155
12147	12173
12226	12284
12334	12376
12416	12448
12467	12472
12462	12433
12390	12338
12286	12235
12196	12172
12173	12196
12240	12296
12361	12420
12469	12504
12521	12520
12494	12454
12404	12365
12358	12405
12486	12556
12588	12591
12581	12569
12549	12530
12509	12491
12471	12459
12447	12430
12385	12303
12242	12282
12365	12307
11913	11106
9997	8874
8113	8031
8718	10013
11600	13134
14371	15217
15694	15902
15953	15930
15877	15795
15610	15171
14318	12978
11316	9687
8489	7990
8257	9111
10217	11201
11854	12185
12314	12381
12452	12504
12480	12361
12207	12119
12143	12244
12364	12448
12492	12496
12468	12402
12282	12070
11706	11101
10180	9025
8001	7667
8369	9999
11990	13548
14092	13499
12134	10665
9708	9566
10108	10912
11631	12118
12366	12423
12395	12387
12425	12460
12459	12446
12447	12476
12511	12523
12492	12367
12009	11274
10292	9519
9530	10641
12495	14268
15424	15960
16101	16066
16008	16005
16071	16164
16233	16247
16226	16205
16217	16257
16305	16338
16354	16359
16359	16359
16359	16359
16359	16359
16359	16359
16359	16359
16359	16359
16359	16359
16359	16359
16359	16359
16359	16359
16359	16359
16359	16359
16359	16359
16359	16359
16359	16359
16359	16359
16359	16359
16359	16359
16359	16359
16359	16359
16359	16359
16359	16359
16359	16359
16359	16359
16359	16359
16359	16359
16359	16359
16359	16359
16359	16359
16359	16359
16359	16359
16359	16359
16359	16359
16359	16359
16359	16359
16359	16359
16359	16359
16359	16359
16359	16359
16359	16359
16359	16359
16359	16359
16359	16359
16359	16359
16359	16359
16359	16359
16359	16359
16359	16359
16359	16359
16359	16359
16359	16359
16359	16359
16359	16359
16359	16359
16359	16359
16359	16359
16359	16359
16359	16359
16359	16359
16359	16359
16359	16359
16359	16359
16359	16357
16349	16327
16286	16234
16199	16211
16266	16318
16332	16314
16276	16236
16210	16213
16233	16230
16122	15751
14846	13258
11303	9693
8965	9173
9892	10544
10849	10908
10868	10792
10718	10699
10733	10768
10795	10827
10834	10757
10617	10486
10330	9974
9324	8485
7851	7892
8742	10076
11348	12010
11734	10539
8871	7419
6717	6888
7662	8577
9351	9956
10417	10718
10841	10818
10696	10548
10460	10490
10618	10753
10820	10807
10763	10738
10748	10740
10619	10293
9743	8987
8053	6986
5970	5253
4905	4785
4751	4740
4738	4741
4742	4742
4735	4718
4690	4656
4620	4588
4563	4551
4574	4680
4933	5397
6111	7063
8175	9314
10333	11110
11595	11822
11877	11862
11842	11833
11839	11858
11901	11967
12048	12137
12228	12313
12388	12444
12476	12487
12466	12417
12365	12345
12371	12415
12454	12470
12457	12415
12359	12304
12263	12238
12233	12244
12260	12263
12255	12250
12260	12283
12311	12336
12350	12348
12333	12303
12269	12232
12196	12172
12173	12211
12273	12331
12370	12399
12421	12436
12444	12441
12426	12402
12370	12334
12297	12257
12215	12175
12146	12140
12160	12197
12242	12288
12331	12371
12401	12422
12429	12424
12417	12414
12437	12500
12585	12649
12676	12673
12658	12636
12610	12578
12543	12508
12475	12447
12426	12406
12370	12314
12280	12301
12264	11946
11199	10080
8876	8008
7836	8512
9877	11549
13133	14373
15192	15667
15912	16020
16043	16009
15953	15900
15830	15631
15137	14185
12771	11076
9438	8237
7777	8157
9183	10423
11460	12057
12264	12305
12365	12465
12516	12438
12268	12159
12185	12308
12430	12487
12480	12456
12444	12420
12357	12242
12040	11671
11002	9953
8720	7785
7692	8740
10628	12563
13789	13923
13033	11575
10196	9469
9588	10317
11231	11942
12298	12379
12360	12371
12441	12509
12531	12514
12500	12515
12533	12502
12426	12316
12107	11641
10839	9900
9404	9975
11550	13402
14863	15719
16054	16098
16056	16043
16093	16177
16245	16270
16251	16227
16225	16253
16298	16336
16354	16359
16359	16359
16359	16359
16359	16359
16359	16359
16359	16359
16359	16359
16359	16359
16359	16359
16359	16359
16359	16359
16359	16359
16359	16359
16359	16359
16359	16359
16359	16359
16359	16359
16359	16359
16359	16359
16359	16359
16359	16359
16359	16359
16359	16359
16359	16359
16359	16359
16359	16359
16359	16359
16359	16359
16359	16359
16359	16359
16359	16359
16359	16359
16359	16359
16359	16359
16359	16359
16359	16359
16359	16359
16359	16359
16359	16359
16359	16359
16359	16359
16359	16359
16359	16359
16359	16359
16359	16359
16359	16359
16359	16359
16359	16359
16359	16359
16359	16359
16359	16359
16359	16359
16359	16359
16359	16359
16359	16359
16359	16359
16359	16359
16359	16359
16359	16359
16359	16359
16359	16359
16359	16359
16359	16359
16359	16358
16352	16334
16292	16228
16179	16188
16249	16308
16323	16295
16249	16217
16217	16244
16268	16232
16019	15432
14249	12448
10532	9288
9055	9534
10209	10683
10855	10836
10764	10700
10674	10704
10759	10779
10781	10822
10865	10800
10622	10410
10115	9583
8812	8068
7786	8310
9515	10857
11731	11754
10847	9298
7714	6772
6773	7526
8558	9411
9929	10243
10486	10668
10749	10711
10591	10460
10411	10483
10641	10789
10845	10810
10737	10686
10667	10606
10388	9904
9139	8171
7106	6068
5220	4702
4515	4520
4594	4666
4716	4740
4739	4729
4714	4702
4696	4688
4661	4611
4560	4543
4566	4617
4704	4908
5318	6017
6995	8162
9347	10366
11097	11521
11702	11756
11778	11811
11875	11956
12044	12126
12191	12232
12256	12268
12280	12291
12306	12319
12325	12321
12318	12330
12359	12402
12443	12469
12474	12453
12410	12354
12291	12224
12167	12131
12135	12178
12246	12303
12337	12350
12359	12363
12359	12346
12323	12298
12271	12247
12227	12217
12228	12268
12325	12377
12403	12414
12421	12423
12424	12418
12407	12391
12372	12356
12336	12315
12285	12248
12211	12188
12180	12185
12195	12211
12229	12259
12290	12325
12359	12393
12426	12455
12493	12543
12598	12633
12643	12639
12624	12607
12586	12560
12528	12495
12462	12433
12409	12396
12376	12351
12320	12249
11980	11311
10206	8897
7814	7413
7929	9271
11082	12870
14282	15193
15680	15912
16031	16095
16111	16083
16024	15971
15923	15829
15567	14996
13991	12547
10817	9134
7940	7612
8210	9431
10749	11686
12108	12220
12267	12358
12443	12422
12308	12229
12265	12388
12497	12516
12457	12410
12411	12419
12395	12332
12238	12072
11690	10912
9720	8420
7612	7895
9299	11241
12949	13823
13616	12484
10958	9720
9279	9731
10712	11630
12160	12344
12364	12365
12401	12460
12509	12538
12559	12577
12564	12477
12341	12226
12113	11861
11288	10404
9660	9725
10806	12498
14172	15358
15938	16112
16124	16120
16154	16215
16272	16294
16278	16244
16228	16245
16289	16330
16353	16358
16359	16359
16359	16359
16359	16359
16359	16359
16359	16359
16359	16359
16359	16359
16359	16359
16359	16359
16359	16359
16359	16359
16359	16359
16359	16359
16359	16359
16359	16359
16359	16359
16359	16359
16359	16359
16359	16359
16359	16359
16359	16359
16359	16359
16359	16359
16359	16359
16359	16359
16359	16359
16359	16359
16359	16359
16359	16359
16359	16359
16359	16359
16359	16359
16359	16359
16359	16359
16359	16359
16359	16359
16359	16359
16359	16359
16359	16359
16359	16359
16359	16359
16359	16359
16359	16359
16359	16359
16359	16359
16359	16359
16359	16359
16359	16359
16359	16359
16359	16359
16359	16359
16359	16359
16359	16359
16359	16359
16359	16359
16359	16359
16359	16359
16359	16359
16359	16359
16359	16359
16359	16359
16359	16359
16359	16359
16355	16340
16301	16235
16180	16185
16244	16303
16311	16268
16214	16197
16226	16270
16279	16179
15808	14960
13520	11663
9983	9189
9365	9981
10505	10754
10769	10686
10607	10594
10649	10732
10783	10757
10717	10752
10831	10810
10626	10302
9803	9072
8278	7817
8047	9032
10392	11474
11762	11103
9714	8099
6890	6591
7219	8315
9352	10010
10292	10407
10509	10606
10649	10612
10517	10433
10424	10507
10645	10763
10808	10782
10716	10650
10567	10387
10003	9331
8389	7297
6221	5323
4708	4402
4345	4422
4534	4631
4691	4715
4711	4695
4683	4687
4706	4724
4717	4664
4602	4589
4629	4658
4654	4673
4825	5229
5948	6951
8118	9270
10255	10979
11432	11670
11781	11857
11951	12056
12155	12229
12268	12267
12238	12202
12170	12153
12152	12169
12208	12273
12346	12404
12434	12450
12463	12471
12472	12458
12429	12381
12315	12232
12146	12080
12068	12123
12220	12302
12341	12349
12343	12334
12320	12305
12287	12272
12263	12262
12263	12269
12286	12321
12367	12400
12410	12404
12398	12392
12390	12387
12384	12382
12381	12384
12387	12387
12379	12368
12353	12332
12307	12280
12249	12227
12216	12218
12236	12268
12311	12364
12416	12465
12499	12522
12530	12532
12526	12518
12511	12507
12500	12489
12474	12456
12437	12418
12402	12394
12394	12393
12350	12170
11679	10725
9383	8011
7101	7076
8040	9743
11718	13489
14766	15513
15865	16011
16087	16125
16128	16101
16063	16021
15978	15907
15762	15466
14877	13856
12363	10565
8868	7786
7655	8456
9761	10959
11705	12033
12148	12226
12314	12353
12329	12305
12341	12442
12536	12533
12452	12388
12389	12413
12410	12373
12331	12297
12149	11668
10698	9334
8079	7617
8282	9857
11743	13214
13758	13225
11889	10359
9341	9309
10114	11134
11883	12261
12374	12361
12329	12346
12420	12516
12601	12637
12591	12456
12289	12174
12104	11960
11576	10898
10166	9852
10345	11679
13412	14865
15709	16060
16166	16195
16220	16257
16297	16314
16298	16258
16226	16235
16278	16324
16349	16358
16359	16359
16359	16359
16359	16359
16359	16359
16359	16359
16359	16359
16359	16359
16359	16359
16359	16359
16359	16359
16359	16359
16359	16359
16359	16359
16359	16359
16359	16359
16359	16359
16359	16359
16359	16359
16359	16359
16359	16359
16359	16359
16359	16359
16359	16359
16359	16359
16359	16359
16359	16359
16359	16359
16359	16359
16359	16359
16359	16359
16359	16359
16359	16359
16359	16359
16359	16359
16359	16359
16359	16359
16359	16359
16359	16359
16359	16359
16359	16359
16359	16359
16359	16359
16359	16359
16359	16359
16359	16359
16359	16359
16359	16359
16359	16359
16359	16359
16359	16359
16359	16359
16359	16359
16359	16359
16359	16359
16359	16359
16359	16359
16359	16359
16359	16359
16359	16359
16359	16359
16359	16359
16359	16359
16359	16359
16358	16347
16311	16252
16197	16199
16254	16303
16299	16242
16179	16172
16224	16274
16247	16041
15470	14350
12728	10977
9690	9333
9771	10392
10745	10794
10671	10520
10445	10501
10640	10763
10779	10696
10604	10623
10729	10765
10587	10131
9399	8522
7845	7821
8601	9908
11170	11775
11415	10205
8594	7200
6549	6867
7890	9036
9866	10286
10423	10470
10526	10579
10586	10548
10490	10462
10482	10543
10616	10680
10714	10717
10684	10597
10405	10042
9442	8587
7542	6450
5489	4808
4433	4307
4334	4429
4536	4619
4665	4677
4670	4656
4654	4672
4712	4753
4766	4728
4676	4661
4692	4709
4680	4624
4623	4780
5197	5913
6909	8075
9274	10339
11144	11627
11851	11959
12042	12128
12199	12241
12248	12222
12174	12127
12098	12090
12104	12145
12216	12327
12441	12510
12515	12486
12456	12436
12427	12427
12426	12414
12379	12318
12243	12173
12143	12169
12234	12290
12311	12305
12290	12270
12252	12240
12230	12229
12237	12254
12274	12297
12315	12336
12356	12365
12361	12349
12334	12326
12324	12330
12340	12354
12375	12401
12429	12451
12471	12487
12501	12496
12469	12423
12371	12321
12284	12263
12260	12273
12303	12344
12393	12435
12454	12447
12420	12395
12380	12377
12379	12384
12392	12400
12408	12411
12410	12403
12394	12394
12406	12413
12365	12151
11602	10601
9240	7872
6969	6920
7831	9462
11390	13164
14497	15318
15745	15951
16059	16095
16080	16055
16046	16038
16012	15952
15863	15734
15460	14863
13784	12218
10388	8743
7785	7823
8710	9919
10961	11619
11935	12088
12201	12299
12359	12369
12371	12433
12516	12530
12464	12398
12388	12410
12416	12386
12358	12373
12351	12106
11427	10271
8916	7907
7760	8688
10402	12215
13440	13658
12823	11314
9863	9220
9565	10473
11410	12050
12323	12339
12275	12263
12350	12487
12604	12637
12565	12422
12272	12178
12121	12015
11769	11344
10756	10203
10143	11024
12639	14247
15332	15898
16141	16228
16257	16282
16309	16323
16308	16263
16219	16219
16263	16316
16345	16357
16359	16359
16359	16359
16359	16359
16359	16359
16359	16359
16359	16359
16359	16359
16359	16359
16359	16359
16359	16359
16359	16359
16359	16359
16359	16359
16359	16359
16359	16359
16359	16359
16359	16359
16359	16359
16359	16359
16359	16359
16359	16359
16359	16359
16359	16359
16359	16359
16359	16359
16359	16359
16359	16359
16359	16359
16359	16359
16359	16359
16359	16359
16359	16359
16359	16359
16359	16359
16359	16359
16359	16359
16359	16359
16359	16359
16359	16359
16359	16359
16359	16359
16359	16359
16359	16359
16359	16359
16359	16359
16359	16359
16359	16359
16359	16359
16359	16359
16359	16359
16359	16359
16359	16359
16359	16359
16359	16359
16359	16359
16359	16359
16359	16359
16359	16359
16359	16359
16359	16359
16359	16359
16359	16359
16359	16359
16358	16350
16323	16272
16226	16226
16270	16308
16290	16217
16141	16141
16201	16243
16151	15798
14996	13633
11935	10437
9613	9617
10152	10687
10900	10820
10604	10402
10326	10430
10629	10763
10742	10601
10474	10469
10578	10640
10443	9847
8938	8044
7652	8122
9345	10744
11664	11678
10751	9232
7702	6750
6698	7467
8607	9567
10091	10297
10383	10461
10542	10581
10563	10526
10503	10514
10544	10559
10558	10564
10595	10631
10624	10483
10141	9552
8729	7735
6687	5724
4981	4534
4360	4349
4406	4484
4557	4610
4638	4643
4635	4632
4641	4668
4711	4760
4787	4777
4741	4718
4716	4720
4704	4667
4629	4655
4838	5283
6060	7164
8486	9821
10929	11635
11957	12070
12118	12152
12169	12166
12142	12109
12074	12059
12070	12108
12161	12230
12319	12426
12521	12554
12516	12446
12383	12347
12345	12377
12424	12467
12487	12472
12428	12372
12321	12293
12284	12277
12258	12228
12192	12153
12123	12096
12082	12081
12090	12112
12138	12163
12177	12183
12178	12166
12151	12135
12120	12111
12116	12132
12161	12199
12247	12300
12356	12403
12446	12484
12516	12530
12520	12493
12455	12416
12381	12357
12339	12331
12330	12340
12355	12369
12366	12340
12302	12272
12260	12260
12267	12281
12298	12321
12344	12365
12379	12383
12382	12387
12407	12427
12402	12236
11796	10983
9826	8547
7501	7056
7422	8556
10196	11949
13474	14576
15269	15686
15926	16017
16012	15988
16000	16025
16027	15989
15939	15897
15807	15516
14854	13715
12110	10254
8633	7794
7936	8810
9944	10917
11548	11903
12119	12288
12397	12407
12360	12368
12447	12501
12481	12433
12405	12409
12411	12386
12352	12353
12359	12242
11839	11040
9879	8612
7781	7946
9187	11016
12726	13687
13556	12398
10797	9569
9238	9778
10762	11638
12122	12266
12262	12267
12346	12465
12551	12554
12473	12365
12277	12220
12169	12086
11955	11737
11299	10615
10148	10576
11919	13524
14807	15612
16027	16197
16255	16279
16304	16321
16307	16259
16210	16203
16244	16299
16336	16353
16358	16359
16359	16359
16359	16359
16359	16359
16359	16359
16359	16359
16359	16359
16359	16359
16359	16359
16359	16359
16359	16359
16359	16359
16359	16359
16359	16359
16359	16359
16359	16359
16359	16359
16359	16359
16359	16359
16359	16359
16359	16359
16359	16359
16359	16359
16359	16359
16359	16359
16359	16359
16359	16359
16359	16359
16359	16359
16359	16359
16359	16359
16359	16359
16359	16359
16359	16359
16359	16359
16359	16359
16359	16359
16359	16359
16359	16359
16359	16359
16359	16359
16359	16359
16359	16359
16359	16359
16359	16359
16359	16359
16359	16359
16359	16359
16359	16359
16359	16359
16359	16359
16359	16359
16359	16359
16359	16359
16359	16359
16359	16359
16359	16359
16359	16359
16359	16359
16359	16359
16359	16359
16359	16359
16359	16359
16358	16353
16333	16296
16262	16262
16294	16316
16286	16197
16113	16107
16167	16174
15978	15430
14386	12850
11202	10043
9674	9930
10432	10829
10953	10834
10596	10377
10297	10405
10602	10718
10666	10497
10348	10320
10399	10423
10150	9432
8468	7756
7783	8705
10145	11363
11772	11198
9884	8341
7153	6752
7206	8195
9226	9895
10141	10201
10281	10411
10533	10588
10575	10541
10527	10544
10559	10534
10483	10465
10500	10553
10517	10270
9740	8927
7921	6870
5919	5178
4700	4471
4416	4446
4490	4532
4565	4590
4604	4614
4623	4634
4653	4677
4707	4738
4767	4775
4760	4728
4694	4682
4694	4718
4740	4773
4886	5200
5839	6864
8200	9632
10869	11678
12040	12137
12135	12107
12068	12029
11995	11976
11978	12012
12074	12154
12245	12332
12414	12480
12512	12489
12414	12326
12258	12235
12265	12344
12447	12540
12601	12616
12587	12525
12439	12346
12255	12175
12103	12031
11950	11870
11794	11731
11680	11648
11630	11630
11642	11658
11665	11653
11628	11601
11579	11561
11549	11549
11566	11597
11649	11716
11796	11886
11973	12053
12120	12181
12239	12291
12331	12366
12397	12421
12436	12446
12439	12421
12392	12356
12322	12291
12263	12235
12214	12200
12199	12205
12216	12232
12251	12276
12304	12329
12349	12357
12364	12375
12410	12459
12478	12380
12090	11543
10721	9674
8577	7699
7332	7672
8710	10208
11832	13264
14365	15148
15650	15897
15963	15967
15978	16000
16011	16006
15996	16000
15979	15847
15494	14795
13605	11901
9995	8461
7757	7987
8892	9994
10936	11590
12006	12272
12418	12415
12333	12303
12372	12454
12485	12460
12422	12402
12395	12373
12334	12302
12273	12196
11993	11558
10730	9488
8250	7723
8310	9843
11746	13294
13897	13348
11927	10326
9293	9257
10038	11014
11729	12102
12253	12324
12387	12441
12456	12416
12352	12308
12291	12273
12233	12189
12156	12060
11704	10987
10300	10335
11292	12745
14160	15214
15836	16117
16211	16246
16281	16309
16304	16257
16201	16182
16215	16269
16317	16346
16356	16359
16359	16359
16359	16359
16359	16359
16359	16359
16359	16359
16359	16359
16359	16359
16359	16359
16359	16359
16359	16359
16359	16359
16359	16359
16359	16359
16359	16359
16359	16359
16359	16359
16359	16359
16359	16359
16359	16359
16359	16359
16359	16359
16359	16359
16359	16359
16359	16359
16359	16359
16359	16359
16359	16359
16359	16359
16359	16359
16359	16359
16359	16359
16359	16359
16359	16359
16359	16359
16359	16359
16359	16359
16359	16359
16359	16359
16359	16359
16359	16359
16359	16359
16359	16359
16359	16359
16359	16359
16359	16359
16359	16359
16359	16359
16359	16359
16359	16359
16359	16359
16359	16359
16359	16359
16359	16359
16359	16359
16359	16359
16359	16359
16359	16359
16359	16359
16359	16359
16359	16359
16359	16359
16359	16359
16359	16356
16343	16319
16298	16298
16317	16324
16282	16185
16091	16079
16120	16062
15722	14950
13682	12063
10573	9783
9788	10187
10585	10837
10914	10830
10643	10452
10362	10417
10549	10621
10555	10400
10254	10206
10216	10121
9701	8900
8044	7709
8237	9484
10869	11673
11503	10446
8961	7638
6958	7102
7884	8877
9671	10069
10152	10148
10216	10349
10483	10568
10590	10569
10538	10518
10500	10459
10413	10409
10455	10479
10353	9948
9214	8214
7105	6088
5310	4832
4608	4540
4533	4539
4544	4543
4545	4555
4575	4604
4640	4668
4690	4698
4698	4693
4701	4714
4714	4685
4635	4613
4645	4736
4867	5027
5257	5654
6311	7293
8533	9852
10988	11730
12054	12123
12081	12006
11930	11873
11850	11861
11907	11982
12079	12182
12279	12359
12412	12428
12400	12336
12253	12180
12141	12156
12229	12352
12493	12605
12660	12648
12574	12457
12305	12133
11962	11811
11680	11549
11407	11257
11111	10978
10862	10770
10700	10652
10629	10622
10616	10596
10563	10529
10505	10492
10485	10492
10521	10572
10645	10741
10855	10976
11095	11201
11304	11422
11557	11697
11843	11993
12145	12284
12398	12477
12513	12507
12460	12384
12299	12219
12167	12154
12170	12195
12211	12222
12230	12240
12251	12266
12285	12303
12319	12333
12340	12355
12399	12476
12534	12491
12305	11984
11499	10793
9859	8810
7901	7450
7668	8575
9978	11556
13034	14251
15125	15647
15887	15969
15989	15995
16001	16011
16033	16048
16042	15970
15801	15432
14684	13369
11581	9712
8295	7737
8086	9028
10138	11099
11774	12183
12376	12393
12322	12283
12324	12403
12459	12461
12420	12382
12366	12355
12330	12275
12199	12110
12017	11833
11327	10305
8986	7983
7882	8885
10672	12538
13768	13928
12976	11332
9775	9069
9384	10266
11181	11846
12211	12365
12409	12397
12352	12296
12262	12277
12316	12320
12297	12300
12331	12279
11956	11286
10547	10271
10780	11978
13458	14748
15589	15996
16136	16186
16237	16283
16293	16255
16196	16165
16182	16235
16293	16335
16354	16359
16359	16359
16359	16359
16359	16359
16359	16359
16359	16359
16359	16359
16359	16359
16359	16359
16359	16359
16359	16359
16359	16359
16359	16359
16359	16359
16359	16359
16359	16359
16359	16359
16359	16359
16359	16359
16359	16359
16359	16359
16359	16359
16359	16359
16359	16359
16359	16359
16359	16359
16359	16359
16359	16359
16359	16359
16359	16359
16359	16359
16359	16359
16359	16359
16359	16359
16359	16359
16359	16359
16359	16359
16359	16359
16359	16359
16359	16359
16359	16359
16359	16359
16359	16359
16359	16359
16359	16359
16359	16359
16359	16359
16359	16359
16359	16359
16359	16359
16359	16359
16359	16359
16359	16359
16359	16359
16359	16359
16359	16359
16359	16359
16359	16359
16359	16359
16359	16359
16359	16359
16359	16359
16359	16359
16358	16353
16344	16328
16316	16317
16329	16327
16278	16179
16079	16053
16051	15896
15377	14368
12919	11317
10078	9639
9911	10365
10646	10770
10823	10805
10715	10587
10481	10443
10464	10479
10433	10317
10194	10124
10038	9759
9160	8339
7745	7912
8928	10323
11418	11670
10949	9570
8116	7173
7044	7622
8549	9397
9932	10153
10199	10194
10227	10300
10405	10513
10587	10585
10518	10438
10383	10356
10361	10404
10444	10383
10098	9496
8580	7471
6364	5461
4894	4655
4631	4651
4634	4590
4549	4519
4508	4518
4552	4611
4672	4719
4738	4724
4686	4642
4611	4611
4616	4597
4558	4544
4601	4756
5019	5384
5871	6502
7305	8273
9342	10382
11230	11768
12001	12031
11971	11879
11793	11743
11746	11797
11879	11977
12073	12157
12223	12272
12295	12286
12246	12188
12131	12092
12093	12144
12252	12395
12538	12629
12626	12517
12321	12066
11782	11495
11230	11009
10828	10657
10469	10273
10070	9876
9694	9536
9406	9319
9267	9240
9216	9191
9162	9145
9135	9126
9120	9127
9156	9217
9304	9411
9530	9648
9754	9845
9967	10167
10451	10774
11100	11428
11752	12041
12278	12447
12541	12560
12509	12410
12285	12171
12103	12111
12173	12238
12276	12289
12291	12286
12278	12275
12282	12289
12299	12309
12318	12329
12357	12414
12473	12474
12393	12236
11988	11585
10948	10063
9031	8100
7577	7701
8518	9857
11428	12945
14191	15081
15621	15892
15991	16007
16001	16013
16040	16060
16058	16023
15952	15795
15395	14533
13108	11269
9433	8145
7750	8236
9281	10434
11364	11953
12239	12333
12337	12323
12326	12368
12417	12434
12404	12358
12332	12340
12341	12293
12191	12086
12023	11943
11657	10940
9800	8584
7895	8257
9667	11557
13208	14028
13709	12356
10590	9282
8955	9542
10579	11521
12090	12319
12355	12317
12272	12246
12255	12298
12347	12359
12354	12387
12435	12380
12096	11543
10854	10345
10407	11293
12773	14257
15303	15844
16039	16113
16181	16250
16277	16253
16196	16152
16153	16201
16270	16325
16351	16358
16359	16359
16359	16359
16359	16359
16359	16359
16359	16359
16359	16359
16359	16359
16359	16359
16359	16359
16359	16359
16359	16359
16359	16359
16359	16359
16359	16359
16359	16359
16359	16359
16359	16359
16359	16359
16359	16359
16359	16359
16359	16359
16359	16359
16359	16359
16359	16359
16359	16359
16359	16359
16359	16359
16359	16359
16359	16359
16359	16359
16359	16359
16359	16359
16359	16359
16359	16359
16359	16359
16359	16359
16359	16359
16359	16359
16359	16359
16359	16359
16359	16359
16359	16359
16359	16359
16359	16359
16359	16359
16359	16359
16359	16359
16359	16359
16359	16359
16359	16359
16359	16359
16359	16359
16359	16359
16359	16359
16359	16359
16359	16359
16359	16359
16359	16359
16359	16359
16359	16359
16359	16359
16359	16357
16351	16339
16320	16304
16296	16302
16313	16309
16264	16169
16066	16012
15940	15645
14908	13652
12074	10613
9721	9618
10054	10491
10664	10692
10718	10758
10759	10694
10577	10447
10360	10333
10320	10256
10150	10041
9836	9352
8597	7877
7680	8371
9740	11071
11703	11364
10200	8697
7463	6978
7325	8180
9092	9735
10048	10179
10247	10282
10284	10294
10348	10453
10547	10546
10444	10320
10249	10257
10329	10409
10401	10180
9663	8842
7806	6709
5730	5020
4652	4582
4661	4712
4665	4580
4514	4482
4475	4498
4552	4629
4707	4761
4773	4741
4673	4593
4536	4509
4505	4494
4479	4508
4631	4894
5329	5938
6701	7578
8512	9436
10283	10983
11492	11789
11910	11912
11857	11777
11709	11685
11723	11808
11912	12001
12054	12077
12087	12100
12118	12128
12129	12120
12106	12097
12112	12165
12269	12410
12543	12600
12517	12263
11859	11365
10857	10400
10037	9785
9616	9489
9365	9234
9084	8911
8722	8544
8410	8338
8312	8292
8261	8234
8230	8256
8286	8292
8265	8244
8250	8294
8361	8430
8479	8484
8441	8374
8390	8609
9049	9615
10213	10801
11346	11806
12158	12395
12529	12562
12513	12404
12272	12153
12093	12117
12205	12298
12354	12372
12355	12318
12282	12269
12274	12281
12286	12306
12325	12328
12312	12307
12328	12369
12382	12335
12201	11984
11637	11097
10309	9332
8390	7827
7889	8621
9861	11339
12794	14056
15012	15611
15899	15995
16010	16017
16038	16065
16080	16077
16064	16020
15841	15354
14367	12815
10907	9122
7976	7794
8497	9646
10771	11571
12016	12242
12362	12393
12371	12360
12383	12400
12381	12339
12311	12331
12363	12335
12243	12141
12070	11998
11825	11394
10555	9355
8277	8017
8863	10504
12322	13665
14024	13218
11583	9875
8880	9014
10009	11128
11864	12175
12232	12223
12233	12270
12315	12356
12377	12375
12377	12412
12447	12390
12179	11780
11190	10518
10213	10775
12153	13731
14949	15638
15924	16037
16128	16206
16250	16238
16192	16148
16142	16185
16257	16319
16349	16358
16359	16359
16359	16359
16359	16359
16359	16359
16359	16359
16359	16359
16359	16359
16359	16359
16359	16359
16359	16359
16359	16359
16359	16359
16359	16359
16359	16359
16359	16359
16359	16359
16359	16359
16359	16359
16359	16359
16359	16359
16359	16359
16359	16359
16359	16359
16359	16359
16359	16359
16359	16359
16359	16359
16359	16359
16359	16359
16359	16359
16359	16359
16359	16359
16359	16359
16359	16359
16359	16359
16359	16359
16359	16359
16359	16359
16359	16359
16359	16359
16359	16359
16359	16359
16359	16359
16359	16359
16359	16359
16359	16359
16359	16359
16359	16359
16359	16359
16359	16359
16359	16359
16359	16359
16359	16359
16359	16359
16359	16359
16359	16359
16359	16359
16359	16359
16359	16359
16359	16359
16359	16359
16359	16354
16340	16309
16270	16241
16233	16242
16260	16269
16238	16155
16048	15950
15768	15287
14297	12796
11148	9933
9492	9726
10237	10600
10678	10632
10625	10678
10728	10702
10576	10396
10259	10227
10253	10219
10098	9914
9564	8903
8105	7638
7941	9073
10556	11595
11676	10788
9338	7918
7063	7047
7734	8688
9490	9937
10089	10151
10232	10306
10333	10336
10357	10416
10464	10432
10316	10195
10146	10196
10305	10367
10230	9764
8960	7936
6870	5926
5207	4744
4540	4540
4627	4662
4604	4523
4469	4456
4468	4510
4571	4648
4718	4766
4770	4730
4653	4566
4489	4446
4423	4411
4431	4544
4815	5285
5959	6807
7762	8729
9631	10398
10994	11408
11660	11782
11821	11818
11793	11751
11710	11713
11783	11895
12004	12053
12030	11966
11916	11917
11969	12039
12106	12152
12174	12170
12151	12154
12211	12331
12470	12535
12405	12004
11339	10522
9706	9037
8598	8393
8367	8450
8578	8710
8791	8781
8692	8591
8537	8572
8647	8693
8680	8662
8695	8789
8887	8909
8848	8763
8709	8700
8700	8655
8507	8230
7823	7371
7065	7129
7623	8425
9360	10283
11088	11701
12114	12363
12487	12512
12461	12363
12259	12177
12145	12171
12243	12329
12397	12418
12382	12311
12247	12230
12247	12265
12281	12321
12370	12372
12316	12255
12243	12290
12340	12327
12238	12114
11969	11737
11296	10557
9610	8720
8174	8158
8709	9727
11071	12567
13963	15005
15605	15870
15961	15999
16039	16078
16114	16133
16143	16139
16075	15838
15241	14106
12419	10449
8716	7803
7926	8836
10034	11053
11713	12113
12352	12443
12427	12389
12379	12385
12372	12339
12319	12341
12382	12378
12315	12237
12168	12093
11981	11748
11185	10139
8901	8140
8337	9512
11269	12964
13955	13825
12584	10745
9212	8799
9520	10651
11538	11981
12112	12150
12222	12317
12386	12408
12392	12364
12359	12381
12404	12372
12249	11998
11509	10778
10226	10467
11602	13130
14475	15355
15790	15980
16087	16161
16202	16204
16176	16147
16144	16187
16257	16319
16349	16358
16359	16359
16359	16359
16359	16359
16359	16359
16359	16359
16359	16359
16359	16359
16359	16359
16359	16359
16359	16359
16359	16359
16359	16359
16359	16359
16359	16359
16359	16359
16359	16359
16359	16359
16359	16359
16359	16359
16359	16359
16359	16359
16359	16359
16359	16359
16359	16359
16359	16359
16359	16359
16359	16359
16359	16359
16359	16359
16359	16359
16359	16359
16359	16359
16359	16359
16359	16359
16359	16359
16359	16359
16359	16359
16359	16359
16359	16359
16359	16359
16359	16359
16359	16359
16359	16359
16359	16359
16359	16359
16359	16359
16359	16359
16359	16359
16359	16359
16359	16359
16359	16359
16359	16359
16359	16359
16359	16359
16359	16359
16359	16359
16359	16359
16359	16359
16359	16359
16359	16359
16359	16359
16358	16351
16328	16277
16218	16172
16160	16173
16199	16220
16212	16143
16028	15863
15535	14833
13588	11904
10284	9397
9411	9925
10445	10701
10697	10602
10554	10586
10637	10617
10492	10318
10195	10191
10244	10207
10029	9720
9208	8442
7741	7671
8491	9891
11218	11797
11334	10041
8486	7322
6937	7332
8202	9121
9770	10067
10113	10106
10154	10248
10341	10396
10408	10394
10353	10273
10173	10103
10101	10174
10254	10208
9870	9137
8074	6926
5926	5223
4811	4603
4514	4511
4539	4541
4498	4457
4447	4466
4499	4541
4588	4641
4688	4717
4720	4686
4625	4545
4473	4416
4383	4386
4483	4749
5247	5983
6905	7913
8897	9767
10465	10985
11343	11575
11701	11753
11766	11778
11788	11775
11756	11775
11861	11990
12092	12098
12001	11864
11778	11799
11909	12042
12152	12237
12280	12264
12192	12116
12103	12198
12361	12466
12336	11836
10954	9835
8711	7814
7306	7215
7478	7960
8531	9069
9489	9733
9825	9861
9939	10101
10290	10413
10448	10459
10531	10681
10834	10871
10773	10625
10510	10436
10341	10122
9687	8982
8050	7064
6325	6142
6622	7611
8839	10051
11050	11743
12144	12345
12424	12425
12375	12310
12263	12248
12262	12274
12286	12319
12360	12377
12345	12276
12212	12195
12215	12238
12270	12341
12416	12419
12343	12272
12257	12280
12292	12259
12191	12125
12082	12017
11835	11419
10748	9915
9095	8479
8247	8529
9407	10821
12477	13936
14945	15520
15804	15942
16030	16094
16142	16163
16167	16161
16139	16042
15736	15020
13719	11857
9839	8312
7751	8194
9268	10420
11314	11911
12271	12432
12458	12429
12404	12393
12383	12361
12348	12362
12391	12395
12361	12317
12273	12221
12158	12034
11659	10822
9626	8547
8131	8722
10216	12078
13598	14145
13433	11723
9877	8910
9148	10105
11112	11757
12018	12110
12216	12336
12424	12441
12398	12336
12297	12302
12332	12344
12313	12179
11798	11105
10426	10334
11091	12441
13895	15013
15651	15938
16052	16098
16120	16133
16139	16143
16157	16203
16268	16324
16351	16358
16359	16359
16359	16359
16359	16359
16359	16359
16359	16359
16359	16359
16359	16359
16359	16359
16359	16359
16359	16359
16359	16359
16359	16359
16359	16359
16359	16359
16359	16359
16359	16359
16359	16359
16359	16359
16359	16359
16359	16359
16359	16359
16359	16359
16359	16359
16359	16359
16359	16359
16359	16359
16359	16359
16359	16359
16359	16359
16359	16359
16359	16359
16359	16359
16359	16359
16359	16359
16359	16359
16359	16359
16359	16359
16359	16359
16359	16359
16359	16359
16359	16359
16359	16359
16359	16359
16359	16359
16359	16359
16359	16359
16359	16359
16359	16359
16359	16359
16359	16359
16359	16359
16359	16359
16359	16359
16359	16359
16359	16359
16359	16359
16359	16359
16359	16359
16359	16359
16359	16359
16359	16359
16358	16349
16320	16260
16186	16134
16121	16136
16166	16197
16196	16144
16014	15769
15265	14316
12863	11139
9711	9167
9500	10149
10618	10774
10711	10582
10503	10509
10544	10524
10416	10270
10186	10215
10277	10213
9943	9465
8786	8005
7550	7941
9176	10625
11586	11631
10735	9256
7811	7011
7068	7752
8667	9474
9982	10175
10161	10093
10093	10188
10323	10420
10426	10353
10242	10143
10085	10082
10120	10167
10135	9897
9328	8390
7215	6078
5223	4744
4578	4554
4546	4523
4483	4442
4418	4429
4471	4521
4561	4580
4584	4587
4598	4615
4628	4616
4576	4515
4440	4377
4363	4458
4729	5230
5979	6928
7977	8991
9859	10519
10969	11259
11446	11573
11661	11713
11744	11773
11793	11787
11766	11788
11878	12007
12102	12084
11956	11805
11729	11785
11933	12088
12205	12300
12360	12347
12248	12123
12056	12122
12290	12426
12320	11805
10850	9599
8291	7201
6581	6586
7178	8149
9232	10196
10916	11376
11639	11807
11962	12149
12345	12502
12598	12667
12755	12899
13035	13068
12971	12821
12690	12578
12391	11987
11226	10063
8620	7198
6188	5923
6460	7573
8925	10211
11217	11857
12177	12304
12343	12336
12314	12296
12314	12369
12421	12413
12345	12275
12243	12249
12266	12269
12254	12230
12210	12212
12255	12339
12407	12390
12311	12266
12281	12289
12251	12188
12137	12108
12107	12110
12074	11927
11586	11004
10206	9313
8524	8092
8270	9192
10687	12339
13781	14822
15461	15807
15981	16076
16136	16153
16140	16118
16100	16076
15958	15573
14679	13134
11154	9297
8126	7941
8615	9702
10770	11585
12088	12343
12441	12459
12448	12433
12420	12401
12383	12378
12382	12378
12360	12342
12331	12313
12291	12225
11971	11340
10305	9109
8250	8258
9325	11147
13028	14159
14010	12626
10712	9280
8928	9558
10617	11484
11921	12085
12188	12307
12419	12460
12411	12312
12227	12205
12243	12302
12346	12310
12051	11465
10730	10303
10603	11724
13291	14675
15521	15896
16003	16006
16002	16027
16075	16118
16159	16212
16275	16326
16351	16358
16359	16359
16359	16359
16359	16359
16359	16359
16359	16359
16359	16359
16359	16359
16359	16359
16359	16359
16359	16359
16359	16359
16359	16359
16359	16359
16359	16359
16359	16359
16359	16359
16359	16359
16359	16359
16359	16359
16359	16359
16359	16359
16359	16359
16359	16359
16359	16359
16359	16359
16359	16359
16359	16359
16359	16359
16359	16359
16359	16359
16359	16359
16359	16359
16359	16359
16359	16359
16359	16359
16359	16359
16359	16359
16359	16359
16359	16359
16359	16359
16359	16359
16359	16359
16359	16359
16359	16359
16359	16359
16359	16359
16359	16359
16359	16359
16359	16359
16359	16359
16359	16359
16359	16359
16359	16359
16359	16359
16359	16359
16359	16359
16359	16359
16359	16359
16359	16359
16359	16359
16359	16359
16358	16348
16313	16242
16157	16104
16100	16128
16166	16195
16197	16142
15996	15674
14992	13768
12119	10486
9410	9213
9705	10340
10724	10807
10707	10558
10462	10452
10481	10469
10386	10281
10230	10273
10325	10220
9833	9160
8329	7644
7557	8399
9867	11150
11616	11133
9940	8496
7367	6996
7405	8237
9098	9763
10149	10276
10231	10137
10103	10172
10299	10386
10376	10277
10155	10079
10081	10128
10169	10128
9909	9425
8635	7600
6486	5512
4846	4532
4490	4560
4609	4578
4489	4414
4399	4446
4522	4592
4622	4605
4556	4509
4489	4506
4532	4542
4513	4452
4375	4333
4405	4686
5224	6006
6963	7999
9000	9858
10514	10956
11218	11366
11457	11528
11597	11666
11724	11762
11769	11745
11723	11750
11836	11952
12023	11998
11893	11787
11766	11857
12009	12138
12223	12307
12388	12407
12334	12208
12124	12154
12292	12418
12340	11893
11033	9870
8574	7370
6585	6536
7293	8616
10120	11450
12425	13061
13445	13674
13817	13917
14017	14151
14299	14416
14499	14576
14638	14646
14585	14491
14391	14263
13976	13346
12238	10679
8922	7389
6489	6446
7171	8340
9601	10701
11505	11968
12165	12228
12256	12273
12293	12327
12395	12496
12569	12545
12411	12240
12128	12126
12217	12326
12368	12316
12224	12192
12248	12330
12357	12303
12231	12226
12280	12295
12240	12166
12126	12122
12137	12163
12195	12203
12100	11775
11166	10310
9328	8434
7916	8061
8958	10438
12147	13694
14830	15515
15853	16013
16094	16118
16094	16059
16041	16050
16031	15858
15299	14166
12493	10619
9029	8166
8201	8973
10081	11092
11778	12173
12376	12469
12500	12498
12477	12446
12410	12379
12354	12332
12314	12308
12315	12328
12337	12311
12151	11710
10882	9738
8637	8141
8672	10238
12273	13852
14260	13353
11597	9855
8911	9100
10086	11131
11777	12035
12128	12234
12377	12464
12433	12311
12177	12124
12161	12254
12352	12397
12256	11783
11025	10317
10210	11114
12765	14369
15396	15847
15953	15926
15905	15939
16011	16080
16136	16199
16269	16324
16351	16358
16359	16359
16359	16359
16359	16359
16359	16359
16359	16359
16359	16359
16359	16359
16359	16359
16359	16359
16359	16359
16359	16359
16359	16359
16359	16359
16359	16359
16359	16359
16359	16359
16359	16359
16359	16359
16359	16359
16359	16359
16359	16359
16359	16359
16359	16359
16359	16359
16359	16359
16359	16359
16359	16359
16359	16359
16359	16359
16359	16359
16359	16359
16359	16359
16359	16359
16359	16359
16359	16359
16359	16359
16359	16359
16359	16359
16359	16359
16359	16359
16359	16359
16359	16359
16359	16359
16359	16359
16359	16359
16359	16359
16359	16359
16359	16359
16359	16359
16359	16359
16359	16359
16359	16359
16359	16359
16359	16359
16359	16359
16359	16359
16359	16359
16359	16359
16359	16359
16359	16359
16359	16359
16357	16343
16293	16195
16083	16024
16040	16100
16162	16201
16195	16123
15959	15589
14739	13207
11317	9815
9172	9339
9921	10482
10776	10811
10687	10527
10421	10401
10432	10440
10395	10327
10298	10333
10351	10181
9664	8800
7877	7402
7775	8997
10509	11456
11375	10403
9015	7775
7112	7204
7881	8746
9489	10003
10283	10360
10301	10204
10155	10192
10275	10321
10285	10189
10099	10081
10136	10205
10199	10011
9560	8809
7834	6793
5858	5139
4685	4488
4485	4586
4670	4646
4533	4433
4418	4479
4571	4641
4659	4617
4535	4465
4438	4456
4488	4494
4446	4364
4300	4338
4588	5132
5961	6984
8062	9056
9881	10496
10915	11175
11328	11413
11462	11498
11541	11608
11682	11717
11704	11678
11682	11737
11833	11918
11946	11907
11833	11791
11833	11953
12089	12172
12213	12279
12380	12444
12421	12333
12255	12253
12338	12424
12372	12040
11388	10470
9353	8159
7200	6885
7430	8717
10388	12015
13307	14185
14699	14952
15038	15046
15067	15171
15329	15459
15516	15521
15514	15493
15460	15416
15341	15159
14690	13730
12232	10408
8661	7447
7042	7449
8401	9526
10541	11315
11816	12062
12138	12161
12195	12245
12301	12364
12448	12559
12641	12613
12463	12258
12119	12129
12269	12419
12460	12361
12224	12191
12280	12353
12331	12245
12192	12229
12315	12341
12284	12213
12186	12191
12208	12236
12285	12349
12370	12226
11839	11187
10293	9254
8279	7683
7771	8702
10304	12154
13789	14939
15584	15896
16033	16078
16067	16037
16016	16031
16052	15986
15679	14948
13709	12044
10261	8809
8117	8368
9318	10432
11328	11926
12286	12479
12560	12574
12544	12492
12428	12365
12309	12266
12241	12238
12255	12287
12322	12335
12259	11982
11371	10377
9200	8309
8270	9401
11349	13212
14171	13865
12463	10593
9140	8818
9571	10692
11542	11938
12049	12137
12299	12434
12440	12320
12171	12094
12127	12227
12353	12442
12378	11991
11245	10384
10021	10719
12328	14025
15200	15765
15925	15913
15895	15916
15970	16024
16080	16154
16245	16314
16348	16358
16359	16359
16359	16359
16359	16359
16359	16359
16359	16359
16359	16359
16359	16359
16359	16359
16359	16359
16359	16359
16359	16359
16359	16359
16359	16359
16359	16359
16359	16359
16359	16359
16359	16359
16359	16359
16359	16359
16359	16359
16359	16359
16359	16359
16359	16359
16359	16359
16359	16359
16359	16359
16359	16359
16359	16359
16359	16359
16359	16359
16359	16359
16359	16359
16359	16359
16359	16359
16359	16359
16359	16359
16359	16359
16359	16359
16359	16359
16359	16359
16359	16359
16359	16359
16359	16359
16359	16359
16359	16359
16359	16359
16359	16359
16359	16359
16359	16359
16359	16359
16359	16359
16359	16359
16359	16359
16359	16359
16359	16359
16359	16359
16359	16359
16359	16359
16359	16359
16359	16359
16359	16359
16356	16336
16271	16141
15997	15929
15966	16059
16149	16198
16187	16099
15912	15493
14490	12662
10541	9158
8939	9444
10098	10577
10797	10794
10657	10488
10368	10339
10376	10412
10405	10374
10357	10366
10320	10056
9408	8410
7509	7353
8197	9675
11036	11531
10918	9547
8080	7145
7011	7550
8409	9226
9817	10181
10365	10402
10344	10258
10208	10216
10249	10251
10195	10117
10081	10118
10208	10259
10150	9780
9084	8098
6994	6013
5301	4856
4612	4505
4509	4601
4697	4686
4572	4466
4445	4500
4579	4638
4650	4614
4550	4501
4489	4506
4521	4492
4405	4300
4280	4482
4998	5823
6881	8027
9099	9960
10555	10924
11138	11274
11376	11454
11494	11501
11508	11554
11610	11631
11608	11609
11674	11794
11912	11965
11935	11859
11792	11797
11880	12011
12125	12176
12190	12248
12360	12456
12480	12438
12375	12348
12380	12425
12397	12195
11784	11167
10328	9275
8213	7510
7498	8303
9769	11524
13169	14413
15165	15506
15592	15587
15606	15697
15827	15921
15940	15914
15874	15842
15813	15761
15616	15242
14432	13048
11232	9414
8069	7523
7803	8658
9730	10698
11404	11844
12069	12141
12134	12137
12183	12251
12315	12370
12433	12521
12595	12586
12476	12323
12222	12247
12351	12422
12376	12254
12163	12214
12350	12417
12355	12264
12243	12311
12403	12422
12366	12303
12280	12292
12315	12334
12368	12426
12475	12430
12217	11787
11121	10209
9131	8091
7455	7610
8679	10420
12354	13983
15071	15667
15938	16037
16061	16054
16043	16053
16073	16057
15911	15510
14691	13355
11595	9774
8437	8054
8614	9665
10741	11593
12163	12478
12620	12645
12608	12531
12439	12345
12262	12196
12160	12158
12184	12231
12288	12333
12328	12189
11776	10973
9833	8690
8139	8705
10319	12272
13731	14101
13214	11438
9650	8802
9158	10191
11201	11776
11957	12047
12211	12373
12420	12342
12219	12148
12169	12255
12366	12460
12423	12099
11414	10556
10056	10488
11835	13469
14794	15573
15885	15957
15957	15946
15938	15952
16005	16102
16216	16304
16346	16358
16359	16359
16359	16359
16359	16359
16359	16359
16359	16359
16359	16359
16359	16359
16359	16359
16359	16359
16359	16359
16359	16359
16359	16359
16359	16359
16359	16359
16359	16359
16359	16359
16359	16359
16359	16359
16359	16359
16359	16359
16359	16359
16359	16359
16359	16359
16359	16359
16359	16359
16359	16359
16359	16359
16359	16359
16359	16359
16359	16359
16359	16359
16359	16359
16359	16359
16359	16359
16359	16359
16359	16359
16359	16359
16359	16359
16359	16359
16359	16359
16359	16359
16359	16359
16359	16359
16359	16359
16359	16359
16359	16359
16359	16359
16359	16359
16359	16359
16359	16359
16359	16359
16359	16359
16359	16359
16359	16359
16359	16359
16359	16359
16359	16359
16359	16359
16359	16359
16359	16359
16359	16359
16356	16335
16267	16133
15984	15913
15951	16049
16146	16199
16186	16081
15844	15312
14128	12109
9931	8742
8859	9589
10255	10648
10798	10765
10620	10444
10312	10275
10317	10377
10410	10411
10392	10351
10209	9818
9060	8051
7328	7561
8793	10340
11367	11336
10258	8655
7274	6725
7092	7971
8903	9611
10042	10271
10376	10390
10340	10276
10233	10225
10221	10192
10132	10087
10097	10176
10263	10239
9978	9400
8488	7348
6207	5336
4844	4639
4571	4538
4532	4589
4666	4670
4587	4504
4479	4504
4545	4578
4595	4596
4595	4604
4623	4634
4613	4537
4416	4315
4400	4840
5664	6730
7887	8995
9930	10589
10960	11130
11209	11285
11384	11477
11528	11521
11500	11512
11543	11538
11512	11551
11692	11886
12038	12066
11977	11848
11770	11786
11881	11999
12087	12129
12160	12230
12340	12443
12490	12479
12433	12397
12394	12412
12407	12318
12121	11785
11251	10441
9417	8409
7770	7824
8706	10253
12077	13713
14854	15467
15698	15771
15836	15928
16014	16052
16041	16008
15976	15947
15888	15734
15355	14581
13288	11543
9700	8296
7701	7954
8813	9895
10873	11578
11988	12174
12223	12200
12166	12173
12225	12284
12322	12336
12350	12392
12447	12471
12445	12390
12346	12320
12266	12130
11952	11870
11962	12186
12395	12460
12387	12319
12339	12423
12491	12485
12418	12358
12346	12369
12399	12419
12438	12469
12496	12473
12353	12098
11680	11060
10184	9087
8020	7433
7692	8889
10722	12644
14198	15205
15726	15951
16039	16069
16077	16092
16108	16106
16050	15861
15376	14400
12864	10960
9194	8166
8137	8905
10047	11146
11959	12438
12652	12694
12648	12556
12441	12324
12219	12138
12096	12092
12125	12184
12256	12325
12368	12322
12068	11458
10450	9237
8313	8270
9321	11123
12947	13980
13728	12297
10428	9133
8951	9697
10761	11534
11862	11994
12141	12295
12382	12375
12318	12274
12279	12324
12391	12453
12422	12177
11633	10868
10250	10266
11119	12559
14075	15194
15763	15968
16003	15951
15880	15864
15938	16071
16207	16302
16346	16358
16359	16359
16359	16359
16359	16359
16359	16359
16359	16359
16359	16359
16359	16359
16359	16359
16359	16359
16359	16359
16359	16359
16359	16359
16359	16359
16359	16359
16359	16359
16359	16359
16359	16359
16359	16359
16359	16359
16359	16359
16359	16359
16359	16359
16359	16359
16359	16359
16359	16359
16359	16359
16359	16359
16359	16359
16359	16359
16359	16359
16359	16359
16359	16359
16359	16359
16359	16359
16359	16359
16359	16359
16359	16359
16359	16359
16359	16359
16359	16359
16359	16359
16359	16359
16359	16359
16359	16359
16359	16359
16359	16359
16359	16359
16359	16359
16359	16359
16359	16359
16359	16359
16359	16359
16359	16359
16359	16359
16359	16359
16359	16359
16359	16359
16359	16359
16359	16359
16359	16359
16359	16359
16357	16340
16281	16164
16034	15968
15992	16071
16151	16198
16184	16053
15686	14876
13414	11372
9469	8654
9033	9833
10421	10706
10784	10727
10580	10402
10260	10211
10250	10330
10397	10417
10378	10265
9996	9464
8650	7782
7410	8047
9498	10890
11431	10851
9429	7812
6720	6611
7363	8417
9299	9858
10138	10262
10310	10314
10286	10252
10226	10211
10194	10155
10113	10098
10145	10235
10271	10112
9652	8861
7798	6614
5547	4834
4536	4504
4558	4572
4547	4548
4584	4598
4575	4541
4522	4508
4491	4487
4512	4569
4647	4723
4769	4764
4708	4609
4502	4483
4739	5449
6544	7754
8859	9787
10492	10927
11115	11159
11174	11236
11347	11463
11533	11531
11500	11496
11505	11477
11444	11508
11705	11952
12120	12114
11959	11772
11670	11686
11784	11896
11981	12053
12132	12226
12323	12402
12440	12444
12416	12385
12370	12378
12395	12391
12348	12229
11956	11420
10570	9492
8441	7787
7869	8823
10447	12278
13858	14923
15487	15752
15898	16001
16061	16067
16036	16002
15984	15942
15790	15397
14599	13288
11551	9725
8294	7674
7954	8856
9983	10984
11688	12086
12260	12299
12275	12241
12226	12249
12295	12326
12322	12284
12247	12242
12277	12340
12403	12432
12381	12189
11828	11370
11023	11030
11392	11874
12230	12368
12363	12357
12418	12495
12525	12482
12402	12342
12333	12369
12420	12463
12487	12496
12492	12452
12364	12211
11994	11677
11144	10276
9154	8087
7553	7933
9236	11076
12928	14371
15263	15722
15930	16026
16079	16116
16138	16137
16114	16031
15770	15126
13945	12226
10304	8738
8012	8288
9310	10559
11613	12291
12613	12698
12658	12559
12434	12306
12190	12104
12058	12056
12093	12157
12234	12312
12370	12372
12220	11789
10989	9879
8768	8162
8510	9921
11881	13458
13909	13064
11398	9795
9007	9292
10263	11208
11748	11983
12121	12243
12350	12420
12443	12428
12404	12395
12409	12426
12402	12268
11910	11278
10526	10051
10302	11468
13164	14658
15542	15920
16007	15937
15831	15810
15911	16069
16214	16306
16347	16358
16359	16359
16359	16359
16359	16359
16359	16359
16359	16359
16359	16359
16359	16359
16359	16359
16359	16359
16359	16359
16359	16359
16359	16359
16359	16359
16359	16359
16359	16359
16359	16359
16359	16359
16359	16359
16359	16359
16359	16359
16359	16359
16359	16359
16359	16359
16359	16359
16359	16359
16359	16359
16359	16359
16359	16359
16359	16359
16359	16359
16359	16359
16359	16359
16359	16359
16359	16359
16359	16359
16359	16359
16359	16359
16359	16359
16359	16359
16359	16359
16359	16359
16359	16359
16359	16359
16359	16359
16359	16359
16359	16359
16359	16359
16359	16359
16359	16359
16359	16359
16359	16359
16359	16359
16359	16359
16359	16359
16359	16359
16359	16359
16359	16359
16359	16359
16359	16359
16359	16359
16359	16359
16357	16341
16288	16182
16061	15995
16012	16079
16151	16191
16166	15966
15344	14058
12204	10302
9020	8790
9390	10131
10572	10735
10755	10682
10541	10365
10221	10157
10188	10275
10363	10384
10312	10104
9696	9030
8238	7667
7767	8755
10208	11235
11202	10122
8506	7097
6477	6815
7795	8842
9574	9957
10115	10168
10187	10196
10197	10193
10186	10174
10160	10138
10129	10149
10210	10264
10197	9853
9169	8195
7064	5951
5057	4534
4385	4456
4567	4600
4549	4484
4460	4486
4534	4574
4577	4529
4456	4412
4441	4541
4676	4790
4839	4818
4749	4694
4704	4864
5347	6286
7540	8745
9684	10358
10812	11056
11124	11110
11101	11158
11270	11395
11477	11495
11485	11490
11496	11461
11423	11493
11698	11935
12057	11970
11725	11473
11347	11384
11527	11688
11832	11974
12120	12237
12304	12338
12350	12350
12340	12325
12317	12327
12360	12405
12453	12462
12364	12051
11447	10538
9435	8380
7741	7864
8851	10474
12290	13837
14891	15495
15809	15975
16059	16074
16041	15997
15951	15819
15448	14650
13326	11560
9702	8249
7601	7867
8820	10014
11062	11774
12147	12285
12307	12290
12272	12269
12289	12322
12350	12350
12312	12248
12183	12151
12178	12265
12373	12412
12240	11750
10971	10123
9583	9654
10270	11041
11649	12009
12200	12326
12434	12495
12487	12420
12332	12266
12247	12284
12355	12435
12494	12520
12503	12449
12360	12254
12152	12034
11795	11265
10364	9210
8181	7756
8242	9573
11369	13103
14419	15232
15664	15885
16023	16105
16141	16138
16113	16067
15932	15560
14760	13399
11579	9689
8315	7956
8625	9844
11073	11967
12452	12621
12613	12526
12411	12290
12181	12100
12057	12055
12092	12153
12228	12300
12351	12353
12250	11968
11409	10522
9397	8367
8018	8850
10669	12591
13729	13628
12404	10682
9338	9057
9774	10809
11594	12005
12165	12247
12346	12462
12544	12544
12482	12422
12395	12379
12371	12346
12179	11685
10852	9989
9722	10570
12298	14047
15228	15816
16005	15971
15874	15849
15937	16082
16220	16307
16348	16358
16359	16359
16359	16359
16359	16359
16359	16359
16359	16359
16359	16359
16359	16359
16359	16359
16359	16359
16359	16359
16359	16359
16359	16359
16359	16359
16359	16359
16359	16359
16359	16359
16359	16359
16359	16359
16359	16359
16359	16359
16359	16359
16359	16359
16359	16359
16359	16359
16359	16359
16359	16359
16359	16359
16359	16359
16359	16359
16359	16359
16359	16359
16359	16359
16359	16359
16359	16359
16359	16359
16359	16359
16359	16359
16359	16359
16359	16359
16359	16359
16359	16359
16359	16359
16359	16359
16359	16359
16359	16359
16359	16359
16359	16359
16359	16359
16359	16359
16359	16359
16359	16359
16359	16359
16359	16359
16359	16359
16359	16359
16359	16359
16359	16359
16359	16359
16359	16359
16359	16359
16359	16359
16357	16341
16286	16177
16052	15984
15999	16069
16139	16169
16109	15784
14831	13008
10788	9159
8656	9054
9791	10381
10655	10723
10705	10633
10506	10345
10196	10117
10130	10213
10302	10311
10182	9870
9329	8582
7904	7735
8337	9567
10818	11316
10700	9234
7612	6589
6526	7262
8322	9215
9723	9938
10009	10026
10037	10059
10088	10112
10119	10120
10121	10137
10173	10220
10264	10238
10015	9458
8559	7455
6345	5400
4741	4414
4366	4470
4584	4612
4533	4407
4324	4355
4477	4596
4632	4572
4462	4387
4407	4514
4656	4759
4786	4753
4732	4809
5043	5478
6210	7285
8524	9577
10284	10712
10970	11091
11108	11078
11061	11092
11171	11270
11355	11404
11434	11468
11486	11460
11433	11498
11658	11800
11780	11533
11140	10794
10654	10758
11034	11357
11655	11917
12125	12247
12282	12266
12243	12232
12234	12240
12247	12267
12309	12373
12449	12511
12492	12328
11957	11350
10484	9406
8345	7681
7778	8766
10419	12235
13780	14859
15500	15846
16023	16081
16049	15957
15776	15407
14662	13382
11631	9756
8254	7567
7812	8752
9970	11063
11811	12195
12315	12303
12263	12242
12258	12294
12333	12359
12360	12336
12292	12240
12191	12162
12181	12248
12309	12227
11817	10973
9803	8666
7996	8078
8801	9751
10603	11267
11762	12108
12321	12413
12416	12359
12279	12204
12160	12171
12239	12342
12448	12514
12518	12469
12385	12298
12229	12179
12088	11839
11290	10370
9239	8279
7928	8468
9815	11549
13195	14434
15211	15662
15931	16075
16125	16112
16074	16030
15957	15772
15305	14359
12827	10867
9026	8012
8122	9079
10348	11446
12137	12447
12512	12460
12372	12279
12193	12129
12096	12099
12132	12184
12245	12298
12322	12297
12212	12038
11702	11078
10069	8814
7903	8082
9491	11498
13202	13872
13230	11605
9883	9047
9381	10381
11385	12014
12251	12313
12384	12504
12597	12582
12480	12387
12346	12328
12337	12393
12370	12014
11210	10180
9556	10000
11478	13275
14737	15619
15992	16051
15992	15946
15978	16080
16205	16299
16345	16357
16359	16359
16359	16359
16359	16359
16359	16359
16359	16359
16359	16359
16359	16359
16359	16359
16359	16359
16359	16359
16359	16359
16359	16359
16359	16359
16359	16359
16359	16359
16359	16359
16359	16359
16359	16359
16359	16359
16359	16359
16359	16359
16359	16359
16359	16359
16359	16359
16359	16359
16359	16359
16359	16359
16359	16359
16359	16359
16359	16359
16359	16359
16359	16359
16359	16359
16359	16359
16359	16359
16359	16359
16359	16359
16359	16359
16359	16359
16359	16359
16359	16359
16359	16359
16359	16359
16359	16359
16359	16359
16359	16359
16359	16359
16359	16359
16359	16359
16359	16359
16359	16359
16359	16359
16359	16359
16359	16359
16359	16359
16359	16359
16359	16359
16359	16359
16359	16359
16359	16359
16359	16359
16357	16343
16292	16194
16078	16013
16021	16079
16131	16130
15982	15471
14209	12041
9720	8469
8619	9418
10120	10500
10634	10652
10634	10581
10481	10341
10192	10094
10083	10148
10220	10200
10000	9583
8942	8200
7736	7994
9020	10330
11218	11118
9979	8308
6882	6344
6805	7825
8855	9525
9793	9853
9869	9883
9906	9944
9992	10027
10041	10048
10080	10144
10227	10293
10283	10131
9715	8943
7873	6717
5705	4984
4572	4415
4422	4507
4588	4596
4498	4331
4207	4238
4412	4595
4670	4621
4506	4418
4414	4487
4580	4632
4629	4620
4711	5005
5540	6292
7238	8326
9386	10186
10653	10904
11049	11127
11143	11121
11083	11059
11068	11114
11187	11267
11342	11403
11438	11432
11431	11479
11549	11516
11266	10776
10181	9713
9563	9779
10274	10867
11416	11841
12114	12237
12245	12198
12154	12136
12143	12162
12182	12210
12255	12315
12387	12449
12458	12370
12172	11852
11322	10470
9339	8191
7477	7612
8669	10341
12168	13738
14859	15545
15898	16017
15959	15728
15274	14490
13278	11637
9839	8350
7608	7782
8690	9886
10968	11725
12134	12294
12309	12269
12230	12230
12267	12320
12352	12346
12317	12284
12269	12264
12258	12243
12225	12198
12089	11748
11034	9915
8605	7501
6937	7025
7630	8458
9319	10157
10930	11559
11994	12240
12344	12357
12319	12243
12162	12116
12138	12230
12357	12462
12502	12474
12403	12327
12262	12206
12152	12064
11818	11254
10318	9187
8260	8001
8632	10018
11750	13362
14577	15372
15831	16050
16114	16095
16040	15986
15937	15859
15636	15062
13908	12107
10061	8493
7929	8402
9534	10756
11670	12174
12350	12362
12321	12270
12221	12186
12169	12178
12207	12247
12287	12314
12307	12253
12165	12063
11897	11502
10678	9401
8151	7716
8527	10340
12383	13707
13693	12385
10554	9295
9169	9981
11104	11945
12311	12399
12444	12527
12589	12540
12410	12312
12289	12288
12315	12413
12472	12243
11566	10558
9704	9627
10561	12212
13971	15263
15906	16089
16071	16003
15980	16045
16172	16283
16340	16357
16359	16359
16359	16359
16359	16359
16359	16359
16359	16359
16359	16359
16359	16359
16359	16359
16359	16359
16359	16359
16359	16359
16359	16359
16359	16359
16359	16359
16359	16359
16359	16359
16359	16359
16359	16359
16359	16359
16359	16359
16359	16359
16359	16359
16359	16359
16359	16359
16359	16359
16359	16359
16359	16359
16359	16359
16359	16359
16359	16359
16359	16359
16359	16359
16359	16359
16359	16359
16359	16359
16359	16359
16359	16359
16359	16359
16359	16359
16359	16359
16359	16359
16359	16359
16359	16359
16359	16359
16359	16359
16359	16359
16359	16359
16359	16359
16359	16359
16359	16359
16359	16359
16359	16359
16359	16359
16359	16359
16359	16359
16359	16359
16359	16359
16359	16359
16359	16359
16359	16359
16359	16359
16358	16348
16313	16242
16159	16106
16104	16129
16138	16054
15734	14937
13402	11202
9171	8400
8947	9829
10340	10501
10537	10551
10552	10530
10465	10347
10201	10085
10046	10084
10126	10055
9775	9261
8581	7948
7773	8416
9701	10921
11351	10666
9132	7464
6405	6371
7217	8376
9304	9752
9812	9754
9745	9777
9820	9872
9925	9956
9958	9970
10027	10140
10273	10333
10243	9927
9308	8346
7171	6047
5198	4703
4504	4466
4492	4532
4564	4543
4443	4274
4140	4172
4359	4559
4659	4635
4551	4473
4446	4457
4471	4466
4458	4532
4799	5355
6195	7219
8290	9281
10065	10573
10840	10985
11097	11186
11230	11215
11152	11063
10989	10977
11032	11134
11243	11317
11347	11352
11357	11360
11282	11019
10494	9744
8946	8364
8209	8550
9284	10188
11029	11650
12012	12158
12178	12141
12106	12091
12100	12121
12145	12174
12213	12258
12309	12350
12359	12313
12228	12104
11853	11299
10351	9108
7924	7286
7518	8632
10345	12202
13803	14926
15548	15765
15645	15178
14320	13048
11455	9791
8424	7726
7855	8674
9821	10878
11606	11989
12143	12206
12242	12255
12254	12273
12316	12352
12345	12295
12235	12215
12247	12305
12342	12317
12204	11987
11591	10923
9953	8803
7753	7118
6966	7131
7422	7781
8260	8940
9786	10651
11373	11886
12194	12359
12417	12383
12278	12166
12110	12149
12259	12377
12438	12433
12381	12322
12264	12201
12147	12113
12031	11752
11134	10148
9032	8205
8081	8845
10340	12127
13766	14969
15682	16014
16115	16102
16046	15983
15937	15908
15832	15536
14746	13259
11266	9347
8133	7985
8778	9992
11103	11822
12143	12237
12259	12264
12266	12267
12272	12288
12310	12331
12346	12346
12312	12240
12157	12099
12029	11795
11167	10027
8669	7754
7899	9291
11394	13175
13772	12964
11302	9788
9193	9668
10757	11748
12279	12451
12491	12520
12525	12446
12321	12249
12258	12279
12316	12417
12508	12381
11874	11003
10022	9398
9664	11063
13106	14836
15756	16048
16050	15971
15932	15999
16141	16271
16336	16356
16359	16359
16359	16359
16359	16359
16359	16359
16359	16359
16359	16359
16359	16359
16359	16359
16359	16359
16359	16359
16359	16359
16359	16359
16359	16359
16359	16359
16359	16359
16359	16359
16359	16359
16359	16359
16359	16359
16359	16359
16359	16359
16359	16359
16359	16359
16359	16359
16359	16359
16359	16359
16359	16359
16359	16359
16359	16359
16359	16359
16359	16359
16359	16359
16359	16359
16359	16359
16359	16359
16359	16359
16359	16359
16359	16359
16359	16359
16359	16359
16359	16359
16359	16359
16359	16359
16359	16359
16359	16359
16359	16359
16359	16359
16359	16359
16359	16359
16359	16359
16359	16359
16359	16359
16359	16359
16359	16359
16359	16359
16359	16359
16359	16359
16359	16359
16359	16359
16359	16359
16359	16359
16358	16352
16330	16283
16228	16193
16185	16186
16143	15934
15334	14111
12288	10283
8868	8663
9410	10190
10486	10479
10445	10450
10466	10475
10446	10355
10214	10081
10011	10017
10022	9893
9529	8936
8272	7844
8013	8957
10303	11260
11193	10019
8269	6797
6212	6622
7683	8837
9625	9897
9813	9685
9676	9737
9804	9861
9905	9909
9887	9887
9961	10121
10288	10332
10136	9640
8816	7709
6511	5497
4845	4552
4490	4512
4528	4523
4504	4465
4374	4240
4133	4161
4316	4485
4577	4587
4551	4505
4464	4420
4370	4338
4387	4610
5099	5901
6966	8138
9213	10031
10531	10786
10910	11005
11115	11227
11293	11290
11204	11076
10954	10904
10946	11060
11180	11248
11249	11221
11168	11040
10756	10238
9471	8542
7642	7020
6883	7309
8201	9323
10401	11225
11725	11972
12067	12099
12108	12117
12121	12130
12141	12162
12187	12218
12246	12265
12265	12245
12231	12230
12156	11847
11163	10101
8859	7792
7299	7639
8809	10522
12339	13833
14782	15153
14963	14205
12930	11307
9663	8400
7814	7990
8768	9824
10829	11558
11941	12058
12065	12103
12202	12286
12325	12354
12385	12384
12326	12231
12150	12152
12236	12344
12389	12297
12013	11514
10783	9843
8828	7988
7598	7766
8246	8563
8487	8169
7936	8080
8662	9536
10464	11249
11823	12217
12450	12521
12448	12300
12173	12141
12208	12306
12372	12374
12335	12293
12261	12230
12192	12154
12102	11965
11615	10939
9952	8892
8173	8229
9207	10877
12755	14334
15365	15895
16091	16120
16083	16025
15975	15963
15955	15827
15332	14221
12481	10457
8750	7948
8231	9273
10508	11436
11911	12097
12191	12260
12318	12361
12394	12418
12429	12430
12417	12389
12337	12264
12197	12162
12133	11989
11534	10617
9328	8105
7645	8489
10404	12431
13587	13397
12101	10494
9453	9480
10360	11397
12094	12404
12478	12458
12407	12330
12256	12243
12275	12300
12324	12404
12491	12427
12080	11402
10422	9420
9136	10274
12476	14501
15605	15952
15960	15893
15885	15981
16137	16271
16336	16356
16359	16359
16359	16359
16359	16359
16359	16359
16359	16359
16359	16359
16359	16359
16359	16359
16359	16359
16359	16359
16359	16359
16359	16359
16359	16359
16359	16359
16359	16359
16359	16359
16359	16359
16359	16359
16359	16359
16359	16359
16359	16359
16359	16359
16359	16359
16359	16359
16359	16359
16359	16359
16359	16359
16359	16359
16359	16359
16359	16359
16359	16359
16359	16359
16359	16359
16359	16359
16359	16359
16359	16359
16359	16359
16359	16359
16359	16359
16359	16359
16359	16359
16359	16359
16359	16359
16359	16359
16359	16359
16359	16359
16359	16359
16359	16359
16359	16359
16359	16359
16359	16359
16359	16359
16359	16359
16359	16359
16359	16359
16359	16359
16359	16359
16359	16359
16359	16359
16359	16359
16359	16359
16358	16353
16332	16290
16242	16218
16220	16218
16134	15793
14873	13162
11029	9308
8622	8979
9828	10452
10592	10488
10399	10377
10396	10424
10425	10358
10223	10076
9980	9951
9916	9726
9281	8628
8032	7868
8396	9543
10781	11345
10789	9271
7498	6357
6260	7007
8134	9169
9803	9952
9807	9667
9680	9768
9850	9905
9924	9892
9830	9808
9888	10079
10269	10278
9965	9286
8282	7084
5929	5082
4634	4490
4491	4516
4509	4471
4420	4369
4308	4234
4182	4200
4283	4370
4428	4463
4487	4490
4452	4378
4304	4311
4488	4914
5632	6624
7787	8948
9906	10522
10802	10892
10931	10996
11097	11207
11279	11281
11205	11084
10970	10922
10964	11077
11195	11240
11193	11067
10850	10488
9928	9169
8262	7315
6480	5944
5853	6286
7174	8326
9501	10498
11209	11656
11912	12062
12152	12196
12201	12187
12171	12169
12183	12200
12212	12212
12203	12203
12235	12295
12314	12154
11712	10962
9963	8875
7973	7588
7948	9059
10643	12239
13437	13988
13767	12799
11292	9651
8360	7805
8063	8893
9925	10855
11530	11932
12107	12110
12065	12102
12228	12349
12407	12439
12451	12414
12312	12183
12093	12115
12230	12350
12347	12119
11596	10778
9764	8758
8030	7837
8311	9314
10357	10823
10469	9558
8585	8002
8011	8551
9396	10300
11109	11775
12263	12528
12565	12450
12295	12214
12233	12299
12346	12346
12308	12282
12282	12299
12293	12241
12150	12043
11866	11492
10788	9770
8730	8172
8486	9728
11544	13366
14757	15595
15980	16105
16115	16079
16034	16014
16019	15972
15688	14932
13552	11652
9680	8303
7975	8695
9951	11048
11663	11950
12118	12257
12371	12458
12515	12544
12546	12524
12483	12431
12372	12317
12274	12247
12213	12110
11801	11114
9984	8630
7713	7988
9534	11617
13246	13701
12874	11305
9897	9423
9951	10917
11756	12235
12382	12344
12264	12225
12249	12306
12349	12343
12327	12369
12436	12401
12174	11690
10828	9696
9092	9981
12135	14240
15437	15834
15867	15835
15877	16002
16161	16281
16339	16357
16359	16359
16359	16359
16359	16359
16359	16359
16359	16359
16359	16359
16359	16359
16359	16359
16359	16359
16359	16359
16359	16359
16359	16359
16359	16359
16359	16359
16359	16359
16359	16359
16359	16359
16359	16359
16359	16359
16359	16359
16359	16359
16359	16359
16359	16359
16359	16359
16359	16359
16359	16359
16359	16359
16359	16359
16359	16359
16359	16359
16359	16359
16359	16359
16359	16359
16359	16359
16359	16359
16359	16359
16359	16359
16359	16359
16359	16359
16359	16359
16359	16359
16359	16359
16359	16359
16359	16359
16359	16359
16359	16359
16359	16359
16359	16359
16359	16359
16359	16359
16359	16359
16359	16359
16359	16359
16359	16359
16359	16359
16359	16359
16359	16359
16359	16359
16359	16359
16359	16359
16359	16359
16358	16350
16322	16269
16216	16197
16215	16220
16108	15662
14486	12390
10028	8577
8504	9293
10165	10637
10667	10509
10382	10332
10342	10378
10396	10343
10218	10067
9955	9900
9821	9561
9042	8362
7873	7995
8851	10107
11112	11217
10217	8512
6898	6159
6479	7443
8533	9397
9866	9938
9796	9697
9744	9854
9939	9983
9971	9896
9792	9743
9824	10027
10217	10171
9734	8885
7739	6506
5451	4791
4526	4477
4483	4477
4449	4399
4338	4285
4253	4247
4252	4261
4258	4241
4245	4294
4376	4432
4419	4346
4303	4408
4767	5427
6352	7446
8574	9585
10343	10777
10935	10949
10947	10975
11039	11114
11170	11180
11141	11072
11012	11006
11066	11170
11268	11278
11154	10871
10405	9725
8869	7926
7005	6204
5606	5268
5258	5621
6335	7310
8415	9511
10467	11192
11680	12002
12202	12296
12300	12260
12216	12195
12196	12203
12200	12190
12177	12187
12236	12312
12355	12280
12035	11601
10963	10115
9156	8308
7885	8141
9071	10365
11554	12187
12012	11072
9715	8476
7835	8011
8857	9956
10921	11571
11927	12101
12180	12186
12171	12212
12312	12410
12464	12493
12493	12436
12313	12169
12083	12106
12211	12272
12150	11725
10946	9871
8762	8007
7900	8536
9784	11297
12549	13025
12569	11418
10039	8872
8203	8099
8478	9188
10069	10974
11752	12283
12522	12522
12410	12329
12327	12366
12393	12381
12345	12323
12341	12378
12388	12325
12212	12110
12026	11857
11413	10566
9449	8478
8138	8744
10211	12083
13824	15058
15724	16008
16102	16106
16069	16034
16022	16006
15869	15410
14409	12783
10775	8965
8024	8305
9459	10652
11409	11810
12066	12265
12425	12543
12617	12649
12636	12593
12528	12457
12398	12368
12351	12317
12265	12179
11980	11495
10550	9205
8009	7773
8836	10801
12772	13818
13498	12095
10449	9499
9588	10377
11306	11967
12228	12216
12142	12166
12296	12423
12449	12385
12308	12305
12349	12336
12195	11866
11162	10070
9320	9920
11804	13828
15128	15677
15810	15835
15907	16042
16188	16293
16343	16357
16359	16359
16359	16359
16359	16359
16359	16359
16359	16359
16359	16359
16359	16359
16359	16359
16359	16359
16359	16359
16359	16359
16359	16359
16359	16359
16359	16359
16359	16359
16359	16359
16359	16359
16359	16359
16359	16359
16359	16359
16359	16359
16359	16359
16359	16359
16359	16359
16359	16359
16359	16359
16359	16359
16359	16359
16359	16359
16359	16359
16359	16359
16359	16359
16359	16359
16359	16359
16359	16359
16359	16359
16359	16359
16359	16359
16359	16359
16359	16359
16359	16359
16359	16359
16359	16359
16359	16359
16359	16359
16359	16359
16359	16359
16359	16359
16359	16359
16359	16359
16359	16359
16359	16359
16359	16359
16359	16359
16359	16359
16359	16359
16359	16359
16359	16359
16359	16359
16359	16359
16359	16359
16358	16348
16313	16249
16182	16163
16189	16189
16035	15482
14131	11851
9461	8265
8595	9614
10445	10782
10729	10544
10397	10329
10324	10344
10344	10288
10180	10047
9942	9861
9723	9380
8792	8126
7798	8210
9319	10577
11266	10895
9537	7805
6502	6190
6831	7896
8880	9561
9880	9901
9790	9748
9826	9949
10032	10058
10014	9900
9763	9700
9776	9968
10112	9973
9401	8409
7179	5979
5074	4597
4471	4471
4457	4419
4379	4332
4279	4237
4229	4270
4321	4318
4237	4135
4083	4139
4268	4382
4411	4379
4401	4647
5214	6093
7162	8258
9237	10019
10565	10867
10977	10982
10959	10944
10952	10978
11004	11025
11032	11039
11057	11107
11188	11281
11328	11254
10993	10509
9775	8815
7738	6714
5894	5345
5051	4956
5032	5284
5735	6397
7279	8356
9492	10500
11275	11829
12181	12344
12359	12303
12249	12223
12225	12223
12207	12177
12160	12175
12229	12297
12341	12323
12219	12019
11682	11149
10375	9414
8498	7971
8053	8678
9494	10008
9927	9315
8528	8027
8119	8816
9854	10859
11575	11963
12118	12176
12220	12268
12313	12356
12400	12441
12484	12515
12511	12448
12329	12197
12112	12109
12135	12054
11726	11068
10091	8965
8076	7877
8554	9928
11616	13182
14256	14608
14210	13210
11871	10482
9283	8444
8086	8269
8939	9916
10938	11757
12250	12439
12450	12430
12446	12474
12477	12451
12414	12396
12404	12426
12425	12365
12271	12203
12171	12094
11798	11117
10061	8872
8008	7954
8918	10688
12712	14361
15368	15860
16058	16110
16089	16041
16006	15996
15950	15706
15035	13749
11883	9831
8346	8103
8979	10169
11082	11664
12039	12297
12478	12601
12675	12697
12668	12606
12528	12448
12394	12379
12375	12344
12283	12222
12111	11780
11022	9793
8482	7812
8318	9995
12139	13675
13885	12793
11093	9749
9349	9859
10818	11656
12078	12147
12108	12172
12354	12508
12513	12395
12266	12228
12259	12267
12192	11983
11429	10453
9618	9839
11248	13087
14582	15441
15772	15876
15962	16085
16214	16302
16346	16358
16359	16359
16359	16359
16359	16359
16359	16359
16359	16359
16359	16359
16359	16359
16359	16359
16359	16359
16359	16359
16359	16359
16359	16359
16359	16359
16359	16359
16359	16359
16359	16359
16359	16359
16359	16359
16359	16359
16359	16359
16359	16359
16359	16359
16359	16359
16359	16359
16359	16359
16359	16359
16359	16359
16359	16359
16359	16359
16359	16359
16359	16359
16359	16359
16359	16359
16359	16359
16359	16359
16359	16359
16359	16359
16359	16359
16359	16359
16359	16359
16359	16359
16359	16359
16359	16359
16359	16359
16359	16359
16359	16359
16359	16359
16359	16359
16359	16359
16359	16359
16359	16359
16359	16359
16359	16359
16359	16359
16359	16359
16359	16359
16359	16359
16359	16359
16359	16359
16359	16359
16359	16359
16358	16346
16309	16236
16161	16133
16151	16117
15867	15135
13624	11356
9185	8293
8850	9915
10656	10886
10789	10594
10451	10383
10355	10324
10266	10184
10096	10006
9930	9836
9621	9163
8503	7921
7830	8520
9774	10901
11207	10396
8793	7191
6307	6426
7299	8358
9192	9695
9902	9887
9798	9788
9890	10019
10095	10095
10019	9879
9734	9674
9743	9887
9928	9645
8919	7821
6577	5497
4782	4472
4430	4447
4422	4375
4338	4304
4270	4238
4243	4299
4359	4344
4232	4086
4001	4055
4217	4385
4474	4510
4630	5032
5792	6836
7961	8965
9732	10277
10643	10863
10965	10982
10948	10902
10863	10846
10850	10877
10923	10991
11070	11165
11258	11319
11265	11019
10532	9822
8904	7821
6706	5750
5104	4792
4751	4847
4984	5143
5354	5694
6279	7178
8321	9518
10586	11432
11996	12270
12322	12280
12241	12241
12259	12256
12219	12166
12132	12145
12206	12290
12357	12378
12344	12248
12079	11794
11295	10500
9493	8529
7886	7704
7850	8026
8041	7960
7982	8313
9002	9913
10818	11522
11946	12146
12212	12230
12265	12333
12404	12434
12423	12433
12479	12513
12500	12436
12339	12240
12157	12087
11951	11630
11028	10147
9131	8275
7966	8496
9831	11592
13304	14601
15338	15536
15274	14605
13599	12339
10945	9587
8510	7970
8112	8866
9951	10983
11721	12137
12342	12455
12535	12566
12544	12495
12454	12429
12424	12426
12414	12366
12306	12276
12273	12215
11965	11374
10379	9094
7909	7382
7929	9553
11738	13717
15042	15747
16043	16132
16127	16081
16035	16018
16005	15888
15470	14523
12907	10811
8922	8079
8461	9510
10612	11474
12034	12353
12526	12623
12675	12674
12626	12551
12469	12397
12349	12331
12325	12304
12271	12256
12217	12009
11438	10402
9098	8062
7970	9216
11348	13249
14005	13381
11831	10214
9308	9453
10362	11360
11982	12189
12195	12232
12367	12482
12480	12356
12215	12161
12197	12235
12225	12104
11692	10859
9959	9705
10484	12074
13829	15101
15704	15913
16020	16133
16240	16315
16349	16358
16359	16359
16359	16359
16359	16359
16359	16359
16359	16359
16359	16359
16359	16359
16359	16359
16359	16359
16359	16359
16359	16359
16359	16359
16359	16359
16359	16359
16359	16359
16359	16359
16359	16359
16359	16359
16359	16359
16359	16359
16359	16359
16359	16359
16359	16359
16359	16359
16359	16359
16359	16359
16359	16359
16359	16359
16359	16359
16359	16359
16359	16359
16359	16359
16359	16359
16359	16359
16359	16359
16359	16359
16359	16359
16359	16359
16359	16359
16359	16359
16359	16359
16359	16359
16359	16359
16359	16359
16359	16359
16359	16359
16359	16359
16359	16359
16359	16359
16359	16359
16359	16359
16359	16359
16359	16359
16359	16359
16359	16359
16359	16359
16359	16359
16359	16359
16359	16359
16359	16359
16359	16359
16358	16348
16312	16242
16162	16116
16101	16013
15614	14621
12917	10778
9017	8493
9167	10161
10780	10925
10803	10625
10509	10452
10403	10308
10178	10059
9988	9946
9906	9799
9501	8919
8211	7769
7971	8904
10180	11064
10964	9792
8084	6724
6293	6799
7814	8797
9454	9809
9938	9901
9807	9802
9911	10044
10108	10085
9981	9832
9699	9654
9708	9767
9657	9196
8324	7167
5989	5081
4571	4395
4390	4406
4386	4351
4331	4312
4294	4278
4284	4321
4361	4343
4246	4105
4015	4057
4227	4429
4588	4722
4978	5541
6450	7570
8656	9502
10058	10411
10657	10829
10926	10950
10914	10849
10784	10744
10739	10771
10847	10946
11051	11146
11209	11190
10986	10496
9738	8835
7864	6850
5879	5112
4657	4527
4627	4819
4991	5096
5153	5256
5544	6157
7126	8347
9627	10756
11574	12023
12174	12184
12180	12220
12273	12295
12257	12186
12124	12118
12181	12295
12407	12466
12444	12357
12237	12092
11838	11342
10544	9528
8488	7643
7105	6873
6955	7386
8148	9120
10124	10979
11588	11949
12134	12220
12262	12286
12318	12375
12426	12421
12385	12396
12458	12493
12459	12383
12308	12246
12164	11986
11619	10992
10119	9138
8340	8068
8542	9749
11418	13138
14544	15459
15901	16003
15868	15515
14896	13968
12719	11224
9702	8492
7922	8144
8983	10018
10925	11594
12055	12360
12539	12585
12537	12460
12408	12386
12390	12402
12398	12363
12322	12304
12298	12206
11911	11294
10296	8999
7756	7112
7524	9073
11295	13410
14903	15728
16073	16175
16182	16156
16117	16092
16075	16015
15770	15104
13788	11816
9703	8272
7999	8751
10004	11178
11966	12380
12554	12619
12630	12597
12530	12457
12395	12346
12303	12268
12245	12236
12249	12288
12308	12194
11798	10982
9761	8458
7816	8544
10489	12612
13884	13826
12589	10841
9486	9226
9992	11096
11921	12297
12351	12319
12328	12367
12366	12284
12172	12130
12180	12253
12295	12240
11947	11266
10327	9614
9746	11052
13038	14709
15577	15903
16054	16173
16268	16327
16351	16358
16359	16359
16359	16359
16359	16359
16359	16359
16359	16359
16359	16359
16359	16359
16359	16359
16359	16359
16359	16359
16359	16359
16359	16359
16359	16359
16359	16359
16359	16359
16359	16359
16359	16359
16359	16359
16359	16359
16359	16359
16359	16359
16359	16359
16359	16359
16359	16359
16359	16359
16359	16359
16359	16359
16359	16359
16359	16359
16359	16359
16359	16359
16359	16359
16359	16359
16359	16359
16359	16359
16359	16359
16359	16359
16359	16359
16359	16359
16359	16359
16359	16359
16359	16359
16359	16359
16359	16359
16359	16359
16359	16359
16359	16359
16359	16359
16359	16359
16359	16359
16359	16359
16359	16359
16359	16359
16359	16359
16359	16359
16359	16359
16359	16359
16359	16359
16359	16359
16359	16359
16359	16359
16358	16350
16321	16259
16176	16101
16040	15881
15321	14042
12139	10183
8903	8744
9465	10331
10818	10877
10719	10558
10488	10462
10407	10278
10111	9976
9908	9883
9845	9714
9353	8692
7985	7723
8205	9310
10504	11080
10606	9194
7515	6457
6433	7217
8277	9139
9636	9872
9951	9905
9816	9805
9901	10019
10073	10032
9918	9774
9663	9633
9649	9597
9318	8693
7719	6572
5513	4787
4443	4354
4359	4370
4361	4347
4337	4330
4323	4316
4319	4335
4350	4336
4272	4171
4096	4123
4261	4458
4676	4948
5393	6129
7129	8223
9183	9860
10256	10488
10656	10788
10870	10889
10848	10773
10701	10656
10656	10709
10804	10915
11005	11040
10994	10827
10430	9711
8749	7753
6841	6006
5269	4727
4457	4441
4612	4839
5025	5108
5094	5055
5126	5458
6158	7230
8533	9830
10890	11582
11920	12038
12081	12144
12238	12316
12334	12279
12191	12133
12155	12269
12423	12518
12507	12412
12300	12219
12127	11894
11386	10548
9456	8325
7406	6931
7054	7775
8908	10119
11118	11756
12055	12153
12188	12223
12273	12317
12355	12398
12417	12390
12346	12362
12424	12451
12391	12290
12205	12155
12045	11728
11103	10192
9176	8356
8068	8537
9721	11321
12969	14364
15343	15907
16150	16205
16155	16002
15682	15108
14188	12888
11314	9736
8532	8024
8252	8973
9896	10806
11572	12119
12424	12510
12456	12358
12294	12294
12344	12402
12423	12385
12327	12286
12224	12022
11571	10816
9784	8619
7642	7295
7903	9490
11625	13623
15030	15798
16104	16194
16217	16218
16202	16175
16146	16113
15969	15521
14500	12777
10634	8746
7798	8110
9339	10719
11725	12288
12537	12600
12569	12493
12425	12386
12373	12359
12326	12272
12221	12201
12235	12304
12357	12306
12041	11421
10338	8926
7886	8109
9712	11882
13577	14074
13224	11502
9858	9222
9750	10840
11812	12350
12467	12383
12289	12260
12259	12220
12156	12141
12209	12309
12377	12346
12121	11578
10676	9663
9303	10328
12406	14324
15395	15840
16055	16197
16287	16336
16354	16359
16359	16359
16359	16359
16359	16359
16359	16359
16359	16359
16359	16359
16359	16359
16359	16359
16359	16359
16359	16359
16359	16359
16359	16359
16359	16359
16359	16359
16359	16359
16359	16359
16359	16359
16359	16359
16359	16359
16359	16359
16359	16359
16359	16359
16359	16359
16359	16359
16359	16359
16359	16359
16359	16359
16359	16359
16359	16359
16359	16359
16359	16359
16359	16359
16359	16359
16359	16359
16359	16359
16359	16359
16359	16359
16359	16359
16359	16359
16359	16359
16359	16359
16359	16359
16359	16359
16359	16359
16359	16359
16359	16359
16359	16359
16359	16359
16359	16359
16359	16359
16359	16359
16359	16359
16359	16359
16359	16359
16359	16359
16359	16359
16359	16359
16359	16359
16359	16359
16359	16359
16359	16359
16358	16353
16332	16281
16196	16089
15975	15751
15048	13522
11455	9692
8864	9010
9724	10438
10800	10783
10578	10419
10387	10393
10346	10226
10075	9954
9879	9821
9740	9568
9168	8493
7858	7801
8527	9715
10734	10967
10177	8643
7111	6383
6691	7633
8646	9373
9742	9890
9924	9880
9812	9802
9871	9963
10001	9961
9852	9726
9638	9602
9556	9369
8919	8157
7146	6080
5181	4618
4385	4338
4344	4351
4348	4345
4342	4341
4339	4338
4338	4343
4347	4338
4307	4255
4209	4212
4288	4447
4719	5171
5857	6773
7807	8782
9553	10071
10372	10547
10664	10750
10802	10806
10761	10688
10616	10582
10600	10679
10793	10894
10923	10829
10599	10215
9615	8736
7701	6739
5968	5342
4838	4504
4380	4454
4654	4890
5073	5145
5105	5007
4958	5091
5528	6328
7442	8717
9936	10902
11520	11826
11949	12036
12162	12310
12417	12423
12328	12198
12137	12208
12372	12505
12523	12449
12350	12299
12287	12216
11940	11349
10453	9414
8511	8039
8183	8918
9997	11060
11818	12181
12244	12191
12159	12188
12257	12321
12368	12403
12412	12387
12348	12351
12390	12395
12322	12194
12055	11926
11692	11182
10336	9309
8431	8077
8486	9635
11241	12885
14252	15220
15807	16112
16239	16275
16262	16202
16056	15748
15175	14244
12943	11385
9835	8626
8023	8123
8816	9838
10882	11699
12181	12363
12352	12260
12193	12219
12322	12424
12461	12413
12316	12194
11986	11564
10872	9970
9015	8217
7827	8071
9063	10707
12613	14263
15356	15912
16115	16178
16208	16237
16247	16235
16210	16185
16097	15802
15058	13659
11658	9509
7978	7740
8704	10098
11278	12047
12444	12553
12494	12395
12342	12353
12395	12424
12408	12348
12273	12225
12232	12297
12365	12347
12158	11692
10781	9417
8170	7932
9075	11121
13111	14103
13671	12130
10381	9430
9627	10562
11596	12270
12477	12405
12279	12213
12206	12193
12168	12185
12270	12379
12438	12387
12187	11765
10976	9878
9233	9983
11953	13928
15139	15720
16018	16194
16292	16337
16355	16359
16359	16359
16359	16359
16359	16359
16359	16359
16359	16359
16359	16359
16359	16359
16359	16359
16359	16359
16359	16359
16359	16359
16359	16359
16359	16359
16359	16359
16359	16359
16359	16359
16359	16359
16359	16359
16359	16359
16359	16359
16359	16359
16359	16359
16359	16359
16359	16359
16359	16359
16359	16359
16359	16359
16359	16359
16359	16359
16359	16359
16359	16359
16359	16359
16359	16359
16359	16359
16359	16359
16359	16359
16359	16359
16359	16359
16359	16359
16359	16359
16359	16359
16359	16359
16359	16359
16359	16359
16359	16359
16359	16359
16359	16359
16359	16359
16359	16359
16359	16359
16359	16359
16359	16359
16359	16359
16359	16359
16359	16359
16359	16359
16359	16359
16359	16359
16359	16359
16359	16359
16359	16359
16359	16356
16342	16302
16218	16088
15934	15647
14824	13108
10947	9375
8923	9298
9961	10521
10779	10711
10481	10314
10282	10286
10238	10151
10055	9965
9870	9755
9600	9362
8935	8302
7811	7991
8926	10113
10883	10750
9680	8120
6819	6443
7030	8049
8962	9545
9811	9887
9878	9840
9804	9797
9831	9890
9922	9890
9800	9703
9630	9572
9434	9090
8463	7583
6581	5644
4937	4528
4369	4339
4343	4346
4345	4344
4343	4343
4343	4343
4343	4344
4345	4345
4343	4336
4324	4304
4317	4438
4781	5440
6386	7462
8475	9273
9823	10192
10440	10591
10669	10706
10724	10710
10659	10592
10539	10530
10580	10685
10799	10855
10774	10499
10035	9412
8626	7674
6685	5855
5266	4848
4548	4385
4376	4505
4714	4932
5088	5146
5096	4986
4898	4934
5170	5660
6445	7515
8752	9938
10878	11465
11762	11923
12079	12269
12448	12522
12454	12286
12143	12147
12295	12447
12506	12467
12393	12353
12362	12363
12245	11900
11307	10579
9925	9597
9733	10308
11100	11817
12250	12367
12283	12168
12128	12171
12248	12318
12363	12394
12407	12400
12378	12369
12372	12358
12285	12131
11892	11549
11028	10261
9324	8492
8108	8441
9515	11087
12764	14184
15169	15750
16050	16194
16263	16290
16289	16255
16184	16040
15749	15200
14312	13058
11510	9868
8503	7824
7990	8834
9990	11054
11789	12164
12267	12230
12188	12222
12328	12426
12452	12383
12215	11931
11457	10733
9825	8949
8343	8194
8575	9464
10765	12310
13820	14998
15709	16032
16135	16166
16198	16236
16264	16269
16254	16228
16165	15980
15489	14447
12716	10490
8508	7665
8158	9389
10686	11686
12262	12452
12402	12311
12283	12327
12398	12460
12476	12439
12359	12275
12237	12281
12352	12349
12209	11868
11148	9935
8608	7954
8548	10332
12506	13940
13966	12728
11017	9797
9585	10257
11276	12069
12394	12389
12281	12210
12193	12193
12203	12247
12341	12441
12472	12384
12189	11874
11233	10193
9409	9859
11541	13439
14788	15551
15957	16174
16285	16335
16354	16359
16359	16359
16359	16359
16359	16359
16359	16359
16359	16359
16359	16359
16359	16359
16359	16359
16359	16359
16359	16359
16359	16359
16359	16359
16359	16359
16359	16359
16359	16359
16359	16359
16359	16359
16359	16359
16359	16359
16359	16359
16359	16359
16359	16359
16359	16359
16359	16359
16359	16359
16359	16359
16359	16359
16359	16359
16359	16359
16359	16359
16359	16359
16359	16359
16359	16359
16359	16359
16359	16359
16359	16359
16359	16359
16359	16359
16359	16359
16359	16359
16359	16359
16359	16359
16359	16359
16359	16359
16359	16359
16359	16359
16359	16359
16359	16359
16359	16359
16359	16359
16359	16359
16359	16359
16359	16359
16359	16359
16359	16359
16359	16359
16359	16359
16359	16359
16359	16359
16359	16359
16359	16359
16359	16357
16346	16311
16232	16101
15917	15566
14627	12792
10618	9246
9086	9600
10182	10591
10761	10681
10464	10292
10228	10187
10126	10070
10032	9972
9861	9683
9444	9120
8661	8105
7823	8267
9372	10495
10956	10440
9124	7604
6597	6583
7409	8455
9250	9694
9871	9890
9844	9804
9787	9781
9787	9821
9856	9843
9779	9702
9639	9541
9293	8776
7964	6978
6008	5232
4731	4472
4372	4348
4346	4346
4345	4344
4343	4343
4343	4343
4343	4345
4347	4353
4370	4398
4410	4377
4353	4482
4936	5808
6979	8162
9105	9701
10037	10271
10472	10606
10654	10657
10647	10617
10566	10516
10491	10522
10605	10721
10801	10763
10520	10032
9330	8498
7588	6650
5791	5147
4752	4522
4388	4357
4424	4571
4754	4924
5035	5064
5010	4916
4843	4862
4984	5219
5643	6395
7479	8737
9928	10849
11436	11777
12004	12212
12406	12525
12503	12346
12167	12122
12234	12385
12466	12456
12402	12358
12360	12387
12373	12231
11940	11547
11186	11011
11119	11474
11942	12315
12471	12423
12278	12163
12145	12198
12276	12328
12353	12368
12388	12407
12416	12408
12385	12348
12260	12054
11641	10969
10066	9084
8292	8004
8392	9441
10941	12578
14041	15111
15740	16044
16166	16222
16262	16288
16288	16262
16221	16167
16050	15785
15277	14428
13150	11465
9667	8273
7687	8003
8978	10169
11192	11854
12166	12254
12270	12299
12356	12397
12362	12206
11876	11330
10546	9602
8706	8163
8190	8819
9913	11240
12597	13841
14866	15578
15972	16133
16172	16183
16207	16244
16276	16290
16277	16241
16186	16081
15800	15102
13705	11572
9307	7887
7784	8710
10051	11245
11991	12285
12298	12252
12250	12286
12334	12398
12458	12473
12421	12320
12246	12268
12341	12354
12251	12013
11479	10459
9124	8097
8121	9547
11787	13603
14112	13278
11702	10251
9602	9939
10889	11785
12248	12344
12282	12217
12198	12210
12243	12306
12396	12473
12476	12366
12191	11960
11465	10540
9695	9819
11099	12852
14368	15366
15900	16151
16273	16329
16353	16358
16359	16359
16359	16359
16359	16359
16359	16359
16359	16359
16359	16359
16359	16359
16359	16359
16359	16359
16359	16359
16359	16359
16359	16359
16359	16359
16359	16359
16359	16359
16359	16359
16359	16359
16359	16359
16359	16359
16359	16359
16359	16359
16359	16359
16359	16359
16359	16359
16359	16359
16359	16359
16359	16359
16359	16359
16359	16359
16359	16359
16359	16359
16359	16359
16359	16359
16359	16359
16359	16359
16359	16359
16359	16359
16359	16359
16359	16359
16359	16359
16359	16359
16359	16359
16359	16359
16359	16359
16359	16359
16359	16359
16359	16359
16359	16359
16359	16359
16359	16359
16359	16359
16359	16359
16359	16359
16359	16359
16359	16359
16359	16359
16359	16359
16359	16359
16359	16359
16359	16359
16359	16359
16359	16356
16345	16311
16240	16114
15905	15454
14389	12501
10421	9259
9308	9887
10369	10630
10713	10637
10468	10311
10203	10108
10027	9994
9999	9964
9833	9608
9285	8863
8357	7919
7897	8613
9830	10814
10932	10053
8554	7146
6466	6787
7788	8823
9497	9822
9928	9908
9836	9785
9766	9753
9740	9767
9815	9828
9791	9735
9662	9502
9131	8437
7458	6390
5473	4862
4562	4441
4389	4359
4348	4345
4344	4343
4343	4343
4343	4343
4343	4344
4345	4354
4380	4423
4445	4414
4409	4618
5228	6286
7599	8800
9626	10036
10189	10307
10461	10580
10619	10608
10584	10548
10499	10468
10488	10564
10677	10772
10770	10580
10140	9436
8542	7573
6630	5785
5115	4679
4465	4381
4367	4410
4502	4624
4748	4849
4905	4902
4851	4784
4757	4813
4915	5001
5149	5545
6323	7438
8713	9909
10852	11495
11887	12139
12319	12443
12465	12362
12206	12145
12219	12339
12416	12417
12373	12322
12303	12324
12361	12358
12289	12158
12020	11953
12006	12175
12380	12511
12509	12405
12279	12209
12224	12285
12338	12357
12349	12338
12356	12400
12444	12455
12419	12341
12174	11814
11144	10134
8967	8018
7675	8150
9348	10912
12498	13890
14966	15674
16045	16190
16228	16242
16264	16284
16284	16264
16242	16228
16197	16085
15827	15326
14435	13030
11222	9398
8058	7594
8057	9124
10343	11332
11937	12234
12350	12389
12391	12345
12175	11795
11153	10286
9318	8455
7963	8076
8843	10107
11577	12974
14120	14977
15563	15931
16125	16205
16222	16227
16240	16267
16292	16303
16286	16238
16183	16127
15998	15578
14521	12631
10305	8426
7682	8175
9440	10753
11641	12061
12196	12230
12251	12234
12211	12242
12342	12428
12431	12344
12259	12267
12342	12370
12301	12147
11771	10945
9659	8349
7846	8846
11010	13099
14086	13714
12358	10749
9685	9659
10478	11447
12064	12280
12273	12218
12207	12233
12282	12343
12415	12466
12453	12356
12217	12048
11664	10875
10028	9840
10677	12255
13953	15204
15857	16132
16255	16323
16351	16358
16359	16359
16359	16359
16359	16359
16359	16359
16359	16359
16359	16359
16359	16359
16359	16359
16359	16359
16359	16359
16359	16359
16359	16359
16359	16359
16359	16359
16359	16359
16359	16359
16359	16359
16359	16359
16359	16359
16359	16359
16359	16359
16359	16359
16359	16359
16359	16359
16359	16359
16359	16359
16359	16359
16359	16359
16359	16359
16359	16359
16359	16359
16359	16359
16359	16359
16359	16359
16359	16359
16359	16359
16359	16359
16359	16359
16359	16359
16359	16359
16359	16359
16359	16359
16359	16359
16359	16359
16359	16359
16359	16359
16359	16359
16359	16359
16359	16359
16359	16359
16359	16359
16359	16359
16359	16359
16359	16359
16359	16359
16359	16359
16359	16359
16359	16359
16359	16359
16359	16359
16359	16359
16359	16354
16340	16304
16237	16111
15841	15226
13997	12112
10240	9331
9536	10122
10503	10621
10606	10526
10411	10288
10164	10042
9953	9936
9964	9935
9792	9531
9135	8606
8063	7769
8044	9005
10252	11022
10794	9608
8020	6795
6458	7050
8140	9119
9682	9916
9973	9934
9852	9783
9742	9711
9699	9736
9802	9843
9833	9785
9681	9442
8936	8088
6980	5870
5020	4570
4443	4435
4408	4368
4344	4336
4335	4334
4334	4334
4334	4334
4334	4335
4336	4344
4366	4405
4426	4426
4504	4873
5671	6870
8205	9320
9989	10237
10268	10303
10413	10518
10562	10566
10550	10510
10463	10458
10518	10642
10764	10804
10668	10282
9622	8732
7712	6707
5835	5159
4708	4471
4394	4406
4453	4516
4586	4653
4705	4734
4736	4713
4673	4641
4666	4777
4908	4962
4963	5068
5467	6250
7385	8696
9956	10960
11630	12009
12214	12331
12381	12343
12256	12215
12253	12321
12367	12365
12327	12274
12236	12237
12275	12334
12381	12400
12389	12371
12373	12408
12449	12458
12416	12348
12296	12295
12339	12391
12414	12400
12360	12331
12336	12390
12458	12480
12417	12242
11892	11263
10302	9110
8017	7487
7843	9076
10825	12552
13923	14904
15566	15972
16182	16261
16273	16269
16271	16275
16275	16271
16269	16274
16265	16208
16069	15796
15262	14297
12817	10940
9087	7838
7547	8178
9357	10578
11506	12066
12334	12417
12382	12217
11821	11098
10088	9002
8125	7729
7977	8873
10237	11770
13194	14327
15118	15621
15923	16100
16201	16249
16265	16271
16281	16293
16304	16307
16287	16235
16180	16149
16105	15873
15128	13592
11424	9266
7917	7873
8898	10207
11214	11804
12106	12256
12295	12213
12090	12069
12185	12334
12397	12352
12276	12282
12355	12399
12362	12262
11997	11344
10163	8695
7774	8318
10246	12459
13873	13994
12932	11259
9860	9466
10095	11084
11847	12194
12249	12216
12220	12259
12306	12349
12388	12419
12417	12364
12278	12148
11833	11182
10378	9936
10355	11752
13605	15083
15840	16123
16246	16317
16349	16358
16359	16359
16359	16359
16359	16359
16359	16359
16359	16359
16359	16359
16359	16359
16359	16359
16359	16359
16359	16359
16359	16359
16359	16359
16359	16359
16359	16359
16359	16359
16359	16359
16359	16359
16359	16359
16359	16359
16359	16359
16359	16359
16359	16359
16359	16359
16359	16359
16359	16359
16359	16359
16359	16359
16359	16359
16359	16359
16359	16359
16359	16359
16359	16359
16359	16359
16359	16359
16359	16359
16359	16359
16359	16359
16359	16359
16359	16359
16359	16359
16359	16359
16359	16359
16359	16359
16359	16359
16359	16359
16359	16359
16359	16359
16359	16359
16359	16359
16359	16359
16359	16359
16359	16359
16359	16359
16359	16359
16359	16359
16359	16359
16359	16359
16359	16359
16359	16359
16359	16359
16359	16359
16358	16353
16334	16292
16219	16067
15677	14820
13376	11545
9978	9384
9723	10289
10566	10559
10448	10344
10272	10196
10093	9980
9906	9907
9932	9894
9735	9446
8989	8367
7805	7687
8265	9420
10602	11089
10526	9128
7560	6590
6580	7366
8448	9323
9787	9958
9993	9958
9881	9795
9720	9672
9668	9725
9816	9879
9886	9830
9675	9332
8695	7723
6546	5445
4687	4372
4375	4439
4425	4371
4336	4324
4323	4322
4322	4322
4322	4322
4322	4322
4323	4326
4336	4353
4376	4434
4664	5248
6246	7511
8757	9687
10171	10300
10270	10264
10338	10433
10499	10535
10535	10501
10459	10471
10569	10720
10825	10768
10456	9849
8987	7955
6900	5963
5244	4774
4533	4453
4470	4522
4581	4627
4656	4657
4643	4615
4587	4561
4547	4554
4617	4751
4910	4995
4969	4902
4964	5349
6170	7388
8799	10109
11109	11737
12065	12224
12301	12326
12322	12314
12319	12328
12331	12322
12296	12256
12214	12193
12209	12262
12333	12398
12432	12427
12395	12353
12321	12295
12285	12294
12331	12383
12437	12469
12466	12433
12387	12351
12352	12401
12454	12438
12282	11921
11287	10344
9204	8148
7562	7789
8901	10630
12489	14007
14999	15583
15926	16131
16246	16294
16299	16284
16266	16256
16256	16266
16284	16299
16296	16257
16168	16015
15729	15172
14143	12544
10588	8809
7743	7685
8494	9712
10866	11689
12133	12290
12217	11875
11184	10147
8946	7949
7507	7833
8874	10366
11962	13375
14453	15187
15642	15898
16039	16133
16205	16256
16286	16302
16306	16303
16297	16294
16281	16247
16203	16182
16169	16048
15562	14427
12564	10321
8478	7829
8427	9599
10704	11511
12024	12308
12379	12253
12054	11972
12071	12239
12351	12352
12306	12316
12390	12442
12428	12353
12153	11650
10620	9133
7927	8012
9565	11755
13518	14126
13409	11780
10144	9412
9793	10736
11606	12084
12208	12210
12239	12290
12320	12326
12323	12343
12375	12393
12362	12254
11981	11452
10720	10098
10174	11389
13327	14976
15825	16128
16248	16317
16349	16358
16359	16359
16359	16359
16359	16359
16359	16359
16359	16359
16359	16359
16359	16359
16359	16359
16359	16359
16359	16359
16359	16359
16359	16359
16359	16359
16359	16359
16359	16359
16359	16359
16359	16359
16359	16359
16359	16359
16359	16359
16359	16359
16359	16359
16359	16359
16359	16359
16359	16359
16359	16359
16359	16359
16359	16359
16359	16359
16359	16359
16359	16359
16359	16359
16359	16359
16359	16359
16359	16359
16359	16359
16359	16359
16359	16359
16359	16359
16359	16359
16359	16359
16359	16359
16359	16359
16359	16359
16359	16359
16359	16359
16359	16359
16359	16359
16359	16359
16359	16359
16359	16359
16359	16359
16359	16359
16359	16359
16359	16359
16359	16359
16359	16359
16359	16359
16359	16359
16359	16359
16359	16359
16358	16352
16329	16280
16191	15988
15438	14300
12626	10883
9676	9413
9869	10389
10566	10461
10282	10163
10111	10075
10010	9934
9887	9893
9907	9847
9665	9350
8841	8155
7613	7696
8554	9825
10845	11008
10144	8634
7202	6534
6816	7710
8705	9441
9816	9952
9979	9959
9899	9806
9705	9641
9650	9728
9834	9913
9927	9845
9614	9151
8389	7333
6154	5123
4474	4271
4349	4442
4428	4362
4320	4305
4303	4302
4302	4302
4302	4302
4302	4302
4302	4301
4298	4297
4333	4489
4917	5742
6907	8166
9231	9915
10211	10260
10223	10208
10252	10340
10435	10508
10532	10505
10473	10500
10611	10749
10795	10604
10098	9284
8256	7160
6156	5365
4844	4584
4510	4535
4589	4642
4680	4692
4677	4637
4581	4532
4504	4499
4519	4563
4639	4760
4900	5003
5008	4892
4759	4817
5275	6221
7545	8985
10261	11199
11774	12079
12233	12330
12397	12420
12396	12353
12319	12305
12301	12290
12266	12240
12225	12240
12274	12315
12340	12335
12296	12235
12180	12165
12204	12281
12371	12445
12484	12490
12472	12446
12423	12406
12404	12416
12394	12255
11905	11270
10338	9206
8158	7604
7841	8915
10579	12397
13962	15048
15656	15964
16124	16222
16275	16302
16303	16286
16257	16238
16238	16257
16286	16303
16302	16276
16222	16128
15977	15682
15066	13920
12244	10326
8690	7856
8003	8887
10045	11031
11638	11862
11718	11157
10225	9106
8115	7609
7846	8873
10448	12138
13588	14623
15272	15650
15868	15976
16031	16086
16158	16228
16279	16303
16303	16284
16260	16255
16263	16263
16244	16228
16220	16157
15873	15099
13603	11449
9288	8043
8063	8958
10137	11185
11925	12347
12476	12355
12134	12006
12054	12195
12318	12357
12344	12363
12433	12493
12493	12422
12253	11867
11017	9625
8267	7924
9006	11031
13042	14098
13759	12285
10537	9518
9600	10417
11349	11948
12151	12201
12260	12319
12327	12285
12243	12265
12349	12433
12454	12359
12115	11682
11017	10288
10118	11158
13097	14843
15784	16134
16263	16325
16351	16358
16359	16359
16359	16359
16359	16359
16359	16359
16359	16359
16359	16359
16359	16359
16359	16359
16359	16359
16359	16359
16359	16359
16359	16359
16359	16359
16359	16359
16359	16359
16359	16359
16359	16359
16359	16359
16359	16359
16359	16359
16359	16359
16359	16359
16359	16359
16359	16359
16359	16359
16359	16359
16359	16359
16359	16359
16359	16359
16359	16359
16359	16359
16359	16359
16359	16359
16359	16359
16359	16359
16359	16359
16359	16359
16359	16359
16359	16359
16359	16359
16359	16359
16359	16359
16359	16359
16359	16359
16359	16359
16359	16359
16359	16359
16359	16359
16359	16359
16359	16359
16359	16359
16359	16359
16359	16359
16359	16359
16359	16359
16359	16359
16359	16359
16359	16359
16359	16359
16359	16359
16359	16359
16358	16351
16325	16267
16158	15896
15199	13819
11975	10342
9474	9483
9997	10432
10512	10357
10170	10064
10032	10013
9970	9921
9890	9892
9884	9798
9592	9237
8681	7971
7505	7802
8890	10183
10970	10789
9678	8157
6949	6604
7133	8058
8917	9497
9792	9902
9925	9922
9890	9805
9695	9627
9641	9727
9841	9930
9940	9811
9482	8882
8003	6915
5795	4890
4369	4240
4342	4432
4412	4346
4304	4290
4288	4287
4287	4287
4287	4287
4287	4287
4286	4282
4269	4265
4344	4634
5278	6323
7596	8779
9614	10047
10179	10180
10166	10163
10191	10268
10382	10484
10533	10522
10496	10523
10609	10683
10611	10259
9568	8596
7479	6403
5519	4917
4600	4507
4543	4615
4673	4704
4708	4690
4650	4593
4537	4500
4497	4529
4586	4661
4738	4810
4882	4946
4957	4866
4701	4612
4792	5391
6422	7743
9121	10329
11226	11794
12120	12326
12463	12510
12468	12393
12334	12321
12339	12369
12379	12368
12338	12309
12286	12275
12271	12266
12247	12201
12150	12147
12210	12314
12412	12467
12471	12450
12434	12441
12456	12463
12442	12378
12212	11852
11214	10295
9194	8166
7586	7805
8883	10542
12349	13903
14995	15639
15963	16120
16205	16247
16264	16275
16287	16281
16261	16244
16244	16261
16281	16287
16275	16261
16234	16177
16081	15922
15591	14896
13686	11984
10133	8671
8017	8257
9105	10064
10755	11010
10761	10038
9075	8267
7936	8224
9145	10587
12250	13741
14812	15437
15746	15891
15966	15983
15976	15999
16073	16163
16236	16278
16284	16251
16212	16201
16231	16264
16279	16276
16268	16235
16081	15580
14434	12506
10237	8490
7869	8377
9564	10827
11781	12336
12539	12482
12299	12159
12139	12218
12315	12371
12384	12410
12468	12534
12547	12474
12315	12021
11350	10129
8732	8018
8577	10316
12443	13877
13947	12737
11014	9768
9530	10152
11084	11781
12085	12200
12289	12349
12330	12246
12173	12205
12333	12472
12525	12447
12237	11870
11250	10466
10141	11007
12853	14625
15666	16105
16270	16332
16354	16359
16359	16359
16359	16359
16359	16359
16359	16359
16359	16359
16359	16359
16359	16359
16359	16359
16359	16359
16359	16359
16359	16359
16359	16359
16359	16359
16359	16359
16359	16359
16359	16359
16359	16359
16359	16359
16359	16359
16359	16359
16359	16359
16359	16359
16359	16359
16359	16359
16359	16359
16359	16359
16359	16359
16359	16359
16359	16359
16359	16359
16359	16359
16359	16359
16359	16359
16359	16359
16359	16359
16359	16359
16359	16359
16359	16359
16359	16359
16359	16359
16359	16359
16359	16359
16359	16359
16359	16359
16359	16359
16359	16359
16359	16359
16359	16359
16359	16359
16359	16359
16359	16359
16359	16359
16359	16359
16359	16359
16359	16359
16359	16359
16359	16359
16359	16359
16359	16359
16359	16359
16359	16359
16358	16351
16322	16257
16125	15815
15015	13487
11574	10061
9448	9622
10112	10436
10438	10280
10148	10090
10075	10050
10005	9950
9910	9893
9862	9759
9523	9114
8501	7816
7488	8002
9241	10476
10986	10473
9175	7725
6794	6765
7479	8389
9091	9519
9739	9820
9834	9837
9832	9778
9689	9625
9634	9708
9816	9906
9901	9712
9259	8519
7538	6457
5460	4723
4332	4254
4333	4394
4373	4321
4288	4277
4275	4275
4275	4275
4275	4275
4275	4275
4274	4270
4262	4282
4441	4893
5747	6951
8255	9302
9909	10128
10141	10119
10134	10149
10169	10233
10349	10463
10528	10536
10525	10531
10546	10491
10246	9713
8872	7817
6708	5732
5013	4602
4455	4475
4563	4644
4682	4687
4665	4631
4589	4547
4517	4514
4551	4619
4706	4796
4864	4885
4871	4841
4810	4755
4680	4621
4670	4955
5581	6577
7841	9173
10359	11250
11843	12226
12461	12548
12516	12432
12371	12355
12392	12449
12500	12514
12491	12437
12369	12310
12281	12286
12301	12279
12234	12226
12284	12374
12442	12450
12412	12376
12378	12423
12472	12479
12404	12216
11844	11207
10281	9184
8170	7598
7776	8807
10458	12267
13814	14909
15558	15891
16060	16155
16208	16216
16203	16210
16244	16275
16281	16276
16276	16281
16275	16244
16209	16199
16204	16173
16098	15989
15815	15448
14702	13422
11706	9905
8527	7958
8208	8892
9534	9776
9481	8783
8111	7967
8536	9631
11007	12479
13844	14899
15556	15872
15986	16021
16020	15983
15931	15925
15988	16081
16170	16232
16252	16221
16166	16148
16182	16239
16282	16304
16306	16291
16205	15880
15023	13405
11224	9150
7925	7976
9056	10444
11566	12246
12541	12574
12477	12357
12287	12290
12338	12386
12412	12439
12488	12552
12576	12508
12365	12138
11627	10596
9236	8223
8268	9633
11750	13477
13967	13119
11531	10133
9576	9946
10813	11587
12007	12203
12320	12377
12338	12227
12139	12181
12338	12494
12555	12502
12334	12008
11408	10606
10187	10866
12533	14275
15439	16020
16256	16334
16356	16359
16359	16359
16359	16359
16359	16359
16359	16359
16359	16359
16359	16359
16359	16359
16359	16359
16359	16359
16359	16359
16359	16359
16359	16359
16359	16359
16359	16359
16359	16359
16359	16359
16359	16359
16359	16359
16359	16359
16359	16359
16359	16359
16359	16359
16359	16359
16359	16359
16359	16359
16359	16359
16359	16359
16359	16359
16359	16359
16359	16359
16359	16359
16359	16359
16359	16359
16359	16359
16359	16359
16359	16359
16359	16359
16359	16359
16359	16359
16359	16359
16359	16359
16359	16359
16359	16359
16359	16359
16359	16359
16359	16359
16359	16359
16359	16359
16359	16359
16359	16359
16359	16359
16359	16359
16359	16359
16359	16359
16359	16359
16359	16359
16359	16359
16359	16359
16359	16359
16359	16359
16359	16359
16358	16350
16319	16247
16097	15742
14877	13289
11385	9996
9546	9778
10187	10403
10368	10257
10201	10194
10186	10147
10080	10001
9936	9893
9848	9733
9466	8978
8311	7692
7561	8280
9590	10691
10912	10111
8692	7362
6724	6976
7813	8675
9237	9535
9677	9720
9710	9707
9722	9721
9688	9646
9630	9665
9752	9832
9807	9543
8964	8077
7015	5974
5138	4597
4343	4286
4309	4326
4307	4280
4264	4259
4256	4256
4256	4256
4257	4257
4256	4256
4256	4257
4271	4348
4624	5258
6291	7579
8819	9701
10118	10195
10141	10114
10144	10177
10198	10250
10349	10451
10518	10546
10550	10519
10419	10175
9715	8996
8053	7001
5996	5184
4652	4401
4368	4449
4554	4623
4642	4621
4585	4549
4522	4511
4519	4558
4624	4711
4805	4889
4944	4943
4878	4766
4660	4620
4651	4700
4744	4823
5073	5660
6640	7904
9230	10393
11283	11912
12317	12507
12530	12472
12411	12393
12423	12483
12549	12591
12590	12544
12466	12382
12339	12360
12402	12397
12349	12323
12362	12422
12452	12417
12350	12310
12338	12408
12459	12419
12237	11866
11257	10375
9295	8256
7625	7753
8744	10362
12179	13743
14834	15475
15809	15975
16071	16140
16173	16148
16101	16106
16176	16250
16291	16302
16302	16291
16250	16176
16106	16098
16134	16135
16070	15972
15858	15677
15277	14456
13090	11277
9431	8108
7604	7782
8210	8428
8253	7890
7809	8452
9790	11380
12849	14052
14963	15575
15909	16042
16064	16051
16026	15976
15922	15908
15949	16017
16093	16167
16215	16204
16151	16114
16135	16192
16257	16301
16322	16318
16265	16043
15416	14129
12178	9971
8287	7851
8671	10037
11272	12074
12465	12594
12591	12517
12429	12377
12375	12400
12425	12447
12484	12539
12569	12526
12417	12249
11857	10998
9708	8476
8064	9024
11023	12959
13861	13429
12060	10573
9714	9795
10550	11378
11919	12205
12349	12401
12352	12239
12154	12199
12354	12494
12540	12512
12397	12102
11509	10702
10207	10679
12104	13787
15102	15878
16220	16330
16355	16359
16359	16359
16359	16359
16359	16359
16359	16359
16359	16359
16359	16359
16359	16359
16359	16359
16359	16359
16359	16359
16359	16359
16359	16359
16359	16359
16359	16359
16359	16359
16359	16359
16359	16359
16359	16359
16359	16359
16359	16359
16359	16359
16359	16359
16359	16359
16359	16359
16359	16359
16359	16359
16359	16359
16359	16359
16359	16359
16359	16359
16359	16359
16359	16359
16359	16359
16359	16359
16359	16359
16359	16359
16359	16359
16359	16359
16359	16359
16359	16359
16359	16359
16359	16359
16359	16359
16359	16359
16359	16359
16359	16359
16359	16359
16359	16359
16359	16359
16359	16359
16359	16359
16359	16359
16359	16359
16359	16359
16359	16359
16359	16359
16359	16359
16359	16359
16359	16359
16359	16359
16359	16359
16358	16350
16318	16237
16061	15656
14732	13127
11273	10003
9647	9872
10186	10338
10327	10284
10283	10291
10270	10218
10143	10048
9954	9889
9844	9730
9420	8840
8117	7599
7699	8598
9910	10832
10780	9747
8259	7080
6718	7192
8097	8900
9353	9549
9620	9615
9568	9543
9570	9634
9681	9672
9623	9607
9653	9718
9663	9326
8623	7606
6484	5509
4848	4505
4374	4320
4273	4239
4230	4233
4238	4240
4241	4242
4241	4242
4240	4239
4239	4239
4240	4250
4297	4461
4881	5698
6867	8157
9269	9973
10252	10264
10196	10169
10200	10236
10265	10306
10373	10440
10502	10550
10562	10482
10238	9776
9081	8189
7192	6220
5387	4780
4421	4284
4309	4411
4519	4579
4580	4546
4506	4480
4481	4503
4548	4610
4685	4762
4833	4888
4931	4943
4892	4761
4611	4558
4633	4758
4833	4823
4835	5083
5716	6741
8007	9286
10415	11328
11985	12361
12495	12492
12446	12411
12409	12442
12498	12554
12584	12567
12507	12429
12386	12413
12465	12464
12405	12364
12384	12425
12431	12379
12308	12283
12330	12401
12408	12267
11914	11322
10487	9474
8468	7784
7770	8644
10238	12079
13689	14816
15453	15769
15925	16016
16083	16137
16145	16087
16011	16014
16107	16215
16276	16300
16300	16276
16215	16107
16014	16007
16066	16092
16035	15936
15841	15745
15556	15098
14145	12573
10612	8786
7558	7088
7162	7380
7542	7787
8434	9705
11408	13045
14280	15094
15600	15895
16042	16076
16053	16025
16005	15986
15964	15959
15975	16000
16038	16109
16184	16206
16166	16110
16088	16125
16198	16262
16301	16313
16281	16122
15665	14682
13029	10878
8920	8022
8432	9627
10912	11841
12325	12527
12595	12578
12510	12445
12413	12412
12423	12434
12455	12496
12534	12528
12473	12359
12046	11315
10105	8726
7945	8524
10347	12411
13684	13673
12561	11036
9909	9703
10309	11165
11829	12204
12372	12414
12372	12280
12213	12256
12384	12477
12499	12493
12422	12159
11576	10766
10190	10433
11597	13216
14706	15703
16170	16321
16354	16359
16359	16359
16359	16359
16359	16359
16359	16359
16359	16359
16359	16359
16359	16359
16359	16359
16359	16359
16359	16359
16359	16359
16359	16359
16359	16359
16359	16359
16359	16359
16359	16359
16359	16359
16359	16359
16359	16359
16359	16359
16359	16359
16359	16359
16359	16359
16359	16359
16359	16359
16359	16359
16359	16359
16359	16359
16359	16359
16359	16359
16359	16359
16359	16359
16359	16359
16359	16359
16359	16359
16359	16359
16359	16359
16359	16359
16359	16359
16359	16359
16359	16359
16359	16359
16359	16359
16359	16359
16359	16359
16359	16359
16359	16359
16359	16359
16359	16359
16359	16359
16359	16359
16359	16359
16359	16359
16359	16359
16359	16359
16359	16359
16359	16359
16359	16359
16359	16359
16359	16359
16359	16359
16358	16350
16317	16221
15999	15504
14488	12856
11075	9921
9649	9859
10116	10260
10311	10334
10338	10309
10250	10199
10150	10066
9959	9887
9848	9734
9379	8698
7925	7530
7873	8927
10186	10900
10604	9394
7883	6865
6751	7390
8319	9060
9439	9568
9583	9532
9447	9390
9413	9535
9662	9687
9610	9541
9551	9594
9503	9090
8275	7164
6021	5144
4658	4489
4441	4364
4239	4159
4160	4196
4219	4231
4238	4243
4242	4237
4229	4223
4221	4220
4222	4240
4334	4611
5206	6188
7431	8651
9587	10127
10322	10326
10278	10255
10271	10305
10341	10374
10399	10430
10478	10542
10556	10410
10008	9323
8408	7387
6397	5554
4921	4512
4296	4230
4269	4371
4477	4537
4532	4494
4457	4444
4465	4513
4582	4652
4715	4758
4782	4798
4825	4872
4892	4825
4700	4624
4660	4763
4837	4820
4758	4812
5151	5862
6892	8094
9326	10489
11447	12081
12386	12475
12459	12408
12359	12345
12374	12432
12488	12506
12476	12417
12383	12405
12442	12426
12355	12313
12337	12381
12390	12346
12291	12290
12349	12387
12301	11997
11427	10607
9628	8675
8008	7918
8603	10039
11876	13582
14802	15494
15805	15930
15999	16057
16111	16154
16151	16081
15994	15993
16089	16196
16258	16278
16278	16258
16196	16089
15993	15987
16052	16078
16020	15929
15854	15797
15715	15489
14890	13706
11951	9962
8218	7131
6805	7059
7692	8627
9881	11437
13056	14383
15234	15693
15923	16043
16094	16088
16050	16025
16030	16044
16056	16059
16052	16033
16033	16086
16174	16225
16197	16119
16052	16054
16117	16193
16247	16277
16264	16147
15811	15074
13729	11771
9720	8422
8329	9228
10513	11564
12143	12398
12506	12535
12509	12465
12428	12410
12406	12407
12417	12441
12480	12515
12525	12455
12190	11551
10418	8967
7923	8165
9773	11888
13466	13845
12994	11475
10134	9658
10107	10973
11744	12206
12387	12417
12388	12331
12289	12323
12406	12454
12454	12460
12423	12189
11630	10826
10170	10189
11106	12674
14331	15533
16122	16310
16352	16359
16359	16359
16359	16359
16359	16359
16359	16359
16359	16359
16359	16359
16359	16359
16359	16359
16359	16359
16359	16359
16359	16359
16359	16359
16359	16359
16359	16359
16359	16359
16359	16359
16359	16359
16359	16359
16359	16359
16359	16359
16359	16359
16359	16359
16359	16359
16359	16359
16359	16359
16359	16359
16359	16359
16359	16359
16359	16359
16359	16359
16359	16359
16359	16359
16359	16359
16359	16359
16359	16359
16359	16359
16359	16359
16359	16359
16359	16359
16359	16359
16359	16359
16359	16359
16359	16359
16359	16359
16359	16359
16359	16359
16359	16359
16359	16359
16359	16359
16359	16359
16359	16359
16359	16359
16359	16359
16359	16359
16359	16359
16359	16359
16359	16359
16359	16359
16359	16359
16359	16359
16359	16359
16358	16349
16310	16192
15887	15236
14063	12396
10725	9742
9592	9836
10074	10226
10326	10368
10336	10242
10145	10099
10088	10030
9933	9873
9849	9731
9314	8532
7730	7489
8085	9270
10428	10903
10363	9020
7539	6705
6815	7575
8481	9150
9479	9579
9572	9496
9380	9283
9290	9427
9605	9662
9588	9498
9483	9489
9341	8843
7940	6797
5718	5001
4704	4651
4608	4457
4249	4124
4128	4181
4220	4243
4268	4286
4284	4264
4234	4212
4206	4204
4198	4220
4376	4814
5626	6752
7987	9051
9784	10175
10319	10341
10324	10307
10307	10333
10374	10397
10395	10395
10438	10507
10503	10263
9692	8804
7732	6663
5751	5072
4633	4378
4258	4227
4271	4362
4460	4512
4506	4471
4441	4441
4473	4533
4605	4668
4707	4715
4695	4674
4689	4767
4863	4895
4837	4759
4721	4738
4772	4779
4748	4753
4903	5318
6028	6996
8164	9450
10662	11579
12115	12361
12424	12382
12304	12250
12257	12313
12383	12423
12417	12380
12354	12364
12377	12334
12253	12219
12261	12324
12345	12312
12276	12296
12351	12323
12080	11548
10735	9755
8816	8187
8104	8715
9976	11648
13343	14678
15494	15877
16007	16038
16058	16093
16141	16185
16187	16128
16056	16054
16128	16209
16251	16261
16261	16251
16209	16128
16053	16048
16095	16106
16049	15971
15916	15878
15834	15724
15398	14628
13277	11445
9523	8061
7453	7768
8804	10221
11752	13211
14451	15319
15800	16013
16099	16135
16151	16132
16098	16089
16114	16148
16166	16171
16150	16108
16080	16113
16194	16254
16231	16144
16050	16020
16064	16135
16197	16241
16245	16155
15898	15349
14285	12586
10574	8961
8354	8887
10104	11255
11947	12256
12383	12432
12439	12419
12395	12385
12385	12384
12382	12396
12435	12499
12546	12507
12281	11729
10696	9244
8030	7970
9308	11384
13192	13919
13343	11883
10386	9673
9951	10797
11656	12197
12396	12416
12394	12363
12343	12369
12416	12435
12426	12432
12410	12213
11707	10931
10212	10047
10761	12271
14042	15397
16074	16295
16344	16354
16358	16359
16359	16359
16359	16359
16359	16359
16359	16359
16359	16359
16359	16359
16359	16359
16359	16359
16359	16359
16359	16359
16359	16359
16359	16359
16359	16359
16359	16359
16359	16359
16359	16359
16359	16359
16359	16359
16359	16359
16359	16359
16359	16359
16359	16359
16359	16359
16359	16359
16359	16359
16359	16359
16359	16359
16359	16359
16359	16359
16359	16359
16359	16359
16359	16359
16359	16359
16359	16359
16359	16359
16359	16359
16359	16359
16359	16359
16359	16359
16359	16359
16359	16359
16359	16359
16359	16359
16359	16359
16359	16359
16359	16359
16359	16359
16359	16359
16359	16359
16359	16359
16359	16359
16359	16359
16359	16359
16359	16359
16359	16359
16359	16359
16359	16359
16359	16359
16359	16359
16359	16359
16358	16349
16303	16145
15717	14839
13451	11754
10273	9552
9599	9928
10169	10289
10350	10351
10280	10151
10031	9985
9981	9944
9872	9843
9842	9699
9198	8325
7531	7480
8347	9640
10647	10829
10033	8586
7193	6582
6918	7759
8602	9176
9456	9561
9574	9508
9384	9261
9228	9331
9494	9579
9549	9490
9464	9412
9173	8567
7609	6531
5661	5221
5144	5135
4980	4673
4352	4169
4148	4189
4227	4273
4329	4375
4378	4327
4257	4207
4190	4185
4170	4185
4420	5087
6176	7420
8539	9363
9870	10124
10231	10267
10276	10268
10263	10285
10324	10344
10332	10328
10368	10428
10368	10002
9251	8198
7051	6040
5291	4809
4524	4362
4281	4273
4327	4410
4480	4510
4498	4471
4453	4459
4492	4546
4604	4649
4669	4659
4625	4592
4602	4682
4804	4894
4901	4840
4764	4720
4722	4748
4768	4781
4842	5042
5460	6125
7076	8298
9618	10767
11581	12068
12295	12328
12266	12210
12213	12276
12354	12402
12402	12374
12355	12356
12347	12286
12196	12167
12216	12280
12297	12261
12224	12242
12259	12111
11652	10851
9832	8860
8243	8216
8868	10094
11644	13197
14492	15380
15869	16077
16131	16121
16105	16117
16161	16210
16231	16204
16162	16159
16204	16251
16270	16272
16272	16270
16251	16204
16158	16156
16179	16174
16117	16049
15990	15936
15889	15849
15718	15303
14395	12931
11195	9751
9108	9468
10632	12119
13522	14641
15423	15888
16111	16190
16211	16220
16220	16203
16183	16185
16215	16246
16261	16259
16239	16199
16166	16183
16241	16287
16274	16197
16109	16070
16094	16147
16201	16241
16249	16177
15980	15572
14741	13299
11392	9558
8496	8637
9705	10918
11743	12150
12303	12339
12326	12305
12299	12323
12359	12373
12365	12369
12409	12473
12520	12490
12317	11880
10988	9612
8297	7934
8923	10852
12816	13879
13606	12264
10674	9746
9832	10617
11541	12168
12405	12421
12383	12353
12345	12365
12400	12415
12415	12416
12392	12236
11822	11121
10384	10089
10635	12061
13867	15296
16026	16272
16332	16345
16352	16357
16359	16359
16359	16359
16359	16359
16359	16359
16359	16359
16359	16359
16359	16359
16359	16359
16359	16359
16359	16359
16359	16359
16359	16359
16359	16359
16359	16359
16359	16359
16359	16359
16359	16359
16359	16359
16359	16359
16359	16359
16359	16359
16359	16359
16359	16359
16359	16359
16359	16359
16359	16359
16359	16359
16359	16359
16359	16359
16359	16359
16359	16359
16359	16359
16359	16359
16359	16359
16359	16359
16359	16359
16359	16359
16359	16359
16359	16359
16359	16359
16359	16359
16359	16359
16359	16359
16359	16359
16359	16359
16359	16359
16359	16359
16359	16359
16359	16359
16359	16359
16359	16359
16359	16359
16359	16359
16359	16359
16359	16359
16359	16359
16359	16359
16359	16359
16359	16359
16359	16359
16358	16347
16294	16092
15531	14407
12789	11086
9837	9415
9680	10106
10349	10391
10344	10269
10179	10063
9950	9891
9869	9832
9791	9805
9815	9626
9035	8096
7355	7523
8640	10001
10823	10686
9632	8120
6872	6519
7060	7952
8705	9163
9396	9518
9578	9551
9435	9295
9219	9252
9360	9455
9497	9498
9472	9348
8979	8255
7281	6383
5871	5832
6019	6023
5667	5110
4603	4302
4203	4192
4213	4278
4382	4468
4479	4405
4297	4217
4191	4189
4164	4183
4514	5425
6784	8099
9035	9588
9880	10025
10095	10132
10154	10157
10162	10183
10216	10233
10235	10243
10284	10307
10159	9643
8722	7558
6418	5540
4999	4703
4531	4407
4333	4339
4415	4491
4520	4516
4498	4478
4471	4479
4507	4544
4583	4609
4621	4612
4591	4571
4581	4641
4738	4820
4850	4823
4768	4727
4724	4755
4792	4814
4842	4932
5140	5530
6189	7183
8421	9671
10737	11527
12010	12219
12243	12218
12235	12307
12394	12451
12455	12425
12396	12382
12363	12305
12230	12197
12220	12250
12243	12195
12143	12104
11991	11641
10935	9936
8904	8226
8201	8906
10194	11757
13265	14473
15296	15791
16062	16185
16212	16181
16140	16128
16159	16216
16258	16268
16257	16256
16279	16301
16306	16306
16306	16306
16301	16279
16256	16256
16264	16253
16201	16132
16049	15961
15903	15906
15915	15750
15202	14170
12861	11747
11281	11648
12655	13843
14857	15560
15972	16180
16263	16286
16289	16290
16288	16278
16268	16274
16296	16314
16320	16318
16306	16280
16257	16264
16297	16324
16315	16268
16210	16183
16195	16225
16257	16282
16279	16218
16070	15767
15113	13890
12106	10153
8738	8496
9343	10554
11521	12071
12279	12289
12226	12175
12183	12253
12339	12371
12360	12365
12409	12450
12457	12420
12305	12002
11281	10032
8671	8013
8597	10306
12362	13732
13779	12617
10989	9859
9720	10399
11364	12088
12387	12412
12359	12314
12299	12311
12341	12370
12389	12391
12364	12267
11968	11378
10668	10284
10678	11986
13752	15200
15965	16237
16312	16332
16343	16351
16357	16359
16359	16359
16359	16359
16359	16359
16359	16359
16359	16359
16359	16359
16359	16359
16359	16359
16359	16359
16359	16359
16359	16359
16359	16359
16359	16359
16359	16359
16359	16359
16359	16359
16359	16359
16359	16359
16359	16359
16359	16359
16359	16359
16359	16359
16359	16359
16359	16359
16359	16359
16359	16359
16359	16359
16359	16359
16359	16359
16359	16359
16359	16359
16359	16359
16359	16359
16359	16359
16359	16359
16359	16359
16359	16359
16359	16359
16359	16359
16359	16359
16359	16359
16359	16359
16359	16359
16359	16359
16359	16359
16359	16359
16359	16359
16359	16359
16359	16359
16359	16359
16359	16359
16359	16359
16359	16359
16359	16359
16359	16359
16359	16359
16359	16359
16359	16359
16359	16359
16358	16347
16288	16056
15394	14086
12303	10601
9536	9331
9736	10220
10445	10412
10271	10139
10053	9975
9892	9828
9782	9740
9728	9769
9765	9510
8837	7887
7256	7625
8918	10281
10906	10482
9221	7707
6652	6541
7244	8151
8811	9168
9348	9479
9575	9579
9477	9337
9237	9213
9262	9349
9435	9490
9457	9251
8747	7905
6963	6339
6299	6740
7224	7258
6712	5862
5068	4535
4273	4165
4146	4223
4368	4494
4527	4460
4343	4259
4236	4237
4221	4282
4718	5806
7316	8622
9382	9721
9865	9934
9977	10007
10031	10046
10061	10084
10113	10133
10149	10175
10203	10162
9895	9239
8204	7005
5929	5195
4819	4654
4549	4443
4370	4390
4481	4547
4547	4514
4496	4486
4486	4497
4514	4536
4560	4574
4582	4583
4581	4578
4593	4631
4687	4736
4763	4762
4747	4739
4747	4774
4806	4828
4850	4893
4989	5181
5573	6267
7266	8447
9645	10708
11512	11991
12185	12227
12244	12305
12408	12500
12534	12501
12437	12389
12367	12348
12317	12277
12241	12207
12173	12135
12056	11876
11495	10835
9917	8926
8218	8159
8874	10179
11756	13287
14525	15349
15800	16038
16176	16250
16266	16229
16175	16139
16148	16197
16261	16302
16317	16322
16331	16339
16340	16339
16339	16340
16339	16331
16323	16322
16323	16308
16268	16202
16109	16004
15943	15970
16046	16018
15714	15056
14199	13487
13236	13564
14291	15078
15679	16043
16230	16307
16332	16337
16337	16335
16335	16332
16328	16331
16340	16347
16350	16348
16341	16333
16322	16324
16336	16347
16343	16324
16300	16288
16293	16305
16317	16324
16310	16256
16146	15915
15396	14349
12699	10710
9060	8474
9041	10180
11260	11965
12260	12282
12193	12115
12119	12211
12326	12375
12364	12377
12424	12444
12408	12347
12275	12084
11520	10413
9044	8134
8333	9792
11881	13508
13873	12921
11296	9973
9576	10115
11104	11933
12319	12384
12332	12275
12245	12236
12245	12278
12317	12333
12330	12295
12111	11635
10965	10500
10726	11880
13571	15035
15859	16187
16287	16319
16332	16342
16351	16357
16359	16359
16359	16359
16359	16359
16359	16359
16359	16359
16359	16359
16359	16359
16359	16359
16359	16359
16359	16359
16359	16359
16359	16359
16359	16359
16359	16359
16359	16359
16359	16359
16359	16359
16359	16359
16359	16359
16359	16359
16359	16359
16359	16359
16359	16359
16359	16359
16359	16359
16359	16359
16359	16359
16359	16359
16359	16359
16359	16359
16359	16359
16359	16359
16359	16359
16359	16359
16359	16359
16359	16359
16359	16359
16359	16359
16359	16359
16359	16359
16359	16359
16359	16359
16359	16359
16359	16359
16359	16359
16359	16359
16359	16359
16359	16359
16359	16359
16359	16359
16359	16359
16359	16359
16359	16359
16359	16359
16359	16359
16359	16359
16359	16359
16359	16359
16359	16359
16358	16346
16285	16040
15329	13932
12073	10388
9417	9304
9741	10214
10411	10338
10158	10015
9953	9913
9861	9795
9740	9693
9695	9735
9693	9350
8617	7713
7245	7788
9160	10452
10875	10212
8818	7376
6551	6663
7461	8346
8927	9204
9340	9456
9553	9565
9473	9345
9251	9210
9227	9294
9384	9455
9410	9125
8489	7550
6669	6368
6828	7744
8536	8670
8033	6942
5819	4965
4445	4170
4064	4116
4275	4433
4503	4469
4381	4312
4290	4295
4328	4492
5061	6232
7728	8931
9553	9773
9846	9882
9910	9936
9959	9980
10002	10026
10051	10074
10101	10129
10125	9987
9581	8810
7730	6573
5597	4975
4690	4587
4516	4431
4375	4405
4495	4552
4540	4505
4487	4487
4492	4502
4515	4530
4545	4555
4564	4569
4579	4586
4603	4626
4655	4681
4701	4715
4725	4738
4759	4779
4800	4821
4844	4873
4922	5008
5208	5617
6302	7255
8410	9627
10730	11541
11995	12165
12200	12246
12357	12494
12571	12546
12446	12357
12335	12368
12394	12359
12263	12166
12113	12063
11898	11472
10722	9732
8703	7948
7818	8542
9963	11632
13169	14414
15309	15841
16086	16190
16252	16290
16294	16261
16203	16152
16138	16178
16252	16313
16344	16352
16355	16355
16357	16355
16355	16357
16355	16355
16353	16351
16342	16322
16285	16234
16164	16086
16037	16068
16149	16172
16013	15624
15109	14698
14589	14837
15314	15777
16092	16255
16325	16349
16356	16357
16355	16356
16355	16355
16353	16354
16355	16359
16358	16358
16357	16354
16351	16352
16354	16358
16357	16351
16346	16343
16344	16348
16350	16347
16327	16276
16185	16007
15587	14694
13194	11243
9445	8551
8801	9796
10946	11800
12213	12299
12233	12153
12142	12223
12332	12380
12370	12395
12452	12459
12388	12304
12243	12121
11685	10713
9371	8269
8132	9334
11400	13223
13884	13165
11582	10073
9396	9763
10765	11704
12197	12331
12319	12279
12246	12207
12176	12186
12228	12269
12302	12324
12224	11835
11189	10621
10637	11587
13189	14697
15651	16097
16257	16303
16319	16330
16341	16350
16357	16359
16359	16359
16359	16359
16359	16359
16359	16359
16359	16359
16359	16359
16359	16359
16359	16359
16359	16359
16359	16359
16359	16359
16359	16359
16359	16359
16359	16359
16359	16359
16359	16359
16359	16359
16359	16359
16359	16359
16359	16359
16359	16359
16359	16359
16359	16359
16359	16359
16359	16359
16359	16359
16359	16359
16359	16359
16359	16359
16359	16359
16359	16359
16359	16359
16359	16359
16359	16359
16359	16359
16359	16359
16359	16359
16359	16359
16359	16359
16359	16359
16359	16359
16359	16359
16359	16359
16359	16359
16359	16359
16359	16359
16359	16359
16359	16359
16359	16359
16359	16359
16359	16359
16359	16359
16359	16359
16359	16359
16359	16359
16359	16359
16359	16359
16359	16359
16358	16346
16284	16031
15304	13880
12014	10363
9451	9360
9766	10188
10347	10264
10088	9966
9927	9916
9881	9814
9739	9684
9682	9705
9594	9148
8360	7552
7290	7998
9385	10545
10748	9873
8395	7087
6530	6853
7709	8549
9052	9267
9358	9443
9518	9518
9434	9330
9263	9237
9245	9287
9359	9425
9362	8999
8238	7216
6421	6428
7332	8648
9701	10000
9437	8265
6911	5731
4888	4350
4071	4030
4160	4327
4433	4449
4397	4335
4295	4308
4431	4785
5532	6733
8090	9117
9617	9777
9825	9853
9880	9903
9928	9950
9972	9997
10019	10040
10067	10085
10022	9759
9198	8326
7254	6193
5343	4815
4577	4489
4435	4380
4353	4394
4476	4524
4512	4488
4477	4482
4490	4499
4509	4521
4532	4546
4555	4566
4573	4584
4598	4615
4633	4648
4663	4680
4702	4726
4748	4770
4788	4806
4829	4854
4884	4924
5003	5193
5569	6217
7169	8370
9651	10775
11560	11966
12105	12174
12285	12426
12521	12510
12413	12322
12309	12367
12422	12395
12286	12170
12069	11908
11524	10774
9682	8480
7494	7070
7496	8854
10780	12651
14085	15071
15709	16064
16214	16267
16291	16300
16292	16255
16202	16154
16142	16182
16256	16317
16349	16358
16359	16359
16359	16359
16359	16359
16359	16359
16359	16354
16335	16299
16257	16224
16202	16173
16154	16173
16226	16251
16177	15967
15689	15470
15424	15584
15861	16114
16264	16331
16353	16359
16359	16359
16359	16359
16359	16359
16359	16359
16359	16359
16359	16359
16359	16359
16359	16359
16359	16359
16359	16359
16359	16358
16359	16359
16358	16353
16331	16283
16205	16064
15728	14981
13645	11784
9895	8707
8603	9408
10592	11590
12145	12328
12319	12251
12218	12263
12342	12376
12375	12416
12487	12487
12393	12280
12214	12133
11807	10976
9689	8438
7988	8910
10899	12869
13822	13370
11871	10192
9215	9386
10389	11440
12053	12279
12331	12344
12334	12279
12200	12164
12190	12244
12308	12361
12299	11964
11326	10623
10381	11067
12548	14139
15309	15954
16215	16289
16308	16319
16331	16342
16351	16357
16359	16359
16359	16359
16359	16359
16359	16359
16359	16359
16359	16359
16359	16359
16359	16359
16359	16359
16359	16359
16359	16359
16359	16359
16359	16359
16359	16359
16359	16359
16359	16359
16359	16359
16359	16359
16359	16359
16359	16359
16359	16359
16359	16359
16359	16359
16359	16359
16359	16359
16359	16359
16359	16359
16359	16359
16359	16359
16359	16359
16359	16359
16359	16359
16359	16359
16359	16359
16359	16359
16359	16359
16359	16359
16359	16359
16359	16359
16359	16359
16359	16359
16359	16359
16359	16359
16359	16359
16359	16359
16359	16359
16359	16359
16359	16359
16359	16359
16359	16359
16359	16359
16359	16359
16359	16359
16359	16359
16359	16359
16359	16359
16359	16359
16359	16359
16358	16343
16274	16003
15252	13811
11964	10382
9552	9486
9853	10217
10341	10254
10096	9998
9977	9979
9945	9865
9762	9691
9675	9667
9475	8914
8075	7390
7371	8247
9613	10597
10555	9472
7938	6800
6543	7081
7981	8753
9181	9336
9388	9434
9476	9458
9377	9300
9269	9271
9284	9308
9357	9410
9320	8874
8003	6937
6249	6528
7765	9335
10560	11041
10684	9644
8251	6860
5701	4838
4292	4063
4081	4211
4335	4396
4382	4310
4236	4258
4504	5097
6066	7282
8451	9261
9642	9762
9803	9831
9862	9887
9911	9933
9950	9970
9991	10010
10029	10020
9878	9467
8739	7778
6739	5807
5103	4673
4462	4377
4333	4314
4324	4375
4443	4483
4481	4466
4461	4469
4482	4491
4500	4509
4521	4532
4544	4555
4565	4574
4584	4596
4608	4621
4635	4653
4675	4704
4728	4751
4771	4789
4808	4831
4854	4871
4892	4942
5093	5445
6104	7116
8389	9698
10803	11540
11928	12114
12233	12332
12396	12397
12351	12313
12320	12364
12402	12389
12315	12195
11986	11570
10833	9745
8456	7266
6476	6343
7073	8686
10799	12783
14257	15224
15807	16113
16236	16273
16283	16281
16258	16212
16158	16131
16148	16206
16274	16327
16351	16358
16359	16359
16359	16359
16359	16359
16359	16359
16358	16349
16320	16266
16211	16197
16219	16241
16246	16250
16269	16276
16248	16160
16038	15942
15926	16004
16136	16253
16322	16349
16357	16359
16359	16359
16359	16359
16359	16359
16359	16359
16359	16359
16359	16359
16359	16359
16359	16359
16359	16359
16359	16359
16359	16359
16359	16359
16358	16352
16329	16280
16209	16098
15843	15242
14083	12342
10395	8924
8453	9034
10227	11363
12060	12354
12408	12357
12306	12310
12352	12369
12379	12440
12523	12524
12409	12267
12187	12144
11924	11247
10044	8670
7916	8527
10374	12452
13691	13544
12175	10354
9083	9043
10035	11188
11919	12235
12361	12435
12469	12410
12289	12203
12204	12259
12335	12396
12348	12053
11422	10592
10077	10466
11789	13467
14894	15777
16163	16275
16299	16308
16319	16330
16341	16350
16357	16359
16359	16359
16359	16359
16359	16359
16359	16359
16359	16359
16359	16359
16359	16359
16359	16359
16359	16359
16359	16359
16359	16359
16359	16359
16359	16359
16359	16359
16359	16359
16359	16359
16359	16359
16359	16359
16359	16359
16359	16359
16359	16359
16359	16359
16359	16359
16359	16359
16359	16359
16359	16359
16359	16359
16359	16359
16359	16359
16359	16359
16359	16359
16359	16359
16359	16359
16359	16359
16359	16359
16359	16359
16359	16359
16359	16359
16359	16359
16359	16359
16359	16359
16359	16359
16359	16359
16359	16359
16359	16359
16359	16359
16359	16359
16359	16359
16359	16359
16359	16359
16359	16359
16359	16359
16359	16359
16359	16359
16359	16359
16359	16359
16359	16359
16357	16337
16243	15924
15109	13626
11796	10311
9605	9604
9955	10271
10367	10282
10145	10059
10041	10038
9996	9899
9779	9691
9664	9617
9341	8662
7784	7237
7477	8516
9840	10615
10315	9028
7466	6523
6572	7322
8249	8951
9298	9401
9415	9428
9438	9398
9319	9265
9272	9301
9320	9332
9360	9386
9247	8712
7758	6719
6201	6723
8162	9826
11094	11702
11602	10842
9617	8212
6858	5695
4820	4295
4091	4105
4208	4308
4330	4260
4161	4199
4570	5396
6576	7802
8785	9388
9654	9739
9774	9805
9836	9868
9891	9910
9925	9945
9959	9974
9976	9919
9675	9108
8222	7184
6200	5412
4867	4538
4358	4270
4240	4251
4292	4352
4405	4435
4442	4442
4444	4453
4465	4479
4490	4497
4506	4518
4529	4542
4552	4561
4568	4575
4583	4593
4608	4625
4648	4675
4702	4728
4751	4771
4789	4806
4824	4835
4836	4836
4869	5013
5384	6092
7148	8437
9739	10823
11570	11997
12192	12251
12256	12256
12276	12320
12365	12383
12376	12355
12301	12133
11721	10951
9828	8502
7224	6252
5748	5804
6531	7984
9942	11934
13596	14802
15572	15986
16164	16226
16241	16233
16196	16137
16085	16081
16132	16213
16286	16333
16353	16358
16359	16359
16359	16359
16359	16359
16359	16359
16358	16348
16314	16252
16193	16187
16235	16283
16297	16289
16272	16262
16254	16237
16212	16192
16186	16206
16245	16291
16326	16348
16357	16359
16359	16359
16359	16359
16359	16359
16359	16359
16359	16359
16359	16359
16359	16359
16359	16359
16359	16359
16359	16359
16359	16359
16359	16359
16358	16351
16326	16275
16207	16122
15941	15476
14497	12891
10922	9208
8376	8721
9890	11137
11971	12362
12466	12434
12372	12347
12358	12364
12384	12464
12558	12558
12429	12265
12171	12158
12043	11526
10429	8977
7944	8221
9863	11982
13485	13668
12485	10583
9049	8801
9756	10985
11814	12208
12385	12501
12560	12499
12348	12228
12213	12275
12360	12414
12376	12132
11542	10639
9904	10022
11180	12899
14530	15618
16113	16259
16289	16299
16308	16319
16331	16342
16351	16357
16359	16359
16359	16359
16359	16359
16359	16359
16359	16359
16359	16359
16359	16359
16359	16359
16359	16359
16359	16359
16359	16359
16359	16359
16359	16359
16359	16359
16359	16359
16359	16359
16359	16359
16359	16359
16359	16359
16359	16359
16359	16359
16359	16359
16359	16359
16359	16359
16359	16359
16359	16359
16359	16359
16359	16359
16359	16359
16359	16359
16359	16359
16359	16359
16359	16359
16359	16359
16359	16359
16359	16359
16359	16359
16359	16359
16359	16359
16359	16359
16359	16359
16359	16359
16359	16359
16359	16359
16359	16359
16359	16359
16359	16359
16359	16359
16359	16359
16359	16359
16359	16359
16359	16359
16359	16359
16359	16359
16359	16359
16359	16359
16359	16359
16354	16320
16179	15761
14819	13246
11427	10066
9529	9639
10007	10294
10371	10290
10167	10079
10046	10025
9972	9872
9759	9677
9642	9556
9194	8410
7507	7116
7608	8796
10046	10595
10034	8580
7026	6288
6626	7557
8496	9122
9394	9451
9436	9424
9405	9344
9266	9232
9267	9319
9348	9350
9352	9333
9111	8473
7478	6554
6285	7044
8589	10206
11388	12026
12129	11681
10763	9546
8202	6865
5680	4794
4277	4073
4084	4184
4246	4206
4123	4196
4679	5678
7000	8212
9040	9476
9656	9716
9747	9777
9809	9840
9866	9884
9896	9913
9928	9932
9904	9779
9418	8696
7676	6594
5677	5039
4650	4423
4277	4191
4167	4200
4267	4329
4366	4388
4403	4416
4424	4433
4447	4460
4474	4482
4491	4498
4512	4525
4538	4547
4550	4553
4559	4569
4582	4600
4618	4644
4672	4702
4729	4751
4769	4784
4797	4806
4815	4824
4839	4888
5050	5433
6142	7195
8485	9799
10916	11680
12069	12181
12168	12167
12233	12337
12416	12422
12365	12294
12161	11830
11141	10033
8641	7265
6181	5535
5313	5442
5960	6996
8543	10395
12243	13809
14941	15627
15978	16127
16175	16167
16122	16061
16015	16023
16089	16182
16270	16326
16351	16358
16359	16359
16359	16359
16359	16359
16359	16359
16358	16349
16320	16266
16215	16212
16255	16299
16311	16291
16258	16232
16225	16235
16251	16260
16257	16247
16246	16266
16303	16337
16354	16359
16359	16359
16359	16359
16359	16359
16359	16359
16359	16359
16359	16359
16359	16359
16359	16359
16359	16359
16359	16359
16359	16359
16359	16359
16358	16351
16324	16272
16207	16143
16022	15677
14860	13401
11455	9551
8407	8504
9605	10919
11861	12337
12482	12464
12402	12365
12357	12359
12386	12481
12583	12582
12446	12266
12168	12182
12160	11792
10821	9341
8087	8029
9403	11484
13214	13734
12793	10886
9149	8700
9580	10842
11741	12191
12391	12515
12574	12505
12343	12215
12206	12277
12365	12413
12384	12202
11694	10796
9940	9861
10853	12555
14294	15508
16070	16241
16277	16289
16299	16308
16319	16330
16341	16350
16357	16359
16359	16359
16359	16359
16359	16359
16359	16359
16359	16359
16359	16359
16359	16359
16359	16359
16359	16359
16359	16359
16359	16359
16359	16359
16359	16359
16359	16359
16359	16359
16359	16359
16359	16359
16359	16359
16359	16359
16359	16359
16359	16359
16359	16359
16359	16359
16359	16359
16359	16359
16359	16359
16359	16359
16359	16359
16359	16359
16359	16359
16359	16359
16359	16359
16359	16359
16359	16359
16359	16359
16359	16359
16359	16359
16359	16359
16359	16359
16359	16359
16359	16359
16359	16359
16359	16359
16359	16359
16359	16359
16359	16359
16359	16359
16359	16359
16359	16359
16359	16359
16359	16359
16359	16359
16359	16359
16359	16359
16359	16359
16359	16359
16350	16292
16075	15501
14367	12660
10848	9638
9312	9570
9982	10256
10321	10244
10130	10034
9971	9919
9857	9775
9696	9644
9609	9483
9044	8177
7276	7042
7766	9065
10211	10521
9725	8148
6650	6120
6699	7769
8698	9247
9453	9476
9447	9419
9377	9299
9217	9200
9258	9329
9363	9358
9332	9245
8911	8159
7153	6415
6464	7471
9063	10558
11573	12133
12320	12112
11525	10639
9517	8196
6819	5608
4731	4234
4058	4083
4153	4160
4142	4296
4868	5961
7322	8483
9192	9525
9649	9693
9720	9746
9779	9810
9837	9855
9869	9881
9896	9888
9818	9599
9104	8243
7130	6039
5212	4718
4479	4344
4229	4143
4118	4164
4243	4304
4327	4342
4363	4387
4404	4415
4426	4442
4454	4464
4471	4479
4491	4505
4518	4526
4529	4529
4532	4541
4557	4573
4589	4611
4639	4670
4703	4729
4749	4762
4772	4781
4805	4846
4897	4944
5002	5139
5484	6173
7239	8567
9918	11020
11722	12047
12138	12174
12254	12368
12456	12451
12342	12143
11793	11170
10185	8879
7469	6265
5480	5135
5095	5212
5480	6060
7116	8670
10528	12355
13869	14944
15596	15933
16070	16089
16054	16007
15976	15982
16028	16121
16227	16308
16346	16358
16359	16359
16359	16359
16359	16359
16359	16359
16358	16353
16332	16295
16259	16250
16271	16295
16298	16279
16251	16222
16207	16209
16222	16230
16219	16198
16188	16215
16272	16324
16351	16358
16359	16359
16359	16359
16359	16359
16359	16359
16359	16359
16359	16359
16359	16359
16359	16359
16359	16359
16359	16359
16359	16359
16359	16359
16358	16351
16326	16276
16220	16176
16100	15845
15167	13861
11977	9961
8561	8410
9384	10706
11726	12270
12451	12445
12398	12364
12351	12352
12390	12489
12590	12589
12457	12279
12182	12217
12261	12021
11184	9740
8335	7964
9017	10985
12878	13731
13072	11243
9382	8746
9503	10745
11688	12177
12388	12500
12552	12489
12342	12228
12231	12304
12378	12398
12368	12245
11837	11006
10123	9916
10766	12402
14170	15444
16043	16224
16265	16279
16289	16299
16308	16319
16331	16342
16351	16357
16359	16359
16359	16359
16359	16359
16359	16359
16359	16359
16359	16359
16359	16359
16359	16359
16359	16359
16359	16359
16359	16359
16359	16359
16359	16359
16359	16359
16359	16359
16359	16359
16359	16359
16359	16359
16359	16359
16359	16359
16359	16359
16359	16359
16359	16359
16359	16359
16359	16359
16359	16359
16359	16359
16359	16359
16359	16359
16359	16359
16359	16359
16359	16359
16359	16359
16359	16359
16359	16359
16359	16359
16359	16359
16359	16359
16359	16359
16359	16359
16359	16359
16359	16359
16359	16359
16359	16359
16359	16359
16359	16359
16359	16359
16359	16359
16359	16359
16359	16359
16359	16359
16359	16359
16359	16359
16359	16359
16359	16359
16359	16358
16345	16260
15949	15190
13824	11965
10165	9126
9026	9451
9918	10187
10241	10168
10060	9952
9854	9771
9701	9647
9617	9601
9568	9407
8903	7980
7104	7027
7946	9310
10325	10393
9395	7760
6369	6041
6802	7944
8839	9314
9470	9476
9445	9411
9354	9261
9178	9174
9249	9333
9368	9360
9307	9146
8691	7822
6823	6300
6678	7916
9519	10874
11707	12136
12300	12222
11908	11394
10622	9508
8124	6725
5547	4725
4272	4109
4100	4127
4198	4472
5139	6260
7573	8645
9264	9534
9633	9669
9688	9715
9743	9774
9804	9825
9842	9854
9864	9840
9714	9385
8743	7764
6605	5554
4830	4470
4355	4303
4221	4133
4100	4144
4222	4279
4295	4306
4332	4362
4381	4394
4407	4422
4434	4444
4451	4461
4474	4488
4499	4505
4508	4507
4511	4517
4531	4545
4558	4578
4606	4639
4672	4702
4722	4735
4743	4755
4788	4854
4944	5027
5067	5074
5152	5479
6195	7317
8672	9998
11048	11723
12068	12227
12326	12411
12460	12418
12219	11805
11126	10153
8946	7649
6475	5621
5158	5009
5025	5076
5160	5409
6039	7185
8800	10627
12381	13837
14893	15547
15877	15995
16014	16000
15988	15977
15996	16071
16189	16291
16343	16357
16359	16359
16359	16359
16359	16359
16359	16359
16359	16356
16347	16325
16299	16280
16271	16268
16264	16264
16258	16241
16219	16205
16195	16188
16167	16145
16138	16179
16251	16316
16348	16358
16359	16359
16359	16359
16359	16359
16359	16359
16359	16359
16359	16359
16359	16359
16359	16359
16359	16359
16359	16359
16359	16359
16359	16359
16358	16352
16331	16290
16246	16215
16168	15976
15419	14260
12486	10431
8836	8426
9208	10474
11549	12164
12379	12395
12368	12350
12343	12348
12389	12485
12579	12579
12460	12302
12216	12260
12340	12192
11487	10131
8660	8010
8709	10493
12493	13651
13307	11631
9719	8907
9489	10663
11631	12166
12387	12491
12546	12507
12393	12312
12319	12375
12410	12387
12335	12245
11929	11195
10347	10072
10794	12340
14100	15400
16022	16209
16250	16266
16279	16289
16299	16308
16319	16330
16340	16347
16352	16355
16358	16359
16359	16359
16359	16359
16359	16359
16359	16359
16359	16359
16359	16359
16359	16359
16359	16359
16359	16359
16359	16359
16359	16359
16359	16359
16359	16359
16359	16359
16359	16359
16359	16359
16359	16359
16359	16359
16359	16359
16359	16359
16359	16359
16359	16359
16359	16359
16359	16359
16359	16359
16359	16359
16359	16359
16359	16359
16359	16359
16359	16359
16359	16359
16359	16359
16359	16359
16359	16359
16359	16359
16359	16359
16359	16359
16359	16359
16359	16359
16359	16359
16359	16359
16359	16359
16359	16359
16359	16359
16359	16359
16359	16359
16359	16359
16359	16359
16359	16359
16359	16359
16359	16359
16359	16359
16359	16359
16359	16358
16340	16230
15835	14903
13329	11336
9559	8688
8808	9383
9892	10149
10186	10122
10018	9903
9777	9666
9586	9554
9556	9563
9526	9327
8773	7829
7006	7073
8144	9524
10380	10218
9058	7435
6197	6057
6931	8082
8913	9319
9437	9443
9431	9404
9339	9235
9151	9155
9239	9321
9359	9352
9289	9066
8500	7530
6543	6210
6867	8271
9853	11080
11767	12079
12193	12175
12059	11852
11432	10631
9440	8057
6729	5632
4850	4382
4161	4113
4249	4662
5454	6592
7819	8772
9307	9532
9616	9645
9661	9682
9710	9742
9771	9794
9814	9829
9833	9788
9597	9138
8346	7276
6123	5156
4546	4307
4289	4302
4249	4163
4116	4141
4208	4257
4271	4283
4313	4342
4362	4376
4389	4402
4415	4426
4432	4441
4454	4467
4481	4487
4488	4488
4486	4493
4504	4514
4528	4546
4571	4606
4639	4672
4696	4710
4719	4734
4771	4849
4950	5048
5091	5063
5020	5111
5493	6273
7410	8742
10034	11078
11785	12185
12369	12423
12389	12233
11866	11180
10162	8914
7633	6531
5746	5301
5116	5068
5046	5016
4997	5084
5420	6147
7316	8853
10583	12288
13752	14839
15516	15861
16000	16041
16041	16023
16025	16085
16195	16293
16343	16357
16359	16359
16359	16359
16359	16359
16359	16359
16359	16359
16354	16342
16317	16282
16241	16214
16212	16235
16263	16271
16257	16235
16213	16196
16176	16157
16157	16197
16264	16321
16350	16358
16359	16359
16359	16359
16359	16359
16359	16359
16359	16359
16359	16359
16359	16359
16359	16359
16359	16359
16359	16359
16359	16359
16359	16359
16359	16354
16338	16307
16272	16253
16220	16073
15613	14613
12982	10955
9216	8529
9048	10201
11322	12022
12287	12329
12328	12329
12333	12341
12381	12464
12543	12545
12452	12331
12266	12312
12398	12302
11717	10490
9021	8134
8459	10009
12065	13493
13476	12010
10109	9122
9484	10540
11534	12133
12386	12497
12564	12560
12494	12445
12451	12475
12460	12384
12302	12227
11977	11348
10564	10241
10835	12286
14032	15358
15998	16191
16236	16251
16266	16279
16289	16299
16308	16318
16327	16335
16341	16346
16353	16357
16359	16359
16359	16359
16359	16359
16359	16359
16359	16359
16359	16359
16359	16359
16359	16359
16359	16359
16359	16359
16359	16359
16359	16359
16359	16359
16359	16359
16359	16359
16359	16359
16359	16359
16359	16359
16359	16359
16359	16359
16359	16359
16359	16359
16359	16359
16359	16359
16359	16359
16359	16359
16359	16359
16359	16359
16359	16359
16359	16359
16359	16359
16359	16359
16359	16359
16359	16359
16359	16359
16359	16359
16359	16359
16359	16359
16359	16359
16359	16359
16359	16359
16359	16359
16359	16359
16359	16359
16359	16359
16359	16359
16359	16359
16359	16359
16359	16359
16359	16359
16359	16359
16359	16359
16359	16359
16359	16358
16337	16209
15756	14705
12984	10906
9158	8434
8731	9420
9946	10172
10185	10122
10033	9919
9781	9651
9565	9535
9537	9541
9484	9248
8658	7718
6969	7168
8344	9697
10378	10002
8729	7175
6134	6156
7077	8175
8923	9265
9366	9389
9406	9400
9337	9228
9140	9143
9225	9303
9335	9339
9275	9005
8352	7310
6349	6175
7032	8523
10050	11162
11756	12002
12094	12121
12128	12108
11947	11469
10606	9447
8151	6900
5816	4982
4426	4182
4299	4834
5766	6944
8087	8917
9355	9529
9593	9618
9636	9653
9678	9708
9738	9765
9786	9801
9801	9731
9470	8875
7932	6798
5698	4850
4364	4221
4273	4332
4306	4224
4161	4162
4205	4243
4258	4272
4301	4328
4347	4359
4370	4382
4395	4406
4417	4425
4435	4448
4461	4469
4473	4468
4466	4468
4479	4490
4501	4517
4540	4572
4605	4638
4665	4686
4699	4719
4760	4833
4920	4986
5009	4990
4958	4977
5142	5572
6353	7472
8797	10092
11154	11862
12215	12283
12142	11802
11198	10247
9000	7655
6479	5679
5292	5194
5211	5202
5123	5017
4951	4988
5171	5550
6214	7265
8715	10437
12199	13736
14873	15573
15921	16053
16091	16090
16100	16151
16236	16310
16348	16358
16359	16359
16359	16359
16359	16359
16359	16359
16359	16359
16358	16349
16319	16261
16194	16150
16157	16202
16262	16298
16300	16286
16269	16253
16240	16231
16231	16257
16300	16336
16354	16359
16359	16359
16359	16359
16359	16359
16359	16359
16359	16359
16359	16359
16359	16359
16359	16359
16359	16359
16359	16359
16359	16359
16359	16359
16359	16356
16343	16319
16291	16274
16245	16129
15756	14915
13459	11512
9661	8685
8876	9876
11042	11856
12198	12276
12294	12310
12327	12343
12373	12432
12488	12495
12438	12362
12326	12363
12427	12351
11865	10787
9368	8288
8255	9547
11612	13276
13573	12353
10499	9338
9437	10352
11380	12072
12381	12500
12571	12590
12562	12541
12545	12542
12488	12384
12291	12229
12036	11501
10784	10415
10869	12217
13946	15304
15970	16173
16218	16236
16250	16266
16279	16289
16299	16308
16315	16320
16326	16335
16347	16355
16358	16359
16359	16359
16359	16359
16359	16359
16359	16359
16359	16359
16359	16359
16359	16359
16359	16359
16359	16359
16359	16359
16359	16359
16359	16359
16359	16359
16359	16359
16359	16359
16359	16359
16359	16359
16359	16359
16359	16359
16359	16359
16359	16359
16359	16359
16359	16359
16359	16359
16359	16359
16359	16359
16359	16359
16359	16359
16359	16359
16359	16359
16359	16359
16359	16359
16359	16359
16359	16359
16359	16359
16359	16359
16359	16359
16359	16359
16359	16359
16359	16359
16359	16359
16359	16359
16359	16359
16359	16359
16359	16359
16359	16359
16359	16359
16359	16359
16359	16359
16358	16358
16359	16359
16359	16359
16358	16357
16335	16198
15713	14604
12819	10707
8994	8376
8794	9541
10046	10221
10201	10134
10065	9970
9841	9711
9620	9571
9551	9528
9437	9160
8546	7631
6977	7300
8550	9837
10333	9754
8408	6973
6155	6324
7238	8240
8891	9176
9271	9324
9381	9401
9345	9233
9139	9139
9209	9275
9304	9313
9244	8922
8187	7112
6227	6218
7233	8765
10206	11201
11723	11946
12052	12131
12208	12260
12223	11998
11497	10676
9580	8335
7071	5906
4974	4436
4429	5012
6061	7283
8359	9074
9415	9533
9569	9589
9607	9628
9652	9679
9708	9736
9758	9773
9766	9673
9333	8594
7513	6345
5339	4636
4270	4200
4292	4380
4373	4303
4226	4196
4208	4233
4251	4271
4296	4320
4336	4347
4357	4367
4379	4391
4401	4412
4421	4431
4442	4452
4458	4455
4449	4449
4459	4470
4481	4494
4514	4540
4572	4605
4634	4657
4678	4701
4744	4810
4870	4882
4859	4855
4891	4948
5029	5210
5622	6400
7537	8861
10126	11103
11664	11796
11563	11024
10200	9089
7804	6579
5649	5156
5058	5176
5303	5318
5205	5052
4961	4995
5116	5266
5512	6060
7076	8580
10401	12245
13809	14922
15571	15889
16026	16090
16143	16210
16277	16328
16351	16358
16359	16359
16359	16359
16358	16358
16358	16359
16359	16359
16358	16348
16310	16237
16154	16105
16120	16184
16260	16312
16330	16328
16321	16316
16310	16302
16301	16311
16331	16349
16357	16359
16359	16359
16359	16359
16359	16359
16359	16359
16359	16359
16359	16359
16359	16359
16359	16359
16359	16359
16359	16359
16359	16359
16359	16359
16359	16356
16344	16321
16291	16268
16239	16142
15849	15168
13905	12075
10143	8862
8688	9497
10709	11667
12117	12242
12274	12302
12324	12344
12366	12397
12430	12442
12421	12395
12385	12407
12433	12351
11938	11008
9672	8446
8092	9130
11169	13019
13605	12634
10849	9509
9316	10077
11157	11973
12352	12476
12522	12537
12530	12523
12532	12521
12469	12380
12314	12286
12143	11696
11033	10596
10890	12112
13819	15215
15919	16146
16202	16224
16238	16253
16267	16279
16289	16299
16304	16309
16314	16327
16341	16352
16358	16359
16359	16359
16359	16359
16359	16359
16359	16359
16359	16359
16359	16359
16359	16359
16359	16359
16359	16359
16359	16359
16359	16359
16359	16359
16359	16359
16359	16359
16359	16359
16359	16359
16359	16359
16359	16359
16359	16359
16359	16359
16359	16359
16359	16359
16359	16359
16359	16359
16359	16359
16359	16359
16359	16359
16359	16359
16359	16359
16359	16359
16359	16359
16359	16359
16359	16359
16359	16359
16359	16359
16359	16359
16359	16359
16359	16359
16359	16359
16359	16359
16359	16359
16359	16359
16359	16359
16359	16359
16359	16359
16359	16359
16359	16359
16359	16359
16356	16352
16348	16348
16351	16357
16357	16354
16351	16347
16325	16186
15698	14584
12801	10703
9028	8459
8921	9663
10120	10234
10176	10099
10052	9992
9897	9787
9690	9617
9569	9514
9383	9050
8399	7531
7003	7469
8773	9968
10253	9471
8072	6799
6238	6552
7429	8305
8855	9090
9184	9263
9355	9396
9350	9243
9149	9139
9200	9247
9266	9270
9167	8755
7925	6864
6135	6360
7558	9122
10459	11325
11764	11959
12076	12192
12296	12346
12334	12260
12047	11571
10771	9704
8443	7094
5841	4971
4740	5262
6342	7576
8586	9200
9455	9519
9529	9542
9568	9599
9630	9659
9684	9705
9727	9743
9732	9600
9164	8284
7083	5914
5032	4485
4233	4216
4322	4419
4431	4369
4287	4231
4216	4227
4248	4271
4292	4312
4326	4337
4347	4354
4364	4376
4387	4397
4405	4414
4422	4433
4438	4437
4432	4433
4440	4452
4462	4475
4491	4512
4539	4574
4602	4629
4652	4678
4719	4781
4818	4789
4729	4724
4812	4928
5012	5065
5215	5646
6454	7568
8795	9872
10575	10781
10504	9853
8940	7853
6742	5799
5179	4931
4983	5168
5322	5351
5250	5090
4991	5023
5122	5162
5161	5326
5895	7001
8590	10427
12204	13657
14675	15316
15700	15934
16093	16206
16282	16327
16345	16350
16351	16352
16351	16351
16349	16346
16349	16352
16355	16358
16358	16347
16310	16235
16151	16106
16128	16193
16268	16317
16338	16343
16346	16346
16341	16328
16319	16321
16335	16349
16357	16359
16359	16359
16359	16359
16359	16359
16359	16359
16359	16359
16359	16359
16359	16359
16359	16359
16359	16359
16359	16359
16359	16359
16359	16359
16359	16355
16341	16311
16274	16240
16205	16123
15901	15373
14315	12626
10637	9055
8486	9078
10330	11450
12035	12226
12274	12301
12328	12350
12361	12370
12379	12392
12407	12423
12434	12440
12422	12317
11958	11162
9919	8604
7989	8787
10760	12740
13578	12856
11150	9625
9121	9721
10874	11846
12313	12435
12444	12429
12421	12423
12433	12433
12412	12378
12369	12377
12276	11891
11256	10713
10801	11863
13545	15007
15805	16097
16184	16216
16233	16245
16256	16266
16280	16290
16297	16301
16308	16321
16338	16351
16357	16359
16359	16359
16359	16359
16359	16359
16359	16359
16359	16359
16359	16359
16359	16359
16359	16359
16359	16359
16359	16359
16359	16359
16359	16359
16359	16359
16359	16359
16359	16359
16359	16359
16359	16359
16359	16359
16359	16359
16359	16359
16359	16359
16359	16359
16359	16359
16359	16359
16359	16359
16359	16359
16359	16359
16359	16359
16359	16359
16359	16359
16359	16359
16359	16359
16359	16359
16359	16359
16359	16359
16359	16359
16359	16359
16359	16359
16359	16359
16359	16359
16359	16359
16359	16359
16359	16359
16359	16359
16359	16359
16359	16359
16359	16359
16359	16358
16354	16345
16338	16337
16346	16354
16355	16350
16343	16340
16317	16179
15698	14600
12837	10761
9103	8549
9010	9716
10108	10155
10055	9972
9948	9933
9882	9800
9711	9631
9568	9496
9334	8954
8276	7454
7047	7631
8964	10069
10170	9221
7793	6673
6345	6779
7601	8354
8810	9007
9106	9212
9333	9396
9357	9249
9153	9138
9187	9220
9228	9216
9058	8537
7608	6571
6033	6530
7954	9605
10889	11634
11959	12074
12148	12255
12352	12378
12353	12350
12317	12100
11590	10786
9683	8308
6851	5683
5190	5564
6602	7797
8735	9268
9468	9495
9490	9502
9535	9575
9614	9646
9667	9683
9699	9720
9703	9535
9017	8009
6708	5548
4786	4385
4235	4257
4368	4468
4493	4440
4347	4265
4222	4222
4246	4274
4293	4307
4319	4331
4341	4349
4357	4366
4375	4386
4395	4403
4412	4417
4423	4419
4417	4415
4422	4434
4448	4459
4476	4494
4522	4551
4581	4606
4628	4651
4692	4745
4778	4752
4695	4680
4750	4870
4967	5003
5037	5211
5661	6428
7426	8451
9219	9494
9227	8563
7687	6760
5922	5307
4974	4898
4994	5155
5276	5302
5226	5094
5010	5042
5130	5140
5048	5013
5245	5912
7064	8606
10340	12023
13451	14531
15260	15706
15969	16132
16241	16306
16336	16346
16346	16346
16346	16343
16339	16338
16339	16344
16351	16357
16357	16347
16315	16250
16177	16142
16164	16222
16280	16312
16320	16324
16337	16343
16328	16290
16255	16255
16291	16330
16352	16358
16359	16359
16359	16359
16359	16359
16359	16359
16359	16359
16359	16359
16359	16359
16359	16359
16359	16359
16359	16359
16359	16359
16359	16359
16358	16353
16332	16290
16235	16188
16147	16080
15920	15530
14653	13097
11066	9210
8286	8682
9982	11264
11981	12229
12281	12299
12328	12351
12351	12335
12324	12340
12389	12444
12476	12464
12406	12264
11936	11240
10090	8710
7896	8501
10412	12482
13517	13003
11363	9669
8880	9341
10577	11711
12280	12425
12410	12376
12357	12353
12355	12360
12369	12388
12430	12464
12373	12013
11360	10693
10590	11533
13238	14802
15699	16058
16173	16211
16228	16239
16245	16255
16267	16282
16292	16300
16307	16319
16337	16351
16357	16359
16359	16359
16359	16359
16359	16359
16359	16359
16359	16359
16359	16359
16359	16359
16359	16359
16359	16359
16359	16359
16359	16359
16359	16359
16359	16359
16359	16359
16359	16359
16359	16359
16359	16359
16359	16359
16359	16359
16359	16359
16359	16359
16359	16039
16359	10794
