12058	9902
8602	7132
6527	6327
6228	6194
6250	6352
6452	6540
6607	6626
6600	6565
6546	6540
6539	6535
6529	6516
6498	6480
6468	6451
6435	6420
6417	6424
6453	6509
6560	6559
6482	6362
6233	6127
6059	6039
6064	6127
6215	6311
6403	6488
6566	6642
6696	6692
6618	6479
6278	6024
5767	5582
5508	5502
5498	5463
5433	5486
5622	5757
5833	5856
5882	5960
6096	6234
6312	6292
6207	6105
6027	5959
5871	5747
5619	5525
5443	5289
5071	4884
4869	5081
5398	5583
5540	5343
5110	4924
4870	4996
5201	5306
5271	5211
5206	5246
5282	5290
5270	5232
5194	5177
5195	5249
5337	5442
5550	5664
5824	6061
6332	6515
6552	6469
6368	6363
6539	6930
7559	8425
9480	10598
11585	12262
12636	12858
12997	13031
13027	13140
13411	13698
13811	13593
12989	12010
10684	9080
7393	5891
4678	3742
3156	3148
3924	5492
7548	9613
11366	12732
13674	14156
14226	14007
13628	13169
12736	12419
12208	12015
11875	11948
12363	13104
13968	14686
15105	15260
15303	15369
15449	15450
15370	15309
15250	14997
14300	13086
11639	10443
9651	9056
8480	7973
7678	7709
8016	8396
8622	8580
8367	8238
8375	8826
9584	10546
11347	11528
10946	9877
8746	7881
7392	7214
7301	7679
8336	9158
9947	10473
10552	10136
9310	8284
7272	6430
5814	5414
5195	5134
5178	5256
5335	5421
5532	5666
5827	6005
6186	6354
6492	6592
6656	6706
6769	6871
6987	7073
7110	7114
7113	7121
7144	7187
7249	7331
7424	7526
7623	7727
7859	8042
8213	8284
8242	8166
8146	8204
8316	8422
8486	8500
8499	8539
8650	8830
9052	9265
9437	9554
9624	9675
9720	9768
9825	9899
9993	10116
10269	10448
10644	10841
11056	11308
11575	11800
11959	12073
12161	12226
12257	12253
12215	12154
12083	12021
11977	11976
12066	12287
12593	12876
13082	13240
13393	13552
13709	13851
13969	14055
14112	14143
14159	14171
14206	14285
14398	14511
14605	14692
14775	14850
14913	14952
14965	14946
14906	14851
14789	14726
14666	14599
14504	14363
14205	14081
13998	13907
13746	13491
13182	12908
12709	12570
12440	12270
12069	11883
11708	11500
11245	10979
10747	10551
10371	10162
9897	9583
9266	9010
8861	8814
8802	8757
8653	8531
8423	8330
8248	8186
8155	8163
8217	8311
8438	8585
8737	8882
9026	9182
9351	9509
9660	9821
10002	10201
10405	10606
10795	10967
11117	11238
11333	11420
11542	11727
11952	12145
12271	12357
12426	12482
12525	12548
12550	12527
12479	12416
12345	12265
12161	12021
11882	11801
11787	11782
11740	11646
11531	11438
11395	11394
11412	11412
11371	11281
11153	11008
10876	10776
10704	10637
10563	10475
10381	10279
10174	10071
9981	9899
9826	9735
9577	9395
8987	10275
12058	9902
8602	7132
6527	6327
6228	6194
6250	6352
6452	6540
6607	6626
6600	6566
6547	6541
6540	6536
6530	6516
6498	6480
6468	6451
6435	6420
6415	6415
6425	6445
6456	6446
6397	6318
6226	6135
6060	6018
6017	6067
6166	6306
6464	6608
6701	6708
6623	6477
6300	6116
5929	5732
5569	5498
5521	5574
5580	5524
5481	5557
5735	5890
5942	5924
5920	5992
6134	6281
6353	6308
6182	6042
5936	5851
5744	5597
5449	5363
5306	5185
4990	4845
4882	5146
5502	5725
5705	5507
5244	5029
4962	5083
5292	5417
5404	5360
5357	5378
5384	5356
5291	5209
5136	5098
5116	5191
5307	5445
5576	5689
5817	5995
6191	6316
6321	6228
6117	6071
6162	6438
6953	7748
8800	9982
11076	11877
12360	12645
12806	12842
12837	12955
13227	13521
13661	13529
13070	12265
11078	9521
7783	6173
4886	3963
3493	3649
4562	6174
8150	10022
11526	12658
13450	13881
13982	13843
13540	13120
12679	12325
12086	11918
11861	12017
12458	13132
13871	14464
14804	14929
14964	15009
15076	15103
15077	15006
14804	14264
13250	11843
10428	9448
8966	8674
8404	8286
8445	8832
9169	9143
8740	8284
8150	8531
9327	10250
11077	11671
11803	11233
10049	8701
7670	7219
7304	7683
8229	8960
9837	10699
11324	11549
11322	10727
9923	9071
8270	7556
6920	6373
5959	5724
5647	5626
5598	5565
5559	5598
5697	5846
6030	6215
6376	6490
6558	6599
6645	6729
6836	6927
6982	7015
7045	7081
7128	7182
7243	7310
7379	7447
7513	7589
7714	7912
8116	8211
8176	8099
8069	8115
8212	8304
8349	8346
8329	8352
8451	8622
8839	9060
9246	9374
9453	9504
9556	9612
9680	9765
9872	10004
10162	10347
10539	10734
10945	11190
11442	11645
11774	11863
11946	12034
12122	12201
12256	12279
12264	12226
12173	12144
12202	12405
12706	12989
13194	13347
13493	13645
13794	13930
14041	14120
14169	14193
14204	14210
14238	14301
14394	14487
14571	14648
14727	14797
14851	14881
14884	14860
14811	14749
14684	14621
14565	14511
14431	14297
14129	13988
13885	13773
13596	13328
13012	12732
12534	12403
12284	12122
11931	11753
11587	11378
11116	10838
10586	10378
10189	9978
9717	9407
9099	8859
8723	8689
8699	8686
8616	8522
8426	8335
8256	8196
8171	8188
8257	8370
8521	8693
8866	9027
9182	9339
9503	9663
9820	9992
10185	10395
10609	10816
11008	11177
11317	11423
11503	11573
11674	11837
12045	12230
12360	12446
12505	12538
12553	12551
12541	12515
12471	12403
12317	12221
12111	11987
11872	11793
11751	11719
11676	11613
11543	11482
11436	11408
11384	11354
11312	11249
11150	11017
10871	10750
10666	10599
10521	10437
10340	10238
10133	10032
9937	9857
9785	9697
9540	9368
8971	10269
12060	9901
8600	7132
6526	6326
6227	6194
6251	6351
6452	6540
6607	6626
6601	6565
6549	6542
6542	6538
6530	6516
6497	6480
6468	6451
6434	6418
6412	6407
6401	6387
6365	6337
6300	6247
6180	6100
6028	5981
5980	6039
6163	6341
6549	6731
6808	6715
6472	6169
5894	5687
5537	5427
5379	5430
5554	5653
5653	5563
5501	5602
5834	6015
6049	5993
5959	6021
6172	6326
6392	6322
6155	5975
5841	5734
5605	5426
5254	5166
5134	5061
4930	4858
4958	5250
5607	5843
5855	5676
5411	5190
5108	5203
5378	5484
5485	5464
5477	5509
5510	5469
5377	5260
5145	5075
5069	5136
5257	5404
5544	5649
5739	5841
5943	5983
5940	5830
5712	5632
5641	5795
6183	6892
7927	9166
10391	11370
12026	12428
12643	12702
12715	12836
13090	13350
13490	13449
13186	12626
11644	10167
8386	6687
5353	4490
4177	4528
5594	7235
9087	10700
11875	12700
13277	13624
13750	13696
13486	13131
12683	12257
11930	11743
11742	11974
12430	13019
13606	14064
14342	14467
14510	14536
14591	14654
14667	14516
14045	13136
11823	10364
9168	8564
8472	8531
8619	8924
9523	10161
10374	9839
8824	8067
8146	9105
10514	11743
12385	12330
11596	10276
8680	7298
6568	6669
7424	8449
9509	10572
11565	12291
12564	12313
11659	10850
10106	9531
9094	8670
8174	7608
7067	6668
6431	6270
6115	5953
5806	5707
5677	5717
5821	5966
6110	6233
6321	6388
6460	6560
6673	6776
6853	6919
6984	7054
7126	7197
7258	7309
7349	7381
7410	7454
7556	7741
7946	8045
8014	7941
7911	7957
8050	8140
8185	8180
8160	8182
8278	8441
8640	8831
8986	9104
9200	9291
9385	9482
9574	9673
9777	9897
10036	10196
10363	10542
10736	10969
11207	11394
11511	11600
11695	11824
11976	12136
12277	12379
12428	12429
12396	12366
12409	12587
12864	13128
13318	13461
13601	13746
13887	14015
14115	14187
14230	14250
14255	14256
14270	14313
14382	14457
14529	14599
14674	14734
14778	14799
14796	14764
14712	14645
14572	14507
14456	14416
14352	14222
14046	13886
13762	13629
13433	13152
12827	12544
12347	12225
12114	11963
11783	11612
11448	11241
10969	10676
10410	10185
9987	9774
9515	9216
8922	8694
8573	8553
8586	8604
8580	8519
8436	8349
8270	8215
8194	8226
8309	8444
8619	8814
9011	9192
9362	9524
9689	9849
10018	10203
10408	10631
10855	11071
11264	11429
11557	11650
11715	11763
11840	11967
12140	12317
12463	12565
12614	12609
12571	12528
12502	12486
12462	12404
12308	12183
12051	11937
11849	11775
11709	11650
11607	11577
11554	11528
11483	11420
11348	11288
11244	11211
11150	11028
10866	10726
10626	10554
10477	10391
10293	10192
10088	9987
9893	9812
9740	9653
9503	9345
8968	10276
12065	9902
8598	7125
6519	6322
6226	6195
6253	6350
6450	6538
6605	6626
6605	6571
6552	6547
6548	6545
6532	6513
6492	6476
6463	6447
6427	6408
6397	6391
6381	6355
6318	6272
6222	6159
6089	6017
5964	5948
5985	6081
6236	6433
6641	6800
6810	6597
6211	5797
5481	5293
5206	5184
5240	5392
5588	5721
5713	5592
5509	5619
5876	6074
6101	6028
5983	6041
6196	6352
6411	6324
6127	5919
5762	5629
5479	5275
5080	4986
4981	4964
4928	4955
5118	5396
5700	5910
5946	5803
5568	5364
5282	5333
5435	5485
5477	5476
5523	5585
5620	5595
5508	5376
5234	5126
5080	5104
5190	5311
5435	5533
5600	5643
5658	5621
5531	5411
5293	5191
5139	5194
5471	6094
7092	8366
9706	10877
11750	12310
12603	12701
12740	12844
13025	13184
13263	13278
13211	12916
12169	10811
9035	7326
6039	5304
5170	5701
6875	8505
10200	11536
12380	12895
13247	13492
13625	13653
13535	13231
12761	12230
11777	11533
11572	11876
12356	12876
13343	13718
13988	14153
14221	14221
14223	14264
14217	13839
12985	11717
10285	9053
8335	8244
8558	8914
9264	9830
10599	11155
11014	10008
8658	7910
8334	9755
11485	12686
12876	12057
10547	8797
7221	6154
5868	6487
7789	9320
10748	11954
12821	13192
12956	12172
11107	10130
9506	9275
9277	9266
9069	8664
8160	7712
7386	7143
6916	6675
6416	6157
5928	5760
5675	5674
5737	5838
5957	6082
6221	6369
6516	6644
6749	6842
6933	7032
7129	7220
7294	7341
7361	7360
7351	7356
7418	7559
7721	7802
7778	7722
7714	7773
7876	7973
8035	8053
8055	8094
8195	8353
8518	8640
8717	8797
8920	9080
9254	9411
9539	9641
9725	9803
9888	9988
10107	10252
10431	10649
10872	11055
11186	11306
11450	11631
11841	12057
12250	12399
12498	12552
12573	12591
12657	12816
13042	13253
13411	13544
13678	13818
13955	14069
14163	14226
14268	14288
14291	14287
14291	14319
14371	14435
14498	14563
14628	14682
14719	14736
14726	14689
14630	14558
14482	14417
14367	14336
14278	14150
13969	13795
13655	13504
13295	13001
12673	12386
12196	12074
11970	11827
11651	11484
11317	11103
10826	10524
10248	10019
9814	9602
9349	9064
8785	8572
8462	8449
8493	8539
8551	8517
8452	8373
8302	8253
8243	8283
8380	8532
8725	8939
9149	9342
9521	9694
9863	10036
10214	10407
10620	10846
11077	11299
11500	11662
11785	11868
11919	11958
12008	12090
12218	12384
12552	12675
12715	12667
12572	12485
12442	12448
12458	12429
12325	12167
12000	11882
11811	11744
11660	11588
11553	11554
11572	11569
11518	11420
11306	11218
11179	11171
11141	11032
10862	10707
10599	10525
10445	10358
10261	10157
10050	9947
9853	9771
9696	9612
9473	9338
8992	10310
12076	9898
8588	7106
6499	6306
6221	6199
6259	6355
6446	6531
6598	6628
6615	6586
6568	6563
6570	6564
6539	6504
6473	6456
6452	6436
6407	6373
6349	6341
6341	6332
6298	6246
6171	6079
5989	5922
5903	5948
6053	6212
6392	6567
6705	6760
6653	6325
5857	5422
5144	5013
4989	5031
5154	5365
5604	5762
5770	5660
5573	5656
5871	6046
6077	6020
5987	6048
6198	6346
6395	6298
6088	5862
5679	5520
5339	5118
4914	4829
4857	4915
4980	5109
5319	5566
5788	5937
5967	5851
5648	5480
5417	5441
5482	5468
5428	5427
5497	5595
5666	5675
5615	5495
5347	5212
5124	5098
5131	5202
5290	5373
5426	5434
5395	5315
5213	5108
5002	4888
4777	4741
4918	5455
6408	7688
9111	10461
11552	12282
12668	12818
12873	12927
12983	12993
12980	13021
13101	13037
12517	11326
9664	8066
6927	6363
6391	7034
8231	9767
11265	12345
12918	13187
13352	13487
13604	13669
13602	13313
12797	12169
11630	11369
11469	11855
12372	12870
13288	13646
13950	14166
14256	14224
14152	14081
13822	13058
11755	10226
8924	8198
8160	8658
9340	9902
10340	10847
11341	11414
10752	9478
8233	7852
8674	10311
11959	12796
12412	10977
9059	7326
6139	5570
5713	6708
8362	10176
11710	12755
13219	13056
12294	11090
9784	8792
8364	8477
8893	9292
9451	9315
8993	8643
8372	8174
8001	7792
7503	7106
6635	6159
5769	5513
5404	5420
5526	5700
5911	6128
6327	6492
6624	6738
6842	6948
7067	7188
7297	7369
7390	7365
7315	7274
7281	7367
7484	7558
7566	7562
7589	7661
7757	7855
7937	7995
8037	8099
8201	8347
8477	8530
8523	8556
8689	8909
9153	9365
9510	9602
9651	9674
9683	9701
9757	9871
10051	10274
10492	10674
10823	10980
11180	11424
11688	11941
12154	12319
12447	12557
12671	12789
12921	13073
13227	13353
13458	13570
13707	13855
13989	14091
14164	14217
14265	14298
14311	14304
14298	14317
14369	14435
14499	14562
14619	14666
14698	14706
14691	14649
14581	14505
14428	14360
14306	14262
14192	14060
13876	13696
13542	13375
13153	12856
12531	12251
12058	11929
11816	11674
11501	11328
11149	10922
10638	10334
10058	9826
9627	9429
9205	8952
8708	8518
8410	8390
8427	8474
8504	8494
8452	8397
8350	8323
8336	8395
8507	8671
8872	9091
9302	9497
9679	9856
10039	10226
10414	10611
10810	11023
11250	11481
11696	11871
11990	12062
12107	12144
12183	12223
12296	12438
12616	12751
12784	12711
12588	12477
12431	12446
12478	12466
12368	12184
11982	11840
11761	11688
11601	11536
11526	11560
11598	11592
11517	11385
11240	11142
11113	11126
11116	11020
10855	10698
10590	10510
10430	10340
10236	10127
10015	9902
9802	9712
9635	9551
9425	9320
9007	10346
12104	9895
8567	7065
6457	6279
6212	6205
6271	6361
6437	6513
6587	6631
6638	6614
6593	6593
6609	6599
6552	6488
6438	6422
6427	6414
6368	6302
6256	6242
6264	6287
6281	6237
6156	6050
5954	5899
5919	6021
6193	6395
6570	6675
6678	6569
6315	5908
5445	5102
4938	4897
4917	4989
5132	5350
5590	5759
5806	5757
5707	5744
5862	5965
5993	5972
5969	6041
6171	6291
6322	6222
6020	5790
5577	5377
5162	4931
4747	4695
4778	4914
5068	5272
5513	5729
5881	5954
5931	5796
5605	5473
5453	5501
5535	5490
5404	5370
5423	5524
5609	5645
5614	5527
5402	5275
5167	5106
5086	5106
5148	5196
5223	5203
5141	5063
4995	4945
4881	4764
4606	4492
4573	5022
5898	7133
8582	10070
11368	12282
12787	13004
13064	13037
12941	12814
12735	12789
12960	13042
12722	11768
10360	9006
8083	7690
7821	8469
9558	10880
12122	12974
13372	13488
13513	13536
13579	13606
13524	13220
12686	12060
11564	11398
11605	12060
12591	13071
13475	13840
14169	14399
14488	14449
14340	14129
13554	12313
10560	8915
7963	7923
8633	9674
10639	11299
11647	11756
11543	10821
9651	8458
7804	8103
9295	10836
11986	12156
11183	9423
7549	6205
5567	5466
5930	7181
9061	10970
12336	12899
12693	11902
10719	9347
8088	7302
7170	7608
8350	9080
9554	9705
9617	9459
9352	9330
9345	9311
9107	8626
7891	7033
6233	5619
5246	5084
5103	5262
5516	5792
6045	6255
6425	6550
6646	6742
6869	7038
7214	7342
7386	7346
7254	7164
7127	7173
7279	7387
7474	7552
7627	7689
7746	7814
7906	8006
8092	8165
8253	8373
8482	8504
8458	8453
8567	8797
9069	9290
9426	9494
9513	9488
9424	9349
9325	9425
9641	9908
10139	10308
10436	10593
10824	11128
11458	11756
11988	12153
12294	12459
12676	12925
13157	13319
13400	13428
13462	13546
13690	13854
13996	14079
14124	14167
14229	14291
14324	14313
14295	14318
14392	14482
14556	14614
14664	14705
14728	14727
14703	14649
14578	14495
14414	14336
14262	14181
14079	13929
13742	13560
13392	13210
12978	12689
12374	12099
11892	11743
11613	11467
11292	11105
10900	10653
10362	10061
9787	9561
9380	9220
9056	8877
8692	8532
8423	8373
8374	8402
8431	8444
8438	8426
8426	8448
8502	8593
8728	8901
9099	9306
9502	9682
9850	10025
10219	10425
10629	10813
10980	11154
11357	11598
11843	12038
12158	12222
12266	12316
12363	12379
12400	12495
12650	12772
12798	12738
12640	12558
12514	12512
12523	12507
12420	12239
12017	11830
11704	11604
11527	11497
11533	11596
11629	11589
11466	11298
11147	11063
11051	11074
11066	10980
10834	10692
10590	10508
10420	10321
10210	10092
9967	9842
9728	9625
9537	9450
9333	9252
8973	10348
12132	9890
8539	7014
6404	6242
6203	6219
6290	6367
6430	6491
6569	6636
6664	6645
6621	6626
6651	6637
6568	6472
6406	6391
6406	6391
6320	6220
6140	6121
6158	6213
6242	6224
6164	6082
6006	5983
6035	6173
6367	6559
6683	6678
6530	6260
5888	5456
5074	4874
4859	4913
4963	5040
5177	5371
5571	5722
5806	5841
5854	5858
5862	5873
5891	5906
5936	6002
6096	6168
6171	6074
5896	5676
5449	5218
4981	4759
4612	4607
4743	4931
5142	5381
5627	5822
5924	5928
5839	5666
5480	5381
5410	5509
5577	5535
5418	5334
5340	5402
5466	5499
5487	5433
5345	5249
5160	5094
5053	5035
5032	5031
5013	4961
4892	4850
4851	4882
4879	4787
4607	4435
4438	4781
5532	6646
8049	9626
11118	12235
12883	13186
13263	13159
12941	12723
12621	12685
12875	13021
12855	12185
11138	10114
9426	9166
9328	9879
10740	11755
12698	13350
13654	13713
13661	13585
13520	13457
13310	12985
12490	11982
11659	11678
12019	12519
13021	13450
13814	14148
14442	14639
14722	14716
14620	14280
13365	11664
9568	7965
7488	8154
9514	10944
12033	12654
12759	12285
11215	9716
8267	7486
7699	8756
10179	11365
11797	11224
9798	8019
6497	5653
5450	5635
6280	7692
9691	11522
12497	12395
11447	10115
8750	7516
6600	6221
6464	7186
8128	9002
9619	9931
10027	10081
10212	10447
10734	10946
10878	10341
9340	8087
6861	5880
5223	4856
4735	4822
5061	5357
5649	5910
6124	6267
6351	6434
6567	6770
7009	7194
7270	7229
7118	7005
6958	7013
7150	7323
7497	7649
7755	7787
7781	7809
7902	8035
8151	8218
8266	8356
8460	8498
8458	8437
8520	8726
8986	9192
9307	9362
9377	9331
9206	9042
8941	9017
9277	9599
9853	9994
10066	10180
10409	10753
11147	11503
11762	11932
12079	12289
12595	12967
13306	13507
13548	13505
13477	13536
13680	13857
14001	14077
14106	14145
14217	14300
14345	14331
14301	14333
14440	14557
14641	14696
14739	14770
14787	14776
14740	14677
14594	14506
14417	14324
14220	14089
13931	13752
13566	13386
13207	13006
12766	12486
12189	11920
11696	11516
11360	11203
11028	10825
10588	10318
10025	9732
9466	9253
9099	8994
8908	8815
8705	8586
8476	8390
8340	8335
8363	8399
8437	8480
8537	8617
8727	8858
9019	9200
9390	9578
9747	9899
10044	10208
10403	10628
10843	11011
11128	11248
11420	11671
11945	12168
12295	12351
12394	12465
12536	12546
12524	12561
12669	12756
12772	12746
12717	12687
12655	12612
12576	12537
12469	12320
12094	11856
11661	11519
11453	11475
11562	11648
11661	11567
11389	11197
11057	11000
11004	11021
10994	10909
10786	10670
10576	10489
10391	10280
10160	10030
9892	9753
9624	9506
9407	9311
9200	9138
8881	10306
12146	9878
8514	6973
6365	6218
6202	6233
6309	6376
6420	6475
6553	6634
6676	6665
6634	6635
6660	6651
6576	6478
6408	6392
6403	6378
6291	6166
6063	6031
6070	6140
6192	6205
6177	6138
6115	6141
6223	6363
6523	6645
6664	6540
6278	5920
5517	5125
4847	4777
4868	4976
5045	5124
5257	5425
5578	5696
5787	5880
5946	5935
5867	5816
5820	5852
5887	5926
5965	5979
5941	5844
5692	5506
5299	5079
4862	4677
4574	4593
4733	4933
5158	5399
5627	5793
5860	5826
5710	5545
5398	5334
5383	5496
5580	5550
5432	5322
5279	5282
5293	5293
5271	5230
5173	5115
5060	5018
4986	4966
4939	4900
4835	4754
4686	4681
4747	4857
4925	4885
4725	4536
4475	4698
5264	6185
7467	9080
10753	12076
12885	13291
13410	13284
13011	12763
12663	12715
12867	13007
12954	12557
11881	11194
10725	10553
10681	11071
11656	12337
12984	13466
13730	13804
13755	13642
13505	13350
13132	12790
12371	12020
11909	12121
12587	13119
13575	13917
14181	14420
14624	14768
14850	14892
14790	14293
13074	11063
8851	7455
7459	8687
10463	12052
13075	13492
13255	12250
10571	8688
7331	7145
8141	9713
11124	11850
11650	10583
9006	7445
6321	5788
5721	5956
6660	8114
10037	11574
12032	11301
9829	8290
7090	6296
5925	6060
6667	7553
8460	9185
9641	9882
10054	10316
10730	11246
11761	12125
12105	11484
10268	8733
7227	6029
5222	4746
4521	4508
4653	4896
5181	5471
5725	5904
6016	6106
6239	6445
6691	6891
6984	6964
6880	6806
6812	6926
7123	7340
7534	7693
7782	7780
7735	7742
7848	7999
8113	8146
8152	8212
8326	8392
8383	8373
8456	8651
8900	9109
9244	9334
9385	9352
9201	8969
8784	8805
9047	9373
9631	9745
9768	9836
10049	10408
10839	11225
11501	11674
11829	12066
12445	12911
13344	13605
13673	13630
13592	13627
13744	13901
14040	14131
14184	14235
14303	14369
14392	14363
14331	14374
14495	14620
14707	14756
14791	14812
14819	14800
14753	14681
14594	14497
14400	14292
14162	13980
13765	13554
13369	13192
13006	12791
12544	12272
11990	11723
11486	11280
11102	10938
10757	10541
10282	9998
9711	9432
9182	8985
8860	8799
8774	8750
8699	8616
8511	8403
8328	8311
8353	8424
8501	8586
8695	8823
8970	9136
9318	9503
9684	9852
10003	10131
10254	10394
10582	10806
11022	11174
11255	11332
11481	11730
12024	12259
12390	12439
12484	12575
12667	12682
12636	12634
12693	12737
12733	12733
12754	12771
12743	12669
12587	12537
12492	12378
12167	11902
11652	11474
11412	11463
11580	11675
11673	11546
11338	11138
11014	10977
10985	10974
10913	10812
10697	10597
10511	10420
10314	10196
10067	9929
9780	9634
9495	9369
9259	9162
9050	9000
8756	10226
12137	9864
8493	6953
6351	6215
6213	6255
6327	6386
6419	6464
6541	6622
6670	6658
6619	6605
6622	6621
6574	6504
6454	6438
6430	6386
6286	6160
6050	5999
6019	6083
6148	6185
6193	6202
6245	6326
6438	6548
6618	6609
6493	6267
5955	5612
5275	4976
4797	4798
4924	5045
5116	5204
5346	5503
5624	5702
5768	5866
5947	5942
5859	5791
5786	5807
5813	5805
5777	5727
5650	5550
5428	5292
5141	4986
4836	4718
4652	4666
4763	4927
5131	5350
5540	5661
5698	5664
5584	5493
5421	5401
5435	5499
5534	5500
5404	5304
5232	5182
5133	5080
5025	4973
4930	4896
4876	4867
4869	4864
4843	4786
4698	4604
4546	4566
4674	4832
4962	4986
4886	4723
4624	4712
5062	5726
6829	8433
10254	11778
12752	13276
13474	13387
13129	12903
12810	12821
12889	12981
12997	12831
12495	12126
11855	11738
11785	11971
12264	12631
13019	13366
13621	13768
13792	13710
13545	13316
13020	12667
12325	12133
12211	12587
13153	13717
14138	14386
14514	14602
14690	14774
14849	14876
14683	13977
12525	10438
8391	7355
7776	9329
11250	12787
13593	13691
13084	11727
9850	8066
7142	7563
9072	10809
11999	12310
11741	10530
9076	7800
6917	6413
6221	6379
7090	8459
10068	11087
10979	9827
8237	6937
6264	6130
6385	6974
7779	8574
9151	9419
9458	9467
9654	10130
10820	11525
12074	12347
12179	11414
10107	8548
7098	6006
5326	4931
4689	4541
4490	4559
4747	5003
5267	5488
5655	5789
5933	6110
6304	6467
6566	6597
6598	6621
6727	6934
7195	7407
7540	7614
7640	7603
7556	7583
7708	7857
7937	7916
7874	7917
8045	8139
8169	8206
8328	8545
8804	9042
9243	9420
9553	9570
9429	9166
8918	8839
8979	9232
9451	9544
9552	9604
9806	10160
10583	10956
11214	11377
11534	11798
12222	12755
13264	13610
13763	13798
13802	13829
13895	13993
14114	14241
14355	14439
14486	14487
14449	14397
14377	14429
14539	14646
14718	14762
14791	14806
14804	14777
14721	14643
14547	14443
14339	14222
14070	13851
13587	13350
13155	12984
12792	12573
12324	12057
11781	11515
11269	11051
10862	10689
10505	10281
10014	9733
9459	9198
8971	8794
8690	8653
8658	8669
8650	8596
8506	8404
8336	8350
8431	8541
8649	8762
8892	9045
9211	9395
9586	9775
9951	10112
10250	10366
10470	10590
10754	10962
11167	11304
11369	11427
11562	11800
12091	12326
12454	12504
12552	12651
12750	12773
12724	12707
12731	12738
12705	12696
12728	12756
12728	12640
12547	12503
12483	12407
12223	11961
11693	11492
11411	11453
11569	11662
11658	11529
11328	11144
11037	11005
10991	10938
10831	10697
10570	10468
10382	10292
10185	10065
9931	9790
9644	9496
9352	9225
9118	9020
8912	8870
8636	10144
12116	9848
8483	6950
6353	6230
6235	6280
6349	6402
6425	6461
6528	6607
6653	6637
6583	6550
6549	6562
6558	6548
6532	6512
6478	6409
6306	6194
6090	6021
6006	6052
6127	6186
6228	6286
6382	6512
6627	6681
6629	6464
6210	5905
5601	5342
5129	4957
4867	4895
5005	5105
5176	5280
5438	5593
5691	5725
5747	5804
5876	5881
5825	5768
5751	5739
5700	5630
5541	5437
5325	5224
5133	5055
4985	4923
4872	4833
4812	4809
4851	4960
5129	5310
5454	5525
5537	5519
5507	5513
5534	5550
5551	5524
5476	5405
5325	5244
5166	5077
4988	4895
4811	4742
4696	4669
4664	4674
4696	4713
4708	4664
4586	4508
4470	4503
4619	4792
4958	5048
5027	4920
4809	4782
4910	5303
6188	7728
9641	11335
12479	13143
13449	13440
13241	13055
12966	12916
12882	12895
12955	12993
12972	12908
12828	12750
12685	12643
12649	12732
12902	13144
13411	13641
13758	13724
13529	13213
12833	12461
12204	12175
12438	12959
13613	14213
14620	14793
14798	14748
14719	14725
14726	14616
14202	13243
11675	9760
8150	7591
8337	9988
11825	13161
13694	13452
12517	10972
9185	7805
7470	8423
10212	11899
12823	12846
12135	10970
9686	8562
7698	7066
6735	6897
7659	8862
9974	10341
9708	8403
7089	6379
6442	7009
7788	8607
9297	9671
9649	9323
8931	8763
9018	9697
10561	11252
11555	11454
10952	10045
8850	7625
6642	6049
5798	5675
5489	5164
4798	4549
4504	4620
4821	5047
5262	5450
5615	5761
5896	6020
6136	6244
6362	6506
6718	7011
7309	7485
7515	7468
7407	7342
7311	7371
7513	7642
7669	7584
7492	7520
7663	7794
7876	7988
8181	8426
8688	8950
9221	9501
9731	9824
9731	9487
9214	9042
9039	9158
9293	9357
9368	9435
9643	9978
10358	10680
10892	11027
11183	11471
11934	12518
13090	13523
13784	13931
14014	14050
14059	14092
14190	14356
14538	14657
14666	14589
14480	14409
14408	14470
14557	14637
14691	14726
14749	14759
14746	14711
14650	14564
14464	14353
14241	14119
13951	13701
13404	13134
12934	12760
12569	12349
12102	11835
11561	11295
11046	10823
10629	10453
10265	10036
9768	9495
9239	9006
8802	8648
8559	8536
8553	8575
8576	8542
8476	8401
8369	8428
8569	8725
8859	8985
9123	9280
9453	9641
9835	10022
10197	10355
10490	10603
10695	10802
10941	11121
11304	11430
11490	11548
11672	11893
12159	12382
12502	12552
12602	12699
12802	12832
12794	12774
12778	12747
12680	12642
12658	12672
12635	12548
12466	12442
12456	12413
12263	12025
11767	11555
11440	11448
11531	11614
11617	11513
11343	11188
11096	11053
11004	10901
10740	10566
10413	10303
10213	10126
10022	9903
9773	9637
9493	9351
9213	9090
8988	8895
8792	8766
8549	10083
12090	9827
8468	6946
6363	6250
6264	6312
6378	6424
6438	6462
6518	6589
6627	6604
6534	6477
6457	6486
6538	6589
6611	6588
6523	6435
6339	6245
6154	6065
6016	6042
6131	6224
6302	6398
6531	6669
6754	6718
6536	6229
5864	5519
5263	5113
5042	5002
4991	5028
5102	5170
5240	5360
5536	5691
5764	5751
5715	5717
5761	5778
5753	5711
5675	5622
5535	5417
5280	5138
5009	4914
4857	4838
4850	4881
4923	4966
4988	4988
5001	5072
5205	5348
5446	5476
5464	5462
5507	5592
5676	5715
5674	5564
5423	5296
5198	5121
5043	4954
4857	4755
4662	4586
4530	4495
4478	4482
4497	4513
4520	4510
4483	4452
4447	4486
4587	4744
4919	5052
5106	5072
4981	4872
4816	4960
5620	7038
8970	10779
12081	12907
13346	13429
13293	13144
13050	12937
12797	12730
12816	13024
13275	13477
13565	13524
13374	13160
12949	12811
12805	12941
13179	13430
13585	13552
13312	12918
12475	12111
11955	12100
12547	13202
13918	14534
14931	15064
15003	14871
14763	14665
14498	14117
13365	12156
10615	9108
8136	8123
9100	10675
12246	13275
13500	12944
11744	10138
8599	7749
8021	9392
11283	12839
13555	13436
12705	11610
10369	9172
8144	7403
7142	7528
8451	9468
10032	9778
8802	7624
6845	6824
7500	8490
9432	10106
10363	10118
9476	8723
8164	8034
8421	9203
10029	10470
10348	9766
8925	7992
7134	6530
6297	6433
6771	7018
6935	6446
5723	5067
4662	4512
4545	4690
4894	5101
5271	5395
5495	5609
5766	5973
6210	6458
6738	7074
7375	7505
7445	7302
7178	7093
7079	7165
7317	7422
7402	7258
7122	7134
7290	7462
7611	7806
8069	8321
8545	8786
9089	9442
9759	9931
9916	9747
9513	9298
9173	9144
9169	9179
9194	9282
9491	9799
10128	10389
10554	10662
10815	11118
11607	12219
12834	13341
13701	13958
14127	14191
14179	14169
14247	14432
14651	14779
14753	14612
14456	14380
14404	14474
14545	14598
14635	14665
14684	14687
14669	14625
14554	14461
14351	14231
14116	13988
13809	13536
13205	12918
12706	12530
12342	12119
11872	11605
11334	11065
10819	10596
10400	10223
10033	9798
9524	9258
9024	8822
8645	8513
8442	8428
8449	8481
8498	8487
8453	8411
8422	8537
8736	8932
9088	9220
9361	9520
9697	9884
10076	10265
10440	10599
10732	10839
10932	11026
11147	11299
11457	11567
11629	11689
11806	12003
12239	12435
12548	12602
12655	12746
12842	12880
12858	12838
12824	12759
12649	12576
12562	12560
12513	12431
12366	12372
12417	12409
12296	12091
11852	11629
11480	11435
11480	11545
11559	11483
11353	11229
11153	11095
11008	10850
10639	10423
10253	10133
10041	9955
9856	9742
9618	9488
9352	9217
9087	8974
8877	8790
8703	8701
8513	10058
12056	9801
8452	6941
6373	6274
6300	6354
6420	6458
6460	6470
6512	6571
6601	6569
6488	6406
6372	6415
6518	6626
6683	6656
6563	6459
6374	6305
6228	6124
6043	6056
6164	6296
6414	6539
6671	6770
6774	6625
6320	5913
5495	5164
4984	4952
5012	5086
5136	5172
5206	5240
5306	5441
5625	5774
5819	5763
5666	5613
5620	5647
5642	5606
5538	5444
5323	5181
5026	4878
4750	4673
4651	4683
4756	4858
4968	5071
5141	5168
5189	5249
5359	5469
5532	5535
5514	5518
5585	5693
5794	5822
5750	5585
5379	5189
5047	4949
4879	4812
4739	4662
4584	4514
4454	4398
4353	4317
4296	4286
4294	4328
4376	4421
4458	4508
4590	4714
4865	5017
5126	5164
5110	4973
4792	4749
5193	6441
8292	10146
11591	12592
13180	13362
13273	13145
13041	12878
12652	12511
12600	12920
13353	13710
13889	13887
13747	13518
13256	13027
12891	12885
12988	13125
13194	13106
12831	12431
12016	11729
11708	12024
12623	13357
14070	14649
15016	15139
15073	14940
14790	14581
14176	13432
12303	10908
9553	8622
8397	8932
10059	11423
12600	13208
13054	12162
10750	9204
8056	7816
8660	10312
12150	13507
14062	13893
13190	12112
10773	9339
8092	7394
7481	8318
9482	10346
10468	9818
8790	7976
7772	8214
9041	9877
10437	10574
10237	9474
8536	7787
7462	7588
8070	8717
9225	9266
8757	7883
6947	6229
5895	6003
6516	7302
8128	8685
8722	8150
7165	6134
5330	4828
4602	4575
4671	4818
4949	5038
5111	5233
5452	5756
6091	6406
6707	7024
7292	7385
7290	7129
6994	6913
6909	7008
7158	7256
7211	7040
6877	6876
7035	7238
7444	7711
8014	8242
8386	8554
8834	9207
9568	9806
9881	9830
9699	9517
9328	9183
9092	9036
9024	9104
9295	9570
9859	10086
10234	10341
10502	10805
11281	11878
12494	13039
13479	13828
14080	14203
14218	14214
14286	14456
14657	14759
14706	14546
14389	14330
14377	14454
14512	14543
14566	14589
14604	14600
14575	14522
14444	14341
14222	14095
13974	13840
13649	13356
13013	12709
12492	12314
12123	11902
11654	11387
11113	10850
10601	10378
10182	10008
9813	9566
9287	9029
8823	8649
8506	8400
8343	8338
8368	8409
8444	8460
8459	8457
8512	8672
8911	9138
9309	9445
9586	9744
9923	10109
10302	10489
10668	10823
10957	11068
11163	11258
11372	11505
11634	11730
11791	11855
11961	12129
12328	12496
12603	12663
12718	12800
12883	12921
12913	12900
12866	12765
12618	12508
12466	12444
12390	12311
12261	12288
12363	12390
12307	12139
11917	11690
11504	11413
11420	11469
11488	11440
11341	11247
11179	11105
10982	10778
10521	10278
10098	9975
9890	9806
9713	9606
9491	9368
9241	9112
8993	8885
8795	8717
8650	8676
8536	10071
12020	9770
8425	6928
6378	6299
6339	6403
6470	6503
6492	6485
6509	6556
6573	6537
6448	6352
6306	6361
6499	6648
6729	6698
6587	6477
6406	6364
6303	6192
6090	6095
6225	6396
6550	6680
6774	6782
6661	6386
5986	5538
5142	4886
4808	4887
5044	5197
5289	5318
5311	5313
5375	5518
5700	5829
5843	5744
5598	5491
5461	5482
5493	5446
5342	5214
5080	4945
4806	4681
4582	4534
4543	4611
4719	4856
4997	5129
5236	5309
5367	5443
5536	5620
5663	5664
5647	5648
5692	5764
5820	5813
5718	5547
5327	5097
4899	4769
4704	4671
4641	4604
4558	4504
4440	4363
4281	4200
4132	4086
4088	4156
4275	4397
4493	4568
4642	4727
4841	4979
5113	5206
5201	5067
4833	4665
4931	5972
7665	9489
11045	12225
12979	13266
13218	13095
12979	12781
12498	12303
12367	12725
13218	13600
13765	13789
13751	13663
13520	13341
13154	12999
12886	12794
12674	12483
12204	11880
11601	11490
11648	12121
12810	13533
14151	14622
14920	15034
15004	14903
14741	14415
13761	12661
11216	9764
8731	8437
8906	9894
11076	12165
12881	12994
12388	11136
9575	8216
7588	7999
9337	11120
12772	13856
14242	14026
13332	12213
10716	9044
7687	7235
7888	9268
10676	11439
11311	10560
9739	9351
9524	9991
10411	10549
10332	9780
8972	8044
7272	6957
7132	7560
7980	8226
8184	7783
7070	6233
5555	5317
5627	6392
7444	8591
9611	10272
10350	9758
8655	7397
6291	5485
4996	4760
4691	4708
4743	4757
4784	4906
5166	5539
5935	6275
6556	6819
7038	7123
7071	6970
6887	6828
6821	6907
7051	7147
7111	6948
6783	6769
6923	7131
7364	7670
7992	8182
8229	8296
8505	8840
9195	9465
9621	9703
9714	9624
9442	9236
9057	8927
8867	8905
9058	9297
9565	9802
9978	10117
10293	10577
10998	11518
12084	12632
13127	13551
13874	14076
14177	14238
14319	14448
14577	14625
14558	14428
14323	14305
14363	14431
14464	14475
14487	14500
14510	14503
14470	14411
14322	14207
14077	13943
13813	13674
13475	13178
12825	12520
12302	12122
11931	11710
11462	11196
10922	10654
10407	10185
9993	9817
9620	9362
9074	8822
8641	8508
8399	8317
8279	8283
8318	8372
8427	8473
8511	8554
8648	8838
9096	9334
9507	9644
9785	9945
10120	10310
10501	10691
10866	11024
11159	11273
11377	11487
11603	11725
11829	11910
11970	12036
12128	12268
12425	12566
12666	12735
12791	12859
12921	12954
12955	12946
12898	12769
12589	12450
12382	12343
12280	12199
12156	12199
12295	12342
12289	12146
11946	11714
11503	11376
11352	11388
11409	11381
11305	11226
11161	11075
10920	10677
10390	10133
9957	9845
9767	9692
9606	9507
9400	9285
9165	9042
8930	8832
8749	8683
8633	8690
8592	10107
11976	9733
8399	6917
6383	6323
6382	6455
6524	6547
6523	6499
6508	6533
6547	6510
6422	6317
6266	6321
6475	6643
6733	6701
6583	6476
6427	6414
6373	6270
6164	6171
6314	6510
6680	6789
6802	6682
6415	6023
5569	5147
4841	4706
4748	4912
5130	5323
5434	5450
5409	5388
5446	5581
5739	5840
5826	5697
5513	5360
5293	5298
5306	5245
5109	4959
4835	4732
4641	4566
4514	4504
4541	4621
4738	4871
5010	5141
5264	5379
5489	5582
5661	5721
5760	5779
5778	5772
5764	5755
5727	5665
5561	5423
5241	5015
4787	4629
4566	4558
4559	4556
4537	4500
4437	4351
4249	4143
4044	3974
3962	4037
4188	4365
4524	4650
4738	4805
4879	4983
5116	5233
5263	5146
4896	4663
4789	5618
7104	8838
10467	11823
12758	13167
13171	13048
12923	12712
12411	12179
12200	12521
12969	13268
13359	13380
13454	13549
13595	13548
13395	13153
12859	12540
12227	11929
11662	11458
11379	11507
11892	12503
13208	13830
14278	14583
14770	14849
14836	14752
14556	14108
13237	11886
10292	8955
8326	8586
9550	10789
11920	12716
12996	12624
11568	10011
8418	7389
7350	8346
10025	11790
13164	13935
14108	13778
13010	11792
10174	8428
7207	7208
8481	10326
11872	12563
12372	11740
11197	11046
11191	11247
10932	10230
9287	8304
7418	6750
6466	6713
7323	7879
8039	7720
7053	6271
5546	5006
4838	5236
6189	7471
8805	9984
10869	11350
11307	10673
9571	8295
7128	6222
5612	5240
5034	4911
4814	4710
4649	4719
4966	5339
5735	6051
6282	6486
6675	6801
6855	6874
6873	6841
6813	6858
6976	7076
7068	6934
6781	6763
6893	7079
7309	7628
7956	8114
8090	8063
8183	8444
8750	9012
9213	9398
9544	9568
9444	9237
9021	8840
8734	8725
8832	9042
9304	9570
9799	9988
10180	10426
10760	11170
11645	12168
12694	13164
13544	13844
14071	14240
14356	14431
14458	14439
14382	14328
14311	14344
14398	14429
14424	14407
14400	14405
14409	14395
14357	14290
14189	14066
13926	13783
13644	13496
13295	13000
12650	12348
12131	11954
11762	11542
11293	11027
10753	10486
10238	10017
9825	9651
9452	9189
8892	8653
8502	8407
8338	8289
8267	8279
8321	8384
8460	8540
8619	8703
8833	9036
9293	9519
9687	9822
9962	10120
10297	10487
10680	10867
11042	11201
11339	11457
11575	11700
11834	11947
12034	12100
12163	12233
12319	12421
12535	12645
12736	12809
12869	12922
12958	12977
12982	12974
12918	12772
12570	12408
12323	12268
12196	12111
12066	12112
12211	12269
12228	12105
11922	11694
11469	11322
11279	11304
11325	11304
11237	11162
11090	10991
10815	10554
10251	9996
9832	9737
9670	9604
9527	9437
9336	9231
9118	9007
8901	8809
8736	8678
8644	8722
8650	10133
11924	9693
8369	6907
6395	6353
6424	6506
6576	6592
6554	6508
6499	6509
6515	6484
6409	6312
6255	6300
6446	6608
6694	6663
6556	6465
6438	6451
6435	6357
6265	6274
6419	6613
6771	6823
6729	6473
6072	5595
5139	4798
4627	4636
4783	5010
5250	5447
5556	5556
5494	5462
5511	5626
5745	5802
5760	5613
5409	5225
5116	5092
5086	5011
4860	4711
4617	4566
4535	4523
4529	4558
4616	4695
4798	4904
5013	5119
5236	5375
5513	5613
5671	5711
5755	5801
5830	5818
5756	5654
5527	5405
5305	5225
5119	4939
4722	4559
4490	4483
4495	4499
4492	4464
4412	4334
4244	4147
4056	3986
3963	4010
4138	4328
4543	4730
4860	4931
4981	5051
5157	5261
5294	5187
4938	4676
4701	5337
6601	8208
9871	11380
12510	13074
13157	13059
12933	12730
12439	12193
12152	12383
12720	12915
12916	12910
13018	13210
13382	13463
13397	13177
12821	12399
11983	11636
11404	11318
11435	11805
12407	13120
13779	14246
14499	14622
14683	14691
14641	14504
14208	13616
12593	11143
9596	8519
8298	8947
10149	11433
12426	12940
12844	12056
10653	8954
7525	6960
7507	8932
10723	12324
13393	13855
13781	13254
12308	10947
9289	7706
6900	7473
9265	11351
12872	13475
13327	12868
12466	12207
11919	11325
10329	9095
7906	7021
6540	6440
6714	7327
8035	8415
8165	7290
6118	5114
4543	4431
4824	5792
7209	8733
10038	10938
11416	11513
11239	10568
9606	8565
7640	6923
6420	6086
5853	5653
5435	5189
4982	4922
5053	5323
5614	5834
5980	6119
6296	6486
6671	6828
6913	6898
6833	6822
6908	7018
7049	6964
6841	6819
6916	7054
7237	7529
7852	8008
7961	7891
7941	8124
8363	8579
8777	9004
9231	9345
9297	9131
8918	8735
8623	8609
8700	8895
9158	9439
9697	9912
10103	10305
10548	10851
11239	11722
12251	12736
13150	13536
13903	14203
14376	14415
14356	14283
14258	14303
14390	14469
14497	14465
14400	14343
14316	14308
14301	14280
14236	14159
14051	13917
13768	13615
13467	13315
13114	12823
12483	12188
11974	11794
11604	11383
11133	10868
10595	10328
10080	9858
9668	9497
9297	9036
8750	8528
8412	8359
8331	8316
8314	8334
8378	8451
8548	8661
8783	8911
9069	9274
9506	9707
9858	9988
10131	10292
10470	10657
10851	11036
11212	11369
11510	11635
11760	11908
12059	12173
12239	12295
12360	12436
12510	12581
12648	12724
12805	12885
12948	12981
12989	12986
12986	12979
12923	12770
12563	12393
12296	12229
12146	12050
11995	12032
12123	12175
12135	12019
11849	11629
11407	11257
11210	11225
11241	11211
11134	11050
10966	10854
10671	10404
10106	9861
9714	9636
9582	9525
9456	9376
9286	9187
9085	8982
8888	8807
8743	8691
8663	8741
8673	10129
11868	9653
8343	6899
6407	6381
6466	6549
6618	6625
6574	6512
6482	6480
6481	6462
6409	6331
6276	6305
6416	6544
6611	6584
6501	6440
6440	6476
6490	6446
6386	6405
6528	6684
6784	6752
6547	6174
5684	5182
4775	4550
4525	4665
4893	5147
5376	5550
5641	5631
5561	5527
5571	5649
5710	5716
5643	5491
5291	5085
4938	4878
4852	4771
4625	4500
4448	4452
4486	4536
4595	4661
4727	4800
4876	4946
5012	5080
5173	5300
5433	5519
5549	5569
5617	5692
5752	5747
5653	5483
5285	5120
5028	5002
4972	4869
4701	4558
4481	4456
4445	4435
4422	4397
4361	4315
4261	4211
4165	4125
4097	4092
4150	4309
4549	4791
4972	5067
5110	5149
5212	5276
5287	5171
4922	4643
4599	5074
6129	7583
9229	10865
12203	12964
13181	13141
13032	12853
12591	12338
12235	12342
12555	12664
12628	12581
12631	12768
12935	13058
13074	12941
12661	12289
11912	11620
11466	11493
11759	12304
13042	13787
14358	14671
14764	14751
14704	14629
14485	14216
13744	12978
11855	10443
9100	8336
8434	9294
10544	11744
12555	12792
12357	11253
9685	8094
7066	7077
8134	9774
11445	12746
13502	13699
13395	12629
11438	9913
8309	7103
6893	8037
10131	12197
13510	13977
13853	13457
12945	12268
11348	10182
8884	7689
6863	6595
6852	7415
8081	8711
9117	9057
8352	7069
5633	4626
4335	4666
5506	6781
8284	9647
10570	10951
10894	10589
10145	9584
8960	8388
7950	7662
7488	7385
7284	7107
6813	6423
6029	5761
5664	5697
5764	5791
5784	5827
5972	6211
6496	6757
6906	6900
6802	6755
6825	6957
7047	7028
6956	6948
7011	7066
7146	7368
7667	7844
7837	7784
7814	7941
8114	8268
8421	8620
8846	9000
9010	8888
8714	8579
8534	8591
8728	8938
9185	9433
9649	9831
9984	10146
10334	10577
10911	11352
11849	12308
12725	13175
13665	14088
14342	14384
14293	14214
14241	14377
14548	14651
14639	14535
14396	14290
14237	14217
14201	14170
14115	14030
13914	13769
13610	13448
13292	13132
12931	12648
12313	12023
11809	11628
11435	11213
10964	10699
10425	10158
9908	9689
9499	9329
9140	8895
8638	8453
8377	8370
8385	8400
8417	8446
8494	8574
8691	8834
8996	9166
9344	9542
9739	9908
10042	10167
10310	10473
10651	10840
11031	11216
11388	11545
11688	11814
11951	12116
12281	12391
12438	12482
12548	12630
12697	12736
12759	12799
12869	12951
13018	13035
13015	12984
12969	12961
12909	12764
12564	12400
12303	12229
12134	12019
11944	11955
12029	12064
12013	11896
11732	11528
11327	11191
11150	11159
11160	11104
11000	10885
10785	10665
10487	10233
9951	9727
9597	9528
9482	9433
9374	9305
9224	9134
9041	8949
8865	8796
8739	8695
8666	8738
8652	10092
11818	9616
8318	6896
6418	6407
6497	6586
6652	6656
6591	6518
6471	6454
6451	6444
6418	6368
6325	6327
6386	6458
6496	6475
6430	6408
6439	6494
6537	6535
6519	6547
6629	6708
6710	6570
6264	5819
5308	4847
4537	4435
4537	4767
5037	5285
5481	5619
5687	5669
5610	5587
5617	5650
5641	5585
5485	5342
5159	4947
4764	4661
4613	4540
4432	4352
4344	4397
4480	4577
4675	4764
4838	4900
4948	4986
5012	5042
5095	5187
5281	5328
5325	5326
5375	5467
5556	5575
5490	5308
5095	4917
4829	4824
4841	4800
4695	4585
4509	4458
4419	4386
4360	4341
4328	4321
4322	4331
4346	4354
4331	4273
4249	4345
4573	4834
5041	5154
5193	5207
5229	5246
5216	5078
4824	4545
4454	4801
5660	6938
8509	10231
11783	12796
13207	13269
13203	13052
12825	12572
12398	12378
12465	12528
12507	12440
12395	12396
12444	12512
12545	12489
12329	12097
11867	11719
11705	11854
12229	12853
13623	14326
14793	14995
14997	14913
14800	14651
14398	13957
13270	12322
11143	9861
8783	8294
8571	9489
10702	11788
12393	12324
11557	10245
8737	7525
7094	7701
9115	10747
12121	13046
13495	13480
12977	11970
10534	8895
7472	6781
7219	8805
10951	12762
13752	14015
13819	13318
12488	11278
9801	8365
7233	6572
6514	7101
8145	9247
10065	10417
10270	9644
8532	7015
5535	4700
4749	5460
6544	7813
9031	9906
10244	10055
9543	8984
8550	8272
8136	8133
8256	8481
8760	9020
9166	9102
8796	8297
7732	7224
6838	6548
6297	6045
5828	5723
5785	6002
6309	6603
6775	6770
6664	6616
6705	6887
7050	7111
7108	7137
7176	7131
7066	7161
7408	7622
7700	7722
7778	7902
8035	8136
8214	8326
8479	8611
8644	8560
8437	8386
8478	8669
8909	9152
9371	9538
9655	9741
9831	9952
10123	10355
10664	11059
11488	11887
12286	12768
13330	13849
14192	14299
14261	14235
14328	14525
14734	14834
14776	14602
14397	14247
14171	14138
14110	14069
14002	13907
13782	13630
13462	13291
13126	12959
12754	12469
12136	11841
11622	11440
11245	11022
10773	10506
10231	9966
9717	9498
9308	9143
8967	8760
8549	8417
8390	8430
8485	8533
8569	8603
8656	8742
8872	9046
9244	9447
9646	9830
9995	10131
10246	10369
10512	10676
10855	11044
11235	11419
11588	11746
11887	12016
12160	12335
12506	12602
12627	12654
12724	12811
12869	12874
12856	12863
12920	13007
13076	13081
13031	12968
12932	12920
12877	12752
12574	12425
12337	12263
12154	12018
11910	11893
11935	11942
11871	11743
11585	11400
11226	11121
11096	11104
11081	10987
10836	10685
10561	10438
10276	10050
9795	9590
9465	9400
9355	9313
9264	9204
9132	9052
8967	8885
8815	8755
8706	8667
8636	8697
8597	10031
11774	9585
8296	6888
6424	6423
6523	6615
6684	6679
6609	6521
6460	6431
6426	6433
6438	6423
6390	6365
6360	6359
6359	6349
6348	6374
6433	6506
6575	6621
6658	6688
6709	6678
6549	6293
5910	5448
4990	4630
4445	4461
4640	4908
5178	5395
5551	5653
5701	5684
5641	5635
5660	5646
5559	5433
5304	5178
5022	4817
4603	4459
4391	4346
4296	4276
4311	4393
4502	4621
4737	4838
4912	4966
4999	5014
5017	5019
5037	5072
5102	5095
5058	5042
5082	5181
5291	5350
5320	5201
5030	4874
4781	4759
4763	4743
4682	4605
4538	4479
4426	4386
4361	4353
4362	4393
4440	4504
4571	4617
4607	4523
4441	4473
4639	4864
5041	5137
5161	5157
5143	5122
5057	4903
4652	4383
4270	4508
5183	6248
7694	9459
11226	12527
13188	13400
13392	13273
13069	12819
12583	12443
12409	12436
12451	12407
12314	12210
12135	12096
12063	12000
11898	11785
11714	11743
11891	12176
12623	13258
13978	14589
14957	15089
15059	14950
14805	14607
14273	13700
12844	11758
10569	9456
8643	8343
8673	9567
10725	11687
12042	11608
10508	9128
7929	7321
7559	8634
10169	11604
12602	13153
13328	13116
12423	11195
9580	7979
6907	6816
7831	9659
11635	13062
13682	13702
13334	12598
11406	9782
8041	6691
6035	6102
6837	8148
9735	11109
11858	11819
11104	9965
8532	6909
5508	4915
5287	6265
7420	8480
9248	9577
9418	8861
8143	7545
7256	7308
7625	8092
8657	9317
10024	10665
11088	11177
10914	10383
9718	9042
8410	7816
7245	6699
6238	5938
5848	5948
6168	6398
6530	6511
6418	6400
6541	6783
7012	7148
7219	7302
7342	7215
7005	6951
7119	7354
7532	7658
7789	7940
8081	8158
8166	8161
8194	8260
8294	8245
8171	8217
8443	8787
9138	9429
9619	9706
9715	9702
9717	9797
9953	10180
10462	10793
11134	11465
11828	12304
12881	13452
13882	14117
14218	14310
14476	14695
14884	14950
14854	14635
14386	14202
14109	14068
14034	13980
13900	13796
13660	13500
13324	13144
12973	12804
12591	12294
11946	11639
11414	11224
11029	10806
10557	10290
10018	9749
9503	9280
9093	8934
8784	8619
8479	8412
8441	8524
8616	8693
8748	8791
8844	8933
9080	9278
9510	9747
9957	10129
10266	10374
10479	10595
10738	10903
11083	11271
11461	11643
11816	11972
12113	12242
12388	12561
12724	12797
12802	12813
12885	12975
13021	12998
12941	12919
12967	13056
13126	13118
13037	12941
12880	12865
12837	12737
12584	12459
12388	12319
12200	12039
11897	11842
11847	11823
11726	11578
11417	11254
11117	11050
11048	11055
11003	10863
10657	10462
10312	10194
10055	9865
9644	9452
9327	9253
9204	9164
9122	9067
9001	8929
8854	8786
8726	8673
8629	8595
8569	8634
8539	9981
11741	9556
8276	6877
6424	6436
6544	6642
6710	6705
6628	6530
6457	6419
6410	6426
6460	6479
6465	6409
6332	6257
6212	6214
6263	6338
6425	6510
6602	6699
6783	6813
6759	6597
6327	5961
5531	5106
4754	4541
4489	4595
4806	5059
5291	5469
5585	5658
5687	5674
5655	5672
5691	5629
5465	5273
5120	5014
4896	4702
4465	4282
4202	4194
4221	4269
4338	4433
4542	4660
4773	4869
4944	4993
5019	5027
5025	5016
5004	4982
4940	4878
4816	4785
4815	4901
5023	5135
5199	5194
5125	5018
4909	4821
4755	4697
4639	4585
4539	4498
4465	4445
4444	4463
4495	4550
4625	4711
4796	4858
4861	4787
4695	4676
4761	4883
4975	5007
4992	4962
4933	4892
4814	4663
4435	4194
4071	4221
4705	5537
6808	8583
10547	12151
13095	13488
13556	13459
13268	13014
12726	12481
12339	12321
12367	12383
12325	12213
12079	11940
11796	11653
11524	11457
11488	11638
11899	12251
12707	13273
13869	14350
14625	14713
14664	14536
14367	14156
13809	13202
12284	11149
10007	9088
8539	8421
8801	9674
10759	11527
11534	10671
9294	8037
7392	7533
8373	9666
11030	12093
12716	12977
12936	12532
11629	10194
8511	7151
6628	7183
8650	10518
12179	13186
13466	13238
12639	11633
10158	8355
6671	5676
5616	6363
7694	9405
11143	12433
12900	12432
11254	9744
8132	6546
5364	5073
5734	6881
8011	8809
9171	9114
8714	8085
7409	6905
6751	7004
7579	8310
9131	10081
11112	12049
12696	12929
12750	12285
11659	10966
10241	9475
8690	7925
7239	6702
6360	6219
6229	6293
6311	6235
6135	6147
6320	6596
6852	7026
7151	7292
7368	7225
6929	6758
6841	7076
7337	7571
7789	8005
8187	8272
8236	8125
8028	8015
8044	8031
8009	8126
8445	8880
9308	9633
9822	9876
9841	9773
9734	9764
9872	10043
10256	10497
10750	11022
11354	11793
12334	12907
13422	13828
14134	14389
14623	14824
14950	14961
14840	14610
14349	14153
14056	14008
13967	13904
13816	13696
13552	13384
13205	13021
12844	12668
12445	12125
11752	11426
11189	10996
10799	10576
10326	10061
9789	9521
9275	9056
8871	8718
8593	8488
8422	8425
8506	8628
8757	8858
8926	8975
9032	9130
9286	9509
9770	10031
10254	10419
10536	10628
10722	10838
10979	11141
11322	11511
11701	11883
12058	12215
12352	12481
12620	12783
12923	12975
12950	12951
13021	13114
13153	13108
13018	12972
13010	13101
13169	13148
13040	12912
12827	12805
12792	12719
12595	12497
12445	12385
12259	12078
11905	11808
11773	11712
11579	11412
11247	11102
11004	10974
10998	11003
10926	10735
10477	10235
10062	9948
9841	9693
9506	9325
9185	9091
9033	8994
8951	8903
8847	8782
8717	8657
8606	8560
8519	8489
8477	8568
8504	9959
11715	9538
8260	6866
6419	6434
6552	6657
6726	6716
6634	6532
6454	6410
6398	6424
6481	6529
6526	6450
6312	6172
6089	6099
6189	6309
6417	6517
6626	6758
6869	6883
6747	6461
6067	5615
5177	4826
4613	4554
4628	4794
5003	5209
5385	5513
5599	5649
5669	5659
5653	5679
5690	5582
5357	5111
4947	4861
4777	4599
4348	4134
4050	4085
4191	4305
4405	4499
4598	4697
4795	4873
4934	4975
5002	5014
5021	5017
4987	4916
4811	4709
4633	4603
4619	4690
4816	4981
5151	5280
5325	5275
5141	4963
4789	4659
4580	4540
4521	4519
4530	4556
4594	4645
4701	4768
4843	4919
4984	5033
5041	5003
4940	4898
4888	4880
4850	4795
4731	4674
4633	4593
4524	4396
4213	4015
3900	3968
4270	4862
5941	7684
9816	11699
12922	13503
13649	13573
13388	13124
12799	12478
12251	12183
12245	12330
12353	12304
12182	11996
11762	11534
11364	11301
11360	11522
11756	12035
12364	12753
13149	13460
13632	13666
13585	13421
13222	13013
12718	12180
11325	10258
9236	8553
8324	8499
9058	9960
10900	11338
10883	9594
8072	7150
7233	8126
9376	10581
11495	12070
12367	12468
12317	11739
10594	8961
7322	6385
6564	7774
9560	11331
12628	13262
13279	12837
12005	10755
9120	7337
5907	5368
5884	7187
8915	10738
12282	13148
13089	12134
10584	8862
7255	5939
5203	5349
6304	7575
8649	9235
9322	9068
8631	8098
7550	7112
6953	7202
7818	8648
9618	10752
11979	13080
13846	14171
14102	13781
13328	12792
12163	11429
10612	9763
8927	8135
7453	6966
6673	6490
6324	6128
5962	5934
6075	6307
6528	6682
6817	6995
7128	7050
6792	6593
6616	6836
7143	7454
7743	8023
8263	8390
8345	8161
7967	7893
7934	7969
7998	8145
8471	8906
9340	9686
9905	10003
10010	9966
9915	9890
9903	9957
10047	10181
10359	10592
10893	11276
11743	12282
12864	13448
13980	14410
14710	14872
14919	14877
14749	14537
14299	14114
14018	13967
13917	13841
13737	13606
13451	13279
13098	12914
12734	12549
12308	11963
11563	11214
10968	10774
10570	10346
10093	9828
9559	9301
9064	8855
8678	8541
8441	8387
8390	8456
8580	8732
8886	9009
9093	9152
9215	9321
9493	9730
10008	10284
10518	10685
10797	10881
10975	11086
11224	11385
11564	11750
11937	12119
12294	12447
12583	12705
12833	12980
13094	13113
13064	13053
13119	13217
13254	13200
13097	13036
13063	13152
13215	13183
13049	12885
12767	12732
12729	12683
12592	12522
12490	12438
12311	12114
11911	11781
11707	11608
11445	11260
11091	10961
10892	10891
10930	10932
10827	10597
10298	10023
9835	9725
9649	9542
9387	9211
9054	8940
8869	8822
8782	8735
8683	8624
8566	8514
8470	8428
8394	8373
8383	8511
8498	9968
11709	9540
8260	6860
6402	6409
6533	6641
6711	6695
6608	6510
6441	6402
6388	6414
6482	6551
6564	6479
6311	6129
6017	6030
6144	6295
6428	6541
6656	6789
6881	6844
6620	6242
5778	5302
4903	4651
4571	4646
4818	5020
5210	5365
5482	5566
5621	5654
5660	5642
5627	5631
5605	5455
5193	4935
4775	4710
4654	4496
4247	4023
3938	4006
4169	4339
4471	4577
4670	4755
4826	4877
4908	4930
4946	4963
4981	4988
4948	4839
4688	4563
4502	4490
4513	4581
4712	4913
5156	5381
5511	5494
5327	5063
4798	4616
4534	4520
4532	4562
4613	4678
4755	4835
4911	4982
5041	5080
5104	5110
5101	5080
5044	4989
4912	4811
4689	4568
4465	4391
4343	4306
4247	4155
4023	3878
3779	3789
3932	4301
5187	6866
9106	11210
12672	13425
13655	13603
13416	13140
12792	12438
12167	12068
12129	12251
12358	12406
12358	12180
11908	11637
11463	11418
11472	11551
11618	11678
11771	11902
12054	12175
12228	12200
12084	11881
11652	11457
11236	10813
10102	9198
8395	8016
8176	8747
9576	10496
11175	11174
10263	8678
7202	6722
7461	8863
10212	11075
11433	11552
11655	11746
11587	10871
9481	7690
6193	5772
6666	8455
10450	12071
13049	13405
13244	12638
11609	10186
8494	6828
5690	5573
6560	8285
10247	11997
13138	13379
12666	11204
9375	7594
6194	5384
5312	6009
7249	8587
9593	10017
9924	9558
9114	8640
8140	7672
7418	7578
8179	9079
10165	11405
12684	13792
14542	14866
14855	14680
14448	14148
13742	13195
12527	11767
10903	9928
8947	8125
7536	7110
6740	6367
6048	5876
5877	5980
6098	6196
6319	6511
6699	6738
6617	6485
6489	6678
6990	7318
7627	7934
8215	8390
8382	8197
7973	7888
7957	8047
8118	8255
8520	8878
9256	9595
9867	10058
10173	10215
10195	10131
10043	9961
9912	9938
10049	10240
10493	10802
11180	11667
12282	12997
13710	14289
14650	14802
14810	14745
14631	14460
14262	14104
14013	13951
13874	13772
13640	13488
13326	13158
12983	12806
12624	12422
12158	11796
11380	11023
10765	10551
10337	10099
9843	9582
9327	9092
8884	8709
8566	8458
8393	8374
8414	8508
8652	8822
8991	9134
9243	9330
9415	9541
9719	9960
10227	10493
10722	10905
11035	11141
11235	11345
11476	11632
11802	11981
12158	12334
12498	12646
12773	12887
13001	13126
13214	13202
13125	13092
13151	13247
13302	13269
13183	13124
13143	13212
13266	13222
13073	12870
12699	12625
12621	12600
12547	12508
12498	12453
12327	12126
11910	11749
11636	11502
11320	11125
10957	10836
10777	10782
10810	10786
10659	10411
10098	9814
9625	9530
9480	9409
9287	9121
8957	8830
8749	8692
8646	8596
8543	8485
8433	8388
8354	8322
8294	8284
8313	8473
8498	9986
11726	9565
8278	6854
6363	6351
6466	6579
6647	6626
6538	6456
6415	6392
6377	6397
6457	6531
6561	6492
6330	6144
6021	6026
6143	6315
6473	6600
6699	6783
6794	6654
6340	5914
5463	5050
4744	4599
4629	4791
5019	5244
5422	5540
5609	5647
5672	5683
5672	5630
5566	5499
5399	5209
4950	4720
4591	4548
4508	4374
4152	3947
3862	3943
4136	4345
4515	4651
4759	4842
4888	4900
4884	4862
4850	4852
4872	4887
4848	4716
4539	4416
4391	4429
4492	4578
4716	4924
5181	5421
5560	5530
5325	5009
4715	4554
4536	4577
4615	4653
4705	4780
4869	4965
5053	5122
5157	5156
5120	5066
5006	4950
4896	4831
4746	4636
4511	4391
4289	4211
4150	4097
4039	3969
3883	3793
3728	3707
3736	3915
4607	6182
8445	10689
12331	13247
13581	13576
13394	13102
12745	12393
12131	12024
12062	12183
12335	12480
12540	12420
12153	11888
11750	11753
11803	11766
11616	11433
11292	11204
11149	11101
11046	10975
10850	10653
10429	10254
10076	9744
9178	8490
7978	7969
8527	9440
10427	11222
11543	11134
9959	8359
7098	6947
7936	9340
10412	10845
10811	10737
10860	11056
10936	10104
8525	6681
5407	5472
6934	9123
11229	12723
13482	13662
13389	12655
11471	9939
8253	6737
5866	6085
7401	9372
11399	12943
13616	13249
11961	10124
8167	6504
5482	5320
5978	7195
8611	9892
10728	10959
10669	10135
9567	9017
8474	7990
7747	7976
8700	9740
10916	12132
13282	14221
14816	15031
14983	14867
14778	14670
14472	14158
13725	13169
12432	11470
10395	9432
8696	8132
7616	7069
6535	6122
5881	5769
5739	5782
5908	6101
6309	6453
6491	6472
6488	6640
6906	7190
7444	7708
7982	8200
8265	8157
7992	7950
8058	8191
8280	8388
8567	8824
9129	9453
9769	10051
10274	10409
10442	10376
10242	10077
9942	9887
9927	10042
10207	10423
10714	11137
11734	12496
13301	13971
14402	14604
14656	14627
14549	14422
14269	14144
14051	13960
13837	13675
13494	13315
13149	12999
12850	12684
12494	12266
11978	11606
11200	10848
10575	10336
10090	9831
9564	9311
9086	8900
8751	8647
8572	8523
8492	8489
8519	8600
8730	8894
9071	9240
9392	9530
9666	9819
10005	10214
10435	10654
10867	11074
11261	11412
11522	11628
11745	11886
12041	12201
12358	12513
12663	12797
12910	13008
13107	13210
13269	13232
13128	13065
13102	13202
13291	13316
13282	13244
13245	13279
13306	13263
13110	12865
12618	12476
12447	12449
12440	12439
12442	12407
12291	12100
11881	11698
11547	11386
11199	11008
10844	10723
10650	10617
10594	10528
10375	10131
9847	9595
9432	9356
9327	9286
9195	9063
8911	8785
8696	8630
8571	8509
8445	8386
8338	8300
8273	8254
8243	8247
8285	8452
8481	9987
11762	9606
8307	6851
6314	6269
6376	6489
6558	6530
6444	6387
6384	6387
6374	6380
6425	6493
6524	6476
6345	6190
6085	6090
6207	6384
6559	6683
6742	6734
6619	6356
5968	5552
5179	4886
4700	4656
4750	4952
5202	5435
5610	5705
5740	5738
5728	5715
5685	5604
5471	5308
5119	4900
4674	4502
4417	4394
4359	4255
4078	3906
3830	3902
4095	4326
4534	4708
4843	4931
4957	4927
4859	4785
4731	4711
4725	4749
4715	4580
4395	4278
4285	4379
4496	4627
4785	4984
5202	5384
5459	5376
5137	4819
4560	4479
4562	4675
4739	4768
4805	4865
4947	5034
5113	5160
5163	5118
5029	4916
4792	4664
4554	4481
4441	4410
4368	4307
4236	4156
4069	3985
3909	3846
3794	3757
3734	3718
3678	3707
4202	5608
7799	10087
11874	12971
13465	13558
13406	13103
12735	12400
12169	12074
12081	12148
12272	12457
12607	12578
12380	12168
12087	12132
12170	12035
11730	11410
11174	11007
10865	10737
10637	10561
10477	10339
10173	10027
9866	9572
9113	8627
8410	8729
9565	10607
11510	12017
11976	11334
10182	8837
7860	7757
8440	9280
9782	9876
9826	9950
10316	10635
10470	9491
7820	6075
5109	5567
7364	9735
11861	13268
13911	13989
13613	12742
11413	9811
8197	6891
6310	6810
8331	10357
12244	13435
13613	12756
11123	9163
7324	5987
5486	5995
7290	8853
10235	11208
11645	11497
10894	10113
9376	8777
8327	8053
8099	8633
9613	10780
11903	12882
13687	14295
14649	14713
14594	14478
14449	14444
14386	14241
14009	13673
13154	12397
11482	10623
9940	9399
8865	8229
7500	6820
6266	5856
5611	5569
5697	5904
6119	6319
6467	6526
6560	6670
6872	7069
7229	7403
7633	7868
8016	8020
7963	7994
8139	8288
8386	8460
8573	8756
9009	9321
9667	10008
10300	10499
10581	10549
10427	10268
10122	10031
10001	10012
10064	10181
10395	10743
11272	11994
12800	13505
14002	14305
14469	14531
14507	14428
14322	14217
14108	13965
13771	13537
13299	13099
12943	12827
12712	12558
12348	12080
11760	11390
11017	10683
10399	10130
9848	9559
9286	9045
8860	8733
8669	8651
8665	8687
8703	8700
8701	8738
8830	8975
9155	9350
9555	9758
9955	10149
10333	10499
10652	10794
10969	11203
11462	11674
11812	11912
12013	12132
12264	12400
12533	12665
12789	12904
12999	13085
13164	13245
13282	13235
13121	13040
13053	13148
13264	13344
13359	13338
13310	13302
13301	13272
13135	12861
12535	12315
12253	12275
12307	12339
12355	12321
12212	12040
11831	11626
11440	11256
11069	10892
10736	10607
10506	10416
10321	10195
10020	9802
9572	9380
9256	9201
9183	9165
9109	9018
8903	8797
8708	8627
8550	8470
8392	8328
8283	8252
8239	8235
8237	8256
8295	8454
8458	9973
11790	9639
8329	6847
6274	6204
6304	6417
6481	6451
6369	6332
6358	6384
6377	6379
6412	6456
6468	6420
6318	6210
6157	6199
6337	6523
6686	6773
6752	6631
6397	6046
5637	5266
4991	4816
4732	4760
4892	5106
5351	5577
5737	5816
5820	5782
5736	5699
5647	5532
5345	5112
4865	4636
4452	4338
4291	4282
4256	4177
4044	3908
3844	3909
4091	4322
4542	4733
4882	4966
4973	4913
4811	4700
4618	4587
4605	4641
4626	4503
4325	4204
4206	4307
4460	4642
4842	5044
5218	5316
5298	5151
4899	4620
4429	4420
4559	4711
4800	4845
4888	4944
5011	5070
5109	5109
5065	4974
4847	4700
4534	4357
4206	4144
4170	4235
4288	4298
4256	4169
4053	3929
3829	3767
3743	3752
3781	3793
3727	3638
3927	5094
7101	9341
11248	12575
13325	13603
13536	13244
12856	12512
12293	12208
12187	12164
12169	12276
12438	12511
12455	12368
12349	12381
12349	12142
11811	11529
11377	11291
11202	11109
11042	11019
11008	10966
10886	10799
10661	10401
10023	9695
9674	10151
11021	11926
12543	12714
12430	11770
10862	9898
9141	8789
8743	8707
8588	8582
8895	9527
10219	10537
10136	8946
7293	5828
5266	6044
7972	10335
12389	13708
14264	14243
13731	12674
11169	9523
8069	7106
6935	7745
9371	11272
12808	13483
13123	11887
10151	8361
6911	6106
6217	7318
9040	10691
11765	12132
11864	11114
10107	9125
8400	8063
8087	8389
8972	9901
11052	12148
12964	13472
13762	13955
14067	14051
13945	13876
13902	13965
13983	13911
13751	13528
13201	12711
12094	11495
11015	10641
10239	9657
8864	7986
7121	6356
5802	5579
5657	5880
6120	6341
6506	6573
6596	6678
6828	6956
7036	7136
7311	7539
7734	7822
7847	7928
8089	8246
8344	8408
8492	8645
8885	9208
9580	9955
10275	10496
10601	10603
10535	10437
10338	10259
10189	10117
10066	10095
10233	10499
10933	11566
12314	13008
13551	13958
14249	14418
14468	14440
14372	14275
14136	13933
13665	13370
13097	12891
12766	12689
12605	12451
12207	11885
11521	11154
10815	10514
10234	9947
9638	9337
9062	8842
8693	8622
8624	8680
8764	8850
8906	8917
8908	8919
8986	9112
9288	9504
9746	10001
10248	10473
10651	10783
10867	10948
11085	11332
11641	11905
12061	12158
12245	12344
12454	12570
12680	12791
12896	12992
13074	13143
13207	13270
13300	13264
13176	13109
13112	13187
13285	13354
13366	13325
13263	13218
13213	13203
13102	12832
12472	12208
12124	12153
12210	12256
12269	12229
12122	11959
11755	11534
11319	11118
10932	10765
10615	10477
10347	10212
10061	9890
9707	9515
9341	9201
9109	9065
9052	9042
9019	8969
8894	8813
8728	8641
8548	8453
8367	8300
8255	8234
8227	8235
8253	8281
8327	8481
8473	9980
11803	9654
8339	6845
6254	6172
6268	6383
6446	6413
6331	6303
6346	6384
6386	6396
6424	6435
6401	6323
6237	6193
6224	6345
6532	6723
6845	6845
6714	6478
6159	5782
5409	5110
4923	4826
4812	4880
5030	5239
5465	5663
5796	5844
5818	5747
5670	5606
5528	5394
5188	4938
4686	4475
4327	4251
4231	4232
4213	4156
4057	3953
3902	3963
4133	4345
4551	4725
4857	4924
4912	4836
4723	4607
4527	4506
4541	4597
4611	4522
4363	4219
4164	4214
4362	4585
4842	5077
5224	5248
5140	4944
4709	4503
4390	4412
4534	4672
4778	4858
4926	4984
5025	5038
5014	4955
4864	4748
4622	4488
4335	4164
4017	3970
4034	4151
4255	4304
4283	4194
4063	3924
3808	3744
3730	3764
3824	3869
3808	3647
3752	4628
6340	8429
10408	11998
13090	13657
13764	13536
13148	12769
12519	12415
12364	12248
12092	12037
12125	12272
12391	12462
12487	12443
12294	12041
11777	11638
11640	11677
11678	11663
11673	11721
11784	11832
11856	11862
11802	11622
11352	11144
11202	11646
12329	12934
13213	13121
12743	12208
11609	10982
10323	9602
8807	8028
7543	7681
8479	9589
10441	10536
9739	8348
6879	5893
5845	6910
8836	11030
12885	14033
14441	14263
13553	12273
10590	8942
7743	7261
7620	8778
10432	12063
13105	13182
12292	10807
9179	7804
6944	6786
7466	8944
10762	12179
12702	12286
11214	9876
8620	7692
7295	7533
8291	9303
10411	11569
12646	13415
13753	13745
13569	13415
13345	13319
13308	13338
13415	13503
13527	13427
13222	12998
12770	12487
12153	11843
11628	11505
11336	10939
10236	9305
8245	7179
6299	5821
5764	5956
6204	6412
6526	6551
6550	6617
6742	6843
6889	6956
7096	7301
7495	7602
7647	7734
7886	8043
8152	8232
8327	8492
8754	9111
9512	9898
10212	10423
10528	10555
10543	10520
10499	10465
10397	10286
10176	10138
10204	10378
10705	11230
11897	12549
13109	13588
13985	14254
14379	14402
14364	14269
14103	13858
13547	13216
12928	12726
12624	12572
12498	12333
12051	11683
11286	10919
10606	10333
10066	9782
9481	9185
8924	8723
8604	8568
8610	8705
8829	8947
9035	9079
9098	9128
9204	9334
9518	9745
10000	10268
10522	10745
10915	11023
11083	11137
11258	11504
11824	12096
12261	12352
12430	12518
12613	12710
12812	12907
13000	13083
13156	13214
13267	13316
13348	13346
13316	13293
13297	13327
13353	13343
13286	13188
13092	13033
13036	13052
12986	12753
12426	12175
12092	12119
12177	12214
12212	12152
12036	11867
11655	11420
11186	10970
10783	10615
10463	10317
10175	10021
9849	9667
9486	9316
9173	9061
8986	8944
8924	8920
8914	8896
8859	8804
8728	8641
8543	8444
8354	8288
8247	8230
8230	8245
8271	8307
8361	8522
8523	10017
11806	9660
8342	6845
6249	6162
6256	6370
6434	6400
6319	6295
6344	6389
6400	6419
6443	6418
6329	6215
6144	6168
6303	6524
6768	6951
7000	6887
6631	6285
5912	5554
5254	5043
4928	4889
4919	5016
5172	5366
5561	5718
5806	5810
5749	5645
5539	5439
5337	5192
4994	4767
4547	4372
4258	4209
4209	4219
4215	4175
4101	4021
3989	4053
4205	4388
4555	4690
4780	4819
4790	4711
4603	4507
4450	4454
4512	4593
4636	4595
4460	4289
4147	4116
4225	4474
4790	5066
5206	5173
4997	4770
4572	4455
4428	4467
4545	4638
4732	4815
4882	4912
4900	4843
4758	4652
4552	4466
4404	4350
4272	4147
4016	3958
4000	4097
4191	4246
4249	4192
4097	3982
3878	3805
3769	3774
3825	3891
3863	3701
3678	4260
5595	7417
9371	11187
12651	13586
13965	13897
13570	13165
12846	12687
12601	12423
12152	11946
11927	12083
12318	12499
12536	12402
12142	11861
11671	11633
11693	11728
11704	11685
11723	11796
11886	11989
12113	12238
12318	12291
12190	12121
12224	12548
12978	13284
13316	13075
12678	12264
11889	11465
10839	9902
8775	7805
7398	7784
8814	9957
10573	10241
9076	7660
6604	6293
6855	8197
10019	11903
13410	14252
14399	13983
13036	11541
9737	8160
7283	7327
8226	9688
11294	12574
13100	12642
11377	9824
8482	7651
7445	7879
8919	10421
11920	12775
12610	11503
9914	8411
7367	6900
7072	7896
9184	10587
11865	12932
13692	14034
13983	13706
13372	13073
12867	12785
12804	12854
12886	12879
12793	12593
12321	12068
11873	11706
11558	11485
11537	11681
11771	11608
11102	10289
9242	8074
7010	6307
6045	6094
6260	6402
6461	6450
6443	6513
6638	6741
6789	6847
6963	7135
7292	7376
7399	7459
7588	7741
7874	7986
8120	8327
8633	9023
9441	9820
10111	10292
10386	10432
10469	10521
10578	10606
10570	10461
10325	10242
10245	10332
10546	10961
11531	12123
12672	13188
13660	14009
14203	14273
14252	14167
14010	13770
13461	13124
12821	12605
12483	12416
12329	12146
11849	11469
11068	10704
10400	10138
9887	9622
9342	9073
8842	8669
8575	8562
8625	8739
8879	9017
9123	9196
9256	9337
9466	9643
9858	10096
10334	10563
10771	10949
11094	11200
11277	11360
11500	11743
12044	12293
12442	12531
12602	12677
12762	12853
12943	13033
13116	13192
13255	13309
13353	13395
13436	13474
13501	13516
13515	13482
13410	13299
13159	13013
12894	12834
12833	12848
12798	12620
12368	12178
12115	12138
12175	12189
12157	12073
11936	11750
11523	11275
11028	10808
10618	10442
10276	10125
9981	9827
9661	9486
9316	9165
9033	8933
8863	8816
8789	8784
8788	8798
8796	8769
8710	8628
8530	8433
8347	8284
8248	8235
8241	8262
8292	8333
8392	8553
8556	10039
11807	9661
8342	6846
6250	6161
6255	6369
6431	6399
6317	6294
6344	6389
6406	6428
6442	6387
6254	6120
6078	6180
6417	6726
7003	7156
7116	6882
6505	6074
5670	5350
5131	5011
4962	4979
5043	5160
5317	5487
5640	5746
5782	5738
5634	5500
5360	5228
5094	4943
4768	4583
4412	4281
4202	4178
4192	4217
4225	4205
4154	4099
4086	4153
4289	4435
4555	4637
4682	4684
4639	4561
4470	4400
4380	4415
4495	4591
4664	4667
4568	4372
4153	4033
4095	4349
4699	5005
5143	5073
4861	4626
4476	4447
4502	4565
4606	4642
4691	4729
4737	4699
4612	4490
4360	4253
4198	4199
4249	4314
4336	4269
4144	4044
4014	4037
4075	4119
4151	4166
4151	4100
4027	3938
3850	3784
3779	3838
3863	3757
3685	4010
4946	6420
8256	10226
12025	13335
14032	14194
13995	13614
13247	13023
12893	12685
12357	12055
11935	12057
12321	12536
12547	12328
11985	11676
11515	11494
11498	11404
11226	11091
11048	11041
11051	11125
11299	11545
11797	11991
12124	12265
12452	12682
12891	12984
12877	12553
12123	11739
11439	11104
10561	9745
8861	8293
8293	8831
9625	10240
10240	9430
8115	6975
6559	7028
8217	9784
11419	12879
13934	14385
14213	13516
12328	10661
8822	7382
6837	7343
8673	10331
11810	12717
12787	11969
10571	9158
8205	7926
8286	9118
10234	11409
12259	12351
11525	10022
8418	7317
6971	7270
8044	9185
10513	11763
12773	13484
13861	13892
13710	13513
13328	13041
12675	12388
12244	12132
11959	11724
11441	11138
10853	10626
10461	10344
10309	10432
10732	11126
11450	11519
11254	10690
9863	8840
7792	6964
6473	6272
6243	6276
6304	6309
6330	6415
6550	6660
6724	6784
6880	7012
7126	7167
7158	7181
7275	7418
7575	7735
7928	8191
8540	8947
9354	9702
9952	10108
10192	10259
10339	10448
10564	10651
10664	10585
10453	10349
10305	10317
10434	10737
11206	11723
12236	12761
13275	13685
13931	14031
14029	13976
13867	13683
13415	13089
12763	12497
12312	12189
12062	11872
11589	11238
10860	10504
10196	9934
9694	9456
9215	8985
8789	8655
8588	8598
8678	8807
8956	9099
9217	9312
9409	9549
9752	10001
10263	10507
10715	10879
11005	11117
11223	11334
11459	11599
11784	12029
12296	12505
12633	12708
12772	12842
12918	13000
13083	13166
13242	13310
13369	13419
13460	13501
13555	13613
13671	13695
13661	13558
13403	13214
13029	12869
12758	12694
12667	12640
12575	12445
12287	12176
12144	12154
12168	12149
12082	11967
11804	11596
11354	11092
10841	10616
10416	10230
10054	9902
9764	9622
9473	9315
9157	9016
8895	8798
8724	8674
8643	8635
8648	8681
8714	8714
8674	8601
8512	8421
8341	8283
8250	8244
8258	8285
8320	8363
8412	8548
8511	9994
11807	9661
8342	6846
6249	6161
6255	6369
6431	6399
6317	6294
6343	6388
6402	6418
6417	6342
6193	6068
6073	6253
6573	6929
7198	7287
7146	6804
6341	5863
5462	5188
5047	4999
5013	5071
5171	5302
5448	5587
5691	5738
5718	5628
5486	5321
5154	4986
4823	4666
4523	4391
4274	4191
4149	4146
4174	4210
4234	4230
4203	4173
4174	4244
4360	4472
4543	4573
4571	4537
4476	4402
4333	4297
4310	4372
4467	4578
4672	4710
4641	4442
4176	3993
4007	4237
4587	4895
5029	4957
4746	4535
4430	4467
4574	4652
4662	4642
4621	4585
4514	4399
4251	4094
3964	3895
3912	4015
4180	4353
4458	4437
4305	4153
4041	3976
3955	3978
4046	4131
4204	4231
4193	4089
3939	3788
3711	3746
3812	3785
3717	3855
4436	5579
7268	9327
11380	12987
13939	14314
14274	13986
13642	13401
13239	12992
12617	12245
12053	12132
12387	12583
12541	12242
11819	11470
11308	11287
11249	11058
10745	10460
10247	10041
9845	9778
9919	10240
10655	11082
11486	11860
12171	12346
12374	12281
12057	11660
11170	10741
10436	10181
9866	9489
9228	9319
9731	10165
10337	10103
9394	8281
7142	6559
6889	8086
9757	11408
12755	13757
14361	14452
13990	13037
11631	9852
8051	6803
6560	7405
8993	10703
11987	12535
12249	11267
9959	8832
8290	8465
9217	10213
11149	11785
11876	11233
9946	8418
7231	6877
7405	8453
9641	10753
11696	12442
12982	13316
13438	13386
13303	13316
13304	12997
12389	11767
11286	10859
10394	9902
9454	9121
8908	8764
8648	8575
8636	8928
9451	10068
10592	10871
10872	10624
10140	9411
8518	7646
6938	6450
6178	6091
6116	6172
6242	6355
6497	6620
6699	6762
6841	6934
7000	7006
6963	6950
7009	7134
7309	7527
7793	8120
8499	8891
9247	9532
9735	9866
9962	10052
10163	10295
10440	10569
10639	10608
10508	10410
10352	10313
10358	10569
10945	11378
11833	12333
12855	13288
13564	13688
13717	13715
13677	13570
13357	13052
12702	12380
12119	11929
11758	11557
11298	10986
10646	10303
9987	9725
9501	9296
9099	8916
8768	8677
8645	8684
8782	8924
9082	9231
9362	9472
9602	9787
10046	10341
10637	10884
11064	11173
11238	11292
11366	11483
11638	11827
12047	12296
12537	12720
12826	12894
12947	13009
13076	13150
13226	13300
13370	13433
13489	13534
13572	13610
13664	13726
13778	13774
13689	13524
13311	13096
12921	12798
12718	12652
12574	12472
12356	12253
12184	12151
12148	12150
12131	12075
11970	11823
11633	11405
11145	10880
10626	10400
10195	9999
9814	9658
9526	9406
9275	9139
9003	8873
8757	8661
8587	8529
8494	8478
8500	8559
8623	8653
8629	8566
8486	8405
8332	8280
8253	8256
8279	8316
8357	8397
8417	8498
8378	9881
11807	9661
8342	6846
6249	6161
6255	6369
6431	6399
6317	6294
6343	6386
6390	6387
6369	6287
6160	6083
6151	6395
6756	7104
7317	7310
7067	6648
6147	5674
5310	5089
5005	5010
5068	5165
5286	5421
5547	5648
5695	5686
5610	5477
5305	5121
4930	4734
4544	4391
4281	4201
4146	4108
4096	4111
4149	4193
4228	4239
4236	4227
4247	4313
4412	4489
4516	4499
4454	4392
4322	4257
4211	4207
4247	4327
4432	4544
4644	4704
4663	4479
4209	4003
3977	4160
4462	4741
4873	4826
4664	4502
4441	4501
4609	4664
4628	4554
4470	4375
4253	4109
3956	3821
3734	3728
3809	3970
4184	4395
4529	4523
4393	4220
4062	3947
3891	3903
3988	4115
4242	4314
4300	4188
4002	3801
3669	3669
3750	3776
3723	3729
4054	4961
6561	8695
10909	12669
13736	14217
14308	14157
13923	13733
13558	13264
12830	12399
12163	12198
12404	12548
12445	12082
11605	11234
11079	11093
11108	10961
10651	10292
9919	9484
9047	8801
8866	9208
9725	10309
10889	11404
11753	11822
11636	11327
10962	10531
10065	9659
9395	9296
9346	9530
9915	10520
11088	11199
10675	9685
8509	7425
6765	6849
7804	9443
11291	12816
13806	14363
14565	14345
13633	12452
10877	9085
7459	6508
6577	7653
9318	10922
11935	12135
11592	10590
9513	8755
8597	9119
10083	11051
11645	11658
11032	9859
8445	7251
6742	7162
8353	9831
11118	11969
12411	12646
12815	12942
13004	13009
13018	13052
12934	12429
11575	10661
9875	9173
8506	7906
7456	7209
7120	7072
6999	6945
7039	7412
8042	8773
9425	9898
10183	10306
10213	9823
9132	8257
7362	6607
6111	5922
5963	6084
6205	6338
6485	6618
6715	6785
6847	6904
6931	6905
6847	6807
6830	6928
7112	7383
7728	8119
8508	8852
9121	9320
9469	9591
9707	9828
9949	10071
10203	10351
10474	10502
10456	10399
10358	10314
10320	10469
10767	11117
11498	11943
12430	12848
13130	13281
13359	13415
13443	13391
13226	12940
12586	12230
11927	11686
11482	11269
11019	10731
10411	10084
9777	9525
9331	9165
9015	8885
8790	8740
8754	8823
8946	9100
9269	9430
9573	9707
9866	10069
10329	10619
10906	11148
11320	11423
11477	11522
11590	11699
11851	12030
12242	12488
12728	12908
13011	13070
13120	13172
13230	13294
13361	13426
13489	13547
13598	13636
13666	13699
13737	13780
13798	13749
13610	13400
13163	12964
12835	12776
12741	12676
12544	12362
12186	12089
12079	12103
12115	12098
12047	11955
11818	11639
11421	11173
10908	10642
10392	10166
9957	9752
9562	9406
9291	9186
9082	8972
8857	8740
8632	8536
8460	8397
8351	8334
8359	8436
8529	8583
8576	8526
8455	8385
8323	8277
8258	8270
8304	8350
8399	8431
8424	8449
8250	9771
11807	9661
8342	6846
6249	6161
6255	6369
6431	6399
6317	6294
6342	6380
6371	6344
6305	6238
6163	6165
6307	6590
6938	7223
7330	7208
6879	6420
5935	5516
5222	5059
5012	5045
5130	5247
5380	5505
5601	5649
5642	5574
5450	5284
5097	4903
4704	4486
4280	4129
4054	4030
4025	4032
4050	4081
4122	4165
4201	4226
4242	4257
4289	4356
4435	4480
4469	4414
4335	4253
4182	4132
4111	4135
4195	4283
4385	4487
4582	4644
4627	4480
4252	4059
4001	4110
4333	4558
4692	4698
4618	4529
4500	4542
4594	4572
4468	4340
4226	4127
4024	3923
3841	3787
3779	3826
3925	4068
4235	4384
4476	4462
4355	4208
4068	3964
3912	3927
4007	4128
4251	4321
4306	4195
4010	3813
3674	3654
3715	3745
3674	3581
3749	4551
6155	8383
10695	12477
13500	13957
14105	14094
14017	13916
13748	13419
12956	12510
12242	12198
12284	12309
12140	11772
11331	10995
10881	10952
11074	11075
10910	10616
10206	9658
9104	8773
8807	9156
9689	10274
10814	11229
11397	11209
10726	10163
9688	9356
9124	8947
8879	9034
9454	10073
10819	11568
12010	11781
10834	9515
8301	7579
7532	8159
9382	11007
12649	13849
14457	14622
14453	13896
12888	11470
9807	8185
6970	6509
6961	8196
9777	11111
11771	11641
10921	9986
9206	8833
9034	9808
10865	11692
11870	11245
10004	8572
7408	6860
7101	8076
9500	10947
12035	12588
12722	12723
12776	12880
12963	12961
12813	12467
11879	11054
10098	9171
8356	7643
7036	6594
6353	6294
6325	6320
6226	6098
6082	6329
6836	7470
8112	8730
9317	9841
10171	10134
9645	8778
7729	6753
6078	5812
5875	6054
6218	6360
6505	6642
6756	6837
6890	6918
6917	6878
6816	6763
6754	6819
6994	7301
7713	8150
8531	8803
8972	9078
9175	9300
9448	9594
9706	9786
9875	10018
10180	10274
10297	10302
10310	10299
10308	10437
10682	10959
11255	11618
12031	12399
12661	12842
12981	13095
13161	13139
12993	12731
12393	12047
11744	11495
11279	11050
10788	10486
10165	9850
9574	9356
9199	9080
8979	8901
8855	8859
8915	9019
9167	9339
9520	9695
9859	10030
10210	10401
10606	10825
11053	11274
11463	11613
11730	11824
11911	11998
12092	12205
12363	12594
12855	13059
13177	13236
13279	13324
13375	13426
13482	13535
13588	13638
13682	13713
13730	13736
13738	13747
13731	13648
13480	13249
13013	12841
12764	12757
12760	12699
12539	12306
12088	11980
11986	12024
12029	11988
11905	11783
11614	11409
11173	10915
10645	10381
10136	9919
9713	9507
9316	9164
9063	8985
8907	8822
8729	8627
8528	8435
8352	8285
8231	8204
8229	8320
8438	8515
8522	8481
8421	8357
8305	8272
8264	8287
8331	8385
8440	8473
8460	8466
8244	9758
11807	9661
8342	6846
6249	6161
6255	6369
6431	6399
6317	6294
6341	6375
6349	6297
6245	6208
6212	6305
6510	6803
7088	7260
7233	6999
6605	6147
5723	5401
5195	5085
5057	5093
5186	5310
5440	5541
5594	5590
5526	5404
5239	5049
4861	4674
4480	4256
4038	3896
3857	3880
3928	3973
4016	4055
4091	4125
4159	4188
4219	4252
4302	4366
4423	4441
4398	4315
4215	4128
4066	4039
4047	4092
4161	4243
4328	4407
4477	4530
4530	4445
4291	4141
4065	4097
4216	4373
4507	4583
4605	4597
4585	4577
4529	4403
4216	4051
3950	3897
3874	3884
3921	3984
4058	4136
4208	4261
4296	4314
4310	4276
4216	4140
4067	4015
3995	4019
4079	4163
4240	4276
4244	4145
3989	3828
3716	3698
3737	3736
3616	3438
3516	4286
5949	8279
10653	12399
13303	13652
13789	13876
13938	13918
13762	13439
13021	12627
12347	12178
12058	11898
11646	11318
10984	10747
10681	10790
10997	11167
11213	11093
10785	10300
9808	9552
9650	10028
10522	10976
11286	11394
11206	10667
9878	9103
8603	8495
8662	8882
9126	9546
10202	10972
11711	12290
12490	12092
11124	9939
9037	8813
9281	10164
11256	12475
13626	14392
14647	14479
13945	13010
11664	10051
8463	7253
6689	6871
7733	9028
10362	11292
11552	11150
10358	9571
9097	9088
9592	10517
11536	12135
11886	10699
9020	7610
6992	7246
8147	9360
10590	11634
12355	12720
12838	12901
13012	13124
13139	12938
12388	11435
10253	9167
8342	7722
7208	6782
6489	6384
6449	6580
6669	6641
6474	6217
5996	5944
6097	6399
6848	7487
8319	9218
9958	10276
10017	9202
8055	6912
6095	5769
5844	6070
6260	6406
6535	6668
6789	6883
6936	6952
6937	6904
6858	6808
6776	6803
6952	7269
7715	8171
8526	8726
8798	8826
8892	9024
9202	9361
9450	9472
9499	9620
9804	9957
10046	10123
10204	10252
10304	10443
10667	10893
11106	11372
11687	11971
12190	12386
12582	12750
12842	12831
12701	12460
12155	11847
11571	11339
11126	10882
10594	10269
9935	9640
9404	9236
9120	9046
8994	8969
8978	9031
9129	9270
9442	9633
9827	10014
10201	10402
10599	10755
10873	10992
11143	11334
11555	11782
11990	12160
12279	12339
12356	12368
12449	12655
12941	13185
13319	13381
13420	13457
13495	13536
13577	13621
13661	13704
13736	13757
13754	13717
13667	13634
13600	13516
13356	13136
12916	12758
12695	12701
12716	12667
12516	12285
12061	11933
11910	11916
11889	11819
11706	11554
11365	11143
10896	10634
10366	10109
9874	9666
9471	9272
9085	8942
8858	8806
8755	8697
8628	8543
8451	8359
8272	8194
8132	8095
8116	8215
8352	8453
8471	8439
8385	8331
8287	8264
8272	8305
8357	8421
8482	8526
8525	8550
8354	9838
11807	9661
8342	6846
6249	6161
6255	6369
6431	6399
6317	6294
6341	6370
6333	6263
6211	6218
6308	6487
6738	6995
7179	7206
7042	6707
6284	5869
5543	5334
5220	5155
5125	5152
5236	5356
5462	5529
5531	5470
5350	5179
4983	4786
4607	4443
4265	4043
3828	3699
3693	3764
3855	3936
3993	4032
4056	4075
4099	4129
4169	4222
4282	4344
4384	4373
4307	4208
4105	4023
3983	3985
4025	4083
4151	4214
4266	4305
4340	4375
4394	4377
4314	4226
4148	4107
4129	4216
4350	4495
4616	4676
4671	4596
4444	4220
3979	3809
3746	3767
3846	3969
4129	4293
4430	4512
4524	4463
4353	4224
4122	4070
4063	4067
4065	4065
4077	4107
4151	4199
4234	4234
4188	4093
3967	3844
3768	3766
3804	3784
3624	3375
3372	4095
5771	8160
10587	12327
13161	13425
13523	13651
13786	13811
13663	13391
13085	12803
12537	12239
11887	11505
11137	10818
10576	10418
10374	10476
10709	10994
11225	11289
11131	10798
10469	10375
10594	11030
11496	11815
11890	11696
11208	10438
9514	8697
8274	8388
8888	9453
9964	10533
11192	11830
12339	12662
12702	12349
11638	10820
10312	10443
11130	11957
12704	13404
14035	14397
14357	13913
13062	11798
10221	8605
7333	6746
6938	7731
8853	10028
10972	11432
11331	10789
10083	9530
9362	9648
10340	11245
12039	12294
11659	10123
8314	7192
7237	8201
9515	10677
11476	11979
12329	12632
12913	13140
13254	13208
12947	12406
11459	10087
8611	7529
7021	6851
6782	6755
6821	7006
7263	7472
7551	7477
7268	6952
6593	6257
5990	5835
5917	6386
7267	8388
9447	10113
10147	9496
8357	7117
6182	5786
5859	6104
6312	6443
6550	6670
6801	6907
6967	6982
6971	6960
6949	6916
6871	6859
6964	7257
7689	8130
8448	8591
8609	8598
8648	8790
8982	9136
9191	9157
9129	9216
9407	9591
9731	9873
10029	10153
10268	10448
10684	10883
11036	11209
11415	11599
11751	11932
12153	12362
12493	12515
12418	12210
11936	11651
11395	11172
10959	10715
10419	10090
9766	9494
9299	9175
9104	9070
9066	9090
9151	9252
9392	9570
9768	9978
10184	10380
10576	10786
10975	11096
11150	11191
11286	11453
11691	11967
12241	12463
12602	12644
12601	12539
12555	12738
13031	13293
13437	13502
13533	13563
13592	13624
13654	13685
13715	13744
13767	13777
13746	13658
13548	13474
13442	13391
13269	13084
12880	12716
12627	12603
12596	12554
12445	12272
12082	11932
11838	11771
11698	11596
11460	11289
11083	10851
10601	10342
10082	9837
9619	9428
9250	9061
8881	8751
8682	8651
8626	8592
8544	8480
8401	8312
8223	8135
8059	8010
8028	8132
8284	8395
8423	8397
8350	8304
8270	8258
8277	8323
8385	8455
8526	8578
8590	8633
8463	9917
11807	9661
8342	6846
6249	6161
6255	6369
6431	6399
6317	6294
6341	6369
6325	6251
6213	6274
6446	6692
6949	7139
7193	7072
6782	6386
5969	5629
5411	5315
5283	5247
5208	5211
5278	5375
5457	5476
5425	5304
5128	4915
4699	4502
4345	4216
4061	3855
3645	3536
3563	3679
3811	3916
3982	4012
4018	4017
4026	4050
4099	4161
4231	4288
4313	4282
4204	4101
4007	3945
3934	3967
4034	4106
4166	4197
4201	4191
4185	4200
4240	4290
4317	4294
4223	4135
4083	4115
4245	4443
4635	4746
4729	4596
4365	4094
3853	3716
3705	3789
3942	4145
4372	4588
4744	4806
4756	4603
4383	4153
3985	3931
3969	4029
4069	4093
4118	4150
4186	4221
4239	4225
4171	4079
3966	3858
3803	3825
3891	3892
3727	3435
3343	3951
5537	7897
10369	12179
13062	13330
13410	13533
13680	13709
13581	13380
13191	13019
12788	12425
11923	11359
10831	10414
10122	9943
9882	9971
10218	10566
10889	11042
10955	10707
10487	10492
10788	11269
11747	12034
12043	11779
11280	10608
9880	9274
9007	9212
9781	10441
11032	11554
12011	12351
12567	12687
12679	12472
12057	11582
11331	11534
12096	12678
13120	13494
13804	13904
13662	13026
11992	10615
9094	7779
7050	7145
7964	9114
10231	11095
11576	11615
11296	10796
10333	10085
10172	10630
11327	11996
12362	12181
11276	9741
8221	7600
8190	9526
10893	11783
12107	12150
12249	12572
13011	13288
13214	12779
12075	11180
10074	8757
7510	6761
6625	6824
7099	7371
7648	7926
8171	8327
8367	8299
8140	7898
7564	7109
6541	5965
5604	5713
6370	7437
8625	9577
9971	9617
8623	7379
6355	5872
5900	6140
6342	6454
6528	6629
6763	6889
6965	6989
6995	7020
7057	7055
7006	6959
7012	7237
7604	7989
8265	8392
8412	8417
8483	8626
8803	8928
8947	8876
8815	8872
9045	9229
9390	9575
9791	9989
10180	10424
10694	10897
11012	11112
11221	11302
11367	11493
11703	11940
12131	12223
12193	12028
11771	11481
11208	10971
10751	10516
10249	9957
9673	9439
9273	9181
9142	9147
9184	9255
9363	9507
9690	9898
10127	10352
10566	10766
10955	11143
11305	11401
11435	11466
11545	11705
11933	12205
12478	12699
12833	12868
12815	12735
12732	12887
13157	13400
13536	13591
13617	13638
13658	13679
13699	13719
13743	13762
13777	13775
13718	13585
13421	13320
13294	13282
13211	13072
12887	12708
12573	12482
12429	12388
12328	12234
12098	11925
11747	11591
11460	11332
11181	10998
10786	10552
10308	10055
9809	9582
9381	9212
9050	8878
8708	8592
8537	8526
8523	8514
8490	8443
8377	8294
8200	8102
8014	7955
7967	8071
8230	8345
8378	8354
8316	8279
8256	8253
8280	8332
8405	8486
8566	8627
8644	8687
8519	9955
11807	9661
8342	6846
6250	6161
6254	6369
6431	6399
6316	6294
6341	6369
6329	6264
6256	6371
6606	6888
7122	7219
7135	6875
6489	6064
5692	5442
5336	5340
5366	5344
5288	5265
5309	5380
5422	5396
5287	5109
4883	4636
4405	4222
4095	4000
3881	3696
3503	3415
3476	3626
3790	3915
3985	4002
3986	3959
3945	3962
4009	4081
4155	4210
4221	4179
4096	4000
3923	3888
3910	3980
4071	4153
4193	4189
4141	4078
4029	4029
4089	4196
4296	4331
4279	4168
4073	4071
4198	4424
4657	4791
4760	4578
4311	4051
3871	3804
3847	3970
4153	4372
4600	4796
4918	4933
4833	4632
4374	4114
3933	3887
3948	4028
4081	4108
4135	4167
4201	4231
4247	4230
4174	4082
3970	3867
3821	3864
3963	4011
3889	3589
3416	3865
5271	7526
10020	11949
12978	13341
13442	13551
13687	13729
13634	13482
13342	13210
13016	12691
12198	11563
10861	10195
9667	9342
9253	9390
9709	10113
10448	10546
10371	10039
9746	9677
9900	10342
10837	11209
11362	11327
11172	10981
10787	10622
10562	10710
11072	11547
11997	12321
12475	12487
12431	12373
12305	12149
11892	11611
11440	11480
11716	12040
12399	12774
13074	13114
12783	12084
11088	9915
8804	8068
7973	8590
9690	10830
11680	12124
12186	11971
11636	11352
11217	11255
11496	11944
12439	12704
12549	11951
10976	9831
8984	8952
9789	11026
12067	12536
12483	12278
12291	12642
13097	13238
12808	11876
10704	9582
8620	7802
7211	7002
7166	7517
7891	8232
8510	8690
8787	8844
8889	8908
8888	8809
8615	8218
7575	6769
6030	5672
5871	6596
7665	8780
9529	9567
8844	7694
6618	6032
5975	6165
6340	6422
6462	6544
6679	6824
6918	6959
6991	7062
7155	7196
7152	7076
7065	7191
7448	7739
7979	8133
8225	8301
8407	8543
8677	8752
8739	8652
8586	8624
8760	8911
9062	9258
9509	9765
10028	10344
10674	10906
11016	11070
11101	11093
11068	11116
11282	11530
11784	11967
12018	11902
11653	11339
11027	10756
10526	10311
10092	9865
9644	9449
9306	9230
9216	9255
9331	9442
9594	9779
9997	10237
10486	10731
10956	11150
11319	11465
11590	11674
11736	11808
11919	12078
12277	12496
12705	12876
12983	13022
12999	12956
12971	13102
13315	13504
13612	13654
13673	13685
13699	13712
13723	13737
13749	13761
13768	13756
13688	13534
13344	13218
13185	13185
13151	13056
12903	12723
12540	12387
12277	12215
12187	12155
12067	11875
11620	11382
11206	11054
10896	10706
10495	10265
10027	9786
9556	9349
9174	9026
8884	8727
8571	8466
8427	8430
8447	8462
8458	8428
8373	8294
8198	8090
7991	7924
7930	8033
8186	8300
8334	8316
8285	8258
8244	8250
8283	8341
8421	8511
8600	8667
8686	8728
8556	9978
11809	9661
8345	6847
6249	6159
6250	6364
6427	6398
6319	6295
6343	6372
6342	6301
6334	6502
6779	7064
7242	7230
7017	6645
6200	5783
5479	5326
5314	5386
5444	5427
5354	5308
5326	5371
5372	5299
5140	4909
4637	4363
4129	3960
3865	3810
3729	3572
3400	3332
3422	3602
3788	3925
3993	3996
3957	3906
3870	3872
3917	3989
4067	4117
4120	4071
3992	3910
3857	3854
3910	4007
4118	4202
4228	4185
4085	3970
3883	3877
3962	4108
4254	4328
4300	4194
4090	4082
4207	4438
4675	4804
4753	4550
4287	4086
4002	4027
4120	4267
4439	4625
4793	4914
4958	4910
4774	4567
4324	4093
3940	3902
3958	4038
4099	4140
4176	4208
4231	4247
4244	4212
4148	4060
3960	3874
3840	3890
4000	4088
4022	3762
3550	3859
5069	7186
9658	11698
12888	13378
13532	13648
13792	13872
13824	13691
13529	13360
13181	12964
12604	12001
11142	10162
9296	8770
8675	8936
9399	9882
10185	10156
9791	9251
8746	8450
8450	8735
9181	9632
9997	10312
10671	11134
11626	11993
12170	12239
12334	12523
12729	12794
12654	12386
12096	11825
11573	11314
11064	10850
10669	10500
10430	10598
11053	11663
12165	12310
12025	11418
10657	9915
9396	9301
9717	10553
11547	12379
12838	12894
12676	12394
12221	12230
12385	12597
12848	13128
13302	13145
12575	11740
10917	10378
10314	10741
11490	12264
12756	12811
12572	12374
12460	12803
13101	12944
12124	10765
9272	8111
7514	7402
7597	7918
8258	8561
8810	9006
9112	9105
9040	9025
9112	9254
9397	9485
9463	9236
8721	7902
6941	6154
5800	6024
6812	7963
9022	9458
9048	8038
6935	6235
6063	6178
6309	6356
6358	6422
6563	6722
6834	6893
6955	7074
7222	7304
7274	7180
7102	7117
7231	7415
7627	7842
8049	8241
8402	8528
8601	8614
8569	8497
8452	8484
8572	8666
8774	8953
9213	9503
9826	10215
10613	10896
11020	11057
11041	10968
10868	10835
10940	11176
11474	11726
11844	11774
11539	11210
10873	10580
10346	10152
9979	9809
9641	9485
9365	9305
9314	9383
9492	9640
9823	10041
10289	10551
10824	11084
11317	11508
11656	11764
11848	11935
12042	12174
12330	12497
12659	12808
12938	13041
13116	13158
13176	13190
13235	13337
13478	13598
13668	13696
13707	13712
13717	13722
13727	13733
13739	13745
13745	13732
13665	13524
13342	13199
13127	13095
13061	12995
12883	12726
12535	12342
12178	12078
12041	12034
11963	11755
11444	11157
10950	10786
10620	10431
10223	9995
9770	9546
9335	9150
8995	8869
8744	8602
8465	8375
8349	8368
8404	8435
8447	8431
8386	8309
8209	8096
7991	7918
7919	8013
8158	8267
8303	8289
8264	8243
8235	8250
8286	8350
8435	8533
8627	8701
8726	8772
8604	10013
11812	9667
8349	6849
6247	6150
6232	6342
6409	6388
6322	6306
6351	6381
6368	6367
6459	6675
6963	7213
7312	7193
6869	6420
5952	5573
5343	5273
5330	5438
5509	5489
5400	5335
5327	5339
5305	5189
4981	4707
4406	4117
3884	3735
3669	3649
3601	3478
3334	3294
3406	3605
3800	3938
3996	3983
3929	3862
3811	3806
3845	3914
3984	4022
4015	3965
3893	3834
3811	3843
3926	4040
4156	4233
4240	4167
4033	3880
3775	3771
3875	4042
4203	4291
4281	4196
4111	4113
4240	4459
4676	4785
4726	4529
4305	4175
4185	4288
4432	4582
4732	4852
4933	4953
4904	4795
4638	4450
4254	4080
3964	3927
3965	4043
4134	4221
4290	4325
4323	4286
4226	4149
4067	3993
3936	3897
3892	3930
4011	4091
4068	3868
3678	3921
4999	6982
9404	11491
12792	13379
13593	13738
13917	14040
14041	13922
13724	13493
13298	13164
12954	12428
11480	10260
9119	8440
8364	8754
9364	9939
10247	10143
9653	8963
8281	7759
7500	7540
7803	8161
8545	9016
9690	10623
11639	12432
12854	13004
13066	13154
13207	13076
12730	12268
11772	11257
10755	10339
10059	9889
9715	9465
9262	9373
9899	10673
11358	11661
11526	11122
10673	10347
10294	10622
11269	12035
12713	13164
13296	13108
12768	12544
12569	12795
13082	13315
13466	13540
13452	13065
12377	11590
11043	11001
11414	11969
12407	12648
12675	12523
12354	12379
12634	12914
12919	12404
11279	9719
8173	7196
7035	7530
8295	8961
9359	9526
9550	9488
9346	9150
8977	8932
9051	9288
9550	9766
9883	9859
9568	8894
7888	6813
6008	5769
6263	7393
8672	9422
9274	8372
7237	6426
6138	6171
6263	6283
6265	6313
6454	6621
6742	6813
6892	7046
7230	7344
7330	7230
7112	7026
7014	7095
7282	7562
7890	8192
8415	8537
8564	8526
8460	8412
8403	8437
8482	8512
8561	8700
8943	9246
9611	10056
10518	10849
11007	11047
11017	10908
10763	10671
10717	10920
11214	11486
11629	11589
11380	11079
10760	10475
10250	10071
9918	9778
9641	9517
9427	9397
9433	9525
9660	9834
10046	10289
10555	10838
11123	11392
11629	11819
11957	12045
12113	12200
12329	12501
12685	12853
12989	13093
13172	13234
13283	13328
13365	13410
13465	13538
13619	13682
13719	13733
13736	13732
13729	13723
13720	13718
13718	13716
13713	13699
13651	13545
13391	13234
13105	13009
12945	12889
12821	12707
12542	12339
12138	11987
11908	11870
11790	11570
11244	10935
10712	10538
10364	10168
9959	9746
9535	9333
9144	8980
8845	8735
8627	8507
8392	8322
8312	8343
8389	8430
8456	8453
8417	8345
8246	8133
8028	7954
7946	8026
8158	8258
8291	8282
8262	8247
8245	8264
8304	8371
8461	8559
8655	8731
8758	8807
8645	10046
11826	9679
8361	6857
6241	6119
6170	6264
6344	6360
6334	6340
6384	6404
6411	6486
6675	6944
7202	7361
7341	7110
6707	6225
5772	5447
5284	5273
5364	5482
5549	5518
5422	5340
5302	5274
5197	5041
4801	4506
4191	3905
3683	3551
3500	3500
3483	3403
3312	3312
3444	3644
3826	3940
3974	3948
3889	3827
3788	3787
3819	3870
3911	3926
3902	3850
3796	3770
3788	3852
3948	4054
4145	4196
4186	4105
3970	3815
3716	3732
3856	4020
4157	4220
4209	4151
4105	4131
4257	4451
4635	4729
4689	4547
4391	4326
4385	4521
4674	4810
4912	4956
4940	4862
4749	4610
4467	4324
4192	4080
3996	3958
3979	4075
4225	4383
4494	4525
4470	4351
4205	4068
3971	3928
3934	3964
3992	4002
4016	4046
4025	3887
3759	4010
5011	6883
9221	11308
12679	13364
13641	13811
13992	14128
14153	14056
13853	13579
13348	13242
13132	12711
11797	10508
9235	8442
8323	8743
9429	10099
10501	10482
10065	9437
8767	8173
7744	7532
7487	7507
7571	7794
8345	9294
10434	11399
12038	12473
12842	13144
13279	13140
12751	12225
11621	10944
10289	9812
9573	9467
9344	9126
8926	8962
9345	9965
10572	10910
10918	10738
10538	10450
10597	11037
11667	12264
12689	12916
12909	12645
12284	12104
12204	12447
12677	12825
12897	12898
12784	12470
11971	11431
11099	11164
11526	11855
11976	11938
11857	11829
11962	12304
12690	12795
12415	11549
10293	8844
7607	7040
7285	8080
9008	9708
10041	10059
9856	9510
9102	8734
8496	8453
8615	8933
9305	9624
9870	10032
9997	9566
8675	7495
6394	5811
6059	7124
8508	9450
9473	8654
7492	6592
6202	6165
6224	6243
6233	6288
6426	6583
6689	6745
6811	6949
7124	7236
7237	7161
7056	6945
6866	6883
7040	7339
7718	8075
8343	8492
8533	8492
8423	8387
8406	8453
8476	8461
8451	8533
8735	9030
9414	9893
10382	10746
10930	10989
10968	10866
10720	10607
10612	10761
11004	11237
11357	11329
11165	10927
10669	10423
10212	10032
9882	9763
9666	9588
9542	9544
9603	9711
9863	10053
10281	10539
10817	11108
11390	11656
11887	12076
12216	12313
12386	12471
12591	12756
12941	13106
13230	13322
13395	13460
13507	13536
13556	13582
13628	13684
13736	13772
13789	13793
13785	13771
13753	13735
13720	13707
13697	13687
13680	13665
13627	13552
13426	13257
13080	12924
12818	12760
12719	12644
12509	12311
12086	11885
11742	11650
11539	11325
11020	10728
10492	10294
10094	9883
9672	9471
9286	9116
8959	8820
8701	8601
8514	8429
8354	8317
8326	8364
8415	8459
8491	8498
8471	8411
8325	8225
8132	8062
8048	8107
8211	8290
8320	8313
8300	8291
8297	8319
8364	8431
8516	8612
8700	8770
8794	8835
8662	10067
11858	9707
8385	6873
6230	6055
6046	6107
6209	6297
6353	6402
6445	6449
6491	6687
7026	7353
7532	7528
7347	6998
6546	6072
5670	5406
5295	5314
5407	5512
5563	5521
5415	5311
5235	5155
5030	4835
4579	4283
3988	3720
3518	3392
3345	3342
3350	3329
3320	3384
3538	3719
3859	3922
3916	3872
3830	3803
3805	3823
3845	3861
3858	3824
3774	3720
3694	3713
3784	3883
3978	4041
4070	4073
4048	3988
3893	3783
3720	3769
3910	4045
4118	4123
4091	4054
4047	4101
4221	4382
4536	4636
4664	4627
4572	4549
4584	4674
4785	4871
4893	4840
4728	4588
4454	4350
4277	4223
4171	4115
4058	4024
4055	4188
4402	4618
4754	4756
4631	4423
4203	4032
3941	3945
4010	4095
4142	4117
4052	4008
3960	3855
3788	4050
4986	6734
8977	11065
12550	13379
13743	13901
14005	14082
14100	14026
13825	13531
13269	13172
13142	12870
12131	10948
9653	8704
8376	8646
9304	10059
10634	10857
10729	10394
9976	9527
9094	8709
8325	7861
7353	6988
6998	7494
8317	9154
9905	10684
11520	12249
12693	12780
12569	12174
11660	11062
10504	10156
10039	9992
9872	9652
9397	9219
9194	9318
9505	9637
9662	9613
9554	9560
9726	10113
10657	11196
11614	11860
11881	11640
11282	11042
11007	11066
11133	11225
11371	11544
11670	11656
11463	11142
10801	10559
10436	10389
10392	10487
10718	11106
11645	12226
12568	12353
11536	10367
9155	8141
7564	7589
8139	8904
9584	10008
10131	9974
9567	8964
8292	7734
7432	7433
7713	8194
8734	9204
9590	9938
10169	10054
9406	8250
6948	6079
6089	7024
8393	9418
9569	8853
7721	6772
6291	6175
6210	6254
6298	6383
6519	6643
6708	6715
6724	6785
6885	6946
6949	6935
6916	6879
6834	6844
6962	7200
7511	7823
8102	8332
8483	8514
8463	8419
8440	8499
8538	8511
8450	8464
8606	8872
9252	9723
10195	10554
10748	10833
10848	10795
10692	10596
10573	10668
10842	11005
11078	11046
10925	10765
10575	10369
10154	9964
9830	9772
9761	9763
9760	9786
9858	9977
10135	10332
10564	10823
11096	11377
11645	11896
12111	12292
12438	12560
12656	12734
12821	12957
13125	13278
13392	13488
13590	13682
13748	13750
13714	13696
13725	13785
13848	13889
13902	13894
13871	13840
13806	13769
13736	13706
13680	13656
13635	13607
13566	13488
13359	13188
13002	12836
12715	12647
12597	12521
12385	12182
11940	11700
11505	11361
11226	11040
10794	10530
10279	10031
9782	9540
9325	9145
8998	8877
8762	8652
8550	8463
8398	8357
8347	8363
8396	8437
8481	8521
8555	8570
8559	8522
8466	8396
8325	8273
8256	8280
8334	8377
8395	8396
8393	8395
8410	8437
8485	8548
8623	8702
8775	8830
8837	8864
8672	10084
11900	9741
8412	6889
6219	5985
5903	5924
6046	6210
6355	6466
6515	6520
6614	6956
7454	7825
7893	7697
7334	6880
6401	5969
5636	5433
5355	5375
5449	5525
5548	5488
5360	5229
5108	4978
4805	4586
4327	4054
3789	3562
3382	3265
3203	3191
3209	3251
3330	3461
3623	3770
3854	3861
3813	3759
3739	3761
3811	3857
3873	3851
3796	3724
3654	3606
3609	3683
3810	3941
4021	4026
3976	3916
3881	3861
3836	3789
3775	3851
3986	4080
4079	4019
3962	3936
3961	4033
4145	4279
4420	4554
4673	4759
4802	4786
4750	4742
4768	4771
4707	4563
4380	4210
4105	4074
4107	4154
4183	4176
4145	4129
4184	4351
4597	4830
4954	4918
4738	4484
4241	4079
4025	4071
4172	4274
4307	4245
4123	4012
3923	3815
3766	4014
4863	6484
8636	10760
12409	13427
13898	14013
13981	13951
13940	13868
13665	13356
13083	12993
13031	12930
12432	11447
10193	9067
8425	8403
8910	9672
10401	10905
11153	11238
11221	11090
10824	10410
9787	8915
7876	6901
6249	6068
6299	6762
7427	8369
9517	10601
11392	11826
11953	11884
11697	11448
11238	11159
11178	11132
10924	10562
10103	9584
9054	8565
8189	7978
7914	7924
7958	8046
8243	8602
9115	9707
10244	10582
10632	10406
10038	9700
9474	9345
9326	9482
9830	10283
10700	10938
10914	10626
10098	9418
8798	8506
8644	9138
9862	10709
11544	12153
12251	11637
10438	9104
8100	7708
7931	8550
9245	9740
9941	9905
9699	9313
8716	7920
7061	6355
5993	6065
6528	7240
8005	8672
9234	9772
10251	10463
10102	9028
7569	6435
6202	6960
8253	9315
9593	9019
7973	7005
6425	6204
6195	6272
6383	6524
6665	6758
6770	6722
6657	6620
6608	6594
6589	6633
6720	6803
6855	6910
6997	7122
7283	7484
7747	8078
8386	8545
8540	8482
8484	8560
8628	8610
8521	8470
8547	8773
9123	9551
9974	10295
10493	10601
10659	10673
10645	10589
10566	10624
10748	10849
10868	10813
10720	10609
10473	10284
10061	9864
9767	9798
9907	10001
10053	10098
10177	10300
10460	10655
10880	11128
11388	11647
11895	12118
12311	12477
12632	12779
12900	12967
13017	13114
13263	13402
13505	13608
13741	13877
13957	13930
13833	13761
13773	13851
13945	14007
14021	14002
13964	13917
13863	13805
13750	13697
13650	13607
13567	13523
13456	13344
13188	13019
12863	12731
12627	12544
12462	12349
12185	11966
11713	11453
11227	11045
10901	10750
10567	10332
10058	9756
9452	9178
8962	8810
8717	8649
8588	8518
8435	8358
8316	8325
8380	8445
8498	8537
8570	8600
8632	8653
8663	8653
8632	8599
8565	8537
8519	8509
8505	8504
8508	8515
8525	8541
8566	8601
8647	8700
8760	8821
8872	8908
8896	8902
8690	10107
11948	9769
8430	6896
6212	5949
5823	5808
5929	6123
6320	6474
6560	6612
6793	7251
7845	8211
8165	7801
7301	6772
6295	5913
5650	5500
5445	5451
5489	5519
5499	5402
5248	5082
4926	4759
4559	4330
4083	3839
3615	3422
3269	3160
3095	3070
3092	3172
3307	3468
3620	3732
3771	3743
3673	3622
3620	3675
3752	3813
3824	3783
3709	3637
3581	3559
3595	3712
3883	4036
4101	4054
3941	3836
3793	3811
3844	3849
3854	3916
4016	4061
4024	3944
3879	3859
3890	3968
4079	4214
4374	4550
4734	4893
4973	4936
4819	4719
4665	4604
4477	4292
4090	3930
3864	3895
3997	4113
4195	4226
4222	4232
4313	4481
4702	4895
4980	4923
4740	4513
4318	4207
4195	4259
4353	4429
4435	4348
4201	4055
3919	3783
3711	3915
4686	6207
8301	10465
12257	13447
14017	14106
13969	13857
13818	13723
13481	13148
12872	12779
12836	12833
12509	11717
10560	9372
8511	8195
8433	9033
9751	10395
10921	11380
11779	12037
12061	11770
11127	10142
8928	7691
6636	5915
5555	5523
5852	6591
7629	8709
9613	10281
10746	11097
11390	11652
11896	12109
12219	12119
11766	11189
10456	9622
8733	7856
7128	6701
6593	6682
6871	7143
7499	7931
8441	9008
9498	9730
9648	9357
9002	8689
8477	8404
8515	8844
9353	9903
10332	10497
10352	9917
9238	8424
7745	7541
7929	8754
9785	10810
11622	12006
11764	10829
9460	8190
7532	7724
8561	9525
10162	10296
10009	9520
8948	8287
7508	6628
5744	5032
4684	4838
5454	6345
7296	8158
8912	9621
10284	10735
10607	9615
8052	6714
6281	6902
8146	9257
9662	9237
8282	7299
6610	6262
6168	6233
6385	6572
6731	6813
6803	6727
6627	6534
6456	6388
6359	6409
6538	6686
6821	6939
7031	7074
7099	7189
7427	7818
8236	8497
8556	8524
8529	8609
8693	8685
8585	8496
8524	8700
9003	9376
9743	10030
10229	10358
10449	10514
10544	10545
10552	10631
10748	10823
10798	10708
10598	10497
10382	10210
9993	9810
9743	9833
10024	10199
10310	10394
10488	10613
10773	10967
11186	11421
11664	11906
12131	12333
12511	12661
12814	12972
13101	13158
13174	13241
13374	13498
13590	13698
13849	14013
14107	14060
13920	13808
13805	13890
13997	14071
14086	14058
14008	13944
13873	13799
13722	13648
13582	13520
13465	13406
13316	13166
12981	12814
12689	12600
12516	12427
12314	12168
11974	11744
11486	11228
10990	10795
10642	10502
10336	10111
9820	9488
9159	8879
8679	8567
8524	8518
8507	8476
8422	8364
8335	8369
8452	8538
8596	8630
8653	8676
8703	8731
8752	8767
8772	8772
8764	8759
8743	8713
8671	8642
8634	8647
8666	8691
8722	8758
8799	8844
8890	8932
8969	8987
8960	8955
8732	10152
11985	9776
8431	6891
6219	5967
5836	5800
5887	6052
6240	6421
6575	6735
7021	7544
8135	8437
8288	7824
7244	6687
6226	5895
5690	5584
5542	5531
5522	5494
5413	5264
5066	4871
4694	4512
4312	4094
3869	3656
3465	3301
3174	3080
3022	3002
3026	3116
3253	3400
3519	3592
3613	3584
3533	3499
3504	3556
3626	3678
3688	3657
3610	3580
3576	3594
3660	3800
3992	4157
4217	4148
4001	3873
3828	3863
3923	3947
3937	3940
3965	3976
3951	3904
3862	3846
3869	3938
4058	4221
4419	4630
4833	4985
5036	4946
4770	4613
4512	4419
4291	4124
3960	3843
3807	3857
3968	4088
4186	4236
4268	4316
4408	4537
4680	4784
4821	4768
4652	4519
4419	4379
4398	4445
4491	4515
4486	4393
4254	4102
3935	3761
3650	3810
4518	5972
8023	10206
12077	13377
14031	14150
13999	13867
13805	13665
13364	12992
12699	12580
12585	12546
12249	11560
10557	9505
8663	8181
8094	8339
8791	9337
9942	10630
11371	12022
12403	12384
11944	11179
10207	9142
8096	7169
6438	5956
5784	5978
6472	7108
7752	8369
8994	9685
10455	11244
11940	12426
12630	12524
12106	11400
10494	9512
8537	7629
6904	6512
6477	6701
7096	7613
8184	8722
9170	9523
9696	9600
9272	8897
8623	8503
8552	8782
9169	9657
10134	10464
10541	10321
9849	9236
8615	8116
7891	8064
8660	9547
10514	11321
11774	11749
11174	10093
8814	7833
7585	8187
9288	10249
10649	10441
9810	8989
8099	7162
6219	5348
4608	4049
3799	4015
4691	5651
6693	7711
8651	9507
10278	10851
10854	9921
8306	6849
6296	6854
8108	9292
9809	9500
8629	7650
6883	6408
6193	6179
6305	6497
6675	6764
6755	6685
6595	6513
6433	6358
6310	6332
6432	6575
6743	6914
7039	7052
6999	7016
7214	7586
8004	8300
8420	8454
8502	8596
8689	8692
8607	8515
8514	8640
8886	9198
9517	9791
10002	10151
10257	10338
10397	10445
10518	10654
10817	10901
10856	10720
10565	10434
10324	10182
10007	9855
9803	9892
10092	10312
10494	10632
10757	10891
11051	11241
11452	11678
11909	12135
12349	12541
12705	12849
12992	13146
13266	13308
13302	13352
13469	13584
13671	13775
13933	14105
14199	14148
13989	13857
13836	13906
14001	14065
14070	14033
13972	13903
13822	13733
13643	13556
13473	13400
13334	13265
13159	12990
12785	12615
12507	12436
12367	12273
12145	11981
11781	11552
11304	11055
10823	10627
10456	10292
10099	9856
9562	9240
8931	8680
8517	8449
8456	8498
8537	8549
8527	8490
8470	8494
8558	8623
8669	8694
8713	8734
8762	8790
8818	8843
8862	8875
8883	8890
8880	8849
8802	8768
8760	8773
8794	8824
8853	8887
8923	8959
8994	9025
9051	9060
9030	9028
8822	10222
11996	9771
8424	6895
6254	6032
5916	5859
5894	5996
6149	6355
6607	6900
7299	7837
8350	8544
8306	7780
7168	6611
6178	5896
5743	5675
5640	5602
5540	5441
5290	5075
4832	4610
4427	4254
4068	3870
3675	3494
3335	3204
3100	3031
2991	2981
3014	3097
3214	3319
3388	3426
3439	3438
3426	3421
3428	3455
3488	3515
3529	3528
3535	3567
3620	3679
3767	3919
4117	4285
4341	4265
4110	3974
3928	3970
4036	4056
4009	3931
3874	3857
3873	3892
3895	3886
3892	3948
4078	4274
4512	4739
4921	5014
4994	4847
4635	4448
4327	4234
4135	4032
3942	3885
3874	3909
3981	4069
4155	4226
4297	4391
4495	4571
4603	4598
4577	4546
4523	4516
4530	4555
4578	4583
4563	4520
4457	4372
4265	4133
3962	3763
3619	3734
4388	5782
7781	9946
11841	13205
13950	14156
14071	13970
13892	13687
13306	12887
12572	12399
12288	12098
11690	11004
10166	9404
8823	8381
8038	7825
7808	8026
8513	9269
10224	11211
11991	12345
12266	11909
11390	10730
9955	9132
8326	7581
6955	6507
6261	6199
6298	6568
7070	7863
8923	10106
11187	11963
12362	12417
12152	11560
10729	9826
8990	8292
7802	7595
7687	8019
8531	9167
9813	10324
10598	10606
10372	9957
9499	9159
9046	9181
9537	10055
10631	11108
11351	11269
10866	10231
9508	8874
8521	8584
9004	9604
10275	10992
11632	11977
11895	11397
10546	9477
8467	7899
8046	8865
9939	10675
10764	10288
9462	8452
7335	6168
5082	4263
3726	3377
3251	3514
4196	5149
6227	7357
8456	9427
10255	10873
10930	10031
8400	6888
6278	6821
8105	9351
9946	9732
8959	8049
7286	6728
6375	6223
6253	6400
6558	6642
6628	6562
6498	6452
6408	6353
6310	6330
6421	6554
6723	6924
7078	7089
6987	6946
7082	7366
7691	7949
8112	8223
8338	8477
8600	8641
8597	8532
8520	8598
8775	9023
9302	9576
9808	9979
10089	10161
10225	10308
10454	10668
10889	11001
10954	10784
10579	10418
10313	10216
10107	10001
9953	10007
10173	10407
10647	10847
10999	11139
11299	11486
11694	11912
12130	12348
12555	12743
12902	13039
13169	13305
13406	13434
13421	13457
13561	13669
13752	13856
14008	14172
14259	14205
14049	13911
13869	13910
13977	14018
14010	13966
13901	13823
13734	13636
13536	13440
13348	13264
13190	13114
13003	12824
12611	12433
12324	12256
12184	12083
11948	11779
11580	11359
11122	10887
10670	10475
10289	10082
9842	9576
9296	9014
8757	8556
8441	8418
8467	8550
8630	8680
8698	8688
8673	8670
8685	8706
8728	8747
8765	8786
8815	8844
8874	8899
8919	8936
8950	8960
8958	8938
8908	8889
8886	8898
8920	8944
8971	8998
9025	9052
9080	9104
9125	9134
9113	9135
8970	10325
11976	9757
8423	6922
6315	6123
6013	5929
5908	5954
6084	6328
6685	7115
7601	8124
8523	8590
8264	7697
7072	6528
6131	5900
5798	5760
5728	5655
5535	5357
5129	4858
4575	4335
4153	3993
3829	3661
3499	3355
3232	3133
3059	3016
2999	3007
3049	3128
3220	3280
3297	3298
3309	3339
3373	3402
3411	3404
3391	3388
3401	3440
3499	3587
3681	3766
3864	4019
4218	4383
4438	4361
4202	4067
4020	4063
4128	4139
4059	3918
3793	3762
3819	3901
3949	3956
3955	4002
4134	4343
4591	4804
4939	4964
4875	4684
4452	4254
4121	4039
3987	3964
3958	3965
3975	3989
4009	4052
4115	4203
4319	4463
4585	4613
4540	4429
4354	4350
4417	4523
4626	4694
4700	4647
4552	4450
4364	4302
4242	4150
3991	3786
3622	3701
4300	5626
7559	9673
11564	12978
13821	14144
14162	14108
14010	13728
13263	12798
12463	12231
11985	11601
10997	10224
9501	9083
8929	8748
8340	7765
7247	7024
7215	7808
8739	9883
10984	11751
12122	12248
12212	11972
11529	10960
10313	9568
8723	7834
6999	6311
5832	5616
5747	6323
7326	8592
9852	10856
11520	11892
11999	11792
11315	10709
10141	9730
9522	9506
9657	9954
10373	10851
11291	11564
11556	11241
10717	10188
9808	9658
9753	10093
10623	11236
11768	12047
11952	11485
10757	9953
9257	8843
8887	9468
10378	11237
11881	12364
12641	12513
11910	10971
9906	8915
8239	8101
8583	9500
10431	10893
10717	10071
9151	8056
6804	5467
4273	3477
3087	2905
2895	3221
3931	4895
5993	7181
8356	9380
10219	10842
10909	10026
8406	6892
6275	6820
8121	9385
10012	9881
9243	8476
7794	7203
6711	6393
6288	6344
6449	6497
6460	6389
6345	6332
6327	6304
6288	6342
6465	6606
6762	6966
7137	7145
7013	6929
6999	7179
7389	7583
7756	7926
8109	8304
8478	8577
8592	8565
8548	8583
8689	8871
9111	9383
9635	9829
9942	10001
10053	10164
10370	10649
10914	11053
11014	10838
10616	10446
10356	10312
10270	10216
10173	10193
10315	10543
10819	11055
11225	11370
11525	11708
11911	12120
12332	12542
12743	12925
13079	13208
13327	13444
13533	13554
13536	13564
13652	13752
13836	13940
14079	14225
14298	14245
14095	13958
13896	13910
13950	13968
13947	13893
13822	13737
13642	13537
13430	13322
13224	13133
13053	12971
12856	12673
12453	12267
12150	12070
11983	11868
11718	11541
11341	11120
10893	10672
10466	10278
10079	9843
9570	9294
9044	8817
8620	8477
8411	8425
8506	8617
8729	8817
8870	8891
8881	8849
8813	8791
8788	8800
8819	8844
8871	8902
8928	8953
8973	8991
9005	9017
9022	9019
9012	9010
9017	9030
9044	9061
9083	9104
9122	9144
9164	9183
9201	9207
9204	9255
9141	10427
11917	9731
8430	6971
6402	6224
6103	5983
5920	5939
6079	6381
6835	7366
7903	8373
8646	8587
8186	7587
6964	6441
6084	5899
5837	5823
5786	5674
5488	5240
4947	4625
4320	4077
3904	3763
3623	3487
3360	3250
3162	3096
3054	3038
3045	3073
3123	3200
3269	3290
3260	3227
3235	3292
3370	3428
3439	3401
3348	3316
3332	3400
3505	3620
3726	3813
3912	4068
4263	4427
4482	4400
4241	4107
4063	4105
4170	4176
4078	3909
3758	3720
3807	3932
4019	4049
4055	4099
4219	4408
4617	4783
4857	4827
4693	4486
4256	4057
3917	3850
3846	3897
3974	4041
4072	4061
4031	4027
4068	4168
4323	4510
4650	4645
4496	4312
4206	4227
4364	4546
4703	4774
4744	4634
4480	4342
4255	4229
4221	4165
4020	3808
3628	3682
4241	5509
7373	9436
11307	12753
13681	14117
14229	14216
14086	13727
13178	12671
12326	12070
11741	11198
10393	9460
8752	8614
8939	9200
9005	8346
7518	6881
6621	6751
7292	8267
9484	10603
11458	12102
12528	12642
12467	12160
11777	11242
10483	9541
8523	7567
6750	6122
5784	5863
6408	7319
8384	9385
10229	10931
11488	11819
11874	11705
11467	11331
11344	11421
11506	11596
11687	11739
11715	11579
11268	10744
10133	9669
9487	9567
9858	10320
10881	11405
11734	11735
11366	10718
9969	9332
8954	8937
9364	10240
11319	12226
12818	13169
13224	12776
11780	10480
9219	8307
7948	8203
8965	9951
10763	11044
10724	9998
9047	7913
6594	5163
3887	3061
2708	2608
2706	3145
3957	4999
6128	7290
8403	9371
10169	10748
10781	9901
8326	6878
6319	6895
8190	9425
10049	9996
9515	8917
8330	7716
7095	6611
6357	6307
6342	6349
6291	6225
6204	6233
6274	6282
6290	6363
6496	6625
6750	6933
7104	7126
7011	6928
6970	7094
7234	7384
7555	7759
7981	8209
8406	8547
8611	8625
8610	8604
8644	8761
8963	9227
9496	9712
9833	9879
9925	10059
10309	10618
10891	11034
11013	10860
10668	10521
10460	10456
10464	10452
10423	10426
10515	10727
11005	11252
11428	11568
11721	11895
12088	12291
12495	12696
12889	13064
13214	13338
13447	13555
13639	13660
13645	13662
13734	13825
13913	14018
14149	14271
14329	14271
14131	13989
13914	13906
13929	13934
13903	13843
13764	13673
13568	13453
13336	13224
13116	13017
12932	12846
12728	12542
12320	12125
11994	11889
11779	11638
11466	11268
11055	10828
10602	10385
10188	10005
9807	9566
9295	9046
8840	8670
8532	8441
8412	8452
8548	8673
8801	8916
9000	9044
9045	8997
8926	8875
8857	8865
8883	8906
8935	8966
8993	9019
9036	9054
9067	9079
9090	9103
9118	9136
9149	9161
9171	9182
9197	9207
9218	9230
9243	9256
9265	9273
9278	9344
9260	10478
11828	9702
8444	7042
6497	6315
6164	6013
5935	5971
6159	6533
7062	7646
8177	8563
8706	8533
8070	7455
6843	6349
6029	5884
5854	5852
5798	5650
5404	5089
4743	4396
4089	3859
3702	3579
3464	3354
3260	3184
3130	3096
3084	3096
3123	3169
3222	3289
3335	3315
3246	3186
3193	3270
3380	3462
3475	3418
3329	3272
3288	3378
3507	3634
3728	3804
3895	4048
4240	4402
4456	4377
4216	4082
4038	4079
4145	4154
4065	3912
3780	3756
3848	3985
4093	4154
4187	4237
4325	4452
4581	4665
4678	4611
4470	4283
4074	3884
3744	3686
3720	3831
3974	4087
4131	4099
4033	3991
4015	4117
4293	4499
4641	4616
4435	4227
4123	4179
4362	4581
4745	4794
4723	4568
4387	4246
4182	4197
4231	4198
4049	3825
3634	3671
4209	5439
7260	9278
11125	12583
13562	14072
14249	14249
14082	13647
13031	12485
12150	11929
11615	11017
10062	8925
8105	8106
8829	9608
9861	9447
8596	7685
6930	6397
6265	6761
7829	9126
10387	11515
12365	12779
12818	12726
12609	12365
11899	11226
10429	9595
8757	7925
7175	6642
6450	6638
7149	7877
8731	9670
10622	11461
12052	12333
12420	12514
12663	12744
12679	12486
12166	11696
11116	10520
9929	9303
8727	8382
8361	8607
9030	9548
10062	10440
10562	10372
9913	9338
8835	8584
8656	9046
9730	10649
11625	12438
13006	13351
13347	12750
11527	9962
8525	7665
7572	8149
9133	10186
10953	11173
10824	10095
9146	8017
6707	5284
3986	3104
2686	2586
2765	3340
4302	5454
6603	7660
8600	9417
10114	10597
10538	9637
8144	6842
6423	7071
8352	9530
10133	10165
9841	9386
8851	8191
7457	6832
6444	6284
6245	6213
6151	6106
6128	6210
6301	6345
6362	6416
6502	6572
6640	6780
6942	7002
6955	6927
7001	7136
7280	7424
7586	7789
8020	8236
8415	8556
8655	8701
8696	8660
8646	8705
8869	9121
9403	9634
9766	9814
9868	10030
10312	10623
10862	10983
10975	10875
10742	10645
10610	10624
10649	10656
10646	10649
10726	10918
11182	11421
11589	11723
11868	12032
12213	12406
12602	12796
12978	13143
13288	13407
13514	13625
13714	13750
13744	13751
13803	13880
13974	14085
14205	14305
14341	14282
14148	14007
13915	13892
13907	13911
13879	13814
13726	13625
13510	13388
13261	13139
13021	12916
12824	12736
12614	12433
12209	12007
11853	11720
11573	11400
11197	10972
10736	10492
10259	10042
9847	9670
9486	9275
9051	8852
8706	8591
8506	8455
8451	8496
8590	8710
8838	8959
9062	9128
9142	9095
9017	8955
8933	8937
8955	8976
9001	9029
9058	9084
9106	9123
9137	9151
9168	9198
9233	9264
9282	9289
9291	9296
9299	9302
9302	9305
9308	9313
9315	9318
9313	9369
9277	10443
11738	9680
8463	7110
6582	6380
6195	6027
5970	6069
6341	6790
7361	7933
8400	8671
8689	8419
7918	7305
6714	6250
5967	5850
5838	5834
5761	5573
5276	4914
4537	4185
3894	3686
3549	3445
3351	3267
3200	3153
3125	3118
3133	3169
3218	3271
3322	3362
3367	3306
3206	3130
3134	3223
3349	3446
3458	3388
3282	3212
3224	3322
3462	3588
3670	3730
3813	3963
4157	4319
4371	4293
4133	3999
3954	3997
4062	4080
4022	3924
3855	3858
3935	4054
4168	4259
4330	4382
4433	4469
4486	4472
4425	4342
4228	4087
3918	3752
3618	3569
3622	3767
3945	4086
4136	4095
4007	3945
3956	4056
4226	4414
4528	4488
4319	4147
4088	4187
4396	4620
4761	4774
4668	4495
4323	4210
4183	4230
4276	4241
4081	3846
3655	3699
4234	5452
7236	9210
11018	12466
13464	14015
14221	14216
13997	13499
12830	12266
11963	11831
11629	11088
10064	8725
7685	7640
8597	9846
10647	10674
10031	9040
7921	6802
5989	5889
6584	7790
9208	10637
11827	12531
12798	12914
13023	13034
12871	12558
12142	11627
10972	10140
9145	8099
7163	6526
6326	6620
7357	8405
9599	10772
11739	12372
12740	13022
13255	13315
13133	12754
12171	11342
10350	9391
8563	7860
7307	7016
7040	7335
7802	8335
8806	9098
9142	8941
8596	8266
8116	8245
8668	9299
10049	10837
11593	12259
12803	13169
13158	12512
11178	9452
7896	7078
7194	8007
9140	10241
11010	11245
10939	10252
9344	8286
7096	5819
4615	3710
3190	3020
3222	3883
4935	6138
7251	8167
8907	9553
10111	10424
10203	9248
7870	6787
6579	7329
8602	9720
10313	10433
10257	9896
9360	8632
7809	7075
6568	6295
6176	6103
6046	6042
6118	6258
6397	6478
6501	6514
6530	6521
6521	6600
6738	6836
6872	6930
7061	7253
7448	7610
7750	7924
8127	8309
8453	8581
8699	8773
8779	8730
8681	8699
8832	9067
9348	9590
9736	9801
9884	10092
10408	10699
10874	10944
10942	10905
10852	10808
10789	10789
10797	10797
10795	10808
10889	11072
11323	11546
11704	11831
11964	12115
12284	12470
12656	12840
13013	13167
13307	13420
13532	13650
13758	13817
13828	13824
13851	13914
14010	14126
14236	14317
14331	14266
14140	13997
13894	13862
13881	13891
13859	13792
13698	13586
13460	13325
13190	13059
12934	12820
12719	12624
12503	12324
12103	11895
11721	11553
11371	11155
10915	10661
10397	10136
9889	9666
9472	9302
9146	8989
8838	8716
8631	8573
8533	8511
8517	8555
8627	8723
8837	8951
9061	9141
9175	9145
9080	9027
9008	9015
9031	9050
9072	9097
9126	9152
9179	9198
9217	9230
9253	9294
9343	9381
9397	9399
9396	9391
9385	9376
9366	9357
9352	9344
9342	9334
9308	9322
9179	10330
11667	9662
8476	7155
6624	6402
6192	6040
6044	6243
6616	7130
7700	8210
8561	8695
8588	8248
7732	7138
6582	6151
5897	5798
5785	5765
5666	5444
5111	4718
4327	3987
3728	3551
3433	3348
3272	3208
3160	3133
3126	3139
3178	3234
3296	3354
3390	3388
3335	3229
3107	3027
3032	3119
3246	3342
3355	3285
3181	3110
3118	3212
3349	3472
3551	3606
3689	3835
4029	4190
4243	4163
4007	3871
3831	3868
3938	3964
3951	3939
3961	4001
4056	4132
4235	4347
4449	4510
4513	4456
4357	4245
4146	4065
3996	3916
3805	3669
3554	3508
3564	3710
3888	4027
4080	4037
3950	3884
3893	3983
4122	4253
4314	4261
4140	4047
4064	4211
4434	4640
4749	4727
4609	4447
4314	4245
4254	4299
4321	4261
4105	3896
3742	3817
4367	5567
7304	9210
10956	12366
13364	13939
14164	14140
13874	13334
12650	12093
11837	11814
11771	11356
10330	8816
7503	7256
8251	9818
11129	11663
11363	10489
9259	7839
6589	5978
6170	6969
8150	9544
10871	11829
12389	12779
13116	13328
13379	13341
13240	13019
12600	11911
10908	9610
8160	6848
5984	5791
6277	7241
8463	9762
10933	11829
12454	12915
13227	13288
13092	12715
12143	11281
10196	9101
8159	7397
6832	6516
6489	6734
7171	7680
8130	8426
8527	8467
8346	8295
8420	8767
9300	9929
10558	11130
11649	12145
12594	12881
12783	12066
10677	8874
7267	6511
6790	7760
8972	10105
10908	11213
11003	10405
9592	8687
7735	6741
5762	4923
4328	4060
4213	4844
5845	6958
7956	8729
9322	9826
10208	10278
9821	8792
7551	6729
6762	7635
8903	9971
10567	10777
10722	10417
9845	9063
8192	7392
6779	6382
6156	6033
5981	6017
6147	6335
6516	6633
6677	6677
6645	6581
6520	6530
6615	6722
6816	6930
7107	7357
7608	7775
7867	7980
8143	8302
8431	8564
8705	8806
8830	8786
8725	8722
8827	9043
9311	9559
9725	9827
9961	10235
10592	10858
10953	10952
10948	10963
10988	10993
10973	10937
10899	10875
10869	10891
10980	11165
11412	11629
11781	11896
12020	12160
12318	12492
12670	12846
13007	13153
13282	13394
13507	13642
13776	13862
13885	13871
13874	13921
14018	14137
14240	14297
14292	14224
14107	13965
13850	13813
13835	13854
13826	13756
13656	13533
13397	13251
13107	12962
12829	12706
12596	12494
12372	12194
11978	11762
11566	11370
11150	10898
10625	10339
10052	9775
9519	9293
9103	8948
8825	8733
8667	8626
8603	8595
8591	8594
8602	8623
8660	8722
8806	8910
9016	9109
9162	9164
9127	9093
9081	9090
9106	9124
9145	9167
9193	9220
9250	9273
9294	9310
9339	9387
9444	9483
9493	9489
9479	9466
9447	9427
9404	9384
9366	9352
9343	9322
9264	9227
9012	10183
11640	9652
8474	7153
6611	6375
6180	6078
6181	6496
6967	7516
8046	8447
8655	8642
8419	8026
7517	6963
6451	6058
5823	5724
5697	5652
5519	5266
4909	4504
4120	3805
3586	3441
3344	3268
3205	3153
3118	3100
3108	3136
3188	3254
3327	3386
3401	3346
3231	3084
2951	2877
2881	2958
3072	3155
3170	3114
3025	2966
2973	3053
3177	3298
3393	3460
3544	3693
3885	4047
4099	4021
3865	3733
3690	3734
3800	3839
3868	3946
4061	4146
4178	4212
4289	4413
4531	4590
4550	4418
4224	4038
3903	3835
3811	3790
3738	3645
3550	3506
3545	3660
3805	3918
3961	3931
3864	3817
3830	3905
4001	4056
4047	3991
3940	3949
4055	4244
4463	4637
4709	4671
4561	4433
4348	4324
4338	4344
4310	4229
4115	3990
3926	4069
4639	5800
7448	9247
10894	12250
13242	13852
14105	14065
13760	13216
12571	12065
11856	11916
11990	11685
10681	9044
7476	6955
7812	9509
11194	12192
12298	11692
10599	9212
7863	6949
6614	6758
7305	8251
9422	10512
11391	12138
12769	13204
13434	13560
13620	13568
13342	12881
12078	10837
9221	7519
6140	5442
5496	6124
7129	8374
9672	10817
11719	12392
12812	12932
12813	12590
12254	11672
10841	9922
9073	8363
7822	7485
7388	7538
7887	8325
8744	9065
9268	9378
9456	9581
9810	10148
10568	11007
11401	11731
12021	12310
12559	12614
12287	11419
9962	8136
6537	5854
6254	7315
8576	9758
10656	11096
11037	10580
9922	9239
8593	7957
7289	6603
6009	5670
5727	6215
7017	7908
8704	9346
9848	10237
10405	10170
9434	8326
7246	6700
6966	7938
9186	10214
10821	11098
11119	10839
10254	9469
8612	7793
7088	6553
6199	6008
5955	6025
6198	6416
6627	6779
6862	6888
6864	6789
6697	6643
6657	6723
6813	6924
7100	7366
7645	7794
7819	7854
7970	8135
8301	8476
8643	8771
8822	8799
8750	8745
8832	9021
9271	9517
9712	9862
10068	10414
10809	11051
11070	11005
10989	11047
11129	11168
11141	11069
10992	10941
10924	10944
11035	11220
11468	11687
11836	11946
12060	12190
12339	12502
12671	12833
12988	13125
13245	13351
13468	13614
13769	13878
13916	13892
13870	13902
14001	14121
14216	14250
14224	14151
14044	13903
13775	13727
13752	13777
13749	13676
13569	13441
13294	13142
12985	12834
12689	12553
12434	12327
12199	12022
11805	11582
11371	11154
10903	10626
10327	10022
9724	9441
9185	8964
8784	8648
8558	8523
8530	8558
8594	8630
8659	8680
8687	8686
8692	8717
8771	8857
8961	9063
9138	9169
9164	9150
9150	9161
9179	9200
9220	9240
9262	9288
9316	9344
9366	9389
9418	9465
9519	9554
9560	9549
9531	9509
9482	9451
9417	9385
9356	9333
9316	9282
9201	9127
8856	10075
11664	9650
8447	7091
6528	6302
6162	6161
6390	6819
7360	7906
8361	8639
8697	8539
8209	7774
7286	6787
6332	5976
5750	5636
5575	5491
5324	5047
4682	4281
3915	3636
3453	3338
3259	3191
3132	3082
3047	3039
3056	3094
3149	3224
3299	3354
3347	3246
3077	2907
2784	2723
2725	2780
2861	2924
2944	2914
2860	2823
2829	2887
2992	3116
3233	3323
3417	3565
3757	3920
3975	3896
3739	3610
3571	3612
3679	3727
3786	3932
4128	4256
4282	4284
4335	4444
4554	4599
4532	4356
4118	3897
3752	3695
3703	3727
3720	3671
3601	3554
3561	3616
3697	3767
3798	3786
3754	3740
3767	3826
3873	3864
3806	3761
3791	3900
4076	4287
4483	4614
4651	4606
4516	4427
4377	4372
4369	4322
4230	4150
4111	4112
4176	4409
5007	6122
7664	9328
10857	12137
13119	13758
14039	13991
13675	13178
12642	12228
12063	12139
12240	11978
10995	9301
7554	6742
7323	8928
10775	12118
12621	12368
11579	10469
9301	8315
7567	7012
6745	6977
7718	8747
9852	10933
11899	12634
13110	13381
13509	13513
13414	13188
12690	11720
10232	8445
6761	5591
5094	5175
5752	6784
8113	9475
10655	11566
12153	12403
12434	12428
12406	12249
11881	11373
10821	10311
9886	9577
9427	9471
9696	10020
10366	10681
10941	11146
11314	11471
11641	11825
12021	12204
12359	12487
12600	12695
12692	12443
11822	10750
9207	7371
5799	5165
5613	6708
8011	9286
10339	10961
11070	10777
10297	9846
9498	9191
8818	8337
7832	7485
7448	7748
8281	8879
9445	9958
10395	10657
10574	10006
9010	7872
6992	6725
7187	8218
9429	10419
11027	11326
11362	11091
10535	9824
9056	8258
7479	6798
6300	6022
5958	6058
6263	6501
6725	6901
7022	7088
7099	7047
6956	6868
6820	6814
6835	6884
7015	7266
7543	7667
7630	7594
7671	7854
8084	8313
8513	8659
8737	8751
8738	8747
8823	8980
9201	9443
9670	9880
10159	10567
10988	11200
11165	11055
11034	11120
11240	11305
11278	11197
11113	11058
11037	11044
11112	11283
11525	11743
11891	11995
12104	12229
12371	12524
12681	12835
12979	13109
13220	13319
13433	13585
13752	13880
13923	13890
13842	13862
13962	14087
14172	14184
14135	14058
13958	13818
13680	13619
13633	13652
13623	13541
13427	13290
13137	12975
12812	12651
12495	12349
12222	12109
11976	11797
11573	11342
11121	10886
10625	10332
10026	9717
9421	9148
8909	8705
8545	8429
8370	8369
8421	8494
8576	8651
8713	8751
8759	8742
8719	8716
8748	8822
8924	9036
9127	9185
9204	9207
9214	9229
9251	9272
9290	9309
9329	9354
9383	9410
9435	9455
9482	9524
9570	9598
9598	9580
9553	9524
9488	9450
9404	9365
9327	9298
9268	9226
9135	9054
8766	10054
11748	9653
8392	6965
6376	6190
6152	6291
6657	7183
7754	8263
8622	8774
8694	8404
7977	7509
7054	6621
6226	5904
5682	5543
5439	5307
5100	4803
4441	4060
3725	3480
3329	3235
3165	3100
3039	2989
2957	2948
2963	3004
3061	3135
3211	3263
3240	3117
2922	2754
2654	2620
2619	2644
2683	2719
2740	2746
2736	2729
2735	2766
2843	2964
3101	3217
3325	3474
3667	3832
3889	3811
3656	3526
3486	3529
3593	3642
3720	3904
4147	4315
4354	4349
4374	4445
4518	4535
4453	4278
4054	3849
3712	3661
3678	3720
3746	3733
3687	3636
3597	3581
3579	3588
3603	3617
3636	3665
3713	3761
3777	3731
3664	3660
3764	3948
4164	4364
4510	4583
4584	4533
4456	4386
4343	4321
4285	4206
4107	4059
4094	4201
4381	4711
5358	6465
7944	9506
10921	12111
13040	13661
13936	13880
13589	13202
12833	12551
12419	12450
12487	12192
11239	9577
7753	6670
6844	8111
9856	11367
12216	12349
11934	11214
10377	9514
8579	7543
6604	6138
6320	7057
8136	9357
10562	11629
12453	12964
13196	13262
13272	13240
13015	12354
11146	9508
7765	6292
5288	4786
4831	5490
6650	8024
9338	10423
11182	11615
11840	12037
12276	12490
12596	12560
12410	12199
11962	11720
11529	11471
11561	11760
12006	12264
12504	12709
12863	12967
13017	13029
13016	12997
12991	13017
13059	13057
12886	12416
11572	10346
8738	6904
5340	4680
5061	6102
7417	8813
10049	10839
11078	10917
10605	10346
10200	10093
9918	9630
9285	9013
8934	9076
9371	9712
10059	10438
10773	10864
10506	9635
8457	7390
6786	6809
7436	8486
9647	10604
11205	11477
11457	11171
10686	10121
9500	8764
7923	7098
6444	6070
5984	6103
6326	6568
6788	6978
7120	7201
7214	7176
7111	7040
6971	6897
6826	6791
6870	7099
7368	7486
7434	7359
7409	7598
7859	8116
8322	8475
8581	8644
8683	8719
8790	8915
9101	9332
9588	9861
10201	10638
11046	11225
11159	11045
11035	11148
11294	11378
11379	11333
11298	11283
11272	11255
11277	11404
11619	11822
11963	12065
12169	12286
12423	12570
12716	12863
12998	13120
13224	13317
13423	13570
13738	13871
13917	13871
13805	13810
13912	14040
14115	14105
14035	13954
13859	13719
13571	13487
13482	13488
13446	13358
13235	13090
12930	12761
12588	12418
12254	12103
11970	11850
11710	11521
11282	11043
10813	10579
10317	10029
9729	9436
9162	8920
8708	8534
8401	8311
8267	8274
8329	8420
8531	8647
8741	8799
8811	8787
8748	8727
8749	8818
8926	9047
9153	9225
9256	9269
9276	9292
9313	9335
9353	9373
9392	9417
9444	9472
9497	9517
9538	9569
9600	9616
9610	9585
9552	9515
9476	9428
9379	9329
9285	9244
9208	9160
9077	9016
8756	10115
11874	9663
8319	6797
6182	6057
6156	6453
6957	7556
8121	8557
8814	8853
8665	8265
7758	7261
6839	6468
6135	5850
5626	5452
5299	5114
4870	4559
4208	3855
3556	3339
3208	3128
3065	2997
2934	2878
2845	2831
2844	2877
2934	3005
3078	3128
3105	2982
2802	2664
2609	2602
2604	2596
2586	2590
2612	2648
2686	2712
2720	2727
2768	2881
3027	3160
3276	3431
3625	3793
3851	3772
3612	3482
3443	3485
3549	3600
3681	3868
4126	4319
4389	4393
4400	4420
4434	4412
4328	4193
4032	3881
3773	3720
3719	3756
3796	3816
3792	3734
3647	3551
3459	3405
3401	3444
3515	3600
3672	3716
3721	3684
3661	3723
3888	4110
4321	4471
4547	4550
4509	4443
4366	4290
4214	4146
4085	4027
3991	4000
4073	4212
4448	4853
5586	6761
8270	9810
11155	12243
13056	13573
13776	13701
13473	13246
13077	12942
12837	12793
12715	12368
11466	9918
8110	6771
6428	7129
8514	10022
11170	11722
11744	11459
11021	10410
9528	8347
7078	6107
5713	5932
6636	7647
8841	10127
11318	12186
12675	12950
13154	13305
13270	12861
11965	10642
9086	7570
6285	5361
4931	5110
5838	6879
7975	8945
9700	10228
10612	10963
11377	11872
12378	12791
13056	13188
13185	13056
12871	12752
12756	12856
13006	13178
13351	13501
13608	13649
13614	13518
13382	13245
13164	13176
13244	13246
13033	12486
11566	10300
8710	6915
5359	4593
4777	5630
6869	8315
9686	10608
10962	10938
10794	10695
10659	10615
10514	10368
10206	10066
9994	10036
10169	10323
10491	10695
10838	10690
10056	8962
7733	6860
6607	6942
7719	8776
9893	10824
11407	11602
11478	11162
10790	10421
9978	9321
8427	7458
6638	6151
6020	6131
6347	6568
6763	6940
7080	7138
7119	7079
7063	7059
7023	6911
6756	6650
6697	6919
7192	7338
7322	7260
7291	7449
7686	7916
8100	8247
8378	8492
8585	8659
8731	8827
8978	9197
9476	9801
10180	10604
10960	11094
11027	10938
10967	11104
11273	11384
11439	11482
11547	11619
11639	11597
11549	11602
11759	11933
12057	12153
12254	12366
12494	12633
12773	12913
13044	13159
13258	13342
13440	13572
13727	13856
13901	13845
13758	13754
13854	13983
14048	14020
13933	13851
13762	13623
13458	13346
13309	13294
13237	13140
13011	12857
12687	12510
12330	12155
11988	11831
11695	11567
11416	11208
10954	10701
10473	10243
9994	9725
9450	9185
8949	8743
8577	8443
8346	8281
8244	8230
8253	8331
8460	8609
8738	8817
8841	8815
8775	8750
8771	8847
8965	9097
9214	9288
9317	9327
9334	9347
9367	9388
9405	9422
9444	9471
9497	9527
9549	9568
9583	9600
9611	9614
9603	9572
9532	9488
9444	9393
9340	9283
9232	9185
9140	9096
9027	9006
8787	10219
12007	9673
8248	6631
5997	5941
6178	6634
7251	7894
8422	8776
8933	8881
8608	8134
7559	7043
6648	6330
6044	5787
5558	5355
5155	4928
4654	4336
3998	3676
3406	3215
3097	3023
2962	2895
2828	2771
2729	2714
2720	2749
2795	2859
2923	2972
2960	2863
2727	2641
2639	2666
2671	2634
2586	2561
2585	2650
2721	2772
2780	2760
2768	2857
3004	3146
3267	3424
3618	3783
3839	3760
3601	3472
3435	3478
3542	3593
3666	3836
4081	4291
4395	4423
4413	4377
4324	4257
4183	4110
4032	3954
3874	3810
3777	3797
3845	3884
3876	3806
3681	3517
3354	3245
3224	3291
3418	3553
3653	3705
3716	3724
3777	3915
4123	4346
4515	4591
4576	4507
4415	4325
4236	4136
4017	3900
3829	3845
3923	3993
4043	4133
4349	4801
5635	6942
8573	10188
11528	12519
13174	13512
13580	13478
13341	13285
13302	13292
13213	13099
12931	12559
11751	10374
8635	7050
6119	6111
6968	8348
9763	10797
11342	11548
11527	11232
10565	9507
8212	6972
6052	5604
5636	6079
6927	8160
9564	10792
11701	12387
12950	13349
13487	13277
12693	11775
10612	9326
8067	6999
6288	6022
6159	6527
6968	7380
7752	8125
8517	8948
9488	10212
11068	11894
12560	13032
13294	13345
13259	13178
13178	13247
13348	13466
13590	13706
13790	13818
13769	13638
13445	13244
13122	13136
13240	13273
13078	12551
11685	10500
9024	7356
5844	4947
4833	5351
6336	7665
9045	10075
10606	10804
10885	10952
10993	10949
10854	10803
10804	10783
10725	10699
10721	10741
10732	10696
10544	10099
9237	8046
6914	6340
6481	7128
8049	9118
10204	11119
11663	11755
11508	11179
10948	10800
10546	9967
9029	7923
6939	6306
6077	6126
6290	6451
6592	6739
6855	6881
6832	6800
6851	6943
6976	6863
6653	6506
6551	6776
7057	7245
7289	7273
7294	7402
7569	7737
7874	8005
8153	8313
8458	8568
8645	8723
8845	9054
9351	9710
10099	10473
10741	10826
10777	10747
10826	10992
11171	11319
11451	11620
11824	12001
12067	12000
11875	11835
11918	12045
12157	12253
12351	12460
12582	12711
12845	12977
13098	13204
13298	13378
13470	13584
13719	13834
13871	13804
13705	13690
13786	13911
13969	13926
13834	13751
13668	13528
13344	13200
13130	13087
13018	12910
12772	12607
12428	12244
12057	11878
11706	11550
11414	11282
11121	10895
10618	10352
10121	9906
9679	9438
9197	8975
8777	8618
8493	8404
8346	8309
8275	8232
8207	8254
8385	8555
8709	8808
8842	8828
8795	8781
8813	8899
9025	9166
9283	9352
9374	9374
9377	9390
9406	9424
9438	9455
9479	9506
9535	9560
9581	9596
9605	9607
9607	9595
9573	9538
9493	9442
9393	9341
9283	9225
9171	9119
9075	9032
8981	8990
8810	10284
12085	9672
8195	6522
5892	5902
6256	6825
7519	8165
8638	8901
8968	8845
8518	7997
7391	6859
6474	6182
5919	5669
5436	5211
4981	4731
4443	4130
3807	3506
3262	3091
2990	2930
2883	2822
2753	2688
2647	2632
2637	2658
2692	2732
2779	2821
2827	2772
2688	2656
2694	2757
2776	2735
2663	2630
2662	2735
2812	2867
2869	2834
2813	2877
3012	3153
3277	3430
3613	3765
3813	3737
3587	3468
3440	3487
3561	3619
3691	3839
4060	4266
4396	4443
4417	4332
4215	4109
4043	4019
4012	3993
3936	3853
3791	3799
3854	3902
3885	3801
3654	3465
3272	3136
3105	3196
3371	3557
3692	3752
3777	3831
3956	4150
4367	4556
4660	4657
4563	4422
4282	4164
4064	3951
3816	3685
3635	3727
3898	3998
4001	4010
4176	4627
5520	6938
8709	10451
11858	12823
13351	13516
13455	13334
13282	13349
13467	13520
13465	13337
13148	12805
12116	10917
9248	7430
5933	5223
5526	6727
8361	9863
10935	11611
11963	11966
11575	10790
9687	8402
7137	6097
5396	5100
5325	6166
7470	8895
10217	11399
12395	13111
13468	13483
13216	12730
12044	11167
10183	9248
8489	7939
7539	7178
6795	6414
6148	6103
6284	6629
7173	8018
9113	10235
11204	11946
12443	12697
12790	12834
12911	13028
13167	13320
13481	13642
13781	13860
13847	13725
13512	13272
13111	13106
13207	13242
13065	12611
11870	10850
9564	8096
6691	5679
5225	5314
5897	6917
8138	9219
9971	10457
10791	11036
11163	11137
11054	11063
11167	11212
11148	11061
10995	10905
10720	10400
9903	9189
8228	7124
6242	6022
6524	7435
8476	9559
10608	11462
11921	11889
11543	11236
11161	11222
11142	10656
9717	8531
7406	6609
6217	6134
6193	6272
6342	6437
6521	6529
6478	6480
6601	6780
6876	6788
6580	6447
6509	6732
6996	7191
7277	7298
7322	7388
7484	7580
7671	7781
7933	8114
8290	8432
8527	8608
8725	8929
9232	9595
9956	10250
10422	10468
10464	10507
10639	10820
10997	11174
11390	11690
12034	12316
12417	12330
12142	12018
12025	12119
12231	12343
12451	12557
12668	12787
12909	13027
13130	13224
13311	13398
13492	13600
13711	13801
13819	13742
13634	13606
13688	13798
13850	13806
13715	13632
13552	13410
13218	13048
12948	12877
12791	12669
12516	12341
12150	11957
11764	11580
11408	11254
11119	10991
10823	10585
10289	10006
9769	9562
9359	9162
8969	8796
8643	8517
8423	8369
8349	8349
8331	8269
8204	8220
8346	8523
8680	8780
8817	8811
8796	8805
8859	8957
9084	9213
9318	9377
9393	9393
9395	9405
9421	9435
9445	9463
9484	9509
9536	9557
9574	9586
9590	9581
9559	9532
9501	9463
9416	9368
9315	9261
9205	9147
9096	9048
9007	8970
8924	8949
8790	10274
12062	9639
8166	6509
5921	5996
6419	7042
7747	8358
8757	8929
8913	8732
8377	7845
7234	6697
6306	5998
5720	5460
5219	4991
4761	4513
4237	3938
3630	3344
3115	2966
2891	2867
2849	2806
2735	2664
2619	2610
2626	2644
2649	2653
2666	2699
2724	2710
2668	2664
2723	2811
2863	2846
2789	2771
2817	2878
2923	2948
2944	2903
2866	2905
3022	3155
3280	3421
3578	3701
3737	3668
3545	3450
3437	3497
3588	3669
3756	3895
4086	4271
4401	4449
4408	4285
4131	3993
3922	3913
3934	3933
3881	3788
3718	3726
3788	3816
3766	3664
3534	3378
3218	3093
3068	3171
3384	3619
3797	3877
3912	3980
4130	4326
4511	4641
4680	4615
4462	4276
4101	3966
3867	3782
3692	3610
3603	3716
3881	3953
3914	3894
4032	4452
5311	6727
8557	10412
11948	12987
13514	13624
13520	13418
13421	13500
13578	13602
13566	13487
13362	13099
12527	11457
9827	7816
5883	4635
4497	5515
7255	9050
10475	11453
12041	12269
12156	11709
10928	9839
8554	7255
6084	5167
4692	4866
5701	6988
8477	9955
11260	12266
12920	13246
13326	13242
13004	12573
11980	11331
10700	10084
9419	8644
7753	6823
6020	5496
5270	5280
5569	6259
7302	8457
9501	10340
10949	11338
11576	11759
11950	12181
12450	12749
13072	13396
13677	13867
13919	13828
13619	13365
13184	13157
13234	13256
13109	12754
12178	11353
10284	9035
7769	6684
5933	5603
5737	6322
7226	8224
9118	9822
10339	10714
10936	10994
10979	11039
11166	11215
11129	10991
10856	10677
10342	9764
8984	8134
7282	6484
5993	6128
6893	7955
9052	10114
11075	11778
12062	11895
11508	11268
11339	11566
11637	11275
10424	9263
8073	7108
6499	6219
6143	6137
6150	6199
6257	6259
6229	6274
6439	6650
6776	6731
6587	6523
6622	6822
7021	7161
7232	7270
7306	7355
7412	7459
7512	7598
7733	7907
8092	8253
8379	8491
8633	8846
9135	9462
9758	9951
10037	10074
10131	10261
10443	10615
10765	10945
11229	11639
12096	12441
12565	12468
12255	12084
12043	12121
12261	12411
12537	12643
12745	12852
12963	13057
13130	13197
13278	13379
13501	13616
13707	13759
13746	13654
13541	13496
13549	13636
13676	13644
13560	13483
13394	13253
13062	12888
12765	12668
12559	12419
12244	12047
11841	11631
11431	11242
11072	10926
10799	10678
10519	10277
9974	9671
9418	9209
9035	8889
8764	8647
8534	8426
8343	8304
8317	8361
8382	8335
8267	8272
8382	8540
8674	8749
8768	8763
8772	8816
8900	9006
9116	9209
9279	9323
9352	9367
9379	9389
9401	9411
9418	9430
9447	9470
9494	9511
9521	9529
9522	9498
9454	9410
9368	9332
9292	9249
9200	9152
9099	9050
9003	8964
8931	8899
8857	8889
8740	10206
11969	9594
8163	6578
6062	6200
6658	7278
7941	8477
8785	8872
8783	8558
8192	7677
7090	6561
6143	5794
5472	5180
4930	4712
4507	4292
4047	3770
3477	3198
2979	2847
2809	2828
2852	2831
2761	2683
2633	2637
2669	2684
2663	2621
2596	2616
2657	2673
2657	2656
2710	2816
2909	2932
2910	2931
2991	3027
3014	2995
2980	2942
2898	2914
3004	3128
3253	3380
3506	3596
3618	3565
3476	3410
3413	3482
3587	3698
3817	3962
4132	4280
4373	4395
4339	4217
4062	3923
3834	3797
3788	3766
3705	3624
3570	3589
3637	3626
3534	3430
3349	3278
3196	3112
3091	3198
3428	3707
3936	4051
4086	4130
4231	4365
4487	4557
4549	4449
4284	4089
3909	3779
3702	3671
3663	3672
3712	3789
3852	3831
3761	3757
3915	4306
5089	6423
8225	10141
11802	12983
13623	13813
13773	13728
13741	13730
13654	13569
13538	13550
13541	13388
12912	11924
10310	8175
5984	4420
4012	4858
6535	8359
9847	10881
11537	11922
12085	12012
11647	10953
9968	8809
7556	6298
5228	4636
4721	5489
6731	8142
9494	10694
11679	12402
12882	13181
13335	13317
13127	12804
12385	11877
11263	10513
9618	8614
7621	6763
6094	5605
5396	5618
6254	7081
7893	8575
9094	9464
9745	10010
10318	10680
11113	11620
12191	12789
13331	13719
13900	13870
13690	13460
13297	13267
13323	13339
13235	13001
12599	11966
11095	10061
8952	7854
6898	6236
5957	6065
6529	7263
8104	8855
9433	9875
10198	10392
10505	10619
10724	10731
10613	10432
10241	9993
9550	8817
7913	7117
6564	6235
6224	6699
7619	8712
9768	10726
11506	11968
12026	11753
11402	11280
11476	11803
11966	11727
11031	9997
8825	7720
6859	6342
6123	6060
6061	6110
6165	6178
6172	6244
6411	6597
6706	6704
6660	6692
6827	6988
7101	7156
7180	7212
7267	7326
7370	7403
7441	7506
7616	7762
7931	8100
8253	8407
8579	8793
9047	9307
9509	9613
9646	9699
9836	10052
10272	10415
10508	10661
10977	11459
11989	12378
12522	12450
12267	12097
12035	12112
12286	12473
12615	12720
12813	12911
13012	13082
13120	13154
13224	13345
13497	13625
13701	13712
13658	13551
13432	13371
13387	13433
13464	13442
13377	13293
13190	13046
12871	12708
12576	12458
12329	12164
11967	11744
11518	11294
11082	10890
10722	10583
10466	10357
10208	9978
9676	9360
9085	8873
8722	8635
8578	8523
8443	8342
8250	8215
8252	8344
8418	8418
8374	8379
8469	8591
8682	8722
8717	8716
8747	8821
8922	9028
9108	9156
9187	9225
9275	9317
9342	9350
9359	9364
9367	9371
9384	9398
9418	9431
9438	9438
9421	9376
9312	9252
9205	9172
9143	9110
9071	9029
8987	8942
8908	8879
8855	8829
8793	8831
8692	10153
11908	9562
8173	6662
6227	6433
6918	7511
8098	8537
8748	8753
8611	8352
7985	7502
6958	6445
6005	5609
5240	4917
4655	4450
4276	4099
3892	3647
3371	3109
2896	2778
2761	2813
2867	2864
2793	2706
2653	2665
2712	2729
2687	2612
2563	2571
2621	2655
2649	2641
2687	2798
2920	2978
2990	3039
3113	3127
3068	3014
2991	2955
2904	2896
2959	3066
3191	3315
3426	3501
3519	3482
3417	3371
3374	3440
3546	3671
3810	3969
4121	4223
4255	4233
4172	4086
3981	3874
3777	3693
3620	3553
3489	3440
3420	3433
3437	3374
3262	3190
3185	3208
3199	3148
3124	3213
3448	3759
4038	4195
4233	4223
4226	4261
4310	4336
4307	4219
4081	3919
3771	3666
3623	3641
3700	3776
3841	3865
3811	3673
3534	3529
3719	4134
4906	6205
7978	9906
11625	12907
13667	13988
14065	14092
14087	13955
13709	13507
13464	13551
13655	13605
13208	12281
10697	8526
6227	4524
3961	4625
6101	7706
8988	9870
10489	11010
11482	11828
11933	11725
11205	10414
9358	8035
6598	5356
4635	4618
5229	6205
7357	8606
9860	10974
11873	12564
13090	13465
13668	13665
13477	13164
12773	12300
11708	10962
10087	9146
8193	7290
6574	6203
6203	6432
6737	7016
7237	7407
7595	7860
8228	8676
9209	9871
10682	11601
12492	13193
13597	13710
13626	13477
13378	13369
13413	13425
13373	13257
13017	12561
11881	11057
10124	9088
8039	7152
6522	6175
6146	6468
7039	7655
8189	8657
9071	9408
9654	9825
9909	9871
9715	9494
9244	8940
8459	7719
6889	6322
6166	6338
6798	7581
8598	9629
10531	11270
11781	11977
11853	11557
11328	11361
11658	12005
12173	12006
11461	10592
9490	8280
7183	6422
6056	5959
6004	6115
6225	6274
6290	6354
6483	6612
6682	6704
6734	6833
6983	7113
7173	7180
7180	7217
7288	7358
7404	7440
7481	7544
7635	7758
7906	8064
8225	8389
8564	8749
8942	9115
9235	9283
9304	9399
9610	9891
10130	10239
10265	10369
10679	11195
11776	12217
12421	12429
12324	12192
12127	12194
12375	12567
12704	12794
12873	12969
13067	13126
13140	13149
13203	13330
13496	13633
13690	13666
13578	13455
13330	13249
13225	13239
13252	13234
13175	13082
12959	12809
12652	12507
12383	12265
12120	11940
11721	11479
11232	10991
10769	10572
10406	10272
10163	10060
9922	9705
9414	9097
8817	8602
8476	8431
8432	8423
8369	8274
8180	8144
8198	8321
8441	8490
8478	8483
8539	8617
8671	8695
8698	8712
8755	8831
8924	9009
9064	9090
9111	9155
9220	9278
9309	9319
9319	9319
9313	9311
9314	9325
9336	9346
9347	9344
9318	9261
9186	9115
9068	9041
9019	8993
8962	8928
8891	8857
8828	8805
8787	8771
8743	8793
8667	10146
11917	9556
8184	6719
6366	6652
7177	7739
8238	8566
8673	8605
8416	8137
7768	7314
6814	6332
5894	5476
5080	4733
4455	4244
4079	3922
3748	3542
3310	3082
2892	2785
2768	2818
2881	2880
2809	2714
2659	2675
2728	2746
2696	2608
2543	2546
2603	2646
2650	2642
2679	2787
2918	2988
3015	3077
3157	3160
3084	3016
2992	2959
2901	2873
2911	3008
3140	3280
3400	3482
3509	3485
3429	3380
3370	3412
3497	3611
3748	3898
4025	4078
4051	3990
3931	3894
3860	3805
3717	3597
3471	3370
3315	3304
3314	3308
3255	3151
3048	3026
3091	3179
3214	3181
3143	3211
3427	3739
4038	4220
4255	4188
4099	4046
4036	4040
4022	3970
3890	3795
3705	3645
3631	3665
3737	3821
3880	3873
3753	3523
3300	3261
3482	3969
4823	6178
7965	9872
11568	12850
13654	14057
14214	14278
14251	14059
13752	13525
13493	13619
13763	13744
13384	12505
10975	8838
6528	4762
4081	4551
5749	7011
7943	8564
9108	9773
10574	11345
11912	12173
12115	11748
11014	9848
8334	6745
5418	4616
4420	4743
5489	6577
7874	9195
10394	11403
12253	12993
13583	13917
13991	13908
13768	13590
13329	12918
12315	11503
10537	9509
8547	7766
7204	6812
6525	6282
6062	5892
5827	5938
6215	6599
7099	7792
8741	9898
11091	12100
12776	13121
13244	13284
13328	13383
13422	13433
13424	13401
13302	13019
12541	11933
11195	10273
9223	8201
7321	6619
6159	6031
6207	6552
6955	7387
7823	8217
8526	8725
8801	8745
8575	8333
8055	7738
7308	6721
6154	5933
6176	6777
7612	8621
9668	10557
11194	11616
11833	11819
11631	11426
11378	11569
11912	12210
12309	12161
11752	11060
10057	8789
7486	6491
5963	5824
5918	6120
6315	6428
6471	6519
6595	6660
6692	6715
6770	6877
7017	7132
7194	7225
7255	7318
7397	7469
7519	7563
7620	7695
7787	7901
8030	8167
8306	8440
8566	8689
8802	8897
8960	8999
9055	9199
9451	9751
9979	10051
10028	10087
10384	10918
11544	12055
12355	12477
12480	12414
12363	12415
12564	12718
12815	12871
12933	13030
13138	13205
13214	13209
13243	13356
13511	13637
13676	13629
13517	13378
13240	13141
13088	13069
13062	13030
12965	12855
12714	12555
12408	12284
12179	12065
11922	11731
11503	11248
10987	10734
10502	10299
10131	9995
9890	9789
9655	9450
9175	8876
8608	8410
8304	8288
8320	8342
8310	8229
8141	8115
8179	8317
8462	8543
8554	8545
8558	8590
8630	8670
8712	8756
8805	8856
8907	8956
8999	9039
9084	9144
9212	9262
9287	9293
9291	9283
9271	9262
9257	9260
9263	9266
9265	9258
9228	9170
9093	9025
8977	8953
8933	8913
8886	8859
8829	8797
8771	8752
8738	8725
8707	8771
8654	10164
11962	9555
8182	6747
6485	6871
7446	7986
8386	8579
8573	8433
8209	7914
7541	7097
6631	6186
5782	5391
5000	4636
4328	4077
3880	3712
3559	3403
3247	3093
2961	2862
2817	2840
2886	2882
2808	2706
2651	2668
2724	2746
2695	2601
2529	2530
2590	2642
2655	2651
2685	2784
2904	2972
3004	3066
3142	3147
3076	3011
2991	2958
2904	2873
2907	3006
3156	3320
3468	3572
3613	3596
3540	3479
3440	3446
3494	3573
3670	3777
3855	3869
3817	3750
3705	3692
3689	3665
3597	3489
3371	3278
3235	3239
3256	3233
3153	3038
2954	2958
3050	3160
3213	3191
3155	3205
3385	3653
3913	4071
4086	3997
3876	3786
3753	3749
3750	3739
3724	3700
3676	3662
3665	3688
3722	3762
3792	3778
3656	3410
3159	3113
3380	3957
4916	6345
8145	10010
11629	12830
13583	13968
14119	14160
14122	13988
13810	13719
13768	13887
13960	13852
13432	12568
11112	9049
6768	4944
4121	4391
5318	6238
6809	7167
7631	8431
9535	10682
11627	12255
12564	12571
12209	11365
10069	8531
6996	5685
4779	4411
4596	5236
6209	7381
8585	9697
10719	11738
12698	13430
13848	14041
14120	14142
14100	13944
13600	13029
12278	11462
10652	9860
9090	8347
7642	6958
6303	5716
5263	5001
4939	5051
5369	5975
6905	8078
9318	10418
11268	11872
12320	12692
13000	13206
13294	13309
13317	13358
13373	13267
13009	12628
12084	11297
10297	9239
8242	7357
6637	6154
5945	5967
6151	6436
6755	7056
7297	7449
7502	7455
7317	7121
6895	6656
6384	6090
5924	6109
6710	7605
8650	9730
10682	11322
11625	11706
11674	11558
11429	11402
11548	11840
12154	12352
12381	12273
12022	11531
10662	9377
7913	6695
5976	5732
5808	6041
6294	6481
6587	6647
6684	6703
6710	6728
6775	6860
6966	7076
7176	7272
7368	7462
7546	7612
7665	7723
7798	7888
7993	8103
8217	8324
8422	8499
8559	8602
8635	8663
8701	8771
8894	9079
9324	9588
9771	9803
9752	9804
10113	10680
11354	11936
12323	12542
12645	12663
12664	12722
12829	12917
12947	12954
12994	13099
13225	13313
13329	13315
13325	13403
13530	13634
13660	13600
13474	13318
13167	13045
12966	12921
12885	12836
12752	12621
12461	12294
12147	12037
11946	11845
11702	11508
11273	11014
10746	10485
10246	10036
9862	9725
9617	9518
9390	9195
8939	8671
8434	8264
8179	8177
8224	8265
8254	8194
8129	8116
8184	8321
8471	8569
8593	8572
8539	8532
8566	8643
8742	8826
8874	8885
8881	8889
8931	9001
9087	9166
9225	9257
9271	9272
9265	9254
9235	9219
9208	9201
9199	9194
9189	9173
9146	9091
9021	8959
8920	8897
8878	8855
8830	8803
8778	8752
8725	8707
8692	8681
8665	8731
8615	10154
11982	9527
8154	6760
6596	7092
7734	8248
8542	8600
8474	8262
8006	7697
7313	6868
6414	6008
5654	5310
4946	4577
4229	3918
3665	3467
3325	3227
3164	3117
3060	2971
2890	2866
2888	2874
2797	2696
2642	2660
2720	2740
2689	2590
2516	2514
2577	2639
2661	2667
2698	2782
2883	2942
2972	3030
3100	3109
3053	3001
2984	2960
2916	2891
2929	3040
3209	3401
3580	3710
3770	3760
3698	3616
3546	3511
3514	3548
3591	3627
3642	3633
3606	3572
3542	3519
3496	3468
3425	3374
3321	3279
3253	3246
3242	3213
3148	3054
2975	2970
3040	3136
3189	3186
3169	3212
3341	3528
3696	3779
3766	3692
3613	3555
3526	3518
3530	3553
3585	3621
3653	3671
3675	3659
3630	3604
3594	3592
3530	3356
3171	3200
3553	4226
5257	6721
8501	10290
11793	12869
13503	13788
13855	13833
13811	13838
13937	14099
14263	14333
14232	13917
13361	12483
11121	9179
6950	5059
4061	4106
4780	5416
5697	5841
6233	7136
8466	9895
11106	11968
12509	12806
12810	12397
11552	10398
9048	7599
6258	5304
4838	4779
5076	5729
6629	7588
8589	9740
11003	12146
12988	13515
13805	13965
14047	14051
13910	13603
13185	12781
12396	11932
11316	10576
9745	8851
7918	6988
6114	5346
4760	4443
4489	4924
5691	6626
7572	8439
9228	9991
10768	11525
12192	12680
12953	13058
13090	13148
13240	13291
13248	13092
12739	12100
11199	10193
9214	8315
7513	6843
6351	6073
5988	6021
6096	6173
6235	6268
6277	6251
6193	6107
6014	5934
5905	5987
6279	6864
7732	8755
9810	10773
11478	11792
11755	11563
11376	11254
11243	11393
11682	12003
12245	12360
12386	12385
12328	12054
11341	10086
8523	7116
6186	5754
5693	5844
6085	6344
6557	6676
6709	6707
6711	6733
6772	6822
6891	6993
7133	7295
7451	7570
7652	7713
7780	7858
7947	8048
8154	8260
8357	8436
8491	8515
8513	8488
8457	8440
8475	8598
8793	9008
9210	9394
9508	9502
9451	9534
9888	10500
11218	11837
12266	12538
12715	12838
12936	13036
13114	13130
13085	13040
13059	13168
13318	13430
13459	13434
13416	13453
13546	13629
13648	13582
13446	13272
13100	12956
12849	12778
12715	12640
12533	12386
12207	12028
11878	11767
11684	11582
11437	11241
11003	10740
10471	10208
9965	9753
9575	9435
9326	9226
9104	8924
8695	8461
8266	8130
8068	8081
8138	8185
8197	8166
8126	8129
8201	8327
8467	8572
8606	8572
8511	8479
8514	8624
8762	8876
8922	8906
8861	8844
8881	8979
9097	9191
9236	9252
9251	9249
9236	9220
9194	9173
9154	9141
9130	9116
9103	9085
9057	9009
8950	8899
8864	8842
8820	8797
8774	8749
8726	8706
8680	8659
8640	8624
8600	8657
8518	10079
11946	9459
8100	6757
6699	7310
8016	8503
8696	8618
8382	8103
7822	7506
7116	6661
6207	5819
5499	5188
4845	4468
4090	3740
3449	3239
3115	3074
3095	3135
3138	3058
2944	2881
2881	2862
2784	2685
2632	2653
2713	2731
2676	2577
2502	2499
2564	2634
2666	2679
2709	2774
2854	2903
2932	2982
3041	3057
3024	2990
2982	2964
2926	2902
2932	3040
3219	3435
3638	3791
3866	3862
3793	3691
3588	3513
3476	3468
3463	3439
3413	3406
3424	3438
3427	3384
3329	3286
3270	3285
3313	3330
3324	3295
3261	3228
3190	3123
3049	3019
3051	3113
3163	3179
3185	3223
3302	3394
3456	3457
3422	3397
3396	3398
3385	3376
3384	3423
3486	3560
3626	3663
3647	3586
3486	3386
3340	3365
3394	3348
3308	3488
3987	4779
5876	7341
9054	10718
12069	12981
13472	13642
13622	13558
13588	13801
14170	14555
14788	14755
14439	13898
13205	12341
11115	9349
7220	5280
4094	3874
4276	4659
4727	4707
5023	5956
7423	9029
10399	11371
12008	12472
12789	12843
12565	11974
11042	9753
8284	6945
5871	5035
4503	4461
4867	5501
6300	7398
8782	10222
11455	12338
12878	13192
13395	13532
13587	13545
13474	13477
13520	13431
13107	12567
11861	11028
10082	9037
7895	6709
5638	4909
4675	4913
5426	5962
6389	6759
7220	7895
8792	9795
10779	11651
12300	12650
12773	12841
12963	13112
13240	13274
13115	12663
11939	11080
10215	9400
8629	7897
7247	6756
6428	6194
5989	5810
5663	5566
5521	5525
5561	5613
5674	5772
5994	6441
7147	8042
9023	9987
10848	11521
11884	11862
11554	11201
10968	10893
10980	11232
11584	11904
12121	12250
12362	12512
12640	12550
11994	10825
9248	7726
6598	5923
5623	5588
5752	6058
6386	6591
6649	6651
6676	6723
6766	6793
6827	6914
7075	7282
7469	7595
7662	7730
7823	7925
8018	8113
8209	8303
8380	8433
8455	8446
8406	8347
8285	8250
8297	8470
8723	8947
9100	9208
9262	9237
9202	9322
9716	10355
11084	11704
12128	12410
12647	12888
13124	13304
13378	13334
13219	13124
13124	13240
13412	13543
13580	13539
13488	13488
13545	13613
13634	13569
13424	13236
13045	12877
12748	12649
12559	12461
12331	12164
11968	11774
11610	11491
11392	11283
11131	10932
10693	10432
10162	9901
9663	9450
9271	9129
9021	8928
8814	8652
8454	8261
8111	8017
7982	8006
8064	8124
8153	8150
8138	8155
8221	8328
8450	8548
8589	8562
8497	8461
8499	8617
8769	8891
8937	8911
8856	8829
8868	8972
9100	9194
9235	9238
9228	9215
9197	9176
9149	9121
9095	9073
9053	9034
9011	8988
8959	8918
8870	8829
8799	8778
8758	8735
8710	8689
8666	8646
8624	8603
8582	8558
8520	8547
8373	9937
11850	9365
8028	6755
6795	7507
8266	8730
8826	8630
8292	7958
7663	7350
6963	6509
6051	5654
5320	4993
4634	4251
3871	3535
3268	3090
3009	3005
3064	3136
3153	3074
2946	2871
2867	2849
2773	2677
2625	2648
2705	2723
2665	2563
2485	2488
2555	2631
2674	2695
2718	2767
2824	2860
2886	2925
2972	2994
2987	2976
2977	2966
2932	2894
2896	2983
3159	3387
3606	3773
3860	3858
3779	3657
3528	3419
3352	3315
3284	3244
3212	3219
3264	3309
3314	3277
3223	3186
3194	3248
3318	3369
3379	3347
3298	3255
3215	3162
3103	3066
3075	3110
3152	3179
3195	3218
3252	3271
3258	3215
3182	3208
3276	3325
3321	3298
3299	3343
3419	3516
3601	3639
3608	3502
3343	3184
3106	3153
3267	3344
3465	3830
4521	5474
6666	8130
9743	11236
12384	13119
13484	13591
13558	13522
13625	13960
14464	14922
15126	14975
14500	13832
13102	12321
11278	9716
7714	5760
4397	3904
4021	4183
4092	3927
4105	4959
6426	8097
9525	10489
11081	11574
12098	12577
12880	12899
12496	11583
10285	8862
7438	6021
4800	4094
3947	4126
4543	5322
6513	7947
9359	10500
11290	11799
12158	12462
12741	12992
13253	13570
13884	14035
13948	13648
13202	12643
11952	11078
9973	8664
7370	6414
5990	6036
6277	6399
6289	6080
6021	6307
6955	7855
8928	10102
11183	11908
12245	12406
12580	12795
13021	13187
13209	12988
12529	11909
11229	10539
9843	9132
8449	7859
7369	6932
6514	6137
5838	5652
5589	5634
5756	5923
6111	6340
6731	7401
8325	9323
10223	10946
11466	11747
11739	11423
10950	10554
10378	10395
10572	10885
11276	11650
11950	12202
12454	12732
12972	12998
12568	11535
10052	8514
7233	6304
5715	5447
5487	5788
6175	6434
6513	6539
6603	6694
6759	6777
6784	6853
7012	7224
7415	7522
7571	7649
7775	7905
7998	8074
8143	8211
8265	8298
8302	8282
8244	8191
8137	8111
8178	8374
8643	8862
8990	9066
9106	9090
9075	9212
9600	10218
10906	11481
11867	12151
12445	12814
13207	13489
13579	13498
13334	13202
13188	13307
13496	13638
13675	13615
13530	13494
13523	13582
13609	13551
13403	13201
12994	12807
12655	12532
12420	12300
12149	11962
11753	11547
11362	11215
11087	10953
10790	10590
10355	10099
9836	9585
9353	9146
8972	8836
8732	8645
8544	8401
8234	8086
7987	7939
7931	7963
8021	8081
8125	8147
8160	8188
8245	8328
8421	8505
8550	8544
8505	8486
8526	8627
8758	8861
8909	8899
8869	8857
8896	8986
9093	9174
9209	9211
9196	9177
9153	9125
9091	9055
9023	8992
8962	8936
8909	8882
8851	8818
8780	8748
8725	8706
8687	8667
8641	8617
8597	8577
8558	8538
8515	8487
8432	8427
8211	9770
11727	9271
7978	6777
6904	7691
8474	8906
8917	8621
8203	7825
7518	7217
6844	6408
5950	5522
5123	4724
4315	3919
3577	3318
3144	3053
3026	3042
3082	3114
3094	3006
2895	2841
2848	2837
2764	2669
2613	2633
2690	2707
2648	2548
2470	2472
2544	2630
2683	2712
2734	2762
2790	2816
2838	2867
2903	2930
2947	2960
2969	2967
2938	2887
2859	2919
3086	3313
3537	3710
3794	3786
3696	3560
3412	3285
3197	3145
3113	3091
3077	3090
3123	3158
3180	3183
3182	3189
3214	3258
3311	3357
3376	3371
3336	3272
3197	3138
3102	3096
3110	3135
3161	3182
3187	3191
3184	3166
3135	3106
3107	3164
3251	3299
3289	3259
3253	3295
3382	3491
3588	3627
3589	3456
3268	3077
2976	3024
3165	3308
3541	4071
4966	6111
7428	8902
10404	11694
12617	13179
13471	13603
13662	13727
13897	14247
14701	15064
15156	14927
14433	13814
13193	12584
11744	10370
8480	6512
5003	4282
4177	4181
3966	3633
3575	4195
5510	7111
8491	9340
9765	10146
10753	11565
12402	13014
13182	12790
11928	10783
9436	7885
6347	5175
4474	4076
3895	4062
4684	5715
6948	8117
9045	9718
10230	10713
11246	11827
12428	13004
13477	13760
13835	13759
13610	13410
13118	12633
11853	10785
9632	8712
8225	8119
8135	7961
7477	6806
6196	5866
5909	6303
7081	8252
9577	10654
11327	11750
12098	12411
12689	12922
13072	13084
12934	12621
12177	11650
11065	10446
9821	9236
8689	8153
7628	7164
6810	6615
6577	6676
6872	7116
7373	7661
8075	8728
9564	10382
11005	11363
11462	11333
10984	10453
9908	9575
9544	9739
10073	10511
11020	11532
12006	12425
12792	13112
13348	13396
13069	12220
10919	9460
8089	6937
6079	5593
5500	5716
6041	6263
6338	6390
6503	6645
6744	6773
6764	6810
6947	7135
7295	7367
7399	7493
7656	7805
7894	7939
7973	8008
8036	8055
8062	8062
8052	8037
8021	8030
8109	8297
8541	8745
8878	8984
9062	9082
9087	9209
9542	10070
10662	11156
11498	11782
12137	12636
13179	13567
13691	13601
13417	13270
13247	13370
13561	13704
13726	13644
13530	13461
13467	13523
13555	13507
13358	13149
12929	12727
12559	12419
12290	12152
11986	11786
11563	11339
11133	10944
10771	10605
10431	10232
10007	9764
9514	9274
9054	8859
8699	8575
8477	8402
8315	8196
8063	7963
7914	7907
7926	7964
8015	8070
8120	8161
8197	8231
8272	8324
8383	8440
8491	8517
8529	8545
8585	8651
8731	8801
8847	8874
8893	8920
8958	9013
9077	9135
9171	9180
9168	9144
9113	9075
9033	8990
8946	8905
8866	8829
8796	8766
8738	8712
8686	8663
8646	8627
8611	8593
8569	8547
8524	8502
8482	8464
8442	8410
8343	8320
8076	9627
11618	9227
7989	6864
7054	7864
8640	9020
8960	8585
8101	7683
7368	7074
6730	6316
5860	5390
4912	4425
3953	3555
3274	3119
3069	3085
3120	3138
3124	3072
2989	2888
2813	2800
2829	2824
2750	2653
2600	2618
2674	2690
2633	2530
2454	2456
2534	2626
2696	2734
2753	2757
2761	2773
2791	2813
2834	2866
2905	2937
2959	2970
2952	2899
2856	2898
3051	3269
3487	3646
3720	3700
3601	3453
3296	3160
3066	3015
2997	3005
3019	3020
3015	3017
3050	3106
3177	3238
3274	3288
3289	3300
3326	3360
3356	3283
3171	3099
3098	3132
3160	3175
3182	3179
3169	3145
3114	3083
3070	3084
3132	3200
3259	3276
3252	3220
3223	3272
3366	3485
3592	3642
3612	3493
3307	3120
3011	3036
3149	3300
3593	4250
5309	6617
8037	9509
10893	11987
12705	13132
13405	13625
13829	14019
14229	14498
14778	14941
14900	14655
14270	13845
13460	13084
12450	11228
9417	7420
5795	4918
4690	4621
4327	3803
3436	3710
4738	6158
7396	8063
8250	8444
9041	10096
11372	12502
13183	13311
12978	12347
11451	10237
8813	7452
6284	5268
4402	3811
3645	3975
4715	5638
6521	7245
7846	8473
9234	10132
11065	11886
12509	12925
13178	13325
13433	13542
13619	13547
13217	12599
11832	11152
10719	10527
10398	10087
9467	8564
7541	6599
5895	5549
5728	6535
7782	9050
10087	10898
11536	12015
12351	12600
12808	12997
13115	13097
12906	12566
12130	11649
11154	10652
10136	9604
9087	8644
8332	8188
8209	8361
8592	8856
9110	9364
9676	10113
10627	11060
11267	11194
10877	10394
9807	9178
8672	8489
8680	9123
9695	10346
11042	11734
12369	12898
13287	13537
13670	13679
13448	12813
11758	10436
9026	7697
6626	5978
5770	5853
6018	6123
6161	6236
6395	6584
6719	6766
6757	6784
6884	7028
7137	7174
7191	7299
7493	7661
7738	7753
7751	7752
7760	7773
7794	7825
7862	7902
7944	7994
8085	8236
8427	8600
8754	8919
9073	9154
9182	9275
9524	9933
10400	10791
11078	11355
11763	12365
13030	13519
13701	13634
13463	13320
13301	13418
13599	13726
13728	13621
13478	13384
13377	13425
13459	13412
13264	13052
12826	12618
12437	12286
12144	12000
11824	11616
11384	11145
10909	10677
10450	10247
10060	9868
9658	9433
9205	8985
8783	8610
8466	8359
8280	8215
8142	8050
7953	7900
7901	7935
7973	8010
8045	8089
8135	8190
8241	8278
8302	8317
8333	8366
8421	8490
8559	8619
8659	8681
8702	8727
8774	8844
8923	8992
9030	9047
9059	9089
9123	9144
9138	9113
9075	9030
8976	8920
8864	8812
8761	8719
8679	8647
8620	8601
8590	8580
8567	8554
8535	8515
8496	8475
8450	8427
8405	8387
8367	8335
8268	8244
8002	9548
11566	9265
8088	7035
7253	8044
8765	9078
8946	8511
7976	7518
7187	6900
6572	6173
5712	5208
4682	4149
3654	3271
3045	2977
3019	3111
3185	3195
3131	3014
2881	2775
2734	2760
2809	2807
2736	2640
2585	2604
2657	2675
2618	2516
2440	2444
2524	2629
2709	2757
2771	2754
2729	2728
2744	2757
2769	2806
2867	2920
2952	2973
2969	2927
2881	2915
3053	3253
3448	3587
3639	3602
3492	3339
3184	3053
2967	2925
2921	2951
2979	2977
2946	2933
2965	3048
3153	3240
3282	3279
3254	3247
3273	3326
3349	3300
3205	3160
3185	3226
3236	3214
3187	3166
3145	3110
3060	3017
3015	3060
3141	3207
3237	3228
3202	3186
3205	3269
3373	3500
3615	3684
3681	3605
3469	3323
3230	3231
3310	3455
3795	4540
5697	7070
8501	9909
11169	12107
12692	13047
13330	13625
13934	14202
14413	14579
14674	14649
14490	14253
14007	13807
13679	13549
13128	12068
10336	8327
6620	5648
5362	5283
4955	4269
3590	3484
4176	5350
6408	6874
6830	6837
7401	8630
10238	11724
12731	13179
13225	13080
12778	12179
11218	9956
8529	7067
5678	4474
3607	3214
3323	3797
4431	5040
5613	6281
7161	8254
9410	10427
11220	11849
12368	12788
13131	13442
13720	13906
13913	13701
13325	12925
12613	12412
12228	11908
11323	10422
9256	7958
6701	5703
5225	5467
6348	7559
8808	9936
10868	11544
11983	12259
12490	12761
13039	13217
13222	13064
12804	12501
12171	11800
11378	10929
10501	10155
9939	9877
9949	10111
10313	10506
10668	10799
10942	11117
11273	11280
11042	10544
9878	9179
8530	7989
7676	7742
8205	8912
9730	10583
11430	12207
12870	13365
13667	13777
13780	13747
13621	13212
12410	11237
9817	8357
7131	6373
6083	6038
6041	6022
6027	6119
6305	6518
6676	6744
6751	6769
6835	6924
6986	6992
7005	7125
7332	7506
7571	7562
7533	7511
7505	7521
7562	7628
7710	7801
7892	7980
8077	8188
8316	8450
8612	8824
9047	9190
9257	9341
9534	9847
10197	10484
10694	10937
11360	12025
12780	13352
13602	13589
13463	13353
13343	13453
13611	13709
13677	13539
13374	13266
13249	13286
13309	13252
13099	12888
12660	12451
12270	12113
11969	11817
11641	11431
11195	10947
10688	10409
10130	9890
9691	9508
9317	9118
8915	8723
8548	8400
8285	8199
8138	8091
8035	7966
7907	7899
7946	8016
8068	8098
8113	8135
8175	8230
8289	8325
8327	8303
8279	8288
8353	8463
8585	8678
8717	8707
8677	8668
8714	8821
8948	9051
9090	9074
9045	9048
9086	9119
9117	9088
9041	8984
8919	8849
8782	8716
8657	8606
8562	8525
8500	8493
8496	8499
8495	8482
8462	8442
8422	8400
8380	8357
8333	8311
8290	8261
8205	8202
7988	9540
11595	9402
8289	7302
7511	8237
8858	9081
8885	8399
7818	7324
6965	6671
6350	5944
5466	4953
4437	3930
3475	3133
2947	2909
2978	3081
3158	3160
3080	2945
2806	2711
2691	2737
2793	2791
2719	2623
2570	2588
2645	2660
2603	2503
2429	2437
2522	2633
2724	2778
2787	2750
2700	2687
2703	2710
2712	2755
2837	2908
2944	2973
2986	2953
2908	2928
3044	3214
3376	3481
3508	3450
3328	3176
3032	2922
2853	2824
2836	2872
2910	2923
2917	2913
2941	3000
3079	3146
3188	3201
3199	3203
3228	3273
3310	3323
3331	3357
3397	3397
3337	3243
3167	3132
3122	3096
3036	2969
2943	2985
3069	3144
3176	3176
3172	3182
3223	3300
3412	3532
3647	3733
3775	3759
3700	3623
3573	3578
3651	3822
4236	5047
6228	7560
8892	10173
11309	12155
12684	13022
13304	13607
13917	14177
14350	14437
14416	14270
14032	13792
13628	13572
13635	13723
13531	12682
11114	9175
7452	6423
6094	6011
5661	4848
3904	3459
3818	4726
5579	5853
5614	5471
5989	7318
9113	10782
11902	12425
12596	12739
12960	13071
12789	11934
10591	9033
7475	6008
4737	3800
3290	3178
3342	3632
4012	4570
5384	6441
7591	8638
9553	10429
11305	12097
12733	13221
13598	13880
14041	14045
13910	13720
13541	13393
13232	12971
12513	11780
10750	9465
8058	6736
5769	5395
5688	6519
7653	8840
9896	10730
11315	11694
11986	12307
12656	12931
13059	13057
12981	12862
12702	12474
12182	11865
11576	11368
11269	11276
11361	11462
11538	11557
11518	11444
11371	11299
11156	10810
10206	9392
8537	7830
7359	7128
7188	7616
8379	9313
10286	11232
12092	12800
13321	13657
13801	13769
13673	13641
13628	13427
12839	11798
10391	8851
7515	6675
6318	6178
6066	5974
5962	6064
6249	6454
6616	6704
6736	6762
6805	6853
6875	6866
6890	7018
7223	7385
7442	7422
7383	7351
7345	7367
7423	7509
7617	7735
7856	7962
8057	8140
8218	8304
8443	8665
8921	9117
9240	9361
9550	9820
10093	10286
10410	10586
10980	11653
12450	13088
13412	13480
13426	13366
13374	13474
13603	13657
13585	13414
13234	13119
13090	13110
13106	13023
12861	12645
12421	12215
12039	11887
11745	11596
11423	11214
10982	10732
10455	10139
9819	9545
9339	9169
9001	8830
8659	8498
8357	8242
8157	8098
8059	8029
7995	7949
7923	7955
8044	8138
8200	8217
8208	8205
8229	8282
8339	8368
8348	8286
8225	8223
8301	8442
8594	8705
8746	8721
8665	8639
8687	8807
8959	9077
9117	9085
9034	9024
9063	9098
9099	9066
9011	8944
8867	8784
8705	8629
8564	8503
8450	8410
8389	8392
8408	8423
8427	8415
8396	8373
8351	8332
8310	8287
8263	8241
8219	8195
8153	8181
8012	9588
11709	9638
8586	7649
7822	8438
8928	9040
8778	8246
7633	7096
6704	6394
6064	5642
5148	4649
4192	3774
3403	3119
2953	2903
2935	2997
3045	3040
2979	2876
2768	2692
2679	2724
2778	2776
2702	2609
2553	2573
2626	2644
2588	2493
2420	2431
2521	2639
2735	2795
2799	2743
2675	2653
2673	2673
2663	2709
2811	2898
2941	2974
2990	2956
2895	2890
2971	3104
3223	3292
3287	3206
3076	2931
2807	2719
2678	2672
2699	2740
2793	2842
2886	2919
2939	2950
2957	2974
3007	3054
3102	3144
3167	3183
3231	3341
3498	3635
3684	3612
3445	3259
3130	3088
3102	3095
3033	2938
2873	2885
2969	3067
3137	3180
3212	3252
3309	3388
3482	3582
3682	3774
3848	3895
3921	3929
3943	3982
4081	4314
4812	5684
6848	8083
9270	10407
11440	12245
12775	13109
13355	13581
13797	13970
14078	14116
14054	13859
13574	13309
13146	13130
13279	13526
13570	13014
11735	10015
8389	7343
6940	6787
6374	5440
4283	3556
3621	4268
4905	4989
4577	4288
4715	6016
7837	9535
10645	11101
11230	11482
12080	12853
13360	13179
12296	11048
9704	8334
6973	5732
4705	3942
3439	3199
3219	3513
4077	4855
5716	6546
7389	8403
9606	10829
11883	12669
13206	13580
13824	13922
13900	13828
13758	13692
13599	13425
13121	12634
11916	10938
9746	8465
7265	6345
5907	6058
6698	7580
8495	9346
10070	10620
11057	11482
11908	12251
12477	12619
12718	12770
12756	12658
12497	12324
12185	12112
12108	12149
12188	12163
12036	11802
11483	11136
10797	10457
10044	9454
8657	7753
6952	6468
6381	6625
7168	8007
9056	10144
11159	12057
12799	13328
13639	13781
13778	13658
13532	13537
13633	13579
13139	12207
10845	9284
7890	6968
6522	6296
6117	5999
5991	6083
6236	6397
6536	6639
6708	6758
6798	6820
6825	6827
6872	7007
7189	7328
7376	7361
7332	7310
7311	7342
7401	7486
7595	7711
7824	7922
8005	8069
8114	8156
8250	8446
8707	8946
9128	9312
9546	9818
10053	10182
10232	10340
10680	11312
12101	12768
13167	13328
13362	13361
13397	13485
13576	13584
13467	13266
13070	12954
12920	12908
12858	12739
12559	12342
12121	11922
11757	11612
11480	11337
11171	10972
10744	10496
10212	9874
9518	9224
9016	8863
8717	8576
8438	8312
8205	8123
8069	8040
8028	8021
8010	7987
7985	8052
8169	8288
8352	8355
8319	8290
8296	8339
8391	8408
8363	8263
8175	8173
8273	8430
8583	8691
8734	8716
8669	8654
8701	8814
8953	9062
9097	9072
9027	9022
9056	9086
9080	9043
8982	8909
8822	8729
8637	8554
8480	8412
8352	8306
8288	8298
8328	8355
8363	8355
8340	8317
8294	8270
8248	8225
8201	8176
8157	8136
8111	8169
8033	9653
11885	9935
8938	8035
8147	8634
8972	8973
8642	8078
7426	6852
6425	6093
5752	5314
4809	4341
3965	3652
3380	3156
3002	2922
2900	2905
2913	2900
2865	2808
2745	2692
2680	2718
2769	2767
2694	2598
2543	2558
2614	2633
2579	2483
2414	2426
2516	2638
2741	2806
2807	2742
2657	2630
2648	2644
2622	2671
2785	2886
2935	2969
2990	2944
2859	2819
2864	2955
3031	3059
3020	2923
2788	2653
2548	2488
2473	2495
2538	2592
2660	2742
2827	2886
2895	2865
2814	2789
2810	2875
2959	3019
3038	3042
3110	3318
3625	3867
3933	3800
3544	3278
3099	3050
3083	3096
3039	2931
2845	2844
2939	3071
3193	3285
3355	3415
3477	3537
3595	3648
3707	3778
3866	3961
4061	4148
4224	4300
4428	4707
5265	6175
7323	8492
9573	10622
11603	12394
12921	13224
13391	13495
13568	13615
13639	13638
13575	13393
13118	12853
12685	12653
12812	13142
13385	13145
12248	10879
9474	8465
7955	7661
7116	6044
4708	3770
3611	4048
4497	4419
3859	3412
3662	4784
6453	8049
9084	9461
9508	9767
10578	11849
13071	13649
13442	12762
11881	10844
9652	8363
7025	5705
4536	3700
3290	3269
3521	3924
4345	4757
5296	6186
7482	8994
10436	11582
12387	12952
13348	13575
13660	13680
13688	13689
13658	13577
13431	13191
12810	12220
11407	10394
9213	7961
6892	6305
6262	6573
7081	7735
8453	9111
9680	10225
10757	11204
11554	11861
12142	12349
12442	12430
12358	12281
12236	12239
12274	12299
12253	12078
11738	11250
10667	10061
9470	8892
8285	7618
6886	6169
5645	5512
5817	6465
7366	8483
9701	10852
11833	12637
13242	13612
13765	13784
13712	13578
13481	13545
13705	13720
13357	12514
11244	9742
8336	7327
6759	6432
6212	6096
6096	6162
6255	6347
6448	6558
6668	6753
6802	6818
6829	6858
6937	7069
7216	7326
7373	7381
7380	7384
7403	7438
7487	7553
7631	7711
7788	7855
7911	7958
7984	7998
8053	8220
8480	8747
8981	9219
9494	9784
10013	10115
10133	10204
10493	11058
11783	12441
12897	13153
13284	13349
13411	13490
13542	13499
13337	13108
12904	12784
12741	12694
12587	12425
12225	12007
11793	11601
11445	11314
11192	11061
10905	10713
10493	10250
9965	9613
9243	8938
8738	8600
8482	8369
8261	8165
8089	8042
8020	8023
8038	8056
8061	8057
8079	8170
8312	8446
8509	8495
8432	8376
8363	8398
8444	8449
8378	8246
8142	8147
8270	8431
8560	8646
8688	8698
8693	8705
8753	8837
8933	9010
9043	9042
9030	9035
9062	9076
9061	9018
8953	8872
8784	8682
8582	8493
8411	8337
8270	8221
8203	8221
8261	8297
8310	8307
8293	8273
8248	8223
8196	8171
8147	8123
8106	8087
8066	8141
8022	9703
12085	10244
9292	8406
8440	8790
8987	8878
8492	7897
7223	6615
6149	5798
5448	5008
4511	4080
3768	3539
3336	3162
3025	2933
2882	2852
2830	2811
2785	2752
2715	2679
2670	2707
2754	2752
2682	2592
2540	2561
2612	2630
2574	2477
2405	2416
2505	2627
2733	2801
2803	2734
2648	2619
2635	2617
2582	2625
2746	2854
2915	2962
2990	2944
2841	2776
2791	2844
2881	2868
2807	2701
2572	2453
2366	2324
2328	2367
2427	2494
2564	2646
2722	2772
2773	2737
2684	2651
2658	2708
2774	2823
2839	2853
2957	3235
3621	3928
4017	3877
3591	3291
3085	3026
3061	3091
3049	2961
2900	2934
3064	3231
3379	3492
3580	3649
3702	3728
3728	3715
3708	3732
3807	3924
4070	4217
4332	4414
4517	4778
5328	6243
7394	8567
9661	10722
11713	12495
12978	13198
13253	13231
13180	13107
13042	12998
12949	12830
12647	12480
12383	12379
12531	12870
13214	13220
12691	11720
10608	9696
9098	8638
7929	6702
5216	4135
3841	4160
4513	4360
3708	3111
3122	3931
5285	6648
7560	7880
7886	8112
8968	10468
12133	13297
13711	13606
13224	12616
11771	10697
9373	7827
6264	5008
4259	3992
4039	4178
4253	4247
4343	4807
5785	7166
8670	9982
11003	11825
12510	13023
13347	13517
13593	13616
13621	13632
13643	13605
13454	13134
12623	11915
10951	9711
8404	7380
6778	6501
6469	6706
7152	7653
8150	8692
9273	9825
10339	10852
11345	11707
11881	11899
11827	11733
11663	11629
11614	11567
11427	11137
10676	10052
9332	8599
7905	7260
6688	6205
5812	5501
5354	5498
5957	6646
7513	8544
9669	10751
11702	12495
13098	13467
13626	13660
13626	13554
13527	13634
13805	13806
13454	12694
11564	10188
8819	7737
7031	6600
6347	6241
6240	6264
6280	6298
6359	6479
6627	6749
6812	6837
6864	6930
7039	7166
7274	7352
7404	7445
7489	7535
7577	7614
7644	7672
7698	7723
7745	7766
7789	7816
7829	7831
7881	8047
8320	8606
8864	9119
9404	9693
9922	10034
10072	10160
10422	10898
11513	12119
12611	12963
13197	13337
13428	13485
13489	13390
13188	12940
12729	12612
12555	12469
12317	12119
11904	11684
11470	11283
11132	11009
10896	10780
10634	10454
10242	10001
9714	9359
8985	8685
8501	8387
8296	8211
8128	8061
8017	7995
8000	8029
8068	8109
8132	8146
8185	8289
8448	8588
8649	8618
8529	8448
8420	8449
8493	8490
8399	8248
8133	8158
8304	8458
8551	8602
8644	8690
8738	8789
8835	8879
8914	8947
8972	9002
9027	9051
9063	9060
9032	8983
8918	8839
8746	8645
8542	8446
8361	8281
8212	8160
8141	8163
8209	8248
8263	8260
8251	8233
8209	8182
8152	8124
8099	8080
8065	8049
8028	8105
7988	9716
12242	10504
9586	8699
8641	8857
8927	8736
8310	7708
7030	6408
5915	5535
5174	4745
4270	3868
3593	3394
3229	3081
2968	2896
2856	2835
2816	2792
2762	2726
2688	2659
2654	2684
2720	2714
2658	2592
2563	2592
2642	2646
2580	2476
2398	2408
2490	2596
2687	2748
2764	2719
2657	2633
2634	2595
2538	2554
2656	2767
2856	2938
2989	2950
2841	2761
2752	2774
2770	2727
2656	2570
2477	2388
2314	2271
2267	2305
2375	2442
2499	2547
2586	2607
2605	2586
2562	2547
2549	2566
2593	2613
2623	2657
2785	3071
3451	3761
3874	3773
3530	3262
3074	3020
3060	3105
3103	3073
3074	3167
3333	3501
3631	3734
3822	3892
3927	3913
3847	3751
3660	3616
3644	3744
3903	4072
4200	4253
4292	4462
4939	5808
6975	8215
9418	10590
11652	12426
12821	12908
12826	12691
12549	12400
12266	12196
12184	12176
12163	12187
12250	12338
12504	12814
13163	13294
13044	12432
11637	10870
10246	9672
8830	7460
5831	4619
4238	4518
4880	4751
4093	3379
3128	3549
4492	5540
6302	6601
6613	6774
7511	8945
10710	12176
13024	13371
13408	13218
12812	12167
11197	9867
8341	6970
6035	5608
5551	5610
5556	5315
5012	4897
5196	5968
7039	8135
9154	10172
11204	12139
12848	13272
13457	13508
13558	13674
13838	13944
13902	13686
13329	12853
12183	11230
10101	9064
8242	7591
7094	6818
6751	6798
6940	7236
7697	8259
8898	9619
10337	10868
11116	11117
10962	10732
10502	10311
10162	10000
9778	9456
9011	8427
7762	7104
6533	6100
5850	5801
5906	6067
6254	6494
6794	7125
7510	8024
8715	9550
10460	11356
12128	12700
13071	13311
13462	13537
13605	13749
13887	13824
13445	12762
11797	10585
9285	8157
7338	6811
6511	6389
6354	6314
6251	6217
6270	6416
6599	6743
6817	6845
6884	6969
7086	7199
7284	7347
7416	7502
7609	7703
7775	7808
7810	7792
7757	7717
7680	7664
7668	7684
7692	7704
7781	7975
8264	8556
8803	9039
9290	9551
9774	9919
10012	10148
10395	10759
11222	11741
12264	12733
13099	13337
13455	13475
13397	13225
12980	12724
12520	12398
12321	12212
12039	11834
11619	11401
11183	10983
10817	10686
10578	10473
10344	10179
9975	9733
9439	9084
8722	8448
8297	8218
8163	8110
8058	8013
7987	7988
8015	8062
8121	8179
8220	8250
8296	8406
8563	8701
8752	8701
8592	8495
8461	8491
8541	8541
8450	8297
8191	8230
8390	8533
8593	8616
8656	8727
8814	8889
8930	8931
8912	8897
8909	8948
8996	9024
9021	8999
8963	8919
8863	8794
8714	8620
8522	8427
8340	8260
8190	8134
8110	8129
8171	8210
8222	8221
8212	8196
8173	8147
8117	8090
8067	8052
8039	8019
7997	8076
7954	9706
12326	10690
9794	8884
8719	8799
8765	8514
8077	7499
6854	6244
5735	5319
4934	4504
4053	3677
3412	3217
3057	2924
2838	2796
2794	2808
2816	2807
2780	2738
2694	2658
2640	2646
2656	2648
2621	2605
2621	2666
2700	2676
2584	2472
2401	2409
2473	2545
2592	2635
2673	2691
2689	2682
2655	2584
2493	2459
2510	2613
2746	2885
2972	2941
2824	2735
2708	2693
2645	2575
2514	2479
2454	2418
2354	2283
2237	2252
2308	2368
2407	2430
2446	2454
2454	2451
2445	2442
2442	2447
2455	2463
2474	2510
2621	2851
3153	3407
3518	3472
3318	3146
3038	3034
3109	3195
3251	3288
3351	3472
3627	3751
3826	3896
3974	4043
4063	4014
3887	3711
3531	3401
3360	3415
3543	3701
3815	3840
3815	3895
4271	5068
6217	7518
8843	10153
11315	12090
12391	12333
12110	11877
11681	11503
11364	11324
11396	11535
11708	11923
12152	12356
12562	12844
13152	13331
13254	12921
12400	11797
11214	10627
9751	8303
6537	5164
4652	4886
5296	5269
4681	3909
3423	3460
3979	4723
5359	5664
5685	5738
6226	7377
8981	10525
11657	12354
12736	12923
12966	12841
12434	11649
10541	9338
8341	7751
7571	7599
7587	7355
6880	6299
5856	5759
6032	6560
7295	8297
9538	10833
11938	12673
13044	13206
13360	13617
13928	14145
14168	14014
13759	13451
13038	12420
11641	10854
10132	9422
8703	8021
7410	6882
6499	6358
6494	6874
7483	8307
9186	9867
10194	10179
9907	9484
9025	8627
8314	8032
7754	7480
7174	6788
6339	5926
5673	5666
5921	6388
6946	7470
7852	8037
8014	7815
7513	7251
7221	7593
8361	9349
10347	11231
11969	12591
13081	13407
13627	13819
13933	13809
13399	12794
11992	10934
9714	8572
7686	7078
6703	6506
6386	6257
6129	6084
6181	6384
6600	6744
6801	6821
6856	6921
7009	7101
7187	7261
7355	7501
7678	7838
7936	7964
7936	7870
7774	7672
7592	7567
7588	7614
7629	7666
7781	8000
8290	8563
8782	8976
9181	9404
9622	9800
9951	10119
10320	10541
10826	11242
11801	12413
12958	13329
13489	13448
13256	12980
12688	12429
12240	12112
12008	11888
11739	11566
11382	11169
10937	10703
10495	10334
10218	10125
10021	9874
9673	9419
9111	8764
8435	8211
8111	8089
8084	8072
8050	8023
8009	8017
8054	8114
8190	8269
8330	8371
8416	8514
8649	8763
8794	8729
8610	8511
8479	8520
8584	8605
8539	8415
8328	8378
8535	8670
8719	8733
8769	8840
8930	8996
9019	8990
8930	8877
8859	8879
8911	8919
8896	8864
8837	8811
8778	8736
8680	8610
8529	8445
8360	8281
8207	8147
8114	8117
8145	8171
8181	8179
8170	8157
8138	8113
8089	8063
8044	8031
8020	8004
7987	8073
7963	9711
12356	10804
9918	8974
8696	8656
8539	8252
7818	7282
6690	6113
5592	5143
4720	4286
3857	3500
3238	3037
2870	2748
2679	2671
2711	2765
2809	2826
2813	2775
2726	2669
2620	2590
2583	2588
2603	2644
2697	2743
2743	2677
2564	2458
2404	2425
2477	2507
2505	2521
2580	2669
2741	2754
2697	2592
2474	2385
2368	2448
2623	2820
2940	2917
2801	2711
2673	2627
2529	2422
2369	2388
2441	2459
2403	2293
2194	2166
2206	2258
2293	2314
2337	2349
2357	2354
2348	2344
2348	2359
2377	2393
2407	2425
2493	2638
2837	3004
3084	3073
3017	2971
2982	3074
3219	3366
3483	3563
3633	3716
3794	3837
3856	3889
3954	4013
4018	3940
3774	3548
3307	3113
3004	2998
3071	3183
3267	3273
3223	3255
3557	4277
5377	6668
8033	9411
10624	11402
11652	11518
11227	10961
10770	10634
10561	10609
10792	11062
11376	11709
12036	12323
12586	12869
13144	13322
13333	13165
12823	12353
11848	11332
10529	9125
7314	5794
5091	5191
5596	5679
5217	4462
3805	3524
3695	4182
4716	5021
5032	4953
5150	5918
7220	8708
10026	11012
11689	12190
12610	12954
13129	12993
12469	11619
10682	9961
9612	9573
9639	9560
9161	8409
7477	6646
6117	5952
6200	6898
8000	9311
10550	11469
12028	12382
12726	13160
13632	13984
14137	14121
14013	13862
13633	13275
12813	12353
11896	11356
10654	9793
8838	7889
7074	6510
6245	6296
6683	7396
8264	8992
9373	9370
9032	8473
7849	7302
6879	6528
6246	6069
5963	5834
5668	5560
5667	6091
6799	7636
8458	9148
9586	9663
9354	8722
7833	6828
6027	5809
6264	7153
8206	9281
10338	11361
12261	12934
13383	13698
13851	13731
13354	12846
12191	11272
10131	9011
8101	7418
6935	6611
6372	6144
5963	5938
6107	6379
6620	6748
6776	6773
6788	6809
6839	6908
7007	7109
7232	7424
7672	7895
8022	8047
7999	7896
7759	7612
7506	7492
7550	7601
7634	7700
7854	8091
8355	8586
8762	8914
9080	9278
9493	9703
9890	10059
10184	10263
10382	10701
11269	11997
12711	13234
13458	13381
13085	12713
12375	12116
11930	11779
11640	11517
11410	11300
11157	10962
10715	10444
10192	9996
9865	9779
9692	9556
9347	9072
8751	8420
8144	7983
7951	7992
8046	8080
8086	8073
8059	8065
8102	8172
8267	8367
8448	8496
8535	8599
8691	8761
8766	8701
8598	8520
8500	8543
8613	8651
8625	8551
8506	8563
8703	8824
8879	8900
8934	8990
9050	9091
9090	9042
8965	8889
8833	8809
8795	8765
8721	8687
8675	8677
8678	8671
8650	8610
8551	8482
8405	8326
8247	8180
8135	8122
8131	8141
8145	8142
8136	8127
8111	8091
8069	8050
8037	8027
8015	8002
7995	8097
8009	9749
12391	10892
10006	9023
8651	8518
8340	8024
7595	7086
6537	5985
5463	4983
4537	4104
3698	3364
3108	2904
2736	2618
2564	2580
2645	2729
2800	2838
2836	2803
2737	2646
2558	2515
2530	2584
2651	2716
2762	2760
2699	2596
2483	2408
2401	2451
2508	2518
2491	2485
2551	2677
2790	2811
2734	2622
2507	2394
2328	2384
2565	2776
2902	2894
2807	2743
2717	2651
2506	2353
2275	2304
2391	2438
2383	2253
2125	2074
2108	2172
2219	2248
2268	2281
2292	2297
2301	2307
2316	2327
2340	2351
2361	2376
2418	2505
2613	2698
2729	2731
2742	2807
2940	3138
3358	3559
3696	3762
3771	3750
3717	3684
3662	3675
3711	3738
3717	3624
3455	3233
2998	2795
2661	2605
2619	2669
2708	2699
2661	2691
2971	3642
4675	5881
7145	8430
9577	10334
10613	10558
10378	10227
10151	10130
10169	10321
10585	10922
11280	11634
11971	12289
12600	12907
13177	13345
13372	13246
12968	12555
12103	11659
10996	9791
8147	6621
5723	5585
5863	6006
5698	5023
4281	3783
3689	3953
4347	4608
4606	4441
4399	4797
5744	7068
8468	9676
10599	11327
11994	12652
13247	13631
13642	13230
12530	11843
11401	11275
11357	11421
11210	10576
9578	8462
7484	6812
6535	6680
7209	8009
8890	9656
10257	10772
11318	11948
12606	13174
13577	13822
13946	13979
13925	13781
13593	13423
13236	12903
12326	11499
10510	9493
8575	7831
7304	7040
7093	7486
8094	8681
9040	9070
8769	8227
7609	7069
6658	6340
6120	6059
6127	6215
6283	6418
6756	7384
8250	9182
10040	10737
11152	11149
10705	9885
8723	7291
5946	5184
5165	5652
6394	7306
8388	9617
10846	11884
12652	13188
13483	13489
13260	12914
12409	11613
10559	9492
8572	7814
7205	6747
6393	6083
5866	5859
6077	6393
6642	6751
6750	6732
6727	6709
6691	6738
6846	6957
7085	7297
7585	7846
8003	8041
7996	7890
7738	7569
7447	7443
7526	7595
7638	7732
7924	8177
8414	8592
8714	8820
8960	9155
9392	9631
9838	9985
10049	10038
10065	10296
10805	11541
12328	12957
13274	13238
12932	12528
12160	11883
11667	11472
11291	11158
11082	11015
10906	10727
10486	10208
9946	9735
9596	9502
9408	9257
9033	8743
8427	8132
7914	7823
7850	7936
8034	8102
8129	8124
8107	8108
8146	8224
8331	8445
8544	8602
8630	8654
8686	8703
8691	8651
8595	8556
8548	8573
8614	8643
8648	8635
8641	8706
8819	8922
8985	9022
9058	9096
9128	9145
9129	9078
8997	8907
8828	8765
8708	8644
8581	8543
8545	8569
8601	8624
8630	8613
8575	8514
8440	8359
8277	8203
8154	8128
8124	8127
8126	8125
8121	8111
8099	8083
8066	8053
8043	8034
8024	8012
8009	8120
8039	9799
12475	10985
10088	9067
8631	8433
8207	7863
7420	6914
6379	5835
5310	4819
4372	3954
3581	3271
3031	2835
2672	2563
2522	2551
2630	2725
2803	2844
2845	2806
2716	2582
2461	2434
2513	2641
2750	2800
2778	2691
2566	2440
2357	2343
2396	2486
2561	2578
2551	2537
2586	2696
2802	2811
2735	2648
2571	2481
2407	2437
2585	2754
2850	2853
2815	2805
2806	2730
2557	2363
2239	2235
2303	2344
2294	2174
2057	2020
2075	2164
2232	2253
2244	2232
2238	2268
2309	2340
2350	2337
2311	2293
2299	2328
2381	2443
2492	2508
2496	2489
2534	2665
2882	3153
3425	3643
3763	3765
3668	3522
3385	3296
3263	3265
3269	3255
3203	3108
2971	2804
2628	2474
2358	2290
2260	2259
2264	2259
2254	2326
2623	3276
4231	5284
6328	7368
8328	9046
9458	9660
9779	9902
10036	10181
10344	10570
10858	11179
11496	11793
12083	12385
12706	13031
13304	13462
13471	13329
13033	12604
12139	11712
11184	10302
9034	7686
6667	6238
6291	6427
6268	5709
4931	4276
3963	3982
4181	4359
4368	4198
4020	4117
4699	5782
7150	8483
9576	10434
11186	11964
12772	13473
13891	13922
13614	13159
12782	12627
12692	12829
12805	12436
11695	10727
9727	8854
8176	7698
7411	7308
7390	7640
8033	8552
9192	9946
10781	11621
12377	12980
13411	13697
13869	13961
14017	14083
14087	13902
13454	12787
12013	11236
10516	9863
9290	8852
8613	8610
8816	9115
9356	9403
9203	8812
8360	7967
7678	7474
7367	7410
7578	7789
7998	8251
8634	9210
9937	10717
11454	12068
12435	12412
11980	11210
10093	8621
7082	5946
5396	5244
5342	5722
6473	7597
8948	10273
11385	12206
12738	13001
13059	12950
12604	11920
10964	9956
9036	8213
7495	6929
6495	6135
5895	5885
6110	6422
6658	6745
6729	6706
6698	6668
6631	6660
6751	6841
6938	7136
7428	7705
7888	7958
7948	7872
7736	7565
7431	7418
7495	7555
7597	7719
7954	8229
8452	8578
8637	8700
8824	9038
9308	9579
9794	9916
9944	9922
9932	10094
10486	11110
11849	12520
12935	13013
12795	12435
12067	11752
11482	11227
11004	10855
10777	10713
10606	10436
10213	9965
9732	9543
9404	9294
9166	8990
8747	8466
8178	7937
7785	7746
7808	7921
8038	8121
8158	8158
8137	8137
8172	8254
8368	8495
8602	8670
8689	8677
8646	8619
8604	8606
8615	8627
8624	8611
8595	8594
8606	8640
8693	8770
8856	8935
8993	9042
9082	9118
9143	9154
9135	9087
9011	8924
8837	8756
8677	8589
8509	8468
8473	8512
8557	8594
8613	8608
8578	8523
8449	8366
8282	8206
8153	8130
8132	8137
8138	8137
8133	8123
8110	8094
8081	8071
8065	8055
8042	8030
8024	8130
8036	9834
12595	11096
10177	9119
8634	8385
8112	7730
7259	6739
6196	5650
5123	4640
4205	3821
3486	3215
2993	2811
2659	2562
2529	2564
2646	2742
2815	2852
2843	2790
2677	2516
2379	2378
2522	2708
2830	2835
2731	2562
2394	2281
2253	2305
2411	2525
2606	2635
2620	2604
2627	2699
2767	2760
2694	2651
2637	2596
2539	2546
2633	2727
2765	2760
2761	2790
2807	2738
2568	2365
2218	2175
2202	2222
2173	2083
2012	2023
2117	2225
2294	2292
2245	2203
2206	2252
2322	2374
2381	2339
2274	2227
2226	2271
2332	2374
2375	2340
2295	2281
2337	2490
2732	3022
3297	3494
3566	3500
3318	3085
2879	2766
2742	2748
2734	2691
2623	2535
2435	2329
2231	2142
2077	2031
2007	1997
2013	2051
2115	2247
2567	3196
4062	4933
5706	6439
7178	7876
8505	9079
9609	10071
10447	10748
11007	11257
11517	11773
12011	12230
12447	12691
12974	13267
13522	13679
13701	13570
13273	12810
12279	11806
11375	10822
10001	8941
7905	7248
7076	7165
7125	6672
5864	5040
4468	4201
4172	4265
4327	4225
3994	3850
4077	4851
6077	7420
8583	9459
10159	10890
11742	12626
13365	13804
13902	13753
13552	13488
13625	13855
13996	13884
13465	12801
12001	11159
10296	9378
8392	7407
6595	6152
6118	6401
6903	7602
8496	9551
10639	11596
12351	12939
13392	13730
13995	14234
14391	14334
14028	13585
13114	12671
12234	11764
11268	10808
10434	10179
10057	10072
10143	10156
10040	9823
9570	9353
9203	9128
9140	9256
9459	9710
9975	10257
10586	10987
11479	12029
12597	13102
13414	13395
13042	12434
11539	10283
8828	7532
6536	5734
5098	4791
4990	5751
6964	8381
9729	10816
11620	12233
12682	12873
12698	12117
11254	10318
9417	8561
7785	7155
6676	6289
6030	5996
6189	6462
6668	6739
6716	6693
6693	6672
6641	6657
6713	6751
6800	6953
7221	7500
7707	7824
7869	7843
7745	7586
7444	7411
7463	7501
7540	7685
7958	8259
8469	8554
8559	8579
8696	8928
9239	9536
9753	9852
9865	9857
9893	10017
10297	10778
11420	12064
12538	12723
12620	12340
11993	11652
11330	11025
10765	10601
10511	10423
10286	10096
9879	9667
9477	9323
9192	9063
8907	8712
8474	8232
8010	7832
7729	7726
7806	7931
8052	8140
8178	8179
8159	8158
8195	8277
8394	8522
8632	8702
8712	8672
8606	8557
8549	8585
8646	8693
8693	8645
8584	8546
8554	8608
8686	8761
8823	8877
8931	8986
9039	9085
9117	9131
9120	9077
9012	8932
8851	8770
8681	8580
8488	8437
8441	8479
8530	8573
8597	8595
8566	8511
8439	8357
8270	8193
8143	8130
8144	8160
8167	8164
8158	8151
8139	8124
8112	8103
8095	8085
8074	8057
8043	8135
8013	9864
12735	11212
10269	9170
8636	8337
8014	7589
7081	6538
5981	5431
4908	4432
4022	3677
3394	3164
2970	2802
2665	2578
2556	2598
2680	2769
2835	2858
2835	2771
2648	2483
2353	2370
2536	2730
2826	2782
2620	2418
2256	2190
2225	2335
2468	2578
2652	2691
2702	2697
2702	2742
2778	2754
2696	2687
2729	2739
2703	2690
2716	2721
2689	2653
2653	2686
2698	2637
2495	2325
2197	2141
2135	2117
2058	1990
1971	2036
2168	2285
2338	2315
2252	2199
2194	2236
2299	2344
2342	2292
2220	2165
2161	2194
2234	2239
2197	2132
2083	2070
2126	2262
2472	2714
2936	3079
3106	3002
2799	2555
2354	2261
2264	2289
2287	2247
2182	2104
2022	1949
1893	1862
1856	1876
1915	1971
2059	2187
2339	2522
2847	3433
4198	4892
5417	5888
6459	7189
8075	9040
9966	10730
11293	11692
11981	12204
12386	12555
12712	12863
13017	13191
13390	13602
13803	13960
14035	13997
13780	13344
12779	12268
11898	11586
11124	10356
9419	8681
8375	8417
8448	8069
7222	6196
5299	4695
4440	4481
4630	4639
4394	4032
3886	4274
5228	6448
7566	8368
8917	9474
10240	11214
12211	12967
13349	13421
13406	13550
13912	14361
14705	14812
14650	14263
13714	13042
12230	11204
9910	8409
6964	5917
5377	5209
5307	5687
6409	7455
8651	9763
10698	11502
12190	12715
13112	13476
13778	13902
13826	13677
13546	13421
13231	12924
12533	12144
11796	11484
11237	11106
11070	11038
10956	10841
10716	10599
10529	10539
10638	10799
11006	11262
11548	11825
12080	12341
12645	13016
13444	13853
14106	14079
13784	13326
12681	11729
10526	9276
8059	6818
5615	4697
4304	4524
5324	6539
7884	9096
10140	11136
12036	12588
12617	12171
11427	10593
9747	8901
8091	7421
6907	6503
6226	6160
6297	6515
6679	6729
6708	6689
6696	6694
6682	6689
6701	6676
6658	6758
6990	7264
7496	7670
7776	7816
7758	7618
7472	7416
7441	7464
7501	7661
7959	8270
8475	8534
8506	8502
8610	8852
9177	9489
9701	9785
9787	9795
9855	9978
10210	10610
11159	11740
12194	12412
12372	12152
11842	11503
11158	10828
10556	10387
10287	10163
9969	9725
9486	9282
9125	8999
8881	8746
8586	8403
8219	8049
7904	7789
7723	7734
7823	7953
8075	8164
8201	8201
8183	8184
8218	8301
8414	8540
8648	8707
8705	8657
8592	8550
8555	8604
8678	8729
8729	8678
8604	8555
8550	8591
8655	8708
8748	8789
8841	8904
8967	9024
9069	9094
9090	9055
8999	8930
8857	8780
8691	8580
8479	8419
8417	8456
8505	8546
8570	8570
8543	8493
8424	8342
8258	8181
8135	8135
8168	8197
8208	8204
8200	8192
8180	8165
8152	8143
8134	8126
8113	8096
8072	8149
8004	9901
12875	11326
10356	9211
8624	8269
7892	7419
6877	6310
5743	5192
4675	4217
3835	3535
3301	3111
2943	2794
2675	2601
2592	2637
2718	2802
2857	2865
2831	2755
2638	2496
2394	2416
2548	2689
2735	2650
2478	2303
2197	2195
2294	2440
2577	2676
2744	2804
2862	2897
2919	2949
2966	2923
2856	2854
2913	2947
2920	2885
2857	2790
2687	2601
2572	2577
2569	2517
2422	2309
2222	2167
2123	2058
1970	1903
1909	2008
2154	2266
2303	2283
2243	2209
2197	2203
2219	2227
2215	2185
2146	2112
2098	2098
2088	2050
1983	1922
1888	1895
1943	2037
2166	2308
2429	2496
2487	2398
2248	2079
1955	1927
1981	2047
2075	2061
2011	1932
1844	1766
1720	1726
1794	1918
2086	2278
2489	2725
2949	3158
3453	3972
4635	5197
5557	5867
6349	7158
8285	9573
10792	11754
12407	12822
13077	13210
13275	13325
13403	13514
13642	13766
13876	13979
14092	14227
14373	14473
14421	14136
13672	13219
12907	12705
12425	11890
11150	10506
10196	10216
10270	9939
9071	7858
6621	5663
5184	5197
5458	5589
5332	4750
4190	4101
4638	5586
6555	7228
7576	7872
8426	9376
10514	11435
11906	12029
12131	12516
13232	14040
14701	15075
15163	15034
14756	14352
13776	12940
11744	10211
8588	7241
6284	5601
5125	4963
5232	5921
6835	7723
8506	9264
9986	10560
10996	11431
11884	12256
12525	12778
13051	13264
13317	13171
12886	12583
12313	12062
11864	11784
11797	11790
11717	11616
11514	11400
11324	11364
11517	11711
11926	12198
12519	12809
13032	13214
13414	13676
14005	14338
14537	14477
14191	13811
13349	12690
11814	10797
9638	8280
6815	5506
4585	4166
4313	5011
6057	7190
8373	9721
11081	12035
12344	12101
11538	10857
10121	9303
8466	7742
7184	6758
6461	6356
6430	6580
6694	6725
6698	6684
6703	6726
6737	6737
6703	6610
6527	6571
6770	7037
7292	7511
7684	7780
7766	7645
7497	7424
7435	7459
7505	7672
7965	8267
8464	8522
8499	8494
8591	8818
9126	9423
9627	9710
9718	9729
9802	9957
10224	10627
11123	11610
11968	12121
12065	11868
11592	11280
10948	10624
10361	10204
10104	9942
9671	9349
9056	8835
8688	8582
8480	8360
8221	8085
7979	7909
7857	7797
7750	7762
7851	7981
8105	8189
8227	8224
8208	8210
8246	8326
8437	8558
8656	8695
8678	8641
8617	8612
8632	8668
8710	8737
8737	8710
8668	8632
8611	8612
8622	8640
8662	8699
8754	8821
8889	8956
9013	9043
9045	9020
8971	8910
8845	8769
8680	8571
8463	8399
8393	8426
8474	8516
8541	8541
8514	8465
8400	8322
8239	8165
8127	8142
8193	8235
8254	8254
8250	8241
8228	8215
8200	8191
8183	8175
8162	8143
8113	8184
8023	9960
13010	11431
10431	9235
8594	8178
7747	7228
6654	6068
5494	4947
4441	4001
3649	3393
3209	3057
2915	2783
2679	2625
2630	2685
2765	2838
2880	2873
2825	2742
2642	2544
2484	2495
2558	2609
2589	2495
2358	2255
2227	2295
2430	2593
2733	2838
2925	3029
3153	3249
3311	3356
3364	3290
3179	3136
3165	3179
3132	3071
2994	2873
2713	2586
2523	2509
2498	2469
2421	2367
2313	2260
2190	2090
1978	1902
1906	1988
2103	2181
2205	2205
2211	2209
2187	2144
2093	2052
2032	2033
2042	2043
2023	1979
1917	1848
1789	1759
1765	1794
1831	1869
1900	1920
1928	1918
1890	1847
1796	1753
1742	1793
1889	1990
2057	2080
2053	1984
1890	1801
1758	1805
1960	2220
2553	2910
3258	3573
3822	4003
4237	4674
5247	5722
5999	6238
6701	7595
8900	10390
11771	12821
13496	13885
14071	14092
14015	13936
13937	14026
14155	14264
14312	14312
14322	14403
14578	14791
14925	14873
14648	14371
14139	13951
13712	13331
12845	12421
12217	12243
12286	11997
11166	9853
8354	7083
6389	6367
6741	6993
6737	5948
4985	4362
4376	4936
5681	6222
6409	6435
6688	7455
8552	9449
9847	9901
10033	10620
11685	12917
13977	14709
15103	15261
15262	15139
14853	14335
13492	12298
10931	9644
8514	7436
6424	5666
5321	5387
5691	6008
6313	6726
7233	7697
8091	8542
9105	9721
10355	11018
11670	12190
12468	12482
12317	12106
11927	11786
11738	11846
12031	12117
12049	11912
11758	11581
11447	11471
11656	11898
12161	12507
12916	13279
13528	13692
13843	14044
14311	14592
14751	14651
14332	13952
13576	13140
12590	11913
11033	9855
8433	6973
5656	4609
4005	3998
4529	5401
6603	8211
9967	11312
11935	11938
11586	11084
10469	9705
8855	8089
7492	7041
6723	6571
6574	6648
6711	6716
6688	6681
6712	6760
6798	6795
6720	6567
6424	6420
6587	6845
7114	7369
7588	7732
7755	7654
7508	7429
7444	7486
7555	7716
7974	8244
8435	8520
8534	8556
8644	8828
9078	9331
9525	9631
9663	9681
9761	9969
10321	10779
11258	11645
11863	11891
11763	11543
11282	10998
10696	10401
10165	10030
9929	9731
9390	8992
8639	8389
8239	8147
8068	7974
7873	7799
7778	7804
7836	7824
7787	7798
7882	8010
8135	8216
8249	8245
8235	8236
8274	8351
8464	8581
8667	8684
8654	8641
8674	8723
8758	8770
8765	8756
8756	8765
8770	8758
8721	8663
8607	8581
8590	8629
8684	8751
8823	8893
8951	8985
8989	8970
8925	8869
8805	8732
8642	8535
8431	8368
8362	8396
8444	8484
8508	8508
8484	8437
8371	8295
8214	8146
8118	8149
8217	8277
8305	8310
8305	8294
8279	8266
8255	8248
8240	8228
8214	8194
8165	8239
8074	10035
13120	11513
10483	9236
8535	8061
7580	7018
6416	5816
5246	4708
4219	3800
3477	3259
3116	2999
2881	2769
2686	2651
2671	2734
2811	2876
2903	2882
2817	2731
2650	2602
2587	2588
2575	2538
2470	2388
2318	2295
2336	2440
2591	2763
2930	3078
3223	3389
3564	3713
3821	3894
3893	3772
3583	3452
3399	3344
3249	3143
3025	2854
2652	2500
2440	2446
2475	2502
2512	2494
2456	2400
2331	2254
2176	2123
2110	2127
2144	2137
2118	2123
2157	2173
2140	2059
1958	1879
1849	1871
1913	1936
1908	1840
1750	1684
1664	1683
1724	1767
1786	1774
1726	1652
1577	1515
1487	1498
1540	1603
1676	1753
1841	1938
2034	2109
2142	2127
2078	2033
2045	2162
2419	2809
3284	3772
4203	4527
4723	4823
4965	5299
5773	6172
6408	6621
7083	8023
9411	10986
12425	13513
14208	14599
14750	14694
14503	14321
14254	14325
14467	14579
14596	14525
14437	14432
14558	14790
15034	15192
15233	15185
15069	14885
14644	14380
14145	13981
13930	13980
13998	13750
13026	11764
10181	8720
7845	7770
8226	8593
8374	7475
6210	5108
4574	4670
5146	5583
5705	5553
5507	5946
6777	7483
7744	7711
7826	8504
9781	11314
12737	13850
14613	15083
15335	15414
15343	15102
14642	13944
13070	12123
11096	9910
8623	7456
6584	6028
5657	5325
5045	4955
5077	5297
5574	5980
6570	7316
8168	9049
9858	10479
10842	10960
10909	10813
10749	10759
10903	11208
11543	11701
11631	11451
11237	10989
10792	10788
10995	11295
11657	12141
12713	13223
13581	13799
13965	14144
14382	14639
14786	14674
14322	13905
13541	13229
12930	12580
12056	11224
10048	8638
7103	5583
4335	3645
3601	4116
5213	6932
8929	10556
11445	11670
11497	11133
10629	9954
9164	8418
7813	7347
7003	6801
6725	6720
6726	6709
6681	6677
6721	6798
6864	6864
6753	6554
6368	6329
6469	6712
6986	7255
7499	7674
7723	7641
7503	7434
7466	7545
7640	7784
7984	8200
8386	8517
8596	8658
8739	8858
9023	9212
9398	9544
9631	9672
9766	10014
10447	10963
11430	11734
11832	11742
11532	11264
10983	10700
10414	10148
9946	9830
9723	9493
9106	8661
8277	8012
7866	7792
7737	7670
7605	7578
7618	7712
7802	7829
7813	7827
7913	8042
8162	8243
8274	8271
8259	8260
8297	8375
8488	8608
8687	8693
8659	8670
8750	8840
8897	8898
8865	8834
8834	8865
8898	8897
8838	8738
8629	8564
8558	8592
8644	8710
8775	8843
8896	8926
8928	8904
8859	8801
8732	8657
8573	8473
8385	8330
8330	8362
8410	8453
8478	8478
8451	8404
8341	8266
8186	8122
8106	8152
8242	8320
8359	8367
8364	8351
8335	8321
8311	8307
8299	8286
8269	8251
8227	8308
8152	10118
13198	11563
10503	9210
8454	7927
7396	6799
6175	5569
5003	4485
4018	3624
3329	3141
3030	2943
2848	2756
2695	2679
2712	2779
2857	2912
2929	2891
2811	2715
2650	2647
2674	2669
2608	2516
2437	2391
2385	2422
2494	2604
2747	2939
3167	3412
3655	3893
4108	4293
4439	4535
4517	4336
4046	3796
3626	3479
3311	3147
2977	2756
2514	2344
2302	2365
2476	2582
2646	2647
2599	2547
2527	2551
2602	2635
2616	2529
2388	2234
2121	2081
2092	2101
2056	1965
1854	1769
1730	1742
1774	1787
1756	1686
1614	1583
1607	1661
1714	1750
1753	1711
1625	1518
1414	1345
1332	1381
1480	1595
1684	1722
1738	1799
1927	2090
2244	2365
2457	2550
2692	2929
3288	3758
4294	4812
5218	5451
5505	5462
5478	5680
6020	6313
6490	6667
7107	8026
9401	10967
12421	13567
14353	14825
15017	14960
14743	14526
14427	14473
14603	14706
14703	14585
14420	14309
14318	14454
14677	14929
15153	15310
15349	15247
15065	14935
14913	14969
15053	15125
15120	14915
14342	13283
11853	10418
9478	9351
9830	10278
10149	9280
7900	6465
5420	5005
5124	5431
5558	5376
5116	5167
5562	5954
6068	5971
6021	6629
7862	9436
11033	12455
13592	14397
14882	15125
15202	15167
15030	14785
14422	13915
13198	12202
10994	9751
8634	7697
6885	6120
5417	4873
4537	4387
4423	4680
5201	5954
6830	7663
8320	8745
8951	9011
8997	8980
9021	9167
9453	9846
10205	10352
10274	10081
9843	9560
9320	9289
9500	9857
10334	10981
11748	12460
13005	13395
13689	13943
14210	14488
14674	14605
14276	13847
13471	13202
13036	12902
12674	12190
11350	10140
8601	6866
5215	4001
3411	3497
4332	5951
7969	9729
10810	11245
11246	11010
10615	10060
9388	8717
8132	7658
7289	7034
6878	6793
6742	6700
6668	6669
6727	6836
6936	6943
6809	6578
6366	6308
6426	6654
6913	7177
7418	7602
7667	7605
7485	7437
7500	7618
7737	7852
7978	8135
8312	8491
8651	8763
8833	8882
8947	9069
9249	9445
9604	9696
9805	10075
10532	11060
11504	11764
11807	11670
11414	11095
10763	10433
10127	9870
9693	9583
9461	9208
8815	8376
8005	7761
7639	7589
7555	7509
7465	7454
7507	7616
7729	7787
7804	7842
7940	8074
8195	8274
8305	8300
8289	8287
8321	8399
8515	8639
8722	8735
8711	8735
8826	8938
9014	9035
9017	8996
8996	9017
9035	9014
8936	8813
8687	8601
8576	8592
8634	8690
8752	8809
8851	8868
8862	8828
8774	8705
8627	8547
8467	8385
8320	8286
8295	8333
8380	8421
8445	8445
8420	8374
8312	8234
8157	8097
8089	8158
8271	8370
8418	8430
8426	8413
8395	8381
8371	8366
8358	8344
8327	8312
8293	8381
8235	10195
13236	11576
10493	9153
8348	7774
7203	6579
5941	5336
4786	4290
3852	3486
3212	3048
2957	2894
2819	2752
2709	2709
2751	2823
2900	2952
2957	2902
2802	2694
2635	2658
2721	2733
2667	2576
2518	2518
2556	2613
2678	2764
2903	3134
3453	3833
4207	4529
4788	4996
5167	5272
5233	4986
4598	4231
3957	3719
3480	3253
3019	2736
2436	2227
2181	2291
2480	2664
2770	2766
2698	2658
2731	2931
3184	3364
3367	3171
2842	2502
2247	2107
2051	2017
1968	1897
1819	1753
1705	1678
1655	1632
1590	1549
1521	1534
1579	1634
1669	1682
1661	1613
1535	1451
1379	1345
1361	1434
1549	1662
1716	1681
1621	1658
1844	2141
2481	2824
3150	3466
3794	4164
4586	5058
5538	5960
6229	6272
6114	5890
5748	5779
5928	6066
6137	6245
6613	7449
8735	10241
11712	12982
13956	14596
14901	14931
14799	14645
14569	14592
14670	14717
14668	14515
14294	14089
13957	13931
14020	14217
14492	14785
15005	15090
15090	15128
15269	15465
15636	15719
15691	15515
15101	14349
13282	12133
11318	11185
11617	12073
12049	11349
10059	8480
7026	6058
5692	5745
5869	5761
5437	5153
5054	5058
4994	4811
4728	5087
6008	7330
8848	10418
11858	12990
13749	14218
14513	14713
14861	14964
14981	14848
14486	13859
12990	11979
10939	9964
9083	8259
7450	6649
5890	5261
4880	4872
5264	5976
6781	7407
7710	7713
7549	7360
7224	7159
7183	7345
7626	7950
8189	8262
8173	8008
7791	7513
7261	7198
7376	7744
8289	9051
9958	10846
11617	12297
12881	13347
13728	14089
14376	14436
14231	13881
13537	13284
13147	13084
13002	12770
12251	11348
10022	8340
6546	4966
3867	3420
3807	5080
6901	8651
9901	10604
10881	10862
10623	10194
9629	9018
8447	7961
7569	7262
7030	6865
6758	6690
6654	6661
6732	6872
7010	7034
6891	6643
6423	6358
6465	6673
6905	7138
7356	7522
7588	7541
7450	7435
7536	7685
7810	7886
7945	8042
8213	8437
8662	8816
8874	8859
8841	8901
9073	9321
9555	9709
9841	10098
10519	10999
11408	11659
11732	11637
11403	11062
10654	10232
9863	9587
9410	9292
9143	8888
8531	8153
7842	7649
7564	7540
7528	7497
7455	7429
7452	7524
7618	7696
7761	7844
7964	8103
8226	8303
8332	8329
8315	8314
8345	8423
8543	8673
8771	8806
8806	8828
8904	9005
9101	9171
9212	9230
9230	9212
9171	9100
9002	8890
8783	8697
8648	8637
8658	8700
8750	8793
8814	8815
8791	8743
8673	8589
8499	8411
8337	8279
8243	8237
8259	8300
8350	8390
8415	8416
8389	8344
8280	8203
8126	8069
8071	8159
8297	8417
8476	8491
8488	8474
8457	8443
8433	8425
8413	8400
8385	8373
8359	8451
8314	10250
13236	11557
10450	9074
8226	7613
7014	6370
5725	5128
4598	4130
3722	3384
3132	2979
2903	2852
2797	2745
2719	2732
2787	2862
2943	2989
2984	2911
2794	2671
2609	2643
2734	2781
2754	2705
2689	2719
2774	2821
2863	2934
3092	3385
3814	4321
4812	5207
5492	5708
5890	5991
5925	5623
5166	4731
4398	4110
3829	3548
3249	2889
2512	2240
2162	2273
2497	2713
2825	2800
2711	2702
2886	3284
3765	4116
4169	3891
3397	2877
2468	2205
2060	1974
1920	1884
1858	1824
1766	1684
1594	1516
1470	1458
1476	1515
1556	1578
1576	1548
1504	1456
1408	1379
1372	1398
1460	1559
1680	1780
1803	1725
1631	1684
1952	2395
2932	3506
4074	4610
5106	5563
5985	6369
6702	6941
7008	6834
6475	6086
5798	5644
5584	5535
5482	5500
5772	6474
7611	9007
10493	11935
13177	14049
14522	14704
14740	14726
14718	14724
14722	14674
14555	14365
14120	13856
13614	13430
13342	13382
13576	13903
14283	14610
14859	15089
15342	15603
15813	15913
15883	15729
15449	15016
14407	13698
13149	13042
13363	13745
13816	13362
12330	10821
9141	7699
6801	6498
6542	6549
6281	5764
5198	4778
4484	4172
3896	3918
4390	5274
6513	8037
9632	11006
12027	12788
13405	13928
14376	14742
14996	15098
15024	14771
14329	13699
12942	12196
11543	10958
10321	9486
8451	7381
6562	6247
6510	7164
7872	8271
8218	7799
7233	6724
6363	6126
6007	6021
6131	6239
6274	6232
6135	6009
5831	5588
5344	5234
5330	5634
6146	6888
7787	8715
9638	10597
11518	12261
12815	13312
13770	14056
14094	13952
13736	13538
13393	13298
13224	13112
12843	12260
11251	9810
8075	6292
4745	3728
3522	4273
5724	7347
8745	9785
10460	10776
10751	10440
9930	9329
8744	8240
7828	7474
7170	6932
6769	6676
6638	6650
6738	6910
7087	7133
6993	6744
6531	6470
6575	6763
6958	7144
7316	7446
7498	7462
7401	7426
7560	7723
7832	7864
7866	7926
8092	8343
8604	8781
8828	8769
8694	8714
8879	9159
9446	9649
9800	10024
10372	10772
11138	11414
11573	11592
11443	11111
10635	10114
9651	9324
9126	8981
8810	8573
8282	7998
7777	7644
7595	7596
7599	7580
7538	7489
7454	7457
7500	7582
7698	7836
7984	8130
8254	8331
8362	8358
8344	8341
8374	8450
8574	8712
8829	8898
8924	8944
8987	9067
9182	9311
9427	9494
9494	9427
9311	9182
9064	8975
8901	8827
8754	8713
8710	8740
8770	8792
8793	8770
8722	8651
8559	8455
8350	8255
8187	8156
8160	8187
8225	8270
8318	8360
8384	8384
8361	8316
8250	8172
8092	8039
8051	8158
8321	8460
8528	8546
8544	8532
8517	8503
8489	8478
8465	8451
8437	8427
8412	8502
8363	10272
13202	11508
10381	8978
8098	7452
6831	6177
5532	4948
4442	4005
3629	3317
3085	2940
2867	2820
2775	2738
2727	2752
2814	2898
2980	3020
3005	2919
2786	2651
2584	2628
2744	2835
2866	2867
2884	2922
2965	3001
3041	3136
3353	3725
4246	4836
5379	5783
6046	6236
6395	6481
6391	6065
5589	5158
4840	4578
4298	3996
3637	3201
2744	2409
2281	2349
2524	2692
2758	2704
2615	2653
2946	3509
4176	4677
4801	4504
3910	3263
2731	2368
2145	2021
1960	1953
1956	1942
1871	1752
1610	1495
1439	1447
1488	1528
1541	1521
1475	1414
1348	1294
1267	1278
1325	1413
1537	1693
1854	1986
2036	1991
1941	2044
2382	2915
3563	4257
4938	5564
6105	6540
6878	7120
7274	7327
7225	6914
6458	5999
5628	5341
5104	4913
4778	4744
4934	5485
6413	7633
9072	10663
12178	13327
14005	14372
14591	14733
14802	14799
14718	14584
14404	14201
13965	13703
13422	13147
12912	12773
12806	13067
13513	14018
14472	14848
15167	15457
15701	15846
15850	15735
15563	15386
15168	14859
14556	14461
14627	14888
15017	14810
14114	12871
11245	9592
8315	7666
7578	7670
7504	6840
5874	5031
4456	3971
3510	3242
3313	3766
4648	5973
7518	8928
10066	11050
11991	12870
13633	14249
14691	14952
15063	15072
14962	14676
14248	13805
13461	13195
12823	12119
11042	9799
8764	8274
8415	8959
9533	9774
9541	8928
8168	7478
6953	6553
6247	6036
5874	5700
5501	5328
5204	5090
4938	4727
4504	4347
4328	4485
4838	5381
6057	6805
7654	8670
9737	10638
11340	12005
12690	13280
13666	13854
13898	13850
13739	13593
13466	13383
13259	12911
12188	11038
9491	7663
5802	4283
3495	3669
4663	6064
7525	8884
9996	10699
10921	10724
10240	9626
9013	8491
8057	7664
7298	6993
6780	6664
6621	6639
6739	6941
7156	7230
7103	6867
6668	6627
6737	6904
7056	7182
7290	7372
7403	7376
7346	7411
7573	7726
7792	7779
7750	7796
7956	8205
8468	8642
8680	8605
8512	8517
8677	8960
9265	9482
9630	9819
10106	10442
10781	11092
11352	11502
11465	11182
10676	10070
9512	9113
8870	8695
8515	8312
8105	7919
7774	7690
7659	7671
7689	7693
7663	7600
7516	7442
7425	7496
7650	7831
8003	8155
8278	8354
8385	8382
8367	8364
8397	8480
8604	8747
8882	8981
9038	9064
9088	9157
9286	9460
9627	9730
9730	9627
9460	9286
9156	9079
9028	8959
8872	8805
8786	8795
8810	8809
8786	8736
8660	8558
8441	8317
8193	8092
8034	8032
8075	8137
8194	8246
8291	8331
8356	8356
8336	8290
8224	8145
8065	8013
8034	8158
8343	8498
8575	8596
8595	8585
8570	8555
8542	8527
8514	8499
8486	8474
8454	8531
8380	10265
13153	11443
10302	8874
7970	7303
6663	6004
5365	4797
4315	3908
3562	3276
3060	2920
2844	2797
2755	2727
2727	2763
2835	2927
3008	3047
3021	2928
2783	2643
2572	2628
2774	2910
2987	3021
3044	3066
3090	3128
3210	3386
3696	4154
4727	5326
5833	6172
6355	6483
6604	6667
6569	6252
5817	5455
5232	5055
4840	4549
4155	3642
3105	2697
2495	2455
2490	2525
2513	2445
2402	2518
2911	3580
4358	4966
5176	4926
4329	3622
3003	2566
2305	2169
2102	2087
2086	2058
1980	1850
1702	1582
1520	1522
1554	1572
1559	1517
1452	1373
1283	1209
1164	1170
1237	1373
1575	1825
2094	2334
2503	2593
2673	2862
3219	3720
4309	4924
5510	6015
6417	6703
6880	6970
6984	6925
6747	6419
5990	5574
5215	4877
4560	4329
4210	4208
4366	4760
5433	6383
7675	9318
11061	12489
13422	13987
14356	14596
14713	14700
14584	14413
14228	14052
13874	13667
13423	13139
12842	12578
12454	12590
12980	13500
14012	14428
14766	15079
15383	15613
15712	15685
15612	15593
15603	15535
15385	15278
15302	15435
15569	15526
15134	14269
12962	11440
10078	9228
8991	9094
9005	8279
7043	5839
4943	4220
3571	3091
2889	3018
3578	4616
5926	7140
8159	9179
10316	11481
12553	13462
14146	14581
14814	14948
15012	14957
14790	14613
14517	14489
14354	13866
12974	11892
10952	10449
10464	10813
11210	11375
11179	10665
9999	9360
8833	8392
7986	7583
7170	6738
6341	6051
5868	5720
5551	5362
5164	4972
4827	4795
4891	5084
5340	5676
6171	6893
7746	8556
9297	10116
11047	11973
12759	13361
13765	13972
13988	13858
13695	13618
13579	13376
12859	11967
10654	8889
6865	4981
3706	3346
3872	4968
6383	7960
9452	10527
11003	10934
10492	9871
9243	8702
8252	7826
7407	7046
6794	6655
6609	6629
6744	6970
7220	7319
7207	6987
6818	6800
6920	7066
7175	7237
7279	7308
7311	7283
7287	7391
7568	7694
7706	7650
7614	7663
7816	8043
8274	8425
8457	8392
8316	8328
8479	8745
9017	9203
9327	9497
9769	10092
10428	10769
11097	11349
11418	11208
10721	10076
9449	8977
8679	8476
8304	8151
8019	7905
7805	7733
7696	7702
7738	7775
7780	7728
7620	7493
7420	7473
7637	7837
8021	8175
8296	8374
8407	8402
8387	8384
8420	8503
8630	8778
8918	9037
9120	9169
9211	9290
9431	9615
9791	9903
9902	9791
9615	9430
9289	9204
9145	9068
8975	8902
8872	8867
8862	8840
8793	8714
8608	8480
8333	8186
8046	7938
7887	7914
7999	8095
8168	8223
8267	8303
8326	8334
8314	8269
8201	8121
8042	7994
8021	8160
8360	8528
8609	8633
8634	8625
8614	8599
8584	8569
8556	8541
8525	8507
8478	8536
8363	10225
13086	11354
10198	8746
7825	7143
6493	5836
5214	4668
4212	3831
3511	3246
3045	2908
2827	2775
2739	2721
2729	2770
2846	2939
3021	3063
3039	2947
2807	2666
2599	2672
2843	3009
3101	3133
3137	3138
3158	3231
3396	3689
4112	4638
5209	5738
6142	6364
6455	6516
6599	6645
6560	6286
5928	5678
5590	5546
5429	5181
4761	4175
3536	3016
2683	2469
2306	2179
2096	2057
2112	2337
2815	3539
4362	5041
5357	5221
4701	3989
3304	2814
2541	2402
2322	2267
2219	2157
2066	1954
1837	1741
1682	1657
1656	1653
1637	1603
1548	1463
1356	1241
1146	1109
1163	1337
1635	2024
2454	2868
3223	3521
3785	4060
4370	4723
5088	5435
5724	5931
6049	6094
6085	6048
5993	5911
5757	5494
5166	4853
4567	4269
3987	3824
3824	3930
4105	4362
4751	5371
6404	7968
9835	11529
12755	13541
14022	14291
14402	14386
14282	14149
14029	13936
13851	13735
13565	13335
13059	12774
12580	12596
12840	13215
13599	13931
14230	14566
14944	15297
15539	15649
15683	15745
15834	15867
15807	15713
15662	15698
15771	15771
15570	15063
14208	13072
11903	11041
10691	10732
10678	9994
8691	7267
6052	5021
4126	3444
3032	2922
3202	3924
4885	5740
6458	7312
8450	9753
11069	12293
13308	13993
14366	14567
14699	14779
14810	14827
14890	14999
15034	14804
14254	13520
12832	12388
12260	12364
12565	12709
12678	12429
12032	11599
11216	10867
10492	10035
9490	8914
8408	8036
7781	7561
7346	7165
7000	6796
6558	6347
6170	5961
5719	5524
5469	5602
5909	6360
6993	7870
8970	10162
11304	12306
13100	13632
13866	13851
13740	13721
13773	13702
13358	12693
11599	9945
7852	5730
4085	3278
3347	4091
5346	7010
8767	10150
10878	10976
10624	10049
9432	8888
8422	7966
7502	7094
6805	6648
6596	6623
6746	6993
7262	7380
7286	7089
6951	6959
7085	7217
7283	7288
7270	7255
7235	7212
7238	7374
7558	7650
7608	7522
7489	7551
7692	7882
8066	8187
8219	8181
8137	8168
8312	8541
8758	8886
8965	9135
9431	9791
10146	10497
10846	11147
11292	11164
10735	10104
9447	8926
8588	8377
8234	8129
8046	7959
7862	7766
7701	7689
7734	7804
7855	7837
7742	7601
7500	7521
7665	7854
8033	8182
8302	8380
8417	8418
8407	8407
8446	8530
8656	8800
8944	9069
9168	9253
9341	9453
9596	9758
9898	9983
9983	9897
9754	9595
9448	9333
9237	9145
9057	8996
8964	8952
8931	8890
8819	8715
8583	8428
8260	8092
7939	7822
7775	7821
7935	8052
8135	8193
8233	8269
8292	8299
8282	8243
8180	8109
8036	7994
8027	8172
8379	8551
8636	8660
8660	8652
8638	8624
8608	8598
8584	8569
8551	8530
8487	8524
8322	10163
12987	11211
10029	8548
7607	6909
6255	5617
5035	4534
4110	3752
3455	3216
3033	2899
2808	2755
2729	2724
2734	2771
2831	2915
3000	3059
3063	3004
2891	2766
2708	2784
2953	3105
3170	3174
3168	3192
3270	3426
3688	4080
4579	5116
5618	6019
6275	6380
6400	6424
6495	6558
6508	6293
6017	5873
5908	5989
5974	5771
5325	4641
3857	3185
2696	2305
1970	1737
1644	1684
1852	2177
2702	3424
4247	4973
5418	5447
5059	4387
3673	3137
2846	2695
2583	2473
2365	2254
2150	2053
1971	1904
1853	1815
1789	1772
1763	1750
1721	1644
1518	1365
1220	1135
1182	1425
1861	2423
3031	3603
4117	4572
4958	5253
5455	5587
5659	5668
5610	5478
5307	5123
4963	4847
4773	4721
4640	4493
4304	4115
3925	3699
3499	3454
3599	3829
4040	4184
4318	4609
5331	6693
8539	10411
11934	12982
13598	13895
13983	13956
13885	13833
13825	13853
13876	13852
13751	13588
13380	13164
13001	12967
13059	13214
13374	13531
13736	14052
14483	14941
15332	15591
15732	15826
15913	15980
16000	15966
15910	15877
15869	15833
15718	15472
15025	14334
13501	12774
12387	12354
12319	11779
10627	9192
7771	6458
5305	4399
3773	3419
3389	3735
4276	4721
5085	5665
6627	7876
9284	10747
12090	13084
13671	13984
14185	14355
14514	14644
14777	14948
15108	15135
14959	14609
14184	13799
13540	13442
13498	13641
13767	13769
13636	13444
13254	13070
12820	12424
11899	11336
10838	10459
10153	9863
9599	9419
9297	9117
8849	8545
8184	7678
7039	6382
5787	5270
4902	4833
5152	5851
6863	8090
9406	10678
11782	12623
13141	13350
13421	13558
13760	13844
13680	13225
12336	10827
8769	6546
4658	3483
3117	3467
4461	6041
7884	9466
10434	10764
10604	10153
9604	9080
8601	8113
7611	7159
6830	6650
6587	6616
6747	6997
7269	7394
7320	7154
7046	7079
7209	7323
7354	7322
7272	7233
7207	7190
7228	7372
7550	7615
7543	7452
7431	7491
7610	7757
7902	8006
8049	8037
8013	8047
8180	8387
8575	8659
8705	8863
9181	9566
9932	10269
10595	10896
11084	11026
10677	10105
9470	8952
8625	8450
8354	8286
8204	8096
7964	7830
7732	7698
7737	7821
7897	7916
7859	7749
7654	7647
7738	7880
8028	8167
8284	8368
8410	8426
8429	8448
8492	8579
8700	8837
8973	9097
9212	9331
9461	9597
9732	9848
9933	9974
9973	9926
9839	9720
9581	9442
9319	9220
9156	9117
9097	9077
9043	8986
8896	8771
8616	8442
8257	8075
7909	7781
7728	7775
7893	8012
8088	8134
8167	8196
8216	8223
8214	8191
8153	8105
8058	8036
8078	8217
8411	8571
8649	8669
8666	8654
8639	8622
8607	8595
8582	8564
8544	8517
8467	8489
8268	10083
12834	10980
9751	8215
7249	6535
5888	5295
4795	4369
3993	3662
3388	3176
3016	2885
2783	2730
2725	2739
2748	2759
2784	2844
2933	3029
3100	3113
3062	2972
2918	2968
3089	3167
3168	3144
3176	3312
3535	3813
4153	4582
5069	5530
5894	6129
6239	6255
6240	6273
6370	6482
6495	6339
6115	6022
6120	6277
6324	6138
5636	4815
3860	3044
2454	1984
1599	1377
1363	1504
1749	2099
2592	3249
4028	4801
5385	5600
5377	4804
4113	3558
3226	3026
2859	2698
2544	2398
2270	2159
2076	2021
1990	1971
1953	1935
1916	1908
1885	1814
1674	1500
1338	1256
1356	1732
2365	3123
3859	4494
5009	5430
5754	5942
5980	5904
5743	5512
5226	4905
4583	4295
4067	3914
3830	3794
3783	3780
3761	3709
3588	3404
3250	3272
3488	3784
4003	4063
4019	4073
4522	5607
7269	9160
10907	12254
13114	13533
13642	13608
13559	13572
13661	13790
13902	13933
13870	13748
13614	13502
13440	13431
13448	13446
13413	13391
13460	13690
14086	14576
15048	15412
15631	15742
15819	15920
16029	16075
16038	15966
15898	15837
15778	15685
15489	15111
14573	14038
13710	13664
13676	13346
12496	11265
9864	8456
7164	6092
5245	4580
4133	3973
4013	4065
4144	4464
5149	6163
7454	8956
10483	11757
12636	13179
13523	13770
13959	14092
14207	14386
14633	14881
15030	15012
14814	14507
14203	14028
14042	14198
14386	14496
14507	14480
14465	14430
14304	14018
13606	13178
12809	12505
12211	11893
11610	11442
11360	11235
11020	10746
10374	9789
9010	8143
7240	6281
5374	4758
4555	4723
5249	6145
7342	8647
9880	10931
11722	12243
12624	13034
13455	13714
13715	13453
12795	11523
9656	7514
5534	4058
3257	3162
3792	5104
6809	8425
9601	10236
10387	10180
9772	9303
8818	8302
7759	7266
6893	6674
6590	6615
6746	6980
7224	7347
7301	7177
7098	7143
7268	7364
7373	7327
7284	7261
7254	7243
7271	7388
7538	7600
7545	7478
7470	7518
7596	7703
7825	7940
8001	8001
7967	7980
8100	8319
8536	8645
8677	8799
9067	9412
9747	10049
10338	10615
10810	10804
10532	10040
9483	9045
8812	8727
8694	8631
8503	8330
8145	7981
7867	7820
7832	7885
7945	7971
7959	7912
7862	7835
7853	7913
8013	8128
8239	8328
8390	8433
8470	8511
8574	8663
8777	8903
9028	9153
9280	9415
9552	9677
9779	9850
9885	9894
9888	9871
9829	9755
9646	9520
9405	9330
9297	9288
9279	9258
9215	9143
9040	8900
8732	8546
8351	8158
7980	7840
7773	7797
7885	7972
8020	8042
8055	8068
8082	8093
8102	8108
8112	8116
8115	8128
8184	8305
8461	8585
8643	8656
8647	8630
8608	8588
8570	8556
8542	8520
8499	8472
8423	8441
8220	10004
12650	10691
9401	7795
6801	6075
5443	4909
4515	4184
3868	3565
3311	3123
2987	2857
2748	2700
2717	2748
2752	2729
2710	2741
2837	2987
3138	3242
3261	3211
3152	3150
3184	3179
3126	3113
3241	3544
3954	4359
4731	5117
5513	5837
6029	6104
6100	6068
6061	6124
6270	6440
6521	6418
6218	6132
6229	6379
6404	6172
5573	4617
3532	2646
2062	1633
1313	1195
1301	1524
1781	2079
2473	3023
3740	4551
5267	5654
5596	5159
4552	4011
3632	3362
3137	2941
2768	2609
2451	2306
2195	2134
2127	2154
2173	2150
2101	2058
2023	1942
1798	1627
1492	1470
1686	2245
3085	3998
4784	5345
5690	5894
5983	5963
5832	5611
5331	5008
4672	4344
4043	3786
3582	3432
3329	3285
3318	3441
3597	3665
3580	3390
3227	3231
3422	3693
3885	3897
3773	3708
3970	4775
6149	7904
9748	11383
12582	13250
13473	13468
13430	13462
13584	13747
13882	13916
13851	13754
13690	13683
13723	13778
13799	13750
13636	13508
13457	13556
13837	14245
14698	15089
15356	15508
15625	15788
15975	16079
16049	15954
15863	15817
15797	15771
15665	15425
15071	14720
14512	14519
14602	14484
13989	13109
11958	10691
9459	8343
7321	6321
5383	4625
4103	3775
3633	3726
4107	4793
5808	7144
8656	10090
11259	12103
12650	12968
13118	13164
13209	13363
13666	14066
14450	14700
14735	14560
14311	14176
14235	14407
14575	14658
14683	14735
14828	14902
14868	14689
14424	14176
13990	13812
13583	13301
13044	12901
12856	12806
12700	12550
12296	11838
11174	10382
9471	8380
7196	6136
5302	4687
4409	4680
5494	6593
7739	8830
9799	10618
11362	12127
12842	13306
13457	13369
12967	12034
10528	8660
6731	5015
3765	3187
3381	4295
5670	7159
8461	9419
9961	10089
9894	9525
9063	8532
7963	7433
7014	6746
6630	6641
6755	6951
7148	7257
7246	7166
7118	7167
7277	7351
7346	7310
7297	7320
7346	7343
7343	7413
7524	7587
7579	7567
7589	7631
7675	7746
7855	7978
8054	8047
7982	7963
8079	8340
8629	8798
8842	8904
9069	9320
9593	9852
10096	10338
10519	10537
10322	9914
9470	9173
9092	9136
9165	9084
8884	8629
8395	8223
8123	8074
8055	8047
8040	8038
8047	8066
8068	8033
7983	7965
8011	8097
8198	8293
8378	8452
8525	8598
8679	8773
8878	8986
9102	9227
9361	9484
9586	9670
9731	9766
9776	9774
9766	9760
9744	9703
9636	9555
9488	9456
9454	9463
9460	9439
9393	9315
9209	9068
8900	8711
8512	8314
8130	7981
7896	7888
7929	7968
7977	7965
7952	7944
7944	7957
7984	8025
8074	8133
8186	8242
8311	8407
8512	8590
8622	8623
8610	8590
8567	8546
8523	8504
8485	8465
8441	8417
8368	8393
8184	9949
12494	10427
9074	7395
6372	5645
5039	4576
4273	4031
3763	3479
3232	3053
2924	2806
2701	2662
2693	2732
2730	2686
2641	2661
2771	2959
3170	3328
3384	3343
3262	3206
3177	3150
3129	3201
3450	3904
4442	4910
5259	5563
5835	6018
6069	6035
5973	5932
5943	6039
6219	6428
6546	6482
6312	6229
6285	6342
6237	5865
5154	4132
3046	2228
1744	1417
1188	1157
1336	1582
1801	2013
2305	2761
3427	4260
5066	5578
5651	5349
4856	4372
3982	3678
3417	3205
3026	2860
2692	2532
2408	2352
2368	2431
2475	2446
2358	2274
2205	2108
1961	1804
1717	1796
2161	2880
3846	4797
5518	5904
6007	5937
5781	5573
5316	5013
4690	4366
4071	3819
3618	3455
3326	3213
3123	3073
3126	3317
3567	3700
3629	3424
3237	3189
3309	3517
3670	3665
3532	3442
3603	4188
5266	6790
8595	10419
11950	12934
13377	13493
13507	13544
13630	13738
13808	13787
13701	13640
13656	13743
13858	13952
13992	13954
13851	13721
13627	13632
13769	14034
14372	14721
15021	15254
15466	15698
15920	16030
16001	15898
15806	15761
15757	15735
15644	15462
15222	15015
14921	14977
15105	15150
14958	14451
13654	12688
11665	10647
9579	8361
7034	5764
4729	4019
3612	3442
3498	3845
4548	5599
6911	8323
9648	10721
11450	11823
11912	11858
11825	11948
12270	12736
13260	13736
14031	14052
13908	13833
13932	14126
14282	14340
14349	14413
14558	14712
14780	14724
14600	14513
14479	14427
14302	14119
13938	13837
13821	13840
13854	13829
13710	13436
13009	12462
11741	10751
9522	8201
6853	5511
4445	4040
4358	5086
5948	6854
7781	8723
9727	10840
11893	12604
12928	13018
12887	12349
11301	9830
8073	6210
4566	3533
3302	3782
4753	5978
7263	8437
9329	9797
9849	9622
9234	8736
8181	7635
7184	6874
6722	6704
6788	6929
7072	7164
7181	7141
7114	7161
7257	7316
7307	7284
7303	7366
7421	7424
7402	7428
7500	7557
7585	7636
7720	7793
7836	7885
7963	8063
8128	8108
8027	7998
8120	8411
8748	8961
9012	9028
9117	9295
9519	9737
9931	10117
10258	10265
10087	9762
9446	9313
9390	9549
9616	9513
9261	8962
8711	8557
8479	8438
8385	8311
8229	8172
8163	8200
8232	8201
8120	8062
8073	8138
8226	8320
8414	8508
8598	8690
8781	8872
8961	9052
9150	9266
9386	9480
9546	9587
9617	9636
9644	9644
9645	9646
9641	9624
9597	9565
9542	9536
9545	9554
9556	9538
9499	9434
9337	9210
9055	8878
8687	8498
8320	8174
8079	8048
8057	8060
8041	8003
7961	7930
7913	7916
7945	7995
8068	8153
8237	8313
8392	8470
8541	8587
8601	8596
8581	8564
8544	8522
8500	8481
8464	8444
8427	8401
8354	8378
8175	9924
12389	10218
8801	7052
6002	5291
4727	4331
4102	3918
3683	3406
3147	2954
2819	2716
2635	2617
2645	2676
2667	2621
2589	2625
2756	2960
3182	3333
3373	3305
3187	3093
3067	3119
3250	3485
3864	4388
4951	5388
5667	5873
6041	6108
6068	5986
5920	5897
5931	6045
6228	6432
6555	6521
6400	6324
6304	6181
5836	5249
4439	3471
2559	1940
1615	1392
1212	1199
1365	1568
1715	1849
2068	2460
3088	3919
4763	5341
5510	5328
4962	4574
4243	3958
3708	3491
3304	3140
2989	2859
2770	2744
2778	2845
2872	2821
2704	2600
2520	2408
2238	2075
2039	2260
2807	3635
4575	5389
5900	6058
5938	5683
5389	5085
4769	4436
4100	3797
3555	3382
3275	3212
3171	3129
3084	3055
3105	3274
3486	3599
3532	3342
3145	3054
3104	3244
3362	3372
3280	3214
3330	3754
4571	5811
7440	9309
11090	12413
13162	13515
13679	13763
13805	13809
13750	13630
13511	13492
13597	13767
13921	14009
14020	13980
13918	13859
13824	13830
13889	14019
14220	14480
14771	15063
15343	15600
15794	15877
15850	15770
15703	15671
15665	15643
15569	15438
15283	15161
15120	15176
15297	15417
15421	15208
14753	14113
13373	12565
11625	10450
9055	7602
6300	5281
4546	3999
3647	3595
3906	4552
5492	6659
7914	9038
9832	10199
10208	10055
9948	10036
10338	10800
11373	12016
12556	12785
12732	12651
12723	12944
13200	13384
13488	13574
13706	13879
14050	14165
14234	14303
14396	14479
14520	14507
14459	14414
14415	14480
14574	14621
14576	14437
14225	13936
13469	12699
11621	10314
8807	7127
5599	4687
4496	4729
5100	5542
6088	6808
7798	9064
10369	11347
11923	12280
12483	12364
11796	10779
9320	7496
5672	4357
3797	3884
4409	5244
6301	7451
8482	9162
9427	9380
9141	8755
8276	7772
7327	7004
6826	6778
6824	6915
7017	7098
7131	7112
7097	7144
7231	7284
7272	7258
7294	7376
7448	7456
7422	7422
7474	7522
7568	7661
7800	7919
7989	8033
8087	8158
8203	8180
8109	8087
8207	8484
8808	9013
9069	9082
9167	9341
9556	9738
9868	9969
10030	9992
9831	9589
9412	9442
9663	9895
9981	9876
9633	9365
9151	9026
8960	8902
8802	8659
8498	8379
8333	8353
8387	8366
8296	8237
8235	8280
8353	8434
8519	8601
8687	8770
8851	8925
8998	9066
9141	9223
9308	9370
9407	9432
9455	9476
9494	9509
9526	9540
9549	9554
9555	9553
9552	9551
9550	9552
9554	9551
9533	9495
9431	9336
9214	9066
8903	8736
8579	8448
8359	8320
8313	8303
8264	8208
8144	8089
8047	8023
8027	8059
8113	8182
8258	8331
8401	8470
8528	8564
8574	8570
8563	8554
8540	8526
8510	8498
8486	8477
8463	8443
8399	8421
8217	9944
12322	10056
8576	6758
5689	5002
4489	4153
3982	3838
3621	3344
3066	2846
2697	2611
2569	2570
2592	2603
2586	2555
2553	2622
2776	2982
3177	3286
3276	3157
2996	2881
2897	3090
3438	3876
4371	4917
5425	5782
5973	6090
6165	6149
6051	5959
5915	5925
5981	6097
6267	6442
6549	6545
6481	6427
6313	5970
5334	4499
3604	2762
2117	1765
1617	1475
1314	1268
1369	1490
1557	1628
1798	2151
2749	3566
4417	5028
5264	5187
4943	4675
4438	4217
3995	3782
3586	3423
3302	3228
3204	3225
3272	3319
3311	3220
3085	2989
2916	2791
2580	2383
2391	2775
3522	4430
5250	5811
6038	5952
5671	5324
4994	4673
4346	4003
3671	3385
3182	3068
3036	3056
3101	3143
3169	3181
3211	3281
3366	3395
3322	3163
2982	2860
2847	2923
3022	3057
3026	3007
3106	3410
3992	4915
6279	8082
10039	11680
12783	13446
13833	14024
14061	13968
13780	13560
13411	13434
13621	13848
13996	14021
13951	13872
13847	13896
13989	14085
14151	14206
14278	14417
14634	14910
15187	15407
15538	15588
15586	15572
15568	15583
15602	15599
15557	15473
15369	15278
15225	15227
15281	15369
15433	15400
15215	14886
14440	13913
13256	12374
11256	9996
8736	7573
6508	5501
4631	4069
3890	4043
4510	5297
6301	7276
7957	8185
8028	7730
7537	7582
7854	8272
8846	9599
10345	10768
10793	10659
10654	10921
11399	11900
12248	12397
12440	12543
12780	13115
13455	13732
13955	14189
14441	14656
14777	14802
14803	14868
14976	15020
14965	14864
14767	14652
14406	13897
13118	12134
10905	9369
7760	6528
5827	5451
5172	4944
4860	5079
5752	6900
8283	9528
10495	11294
11931	12243
12112	11524
10421	8822
7053	5660
4885	4600
4659	5032
5710	6598
7495	8182
8574	8718
8677	8470
8131	7726
7338	7038
6864	6807
6830	6893
6976	7049
7091	7086
7076	7122
7211	7260
7250	7237
7279	7367
7442	7447
7411	7404
7452	7504
7565	7678
7838	7983
8070	8123
8178	8243
8293	8290
8244	8229
8324	8540
8795	8960
9020	9074
9208	9428
9661	9816
9872	9871
9831	9735
9576	9412
9367	9550
9889	10164
10244	10153
9982	9813
9685	9602
9525	9408
9225	8993
8758	8584
8507	8518
8554	8551
8501	8454
8448	8481
8533	8594
8654	8714
8775	8836
8895	8949
9000	9046
9092	9134
9170	9199
9220	9243
9275	9310
9344	9381
9417	9447
9476	9498
9519	9535
9545	9548
9549	9556
9571	9590
9601	9596
9571	9520
9438	9331
9203	9069
8941	8830
8748	8699
8668	8633
8575	8504
8425	8344
8271	8216
8180	8173
8186	8218
8259	8308
8365	8429
8490	8529
8545	8549
8550	8552
8549	8547
8543	8540
8539	8540
8536	8523
8486	8251
8321	5459
