9505	8420
8417	7679
7274	6814
6495	6284
6170	6134
6147	6184
6229	6268
6293	6301
6299	6293
6288	6287
6293	6302
6315	6324
6329	6330
6328	6318
6309	6299
6291	6279
6273	6264
6256	6243
6236	6229
6226	6232
6245	6267
6291	6316
6333	6342
6340	6327
6305	6285
6267	6256
6257	6266
6286	6304
6322	6332
6331	6327
6316	6308
6309	6321
6335	6358
6383	6405
6423	6438
6447	6456
6459	6461
6463	6459
6450	6436
6415	6396
6377	6364
6358	6361
6368	6382
6397	6407
6412	6416
6416	6417
6417	6423
6433	6444
6453	6454
6433	6400
6344	6279
6209	6142
6089	6057
6042	6047
6057	6071
6062	6025
5946	5816
5631	5393
5106	4793
4471	4167
3891	3653
3451	3274
3108	2955
2817	2700
2612	2561
2542	2544
2559	2575
2582	2575
2557	2526
2483	2433
2383	2334
2301	2283
2293	2327
2380	2440
2497	2542
2567	2565
2550	2523
2497	2479
2476	2489
2506	2523
2528	2522
2491	2452
2405	2358
2316	2289
2277	2281
2290	2303
2309	2311
2304	2292
2279	2267
2268	2284
2320	2388
2491	2649
2875	3187
3606	4136
4777	5513
6313	7144
7954	8710
9371	9926
10363	10695
10932	11095
11195	11255
11291	11313
11333	11357
11379	11401
11422	11444
11460	11472
11474	11463
11440	11408
11373	11343
11319	11303
11285	11266
11246	11226
11215	11213
11213	11219
11215	11201
11174	11136
11090	11038
10979	10915
10836	10734
10613	10468
10301	10114
9906	9669
9402	9094
8736	8320
7842	7304
6725	6122
5530	4977
4497	4095
3775	3537
3361	3230
3134	3060
2997	2945
2905	2876
2859	2850
2846	2838
2833	2825
2821	2822
2830	2850
2876	2906
2933	2952
2966	2986
3032	3125
3288	3534
3867	4282
4767	5292
5833	6368
6879	7343
7753	8109
8413	8677
8913	9127
9330	9520
9698	9857
10010	10155
10300	10449
10594	10730
10854	10950
11017	11052
11060	11041
11014	10984
10965	10958
10968	10990
11023	11056
11086	11109
11122	11131
11138	11142
11151	11159
11164	11165
11161	11147
11128	11100
11063	11005
10922	10805
10657	10480
10292	10110
9944	9803
9688	9597
9521	9451
9384	9320
9268	9220
9191	9182
9189	9211
9249	9290
9335	9373
9405	9419
9414	9404
9399	9432
9547	9786
10183	10749
11456	12254
13066	13828
14480	14999
15387	15659
15838	15954
16020	16059
16074	16082
16079	16074
16067	16061
16054	16050
16044	16042
16039	16032
16026	16008
15986	15955
15913	15865
15817	15769
15722	15680
15641	15596
15550	15496
15440	15381
15321	15257
15194	15123
15045	14960
14866	14763
14658	14549
14448	14348
14255	14171
14086	14005
13917	13829
13734	13640
13547	13452
13356	13262
13166	13067
12970	12866
12762	12653
12538	12399
12279	12000
12002	11300
9491	8408
8406	7668
7268	6812
6499	6290
6179	6143
6155	6190
6233	6268
6286	6295
6291	6286
6282	6286
6294	6307
6321	6331
6335	6333
6328	6316
6300	6286
6273	6263
6253	6244
6234	6226
6220	6217
6219	6227
6242	6262
6287	6308
6326	6333
6335	6319
6300	6275
6254	6241
6241	6251
6269	6289
6309	6323
6326	6325
6316	6309
6309	6321
6335	6358
6384	6405
6424	6438
6449	6458
6463	6466
6469	6465
6455	6440
6422	6399
6381	6368
6363	6365
6375	6389
6404	6416
6423	6423
6420	6416
6413	6418
6425	6434
6441	6441
6428	6397
6350	6288
6223	6162
6114	6079
6062	6059
6063	6061
6044	5995
5908	5775
5590	5355
5075	4769
4456	4158
3887	3651
3450	3274
3113	2961
2824	2708
2621	2567
2543	2543
2557	2570
2577	2575
2557	2535
2499	2455
2410	2367
2337	2322
2326	2355
2399	2450
2503	2542
2565	2568
2556	2531
2506	2492
2491	2499
2514	2530
2533	2524
2501	2464
2422	2380
2342	2321
2310	2314
2322	2334
2341	2341
2331	2316
2298	2283
2280	2287
2319	2374
2463	2596
2792	3067
3439	3915
4499	5178
5934	6725
7512	8257
8921	9488
9951	10312
10583	10776
10910	11005
11069	11118
11161	11201
11240	11275
11308	11339
11367	11386
11398	11394
11375	11347
11317	11290
11271	11258
11247	11231
11215	11197
11187	11181
11183	11182
11174	11149
11110	11053
10983	10900
10806	10697
10573	10426
10260	10072
9866	9649
9420	9174
8905	8602
8258	7861
7410	6909
6373	5815
5275	4771
4330	3966
3677	3457
3296	3180
3091	3022
2966	2919
2884	2862
2848	2846
2844	2843
2839	2836
2831	2832
2838	2853
2875	2898
2920	2936
2951	2972
3016	3112
3274	3517
3847	4258
4730	5249
5788	6319
6830	7300
7719	8086
8401	8677
8923	9144
9352	9542
9719	9879
10026	10168
10309	10453
10592	10727
10849	10944
11012	11048
11058	11045
11023	11002
10987	10989
11004	11035
11072	11111
11145	11172
11193	11209
11222	11232
11245	11256
11265	11268
11265	11254
11241	11217
11185	11133
11053	10941
10798	10625
10440	10257
10087	9938
9816	9710
9615	9528
9442	9356
9279	9220
9177	9161
9166	9189
9232	9280
9333	9374
9405	9419
9415	9403
9396	9426
9535	9761
10143	10689
11378	12163
12973	13738
14404	14939
15345	15633
15823	15942
16015	16057
16074	16082
16082	16079
16073	16068
16062	16056
16053	16050
16046	16041
16032	16012
15991	15959
15917	15870
15821	15772
15727	15682
15640	15594
15546	15494
15438	15382
15321	15261
15198	15126
15046	14959
14863	14761
14655	14549
14446	14351
14263	14181
14102	14021
13938	13852
13756	13662
13567	13468
13369	13269
13171	13073
12974	12875
12773	12669
12557	12422
12305	12019
12022	11306
9476	8390
8391	7656
7261	6808
6499	6294
6190	6155
6167	6197
6234	6263
6278	6283
6279	6274
6274	6280
6292	6308
6326	6335
6341	6334
6325	6307
6289	6270
6253	6239
6228	6219
6211	6206
6201	6204
6208	6219
6236	6255
6280	6302
6320	6326
6323	6311
6291	6262
6242	6226
6220	6228
6248	6271
6294	6312
6321	6320
6315	6311
6313	6320
6338	6359
6385	6407
6426	6440
6451	6460
6468	6472
6475	6471
6463	6447
6426	6402
6385	6371
6366	6370
6386	6398
6416	6427
6431	6429
6424	6416
6410	6410
6414	6423
6431	6430
6418	6394
6353	6302
6243	6188
6140	6106
6084	6073
6063	6050
6017	5957
5859	5723
5536	5305
5035	4735
4433	4142
3875	3646
3447	3272
3112	2965
2832	2719
2633	2576
2548	2545
2553	2565
2572	2574
2563	2544
2518	2484
2448	2412
2384	2371
2370	2390
2423	2463
2508	2542
2565	2573
2562	2545
2522	2509
2507	2515
2527	2538
2543	2532
2510	2481
2443	2409
2381	2363
2356	2359
2369	2378
2384	2378
2367	2347
2327	2308
2300	2301
2322	2363
2433	2539
2699	2925
3236	3642
4152	4758
5443	6175
6922	7641
8302	8879
9365	9758
10070	10310
10492	10628
10736	10821
10899	10965
11027	11082
11134	11176
11218	11251
11273	11279
11272	11251
11226	11202
11188	11177
11172	11161
11144	11130
11117	11110
11107	11100
11081	11041
10977	10893
10788	10661
10517	10353
10167	9961
9738	9497
9251	8999
8751	8499
8231	7942
7616	7250
6837	6388
5908	5416
4942	4502
4118	3799
3549	3358
3219	3115
3038	2975
2926	2885
2857	2840
2837	2837
2844	2848
2851	2849
2844	2843
2846	2852
2866	2887
2904	2916
2928	2952
3002	3099
3264	3508
3832	4232
4699	5205
5739	6264
6776	7252
7682	8061
8392	8681
8936	9168
9378	9571
9748	9906
10054	10189
10327	10462
10599	10728
10844	10937
11005	11044
11061	11053
11041	11028
11025	11035
11060	11095
11141	11187
11228	11263
11292	11315
11334	11353
11369	11382
11394	11400
11401	11395
11387	11373
11349	11301
11231	11124
10988	10821
10642	10458
10287	10133
9994	9872
9759	9643
9528	9413
9311	9224
9164	9136
9137	9168
9213	9271
9328	9375
9407	9421
9415	9402
9392	9419
9518	9729
10088	10607
11271	12037
12843	13614
14296	14855
15283	15590
15800	15931
16011	16052
16077	16082
16085	16082
16079	16075
16070	16066
16063	16058
16056	16047
16038	16019
15996	15965
15925	15877
15829	15779
15731	15684
15639	15591
15545	15491
15436	15381
15324	15264
15199	15129
15050	14960
14862	14759
14652	14547
14445	14354
14269	14194
14120	14044
13965	13880
13788	13691
13589	13490
13382	13281
13178	13080
12981	12884
12787	12689
12582	12451
12334	12046
12046	11312
9456	8373
8375	7643
7252	6804
6500	6302
6199	6167
6175	6204
6233	6256
6266	6271
6265	6263
6266	6274
6291	6310
6326	6339
6340	6333
6318	6297
6273	6250
6229	6212
6198	6189
6185	6181
6184	6189
6197	6209
6227	6249
6271	6290
6306	6314
6311	6299
6277	6251
6226	6207
6200	6204
6223	6249
6277	6299
6315	6317
6314	6311
6313	6322
6337	6358
6383	6404
6423	6439
6453	6464
6471	6477
6479	6478
6468	6452
6431	6409
6389	6376
6371	6380
6394	6410
6429	6440
6443	6440
6430	6417
6407	6400
6402	6409
6416	6417
6409	6391
6357	6312
6264	6216
6169	6134
6107	6088
6065	6036
5986	5911
5803	5657
5472	5247
4982	4697
4403	4118
3860	3632
3434	3263
3107	2965
2839	2731
2645	2588
2558	2549
2554	2563
2573	2574
2570	2561
2543	2518
2492	2463
2440	2424
2422	2429
2452	2483
2518	2547
2569	2578
2572	2558
2542	2529
2526	2532
2542	2551
2550	2541
2523	2497
2468	2442
2421	2409
2405	2411
2419	2426
2428	2419
2407	2384
2361	2337
2326	2323
2335	2365
2416	2493
2615	2788
3034	3362
3783	4299
4896	5552
6237	6914
7552	8129
8631	9055
9410	9701
9937	10128
10286	10416
10534	10634
10730	10810
10881	10947
11006	11056
11094	11113
11118	11106
11089	11068
11055	11049
11040	11032
11014	10998
10980	10969
10958	10939
10903	10841
10749	10626
10472	10292
10086	9859
9606	9336
9049	8760
8474	8200
7938	7687
7431	7162
6870	6543
6182	5791
5380	4962
4561	4195
3874	3612
3405	3248
3131	3045
2978	2923
2880	2848
2829	2819
2821	2831
2845	2854
2860	2861
2855	2852
2846	2849
2857	2868
2881	2893
2908	2935
2990	3094
3263	3507
3830	4226
4681	5182
5703	6225
6736	7214
7652	8044
8386	8690
8956	9197
9416	9612
9789	9948
10092	10224
10357	10486
10615	10737
10847	10939
11006	11047
11072	11076
11071	11072
11078	11101
11135	11178
11229	11280
11328	11371
11406	11438
11462	11486
11507	11523
11538	11547
11551	11554
11553	11547
11530	11496
11435	11341
11212	11055
10880	10701
10529	10370
10222	10082
9944	9798
9647	9496
9358	9242
9160	9113
9109	9141
9193	9258
9321	9372
9405	9418
9414	9400
9394	9417
9505	9699
10029	10514
11147	11889
12682	13458
14161	14748
15206	15540
15768	15914
16002	16050
16074	16086
16090	16088
16085	16083
16079	16076
16072	16069
16064	16057
16045	16028
16001	15971
15931	15887
15839	15788
15738	15690
15641	15592
15542	15490
15435	15383
15329	15268
15205	15134
15051	14960
14858	14755
14649	14547
14446	14360
14279	14207
14139	14068
13993	13912
13820	13722
13618	13511
13401	13294
13188	13087
12989	12896
12802	12712
12611	12482
12368	12074
12075	11323
9437	8355
8359	7630
7243	6798
6499	6306
6207	6173
6183	6207
6231	6249
6253	6256
6248	6248
6251	6265
6284	6306
6326	6338
6338	6330
6311	6284
6255	6227
6201	6182
6169	6161
6157	6158
6163	6170
6184	6199
6217	6240
6261	6279
6295	6303
6300	6289
6265	6237
6210	6191
6179	6185
6203	6231
6260	6288
6307	6314
6313	6311
6315	6322
6336	6357
6381	6402
6419	6437
6452	6465
6474	6479
6484	6482
6472	6457
6436	6415
6394	6381
6380	6389
6405	6422
6440	6455
6454	6451
6437	6420
6404	6396
6393	6397
6403	6406
6401	6387
6362	6326
6281	6239
6200	6163
6128	6098
6064	6019
5953	5864
5746	5594
5407	5188
4931	4653
4369	4091
3836	3613
3416	3248
3097	2962
2840	2740
2658	2603
2570	2558
2558	2566
2574	2578
2581	2576
2567	2551
2533	2513
2494	2479
2471	2472
2479	2500
2525	2552
2574	2584
2584	2575
2562	2553
2548	2551
2558	2562
2560	2551
2534	2515
2492	2471
2460	2453
2455	2460
2468	2474
2475	2465
2450	2424
2401	2375
2364	2357
2363	2385
2421	2475
2562	2687
2869	3118
3449	3864
4363	4926
5530	6144
6739	7294
7796	8242
8630	8968
9258	9507
9721	9906
10066	10208
10334	10444
10544	10636
10718	10790
10848	10887
10907	10906
10895	10880
10864	10853
10841	10822
10801	10776
10748	10726
10700	10664
10603	10513
10386	10217
10014	9773
9504	9212
8894	8563
8232	7905
7597	7314
7056	6818
6590	6354
6099	5824
5517	5189
4849	4508
4184	3891
3636	3430
3267	3146
3051	2979
2924	2878
2841	2818
2801	2801
2809	2825
2843	2860
2868	2872
2864	2855
2846	2841
2842	2848
2856	2867
2885	2918
2985	3097
3274	3522
3843	4235
4685	5173
5688	6205
6714	7193
7639	8035
8389	8704
8983	9234
9460	9662
9842	10001
10143	10273
10400	10524
10643	10759
10862	10950
11018	11066
11092	11108
11118	11131
11149	11182
11224	11276
11330	11386
11440	11488
11529	11566
11597	11624
11648	11668
11683	11697
11705	11713
11720	11722
11718	11693
11644	11565
11450	11306
11141	10970
10799	10636
10481	10323
10162	9984
9797	9609
9432	9279
9168	9104
9089	9117
9174	9243
9313	9366
9403	9416
9412	9400
9393	9414
9497	9670
9972	10422
11015	11724
12502	13283
14005	14623
15116	15480
15732	15896
15996	16050
16079	16091
16096	16095
16093	16090
16087	16085
16083	16079
16075	16065
16052	16034
16009	15975
15939	15894
15848	15796
15746	15696
15643	15593
15542	15491
15437	15386
15332	15275
15210	15136
15054	14961
14858	14753
14645	14543
14449	14359
14287	14221
14158	14091
14021	13941
13850	13751
13647	13533
13420	13308
13198	13096
13000	12908
12823	12735
12639	12516
12403	12104
12106	11335
9419	8339
8345	7617
7232	6789
6499	6306
6209	6178
6185	6205
6229	6240
6245	6236
6230	6228
6235	6250
6272	6298
6319	6330
6328	6320
6296	6268
6236	6204
6176	6156
6139	6132
6130	6134
6144	6155
6171	6189
6208	6231
6249	6271
6282	6290
6289	6278
6256	6230
6199	6176
6165	6166
6186	6215
6247	6279
6300	6309
6311	6311
6313	6320
6335	6354
6378	6398
6418	6433
6447	6459
6471	6476
6482	6482
6473	6458
6436	6418
6399	6386
6386	6399
6418	6434
6456	6468
6467	6459
6442	6425
6405	6392
6387	6389
6394	6398
6396	6387
6364	6334
6298	6259
6221	6183
6146	6107
6062	5999
5923	5822
5694	5537
5351	5133
4884	4615
4335	4064
3812	3586
3394	3228
3085	2955
2844	2747
2672	2616
2585	2571
2567	2572
2580	2589
2593	2593
2592	2583
2573	2559
2545	2529
2516	2509
2511	2522
2540	2561
2583	2596
2598	2593
2583	2574
2571	2571
2576	2575
2572	2561
2548	2531
2515	2502
2496	2494
2498	2503
2512	2517
2515	2506
2488	2466
2444	2424
2412	2408
2414	2429
2458	2495
2553	2640
2765	2945
3190	3510
3903	4363
4871	5403
5935	6447
6930	7374
7783	8155
8490	8791
9057	9295
9498	9679
9839	9982
10112	10233
10342	10443
10525	10587
10623	10637
10633	10618
10598	10577
10551	10521
10481	10439
10397	10353
10307	10244
10156	10033
9864	9651
9395	9100
8779	8430
8068	7700
7338	7000
6691	6416
6183	5973
5780	5585
5380	5155
4905	4642
4371	4101
3849	3622
3429	3269
3147	3055
2984	2927
2880	2840
2810	2788
2780	2783
2797	2819
2841	2861
2871	2873
2865	2853
2837	2827
2822	2825
2832	2843
2866	2908
2982	3105
3290	3545
3870	4260
4705	5187
5695	6210
6716	7196
7643	8045
8409	8731
9019	9278
9510	9718
9902	10064
10209	10339
10460	10577
10688	10795
10891	10976
11045	11098
11132	11160
11182	11207
11236	11278
11328	11385
11445	11501
11554	11601
11645	11684
11716	11746
11773	11793
11811	11828
11841	11856
11870	11881
11885	11872
11835	11768
11668	11539
11390	11232
11070	10911
10749	10576
10394	10193
9972	9747
9530	9342
9196	9109
9076	9095
9151	9223
9297	9355
9393	9410
9406	9401
9398	9422
9494	9653
9923	10331
10879	11554
12311	13094
13835	14483
15014	15413
15692	15874
15987	16048
16080	16094
16101	16101
16099	16098
16097	16094
16093	16088
16083	16072
16060	16042
16017	15984
15948	15906
15859	15807
15755	15704
15649	15598
15544	15494
15441	15393
15337	15280
15217	15140
15055	14962
14856	14752
14646	14541
14447	14364
14293	14232
14173	14112
14044	13966
13877	13779
13669	13555
13436	13320
13207	13103
13010	12922
12840	12757
12667	12546
12433	12132
12133	11346
9404	8326
8331	7604
7223	6783
6493	6304
6211	6176
6183	6201
6222	6228
6228	6222
6213	6210
6218	6234
6259	6284
6306	6317
6317	6304
6280	6247
6213	6179
6150	6129
6115	6107
6108	6115
6124	6138
6157	6176
6197	6219
6240	6257
6271	6279
6278	6265
6246	6219
6190	6165
6152	6155
6174	6205
6239	6272
6296	6309
6312	6310
6313	6318
6332	6350
6372	6393
6412	6429
6442	6456
6467	6474
6479	6480
6472	6457
6439	6419
6402	6390
6393	6406
6428	6449
6467	6480
6482	6472
6452	6431
6408	6391
6385	6386
6389	6395
6392	6385
6367	6343
6310	6273
6237	6197
6156	6113
6057	5987
5898	5787
5652	5492
5304	5084
4841	4574
4302	4032
3784	3563
3373	3211
3071	2948
2843	2753
2682	2631
2600	2585
2580	2584
2593	2602
2609	2614
2618	2615
2612	2602
2589	2574
2558	2544
2539	2542
2556	2575
2595	2610
2616	2614
2605	2597
2593	2593
2592	2592
2585	2575
2560	2546
2534	2529
2526	2529
2535	2542
2549	2554
2553	2546
2531	2512
2493	2481
2475	2476
2486	2503
2527	2553
2592	2647
2728	2845
3018	3251
3548	3906
4310	4749
5200	5650
6090	6512
6921	7303
7665	8003
8309	8586
8831	9045
9237	9409
9573	9723
9866	9995
10107	10197
10256	10289
10293	10281
10253	10213
10164	10106
10042	9972
9901	9830
9754	9662
9539	9377
9171	8917
8622	8290
7934	7558
7176	6795
6439	6112
5827	5584
5389	5220
5071	4920
4764	4586
4393	4188
3976	3770
3577	3405
3261	3147
3056	2987
2933	2887
2846	2812
2786	2769
2764	2772
2788	2814
2838	2860
2869	2868
2859	2842
2824	2810
2804	2805
2810	2825
2852	2900
2983	3115
3309	3571
3899	4288
4729	5209
5715	6227
6732	7213
7661	8070
8439	8769
9067	9332
9570	9783
9972	10136
10283	10415
10535	10646
10751	10850
10939	11021
11090	11145
11190	11228
11260	11298
11339	11389
11443	11500
11557	11612
11662	11708
11748	11785
11818	11846
11872	11896
11917	11935
11952	11973
11991	12009
12020	12016
11991	11940
11854	11746
11615	11470
11320	11164
11003	10825
10627	10406
10160	9902
9651	9426
9248	9128
9077	9079
9128	9197
9271	9334
9376	9397
9403	9402
9406	9435
9504	9645
9880	10246
10750	11386
12120	12895
13652	14331
14900	15336
15646	15851
15974	16044
16081	16095
16102	16103
16103	16101
16100	16099
16097	16094
16088	16079
16067	16047
16023	15993
15957	15915
15869	15818
15766	15712
15657	15603
15550	15497
15448	15397
15346	15286
15222	15145
15058	14962
14857	14750
14644	14541
14447	14365
14297	14239
14186	14127
14064	13988
13900	13800
13690	13572
13452	13333
13219	13116
13020	12937
12855	12779
12690	12572
12461	12155
12156	11355
9389	8309
8316	7592
7210	6775
6487	6297
6203	6171
6175	6193
6210	6214
6212	6202
6190	6188
6195	6213
6239	6264
6285	6297
6298	6283
6261	6227
6192	6156
6125	6103
6089	6083
6086	6094
6105	6124
6144	6165
6187	6206
6230	6246
6259	6268
6267	6257
6238	6211
6184	6155
6144	6146
6165	6198
6235	6268
6293	6306
6310	6309
6309	6314
6328	6345
6365	6385
6403	6419
6434	6445
6459	6464
6470	6471
6467	6453
6439	6417
6403	6395
6403	6417
6440	6462
6483	6494
6495	6484
6465	6440
6415	6396
6385	6384
6388	6393
6391	6385
6371	6349
6317	6283
6247	6207
6163	6117
6057	5978
5885	5765
5626	5461
5272	5055
4812	4548
4277	4014
3766	3548
3361	3202
3064	2947
2845	2760
2692	2646
2613	2603
2597	2600
2609	2618
2628	2634
2643	2646
2646	2638
2629	2612
2595	2578
2566	2566
2573	2591
2612	2628
2635	2637
2630	2622
2617	2614
2613	2609
2602	2590
2577	2564
2552	2549
2550	2556
2563	2573
2581	2587
2587	2582
2572	2559
2550	2547
2549	2561
2578	2598
2621	2646
2671	2702
2751	2825
2935	3091
3303	3566
3874	4217
4582	4958
5337	5717
6094	6466
6829	7177
7506	7806
8077	8320
8535	8733
8924	9105
9278	9443
9588	9708
9797	9850
9871	9858
9817	9755
9676	9585
9482	9374
9265	9157
9047	8918
8762	8569
8328	8051
7733	7386
7023	6651
6280	5922
5596	5306
5064	4868
4713	4590
4484	4379
4266	4138
3991	3834
3674	3518
3375	3247
3142	3057
2992	2941
2899	2861
2826	2797
2773	2758
2755	2766
2784	2810
2836	2857
2864	2859
2846	2830
2809	2794
2788	2793
2800	2816
2844	2898
2985	3125
3322	3588
3917	4307
4748	5229
5733	6247
6753	7239
7690	8103
8481	8818
9122	9397
9639	9856
10047	10217
10368	10500
10622	10728
10830	10923
11006	11086
11152	11213
11264	11312
11356	11402
11452	11503
11559	11615
11668	11716
11761	11798
11834	11866
11896	11925
11949	11971
11992	12013
12035	12057
12080	12102
12116	12120
12104	12064
11998	11908
11798	11672
11533	11388
11228	11051
10845	10612
10348	10070
9788	9533
9318	9168
9085	9068
9096	9162
9232	9298
9347	9377
9396	9408
9424	9457
9522	9645
9852	10176
10629	11224
11924	12693
13460	14171
14774	15250
15592	15821
15961	16040
16079	16096
16105	16106
16104	16105
16104	16104
16101	16100
16094	16087
16073	16057
16032	16003
15968	15926
15880	15831
15779	15723
15666	15611
15557	15504
15456	15403
15353	15292
15226	15149
15061	14964
14859	14750
14644	14541
14449	14370
14301	14247
14192	14139
14077	14004
13916	13817
13707	13587
13466	13346
13231	13126
13032	12947
12869	12792
12707	12590
12482	12171
12174	11358
9375	8298
8302	7580
7200	6764
6476	6287
6194	6163
6167	6183
6196	6202
6194	6184
6173	6166
6175	6191
6215	6242
6263	6275
6273	6259
6235	6202
6166	6131
6100	6079
6064	6064
6067	6076
6093	6110
6130	6151
6175	6195
6217	6234
6249	6258
6260	6249
6230	6205
6176	6151
6138	6141
6159	6192
6230	6265
6291	6305
6306	6306
6304	6310
6320	6338
6356	6377
6394	6411
6423	6437
6448	6457
6462	6462
6459	6449
6435	6418
6406	6402
6407	6425
6451	6474
6493	6507
6506	6493
6475	6450
6422	6403
6392	6390
6392	6395
6394	6388
6372	6351
6323	6288
6253	6213
6168	6119
6056	5974
5874	5754
5612	5444
5252	5031
4792	4529
4261	3998
3758	3542
3360	3202
3069	2953
2852	2768
2702	2658
2634	2619
2617	2622
2628	2639
2651	2659
2669	2673
2675	2672
2664	2648
2627	2608
2595	2592
2598	2613
2631	2650
2659	2659
2654	2646
2641	2637
2637	2628
2618	2605
2591	2577
2572	2569
2570	2578
2587	2596
2605	2610
2615	2612
2610	2609
2611	2617
2632	2654
2684	2712
2740	2761
2780	2797
2822	2854
2921	3015
3158	3341
3565	3821
4103	4399
4706	5024
5348	5679
6014	6353
6677	6987
7266	7517
7748	7962
8172	8381
8586	8781
8963	9117
9236	9315
9352	9342
9293	9209
9095	8960
8812	8659
8507	8358
8205	8042
7857	7635
7382	7094
6784	6450
6113	5775
5443	5138
4861	4626
4435	4288
4180	4099
4035	3968
3894	3805
3698	3578
3459	3340
3232	3137
3060	2996
2947	2911
2878	2846
2815	2788
2764	2750
2748	2761
2781	2807
2832	2849
2855	2848
2833	2817
2795	2784
2780	2786
2798	2820
2853	2907
2997	3133
3335	3595
3925	4315
4757	5240
5744	6259
6768	7257
7716	8137
8520	8870
9182	9460
9709	9929
10123	10298
10452	10590
10714	10823
10921	11008
11091	11168
11237	11299
11355	11410
11462	11515
11567	11622
11675	11727
11774	11814
11850	11880
11906	11932
11956	11979
12000	12024
12044	12066
12088	12113
12138	12163
12180	12189
12181	12151
12100	12029
11938	11829
11708	11571
11419	11243
11039	10802
10533	10236
9936	9651
9409	9223
9108	9060
9069	9117
9183	9250
9311	9354
9387	9417
9444	9485
9545	9653
9830	10111
10520	11065
11735	12490
13266	14002
14641	15155
15533	15786
15943	16033
16078	16100
16105	16108
16105	16106
16105	16105
16103	16101
16097	16091
16077	16063
16039	16012
15977	15939
15894	15843
15787	15732
15677	15621
15569	15514
15466	15413
15359	15299
15232	15153
15065	14966
14860	14749
14644	14540
14449	14370
14304	14247
14199	14144
14086	14015
13930	13832
13719	13602
13481	13356
13243	13137
13045	12963
12886	12809
12724	12605
12498	12183
12183	11360
9364	8284
8290	7567
7185	6751
6463	6276
6184	6153
6155	6172
6183	6186
6176	6163
6149	6143
6148	6164
6190	6215
6236	6250
6249	6235
6210	6177
6139	6106
6077	6058
6046	6046
6050	6063
6078	6096
6117	6138
6161	6182
6204	6222
6239	6247
6249	6241
6223	6200
6172	6148
6136	6139
6157	6191
6229	6265
6289	6304
6306	6304
6301	6306
6313	6328
6347	6366
6383	6400
6414	6426
6437	6447
6454	6455
6449	6443
6430	6415
6405	6407
6416	6436
6460	6486
6506	6520
6521	6506
6485	6459
6432	6409
6400	6393
6395	6397
6399	6390
6376	6352
6326	6293
6258	6216
6173	6121
6057	5976
5873	5752
5605	5435
5239	5020
4777	4515
4250	3994
3756	3545
3367	3210
3078	2959
2861	2779
2716	2674
2651	2640
2637	2644
2654	2663
2675	2686
2694	2700
2705	2703
2694	2680
2659	2638
2623	2616
2621	2636
2655	2673
2683	2685
2680	2672
2666	2663
2657	2650
2636	2624
2608	2595
2588	2584
2587	2595
2604	2614
2623	2631
2637	2644
2648	2656
2669	2687
2717	2751
2790	2828
2862	2886
2900	2905
2911	2922
2950	3003
3093	3213
3373	3559
3766	3990
4221	4461
4720	4987
5274	5571
5869	6159
6430	6674
6906	7127
7347	7573
7802	8028
8239	8429
8581	8688
8744	8741
8682	8577
8430	8253
8060	7862
7668	7474
7288	7092
6883	6654
6403	6127
5843	5552
5264	4985
4725	4479
4267	4091
3953	3852
3788	3741
3707	3674
3626	3566
3489	3402
3308	3218
3136	3063
3002	2956
2920	2891
2864	2836
2809	2781
2758	2747
2748	2758
2780	2806
2830	2845
2850	2842
2826	2807
2791	2783
2785	2799
2816	2839
2873	2927
3014	3149
3341	3600
3926	4314
4754	5236
5743	6258
6768	7263
7724	8156
8554	8910
9235	9524
9776	9999
10198	10375
10535	10680
10805	10918
11020	11109
11190	11264
11336	11400
11461	11518
11571	11625
11677	11730
11780	11824
11863	11895
11921	11943
11961	11978
11995	12015
12032	12050
12071	12093
12119	12144
12169	12194
12213	12224
12221	12202
12166	12109
12036	11944
11838	11712
11572	11399
11199	10965
10696	10398
10085	9784
9512	9293
9143	9059
9040	9065
9122	9191
9260	9321
9375	9421
9466	9510
9570	9662
9815	10057
10418	10919
11552	12292
13072	13832
14507	15058
15466	15747
15922	16024
16073	16098
16105	16108
16108	16107
16107	16107
16106	16104
16100	16093
16081	16068
16049	16020
15990	15949
15907	15857
15802	15748
15690	15634
15581	15527
15477	15423
15369	15309
15239	15158
15067	14968
14861	14751
14643	14541
14449	14372
14305	14251
14202	14149
14092	14023
13938	13841
13732	13612
13492	13371
13256	13151
13057	12975
12901	12823
12740	12619
12510	12192
12189	11361
9351	8270
8276	7553
7174	6738
6451	6265
6169	6140
6143	6158
6168	6169
6158	6143
6127	6119
6125	6140
6164	6189
6211	6220
6221	6208
6180	6149
6113	6080
6053	6035
6027	6025
6035	6047
6065	6083
6104	6124
6147	6169
6192	6208
6227	6238
6240	6233
6218	6195
6168	6146
6134	6138
6156	6190
6229	6265
6289	6302
6303	6300
6297	6296
6305	6318
6336	6354
6372	6388
6404	6415
6428	6433
6441	6444
6442	6434
6425	6414
6407	6409
6422	6443
6470	6496
6517	6529
6530	6517
6495	6469
6441	6419
6404	6399
6398	6400
6399	6391
6377	6354
6327	6296
6259	6218
6175	6123
6060	5979
5878	5753
5604	5432
5235	5010
4766	4504
4242	3988
3759	3553
3376	3223
3087	2968
2870	2788
2730	2690
2668	2661
2660	2667
2675	2686
2699	2709
2720	2727
2730	2730
2721	2704
2685	2664
2646	2639
2643	2660
2678	2695
2706	2707
2703	2696
2689	2683
2679	2668
2656	2641
2625	2612
2605	2604
2605	2612
2623	2633
2643	2652
2663	2671
2682	2696
2722	2753
2794	2842
2892	2937
2976	3003
3017	3014
3008	3001
3007	3030
3081	3164
3275	3408
3558	3714
3874	4039
4215	4408
4627	4863
5118	5368
5613	5841
6056	6269
6486	6718
6960	7208
7446	7666
7851	7986
8058	8063
8001	7877
7701	7490
7262	7023
6789	6566
6353	6140
5925	5698
5461	5219
4981	4751
4531	4325
4137	3966
3818	3698
3606	3542
3508	3489
3479	3465
3443	3399
3342	3274
3200	3128
3062	3006
2960	2924
2897	2874
2855	2830
2803	2778
2757	2746
2748	2760
2779	2805
2828	2842
2844	2837
2823	2807
2794	2794
2805	2825
2847	2873
2911	2962
3045	3175
3361	3615
3933	4316
4751	5231
5733	6248
6757	7251
7716	8156
8563	8934
9271	9566
9829	10058
10262	10446
10612	10763
10896	11018
11123	11216
11303	11378
11449	11514
11574	11630
11682	11733
11781	11829
11870	11909
11938	11962
11978	11993
12002	12013
12022	12032
12046	12061
12079	12101
12126	12156
12184	12208
12229	12242
12242	12230
12204	12163
12101	12027
11929	11816
11678	11516
11323	11097
10832	10542
10230	9915
9624	9379
9189	9073
9019	9020
9062	9129
9205	9280
9354	9419
9478	9532
9592	9673
9802	10011
10329	10786
11383	12101
12885	13663
14368	14955
15397	15704
15900	16011
16069	16095
16104	16108
16108	16108
16107	16107
16106	16104
16101	16096
16087	16074
16056	16029
15999	15959
15917	15869
15816	15762
15706	15648
15596	15539
15490	15436
15379	15316
15245	15163
15071	14971
14862	14753
14644	14541
14449	14373
14305	14252
14204	14154
14097	14030
13946	13850
13742	13625
13504	13383
13267	13163
13070	12989
12913	12836
12750	12632
12517	12195
12193	11355
9336	8260
8263	7541
7160	6726
6438	6252
6158	6126
6129	6143
6155	6154
6140	6124
6107	6097
6099	6114
6137	6160
6182	6192
6191	6179
6155	6123
6090	6057
6032	6017
6010	6010
6019	6034
6052	6071
6092	6114
6136	6158
6178	6199
6215	6227
6232	6223
6212	6190
6166	6144
6132	6137
6158	6191
6232	6264
6290	6301
6300	6295
6290	6290
6293	6307
6325	6343
6361	6377
6392	6403
6413	6423
6428	6431
6431	6425
6417	6408
6406	6411
6426	6449
6478	6506
6529	6541
6541	6529
6507	6480
6452	6428
6413	6406
6403	6407
6404	6395
6379	6359
6328	6296
6259	6221
6177	6127
6063	5982
5879	5754
5604	5427
5227	4998
4751	4490
4231	3982
3754	3554
3381	3229
3094	2975
2877	2799
2742	2706
2688	2683
2683	2691
2702	2713
2722	2733
2742	2750
2755	2754
2746	2730
2711	2690
2673	2663
2668	2681
2702	2718
2727	2728
2724	2718
2711	2706
2700	2692
2679	2661
2644	2631
2621	2621
2626	2629
2638	2649
2661	2670
2681	2693
2710	2732
2763	2804
2857	2910
2972	3025
3071	3100
3111	3106
3091	3073
3062	3068
3099	3158
3243	3340
3449	3551
3649	3743
3839	3952
4090	4260
4455	4660
4861	5055
5244	5438
5646	5871
6114	6369
6625	6867
7075	7231
7322	7336
7273	7135
6943	6711
6455	6193
5940	5700
5475	5259
5048	4839
4636	4438
4254	4093
3946	3815
3696	3591
3499	3422
3367	3335
3317	3319
3319	3320
3307	3279
3235	3182
3121	3062
3005	2960
2922	2895
2875	2858
2844	2821
2798	2774
2755	2746
2749	2759
2781	2806
2829	2842
2847	2841
2830	2818
2814	2821
2839	2865
2896	2929
2967	3021
3102	3224
3407	3651
3964	4339
4768	5237
5730	6236
6736	7225
7688	8131
8545	8927
9278	9587
9860	10097
10310	10502
10676	10835
10982	11111
11228	11325
11416	11494
11567	11632
11691	11740
11788	11831
11870	11907
11943	11971
11994	12012
12023	12029
12033	12035
12037	12042
12047	12056
12073	12095
12122	12152
12184	12212
12232	12245
12248	12240
12219	12187
12138	12075
11988	11881
11751	11597
11411	11197
10947	10664
10360	10045
9743	9475
9252	9099
9010	8983
9005	9065
9145	9236
9326	9408
9481	9546
9607	9683
9793	9970
10250	10666
11232	11927
12708	13499
14233	14849
15326	15660
15873	15997
16062	16092
16103	16108
16107	16108
16107	16107
16106	16106
16103	16099
16092	16079
16064	16038
16010	15974
15932	15885
15831	15776
15721	15663
15609	15552
15499	15446
15387	15324
15250	15166
15075	14972
14864	14753
14645	14541
14449	14373
14306	14254
14206	14157
14100	14035
13954	13859
13751	13636
13514	13396
13279	13176
13083	13000
12926	12848
12761	12641
12525	12200
12194	11353
9324	8245
8251	7530
7148	6713
6427	6240
6148	6113
6117	6131
6139	6138
6124	6104
6087	6076
6075	6089
6110	6134
6152	6165
6166	6153
6129	6099
6065	6037
6012	5999
5991	5998
6007	6025
6039	6060
6080	6103
6125	6146
6167	6187
6204	6217
6220	6215
6203	6184
6161	6140
6133	6139
6160	6195
6232	6267
6290	6301
6299	6290
6282	6281
6285	6296
6313	6331
6349	6365
6379	6391
6401	6412
6419	6420
6421	6419
6412	6408
6408	6415
6431	6454
6483	6513
6537	6547
6549	6536
6515	6488
6461	6438
6425	6416
6413	6413
6410	6402
6386	6362
6332	6299
6261	6220
6176	6126
6063	5980
5877	5752
5602	5421
5216	4982
4734	4471
4215	3968
3745	3546
3374	3223
3090	2972
2877	2804
2752	2720
2707	2704
2708	2715
2724	2736
2746	2754
2763	2770
2775	2772
2765	2749
2731	2708
2692	2682
2686	2699
2720	2735
2744	2745
2742	2735
2730	2724
2720	2710
2697	2682
2665	2653
2644	2643
2646	2649
2659	2668
2677	2686
2698	2712
2732	2757
2791	2838
2893	2958
3023	3083
3133	3167
3176	3170
3150	3123
3104	3103
3125	3176
3245	3327
3405	3469
3512	3541
3566	3602
3669	3769
3901	4052
4209	4366
4523	4689
4870	5076
5309	5560
5819	6071
6290	6465
6565	6588
6524	6388
6186	5949
5684	5421
5161	4925
4703	4500
4308	4128
3960	3816
3690	3589
3508	3442
3384	3332
3282	3241
3207	3190
3189	3195
3206	3212
3210	3189
3150	3106
3054	3002
2954	2915
2886	2866
2851	2841
2830	2812
2793	2773
2759	2748
2751	2764
2784	2808
2831	2849
2854	2853
2848	2842
2846	2860
2887	2921
2959	3001
3045	3100
3181	3306
3485	3726
4030	4396
4814	5267
5745	6234
6716	7186
7640	8075
8491	8885
9247	9572
9861	10114
10336	10539
10726	10897
11056	11195
11319	11429
11527	11610
11683	11747
11801	11846
11884	11916
11946	11975
11999	12020
12035	12046
12049	12054
12052	12048
12043	12040
12040	12044
12057	12079
12109	12146
12179	12207
12229	12241
12243	12237
12222	12195
12156	12098
12019	11918
11793	11644
11470	11265
11031	10764
10472	10166
9861	9575
9333	9147
9021	8961
8963	9011
9089	9186
9288	9383
9470	9546
9611	9682
9780	9934
10182	10563
11095	11772
12547	13348
14102	14752
15257	15615
15848	15984
16055	16089
16103	16107
16107	16108
16108	16107
16107	16106
16104	16100
16094	16082
16069	16049
16019	15983
15944	15897
15844	15791
15736	15678
15625	15569
15514	15458
15397	15331
15255	15171
15079	14976
14868	14757
14650	14546
14453	14377
14311	14257
14209	14158
14104	14038
13960	13864
13759	13644
13524	13404
13290	13186
13094	13014
12939	12859
12772	12649
12529	12203
12195	11348
9311	8235
8239	7518
7138	6705
6418	6231
6137	6105
6107	6121
6129	6126
6109	6087
6067	6055
6054	6064
6083	6107
6126	6137
6137	6123
6103	6075
6046	6018
5997	5984
5982	5988
5999	6015
6034	6053
6074	6096
6117	6141
6160	6177
6194	6205
6211	6206
6195	6176
6156	6141
6134	6142
6165	6202
6238	6270
6289	6299
6294	6282
6273	6269
6272	6282
6300	6320
6335	6352
6367	6378
6389	6398
6405	6409
6409	6408
6405	6402
6405	6415
6431	6456
6489	6515
6539	6553
6552	6543
6523	6497
6471	6448
6434	6427
6422	6422
6420	6411
6391	6365
6336	6300
6263	6222
6177	6125
6060	5979
5874	5744
5591	5406
5197	4961
4709	4448
4190	3943
3722	3526
3355	3205
3075	2965
2875	2804
2760	2735
2727	2727
2729	2738
2749	2758
2765	2774
2780	2786
2788	2786
2778	2764
2746	2724
2706	2697
2700	2714
2732	2749
2759	2760
2756	2750
2745	2741
2736	2731
2718	2705
2690	2678
2670	2666
2669	2673
2680	2688
2697	2707
2719	2731
2748	2772
2806	2855
2912	2979
3047	3110
3161	3190
3204	3198
3175	3147
3127	3124
3147	3191
3258	3329
3390	3423
3427	3404
3369	3344
3344	3386
3462	3564
3675	3798
3921	4056
4208	4389
4600	4832
5081	5325
5546	5722
5827	5857
5797	5666
5472	5242
4989	4738
4498	4278
4079	3901
3737	3593
3463	3362
3285	3233
3205	3188
3175	3158
3136	3112
3097	3086
3087	3100
3114	3125
3126	3109
3079	3040
2994	2945
2906	2872
2848	2833
2825	2820
2814	2802
2789	2774
2761	2755
2757	2769
2792	2816
2839	2858
2872	2875
2874	2878
2889	2914
2948	2992
3037	3085
3135	3203
3290	3419
3599	3838
4137	4491
4891	5328
5783	6246
6701	7145
7578	8001
8413	8807
9182	9524
9829	10099
10339	10557
10754	10940
11108	11261
11397	11517
11620	11711
11788	11849
11897	11937
11965	11988
12007	12025
12039	12053
12061	12066
12065	12065
12056	12046
12038	12026
12024	12025
12039	12063
12098	12136
12175	12206
12226	12233
12234	12224
12209	12186
12151	12099
12025	11927
11807	11663
11500	11308
11089	10844
10569	10274
9974	9682
9420	9206
9050	8962
8937	8967
9036	9134
9240	9348
9444	9530
9602	9674
9764	9902
10124	10476
10980	11635
12399	13210
13985	14658
15190	15572
15823	15970
16050	16085
16103	16107
16108	16108
16108	16107
16107	16106
16104	16101
16096	16086
16074	16055
16028	15997
15955	15913
15861	15809
15754	15695
15639	15582
15527	15469
15406	15338
15264	15177
15084	14978
14872	14761
14656	14550
14461	14381
14314	14260
14209	14158
14105	14040
13960	13868
13760	13649
13527	13412
13297	13197
13105	13024
12949	12870
12779	12655
12534	12205
12196	11343
9299	8222
8227	7506
7127	6693
6408	6220
6128	6094
6096	6109
6120	6117
6099	6076
6052	6036
6033	6041
6058	6080
6099	6110
6113	6100
6081	6055
6027	6003
5987	5976
5976	5984
5996	6010
6028	6049
6070	6092
6112	6133
6152	6169
6184	6195
6199	6194
6183	6166
6151	6138
6137	6149
6177	6210
6248	6276
6291	6296
6287	6272
6261	6253
6258	6270
6288	6305
6324	6339
6355	6367
6378	6385
6393	6398
6399	6398
6399	6397
6403	6412
6431	6458
6487	6515
6537	6551
6550	6541
6525	6503
6478	6457
6446	6439
6439	6436
6433	6421
6400	6375
6344	6306
6267	6224
6175	6123
6055	5972
5864	5732
5574	5385
5172	4934
4678	4415
4158	3914
3692	3497
3326	3179
3052	2948
2864	2806
2769	2749
2744	2746
2752	2760
2769	2775
2781	2786
2791	2795
2795	2793
2783	2770
2750	2730
2712	2705
2706	2719
2737	2754
2763	2766
2762	2759
2756	2756
2755	2752
2745	2735
2723	2711
2703	2699
2698	2702
2707	2714
2721	2729
2738	2746
2760	2781
2812	2858
2913	2978
3042	3104
3154	3186
3200	3193
3172	3149
3129	3129
3153	3198
3264	3330
3377	3388
3362	3299
3223	3148
3104	3099
3132	3194
3275	3362
3454	3558
3681	3828
4007	4213
4437	4665
4870	5038
5143	5175
5125	5007
4830	4617
4392	4172
3963	3777
3610	3463
3336	3223
3127	3059
3020	3003
3008	3023
3035	3039
3035	3022
3013	3005
3007	3017
3033	3047
3048	3039
3013	2978
2938	2897
2860	2829
2809	2800
2797	2795
2797	2793
2784	2775
2766	2764
2769	2782
2804	2829
2854	2875
2891	2904
2915	2927
2947	2981
3024	3073
3129	3184
3251	3324
3425	3563
3749	3986
4280	4624
5006	5420
5847	6273
6694	7107
7511	7911
8310	8704
9085	9441
9765	10055
10317	10551
10765	10960
11139	11304
11449	11580
11695	11791
11871	11931
11979	12011
12033	12047
12057	12066
12074	12079
12082	12080
12076	12066
12054	12038
12023	12012
12006	12009
12025	12053
12092	12135
12177	12208
12224	12230
12221	12206
12190	12164
12131	12079
12011	11918
11800	11660
11506	11325
11126	10896
10643	10366
10074	9786
9515	9281
9100	8979
8928	8934
8988	9079
9186	9298
9402	9496
9576	9653
9740	9864
10072	10400
10882	11517
12276	13090
13879	14574
15132	15537
15798	15958
16043	16083
16100	16107
16108	16107
16108	16107
16107	16107
16104	16102
16097	16088
16077	16059
16037	16005
15970	15925
15880	15825
15772	15714
15657	15600
15543	15481
15414	15347
15269	15185
15088	14987
14879	14772
14663	14562
14467	14388
14319	14262
14213	14161
14106	14037
13959	13866
13763	13648
13531	13418
13305	13204
13117	13037
12960	12879
12789	12661
12537	12206
12195	11340
9292	8214
8221	7498
7118	6684
6401	6214
6120	6087
6090	6102
6111	6105
6088	6064
6037	6021
6014	6021
6035	6054
6071	6082
6085	6076
6060	6038
6013	5996
5979	5973
5975	5984
5995	6011
6030	6051
6069	6089
6109	6128
6146	6162
6176	6184
6187	6183
6170	6156
6143	6135
6138	6156
6187	6224
6258	6285
6298	6294
6277	6258
6243	6234
6240	6255
6272	6292
6313	6330
6343	6355
6363	6375
6379	6383
6388	6388
6388	6390
6396	6408
6429	6453
6480	6508
6530	6542
6544	6540
6522	6504
6484	6466
6457	6455
6453	6452
6446	6436
6415	6387
6352	6313
6272	6228
6177	6119
6051	5965
5854	5719
5554	5363
5146	4906
4650	4385
4123	3878
3654	3461
3289	3146
3027	2930
2855	2805
2777	2766
2765	2770
2778	2784
2789	2793
2795	2796
2797	2798
2796	2790
2780	2766
2746	2728
2713	2704
2706	2719
2735	2752
2760	2766
2766	2765
2766	2768
2771	2774
2773	2768
2760	2754
2746	2741
2738	2739
2742	2747
2752	2757
2763	2767
2776	2790
2815	2850
2901	2957
3019	3074
3123	3153
3168	3162
3146	3127
3115	3121
3148	3196
3258	3316
3348	3345
3292	3205
3100	2998
2927	2892
2899	2934
2990	3053
3122	3198
3292	3407
3554	3722
3911	4109
4292	4443
4537	4571
4532	4430
4280	4101
3909	3727
3556	3408
3280	3171
3074	2991
2925	2879
2859	2863
2886	2913
2937	2953
2957	2949
2938	2930
2931	2944
2956	2973
2979	2973
2953	2925
2887	2850
2816	2791
2774	2768
2767	2774
2779	2782
2781	2779
2776	2778
2786	2804
2823	2848
2872	2897
2917	2939
2961	2984
3014	3056
3108	3166
3230	3297
3374	3466
3581	3732
3922	4162
4451	4783
5147	5533
5926	6320
6703	7078
7446	7821
8200	8586
8970	9337
9680	9990
10270	10520
10750	10957
11147	11319
11476	11616
11738	11841
11927	11991
12037	12067
12086	12095
12101	12103
12105	12104
12099	12090
12078	12061
12044	12025
12006	11994
11987	11994
12015	12049
12093	12140
12183	12214
12226	12220
12204	12181
12157	12128
12097	12049
11982	11892
11780	11649
11497	11331
11145	10934
10698	10437
10160	9878
9604	9357
9155	9009
8930	8909
8948	9026
9129	9241
9351	9450
9536	9616
9703	9826
10022	10332
10798	11419
12170	12986
13790	14506
15083	15503
15781	15949
16039	16082
16098	16107
16107	16107
16108	16107
16107	16106
16104	16101
16097	16089
16077	16063
16042	16016
15980	15941
15897	15845
15792	15736
15675	15617
15557	15492
15426	15355
15279	15190
15097	14996
14891	14783
14676	14573
14480	14398
14328	14267
14213	14157
14098	14031
13951	13860
13756	13646
13529	13418
13310	13212
13126	13046
12970	12886
12794	12662
12536	12202
12191	11331
9278	8203
8209	7488
7110	6676
6393	6207
6114	6081
6083	6095
6103	6097
6081	6055
6026	6007
5996	5999
6010	6027
6043	6052
6054	6051
6039	6021
6003	5986
5978	5974
5978	5990
6001	6019
6037	6055
6071	6091
6109	6129
6143	6157
6165	6171
6171	6166
6157	6144
6134	6134
6143	6168
6202	6242
6273	6297
6302	6289
6264	6242
6221	6214
6221	6237
6258	6280
6299	6317
6331	6343
6351	6359
6366	6369
6372	6375
6376	6380
6388	6402
6420	6445
6470	6496
6515	6530
6532	6530
6516	6502
6487	6476
6468	6469
6470	6470
6465	6451
6427	6398
6363	6321
6279	6232
6181	6120
6047	5959
5845	5704
5539	5343
5120	4874
4613	4346
4086	3839
3616	3424
3258	3118
3002	2911
2849	2806
2785	2780
2784	2791
2798	2802
2805	2804
2803	2802
2799	2794
2790	2782
2770	2756
2736	2718
2703	2695
2699	2710
2727	2744
2755	2764
2767	2769
2774	2781
2790	2799
2807	2808
2809	2806
2802	2797
2791	2788
2786	2789
2792	2793
2792	2794
2794	2803
2820	2848
2886	2932
2983	3033
3074	3102
3116	3117
3110	3099
3095	3105
3136	3180
3237	3280
3296	3277
3209	3108
2989	2879
2791	2747
2742	2767
2808	2855
2904	2963
3025	3114
3221	3356
3507	3665
3818	3946
4027	4058
4028	3949
3828	3683
3533	3391
3264	3154
3064	2987
2920	2858
2809	2779
2770	2777
2805	2839
2868	2887
2892	2885
2874	2865
2866	2876
2891	2907
2919	2918
2903	2879
2850	2817
2786	2762
2746	2742
2745	2756
2766	2776
2783	2788
2793	2802
2814	2829
2851	2871
2898	2925
2951	2978
3007	3042
3085	3137
3194	3261
3337	3424
3513	3620
3751	3911
4108	4350
4628	4950
5294	5657
6018	6376
6722	7058
7394	7740
8099	8471
8852	9226
9580	9908
10204	10472
10713	10931
11130	11311
11474	11621
11751	11861
11954	12023
12070	12102
12120	12131
12133	12133
12131	12128
12118	12102
12083	12059
12033	12012
11992	11979
11977	11988
12015	12055
12103	12156
12198	12225
12228	12213
12186	12155
12121	12091
12054	12006
11944	11856
11749	11624
11481	11325
11148	10954
10737	10492
10230	9957
9683	9430
9213	9047
8941	8898
8914	8975
9070	9179
9289	9393
9483	9569
9661	9779
9966	10271
10722	11334
12078	12900
13715	14445
15039	15476
15765	15940
16036	16079
16099	16107
16107	16107
16107	16107
16107	16106
16102	16101
16095	16088
16079	16066
16046	16022
15993	15957
15916	15869
15814	15759
15699	15634
15571	15504
15436	15362
15283	15199
15107	15008
14904	14797
14694	14589
14495	14412
14338	14272
14215	14156
14095	14023
13944	13849
13746	13636
13524	13413
13312	13218
13135	13056
12979	12893
12795	12660
12534	12197
12185	11324
9273	8197
8204	7483
7102	6670
6386	6200
6107	6076
6077	6091
6097	6093
6074	6045
6018	5997
5982	5981
5991	6003
6017	6026
6030	6027
6020	6006
5996	5983
5981	5980
5986	5997
6012	6029
6046	6062
6079	6095
6114	6129
6142	6153
6159	6160
6159	6150
6139	6129
6126	6128
6149	6179
6219	6259
6293	6307
6306	6284
6256	6221
6199	6191
6198	6217
6241	6266
6288	6306
6318	6327
6337	6344
6349	6353
6357	6361
6363	6368
6377	6389
6408	6429
6454	6475
6496	6509
6513	6510
6505	6493
6486	6479
6477	6478
6483	6482
6478	6466
6440	6410
6373	6329
6285	6237
6186	6124
6049	5958
5844	5702
5531	5328
5099	4845
4581	4309
4048	3803
3583	3391
3229	3093
2985	2901
2843	2807
2794	2795
2805	2812
2820	2824
2823	2820
2812	2807
2799	2793
2782	2772
2759	2742
2724	2706
2692	2687
2691	2703
2718	2736
2750	2760
2766	2774
2785	2799
2816	2832
2847	2861
2865	2867
2865	2857
2850	2844
2840	2837
2836	2834
2830	2826
2821	2820
2830	2846
2871	2907
2945	2983
3019	3044
3060	3070
3071	3073
3078	3093
3125	3163
3202	3229
3230	3192
3116	3006
2887	2776
2692	2650
2643	2666
2703	2746
2786	2824
2870	2927
3003	3097
3212	3331
3449	3546
3615	3639
3621	3563
3473	3363
3254	3151
3062	2991
2932	2882
2834	2787
2754	2726
2721	2731
2755	2785
2814	2834
2839	2831
2819	2808
2808	2818
2835	2856
2870	2876
2870	2850
2825	2795
2766	2743
2730	2726
2732	2741
2760	2776
2790	2806
2818	2833
2848	2865
2884	2904
2925	2951
2981	3016
3056	3104
3156	3218
3286	3366
3456	3549
3660	3780
3923	4089
4292	4532
4806	5110
5439	5775
6113	6437
6753	7054
7362	7677
8016	8372
8745	9119
9481	9820
10128	10408
10661	10888
11092	11280
11447	11601
11736	11850
11946	12022
12076	12111
12136	12150
12159	12162
12162	12155
12142	12119
12093	12062
12032	12006
11985	11975
11975	11993
12024	12070
12122	12176
12218	12239
12235	12212
12174	12130
12089	12051
12013	11964
11902	11819
11717	11597
11462	11312
11150	10965
10760	10532
10282	10018
9748	9493
9264	9080
8953	8892
8887	8934
9015	9117
9224	9325
9423	9512
9605	9725
9912	10210
10653	11258
12003	12830
13652	14397
15005	15453
15753	15933
16029	16079
16099	16106
16108	16107
16107	16107
16106	16105
16101	16097
16092	16085
16077	16064
16048	16030
16006	15975
15936	15892
15839	15780
15720	15652
15585	15516
15444	15371
15291	15206
15117	15022
14921	14816
14711	14608
14513	14427
14346	14277
14215	14154
14087	14012
13931	13836
13732	13625
13516	13410
13310	13222
13141	13065
12986	12897
12797	12657
12524	12186
12173	11315
9263	8188
8194	7473
7095	6664
6379	6193
6100	6068
6071	6084
6090	6086
6068	6038
6008	5986
5970	5965
5969	5980
5992	6001
6007	6007
6003	5997
5991	5986
5982	5986
5997	6008
6025	6037
6053	6071
6087	6102
6117	6131
6141	6150
6151	6152
6145	6138
6123	6118
6116	6130
6152	6191
6234	6277
6306	6321
6310	6279
6241	6202
6175	6168
6177	6197
6225	6251
6274	6293
6306	6313
6323	6326
6334	6335
6340	6345
6349	6355
6364	6377
6393	6412
6435	6456
6471	6484
6489	6492
6488	6486
6480	6480
6483	6488
6493	6495
6488	6475
6450	6420
6380	6340
6293	6244
6191	6133
6057	5967
5849	5705
5526	5318
5080	4819
4548	4274
4009	3768
3551	3365
3205	3075
2971	2893
2839	2811
2803	2811
2824	2835
2842	2842
2841	2833
2821	2811
2799	2788
2777	2763
2747	2731
2711	2693
2683	2678
2684	2697
2714	2733
2750	2762
2772	2789
2806	2826
2851	2877
2900	2917
2931	2935
2932	2924
2917	2908
2899	2893
2887	2881
2872	2863
2853	2846
2846	2851
2864	2885
2912	2940
2967	2992
3014	3029
3041	3055
3071	3091
3118	3145
3167	3170
3151	3098
3012	2907
2793	2692
2621	2587
2588	2616
2655	2696
2728	2759
2787	2821
2869	2931
3007	3092
3174	3246
3295	3315
3304	3262
3198	3127
3050	2984
2927	2886
2851	2818
2786	2753
2720	2700
2692	2699
2721	2748
2772	2789
2794	2786
2774	2764
2763	2773
2793	2816
2835	2846
2846	2834
2814	2788
2761	2737
2725	2721
2724	2742
2762	2787
2811	2835
2856	2878
2894	2911
2926	2942
2960	2985
3015	3056
3106	3161
3227	3298
3379	3473
3572	3685
3808	3940
4092	4265
4464	4697
4963	5257
5568	5884
6198	6500
6788	7068
7350	7643
7961	8301
8660	9028
9387	9731
10050	10340
10601	10834
11045	11233
11406	11561
11701	11822
11922	12002
12064	12103
12134	12154
12172	12180
12185	12182
12168	12145
12111	12075
12039	12009
11986	11979
11983	12004
12041	12089
12146	12198
12236	12256
12245	12214
12167	12115
12070	12022
11977	11926
11863	11781
11685	11568
11438	11295
11136	10963
10768	10551
10313	10056
9796	9537
9304	9109
8966	8883
8862	8894
8962	9054
9155	9255
9351	9445
9543	9665
9853	10148
10592	11192
11938	12767
13598	14354
14975	15435
15740	15927
16027	16078
16099	16106
16108	16106
16107	16106
16106	16103
16101	16095
16088	16080
16072	16060
16049	16033
16013	15990
15955	15911
15862	15803
15739	15671
15598	15526
15453	15378
15298	15215
15128	15034
14937	14835
14732	14630
14532	14441
14358	14284
14215	14150
14079	14000
13917	13819
13718	13608
13503	13401
13309	13224
13147	13071
12991	12899
12791	12648
12512	12171
12158	11301
9251	8176
8183	7464
7084	6654
6369	6185
6092	6060
6061	6076
6085	6079
6062	6033
6001	5975
5959	5950
5952	5961
5972	5979
5984	5988
5989	5988
5986	5987
5989	5996
6007	6019
6034	6048
6065	6079
6092	6105
6119	6131
6143	6148
6149	6145
6136	6124
6112	6104
6108	6124
6156	6196
6243	6289
6318	6327
6310	6274
6228	6185
6156	6145
6155	6177
6208	6238
6261	6280
6292	6299
6306	6310
6315	6317
6322	6326
6330	6338
6348	6362
6377	6394
6412	6430
6446	6456
6464	6469
6470	6472
6473	6476
6481	6488
6494	6497
6490	6478
6454	6422
6385	6342
6299	6252
6201	6145
6071	5980
5861	5713
5530	5314
5066	4795
4516	4237
3970	3729
3518	3337
3184	3058
2958	2885
2839	2815
2814	2826
2841	2852
2861	2862
2857	2847
2835	2819
2807	2791
2777	2759
2741	2723
2706	2688
2678	2677
2683	2699
2718	2739
2757	2778
2797	2816
2837	2866
2895	2929
2960	2982
2999	3006
3007	3001
2988	2975
2962	2951
2942	2933
2920	2905
2892	2878
2868	2865
2864	2872
2886	2906
2929	2954
2978	3006
3029	3055
3080	3103
3121	3132
3131	3112
3068	3002
2912	2809
2710	2626
2572	2550
2565	2598
2642	2683
2715	2737
2754	2770
2796	2830
2876	2929
2981	3028
3059	3073
3066	3042
3004	2957
2912	2872
2842	2818
2797	2775
2751	2722
2698	2676
2669	2675
2692	2716
2739	2755
2757	2749
2738	2728
2731	2741
2765	2792
2817	2832
2836	2831
2814	2791
2765	2744
2729	2727
2732	2750
2778	2809
2841	2873
2905	2933
2953	2968
2981	2992
3006	3025
3056	3097
3151	3216
3292	3376
3473	3578
3693	3821
3954	4098
4254	4426
4619	4845
5098	5378
5677	5979
6274	6560
6831	7094
7358	7635
7931	8255
8597	8955
9307	9653
9974	10272
10537	10780
10992	11186
11360	11517
11659	11782
11886	11969
12032	12081
12118	12147
12174	12191
12203	12205
12194	12168
12134	12093
12055	12021
11998	11988
11995	12019
12058	12109
12166	12219
12256	12271
12259	12224
12173	12117
12060	12008
11958	11900
11831	11751
11653	11539
11410	11270
11115	10946
10757	10548
10322	10074
9820	9569
9333	9129
8976	8878
8839	8855
8910	8993
9086	9181
9277	9370
9470	9597
9789	10084
10527	11131
11878	12709
13548	14312
14941	15412
15727	15920
16023	16076
16096	16105
16107	16106
16107	16106
16104	16101
16097	16090
16083	16074
16066	16058
16047	16035
16023	16001
15970	15932
15882	15822
15757	15685
15609	15534
15459	15381
15300	15222
15134	15045
14951	14853
14752	14650
14551	14454
14370	14291
14218	14146
14073	13992
13903	13804
13702	13593
13491	13390
13303	13223
13150	13074
12992	12898
12787	12636
12498	12155
12141	11284
9237	8163
8170	7449
7072	6639
6356	6172
6079	6050
6052	6063
6075	6070
6055	6024
5995	5967
5947	5939
5939	5942
5952	5960
5968	5974
5978	5980
5984	5987
5993	6003
6013	6025
6040	6055
6069	6081
6095	6106
6119	6130
6139	6144
6143	6137
6127	6114
6102	6098
6103	6120
6158	6202
6253	6298
6327	6331
6309	6269
6218	6169
6138	6127
6137	6162
6193	6223
6248	6265
6278	6285
6289	6293
6295	6299
6302	6309
6314	6321
6330	6344
6357	6372
6387	6405
6418	6431
6438	6447
6450	6454
6458	6466
6472	6481
6485	6488
6481	6467
6447	6417
6384	6345
6306	6262
6215	6160
6090	5999
5881	5729
5541	5315
5056	4775
4486	4201
3935	3695
3487	3309
3160	3041
2947	2878
2835	2820
2825	2838
2857	2872
2879	2883
2875	2862
2849	2832
2817	2801
2785	2767
2747	2729
2709	2694
2687	2686
2699	2711
2737	2757
2783	2808
2831	2855
2885	2916
2951	2986
3021	3047
3063	3075
3076	3067
3056	3041
3026	3012
2996	2983
2966	2947
2927	2909
2892	2879
2869	2869
2874	2887
2904	2932
2964	3000
3037	3072
3103	3125
3134	3126
3102	3056
2993	2914
2824	2729
2643	2576
2538	2531
2556	2600
2651	2693
2724	2738
2747	2751
2759	2772
2796	2820
2850	2876
2895	2903
2898	2883
2861	2836
2815	2797
2785	2772
2759	2743
2721	2694
2671	2654
2648	2654
2672	2695
2716	2727
2729	2721
2712	2704
2708	2721
2750	2778
2809	2827
2834	2834
2819	2799
2778	2756
2744	2743
2753	2775
2807	2845
2887	2928
2966	2999
3022	3036
3049	3053
3060	3074
3100	3142
3198	3270
3357	3454
3560	3681
3812	3950
4093	4244
4401	4571
4756	4970
5213	5481
5765	6056
6341	6616
6875	7130
7383	7649
7930	8235
8559	8901
9246	9585
9905	10207
10478	10726
10948	11144
11322	11478
11621	11743
11846	11929
11995	12048
12090	12129
12163	12192
12217	12224
12219	12195
12160	12121
12079	12040
12017	12006
12016	12039
12079	12131
12184	12234
12272	12286
12277	12242
12191	12134
12072	12015
11953	11888
11811	11722
11619	11502
11372	11231
11076	10909
10724	10525
10307	10072
9825	9579
9345	9140
8977	8867
8814	8815
8856	8924
9009	9102
9196	9290
9394	9527
9722	10019
10464	11066
11818	12652
13495	14268
14908	15385
15709	15907
16017	16068
16095	16103
16107	16106
16107	16106
16104	16100
16095	16086
16077	16068
16059	16051
16042	16036
16024	16007
15981	15944
15896	15836
15768	15696
15617	15537
15461	15383
15304	15226
15143	15057
14963	14867
14768	14665
14565	14468
14379	14295
14216	14140
14062	13978
13887	13788
13686	13579
13477	13382
13296	13219
13147	13076
12991	12894
12778	12626
12486	12141
12123	11271
9225	8147
8155	7433
7055	6623
6338	6154
6063	6034
6039	6051
6062	6058
6041	6015
5984	5960
5939	5930
5927	5931
5938	5947
5956	5964
5969	5975
5981	5989
5998	6007
6018	6030
6042	6058
6070	6081
6094	6104
6117	6128
6136	6139
6140	6136
6124	6111
6098	6092
6098	6120
6154	6201
6252	6296
6322	6327
6306	6262
6210	6158
6125	6114
6124	6148
6181	6212
6235	6252
6264	6271
6273	6278
6280	6282
6285	6290
6296	6301
6311	6324
6336	6350
6364	6379
6391	6402
6410	6420
6428	6435
6440	6448
6455	6460
6465	6466
6461	6448
6430	6404
6374	6343
6308	6271
6229	6177
6109	6021
5903	5748
5552	5316
5049	4758
4462	4171
3899	3658
3451	3277
3135	3019
2931	2870
2835	2826
2833	2851
2873	2888
2899	2902
2894	2886
2872	2857
2843	2826
2809	2792
2771	2748
2730	2715
2711	2713
2722	2740
2764	2793
2820	2846
2877	2907
2941	2977
3015	3052
3085	3112
3130	3140
3140	3131
3119	3104
3084	3068
3047	3029
3007	2987
2961	2937
2913	2891
2877	2870
2868	2878
2898	2927
2967	3012
3059	3104
3137	3156
3154	3129
3079	3011
2931	2839
2747	2662
2590	2542
2521	2527
2562	2615
2666	2713
2739	2753
2750	2747
2741	2742
2744	2755
2763	2776
2783	2786
2783	2776
2768	2759
2752	2750
2744	2738
2728	2712
2688	2662
2643	2629
2629	2639
2657	2677
2697	2705
2706	2697
2689	2684
2690	2708
2737	2771
2803	2826
2841	2841
2832	2812
2793	2776
2767	2768
2784	2809
2849	2894
2945	2993
3040	3074
3102	3118
3126	3127
3129	3141
3164	3201
3258	3332
3424	3530
3649	3781
3922	4070
4223	4377
4532	4697
4875	5078
5307	5565
5837	6119
6397	6667
6920	7172
7420	7674
7945	8232
8541	8867
9198	9529
9847	10150
10429	10683
10910	11112
11292	11451
11591	11711
11811	11894
11957	12008
12056	12096
12141	12180
12212	12230
12232	12216
12182	12143
12100	12064
12041	12033
12040	12063
12101	12152
12202	12252
12287	12302
12294	12264
12218	12162
12101	12035
11965	11888
11801	11697
11584	11458
11320	11175
11018	10852
10670	10479
10268	10045
9811	9575
9347	9140
8972	8850
8783	8765
8793	8851
8929	9016
9109	9206
9312	9452
9652	9952
10399	11002
11750	12588
13436	14212
14859	15348
15683	15890
16007	16065
16093	16101
16107	16106
16107	16106
16104	16099
16093	16083
16074	16061
16053	16044
16036	16032
16025	16009
15986	15950
15902	15845
15774	15699
15619	15538
15461	15382
15306	15229
15148	15063
14975	14881
14779	14677
14577	14477
14385	14300
14218	14138
14053	13968
13876	13774
13671	13565
13463	13371
13289	13215
13145	13073
12987	12887
12771	12614
12471	12125
12110	11255
9207	8129
8137	7414
7036	6604
6321	6135
6044	6015
6019	6034
6046	6046
6031	6005
5977	5950
5932	5922
5920	5921
5929	5939
5948	5957
5965	5973
5980	5987
5998	6010
6021	6031
6045	6057
6067	6078
6090	6101
6112	6123
6130	6135
6135	6130
6119	6108
6096	6091
6098	6117
6151	6198
6247	6290
6316	6319
6297	6255
6203	6153
6119	6106
6115	6140
6169	6199
6223	6240
6250	6256
6258	6261
6263	6265
6268	6273
6277	6284
6291	6301
6312	6326
6339	6352
6361	6373
6385	6393
6402	6409
6417	6424
6430	6434
6439	6434
6431	6419
6405	6383
6362	6335
6308	6276
6239	6191
6130	6043
5925	5766
5564	5324
5048	4751
4445	4147
3870	3627
3415	3242
3102	2994
2913	2864
2836	2835
2847	2868
2889	2907
2917	2921
2918	2910
2899	2889
2875	2863
2848	2826
2807	2783
2766	2751
2745	2749
2760	2780
2808	2837
2868	2899
2932	2964
3001	3039
3076	3113
3146	3168
3183	3190
3191	3184
3174	3156
3137	3115
3092	3067
3042	3017
2989	2962
2934	2907
2885	2871
2867	2877
2897	2933
2979	3034
3090	3142
3173	3190
3173	3132
3060	2971
2873	2779
2688	2613
2555	2521
2512	2535
2576	2630
2686	2731
2759	2767
2761	2748
2734	2724
2717	2713
2713	2713
2713	2712
2710	2706
2705	2705
2712	2715
2719	2713
2701	2678
2653	2628
2610	2602
2608	2621
2644	2664
2679	2686
2684	2676
2669	2666
2678	2701
2733	2768
2804	2829
2845	2848
2842	2829
2810	2797
2792	2799
2819	2855
2901	2956
3016	3073
3123	3167
3197	3216
3223	3223
3222	3227
3244	3278
3330	3407
3501	3610
3736	3877
4024	4180
4340	4494
4650	4809
4982	5175
5390	5637
5898	6173
6443	6709
6963	7213
7455	7703
7961	8238
8529	8836
9152	9476
9792	10100
10383	10647
10881	11090
11274	11436
11576	11694
11787	11865
11925	11972
12015	12060
12105	12154
12195	12223
12234	12223
12198	12161
12122	12090
12071	12060
12071	12095
12134	12180
12227	12271
12303	12319
12314	12290
12249	12198
12136	12067
11990	11900
11794	11677
11546	11405
11255	11099
10936	10768
10590	10406
10211	10002
9784	9559
9338	9133
8960	8828
8745	8715
8725	8771
8841	8925
9020	9119
9231	9375
9578	9884
10329	10933
11678	12510
13360	14141
14797	15297
15646	15865
15990	16057
16087	16100
16106	16106
16106	16105
16104	16099
16091	16081
16068	16056
16044	16034
16029	16025
16021	16007
15986	15953
15906	15845
15775	15698
15616	15534
15456	15380
15304	15230
15149	15071
14980	14888
14789	14688
14585	14484
14389	14302
14216	14133
14047	13959
13865	13762
13656	13551
13450	13359
13277	13207
13137	13066
12980	12881
12763	12604
12459	12112
12096	11237
9185	8107
8114	7393
7015	6584
6298	6116
6024	5994
6000	6015
6028	6027
6015	5992
5967	5942
5926	5915
5914	5916
5925	5934
5944	5952
5962	5973
5980	5988
5997	6009
6018	6029
6040	6050
6060	6071
6081	6093
6104	6114
6122	6129
6130	6126
6119	6108
6098	6092
6097	6113
6145	6187
6234	6273
6301	6306
6285	6245
6196	6151
6117	6105
6111	6133
6160	6188
6210	6227
6237	6242
6245	6246
6247	6248
6248	6253
6259	6263
6270	6279
6289	6300
6311	6322
6336	6347
6355	6365
6375	6381
6390	6397
6401	6402
6404	6400
6396	6387
6376	6360
6343	6323
6303	6278
6245	6204
6142	6059
5940	5781
5576	5334
5051	4748
4435	4128
3845	3594
3379	3208
3070	2970
2899	2856
2840	2844
2860	2882
2907	2925
2938	2941
2942	2939
2935	2928
2921	2911
2895	2880
2859	2837
2817	2800
2792	2795
2809	2829
2853	2882
2915	2950
2983	3019
3056	3095
3132	3167
3193	3214
3227	3229
3228	3223
3212	3196
3176	3151
3123	3093
3065	3036
3007	2975
2945	2914
2889	2873
2866	2877
2901	2940
2995	3058
3121	3176
3211	3217
3191	3131
3043	2938
2828	2729
2644	2577
2532	2512
2516	2543
2591	2647
2703	2744
2769	2774
2764	2747
2727	2710
2697	2687
2678	2673
2668	2664
2661	2663
2666	2674
2685	2693
2695	2691
2673	2648
2618	2592
2578	2577
2586	2605
2630	2651
2666	2671
2667	2657
2651	2654
2669	2695
2728	2769
2805	2833
2853	2856
2853	2839
2826	2816
2816	2830
2857	2902
2958	3022
3089	3156
3215	3265
3299	3324
3333	3334
3334	3335
3349	3378
3429	3500
3590	3700
3829	3968
4121	4279
4440	4595
4751	4906
5073	5257
5468	5698
5953	6218
6486	6744
6998	7242
7483	7723
7974	8234
8512	8806
9109	9424
9738	10045
10339	10613
10855	11073
11265	11429
11568	11683
11774	11844
11896	11936
11976	12015
12065	12116
12163	12199
12220	12217
12202	12169
12140	12115
12099	12098
12112	12139
12178	12222
12266	12304
12333	12344
12339	12319
12283	12237
12178	12107
12021	11917
11797	11659
11505	11343
11176	11007
10832	10662
10489	10314
10135	9943
9745	9536
9323	9122
8943	8805
8706	8658
8653	8687
8751	8835
8930	9034
9151	9299
9504	9812
10254	10851
11588	12418
13263	14050
14715	15229
15593	15830
15967	16044
16080	16098
16104	16106
16106	16103
16102	16097
16089	16077
16063	16050
16037	16027
16021	16017
16011	16001
15980	15950
15901	15842
15770	15693
15610	15529
15451	15376
15301	15227
15152	15072
14985	14891
14795	14692
14590	14486
14393	14304
14214	14131
14042	13951
13856	13751
13644	13538
13438	13345
13266	13197
13128	13057
12973	12871
12752	12596
12451	12103
12090	11223
9162	8085
8090	7370
6991	6557
6273	6089
5999	5970
5977	5992
6008	6008
6000	5980
5957	5934
5918	5912
5909	5913
5919	5930
5940	5952
5961	5970
5979	5988
5994	6004
6012	6021
6031	6040
6050	6061
6072	6083
6094	6104
6113	6120
6125	6123
6117	6110
6102	6096
6100	6112
6138	6176
6218	6258
6283	6290
6273	6237
6194	6148
6117	6103
6111	6128
6155	6178
6199	6212
6222	6227
6228	6228
6229	6230
6233	6236
6238	6244
6249	6257
6264	6274
6286	6298
6307	6317
6331	6339
6348	6358
6363	6368
6372	6372
6372	6370
6364	6358
6348	6336
6324	6309
6293	6275
6247	6211
6155	6072
5954	5796
5591	5347
5063	4757
4439	4125
3832	3574
3353	3177
3044	2948
2889	2856
2849	2857
2878	2899
2922	2941
2957	2963
2967	2971
2974	2971
2968	2961
2953	2938
2919	2896
2874	2861
2852	2853
2863	2881
2907	2935
2963	2996
3029	3062
3099	3137
3172	3203
3227	3242
3250	3252
3249	3245
3237	3221
3199	3171
3143	3108
3077	3047
3016	2983
2952	2917
2890	2871
2866	2875
2903	2947
3008	3074
3143	3199
3232	3235
3199	3124
3023	2906
2793	2693
2612	2555
2522	2508
2521	2554
2601	2658
2709	2749
2770	2773
2760	2739
2718	2698
2681	2668
2657	2647
2641	2634
2630	2630
2638	2649
2662	2672
2676	2665
2645	2615
2584	2558
2545	2548
2561	2586
2614	2636
2650	2653
2649	2641
2637	2643
2661	2689
2726	2766
2808	2836
2856	2861
2856	2849
2836	2832
2836	2857
2894	2946
3010	3085
3165	3241
3310	3370
3415	3445
3463	3471
3469	3470
3480	3505
3551	3615
3699	3805
3926	4060
4211	4366
4524	4681
4836	4987
5152	5332
5532	5754
5998	6254
6512	6768
7016	7258
7494	7728
7970	8218
8483	8761
9056	9363
9678	9990
10290	10574
10832	11058
11259	11429
11569	11682
11771	11833
11875	11908
11938	11975
12021	12072
12125	12167
12193	12201
12191	12174
12152	12137
12129	12138
12160	12194
12235	12277
12316	12350
12372	12378
12372	12352
12320	12276
12217	12145
12049	11938
11799	11644
11464	11277
11086	10900
10717	10540
10371	10206
10043	9875
9696	9506
9308	9111
8928	8773
8661	8596
8579	8603
8662	8744
8843	8952
9074	9225
9434	9738
10174	10763
11486	12305
13147	13937
14613	15145
15533	15783
15938	16025
16070	16092
16102	16105
16106	16103
16101	16096
16088	16072
16058	16041
16027	16015
16009	16005
16003	15990
15972	15939
15893	15831
15761	15684
15601	15521
15444	15369
15295	15225
15150	15071
14986	14895
14797	14695
14594	14490
14395	14302
14214	14128
14038	13944
13845	13740
13634	13525
13425	13335
13254	13187
13118	13046
12961	12863
12742	12585
12441	12093
12076	11211
9143	8063
8069	7346
6966	6533
6247	6062
5973	5945
5950	5970
5985	5990
5982	5965
5945	5926
5911	5907
5905	5909
5917	5927
5936	5948
5957	5967
5977	5984
5993	6000
6007	6016
6021	6031
6040	6050
6059	6071
6082	6095
6105	6111
6118	6121
6117	6113
6107	6103
6104	6112
6132	6163
6199	6237
6263	6271
6259	6230
6191	6148
6120	6108
6113	6128
6150	6171
6192	6201
6210	6214
6216	6219
6218	6219
6219	6220
6221	6225
6228	6232
6240	6248
6259	6269
6280	6291
6302	6313
6321	6330
6337	6341
6344	6345
6344	6342
6339	6333
6327	6317
6305	6295
6283	6265
6244	6209
6156	6075
5962	5809
5607	5364
5085	4776
4455	4137
3835	3568
3341	3162
3030	2945
2893	2870
2869	2882
2903	2924
2944	2961
2975	2987
2997	3005
3014	3021
3024	3023
3016	3004
2987	2966
2944	2926
2914	2911
2917	2935
2953	2976
3002	3029
3058	3090
3121	3155
3187	3217
3238	3251
3257	3260
3255	3251
3243	3227
3205	3177
3143	3109
3076	3045
3013	2980
2944	2910
2882	2862
2858	2870
2900	2945
3009	3078
3146	3202
3234	3234
3190	3108
3001	2880
2765	2665
2593	2544
2519	2512
2530	2564
2608	2662
2707	2741
2761	2760
2745	2725
2702	2685
2665	2650
2639	2628
2617	2612
2608	2609
2616	2627
2642	2653
2654	2644
2621	2587
2554	2526
2513	2520
2538	2565
2593	2616
2629	2633
2632	2624
2624	2633
2651	2684
2724	2766
2807	2838
2856	2865
2860	2852
2844	2840
2851	2878
2922	2983
3062	3144
3235	3324
3407	3478
3537	3579
3605	3620
3626	3632
3641	3665
3701	3757
3832	3925
4032	4158
4296	4447
4601	4754
4908	5061
5218	5392
5587	5802
6035	6281
6528	6776
7019	7252
7485	7711
7941	8180
8434	8705
8992	9297
9613	9929
10241	10531
10801	11040
11249	11426
11574	11688
11771	11825
11865	11889
11910	11939
11979	12026
12080	12128
12159	12175
12177	12167
12160	12155
12164	12182
12215	12254
12300	12344
12381	12407
12421	12420
12405	12386
12349	12306
12249	12178
12077	11956
11802	11625
11426	11214
11001	10793
10597	10418
10250	10099
9949	9801
9647	9475
9291	9102
8914	8751
8625	8546
8514	8530
8583	8665
8765	8876
9002	9156
9364	9667
10090	10663
11370	12177
13009	13804
14493	15047
15455	15730
15904	16006
16059	16087
16098	16103
16105	16103
16100	16095
16083	16070
16054	16035
16019	16005
15999	15995
15989	15981
15961	15928
15881	15822
15752	15672
15591	15511
15435	15362
15291	15222
15148	15070
14986	14896
14798	14697
14593	14491
14394	14302
14211	14123
14030	13937
13835	13730
13619	13512
13412	13321
13242	13172
13106	13033
12950	12850
12731	12576
12431	12079
12065	11193
9119	8040
8044	7322
6940	6507
6219	6038
5947	5917
5926	5946
5965	5969
5965	5953
5933	5918
5907	5902
5903	5907
5917	5926
5935	5948
5957	5965
5975	5982
5989	5995
6001	6006
6013	6021
6028	6037
6048	6059
6071	6081
6096	6104
6111	6117
6121	6115
6111	6107
6105	6111
6125	6151
6181	6215
6242	6254
6247	6221
6187	6152
6125	6113
6113	6126
6146	6165
6181	6191
6197	6200
6202	6202
6201	6202
6202	6202
6202	6203
6206	6210
6216	6223
6233	6244
6255	6268
6277	6286
6296	6303
6311	6319
6321	6324
6324	6324
6322	6318
6313	6303
6295	6283
6270	6255
6233	6198
6152	6077
5968	5820
5627	5389
5113	4805
4483	4159
3851	3577
3348	3167
3037	2958
2911	2895
2898	2914
2932	2948
2966	2984
2997	3012
3026	3040
3056	3068
3079	3086
3083	3075
3060	3037
3015	2991
2978	2970
2972	2979
2993	3008
3028	3045
3069	3090
3118	3147
3179	3203
3225	3237
3242	3243
3240	3234
3227	3212
3189	3163
3131	3095
3062	3031
3000	2966
2931	2899
2869	2850
2846	2858
2887	2933
2994	3066
3132	3189
3218	3213
3167	3085
2974	2856
2743	2649
2583	2541
2522	2521
2536	2570
2610	2657
2697	2727
2740	2738
2725	2705
2687	2667
2651	2637
2625	2611
2602	2592
2589	2589
2598	2609
2623	2632
2634	2621
2597	2564
2528	2504
2491	2495
2513	2541
2571	2596
2610	2616
2615	2612
2611	2623
2646	2680
2720	2764
2805	2837
2856	2862
2861	2853
2847	2845
2857	2888
2941	3008
3097	3191
3296	3397
3497	3585
3658	3715
3755	3782
3799	3809
3822	3840
3870	3916
3979	4058
4153	4263
4389	4528
4673	4820
4968	5117
5274	5445
5632	5839
6062	6296
6532	6769
6998	7224
7446	7665
7888	8117
8366	8630
8915	9216
9535	9857
10177	10479
10761	11013
11235	11421
11575	11695
11779	11832
11863	11879
11892	11913
11947	11991
12041	12090
12129	12149
12157	12162
12166	12174
12194	12226
12270	12320
12371	12414
12452	12472
12478	12468
12447	12415
12378	12331
12275	12198
12099	11968
11803	11608
11391	11155
10923	10702
10493	10305
10141	9996
9863	9734
9600	9446
9278	9094
8910	8740
8603	8510
8469	8475
8523	8600
8703	8812
8941	9095
9303	9596
10009	10561
11245	12030
12854	13649
14354	14931
15365	15669
15865	15983
16047	16081
16096	16103
16104	16102
16100	16094
16080	16067
16049	16028
16011	15998
15989	15983
15976	15968
15949	15918
15870	15810
15739	15661
15579	15502
15424	15355
15286	15217
15144	15069
14986	14896
14798	14697
14594	14490
14393	14300
14209	14120
14025	13931
13827	13719
13608	13501
13398	13308
13228	13159
13092	13020
12936	12837
12718	12560
12417	12066
12053	11176
9099	8014
8020	7294
6914	6479
6193	6010
5920	5893
5903	5923
5944	5952
5950	5940
5926	5912
5902	5901
5900	5907
5915	5926
5934	5944
5953	5965
5970	5976
5982	5988
5990	5995
6000	6007
6017	6026
6034	6047
6061	6071
6083	6096
6105	6112
6117	6122
6117	6112
6108	6109
6117	6136
6161	6195
6220	6235
6231	6212
6184	6153
6130	6117
6118	6129
6145	6160
6174	6181
6188	6193
6193	6193
6193	6190
6190	6190
6189	6187
6187	6189
6193	6200
6209	6220
6229	6240
6252	6262
6271	6280
6289	6296
6303	6309
6315	6317
6318	6314
6305	6297
6285	6273
6258	6241
6217	6184
6138	6070
5970	5833
5649	5422
5150	4845
4520	4193
3883	3608
3377	3201
3073	2995
2954	2939
2940	2951
2963	2978
2989	3005
3020	3038
3057	3078
3099	3118
3134	3148
3151	3148
3132	3111
3083	3060
3039	3028
3020	3021
3022	3029
3036	3046
3057	3074
3094	3117
3141	3168
3187	3204
3210	3212
3210	3206
3196	3181
3160	3132
3101	3065
3034	3006
2975	2943
2910	2877
2850	2834
2828	2839
2865	2911
2969	3036
3100	3151
3177	3172
3126	3047
2941	2828
2723	2639
2581	2545
2529	2530
2544	2571
2604	2640
2674	2699
2710	2707
2698	2683
2667	2651
2637	2623
2610	2598
2587	2578
2572	2572
2578	2587
2601	2609
2609	2600
2576	2543
2510	2485
2470	2474
2488	2515
2543	2569
2586	2596
2600	2602
2603	2617
2642	2677
2719	2761
2802	2832
2852	2857
2857	2849
2841	2843
2858	2892
2950	3026
3120	3227
3345	3462
3580	3685
3778	3853
3911	3951
3978	3996
4012	4027
4052	4090
4140	4202
4280	4374
4486	4609
4744	4883
5022	5166
5319	5483
5661	5863
6073	6293
6517	6741
6959	7171
7384	7593
7808	8032
8274	8537
8821	9125
9450	9776
10105	10419
10714	10979
11211	11407
11571	11695
11784	11839
11867	11879
11888	11903
11929	11968
12016	12063
12102	12129
12147	12158
12172	12193
12224	12269
12323	12380
12437	12485
12522	12538
12535	12518
12486	12447
12402	12352
12293	12213
12108	11973
11797	11591
11358	11110
10863	10626
10412	10220
10056	9916
9793	9678
9559	9424
9270	9095
8915	8746
8602	8501
8450	8450
8489	8562
8657	8766
8891	9044
9246	9528
9921	10449
11111	11871
12683	13483
14204	14804
15267	15601
15821	15956
16034	16074
16093	16101
16103	16101
16095	16089
16079	16062
16042	16021
16002	15987
15976	15972
15964	15955
15933	15904
15857	15798
15726	15648
15568	15491
15417	15348
15280	15211
15142	15065
14981	14895
14797	14697
14593	14490
14393	14296
14207	14117
14021	13924
13821	13711
13599	13488
13386	13293
13215	13147
13078	13006
12920	12820
12701	12544
12400	12050
12036	11164
9085	7996
8002	7276
6890	6458
6170	5987
5894	5870
5880	5904
5926	5936
5937	5929
5918	5906
5899	5898
5901	5907
5913	5923
5933	5943
5952	5959
5966	5973
5977	5978
5984	5987
5992	5996
6005	6014
6024	6036
6046	6061
6073	6086
6099	6107
6116	6120
6118	6114
6108	6103
6109	6124
6146	6175
6201	6217
6219	6207
6184	6155
6135	6120
6120	6129
6143	6154
6167	6174
6180	6183
6185	6185
6184	6182
6180	6176
6172	6169
6167	6167
6171	6176
6183	6194
6205	6218
6228	6239
6249	6259
6268	6278
6290	6299
6308	6315
6319	6316
6309	6296
6282	6265
6242	6223
6196	6166
6123	6060
5972	5848
5675	5457
5191	4889
4566	4241
3932	3660
3434	3260
3136	3060
3016	2998
2993	2996
3002	3009
3019	3030
3044	3063
3087	3114
3141	3167
3191	3208
3218	3215
3203	3182
3154	3124
3101	3078
3065	3055
3048	3042
3039	3034
3036	3041
3051	3068
3088	3110
3131	3147
3157	3163
3161	3154
3143	3130
3111	3083
3057	3025
2997	2968
2940	2911
2880	2852
2826	2811
2806	2815
2839	2881
2933	2991
3048	3094
3120	3114
3072	2999
2908	2806
2713	2636
2586	2556
2540	2540
2548	2567
2591	2619
2646	2663
2674	2674
2666	2656
2645	2634
2621	2610
2597	2585
2574	2564
2557	2555
2558	2566
2578	2585
2585	2576
2557	2529
2499	2473
2457	2458
2471	2491
2519	2546
2567	2580
2587	2594
2600	2613
2638	2671
2711	2754
2792	2822
2840	2847
2842	2835
2829	2832
2848	2884
2944	3026
3129	3247
3379	3514
3648	3776
3886	3984
4059	4115
4154	4181
4200	4217
4237	4266
4304	4355
4416	4495
4592	4700
4822	4945
5076	5210
5353	5507
5680	5867
6068	6274
6486	6691
6897	7099
7298	7499
7708	7929
8169	8430
8718	9027
9356	9693
10029	10355
10658	10936
11179	11391
11564	11696
11792	11850
11878	11890
11894	11905
11925	11962
12005	12051
12090	12122
12140	12158
12178	12210
12251	12302
12366	12430
12494	12544
12580	12596
12589	12564
12526	12478
12426	12367
12301	12217
12108	11966
11786	11574
11335	11077
10824	10581
10360	10163
10000	9859
9744	9634
9526	9406
9264	9103
8931	8765
8623	8519
8464	8455
8486	8547
8634	8733
8854	9002
9197	9466
9839	10339
10972	11707
12505	13301
14038	14664
15160	15525
15773	15927
16018	16066
16089	16096
16098	16096
16093	16086
16073	16055
16034	16014
15993	15977
15965	15959
15954	15944
15925	15891
15845	15786
15716	15640
15560	15483
15410	15342
15275	15206
15139	15063
14979	14891
14793	14693
14589	14487
14389	14295
14202	14113
14014	13917
13810	13701
13586	13477
13370	13278
13200	13130
13061	12988
12903	12803
12683	12525
12380	12030
12017	11148
9074	7979
7985	7253
6869	6433
6147	5964
5874	5848
5861	5888
5913	5925
5927	5922
5913	5903
5899	5897
5900	5907
5913	5921
5928	5939
5946	5953
5959	5964
5965	5970
5973	5976
5981	5986
5995	6003
6013	6025
6036	6050
6064	6077
6089	6102
6113	6118
6118	6111
6103	6097
6098	6109
6131	6156
6184	6201
6208	6199
6181	6157
6136	6123
6122	6129
6140	6152
6163	6168
6173	6175
6176	6175
6174	6172
6170	6165
6160	6155
6151	6149
6150	6153
6164	6173
6186	6196
6208	6219
6226	6235
6246	6257
6272	6287
6304	6317
6324	6324
6314	6301
6281	6257
6232	6205
6174	6145
6108	6052
5977	5862
5704	5497
5238	4944
4626	4306
4004	3739
3520	3352
3232	3155
3106	3079
3062	3053
3046	3045
3045	3054
3069	3091
3116	3148
3179	3214
3243	3267
3278	3278
3269	3248
3219	3187
3157	3130
3107	3088
3070	3052
3038	3023
3009	3002
3003	3008
3025	3044
3065	3082
3093	3098
3097	3092
3080	3064
3044	3021
2996	2973
2945	2917
2894	2866
2842	2816
2796	2785
2783	2792
2815	2848
2892	2941
2991	3028
3048	3043
3006	2947
2867	2781
2701	2640
2595	2567
2552	2545
2549	2559
2575	2595
2613	2627
2636	2638
2635	2631
2626	2618
2610	2600
2587	2573
2561	2550
2541	2536
2539	2544
2552	2559
2562	2554
2542	2519
2492	2469
2455	2450
2456	2475
2501	2527
2552	2570
2580	2589
2599	2613
2634	2665
2702	2741
2777	2805
2822	2830
2824	2817
2809	2811
2826	2868
2928	3013
3123	3254
3398	3548
3701	3846
3979	4094
4189	4263
4317	4352
4376	4395
4412	4434
4462	4503
4556	4621
4704	4800
4904	5014
5130	5251
5380	5524
5683	5859
6046	6241
6437	6631
6820	7011
7199	7393
7594	7814
8055	8322
8612	8927
9264	9609
9953	10288
10601	10889
11143	11365
11549	11692
11794	11859
11890	11904
11911	11920
11942	11974
12017	12060
12096	12123
12146	12167
12188	12221
12267	12326
12393	12465
12531	12588
12625	12642
12633	12602
12559	12506
12445	12380
12306	12217
12102	11956
11773	11557
11316	11063
10808	10567
10344	10146
9975	9833
9716	9610
9505	9395
9265	9119
8960	8804
8669	8568
8507	8488
8507	8554
8627	8714
8825	8967
9154	9407
9758	10230
10829	11537
12317	13114
13862	14516
15044	15443
15718	15895
16000	16057
16082	16091
16093	16090
16085	16078
16066	16049
16028	16005
15983	15967
15953	15949
15940	15933
15912	15881
15836	15776
15709	15632
15553	15477
15404	15336
15267	15201
15132	15058
14974	14886
14789	14688
14584	14482
14382	14290
14196	14103
14010	13910
13802	13692
13577	13465
13359	13266
13185	13112
13043	12969
12882	12778
12656	12500
12356	12009
11999	11136
9068	7965
7970	7234
6846	6411
6124	5944
5855	5834
5849	5876
5904	5921
5924	5920
5911	5905
5899	5896
5899	5904
5911	5916
5924	5931
5938	5943
5949	5953
5958	5958
5962	5964
5971	5977
5986	5994
6006	6017
6028	6040
6056	6069
6084	6096
6108	6114
6116	6108
6099	6090
6089	6095
6116	6143
6171	6192
6200	6195
6178	6157
6136	6124
6121	6128
6139	6149
6159	6165
6171	6171
6173	6172
6170	6168
6163	6156
6149	6141
6134	6128
6130	6135
6143	6153
6167	6180
6191	6199
6207	6214
6224	6237
6257	6278
6298	6317
6329	6330
6325	6308
6283	6252
6221	6186
6157	6126
6093	6045
5980	5880
5736	5541
5295	5009
4700	4390
4100	3847
3638	3480
3362	3280
3220	3179
3145	3119
3100	3089
3080	3087
3098	3119
3147	3182
3218	3254
3289	3315
3334	3338
3329	3306
3278	3242
3209	3175
3146	3119
3094	3066
3039	3011
2988	2968
2956	2952
2960	2975
2989	3007
3018	3025
3023	3015
3002	2986
2968	2948
2926	2904
2882	2860
2837	2816
2793	2774
2762	2755
2759	2771
2792	2821
2855	2895
2930	2959
2972	2964
2936	2886
2823	2753
2690	2641
2602	2577
2562	2551
2549	2548
2558	2569
2581	2592
2604	2609
2611	2611
2611	2607
2601	2591
2578	2564
2550	2538
2528	2521
2518	2518
2528	2532
2537	2537
2528	2513
2494	2473
2457	2452
2454	2470
2491	2518
2543	2565
2580	2592
2599	2609
2628	2654
2688	2724
2756	2783
2797	2801
2796	2788
2781	2785
2801	2840
2901	2992
3105	3245
3396	3562
3729	3892
4044	4179
4290	4383
4450	4494
4527	4550
4569	4588
4612	4648
4691	4751
4820	4903
4993	5090
5188	5295
5408	5534
5680	5840
6011	6192
6372	6550
6728	6906
7087	7273
7474	7690
7931	8203
8503	8824
9169	9526
9878	10221
10544	10841
11106	11339
11528	11684
11792	11864
11905	11923
11934	11949
11972	12004
12045	12085
12120	12146
12164	12181
12201	12233
12280	12338
12408	12483
12555	12614
12654	12673
12665	12633
12589	12530
12463	12390
12310	12210
12091	11941
11757	11546
11309	11061
10813	10574
10352	10154
9979	9831
9705	9597
9492	9387
9270	9136
8994	8855
8734	8638
8574	8549
8555	8585
8637	8711
8809	8941
9113	9355
9683	10125
10687	11367
12128	12920
13681	14360
14919	15353
15659	15860
15978	16046
16076	16086
16085	16081
16074	16064
16054	16038
16020	15996
15974	15955
15944	15935
15928	15918
15901	15871
15828	15770
15702	15626
15548	15472
15399	15332
15261	15196
15125	15051
14966	14876
14782	14678
14574	14474
14375	14281
14189	14096
14000	13900
13793	13677
13562	13450
13344	13248
13165	13091
13022	12943
12854	12749
12629	12470
12327	11988
11979	11130
9068	7953
7959	7219
6830	6392
6104	5923
5838	5820
5838	5871
5901	5920
5926	5924
5915	5908
5901	5899
5899	5902
5907	5913
5917	5921
5926	5930
5935	5938
5943	5945
5949	5954
5960	5969
5976	5986
5997	6009
6021	6035
6047	6062
6077	6089
6103	6110
6109	6103
6091	6082
6080	6085
6105	6133
6163	6185
6194	6190
6175	6153
6134	6124
6121	6128
6139	6149
6157	6166
6169	6172
6172	6170
6169	6162
6156	6148
6137	6126
6116	6110
6109	6115
6124	6139
6153	6166
6174	6182
6187	6193
6201	6214
6235	6259
6287	6310
6329	6335
6331	6311
6281	6247
6209	6173
6139	6109
6079	6040
5988	5901
5770	5588
5357	5084
4789	4495
4222	3984
3793	3638
3522	3429
3358	3294
3242	3199
3162	3138
3127	3125
3133	3152
3179	3213
3248	3289
3327	3361
3380	3389
3380	3361
3328	3293
3256	3223
3188	3156
3122	3087
3053	3015
2979	2948
2925	2912
2906	2912
2920	2930
2938	2941
2938	2929
2915	2899
2882	2864
2849	2830
2810	2790
2770	2751
2735	2727
2723	2728
2738	2755
2778	2805
2829	2856
2878	2893
2899	2889
2863	2825
2777	2727
2680	2642
2611	2587
2571	2557
2544	2541
2542	2548
2559	2569
2580	2589
2596	2603
2606	2604
2598	2587
2574	2557
2541	2525
2512	2502
2499	2498
2499	2506
2514	2518
2518	2511
2498	2482
2469	2462
2464	2475
2495	2520
2546	2570
2586	2595
2602	2609
2620	2639
2666	2696
2727	2750
2762	2765
2760	2749
2743	2748
2767	2810
2872	2965
3083	3224
3386	3561
3738	3916
4082	4234
4363	4469
4549	4606
4647	4678
4698	4718
4743	4776
4819	4874
4941	5011
5089	5169
5251	5338
5434	5542
5668	5811
5966	6128
6293	6459
6625	6795
6970	7151
7348	7569
7814	8087
8396	8728
9083	9446
9810	10161
10494	10798
11073	11310
11510	11670
11789	11868
11917	11943
11963	11985
12012	12046
12089	12127
12157	12177
12189	12197
12212	12239
12284	12341
12412	12488
12561	12623
12669	12690
12686	12658
12611	12549
12479	12399
12310	12204
12078	11925
11743	11535
11311	11068
10829	10598
10380	10180
10001	9844
9708	9590
9485	9379
9272	9154
9033	8913
8805	8717
8656	8621
8611	8622
8655	8711
8796	8914
9077	9301
9609	10017
10547	11196
11935	12717
13489	14190
14784	15250
15587	15816
15955	16032
16064	16074
16074	16067
16060	16052
16040	16026
16009	15985
15961	15944
15932	15923
15918	15909
15891	15863
15820	15765
15698	15623
15547	15470
15397	15327
15256	15187
15115	15038
14956	14864
14769	14666
14564	14462
14363	14270
14179	14087
13990	13889
13782	13669
13552	13436
13326	13229
13143	13067
12993	12911
12822	12716
12593	12439
12298	11967
11962	11129
9079	7944
7956	7203
6815	6372
6086	5907
5825	5811
5835	5868
5902	5923
5934	5932
5925	5914
5907	5901
5900	5901
5903	5906
5908	5910
5913	5916
5919	5923
5928	5931
5936	5942
5953	5959
5969	5981
5992	6003
6016	6027
6040	6052
6067	6081
6091	6099
6098	6089
6082	6071
6069	6077
6098	6129
6161	6181
6191	6184
6169	6148
6126	6116
6117	6125
6136	6149
6159	6167
6172	6174
6175	6173
6170	6164
6156	6143
6128	6114
6100	6093
6092	6098
6109	6125
6139	6155
6160	6167
6167	6171
6175	6188
6209	6236
6267	6298
6319	6331
6329	6311
6282	6243
6201	6162
6128	6097
6070	6041
5997	5921
5806	5636
5423	5169
4896	4624
4374	4155
3975	3826
3704	3605
3511	3428
3354	3292
3240	3206
3183	3176
3176	3189
3209	3241
3278	3321
3359	3394
3420	3428
3422	3404
3374	3337
3299	3265
3229	3194
3160	3121
3080	3036
2992	2950
2914	2886
2869	2858
2859	2859
2861	2858
2852	2839
2824	2808
2793	2778
2765	2749
2733	2716
2697	2684
2676	2677
2685	2702
2725	2750
2776	2799
2818	2832
2839	2839
2833	2817
2794	2766
2733	2702
2668	2641
2613	2592
2575	2558
2542	2534
2533	2535
2542	2554
2567	2578
2591	2599
2604	2604
2597	2587
2570	2552
2533	2516
2499	2485
2478	2475
2477	2483
2495	2503
2509	2510
2507	2498
2489	2481
2485	2493
2512	2537
2563	2587
2601	2606
2608	2606
2609	2621
2641	2666
2691	2710
2721	2721
2715	2707
2704	2711
2733	2778
2844	2939
3058	3200
3363	3541
3726	3910
4086	4250
4392	4510
4605	4677
4729	4765
4795	4822
4852	4890
4935	4988
5048	5111
5178	5244
5312	5380
5457	5548
5651	5774
5909	6054
6203	6356
6515	6676
6846	7027
7224	7445
7697	7978
8292	8634
9000	9375
9750	10110
10450	10762
11043	11286
11494	11657
11780	11868
11926	11961
11992	12021
12055	12098
12140	12177
12201	12212
12216	12218
12223	12243
12282	12335
12405	12481
12557	12625
12671	12697
12698	12671
12624	12563
12488	12405
12309	12199
12069	11913
11732	11531
11311	11081
10851	10627
10414	10214
10027	9863
9718	9592
9478	9374
9274	9171
9068	8968
8877	8802
8742	8700
8675	8668
8680	8719
8786	8893
9043	9250
9533	9917
10414	11031
11738	12512
13284	14007
14632	15135
15505	15763
15922	16011
16051	16061
16056	16048
16041	16032
16025	16013
15995	15973
15950	15932
15919	15914
15906	15899
15883	15856
15817	15762
15697	15624
15547	15469
15394	15323
15248	15176
15105	15024
14940	14849
14753	14650
14548	14449
14350	14256
14167	14075
13979	13878
13771	13656
13538	13421
13310	13209
13120	13039
12964	12878
12784	12676
12553	12401
12267	11944
11945	11128
9093	7941
7954	7192
6800	6357
6072	5894
5816	5810
5834	5875
5910	5934
5946	5944
5934	5924
5912	5906
5902	5899
5899	5899
5899	5898
5898	5899
5901	5905
5910	5915
5922	5932
5942	5951
5964	5973
5987	5998
6010	6023
6036	6047
6061	6073
6082	6086
6086	6078
6068	6061
6060	6070
6095	6127
6157	6179
6187	6178
6160	6138
6117	6107
6109	6121
6134	6150
6161	6171
6175	6178
6179	6177
6173	6166
6155	6140
6122	6102
6086	6076
6073	6082
6095	6114
6131	6145
6153	6152
6148	6145
6146	6155
6174	6203
6239	6274
6303	6321
6322	6305
6276	6237
6193	6151
6118	6090
6067	6045
6007	5944
5841	5691
5496	5267
5019	4774
4549	4350
4180	4037
3911	3793
3682	3577
3482	3399
3332	3282
3249	3230
3224	3229
3247	3273
3307	3346
3388	3423
3448	3460
3458	3438
3408	3372
3338	3302
3273	3238
3203	3163
3120	3071
3019	2969
2920	2882
2848	2822
2807	2798
2788	2780
2770	2756
2738	2723
2706	2692
2680	2668
2654	2638
2624	2616
2616	2626
2647	2680
2716	2753
2787	2810
2826	2825
2816	2800
2779	2755
2734	2713
2694	2674
2654	2637
2614	2596
2574	2554
2539	2526
2525	2529
2539	2553
2567	2581
2594	2603
2607	2607
2599	2585
2570	2549
2528	2508
2490	2475
2464	2461
2461	2469
2480	2493
2506	2514
2517	2516
2512	2511
2514	2527
2542	2566
2592	2610
2618	2621
2613	2603
2598	2600
2614	2633
2652	2670
2678	2681
2676	2671
2674	2684
2710	2758
2828	2920
3036	3178
3336	3511
3695	3883
4062	4231
4383	4512
4619	4703
4767	4817
4858	4895
4935	4980
5029	5083
5141	5201
5259	5313
5366	5419
5480	5546
5631	5731
5845	5969
6102	6245
6391	6550
6718	6902
7102	7326
7582	7871
8192	8546
8923	9310
9694	10066
10416	10737
11023	11270
11481	11649
11779	11868
11935	11980
12022	12061
12104	12150
12192	12227
12245	12251
12246	12235
12233	12246
12279	12329
12394	12471
12549	12616
12669	12698
12702	12676
12633	12569
12493	12405
12306	12192
12060	11907
11728	11530
11319	11097
10875	10655
10443	10238
10053	9877
9724	9587
9466	9363
9267	9174
9091	9012
8941	8875
8818	8772
8735	8712
8707	8727
8783	8872
9008	9200
9464	9817
10283	10865
11546	12299
13071	13807
14460	14997
15412	15697
15882	15986
16032	16044
16038	16029
16018	16012
16006	15998
15982	15963
15939	15920
15905	15899
15893	15886
15873	15848
15810	15758
15696	15621
15546	15470
15391	15316
15239	15165
15086	15006
14919	14829
14731	14631
14528	14429
14331	14237
14147	14055
13962	13861
13754	13641
13521	13404
13288	13187
13094	13011
12927	12841
12742	12633
12509	12360
12230	11918
11926	11131
9112	7940
7955	7184
6789	6342
6060	5887
5814	5809
5839	5883
5922	5949
5958	5956
5945	5934
5921	5912
5903	5898
5893	5889
5885	5882
5883	5882
5884	5886
5891	5898
5910	5920
5932	5944
5957	5970
5982	5994
6006	6018
6029	6040
6053	6062
6071	6072
6070	6062
6055	6049
6052	6067
6095	6126
6157	6178
6182	6172
6149	6125
6105	6096
6100	6114
6132	6149
6165	6174
6181	6184
6185	6183
6177	6170
6156	6137
6114	6092
6072	6063
6060	6070
6085	6104
6122	6133
6140	6137
6130	6122
6117	6122
6138	6167
6205	6244
6279	6301
6308	6296
6269	6231
6186	6146
6111	6085
6069	6051
6021	5966
5876	5744
5571	5369
5152	4937
4738	4560
4401	4258
4123	3991
3862	3734
3620	3521
3438	3376
3329	3299
3284	3278
3289	3305
3334	3369
3408	3443
3470	3483
3480	3462
3437	3403
3373	3339
3311	3283
3249	3212
3165	3114
3057	2999
2939	2884
2837	2800
2769	2748
2729	2712
2695	2677
2660	2644
2629	2615
2605	2591
2577	2564
2551	2549
2559	2580
2617	2664
2718	2770
2811	2837
2844	2838
2814	2781
2743	2712
2687	2672
2661	2653
2645	2633
2616	2596
2573	2551
2537	2526
2525	2530
2544	2558
2574	2588
2601	2607
2612	2606
2597	2584
2566	2546
2523	2504
2483	2467
2457	2451
2454	2460
2473	2489
2507	2519
2532	2535
2539	2544
2554	2566
2584	2606
2625	2639
2642	2635
2618	2601
2588	2584
2589	2601
2619	2635
2644	2648
2649	2647
2656	2675
2707	2756
2830	2920
3032	3165
3317	3480
3655	3836
4015	4185
4341	4480
4598	4696
4772	4837
4893	4940
4992	5044
5099	5153
5211	5266
5317	5363
5406	5444
5490	5542
5604	5681
5774	5877
5993	6123
6264	6420
6589	6774
6979	7207
7468	7765
8097	8463
8852	9253
9650	10034
10393	10723
11015	11267
11479	11649
11780	11876
11947	12001
12048	12097
12148	12197
12242	12275
12288	12286
12271	12252
12242	12247
12273	12320
12385	12459
12538	12611
12665	12696
12700	12679
12632	12571
12492	12402
12301	12187
12053	11901
11727	11534
11328	11110
10891	10674
10463	10259
10065	9887
9724	9580
9454	9349
9257	9174
9108	9046
8990	8936
8886	8836
8790	8753
8731	8737
8774	8851
8974	9149
9393	9723
10154	10702
11353	12082
12845	13592
14268	14840
15291	15616
15828	15948
16007	16021
16019	16008
15999	15992
15991	15983
15971	15950
15930	15909
15897	15886
15881	15880
15865	15841
15805	15754
15693	15619
15541	15464
15384	15307
15228	15148
15069	14986
14900	14807
14709	14609
14505	14407
14312	14218
14128	14036
13944	13846
13739	13626
13505	13384
13271	13165
13067	12978
12891	12802
12701	12591
12468	12318
12194	11891
11907	11131
9131	7941
7960	7177
6783	6337
6055	5883
5817	5816
5850	5894
5933	5963
5972	5969
5956	5942
5929	5914
5905	5895
5889	5881
5876	5870
5866	5863
5864	5868
5874	5884
5895	5910
5924	5937
5949	5963
5977	5988
6000	6013
6023	6033
6043	6053
6056	6057
6054	6047
6039	6039
6044	6065
6094	6130
6158	6177
6178	6163
6136	6110
6091	6084
6091	6107
6129	6149
6167	6178
6184	6188
6189	6185
6179	6169
6156	6135
6111	6085
6064	6051
6049	6055
6074	6094
6112	6124
6129	6123
6112	6098
6090	6089
6105	6130
6170	6210
6248	6276
6288	6280
6255	6220
6179	6136
6106	6085
6070	6057
6035	5989
5911	5796
5647	5474
5287	5103
4931	4771
4624	4482
4341	4192
4046	3903
3772	3654
3558	3481
3424	3381
3353	3337
3336	3343
3364	3394
3425	3457
3482	3495
3495	3479
3455	3424
3396	3371
3348	3321
3291	3254
3208	3153
3091	3024
2958	2893
2835	2784
2742	2710
2683	2658
2638	2618
2599	2581
2564	2550
2537	2524
2509	2500
2492	2493
2513	2548
2598	2661
2728	2791
2840	2873
2878	2858
2824	2776
2727	2689
2660	2644
2640	2641
2637	2630
2615	2592
2569	2549
2534	2524
2528	2536
2551	2566
2584	2594
2606	2611
2610	2602
2592	2580
2560	2542
2521	2501
2482	2468
2456	2451
2452	2460
2472	2490
2508	2525
2542	2555
2565	2575
2590	2605
2624	2642
2660	2669
2665	2650
2627	2604
2583	2576
2575	2584
2599	2616
2628	2635
2642	2649
2665	2689
2729	2784
2857	2947
3049	3169
3305	3452
3611	3780
3949	4116
4273	4418
4545	4655
4747	4829
4896	4961
5019	5080
5138	5196
5252	5305
5351	5390
5424	5454
5486	5521
5565	5622
5692	5778
5877	5994
6129	6280
6452	6640
6851	7086
7356	7662
8004	8384
8786	9201
9613	10010
10382	10719
11019	11277
11490	11660
11793	11888
11961	12020
12072	12129
12186	12240
12285	12314
12327	12315
12296	12270
12251	12252
12272	12316
12381	12456
12535	12607
12662	12694
12700	12676
12629	12563
12485	12394
12292	12180
12049	11896
11727	11538
11334	11119
10901	10684
10468	10261
10063	9880
9710	9560
9432	9322
9235	9164
9107	9062
9021	8980
8938	8891
8838	8792
8757	8746
8766	8830
8935	9098
9322	9628
10030	10542
11161	11860
12610	13357
14054	14660
15149	15512
15755	15903
15974	15999
15997	15986
15979	15975
15974	15972
15960	15943
15920	15902
15886	15878
15873	15868
15856	15833
15797	15745
15683	15612
15535	15455
15374	15291
15211	15129
15048	14962
14876	14783
14686	14584
14484	14384
14288	14194
14105	14014
13926	13827
13722	13607
13489	13365
13250	13140
13039	12948
12859	12763
12660	12547
12426	12280
12159	11866
11889	11125
9140	7938
7960	7171
6777	6333
6054	5888
5822	5825
5860	5906
5947	5975
5982	5979
5963	5949
5932	5916
5903	5893
5882	5873
5864	5858
5852	5850
5850	5853
5860	5870
5882	5897
5912	5928
5943	5957
5970	5981
5993	6002
6016	6024
6031	6040
6044	6042
6037	6031
6029	6030
6041	6064
6096	6131
6157	6171
6167	6150
6122	6095
6076	6071
6080	6100
6123	6147
6167	6178
6185	6189
6191	6187
6181	6172
6155	6135
6108	6081
6058	6043
6039	6047
6064	6085
6103	6114
6118	6110
6093	6080
6065	6064
6075	6100
6136	6183
6220	6253
6267	6265
6241	6207
6165	6128
6099	6082
6072	6064
6047	6008
5943	5845
5721	5573
5417	5263
5115	4972
4833	4693
4546	4391
4230	4075
3925	3795
3686	3595
3526	3471
3431	3404
3391	3387
3396	3416
3443	3470
3491	3501
3499	3486
3464	3438
3415	3394
3373	3353
3323	3284
3236	3179
3113	3040
2965	2894
2827	2770
2721	2681
2650	2622
2598	2577
2556	2535
2517	2502
2486	2471
2458	2446
2443	2454
2482	2528
2590	2668
2749	2823
2879	2914
2917	2895
2846	2789
2730	2683
2650	2635
2632	2635
2637	2629
2616	2593
2571	2550
2535	2529
2532	2544
2562	2575
2591	2602
2606	2606
2602	2589
2579	2565
2549	2534
2518	2500
2487	2474
2465	2458
2461	2469
2478	2493
2513	2534
2554	2571
2590	2604
2623	2642
2663	2678
2691	2694
2685	2665
2637	2608
2586	2573
2571	2580
2596	2613
2630	2646
2660	2680
2703	2738
2784	2842
2915	2997
3090	3195
3311	3437
3577	3725
3881	4039
4196	4342
4478	4600
4705	4798
4880	4955
5024	5088
5151	5209
5262	5309
5351	5386
5413	5437
5461	5486
5515	5556
5607	5675
5760	5866
5992	6142
6311	6505
6719	6963
7242	7563
7919	8314
8730	9158
9585	9995
10380	10727
11032	11296
11513	11685
11815	11914
11986	12046
12102	12159
12217	12275
12319	12349
12357	12343
12319	12288
12268	12263
12282	12322
12384	12457
12537	12606
12660	12691
12695	12670
12622	12554
12473	12381
12279	12170
12041	11893
11726	11538
11336	11123
10902	10683
10467	10255
10053	9863
9688	9534
9399	9290
9206	9141
9097	9063
9037	9008
8976	8932
8882	8829
8782	8756
8760	8805
8894	9040
9248	9534
9910	10388
10972	11639
12368	13111
13820	14456
14982	15386
15667	15842
15933	15972
15979	15973
15967	15967
15970	15967
15957	15940
15918	15897
15882	15872
15866	15859
15847	15822
15783	15732
15667	15597
15519	15434
15354	15270
15185	15104
15021	14937
14848	14757
14658	14557
14458	14359
14262	14173
14083	13993
13904	13810
13704	13590
13473	13348
13228	13120
13016	12920
12829	12730
12626	12510
12387	12243
12126	11838
11867	11116
9144	7935
7957	7171
6778	6334
6058	5896
5833	5837
5873	5917
5958	5982
5988	5981
5969	5951
5933	5917
5903	5891
5879	5868
5858	5850
5842	5839
5838	5842
5847	5857
5871	5886
5903	5919
5934	5949
5963	5973
5985	5995
6004	6013
6020	6025
6026	6025
6021	6015
6016	6021
6037	6063
6094	6125
6152	6163
6157	6134
6106	6079
6061	6058
6070	6093
6118	6144
6163	6177
6184	6187
6188	6185
6179	6168
6154	6132
6106	6079
6054	6037
6033	6039
6053	6072
6088	6100
6102	6093
6078	6059
6048	6041
6052	6075
6111	6152
6195	6228
6246	6243
6226	6191
6154	6115
6090	6076
6068	6065
6054	6025
5973	5891
5785	5666
5538	5408
5281	5158
5027	4889
4742	4582
4415	4247
4089	3946
3823	3720
3638	3572
3520	3484
3458	3445
3442	3452
3467	3482
3498	3503
3498	3487
3468	3446
3425	3407
3389	3367
3338	3298
3247	3185
3113	3036
2957	2881
2813	2752
2702	2665
2629	2602
2575	2555
2530	2511
2489	2471
2452	2437
2423	2418
2420	2438
2472	2530
2602	2690
2777	2860
2922	2958
2961	2934
2879	2814
2752	2695
2659	2641
2638	2641
2642	2635
2618	2597
2572	2552
2538	2535
2541	2554
2572	2588
2597	2602
2602	2594
2583	2572
2560	2549
2538	2526
2515	2504
2495	2484
2477	2473
2474	2481
2489	2504
2521	2541
2564	2584
2608	2627
2651	2672
2692	2707
2715	2716
2702	2678
2650	2620
2598	2587
2586	2593
2610	2632
2653	2681
2706	2737
2772	2816
2870	2931
3004	3080
3162	3248
3340	3443
3558	3685
3821	3968
4116	4263
4404	4534
4651	4757
4850	4931
5006	5071
5130	5186
5234	5279
5317	5347
5375	5394
5413	5434
5453	5483
5521	5575
5650	5744
5864	6009
6178	6372
6594	6848
7141	7476
7847	8254
8689	9131
9571	9995
10388	10745
11058	11326
11547	11719
11847	11946
12017	12077
12132	12190
12249	12304
12348	12378
12383	12371
12342	12312
12289	12282
12300	12337
12396	12469
12542	12610
12660	12689
12688	12660
12609	12541
12459	12366
12265	12155
12029	11884
11718	11534
11333	11116
10896	10676
10455	10239
10031	9836
9658	9497
9360	9251
9168	9108
9072	9053
9041	9024
9004	8964
8915	8856
8802	8762
8751	8779
8854	8982
9176	9443
9794	10239
10782	11418
12117	12849
13570	14230
14794	15238
15559	15768
15888	15940
15959	15960
15962	15965
15970	15968
15960	15940
15918	15897
15880	15868
15860	15851
15835	15808
15767	15714
15648	15573
15493	15409
15327	15241
15158	15077
14996	14910
14821	14730
14633	14533
14434	14334
14239	14148
14060	13971
13883	13789
13687	13574
13454	13332
13213	13100
12995	12898
12803	12702
12594	12479
12355	12212
12096	11814
11843	11102
9141	7926
7954	7166
6778	6339
6068	5908
5848	5849
5886	5927
5964	5986
5988	5981
5968	5951
5933	5915
5903	5888
5878	5864
5852	5844
5833	5831
5827	5830
5837	5849
5863	5877
5893	5909
5926	5940
5953	5965
5975	5985
5995	6002
6006	6008
6010	6008
6004	6002
6005	6015
6034	6063
6095	6124
6144	6151
6141	6116
6088	6063
6045	6048
6061	6085
6113	6140
6157	6171
6177	6183
6184	6180
6175	6166
6151	6129
6105	6077
6053	6035
6030	6032
6043	6059
6075	6081
6083	6074
6060	6042
6033	6027
6034	6056
6091	6129
6171	6205
6222	6222
6204	6171
6134	6100
6076	6062
6061	6061
6055	6035
5995	5928
5844	5744
5639	5532
5428	5318
5201	5070
4924	4763
4593	4418
4254	4101
3970	3856
3764	3687
3627	3578
3541	3516
3500	3497
3497	3503
3507	3505
3497	3482
3464	3445
3427	3408
3393	3368
3337	3292
3238	3171
3095	3015
2933	2856
2788	2732
2683	2649
2616	2591
2568	2547
2523	2501
2478	2458
2439	2423
2410	2406
2415	2440
2482	2546
2626	2719
2814	2902
2966	3003
3006	2976
2920	2851
2783	2725
2684	2664
2660	2659
2658	2647
2626	2603
2579	2557
2546	2542
2550	2565
2580	2592
2598	2598
2585	2573
2558	2546
2534	2528
2521	2516
2510	2505
2499	2495
2492	2491
2492	2496
2501	2512
2528	2549
2570	2594
2617	2642
2668	2692
2712	2727
2734	2731
2715	2691
2661	2635
2618	2609
2610	2621
2643	2668
2699	2734
2772	2816
2861	2914
2975	3041
3114	3185
3255	3322
3393	3468
3557	3657
3772	3905
4044	4189
4332	4467
4591	4707
4804	4889
4963	5026
5080	5131
5173	5214
5249	5280
5306	5328
5349	5367
5385	5409
5441	5485
5546	5633
5744	5884
6050	6247
6477	6743
7049	7401
7792	8215
8662	9121
9569	10005
10409	10772
11091	11364
11584	11758
11886	11983
12053	12112
12166	12221
12280	12335
12377	12404
12409	12397
12370	12341
12317	12311
12326	12362
12417	12486
12554	12615
12663	12686
12678	12649
12596	12524
12439	12348
12247	12139
12013	11870
11707	11524
11319	11107
10885	10663
10436	10219
10006	9807
9620	9457
9315	9204
9122	9069
9039	9033
9031	9029
9016	8986
8937	8876
8814	8763
8735	8746
8807	8922
9105	9354
9680	10094
10601	11197
11865	12581
13303	13983
14583	15070
15437	15682
15830	15910
15945	15958
15963	15972
15978	15976
15966	15948
15923	15901
15881	15866
15856	15842
15822	15793
15748	15688
15619	15542
15459	15374
15288	15207
15123	15044
14963	14880
14796	14704
14608	14507
14408	14310
14214	14122
14035	13948
13862	13770
13668	13558
13438	13319
13198	13084
12976	12879
12781	12678
12571	12453
12326	12187
12070	11789
11821	11082
9125	7912
7946	7162
6780	6346
6080	5926
5866	5867
5900	5937
5968	5984
5986	5978
5961	5945
5928	5911
5901	5887
5875	5863
5851	5839
5830	5825
5823	5823
5833	5840
5852	5868
5884	5896
5912	5927
5942	5953
5962	5974
5982	5988
5992	5993
5992	5988
5987	5987
5995	6011
6036	6063
6092	6117
6134	6136
6121	6097
6069	6047
6034	6037
6053	6079
6106	6130
6149	6161
6168	6172
6173	6171
6167	6157
6143	6126
6103	6079
6054	6039
6029	6028
6034	6045
6055	6060
6060	6054
6043	6031
6020	6019
6026	6045
6075	6112
6151	6180
6199	6198
6181	6153
6113	6080
6059	6048
6051	6053
6053	6042
6011	5959
5893	5811
5724	5638
5550	5456
5352	5234
5094	4937
4768	4594
4424	4266
4124	4003
3905	3819
3750	3690
3643	3605
3577	3557
3541	3530
3518	3506
3490	3473
3452	3434
3414	3399
3379	3354
3318	3272
3212	3139
3059	2973
2891	2819
2754	2704
2663	2634
2608	2589
2568	2550
2528	2505
2482	2461
2440	2428
2418	2418
2431	2464
2512	2582
2667	2762
2860	2945
3012	3046
3049	3021
2966	2897
2826	2767
2725	2698
2689	2686
2678	2665
2640	2615
2587	2563
2553	2553
2563	2576
2591	2598
2598	2588
2573	2552
2534	2517
2507	2504
2501	2502
2504	2506
2507	2510
2509	2507
2508	2510
2512	2523
2535	2554
2576	2602
2625	2654
2680	2705
2727	2741
2747	2742
2728	2703
2679	2657
2644	2640
2647	2660
2684	2714
2753	2797
2846	2901
2959	3023
3090	3163
3234	3303
3363	3413
3459	3512
3573	3649
3745	3860
3987	4125
4265	4402
4530	4645
4747	4834
4904	4960
5005	5046
5084	5120
5154	5187
5221	5249
5273	5296
5317	5338
5368	5407
5463	5542
5648	5782
5948	6147
6385	6665
6986	7352
7759	8199
8659	9128
9589	10031
10438	10807
11130	11403
11622	11797
11923	12019
12089	12148
12201	12257
12309	12363
12404	12430
12436	12424
12400	12372
12354	12348
12363	12395
12446	12507
12570	12625
12664	12681
12669	12633
12577	12503
12418	12326
12227	12118
11997	11853
11689	11508
11305	11091
10869	10644
10417	10196
9979	9771
9582	9412
9265	9152
9070	9021
9002	9002
9013	9022
9018	8993
8946	8883
8815	8752
8712	8705
8750	8858
9027	9260
9569	9953
10421	10977
11610	12305
13024	13722
14357	14888
15294	15585
15770	15876
15930	15957
15973	15986
15991	15990
15978	15957
15934	15908
15885	15868
15853	15837
15810	15773
15724	15659
15583	15502
15418	15331
15246	15166
15086	15009
14929	14852
14767	14677
14580	14482
14383	14285
14189	14098
14010	13926
13840	13750
13650	13541
13423	13300
13182	13068
12960	12858
12760	12658
12551	12431
12306	12160
12048	11768
11800	11060
9107	7901
7935	7162
6784	6357
6095	5945
5885	5886
5911	5944
5967	5982
5979	5970
5953	5938
5922	5910
5898	5886
5874	5861
5850	5837
5827	5820
5819	5820
5824	5834
5845	5860
5873	5886
5902	5914
5929	5940
5951	5961
5969	5973
5974	5972
5972	5969
5967	5972
5985	6004
6030	6061
6088	6109
6120	6114
6099	6073
6048	6028
6021	6027
6046	6070
6097	6119
6138	6150
6156	6160
6161	6157
6154	6146
6136	6120
6100	6077
6057	6041
6029	6024
6027	6030
6036	6039
6039	6033
6026	6019
6014	6012
6021	6038
6067	6100
6135	6163
6178	6177
6158	6128
6092	6059
6036	6027
6032	6038
6044	6038
6018	5978
5927	5861
5795	5722
5652	5573
5481	5377
5249	5099
4936	4763
4592	4432
4286	4162
4055	3968
3890	3825
3766	3718
3671	3634
3600	3571
3543	3516
3489	3460
3434	3413
3392	3375
3353	3327
3288	3237
3172	3099
3011	2928
2847	2775
2715	2671
2639	2619
2601	2589
2574	2557
2540	2520
2498	2479
2462	2450
2445	2449
2470	2508
2561	2634
2719	2816
2910	2994
3057	3090
3093	3064
3011	2945
2875	2815
2771	2744
2727	2717
2704	2682
2656	2624
2596	2576
2563	2564
2572	2586
2598	2603
2598	2583
2558	2534
2509	2493
2483	2481
2482	2486
2494	2500
2508	2512
2516	2517
2517	2518
2521	2527
2542	2557
2577	2603
2630	2659
2688	2713
2736	2750
2758	2752
2738	2718
2698	2681
2673	2674
2682	2702
2729	2764
2810	2861
2920	2982
3052	3123
3198	3275
3351	3417
3470	3508
3534	3563
3603	3655
3729	3827
3941	4070
4207	4340
4468	4581
4681	4761
4824	4869
4908	4938
4971	5003
5041	5078
5119	5156
5194	5222
5251	5275
5304	5342
5398	5470
5576	5705
5871	6074
6320	6613
6950	7330
7752	8207
8680	9157
9623	10071
10482	10850
11169	11442
11660	11832
11960	12054
12127	12187
12240	12295
12350	12400
12437	12459
12465	12456
12436	12413
12395	12390
12404	12435
12480	12531
12588	12635
12666	12674
12658	12620
12559	12484
12398	12303
12205	12094
11971	11832
11669	11488
11285	11072
10848	10623
10394	10170
9951	9739
9539	9362
9210	9094
9013	8971
8957	8967
8988	9007
9009	8988
8946	8878
8802	8729
8680	8662
8695	8792
8950	9171
9458	9815
10244	10760
11358	12028
12742	13453
14117	14693
15147	15481
15703	15842
15917	15961
15987	16002
16010	16009
15995	15974
15945	15916
15891	15871
15853	15828
15797	15754
15697	15626
15546	15460
15370	15285
15198	15119
15045	14971
14896	14819
14736	14650
14551	14457
14355	14258
14162	14072
13985	13900
13817	13728
13629	13523
13406	13288
13169	13055
12947	12846
12745	12643
12532	12415
12287	12143
12028	11748
11777	11039
9090	7888
7927	7158
6789	6368
6115	5966
5909	5904
5925	5951
5973	5975
5973	5960
5945	5931
5917	5905
5894	5885
5873	5861
5846	5835
5823	5819
5814	5816
5820	5828
5839	5849
5863	5876
5888	5902
5913	5927
5939	5947
5953	5957
5956	5954
5948	5947
5948	5956
5974	6001
6029	6058
6085	6101
6103	6096
6076	6052
6029	6011
6010	6019
6040	6065
6089	6111
6127	6137
6142	6145
6146	6145
6141	6136
6127	6115
6098	6081
6062	6046
6032	6022
6017	6016
6017	6019
6018	6015
6012	6009
6009	6012
6022	6036
6061	6089
6117	6142
6154	6151
6133	6104
6067	6035
6015	6007
6012	6021
6028	6029
6016	5987
5945	5896
5841	5787
5730	5668
5594	5502
5385	5248
5092	4927
4758	4598
4454	4329
4220	4129
4049	3977
3913	3846
3786	3728
3674	3623
3575	3529
3489	3447
3412	3383
3361	3338
3313	3283
3243	3188
3124	3046
2962	2875
2796	2728
2675	2637
2612	2597
2590	2583
2575	2565
2551	2537
2522	2506
2496	2489
2489	2499
2524	2565
2624	2695
2782	2872
2963	3041
3101	3131
3134	3106
3059	2995
2931	2872
2824	2794
2770	2753
2734	2706
2676	2641
2609	2587
2576	2574
2583	2596
2606	2609
2599	2579
2552	2521
2495	2476
2465	2464
2466	2476
2485	2496
2504	2512
2514	2519
2519	2522
2524	2531
2543	2560
2579	2606
2633	2663
2694	2719
2741	2757
2765	2761
2750	2736
2719	2708
2704	2711
2724	2744
2772	2812
2858	2916
2979	3049
3122	3203
3284	3370
3448	3516
3562	3590
3608	3620
3636	3671
3726	3805
3907	4023
4150	4276
4398	4505
4598	4669
4725	4764
4795	4817
4847	4880
4919	4967
5019	5069
5117	5157
5192	5223
5255	5294
5350	5426
5529	5660
5828	6036
6289	6593
6944	7340
7773	8238
8717	9201
9672	10120
10530	10895
11212	11479
11695	11863
11991	12089
12162	12225
12282	12337
12389	12436
12470	12492
12497	12489
12470	12450
12440	12438
12451	12477
12516	12560
12606	12642
12666	12666
12646	12600
12537	12460
12371	12279
12178	12070
11947	11807
11645	11462
11260	11047
10826	10601
10373	10147
9925	9704
9498	9312
9152	9030
8950	8912
8908	8929
8962	8988
8997	8979
8933	8867
8784	8704
8640	8615
8638	8724
8869	9075
9343	9671
10066	10541
11104	11750
12455	13179
13873	14488
14991	15370
15633	15803
15904	15968
16002	16023
16031	16028
16013	15987
15957	15926
15898	15874
15851	15820
15782	15734
15667	15590
15505	15412
15321	15231
15149	15073
14999	14932
14862	14787
14707	14620
14525	14429
14330	14231
14136	14048
13959	13878
13794	13708
13613	13506
13391	13273
13154	13039
12933	12830
12729	12626
12516	12397
12269	12122
12008	11722
11752	11009
9064	7872
7915	7155
6794	6379
6129	5988
5928	5922
5939	5959
5969	5970
5960	5947
5932	5921
5911	5899
5889	5881
5871	5860
5846	5834
5823	5814
5811	5810
5816	5821
5832	5840
5854	5863
5877	5887
5901	5911
5922	5932
5937	5939
5940	5934
5931	5927
5931	5941
5966	5991
6026	6055
6078	6088
6085	6074
6051	6027
6007	5997
5995	6010
6032	6055
6079	6099
6115	6125
6130	6132
6133	6132
6130	6129
6120	6111
6098	6083
6066	6049
6033	6021
6008	6001
5997	5994
5993	5994
5995	5998
6005	6011
6023	6036
6058	6082
6107	6127
6134	6129
6109	6077
6045	6010
5991	5984
5987	5999
6010	6013
6004	5980
5950	5912
5871	5832
5791	5742
5686	5607
5505	5382
5236	5080
4922	4767
4627	4505
4401	4307
4223	4146
4071	3996
3920	3844
3769	3693
3622	3552
3489	3433
3385	3346
3315	3288
3262	3230
3189	3138
3072	2995
2913	2830
2752	2686
2638	2604
2586	2577
2576	2576
2577	2573
2568	2559
2551	2545
2539	2540
2546	2563
2590	2634
2691	2765
2846	2934
3016	3088
3141	3170
3173	3151
3106	3047
2987	2928
2883	2847
2817	2793
2765	2732
2694	2658
2625	2601
2586	2587
2595	2608
2615	2617
2606	2582
2552	2516
2487	2466
2455	2452
2455	2462
2472	2484
2492	2501
2505	2510
2512	2514
2518	2526
2541	2559
2581	2608
2637	2668
2699	2724
2749	2766
2775	2774
2767	2754
2744	2738
2738	2745
2759	2780
2810	2847
2895	2950
3017	3090
3169	3250
3338	3427
3512	3580
3627	3653
3659	3658
3664	3684
3724	3787
3873	3976
4089	4203
4315	4414
4496	4562
4608	4643
4669	4692
4720	4758
4804	4862
4924	4987
5048	5097
5140	5176
5212	5259
5318	5398
5503	5641
5812	6028
6290	6600
6962	7371
7813	8283
8765	9251
9724	10171
10581	10942
11254	11515
11727	11894
12020	12119
12197	12262
12322	12381
12430	12472
12503	12522
12525	12520
12505	12495
12486	12484
12498	12519
12554	12591
12625	12654
12666	12659
12632	12584
12519	12438
12349	12255
12156	12046
11923	11783
11621	11437
11235	11023
10801	10577
10350	10124
9895	9672
9456	9262
9095	8970
8889	8855
8860	8890
8929	8965
8976	8963
8918	8848
8761	8676
8605	8571
8585	8658
8788	8981
9223	9523
9888	10322
10853	11474
12171	12907
13630	14283
14835	15256
15560	15763
15893	15969
16019	16045
16054	16048
16032	16004
15970	15935
15906	15878
15849	15814
15770	15710
15639	15556
15460	15365
15269	15179
15097	15023
14956	14893
14826	14754
14675	14589
14496	14400
14300	14203
14107	14020
13933	13853
13772	13686
13592	13486
13374	13256
13139	13028
12918	12816
12714	12612
12498	12377
12249	12100
11980	11697
11721	10979
9040	7859
7904	7152
6796	6393
6148	6008
5948	5938
5949	5963
5967	5962
5949	5935
5921	5909
5900	5893
5887	5879
5870	5859
5845	5832
5823	5813
5810	5809
5814	5818
5826	5834
5845	5853
5865	5874
5886	5897
5908	5917
5923	5925
5922	5916
5912	5909
5912	5926
5952	5986
6021	6052
6071	6076
6067	6051
6026	6003
5985	5979
5983	6000
6020	6048
6069	6090
6102	6112
6115	6118
6118	6118
6118	6117
6113	6107
6099	6084
6070	6053
6036	6017
6000	5987
5978	5972
5971	5976
5982	5991
6001	6012
6022	6035
6053	6072
6091	6108
6112	6106
6086	6054
6018	5987
5968	5959
5964	5975
5986	5993
5984	5967
5942	5914
5885	5857
5831	5798
5755	5694
5606	5495
5363	5220
5073	4930
4799	4685
4583	4494
4412	4332
4249	4162
4068	3975
3877	3780
3682	3588
3500	3423
3355	3303
3261	3229
3199	3169
3130	3081
3020	2950
2870	2791
2718	2656
2608	2576
2557	2557
2557	2564
2571	2578
2580	2583
2585	2589
2593	2600
2616	2637
2669	2715
2768	2837
2915	2992
3069	3134
3182	3206
3208	3187
3148	3094
3039	2985
2938	2898
2866	2832
2798	2757
2716	2675
2637	2612
2599	2600
2608	2618
2626	2627
2615	2589
2556	2522
2490	2468
2453	2448
2448	2453
2461	2468
2474	2481
2486	2491
2494	2500
2507	2518
2537	2558
2582	2610
2640	2675
2706	2734
2757	2778
2789	2792
2787	2779
2773	2767
2768	2776
2789	2808
2837	2871
2915	2968
3030	3100
3176	3260
3352	3445
3534	3607
3656	3680
3684	3679
3678	3687
3717	3765
3835	3922
4017	4120
4215	4303
4376	4436
4479	4511
4539	4569
4604	4649
4709	4773
4846	4917
4986	5041
5091	5131
5176	5227
5295	5384
5498	5643
5823	6045
6314	6634
7002	7415
7862	8335
8820	9309
9779	10225
10629	10990
11298	11554
11763	11925
12052	12151
12232	12301
12364	12418
12468	12506
12535	12550
12555	12549
12542	12532
12529	12533
12543	12564
12591	12618
12644	12663
12666	12653
12618	12568
12499	12416
12327	12232
12132	12024
11900	11761
11596	11412
11213	10999
10781	10557
10329	10102
9870	9638
9417	9211
9039	8910
8827	8797
8808	8849
8896	8939
8957	8946
8900	8831
8742	8651
8578	8535
8538	8594
8712	8883
9104	9376
9704	10107
10603	11204
11894	12639
13388	14080
14671	15141
15485	15724
15877	15974
16033	16064
16075	16070
16048	16018
15981	15948
15913	15880
15846	15806
15755	15690
15610	15519
15420	15318
15219	15129
15047	14975
14912	14851
14788	14721
14645	14559
14468	14371
14272	14175
14080	13992
13907	13827
13744	13661
13570	13468
13357	13240
13123	13010
12902	12800
12699	12595
12481	12358
12228	12075
11954	11665
11689	10945
9016	7844
7891	7150
6800	6403
6165	6024
5964	5952
5957	5962
5961	5951
5936	5920
5908	5898
5891	5886
5883	5875
5866	5856
5844	5831
5819	5813
5807	5806
5806	5814
5818	5826
5835	5845
5854	5862
5872	5883
5892	5900
5906	5908
5905	5898
5893	5891
5896	5912
5942	5977
6014	6042
6059	6061
6048	6026
6001	5978
5964	5962
5971	5991
6012	6036
6059	6076
6089	6098
6102	6105
6107	6107
6107	6106
6106	6102
6096	6088
6075	6058
6039	6017
5994	5974
5959	5953
5953	5959
5969	5984
5999	6011
6022	6034
6050	6064
6081	6090
6094	6086
6062	6031
5995	5964
5944	5935
5939	5951
5963	5967
5962	5948
5927	5901
5883	5869
5854	5838
5806	5758
5687	5592
5474	5343
5211	5083
4965	4861
4769	4687
4606	4525
4439	4342
4236	4121
4001	3875
3751	3628
3514	3412
3323	3254
3200	3160
3131	3099
3065	3024
2970	2907
2836	2761
2693	2633
2588	2555
2539	2535
2542	2551
2566	2580
2595	2612
2624	2641
2653	2670
2691	2717
2749	2791
2847	2908
2974	3045
3111	3169
3210	3237
3238	3221
3183	3138
3086	3037
2991	2951
2911	2872
2829	2785
2738	2692
2652	2626
2610	2608
2617	2628
2638	2639
2626	2604
2572	2537
2504	2478
2460	2449
2447	2448
2449	2452
2456	2459
2463	2468
2474	2485
2496	2510
2533	2555
2583	2616
2647	2681
2716	2746
2774	2795
2811	2817
2818	2810
2806	2801
2800	2806
2816	2831
2855	2883
2922	2967
3020	3084
3155	3236
3326	3424
3513	3589
3642	3671
3677	3672
3669	3673
3690	3732
3786	3859
3939	4024
4105	4179
4243	4295
4339	4377
4416	4458
4508	4567
4637	4715
4792	4869
4937	4995
5045	5091
5138	5197
5278	5379
5503	5661
5851	6082
6358	6685
7056	7469
7918	8390
8874	9357
9829	10273
10677	11035
11340	11593
11795	11958
12084	12186
12265	12335
12397	12450
12496	12535
12558	12574
12577	12578
12573	12570
12572	12577
12587	12604
12626	12645
12662	12671
12668	12646
12608	12552
12481	12396
12305	12213
12112	12002
11879	11737
11573	11392
11191	10980
10759	10537
10309	10078
9843	9606
9377	9166
8985	8852
8770	8742
8759	8806
8862	8911
8935	8927
8885	8818
8728	8637
8559	8509
8498	8543
8636	8785
8980	9222
9518	9891
10363	10943
11628	12381
13152	13878
14514	15023
15408	15680
15859	15972
16041	16079
16092	16084
16062	16029
15992	15954
15916	15881
15841	15796
15734	15664
15580	15485
15380	15273
15172	15080
15002	14931
14870	14814
14754	14688
14615	14530
14440	14341
14243	14146
14053	13960
13877	13798
13719	13636
13546	13446
13336	13220
13104	12990
12884	12779
12676	12572
12459	12333
12200	12049
11923	11633
11650	10915
8999	7833
7883	7146
6803	6410
6177	6037
5975	5957
5959	5958
5952	5937
5921	5905
5894	5885
5881	5880
5875	5871
5862	5853
5840	5829
5818	5812
5806	5804
5804	5810
5814	5823
5829	5836
5842	5849
5856	5866
5874	5882
5886	5891
5888	5882
5874	5872
5878	5895
5926	5962
6001	6028
6043	6042
6025	6001
5974	5955
5944	5945
5958	5979
6004	6030
6050	6067
6079	6086
6091	6093
6095	6095
6097	6098
6099	6098
6095	6088
6076	6060
6039	6015
5989	5965
5946	5939
5938	5943
5959	5976
5995	6012
6024	6033
6045	6056
6067	6073
6075	6064
6042	6012
5975	5946
5922	5916
5919	5927
5937	5941
5936	5923
5906	5888
5874	5867
5863	5857
5840	5804
5746	5662
5562	5450
5334	5223
5120	5030
4952	4875
4804	4722
4632	4529
4412	4281
4138	3989
3832	3681
3535	3402
3290	3199
3132	3085
3051	3024
2994	2964
2920	2867
2806	2743
2680	2623
2579	2548
2529	2523
2530	2546
2568	2589
2614	2642
2667	2694
2716	2741
2767	2795
2828	2865
2912	2966
3023	3085
3143	3194
3231	3252
3255	3240
3213	3173
3126	3083
3041	2997
2954	2914
2866	2814
2762	2713
2671	2640
2622	2618
2624	2635
2644	2649
2639	2620
2588	2555
2522	2494
2474	2460
2451	2444
2440	2437
2434	2436
2436	2444
2451	2467
2484	2507
2531	2561
2591	2626
2661	2699
2737	2770
2803	2827
2846	2855
2857	2854
2847	2837
2832	2831
2835	2846
2862	2885
2913	2951
2992	3047
3108	3183
3270	3366
3451	3531
3587	3622
3634	3634
3631	3637
3651	3681
3727	3784
3849	3915
3983	4043
4100	4151
4202	4253
4306	4366
4439	4515
4595	4677
4761	4836
4900	4956
5001	5044
5096	5166
5257	5376
5520	5690
5894	6134
6416	6745
7118	7531
7974	8444
8924	9407
9875	10315
10719	11074
11378	11631
11834	11995
12119	12217
12296	12365
12422	12472
12517	12550
12574	12590
12595	12599
12600	12601
12607	12615
12626	12640
12653	12668
12677	12676
12666	12640
12596	12539
12464	12379
12289	12192
12091	11980
11857	11717
11555	11372
11170	10961
10741	10521
10292	10058
9820	9578
9343	9123
8940	8801
8719	8692
8712	8764
8825	8881
8913	8911
8877	8810
8726	8634
8553	8495
8474	8500
8572	8693
8861	9071
9341	9683
10131	10694
11373	12133
12924	13681
14352	14900
15325	15626
15831	15961
16045	16083
16099	16092
16070	16035
15996	15955
15915	15876
15832	15782
15717	15641
15552	15452
15341	15233
15131	15037
14960	14893
14833	14778
14720	14656
14580	14500
14408	14313
14215	14118
14021	13931
13846	13765
13687	13607
13516	13419
13312	13199
13083	12967
12858	12755
12652	12545
12429	12303
12169	12013
11885	11595
11610	10881
8983	7827
7876	7148
6809	6419
6186	6045
5979	5958
5954	5946
5937	5920
5902	5886
5875	5869
5869	5868
5869	5864
5858	5848
5838	5827
5818	5812
5805	5803
5803	5807
5808	5817
5822	5827
5833	5837
5842	5848
5856	5863
5867	5870
5869	5865
5858	5856
5862	5880
5909	5946
5981	6009
6022	6018
6001	5976
5948	5932
5923	5929
5944	5966
5993	6019
6039	6056
6067	6074
6079	6083
6084	6084
6088	6089
6092	6094
6094	6088
6077	6063
6039	6014
5986	5958
5939	5928
5929	5935
5952	5971
5993	6009
6025	6032
6041	6047
6057	6059
6058	6047
6024	5992
5958	5928
5906	5898
5899	5907
5910	5915
5910	5898
5882	5870
5861	5859
5865	5867
5855	5832
5781	5717
5630	5536
5437	5345
5262	5189
5122	5059
4994	4918
4827	4719
4595	4448
4286	4112
3925	3740
3560	3397
3258	3145
3060	3004
2968	2944
2924	2902
2873	2835
2789	2738
2681	2630
2584	2553
2533	2527
2535	2553
2579	2610
2646	2683
2719	2751
2783	2810
2838	2862
2891	2924
2963	3007
3058	3110
3160	3206
3238	3254
3260	3248
3225	3195
3156	3120
3080	3040
3001	2955
2903	2848
2789	2734
2688	2650
2629	2620
2626	2637
2648	2653
2647	2631
2603	2573
2540	2512
2489	2472
2456	2447
2433	2425
2418	2415
2414	2423
2432	2452
2475	2502
2535	2567
2603	2641
2682	2724
2768	2807
2840	2870
2892	2903
2907	2904
2894	2879
2866	2858
2852	2855
2862	2875
2896	2921
2952	2996
3046	3112
3190	3277
3362	3440
3503	3543
3566	3573
3577	3581
3596	3620
3655	3701
3753	3807
3862	3915
3967	4023
4080	4151
4225	4307
4398	4492
4584	4672
4751	4818
4872	4917
4955	4999
5056	5136
5243	5380
5541	5731
5948	6201
6490	6822
7192	7596
8038	8500
8974	9454
9918	10357
10757	11115
11417	11667
11870	12029
12150	12248
12322	12385
12438	12484
12523	12555
12579	12596
12609	12614
12622	12629
12637	12646
12658	12670
12679	12687
12690	12685
12667	12636
12590	12527
12451	12366
12274	12178
12076	11964
11842	11700
11535	11353
11153	10943
10726	10503
10274	10036
9796	9548
9309	9084
8899	8756
8673	8647
8668	8724
8791	8851
8893	8900
8870	8810
8729	8640
8556	8492
8459	8464
8515	8611
8746	8929
9173	9493
9918	10464
11134	11896
12701	13485
14190	14779
15236	15568
15797	15947
16039	16087
16103	16098
16075	16041
15997	15954
15911	15867
15818	15765
15695	15613
15520	15415
15308	15198
15095	15003
14922	14857
14799	14743
14686	14624
14549	14469
14380	14286
14187	14089
13990	13897
13808	13728
13648	13571
13482	13387
13283	13170
13056	12939
12828	12719
12616	12507
12390	12264
12128	11972
11844	11554
11567	10845
8968	7823
7873	7148
6812	6424
6190	6045
5979	5950
5938	5928
5913	5895
5878	5863
5856	5855
5856	5858
5858	5856
5850	5844
5833	5824
5814	5810
5803	5803
5804	5807
5810	5813
5815	5817
5818	5822
5823	5828
5834	5842
5846	5853
5853	5849
5843	5841
5845	5862
5888	5921
5953	5980
5990	5986
5967	5943
5919	5906
5902	5912
5928	5956
5983	6009
6028	6046
6056	6066
6070	6075
6076	6081
6082	6084
6087	6089
6090	6086
6077	6062
6038	6013
5984	5955
5935	5924
5922	5932
5949	5970
5990	6008
6020	6028
6033	6038
6041	6044
6041	6028
6004	5976
5942	5915
5893	5883
5883	5888
5893	5893
5888	5878
5864	5851
5849	5850
5858	5862
5859	5839
5803	5748
5679	5600
5522	5451
5387	5330
5281	5232
5174	5106
5021	4912
4781	4622
4441	4240
4024	3804
3589	3393
3223	3087
2987	2920
2881	2860
2849	2842
2828	2806
2776	2739
2694	2650
2608	2576
2556	2550
2557	2578
2610	2648
2688	2733
2775	2812
2846	2874
2898	2918
2938	2963
2992	3027
3066	3117
3159	3198
3228	3244
3247	3241
3224	3201
3175	3145
3115	3084
3046	3001
2947	2888
2826	2765
2708	2665
2636	2622
2622	2631
2643	2651
2649	2636
2616	2585
2559	2530
2507	2486
2468	2451
2435	2422
2412	2406
2404	2413
2428	2450
2477	2510
2544	2583
2621	2666
2713	2762
2809	2856
2896	2932
2955	2969
2972	2966
2951	2931
2907	2885
2868	2859
2860	2864
2876	2892
2911	2940
2982	3034
3102	3179
3258	3335
3397	3444
3474	3491
3504	3513
3528	3553
3583	3621
3665	3708
3759	3808
3860	3921
3994	4080
4178	4284
4393	4501
4600	4686
4755	4809
4849	4881
4913	4955
5018	5107
5233	5389
5575	5790
6023	6286
6582	6910
7277	7677
8109	8563
9033	9507
9967	10403
10798	11148
11448	11698
11899	12056
12176	12269
12339	12396
12443	12483
12516	12550
12574	12594
12611	12626
12637	12647
12658	12671
12682	12693
12700	12704
12702	12691
12669	12635
12585	12519
12441	12355
12261	12162
12062	11951
11827	11684
11519	11339
11137	10930
10712	10490
10258	10019
9774	9524
9281	9054
8867	8722
8637	8608
8629	8684
8754	8822
8870	8886
8864	8814
8738	8654
8568	8498
8456	8443
8468	8538
8649	8805
9023	9323
9726	10256
10913	11671
12484	13286
14020	14641
15134	15497
15751	15917
16020	16075
16096	16092
16071	16034
15992	15947
15903	15852
15800	15740
15669	15585
15491	15383
15277	15166
15066	14974
14894	14825
14766	14709
14653	14587
14517	14434
14349	14254
14157	14058
13958	13860
13772	13687
13608	13528
13443	13349
13247	13136
13016	12901
12788	12676
12568	12457
12341	12215
12081	11926
11796	11509
11521	10809
8959	7822
7871	7150
6814	6426
6189	6041
5966	5932
5916	5899
5884	5864
5848	5837
5834	5834
5840	5842
5844	5842
5840	5832
5826	5817
5813	5805
5803	5802
5804	5808
5811	5812
5812	5809
5808	5805
5803	5808
5812	5818
5828	5833
5837	5836
5831	5825
5828	5845
5863	5894
5922	5943
5953	5948
5933	5910
5890	5881
5881	5894
5915	5943
5972	5995
6019	6035
6047	6055
6062	6066
6071	6074
6078	6080
6086	6088
6088	6084
6075	6059
6036	6009
5981	5955
5937	5926
5923	5933
5949	5969
5989	6006
6015	6022
6024	6029
6030	6031
6025	6013
5991	5966
5934	5907
5888	5878
5876	5877
5879	5878
5872	5861
5852	5840
5839	5839
5847	5850
5849	5834
5808	5763
5708	5647
5588	5535
5489	5451
5418	5383
5337	5283
5202	5099
4966	4797
4600	4376
4127	3872
3621	3392
3193	3035
2919	2841
2801	2782
2779	2784
2787	2785
2772	2750
2720	2686
2648	2619
2600	2593
2603	2625
2661	2701
2748	2795
2836	2873
2905	2926
2945	2956
2967	2983
3002	3029
3063	3102
3143	3179
3205	3219
3224	3221
3211	3195
3180	3165
3146	3124
3094	3052
3000	2936
2869	2797
2733	2675
2640	2619
2610	2617
2628	2639
2641	2634
2617	2596
2571	2544
2520	2498
2479	2458
2443	2427
2415	2406
2408	2416
2433	2458
2489	2524
2564	2604
2650	2698
2751	2809
2866	2919
2969	3006
3036	3049
3051	3040
3018	2985
2948	2913
2882	2862
2851	2852
2857	2864
2878	2897
2925	2965
3019	3082
3151	3220
3286	3337
3378	3406
3427	3444
3465	3487
3519	3554
3593	3639
3687	3736
3796	3865
3951	4055
4171	4297
4420	4534
4635	4711
4770	4806
4831	4850
4876	4917
4985	5090
5237	5415
5627	5862
6117	6395
6695	7025
7387	7780
8204	8651
9111	9574
10027	10453
10838	11184
11476	11721
11917	12071
12189	12276
12342	12395
12434	12471
12503	12536
12564	12589
12610	12630
12646	12662
12675	12688
12699	12710
12715	12715
12711	12698
12672	12635
12581	12514
12435	12346
12251	12152
12048	11934
11811	11666
11504	11322
11124	10917
10701	10477
10244	10005
9756	9503
9255	9030
8841	8699
8611	8581
8602	8655
8727	8795
8848	8869
8858	8816
8746	8665
8583	8509
8456	8428
8437	8480
8568	8705
8901	9181
9568	10076
10716	11458
12272	13083
13841	14492
15016	15413
15691	15874
15992	16054
16080	16079
16056	16019
15978	15931
15883	15831
15777	15711
15637	15553
15458	15354
15248	15141
15041	14951
14872	14804
14740	14679
14619	14553
14479	14400
14315	14222
14128	14024
13924	13825
13729	13642
13560	13476
13392	13301
13201	13091
12975	12853
12737	12622
12509	12395
12279	12153
12022	11871
11746	11465
11475	10778
8954	7824
7872	7155
6817	6426
6182	6026
5947	5908
5884	5865
5846	5828
5815	5808
5808	5812
5819	5825
5828	5831
5826	5821
5814	5808
5804	5801
5799	5803
5805	5809
5811	5812
5810	5804
5795	5788
5783	5783
5785	5796
5808	5817
5822	5823
5820	5816
5814	5822
5837	5860
5882	5899
5905	5904
5891	5878
5863	5856
5862	5877
5900	5928
5956	5984
6008	6025
6038	6044
6052	6058
6062	6070
6075	6079
6081	6084
6083	6078
6069	6054
6032	6007
5979	5957
5939	5932
5929	5937
5949	5969
5986	6001
6010	6015
6017	6020
6016	6016
6009	5997
5979	5955
5927	5905
5885	5875
5870	5870
5869	5869
5861	5852
5841	5832
5827	5828
5833	5835
5834	5823
5797	5765
5721	5678
5635	5597
5571	5552
5532	5514
5485	5441
5373	5275
5141	4967
4752	4503
4227	3936
3654	3394
3168	2988
2857	2771
2726	2711
2716	2735
2756	2772
2778	2770
2754	2727
2702	2676
2660	2658
2671	2697
2732	2776
2821	2865
2904	2935
2957	2972
2977	2980
2981	2984
2992	3012
3041	3079
3116	3148
3175	3186
3193	3190
3184	3179
3176	3176
3173	3164
3143	3111
3061	2998
2919	2839
2759	2692
2638	2608
2592	2592
2602	2612
2619	2617
2606	2591
2571	2551
2531	2511
2491	2474
2457	2443
2428	2422
2423	2435
2453	2482
2514	2550
2592	2635
2681	2736
2798	2862
2929	2992
3049	3091
3119	3133
3131	3113
3082	3037
2989	2942
2899	2868
2849	2843
2844	2850
2859	2869
2889	2916
2954	3003
3062	3125
3184	3240
3288	3328
3358	3385
3412	3441
3476	3517
3561	3609
3661	3719
3787	3867
3965	4080
4211	4347
4476	4591
4682	4747
4787	4804
4812	4822
4843	4888
4967	5089
5257	5465
5703	5962
6241	6530
6839	7170
7527	7915
8329	8769
9217	9670
10107	10518
10890	11217
11498	11732
11923	12072
12186	12269
12331	12379
12416	12450
12481	12514
12548	12578
12604	12630
12652	12671
12684	12697
12708	12717
12722	12722
12718	12702
12675	12637
12582	12514
12432	12340
12242	12142
12034	11920
11794	11649
11487	11309
11112	10906
10692	10470
10237	9995
9745	9489
9242	9013
8824	8684
8598	8566
8583	8637
8708	8776
8833	8858
8852	8816
8753	8676
8597	8521
8461	8426
8416	8442
8510	8628
8808	9070
9437	9926
10540	11267
12064	12881
13652	14332
14888	15315
15621	15828
15953	16024
16052	16054
16033	16003
15956	15909
15857	15802
15745	15678
15602	15518
15424	15324
15222	15120
15022	14938
14858	14785
14719	14652
14587	14516
14442	14365
14281	14194
14098	13997
13891	13787
13687	13592
13505	13419
13337	13245
13146	13037
12917	12794
12672	12552
12436	12322
12204	12084
11956	11809
11689	11414
11426	10745
8948	7831
7871	7158
6815	6420
6174	6012
5927	5879
5853	5830
5810	5794
5784	5779
5783	5788
5800	5809
5815	5815
5815	5809
5806	5801
5797	5796
5798	5799
5805	5811
5814	5813
5807	5797
5784	5774
5763	5762
5765	5774
5786	5802
5808	5814
5809	5805
5802	5802
5810	5824
5839	5853
5860	5859
5852	5841
5834	5832
5842	5859
5886	5913
5942	5971
5994	6012
6025	6036
6044	6053
6058	6065
6070	6075
6079	6080
6077	6070
6059	6043
6026	6003
5981	5961
5946	5940
5937	5944
5955	5969
5985	5997
6005	6009
6010	6009
6009	6005
5998	5987
5970	5948
5925	5903
5888	5874
5868	5866
5863	5861
5854	5844
5834	5825
5821	5817
5817	5817
5812	5801
5781	5754
5721	5689
5661	5641
5630	5624
5623	5618
5607	5576
5519	5431
5300	5123
4892	4618
4314	3993
3680	3394
3147	2949
2806	2714
2667	2656
2673	2704
2738	2770
2794	2804
2800	2784
2765	2750
2738	2742
2758	2785
2824	2865
2905	2943
2972	2995
3005	3006
3000	2988
2977	2969
2971	2989
3014	3050
3087	3120
3145	3157
3161	3159
3156	3157
3167	3181
3196	3207
3202	3179
3134	3067
2981	2885
2792	2705
2637	2591
2566	2560
2565	2577
2585	2591
2589	2581
2568	2553
2538	2522
2505	2488
2476	2462
2453	2448
2452	2465
2484	2514
2547	2583
2624	2669
2717	2778
2846	2919
2993	3065
3126	3174
3202	3214
3207	3181
3141	3087
3026	2964
2911	2872
2851	2841
2841	2849
2857	2865
2874	2891
2916	2950
2995	3048
3107	3164
3221	3270
3313	3351
3388	3425
3469	3517
3571	3630
3695	3762
3840	3933
4041	4166
4301	4435
4562	4664
4739	4782
4798	4797
4792	4795
4816	4868
4962	5105
5296	5533
5801	6090
6393	6702
7021	7353
7707	8088
8491	8916
9353	9790
10207	10594
10943	11250
11514	11732
11915	12057
12167	12248
12308	12352
12389	12421
12455	12493
12529	12565
12597	12628
12651	12670
12688	12702
12714	12722
12728	12728
12724	12707
12682	12642
12588	12516
12430	12333
12230	12123
12014	11895
11768	11626
11468	11291
11099	10897
10687	10464
10234	9990
9739	9482
9233	9006
8817	8680
8597	8566
8583	8636
8705	8774
8829	8856
8852	8821
8762	8688
8612	8536
8470	8424
8406	8419
8473	8578
8746	8994
9341	9803
10390	11086
11864	12675
13456	14158
14745	15204
15538	15764
15904	15981
16017	16018
16003	15970
15926	15878
15827	15768
15706	15640
15562	15479
15387	15291
15194	15100
15007	14922
14843	14770
14697	14626
14554	14479
14405	14327
14249	14164
14071	13970
13864	13755
13648	13544
13451	13359
13274	13182
13085	12972
12851	12726
12599	12474
12355	12236
12119	12002
11881	11741
11629	11365
11384	10716
8947	7835
7873	7161
6815	6416
6163	5996
5904	5850
5819	5792
5774	5760
5751	5750
5758	5767
5780	5789
5796	5799
5797	5796
5795	5790
5789	5790
5794	5799
5807	5813
5816	5813
5807	5792
5777	5760
5747	5739
5744	5753
5769	5786
5799	5803
5804	5796
5791	5783
5786	5790
5803	5812
5818	5817
5815	5810
5809	5813
5824	5844
5869	5900
5930	5955
5980	5999
6015	6026
6036	6044
6053	6058
6065	6071
6075	6073
6072	6063
6052	6036
6019	5999
5981	5964
5954	5947
5946	5950
5961	5970
5981	5991
5996	6000
5999	5998
5998	5993
5985	5976
5961	5942
5923	5905
5892	5879
5871	5867
5861	5859
5852	5843
5831	5823
5814	5809
5802	5797
5788	5777
5758	5736
5713	5689
5675	5667
5669	5675
5688	5698
5700	5686
5644	5565
5439	5256
5011	4715
4385	4040
3704	3396
3134	2926
2776	2680
2632	2624
2649	2687
2736	2781
2818	2840
2848	2840
2834	2827
2826	2835
2857	2889
2927	2965
2997	3026
3043	3050
3046	3033
3014	2990
2968	2956
2952	2966
2994	3033
3072	3105
3128	3140
3138	3137
3135	3143
3161	3190
3223	3253
3267	3256
3215	3143
3047	2937
2824	2720
2638	2575
2536	2521
2523	2530
2545	2556
2564	2561
2559	2551
2542	2530
2519	2507
2495	2485
2481	2478
2484	2498
2523	2550
2583	2618
2659	2700
2753	2815
2886	2965
3050	3128
3196	3244
3273	3282
3267	3233
3185	3121
3054	2984
2927	2886
2859	2851
2856	2866
2876	2887
2890	2899
2908	2929
2962	3006
3060	3120
3183	3246
3302	3353
3401	3450
3505	3562
3634	3709
3786	3870
3960	4064
4175	4302
4433	4560
4667	4751
4800	4815
4807	4787
4770	4768
4793	4859
4972	5138
5359	5626
5925	6246
6573	6901
7234	7573
7925	8298
8689	9103
9518	9930
10321	10683
11003	11283
11524	11728
11896	12030
12137	12218
12276	12322
12360	12395
12432	12471
12514	12555
12591	12625
12651	12671
12688	12703
12715	12724
12728	12730
12727	12714
12687	12650
12592	12519
12428	12325
12215	12101
11984	11867
11739	11599
11441	11272
11085	10889
10684	10467
10236	9995
9738	9480
9229	9005
8820	8685
8607	8584
8603	8656
8723	8790
8840	8867
8865	8832
8775	8702
8625	8548
8482	8432
8405	8409
8456	8551
8711	8942
9272	9709
10262	10925
11674	12467
13251	13970
14588	15078
15444	15693
15847	15935
15976	15978
15964	15931
15889	15840
15788	15728
15665	15596
15522	15437
15350	15259
15168	15079
14992	14910
14830	14755
14678	14601
14524	14447
14370	14294
14218	14136
14049	13949
13840	13727
13609	13498
13396	13301
13210	13116
13016	12903
12779	12650
12518	12386
12262	12143
12027	11911
11797	11670
11564	11312
11335	10687
8949	7840
7876	7162
6816	6415
6155	5983
5883	5825
5789	5765
5744	5731
5725	5727
5736	5749
5760	5770
5779	5783
5784	5784
5782	5781
5781	5783
5788	5796
5804	5812
5816	5814
5803	5787
5768	5749
5732	5726
5726	5737
5755	5773
5787	5797
5795	5790
5780	5771
5765	5764
5769	5775
5781	5783
5784	5783
5788	5797
5808	5830
5856	5886
5915	5941
5966	5985
5999	6014
6023	6031
6042	6048
6056	6060
6065	6065
6061	6051
6040	6025
6010	5994
5979	5966
5957	5951
5953	5956
5961	5970
5978	5984
5989	5992
5992	5991
5990	5985
5978	5968
5957	5938
5924	5908
5893	5882
5873	5867
5863	5855
5850	5842
5833	5822
5813	5804
5792	5781
5770	5754
5737	5718
5699	5687
5678	5678
5690	5709
5732	5751
5765	5765
5739	5670
5548	5361
5105	4791
4439	4071
3719	3401
3128	2918
2765	2669
2623	2621
2648	2695
2752	2808
2853	2883
2898	2906
2903	2907
2916	2937
2964	2996
3031	3063
3091	3107
3113	3103
3082	3056
3021	2988
2958	2942
2940	2956
2987	3030
3071	3107
3128	3135
3132	3126
3123	3132
3159	3201
3251	3302
3334	3336
3300	3224
3120	2993
2862	2737
2634	2556
2508	2483
2480	2488
2504	2519
2535	2544
2548	2546
2545	2540
2532	2524
2518	2511
2506	2509
2519	2534
2559	2587
2620	2652
2690	2733
2783	2845
2922	3009
3097	3177
3247	3295
3323	3327
3306	3266
3210	3142
3069	2998
2942	2902
2880	2879
2889	2903
2918	2932
2935	2936
2936	2945
2966	3001
3052	3115
3186	3257
3328	3392
3452	3516
3587	3664
3747	3836
3933	4030
4135	4245
4361	4482
4602	4709
4795	4846
4866	4847
4813	4773
4747	4744
4779	4861
4996	5191
5440	5740
6072	6422
6781	7133
7480	7827
8179	8542
8922	9314
9706	10092
10450	10774
11065	11313
11532	11718
11872	11997
12100	12181
12241	12289
12331	12371
12411	12457
12502	12546
12586	12620
12648	12669
12688	12702
12714	12724
12730	12733
12731	12717
12694	12656
12598	12519
12422	12312
12193	12074
11948	11825
11698	11561
11408	11247
11071	10884
10684	10472
10245	10001
9746	9485
9236	9012
8831	8704
8631	8617
8643	8697
8765	8828
8873	8896
8889	8853
8795	8721
8642	8563
8494	8439
8409	8408
8448	8537
8689	8913
9226	9634
10155	10778
11492	12260
13039	13771
14414	14938
15332	15607
15783	15881
15923	15931
15914	15885
15842	15795
15739	15683
15619	15548
15477	15396
15310	15224
15138	15053
14971	14893
14816	14738
14659	14578
14497	14415
14339	14264
14191	14111
14025	13929
13819	13698
13576	13455
13341	13239
13144	13047
12944	12827
12701	12566
12428	12293
12165	12044
11931	11822
11713	11592
11497	11259
11289	10658
8948	7848
7876	7168
6816	6411
6148	5972
5866	5806
5768	5738
5719	5707
5701	5708
5718	5730
5745	5754
5763	5767
5768	5770
5769	5768
5771	5775
5781	5791
5802	5811
5817	5814
5802	5785
5762	5740
5721	5712
5713	5726
5743	5764
5782	5792
5793	5787
5773	5760
5748	5743
5742	5746
5753	5757
5760	5767
5771	5783
5798	5819
5845	5874
5899	5926
5948	5968
5983	5997
6008	6018
6028	6037
6045	6050
6052	6051
6047	6038
6027	6012
6000	5986
5974	5965
5957	5956
5955	5954
5961	5967
5971	5978
5980	5983
5984	5984
5982	5979
5973	5962
5951	5937
5922	5909
5897	5886
5875	5869
5862	5856
5849	5841
5832	5824
5810	5798
5783	5769
5752	5737
5720	5701
5685	5676
5674	5681
5696	5721
5749	5780
5805	5818
5804	5749
5631	5439
5172	4847
4479	4101
3737	3415
3143	2932
2781	2686
2644	2643
2674	2728
2788	2848
2897	2934
2953	2968
2973	2987
3007	3033
3067	3104
3137	3163
3182	3187
3178	3155
3119	3079
3035	2994
2958	2942
2942	2962
2999	3050
3095	3130
3151	3156
3146	3131
3126	3138
3167	3221
3288	3356
3405	3416
3385	3307
3187	3046
2896	2757
2636	2546
2485	2454
2443	2451
2467	2490
2511	2528
2539	2546
2548	2548
2544	2541
2537	2534
2536	2539
2551	2570
2594	2621
2654	2683
2719	2757
2805	2868
2946	3031
3122	3206
3275	3322
3345	3345
3317	3272
3212	3145
3076	3010
2959	2926
2912	2919
2937	2960
2982	2998
3002	3000
2996	2993
3003	3031
3082	3148
3227	3309
3389	3471
3548	3629
3712	3808
3909	4016
4130	4241
4352	4465
4578	4694
4796	4879
4932	4947
4928	4879
4816	4758
4724	4724
4775	4878
5042	5261
5544	5872
6238	6621
7005	7381
7747	8099
8451	8811
9175	9544
9908	10259
10582	10871
11124	11343
11536	11700
11843	11962
12062	12144
12206	12260
12308	12349
12395	12444
12494	12540
12582	12617
12646	12668
12685	12698
12711	12720
12728	12734
12734	12723
12702	12662
12603	12518
12415	12294
12166	12036
11906	11777
11648	11514
11369	11215
11048	10872
10683	10479
10257	10017
9758	9499
9250	9026
8851	8732
8672	8663
8697	8757
8826	8888
8930	8943
8930	8888
8827	8748
8666	8582
8511	8451
8417	8411
8447	8531
8679	8895
9193	9577
10063	10645
11319	12056
12822	13563
14226	14781
15211	15513
15709	15816
15868	15878
15863	15831
15791	15743
15691	15633
15571	15502
15427	15348
15268	15186
15103	15023
14946	14870
14796	14716
14635	14552
14469	14388
14308	14235
14162	14087
14003	13905
13794	13669
13540	13411
13292	13182
13079	12976
12869	12750
12619	12481
12338	12199
12068	11944
11831	11725
11622	11510
11423	11198
11234	10624
8948	7851
7878	7169
6814	6410
6140	5963
5854	5791
5750	5721
5701	5689
5687	5692
5701	5715
5728	5738
5747	5751
5755	5755
5755	5756
5758	5765
5773	5785
5796	5808
5814	5813
5801	5781
5756	5733
5713	5703
5703	5715
5735	5756
5777	5788
5791	5783
5769	5754
5739	5729
5726	5727
5731	5737
5742	5750
5761	5773
5789	5809
5833	5858
5885	5910
5930	5948
5965	5979
5989	6000
6010	6018
6028	6034
6038	6035
6032	6024
6012	6000
5988	5977
5968	5959
5955	5954
5954	5953
5955	5959
5963	5968
5972	5976
5978	5978
5977	5974
5966	5960
5948	5938
5923	5912
5899	5890
5878	5872
5863	5856
5850	5841
5832	5823
5809	5794
5778	5761
5742	5724
5706	5688
5672	5664
5664	5673
5692	5718
5753	5791
5824	5849
5848	5800
5689	5498
5226	4890
4514	4128
3763	3442
3175	2969
2822	2731
2690	2687
2723	2776
2840	2899
2950	2986
3009	3026
3042	3063
3091	3128
3166	3205
3240	3260
3269	3263
3242	3206
3158	3106
3055	3008
2971	2954
2962	2991
3036	3091
3140	3175
3193	3191
3177	3156
3146	3152
3188	3250
3330	3410
3473	3494
3464	3378
3247	3091
2929	2775
2644	2541
2473	2437
2424	2428
2447	2472
2495	2517
2535	2548
2556	2558
2557	2556
2555	2555
2558	2566
2580	2599
2625	2651
2682	2711
2740	2775
2822	2883
2955	3042
3133	3213
3279	3325
3342	3333
3305	3258
3199	3134
3073	3018
2976	2956
2954	2969
3000	3032
3061	3078
3088	3083
3074	3068
3074	3100
3148	3217
3303	3397
3491	3589
3680	3778
3882	3993
4111	4232
4355	4475
4594	4706
4815	4915
4998	5051
5073	5050
4996	4912
4825	4751
4714	4724
4788	4917
5105	5358
5667	6028
6423	6835
7246	7643
8024	8390
8741	9093
9441	9785
10116	10430
10714	10961
11181	11370
11536	11683
11812	11924
12021	12102
12171	12229
12282	12333
12385	12438
12488	12537
12582	12617
12646	12666
12683	12697
12708	12720
12728	12736
12736	12726
12706	12666
12603	12513
12401	12271
12134	11995
11856	11722
11593	11464
11326	11181
11028	10862
10683	10486
10269	10029
9774	9515
9267	9051
8881	8769
8716	8720
8764	8831
8899	8960
8996	9005
8983	8935
8862	8783
8692	8607
8531	8468
8426	8420
8446	8530
8672	8882
9167	9528
9979	10522
11151	11857
12602	13341
14023	14606
15069	15403
15621	15750
15805	15819
15806	15775
15736	15689
15638	15580
15517	15451
15377	15300
15222	15142
15066	14986
14913	14840
14765	14687
14608	14526
14440	14358
14281	14207
14136	14058
13977	13879
13763	13637
13501	13368
13240	13122
13013	12904
12792	12665
12533	12389
12243	12101
11966	11845
11731	11627
11529	11423
11343	11134
11173	10588
8950	7851
7881	7170
6816	6408
6138	5958
5846	5783
5741	5710
5688	5677
5676	5681
5691	5703
5716	5726
5733	5736
5740	5741
5741	5744
5747	5754
5763	5777
5791	5802
5810	5811
5799	5781
5756	5732
5711	5699
5699	5711
5730	5752
5773	5785
5788	5780
5764	5747
5731	5718
5714	5714
5718	5724
5734	5740
5751	5766
5784	5801
5823	5846
5871	5891
5912	5928
5943	5957
5968	5981
5989	6000
6009	6016
6017	6018
6015	6005
5998	5985
5975	5965
5958	5954
5950	5946
5946	5946
5951	5953
5955	5959
5964	5968
5971	5973
5973	5971
5966	5957
5948	5937
5924	5914
5903	5892
5881	5872
5863	5856
5848	5839
5829	5818
5804	5789
5771	5752
5731	5711
5691	5673
5660	5652
5650	5658
5679	5706
5741	5783
5829	5861
5870	5837
5730	5542
5271	4931
4555	4168
3807	3491
3231	3031
2887	2800
2758	2756
2789	2840
2900	2959
3006	3042
3068	3084
3107	3135
3173	3217
3261	3302
3332	3349
3353	3337
3304	3261
3206	3143
3084	3035
3000	2991
3001	3036
3086	3145
3197	3232
3246	3238
3217	3192
3175	3183
3220	3287
3376	3469
3538	3563
3531	3439
3296	3129
2952	2788
2654	2550
2481	2440
2426	2428
2447	2469
2498	2521
2543	2557
2566	2572
2574	2574
2574	2575
2581	2588
2602	2620
2647	2674
2704	2729
2757	2788
2834	2885
2959	3042
3126	3205
3265	3305
3318	3306
3273	3225
3172	3116
3064	3025
3001	2996
3009	3037
3075	3114
3149	3173
3185	3183
3173	3164
3169	3193
3247	3318
3414	3517
3629	3737
3847	3962
4080	4207
4339	4470
4599	4726
4841	4950
5047	5132
5192	5221
5210	5155
5063	4953
4845	4764
4728	4747
4832	4984
5203	5480
5819	6205
6625	7060
7492	7909
8303	8676
9035	9374
9705	10022
10320	10591
10835	11049
11231	11395
11534	11663
11778	11887
11981	12066
12137	12203
12264	12320
12378	12434
12488	12537
12581	12617
12644	12665
12680	12695
12706	12718
12728	12737
12738	12730
12707	12665
12597	12502
12383	12246
12097	11949
11804	11666
11536	11408
11280	11145
11001	10846
10676	10489
10279	10045
9792	9536
9292	9080
8915	8812
8768	8782
8830	8903
8974	9035
9067	9070
9042	8985
8911	8822
8729	8636
8553	8484
8438	8424
8449	8529
8669	8874
9145	9486
9905	10408
10994	11658
12378	13108
13800	14409
14904	15271
15524	15666
15738	15759
15743	15716
15676	15632
15580	15527
15465	15396
15327	15252
15172	15097
15020	14945
14871	14800
14726	14648
14570	14487
14404	14323
14246	14173
14103	14025
13938	13837
13721	13591
13452	13315
13182	13059
12942	12828
12708	12580
12439	12294
12143	11999
11865	11742
11629	11527
11434	11333
11260	11061
11106	10547
8950	7854
7881	7170
6814	6406
6138	5956
5842	5777
5735	5702
5682	5670
5669	5673
5682	5694
5706	5715
5722	5725
5727	5729
5731	5734
5737	5745
5755	5768
5786	5799
5808	5808
5799	5779
5755	5731
5708	5696
5696	5708
5729	5751
5773	5785
5787	5781
5764	5745
5727	5713
5709	5707
5712	5717
5726	5736
5749	5760
5779	5795
5816	5836
5857	5876
5893	5907
5921	5934
5945	5956
5967	5978
5984	5991
5994	5995
5992	5985
5978	5970
5960	5952
5947	5941
5940	5938
5937	5938
5940	5940
5946	5949
5953	5960
5964	5966
5970	5967
5963	5956
5947	5937
5926	5914
5902	5890
5882	5869
5860	5852
5843	5833
5823	5813
5796	5781
5762	5744
5721	5699
5681	5660
5647	5638
5637	5644
5663	5688
5727	5770
5822	5862
5885	5857
5766	5583
5317	4984
4611	4232
3880	3571
3318	3122
2981	2890
2841	2837
2861	2909
2962	3016
3062	3097
3121	3144
3172	3205
3249	3297
3346	3386
3417	3431
3429	3408
3369	3317
3256	3190
3127	3077
3045	3038
3056	3096
3150	3210
3260	3293
3304	3293
3265	3236
3217	3223
3265	3336
3432	3530
3598	3621
3583	3480
3328	3150
2969	2805
2670	2570
2502	2465
2452	2456
2468	2489
2513	2537
2556	2569
2581	2586
2589	2591
2590	2595
2600	2610
2623	2644
2667	2696
2722	2746
2770	2800
2837	2887
2952	3030
3108	3183
3238	3271
3279	3264
3230	3185
3137	3092
3058	3038
3035	3046
3074	3112
3157	3202
3242	3270
3285	3285
3281	3275
3281	3311
3368	3451
3557	3670
3790	3912
4036	4164
4298	4437
4576	4715
4847	4969
5082	5179
5264	5333
5372	5378
5339	5256
5145	5012
4893	4808
4779	4813
4918	5095
5339	5642
6004	6409
6846	7295
7740	8173
8579	8958
9313	9647
9958	10248
10508	10744
10948	11128
11279	11413
11532	11645
11748	11852
11942	12030
12109	12180
12248	12312
12374	12434
12489	12540
12583	12618
12645	12665
12680	12694
12705	12716
12726	12735
12736	12729
12704	12660
12589	12489
12363	12215
12060	11904
11751	11612
11481	11357
11233	11107
10969	10822
10660	10481
10280	10054
9809	9559
9325	9118
8960	8862
8823	8842
8894	8968
9042	9101
9128	9130
9101	9041
8958	8866
8766	8668
8579	8504
8452	8428
8453	8526
8662	8864
9124	9448
9838	10300
10841	11464
12151	12865
13560	14193
14720	15125
15405	15579
15668	15694
15688	15657
15619	15571
15523	15469
15410	15342
15273	15198
15123	15044
14971	14896
14826	14753
14679	14602
14523	14439
14357	14276
14200	14127
14053	13976
13889	13788
13667	13535
13395	13251
13114	12986
12864	12745
12621	12485
12343	12193
12043	11897
11760	11633
11523	11423
11332	11236
11171	10983
11033	10504
8952	7855
7883	7171
6815	6406
6137	5955
5840	5773
5731	5698
5678	5665
5661	5666
5673	5685
5697	5705
5711	5716
5717	5718
5718	5721
5726	5734
5747	5761
5778	5794
5804	5803
5797	5776
5752	5727
5705	5695
5695	5705
5726	5749
5772	5785
5787	5781
5764	5744
5725	5711
5704	5703
5707	5714
5724	5734
5744	5756
5772	5790
5807	5825
5843	5859
5872	5887
5899	5907
5917	5932
5940	5951
5960	5968
5972	5974
5971	5967
5959	5951
5941	5936
5929	5926
5925	5925
5924	5924
5925	5928
5931	5937
5943	5952
5957	5961
5964	5967
5960	5955
5945	5937
5926	5914
5901	5890
5880	5868
5857	5849
5837	5827
5815	5803
5784	5769
5750	5731
5710	5689
5665	5648
5635	5622
5622	5628
5643	5668
5707	5751
5803	5854
5886	5873
5789	5623
5370	5052
4691	4325
3982	3683
3435	3237
3093	2994
2939	2924
2938	2976
3026	3075
3117	3150
3178	3201
3235	3272
3317	3371
3419	3463
3494	3505
3500	3477
3435	3377
3313	3249
3185	3137
3104	3100
3120	3163
3217	3273
3323	3351
3355	3340
3309	3281
3263	3274
3320	3397
3495	3592
3660	3676
3626	3511
3349	3161
2976	2814
2687	2598
2539	2508
2498	2500
2512	2528
2543	2563
2577	2588
2597	2601
2604	2603
2606	2608
2616	2624
2640	2660
2685	2713
2738	2760
2782	2807
2838	2883
2941	3011
3085	3151
3200	3227
3230	3213
3179	3142
3104	3077
3061	3063
3076	3107
3148	3196
3245	3294
3337	3368
3387	3393
3391	3395
3407	3446
3511	3601
3715	3838
3971	4104
4239	4379
4523	4669
4814	4953
5082	5198
5299	5388
5460	5510
5532	5519
5463	5366
5238	5100
4979	4898
4878	4931
5060	5257
5522	5849
6223	6641
7084	7541
7992	8428
8839	9220
9572	9896
10188	10452
10682	10882
11052	11197
11318	11426
11530	11623
11720	11813
11907	11995
12078	12158
12233	12304
12371	12436
12494	12542
12584	12619
12644	12666
12679	12693
12704	12716
12725	12730
12732	12722
12695	12648
12572	12467
12336	12185
12022	11859
11707	11565
11435	11309
11186	11064
10933	10791
10637	10466
10272	10054
9823	9582
9358	9159
9006	8913
8875	8889
8943	9016
9090	9149
9181	9181
9150	9088
9004	8907
8803	8702
8604	8523
8466	8437
8453	8522
8652	8848
9101	9409
9772	10199
10700	11278
11924	12614
13306	13955
14510	14954
15275	15480
15591	15634
15629	15604
15564	15518
15467	15413
15355	15288
15217	15143
15068	14989
14915	14843
14769	14697
14621	14546
14463	14380
14298	14219
14141	14068
13992	13913
13823	13719
13598	13465
13319	13178
13038	12905
12779	12653
12522	12386
12242	12090
11938	11790
11654	11529
11416	11317
11228	11135
11075	10899
10955	10457
8952	7855
7883	7171
6815	6403
6134	5951
5837	5771
5729	5696
5674	5661
5656	5660
5668	5680
5687	5696
5701	5705
5707	5709
5712	5713
5718	5725
5737	5752
5770	5786
5798	5801
5794	5776
5750	5727
5705	5695
5695	5705
5726	5749
5772	5786
5788	5782
5765	5745
5725	5711
5703	5702
5706	5713
5722	5733
5741	5754
5767	5785
5798	5813
5828	5841
5854	5864
5874	5885
5893	5904
5915	5925
5934	5942
5947	5950
5949	5944
5937	5931
5923	5918
5914	5911
5910	5911
5909	5910
5913	5917
5921	5927
5935	5942
5950	5957
5962	5962
5960	5952
5945	5936
5926	5914
5901	5890
5879	5867
5856	5844
5831	5818
5804	5791
5774	5756
5738	5716
5695	5674
5654	5635
5621	5609
5606	5612
5628	5651
5688	5734
5790	5844
5884	5880
5815	5669
5438	5140
4799	4451
4122	3828
3582	3379
3224	3113
3042	3013
3014	3042
3082	3128
3169	3205
3234	3264
3295	3336
3384	3437
3487	3529
3558	3573
3565	3542
3499	3443
3377	3310
3250	3203
3175	3170
3192	3232
3284	3335
3375	3396
3397	3377
3351	3324
3314	3333
3387	3469
3567	3662
3722	3724
3659	3529
3357	3165
2980	2826
2710	2630
2588	2566
2560	2561
2569	2577
2588	2595
2603	2610
2614	2616
2618	2619
2622	2624
2629	2639
2655	2676
2702	2727
2751	2770
2791	2810
2836	2876
2929	2992
3055	3114
3157	3180
3179	3161
3132	3102
3077	3065
3072	3094
3130	3176
3229	3284
3338	3386
3428	3462
3482	3498
3506	3518
3546	3592
3669	3767
3890	4022
4161	4306
4449	4595
4744	4893
5041	5176
5302	5406
5499	5571
5627	5662
5673	5647
5585	5483
5357	5223
5111	5042
5040	5112
5260	5480
5763	6104
6488	6909
7349	7801
8246	8679
9084	9465
9812	10123
10398	10635
10834	11004
11138	11254
11350	11440
11521	11605
11690	11781
11870	11963
12050	12136
12220	12297
12371	12438
12497	12545
12588	12618
12645	12664
12679	12693
12703	12716
12723	12725
12726	12713
12683	12632
12551	12442
12307	12153
11989	11824
11669	11526
11396	11270
11149	11025
10894	10755
10602	10435
10251	10049
9830	9608
9396	9208
9058	8965
8921	8927
8972	9038
9109	9169
9207	9211
9181	9125
9043	8947
8841	8733
8630	8542
8477	8442
8452	8515
8642	8830
9072	9367
9710	10104
10563	11095
11702	12362
13044	13700
14284	14767
15128	15371
15509	15569
15575	15552
15512	15465
15414	15359
15299	15232
15165	15088
15010	14938
14861	14786
14712	14637
14563	14480
14398	14310
14227	14141
14062	13986
13912	13832
13744	13637
13518	13381
13236	13091
12948	12814
12681	12554
12422	12284
12136	11982
11829	11683
11543	11421
11309	11211
11122	11034
10977	10817
10877	10408
8952	7855
7882	7171
6815	6403
6133	5950
5835	5768
5725	5694
5672	5658
5654	5655
5664	5674
5681	5689
5694	5697
5699	5698
5700	5702
5708	5714
5727	5742
5762	5779
5793	5796
5792	5774
5750	5727
5706	5696
5695	5706
5726	5751
5774	5787
5788	5782
5766	5744
5724	5709
5702	5701
5704	5712
5720	5731
5740	5752
5763	5775
5787	5798
5812	5824
5832	5841
5849	5859
5868	5878
5890	5901
5910	5918
5923	5926
5927	5923
5919	5913
5907	5903
5901	5898
5898	5898
5897	5898
5899	5903
5907	5914
5923	5933
5943	5951
5958	5959
5958	5952
5945	5936
5926	5913
5902	5890
5878	5865
5851	5838
5823	5810
5794	5777
5761	5743
5723	5706
5684	5662
5642	5626
5610	5601
5595	5601
5614	5635
5670	5715
5771	5829
5877	5887
5842	5720
5518	5245
4933	4606
4288	4001
3749	3540
3370	3241
3152	3102
3088	3099
3132	3175
3215	3250
3286	3316
3352	3395
3442	3491
3541	3581
3612	3622
3619	3596
3559	3505
3444	3382
3325	3280
3254	3251
3269	3305
3345	3388
3417	3429
3422	3403
3380	3363
3367	3397
3461	3552
3654	3743
3789	3777
3692	3548
3361	3164
2981	2835
2729	2668
2638	2628
2628	2632
2635	2639
2637	2637
2636	2636
2636	2636
2636	2635
2635	2638
2643	2653
2669	2690
2713	2740
2762	2782
2799	2813
2834	2866
2913	2966
3025	3076
3111	3131
3129	3114
3090	3069
3059	3067
3094	3137
3194	3254
3316	3376
3430	3475
3518	3550
3575	3597
3614	3641
3681	3745
3831	3943
4073	4212
4358	4504
4653	4803
4955	5103
5248	5378
5496	5592
5666	5726
5767	5793
5795	5768
5708	5617
5504	5390
5299	5251
5269	5362
5531	5768
6063	6411
6794	7206
7636	8072
8505	8924
9320	9689
10026	10324
10583	10798
10971	11108
11219	11305
11380	11448
11516	11589
11666	11748
11839	11933
12024	12121
12208	12291
12369	12440
12500	12549
12588	12622
12644	12662
12679	12689
12700	12711
12718	12721
12716	12697
12666	12609
12525	12413
12278	12123
11962	11799
11646	11503
11371	11242
11117	10987
10851	10710
10559	10394
10222	10032
9835	9632
9435	9257
9112	9011
8959	8948
8981	9039
9104	9166
9207	9220
9201	9153
9077	8982
8876	8765
8658	8564
8491	8449
8452	8508
8626	8808
9042	9326
9648	10015
10437	10928
11489	12114
12776	13434
14041	14562
14968	15250
15423	15507
15525	15505
15468	15418
15363	15305
15243	15176
15105	15028
14953	14874
14800	14724
14649	14573
14494	14409
14320	14230
14138	14050
13968	13890
13813	13735
13647	13542
13420	13285
13139	12990
12847	12710
12578	12444
12312	12172
12024	11871
11719	11573
11435	11312
11203	11104
11017	10932
10881	10733
10798	10360
8956	7857
7884	7170
6815	6402
6131	5946
5834	5766
5721	5692
5671	5656
5652	5652
5661	5668
5677	5686
5689	5690
5692	5690
5691	5694
5698	5706
5718	5735
5754	5772
5785	5792
5787	5773
5751	5728
5708	5696
5697	5708
5731	5752
5775	5788
5791	5785
5768	5746
5725	5710
5702	5701
5704	5712
5720	5731
5737	5746
5754	5766
5776	5785
5795	5803
5813	5818
5828	5836
5845	5855
5865	5874
5884	5893
5900	5904
5903	5900
5895	5891
5888	5884
5882	5882
5880	5883
5883	5883
5885	5887
5894	5900
5911	5926
5936	5946
5952	5956
5956	5952
5945	5937
5928	5917
5906	5893
5881	5867
5852	5837
5820	5804
5787	5771
5752	5735
5715	5697
5673	5655
5634	5619
5603	5596
5590	5595
5604	5627
5656	5697
5751	5810
5862	5888
5861	5770
5600	5364
5085	4780
4475	4193
3937	3715
3524	3375
3265	3193
3158	3159
3183	3217
3259	3301
3337	3370
3406	3444
3486	3532
3577	3616
3646	3658
3658	3644
3608	3563
3509	3451
3399	3358
3335	3331
3345	3373
3401	3430
3447	3450
3435	3416
3400	3398
3418	3469
3550	3652
3754	3835
3868	3835
3729	3567
3366	3162
2982	2842
2752	2705
2688	2690
2697	2703
2703	2696
2688	2678
2671	2663
2659	2656
2654	2654
2655	2653
2657	2666
2682	2703
2728	2755
2777	2794
2808	2816
2834	2860
2899	2945
2997	3041
3072	3084
3082	3073
3056	3049
3056	3083
3132	3193
3265	3340
3409	3468
3521	3563
3603	3631
3660	3685
3718	3758
3815	3893
3993	4113
4252	4399
4549	4699
4849	4998
5149	5295
5436	5561
5668	5751
5814	5862
5892	5911
5912	5892
5850	5780
5693	5610
5546	5528
5570	5681
5867	6113
6419	6766
7142	7540
7945	8358
8766	9163
9544	9899
10220	10506
10743	10934
11085	11199
11283	11351
11405	11458
11512	11574
11641	11724
11810	11906
12003	12103
12196	12287
12368	12438
12499	12547
12587	12617
12640	12659
12673	12686
12695	12704
12708	12708
12700	12680
12642	12581
12495	12383
12248	12099
11939	11783
11633	11492
11356	11224
11089	10952
10809	10661
10507	10348
10182	10009
9832	9649
9469	9302
9161	9052
8982	8957
8972	9015
9075	9135
9183	9209
9204	9169
9102	9012
8909	8795
8687	8589
8510	8461
8453	8500
8608	8781
9008	9278
9585	9928
10318	10766
11284	11871
12509	13162
13789	14342
14791	15119
15328	15437
15470	15459
15419	15369
15312	15251
15187	15117
15043	14966
14887	14812
14733	14659
14583	14502
14420	14334
14238	14143
14046	13951
13862	13785
13707	13627
13536	13434
13315	13180
13032	12883
12739	12598
12464	12333
12198	12058
11911	11759
11608	11462
11325	11203
11092	10997
10912	10831
10786	10651
10720	10316
8958	7859
7883	7172
6813	6399
6126	5942
5828	5760
5717	5687
5667	5653
5651	5651
5660	5668
5677	5684
5686	5687
5687	5686
5684	5686
5688	5696
5706	5723
5743	5763
5777	5784
5783	5769
5748	5729
5710	5699
5699	5711
5732	5755
5776	5792
5795	5788
5772	5752
5729	5714
5704	5703
5705	5713
5719	5727
5734	5741
5748	5756
5764	5770
5777	5784
5790	5797
5805	5813
5820	5831
5840	5853
5862	5869
5875	5878
5879	5878
5873	5871
5867	5865
5865	5866
5868	5870
5869	5870
5873	5874
5878	5887
5898	5910
5925	5938
5948	5954
5955	5951
5946	5939
5930	5918
5908	5898
5885	5870
5853	5837
5818	5799
5781	5764
5745	5727
5709	5692
5670	5651
5633	5617
5603	5595
5588	5593
5601	5619
5644	5681
5728	5790
5845	5882
5879	5815
5686	5489
5243	4967
4677	4398
4138	3899
3693	3521
3386	3293
3241	3224
3238	3269
3311	3351
3387	3423
3453	3485
3524	3561
3599	3635
3664	3679
3681	3670
3646	3609
3564	3513
3471	3436
3415	3410
3418	3435
3452	3464
3464	3452
3434	3416
3410	3426
3470	3543
3644	3757
3863	3937
3955	3898
3774	3589
3377	3165
2985	2853
2773	2737
2734	2743
2758	2766
2766	2754
2741	2724
2710	2694
2688	2682
2680	2676
2675	2672
2676	2681
2698	2717
2743	2765
2790	2804
2815	2820
2830	2854
2885	2925
2969	3009
3034	3047
3047	3040
3036	3044
3069	3115
3179	3262
3345	3428
3502	3565
3615	3653
3683	3713
3744	3775
3818	3871
3941	4036
4151	4284
4430	4582
4734	4884
5033	5181
5323	5466
5601	5718
5817	5891
5946	5982
6008	6026
6034	6029
6011	5974
5925	5877
5852	5863
5930	6062
6260	6516
6819	7160
7520	7896
8274	8655
9032	9403
9759	10095
10400	10661
10882	11052
11182	11275
11339	11390
11430	11469
11514	11566
11627	11703
11792	11886
11985	12087
12184	12277
12361	12435
12493	12542
12580	12611
12633	12653
12668	12679
12686	12692
12693	12691
12678	12655
12610	12551
12461	12352
12223	12078
11926	11776
11632	11491
11352	11215
11074	10924
10769	10610
10451	10293
10134	9979
9820	9659
9496	9341
9199	9082
8996	8951
8945	8972
9024	9085
9144	9183
9194	9172
9120	9039
8939	8831
8719	8618
8534	8475
8461	8497
8593	8751
8969	9227
9518	9842
10202	10613
11092	11639
12246	12889
13524	14105
14597	14967
15216	15355
15408	15406
15371	15318
15259	15196
15127	15053
14976	14897
14817	14738
14661	14583
14506	14426
14341	14249
14149	14047
13944	13843
13752	13668
13587	13503
13415	13313
13194	13062
12915	12769
12622	12481
12347	12217
12081	11941
11795	11644
11492	11346
11212	11090
10982	10887
10806	10731
10692	10571
10646	10275
8965	7861
7887	7170
6812	6395
6120	5933
5819	5751
5709	5682
5662	5652
5650	5652
5661	5670
5678	5685
5686	5685
5685	5683
5679	5679
5680	5684
5694	5711
5730	5751
5766	5774
5775	5764
5746	5730
5711	5704
5703	5716
5736	5758
5781	5797
5801	5795
5778	5757
5734	5717
5706	5704
5706	5713
5719	5725
5729	5732
5738	5743
5749	5754
5760	5765
5772	5777
5786	5792
5801	5811
5820	5829
5838	5844
5849	5849
5851	5848
5846	5844
5843	5843
5844	5847
5848	5852
5852	5854
5855	5858
5864	5873
5884	5897
5912	5927
5940	5948
5951	5952
5946	5940
5932	5925
5915	5904
5890	5878
5857	5838
5819	5798
5778	5761
5740	5722
5705	5688
5671	5651
5634	5619
5607	5598
5594	5593
5599	5612
5633	5661
5705	5758
5818	5863
5881	5849
5758	5601
5396	5149
4882	4608
4344	4095
3870	3678
3524	3410
3338	3308
3310	3334
3367	3405
3439	3469
3493	3519
3545	3573
3607	3636
3663	3679
3687	3683
3666	3638
3602	3565
3531	3502
3483	3480
3481	3491
3494	3488
3471	3445
3421	3406
3413	3451
3521	3622
3747	3872
3980	4046
4047	3972
3824	3620
3392	3175
2995	2864
2789	2764
2771	2791
2809	2822
2823	2810
2793	2771
2751	2733
2722	2714
2709	2704
2699	2696
2695	2701
2713	2732
2758	2782
2804	2817
2825	2829
2835	2849
2876	2910
2949	2981
3005	3016
3020	3022
3032	3053
3097	3159
3242	3334
3432	3522
3598	3661
3708	3742
3770	3796
3824	3861
3909	3977
4062	4169
4301	4444
4596	4751
4905	5053
5200	5341
5481	5616
5746	5857
5949	6018
6067	6100
6126	6151
6172	6189
6201	6204
6199	6195
6206	6248
6341	6488
6695	6953
7254	7579
7923	8271
8618	8962
9303	9641
9970	10277
10559	10801
11001	11153
11263	11337
11389	11424
11453	11485
11520	11563
11623	11695
11779	11873
11972	12076
12175	12270
12352	12423
12481	12529
12568	12598
12622	12641
12656	12666
12674	12675
12674	12667
12649	12622
12580	12517
12431	12326
12203	12065
11923	11780
11640	11499
11359	11212
11062	10898
10731	10560
10395	10236
10085	9940
9800	9657
9511	9365
9223	9097
8996	8931
8909	8922
8963	9028
9092	9144
9171	9165
9128	9060
8969	8864
8757	8655
8566	8502
8477	8497
8580	8725
8922	9165
9444	9751
10088	10469
10907	11415
11992	12616
13255	13856
14380	14794
15081	15251
15328	15341
15313	15261
15201	15135
15060	14983
14900	14820
14735	14656
14575	14500
14422	14342
14256	14161
14056	13949
13839	13736
13635	13548
13462	13377
13287	13184
13065	12935
12793	12645
12499	12359
12226	12093
11956	11817
11673	11522
11372	11229
11095	10976
10871	10778
10700	10632
10598	10494
10574	10235
8972	7863
7891	7169
6807	6387
6112	5922
5807	5739
5698	5671
5655	5647
5648	5655
5667	5676
5686	5690
5692	5691
5685	5679
5675	5672
5670	5673
5682	5697
5715	5736
5752	5765
5766	5759
5747	5730
5717	5711
5713	5724
5744	5765
5789	5803
5808	5802
5786	5763
5739	5721
5708	5705
5707	5714
5719	5722
5724	5724
5724	5727
5731	5735
5742	5748
5753	5760
5767	5775
5781	5790
5799	5807
5815	5820
5826	5826
5824	5819
5816	5811
5810	5813
5816	5823
5828	5833
5836	5837
5837	5838
5843	5850
5862	5878
5896	5912
5929	5941
5949	5949
5949	5943
5938	5932
5922	5912
5900	5885
5866	5842
5820	5796
5774	5757
5737	5720
5702	5686
5671	5655
5638	5623
5611	5602
5597	5596
5597	5605
5620	5641
5678	5723
5780	5837
5870	5868
5813	5698
5529	5315
5071	4810
4549	4295
4061	3854
3681	3549
3462	3418
3406	3419
3444	3472
3496	3517
3530	3541
3558	3575
3598	3621
3646	3661
3675	3675
3665	3649
3625	3598
3572	3552
3539	3536
3537	3535
3524	3505
3470	3435
3403	3393
3416	3479
3578	3708
3853	3995
4103	4159
4143	4047
3879	3657
3419	3189
3007	2878
2807	2785
2799	2824
2851	2866
2871	2861
2841	2817
2795	2775
2760	2750
2743	2739
2731	2723
2720	2722
2732	2751
2776	2801
2824	2833
2840	2839
2841	2850
2870	2899
2932	2962
2986	2998
3008	3021
3044	3082
3144	3222
3317	3421
3522	3616
3697	3760
3807	3844
3870	3893
3918	3952
4005	4079
4175	4297
4439	4591
4750	4908
5062	5208
5350	5490
5625	5757
5877	5986
6073	6139
6188	6224
6255	6293
6333	6377
6425	6472
6514	6557
6608	6682
6795	6952
7164	7416
7704	8014
8333	8650
8965	9272
9578	9879
10172	10450
10703	10923
11099	11232
11325	11385
11423	11454
11476	11502
11530	11576
11627	11698
11780	11872
11970	12071
12167	12259
12338	12406
12462	12510
12546	12578
12603	12622
12639	12647
12653	12653
12647	12637
12615	12585
12541	12483
12402	12303
12189	12063
11931	11793
11654	11516
11369	11217
11053	10877
10695	10516
10343	10183
10032	9901
9772	9644
9512	9370
9230	9095
8985	8904
8862	8866
8903	8967
9038	9104
9147	9159
9136	9081
8997	8906
8801	8701
8609	8537
8497	8507
8566	8689
8869	9096
9361	9652
9971	10323
10730	11202
11744	12348
12978	13594
14144	14590
14915	15120
15226	15259
15243	15200
15138	15068
14991	14905
14820	14731
14646	14561
14481	14405
14330	14249
14162	14066
13960	13851
13740	13629
13525	13427
13335	13244
13150	13044
12925	12796
12657	12515
12374	12234
12100	11965
11828	11686
11541	11393
11248	11106
10976	10860
10754	10666
10593	10529
10505	10419
10507	10199
8981	7869
7893	7169
6802	6377
6097	5907
5790	5723
5682	5661
5648	5646
5650	5661
5675	5688
5698	5703
5702	5699
5691	5684
5675	5667
5664	5666
5669	5684
5700	5722
5740	5751
5755	5754
5744	5731
5722	5718
5723	5733
5753	5772
5797	5811
5816	5813
5798	5773
5749	5727
5714	5706
5707	5712
5716	5718
5716	5713
5711	5709
5711	5715
5719	5729
5737	5745
5752	5761
5767	5777
5782	5790
5795	5800
5800	5798
5795	5788
5783	5782
5781	5786
5792	5801
5809	5818
5820	5822
5822	5821
5822	5830
5842	5859
5880	5900
5919	5933
5944	5952
5952	5949
5946	5940
5932	5924
5912	5894
5874	5847
5820	5795
5770	5752
5731	5716
5700	5686
5672	5656
5642	5630
5617	5609
5602	5597
5594	5594
5601	5615
5642	5682
5736	5794
5845	5865
5844	5767
5638	5460
5243	5003
4753	4500
4261	4044
3862	3717
3615	3552
3525	3524
3534	3549
3558	3558
3558	3556
3553	3561
3575	3592
3611	3628
3641	3645
3645	3639
3628	3614
3598	3587
3582	3579
3579	3571
3550	3513
3469	3420
3387	3384
3423	3511
3640	3799
3964	4115
4224	4269
4237	4121
3932	3697
3446	3215
3025	2895
2826	2805
2819	2846
2877	2904
2912	2907
2890	2866
2842	2821
2805	2794
2785	2776
2767	2757
2749	2749
2759	2777
2803	2829
2849	2863
2863	2860
2857	2863
2877	2902
2933	2956
2979	2994
3013	3040
3079	3134
3208	3297
3402	3507
3614	3712
3797	3864
3917	3955
3983	4002
4024	4058
4105	4182
4283	4413
4563	4725
4889	5051
5203	5350
5489	5626
5761	5888
6006	6111
6200	6265
6318	6363
6406	6457
6524	6600
6688	6775
6864	6949
7040	7142
7271	7434
7642	7885
8160	8447
8739	9026
9306	9580
9845	10107
10365	10608
10833	11023
11175	11290
11371	11423
11456	11479
11500	11523
11553	11594
11645	11711
11790	11877
11972	12066
12158	12244
12319	12381
12435	12480
12518	12547
12575	12597
12612	12623
12626	12623
12614	12598
12574	12544
12503	12447
12376	12286
12182	12067
11941	11810
11674	11532
11383	11220
11044	10857
10663	10473
10294	10131
9981	9853
9733	9613
9487	9353
9217	9081
8961	8871
8819	8811
8845	8907
8986	9063
9119	9144
9137	9097
9030	8946
8851	8755
8665	8586
8534	8522
8559	8659
8812	9018
9265	9542
9844	10178
10557	10996
11505	12081
12698	13315
13882	14360
14720	14963
15101	15158
15160	15124
15068	14996
14915	14824
14731	14634
14544	14458
14379	14301
14226	14150
14061	13968
13865	13754
13640	13525
13415	13309
13209	13109
13006	12898
12781	12656
12520	12382
12243	12106
11968	11832
11693	11551
11407	11262
11121	10982
10858	10741
10640	10553
10484	10426
10412	10342
10439	10163
8993	7876
7899	7166
6794	6367
6082	5887
5771	5702
5664	5645
5638	5641
5653	5668
5686	5700
5710	5716
5714	5708
5699	5688
5677	5666
5658	5657
5660	5669
5687	5705
5724	5740
5745	5746
5742	5735
5728	5727
5734	5749
5763	5785
5804	5823
5827	5823
5807	5782
5755	5731
5716	5706
5706	5711
5714	5714
5709	5700
5694	5691
5690	5694
5704	5713
5721	5733
5740	5748
5754	5761
5768	5775
5777	5780
5778	5774
5766	5757
5749	5746
5747	5755
5764	5780
5790	5798
5803	5803
5801	5800
5799	5806
5817	5837
5860	5884
5905	5924
5936	5947
5952	5953
5952	5949
5944	5935
5925	5907
5882	5855
5822	5793
5767	5746
5726	5711
5697	5684
5673	5660
5648	5635
5625	5612
5604	5596
5591	5585
5585	5588
5604	5635
5683	5743
5803	5843
5852	5811
5718	5575
5394	5182
4949	4709
4474	4257
4068	3913
3797	3720
3674	3652
3640	3633
3623	3603
3583	3562
3548	3542
3546	3556
3572	3587
3599	3609
3615	3618
3620	3616
3614	3612
3612	3613
3613	3601
3573	3525
3471	3413
3378	3383
3438	3550
3710	3892
4076	4232
4338	4368
4319	4185
3981	3736
3478	3240
3050	2917
2842	2821
2835	2867
2901	2932
2949	2952
2938	2917
2895	2870
2852	2839
2828	2818
2808	2796
2788	2785
2795	2814
2840	2868
2890	2901
2900	2895
2887	2889
2901	2920
2945	2969
2990	3013
3039	3078
3131	3201
3284	3385
3491	3602
3706	3805
3893	3967
4028	4076
4107	4129
4149	4174
4216	4288
4393	4524
4680	4848
5017	5182
5335	5485
5626	5761
5895	6021
6139	6243
6331	6404
6466	6522
6580	6653
6743	6854
6979	7110
7238	7366
7487	7613
7754	7921
8118	8347
8600	8863
9129	9387
9633	9872
10102	10329
10548	10758
10945	11106
11235	11330
11399	11444
11476	11498
11523	11547
11580	11622
11673	11736
11810	11892
11980	12067
12154	12228
12299	12357
12405	12445
12483	12513
12544	12568
12585	12596
12599	12591
12576	12559
12531	12503
12466	12419
12354	12278
12184	12076
11956	11829
11693	11548
11392	11221
11033	10836
10634	10431
10245	10075
9929	9801
9685	9566
9448	9319
9182	9048
8928	8834
8779	8765
8794	8857
8937	9020
9089	9128
9134	9111
9062	8991
8910	8821
8728	8644
8577	8545
8557	8628
8756	8940
9166	9430
9718	10034
10391	10801
11278	11820
12417	13027
13601	14101
14496	14774
14951	15039
15065	15043
14994	14922
14835	14739
14637	14535
14439	14350
14268	14193
14120	14042
13960	13868
13769	13657
13543	13425
13306	13192
13081	12971
12861	12749
12632	12510
12381	12249
12111	11975
11835	11697
11558	11416
11271	11131
10993	10861
10738	10627
10529	10442
10375	10326
10318	10264
10369	10127
9005	7881
7903	7166
6789	6356
6066	5871
5752	5682
5648	5631
5629	5639
5654	5675
5696	5715
5727	5731
5728	5721
5709	5693
5680	5667
5656	5649
5651	5659
5670	5689
5708	5724
5737	5740
5740	5737
5737	5739
5746	5759
5777	5796
5817	5832
5840	5835
5819	5792
5763	5737
5718	5708
5706	5711
5716	5713
5705	5693
5681	5675
5674	5678
5689	5701
5714	5723
5731	5739
5744	5751
5757	5758
5761	5760
5754	5748
5738	5726
5718	5710
5715	5724
5737	5753
5769	5780
5786	5786
5781	5777
5777	5782
5794	5814
5840	5865
5892	5914
5930	5942
5951	5955
5955	5956
5952	5945
5934	5914
5889	5857
5823	5792
5765	5740
5720	5707
5694	5685
5674	5663
5652	5644
5631	5620
5610	5599
5586	5576
5567	5563
5570	5592
5632	5688
5751	5807
5832	5823
5769	5666
5523	5346
5141	4923
4701	4487
4294	4131
4003	3906
3841	3793
3758	3724
3685	3645
3603	3564
3534	3517
3514	3518
3529	3542
3554	3566
3577	3590
3602	3609
3617	3624
3630	3638
3637	3624
3593	3543
3480	3422
3389	3404
3478	3612
3791	3994
4187	4343
4436	4453
4385	4235
4020	3767
3507	3269
3075	2940
2861	2834
2846	2878
2921	2955
2980	2993
2984	2967
2942	2919
2896	2884
2871	2861
2848	2835
2826	2826
2836	2861
2890	2921
2944	2955
2955	2943
2933	2929
2939	2955
2977	2998
3020	3047
3084	3133
3199	3278
3373	3475
3585	3689
3793	3890
3981	4063
4137	4194
4240	4267
4288	4309
4347	4408
4506	4634
4790	4961
5134	5303
5463	5612
5760	5899
6035	6164
6282	6388
6481	6561
6634	6702
6784	6877
6995	7134
7295	7461
7629	7787
7936	8078
8230	8392
8580	8791
9020	9258
9497	9726
9942	10147
10345	10535
10718	10890
11043	11174
11278	11358
11415	11457
11488	11518
11542	11576
11612	11653
11707	11765
11838	11916
11994	12073
12150	12216
12276	12327
12369	12409
12443	12477
12509	12535
12553	12565
12564	12558
12540	12518
12493	12465
12432	12392
12342	12272
12186	12084
11969	11843
11708	11556
11392	11214
11017	10811
10599	10390
10196	10024
9873	9742
9624	9507
9390	9263
9133	9003
8888	8794
8738	8722
8749	8809
8890	8976
9052	9102
9125	9118
9087	9035
8967	8887
8797	8707
8626	8572
8560	8602
8704	8865
9073	9322
9597	9900
10235	10617
11062	11574
12142	12734
13308	13823
14246	14566
14780	14907
14958	14957
14917	14846
14757	14655
14543	14438
14334	14242
14159	14082
14010	13935
13857	13770
13670	13562
13442	13320
13195	13072
12949	12831
12715	12597
12483	12362
12240	12110
11976	11839
11700	11558
11419	11278
11141	11005
10875	10746
10630	10520
10421	10335
10272	10225
10224	10186
10298	10090
9014	7888
7906	7163
6783	6343
6051	5851
5730	5664
5632	5617
5619	5631
5654	5678
5702	5724
5736	5741
5738	5728
5715	5699
5683	5666
5655	5645
5646	5650
5663	5678
5696	5713
5727	5735
5740	5742
5744	5750
5759	5771
5787	5806
5824	5839
5847	5842
5824	5796
5765	5736
5716	5706
5705	5714
5716	5714
5703	5688
5672	5662
5660	5667
5679	5692
5705	5717
5726	5731
5737	5741
5746	5747
5748	5743
5737	5724
5711	5694
5685	5680
5683	5693
5712	5732
5751	5765
5772	5770
5767	5758
5756	5758
5771	5790
5820	5846
5875	5902
5921	5936
5947	5955
5957	5959
5956	5952
5942	5922
5896	5863
5826	5791
5761	5737
5718	5703
5692	5684
5675	5667
5658	5648
5636	5625
5612	5600
5586	5568
5554	5541
5540	5553
5585	5636
5698	5757
5802	5817
5795	5733
5634	5497
5331	5143
4940	4734
4542	4372
4227	4110
4019	3949
3883	3821
3759	3692
3627	3571
3527	3500
3487	3486
3492	3504
3514	3531
3547	3570
3588	3608
3622	3635
3647	3657
3660	3649
3617	3568
3505	3449
3423	3446
3538	3689
3885	4094
4293	4439
4519	4516
4429	4266
4046	3793
3536	3302
3110	2971
2887	2853
2859	2891
2935	2978
3011	3030
3028	3014
2990	2966
2941	2925
2908	2896
2884	2874
2866	2868
2886	2914
2950	2986
3012	3024
3023	3008
2996	2989
2994	3006
3025	3046
3073	3105
3146	3203
3279	3367
3467	3567
3671	3770
3867	3962
4056	4148
4237	4313
4371	4414
4439	4456
4484	4536
4621	4744
4895	5067
5243	5417
5583	5740
5892	6040
6180	6314
6437	6548
6649	6737
6821	6908
7005	7124
7264	7430
7620	7817
8013	8201
8372	8528
8679	8839
9013	9206
9412	9625
9834	10035
10224	10401
10567	10726
10871	11010
11129	11230
11311	11372
11423	11462
11498	11531
11565	11603
11644	11691
11742	11802
11868	11941
12011	12082
12148	12207
12256	12299
12337	12373
12408	12441
12473	12502
12521	12533
12534	12525
12508	12486
12458	12434
12405	12372
12325	12265
12185	12088
11974	11846
11708	11553
11384	11198
10996	10779
10563	10347
10146	9968
9814	9678
9557	9439
9322	9199
9073	8952
8845	8759
8704	8688
8710	8765
8843	8927
9007	9068
9103	9116
9104	9073
9022	8949
8862	8766
8674	8601
8567	8582
8661	8801
8992	9225
9488	9778
10097	10454
10870	11345
11879	12445
13010	13533
13983	14338
14594	14758
14844	14865
14837	14771
14679	14573
14454	14344
14236	14141
14053	13976
13904	13833
13757	13670
13570	13462
13342	13215
13085	12952
12819	12692
12567	12448
12332	12214
12097	11973
11841	11705
11565	11424
11283	11150
11018	10892
10767	10649
10533	10425
10323	10237
10171	10129
10132	10109
10229	10054
9023	7892
7910	7163
6779	6336
6038	5836
5714	5648
5617	5605
5609	5625
5648	5678
5703	5728
5740	5744
5742	5733
5719	5704
5687	5671
5659	5649
5646	5649
5659	5672
5690	5705
5719	5730
5739	5743
5749	5758
5767	5779
5794	5813
5830	5845
5850	5846
5826	5797
5764	5731
5711	5703
5704	5713
5718	5715
5703	5686
5670	5659
5656	5661
5673	5687
5700	5712
5720	5728
5731	5734
5736	5736
5735	5730
5721	5707
5690	5671
5659	5651
5655	5668
5690	5713
5734	5750
5756	5755
5750	5740
5735	5738
5747	5768
5797	5829
5861	5888
5910	5924
5938	5947
5952	5957
5957	5953
5943	5924
5895	5861
5823	5788
5756	5731
5712	5699
5688	5681
5675	5669
5662	5653
5642	5629
5616	5599
5582	5561
5543	5527
5519	5527
5550	5594
5649	5708
5758	5795
5802	5783
5731	5641
5518	5368
5188	4998
4805	4624
4462	4323
4206	4103
4014	3926
3836	3745
3664	3590
3535	3496
3480	3472
3474	3483
3494	3510
3534	3562
3588	3616
3637	3653
3669	3679
3683	3679
3652	3611
3553	3506
3490	3522
3623	3782
3982	4195
4382	4515
4574	4551
4448	4275
4055	3810
3562	3334
3144	3005
2915	2876
2877	2906
2952	2999
3043	3068
3076	3065
3041	3013
2984	2960
2942	2927
2916	2908
2907	2916
2942	2977
3020	3059
3090	3103
3103	3088
3070	3061
3061	3070
3087	3111
3136	3173
3222	3286
3363	3454
3553	3648
3743	3837
3924	4016
4111	4212
4314	4412
4494	4553
4590	4613
4636	4674
4748	4859
5004	5171
5350	5526
5698	5866
6025	6183
6334	6474
6606	6726
6832	6931
7027	7129
7244	7381
7544	7735
7947	8168
8388	8592
8776	8946
9101	9253
9413	9586
9771	9959
10143	10319
10483	10635
10770	10900
11012	11115
11205	11279
11336	11385
11425	11466
11505	11542
11583	11627
11672	11723
11776	11836
11897	11967
12028	12092
12148	12196
12239	12276
12308	12339
12372	12405
12439	12467
12491	12505
12508	12498
12482	12460
12436	12411
12388	12356
12317	12258
12180	12086
11970	11840
11695	11537
11362	11171
10963	10743
10519	10300
10094	9911
9749	9609
9483	9366
9251	9130
9014	8902
8802	8723
8672	8657
8673	8721
8791	8869
8949	9020
9072	9101
9110	9100
9067	9006
8922	8821
8718	8628
8576	8573
8631	8753
8928	9147
9398	9674
9977	10312
10696	11136
11632	12167
12714	13238
13707	14095
14395	14595
14716	14762
14749	14691
14600	14489
14372	14253
14142	14040
13954	13873
13800	13727
13650	13563
13466	13356
13235	13102
12963	12823
12682	12548
12420	12298
12184	12068
11955	11834
11707	11573
11433	11294
11159	11031
10909	10789
10673	10560
10445	10337
10238	10148
10079	10036
10044	10033
10159	10014
9030	7896
7910	7162
6774	6328
6030	5824
5700	5635
5603	5593
5601	5620
5645	5673
5700	5724
5737	5743
5741	5733
5721	5707
5692	5678
5666	5656
5652	5656
5663	5675
5690	5705
5719	5728
5739	5745
5752	5764
5773	5787
5799	5815
5833	5846
5848	5844
5823	5791
5757	5724
5702	5698
5703	5714
5722	5721
5709	5694
5673	5661
5659	5663
5673	5686
5700	5711
5719	5724
5727	5728
5730	5730
5725	5719
5707	5693
5672	5654
5636	5632
5633	5649
5671	5700
5722	5738
5748	5746
5737	5727
5718	5721
5730	5748
5779	5810
5844	5872
5894	5912
5923	5935
5942	5949
5950	5947
5936	5918
5889	5856
5818	5783
5751	5726
5706	5694
5685	5679
5675	5669
5664	5655
5645	5633
5617	5601
5583	5560
5541	5526
5511	5512
5527	5559
5606	5661
5714	5765
5801	5822
5816	5780
5705	5593
5444	5272
5083	4890
4711	4547
4404	4277
4155	4043
3930	3821
3719	3631
3564	3515
3490	3480
3479	3486
3499	3519
3545	3578
3611	3643
3665	3685
3701	3714
3722	3723
3707	3674
3630	3596
3587	3628
3732	3892
4087	4289
4457	4569
4605	4559
4441	4267
4049	3817
3584	3368
3182	3043
2948	2903
2899	2925
2971	3027
3075	3108
3121	3115
3093	3062
3025	2997
2971	2953
2939	2936
2941	2960
2994	3039
3089	3133
3168	3186
3182	3169
3150	3139
3137	3145
3161	3182
3213	3249
3303	3367
3445	3533
3626	3712
3799	3880
3962	4049
4144	4252
4372	4489
4598	4676
4734	4764
4788	4820
4882	4983
5118	5277
5456	5633
5814	5989
6159	6328
6487	6638
6779	6908
7025	7136
7247	7362
7491	7645
7825	8034
8262	8500
8731	8951
9149	9321
9478	9627
9777	9931
10093	10259
10421	10573
10715	10839
10956	11054
11141	11214
11274	11320
11359	11392
11428	11465
11507	11550
11598	11649
11700	11752
11806	11865
11924	11986
12048	12103
12152	12195
12228	12259
12288	12315
12344	12377
12408	12439
12463	12479
12484	12480
12466	12447
12426	12404
12383	12354
12313	12252
12177	12076
11958	11824
11676	11512
11334	11137
10926	10702
10473	10248
10039	9852
9686	9543
9413	9297
9182	9068
8959	8854
8762	8692
8645	8625
8634	8672
8732	8805
8882	8955
9018	9070
9103	9113
9097	9047
8968	8865
8751	8652
8584	8568
8612	8720
8882	9088
9330	9594
9882	10198
10553	10955
11408	11906
12431	12946
13429	13845
14180	14426
14577	14649
14653	14602
14513	14404
14285	14162
14050	13944
13850	13768
13691	13618
13536	13451
13350	13240
13114	12979
12834	12689
12543	12402
12271	12146
12034	11924
11812	11696
11573	11441
11306	11169
11040	10921
10805	10695
10586	10477
10368	10259
10156	10063
9992	9947
9958	9959
10090	9975
9036	7900
7913	7162
6770	6323
6023	5816
5693	5626
5595	5587
5595	5612
5637	5665
5694	5714
5731	5736
5736	5729
5721	5710
5698	5688
5678	5669
5665	5669
5673	5683
5695	5708
5719	5729
5741	5748
5757	5769
5779	5790
5804	5817
5833	5844
5845	5836
5812	5777
5741	5709
5689	5684
5695	5710
5724	5728
5719	5703
5686	5673
5667	5670
5680	5692
5703	5712
5720	5725
5727	5726
5728	5727
5722	5713
5701	5682
5661	5641
5624	5615
5621	5634
5661	5687
5712	5730
5741	5736
5727	5714
5704	5702
5713	5732
5762	5793
5827	5854
5877	5896
5907	5918
5928	5936
5936	5933
5924	5907
5880	5847
5811	5776
5743	5717
5700	5686
5677	5672
5670	5664
5660	5652
5643	5632
5617	5601
5584	5561
5542	5524
5509	5506
5512	5535
5572	5617
5671	5732
5792	5851
5895	5910
5889	5825
5710	5554
5369	5170
4968	4781
4612	4459
4315	4179
4046	3921
3805	3703
3624	3567
3530	3514
3511	3517
3530	3551
3580	3615
3653	3687
3713	3730
3748	3765
3778	3788
3785	3769
3742	3718
3716	3761
3858	4007
4187	4367
4513	4599
4607	4542
4416	4243
4036	3819
3605	3401
3228	3090
2995	2940
2933	2954
3002	3058
3113	3154
3177	3177
3156	3120
3081	3040
3003	2976
2964	2961
2971	2998
3040	3094
3150	3202
3240	3260
3261	3248
3228	3214
3207	3214
3229	3252
3283	3323
3377	3442
3517	3596
3680	3756
3831	3902
3978	4056
4152	4269
4402	4541
4673	4782
4860	4907
4938	4965
5022	5109
5234	5389
5562	5743
5926	6110
6291	6466
6638	6798
6953	7091
7222	7347
7467	7595
7738	7905
8103	8321
8559	8807
9050	9272
9475	9652
9810	9955
10097	10237
10383	10528
10669	10803
10919	11025
11115	11192
11251	11300
11334	11361
11382	11404
11436	11471
11513	11560
11613	11666
11721	11774
11833	11890
11947	12005
12063	12112
12157	12194
12225	12249
12272	12295
12320	12350
12381	12411
12437	12457
12466	12467
12460	12447
12429	12410
12387	12354
12310	12248
12165	12061
11939	11801
11648	11483
11299	11101
10887	10658
10425	10201
9988	9798
9630	9482
9352	9236
9125	9019
8915	8821
8735	8666
8618	8595
8598	8622
8667	8731
8804	8882
8958	9025
9079	9111
9110	9076
8998	8895
8776	8669
8593	8570
8604	8699
8851	9049
9281	9536
9812	10109
10436	10804
11215	11672
12160	12664
13147	13586
13953	14232
14418	14514
14535	14497
14418	14311
14191	14068
13950	13838
13744	13655
13575	13494
13413	13322
13221	13106
12980	12840
12693	12544
12393	12249
12117	11995
11881	11773
11666	11554
11437	11309
11178	11049
10928	10812
10707	10601
10499	10393
10288	10179
10073	9978
9903	9859
9874	9885
10020	9934
9039	7902
7915	7163
6769	6319
6019	5809
5686	5620
5590	5582
5588	5606
5628	5654
5678	5699
5713	5722
5725	5721
5715	5708
5702	5695
5689	5687
5683	5686
5692	5697
5706	5715
5725	5733
5741	5749
5760	5771
5781	5794
5806	5818
5831	5839
5840	5827
5800	5762
5724	5691
5674	5671
5686	5708
5728	5737
5732	5718
5704	5690
5683	5685
5692	5699
5709	5715
5722	5725
5727	5726
5727	5725
5720	5710
5694	5677
5655	5633
5616	5609
5612	5628
5653	5682
5707	5728
5735	5733
5720	5709
5696	5692
5700	5718
5744	5776
5811	5836
5859	5875
5889	5899
5910	5917
5919	5916
5907	5890
5866	5835
5799	5766
5733	5709
5688	5676
5669	5664
5660	5658
5655	5649
5640	5631
5617	5605
5587	5569
5550	5531
5515	5506
5504	5519
5543	5580
5629	5698
5782	5874
5964	6035
6068	6051
5975	5843
5663	5457
5241	5033
4841	4664
4502	4346
4198	4058
3925	3809
3719	3651
3606	3584
3575	3579
3593	3612
3644	3679
3715	3748
3775	3797
3814	3837
3862	3883
3898	3898
3888	3872
3876	3916
3998	4127
4280	4433
4545	4601
4586	4506
4372	4205
4016	3818
3623	3440
3277	3144
3045	2990
2976	2995
3043	3102
3164	3211
3242	3248
3229	3188
3142	3090
3042	3005
2985	2981
2993	3025
3073	3135
3195	3251
3293	3314
3320	3309
3290	3277
3269	3272
3285	3308
3343	3386
3437	3500
3568	3640
3710	3777
3842	3903
3971	4049
4143	4265
4410	4569
4727	4864
4967	5034
5078	5112
5162	5241
5356	5500
5670	5849
6036	6223
6412	6595
6776	6951
7115	7269
7412	7552
7686	7827
7985	8162
8367	8597
8843	9091
9333	9557
9762	9939
10096	10238
10374	10502
10634	10762
10884	10999
11097	11184
11253	11310
11349	11374
11389	11397
11406	11417
11439	11472
11517	11569
11623	11679
11737	11793
11851	11908
11965	12022
12077	12124
12164	12199
12224	12247
12265	12285
12306	12330
12360	12390
12415	12438
12452	12461
12463	12457
12447	12429
12405	12372
12319	12247
12158	12044
11918	11775
11617	11449
11266	11066
10848	10620
10386	10157
9946	9751
9583	9435
9309	9193
9085	8986
8892	8801
8722	8652
8598	8567
8554	8565
8596	8649
8714	8793
8880	8964
9038	9089
9107	9082
9014	8913
8794	8683
8605	8576
8602	8692
8834	9022
9246	9493
9759	10042
10346	10680
11049	11464
11912	12389
12865	13314
13704	14012
14228	14350
14394	14370
14300	14199
14086	13962
13842	13728
13628	13534
13446	13360
13273	13182
13079	12962
12832	12691
12543	12390
12238	12095
11958	11837
11725	11622
11517	11412
11299	11179
11052	10932
10815	10705
10603	10502
10403	10301
10193	10086
9982	9886
9813	9772
9790	9814
9952	9891
9041	7902
7914	7162
6767	6319
6016	5807
5683	5617
5586	5576
5579	5595
5614	5638
5659	5678
5692	5702
5705	5708
5709	5708
5706	5706
5705	5707
5707	5710
5711	5714
5719	5723
5730	5737
5744	5752
5762	5773
5784	5794
5805	5817
5828	5832
5830	5814
5782	5744
5703	5670
5655	5658
5677	5706
5731	5748
5748	5739
5725	5710
5703	5703
5705	5710
5715	5720
5724	5724
5726	5727
5727	5723
5717	5708
5691	5672
5652	5629
5608	5602
5606	5622
5647	5678
5703	5722
5731	5730
5717	5701
5688	5680
5686	5705
5729	5762
5791	5817
5837	5856
5869	5880
5889	5899
5899	5897
5888	5873
5847	5820
5786	5753
5723	5699
5678	5666
5658	5655
5652	5650
5646	5642
5634	5627
5618	5606
5592	5576
5558	5543
5526	5513
5505	5506
5520	5546
5591	5667
5767	5891
6025	6146
6237	6268
6232	6128
5964	5756
5531	5307
5096	4901
4720	4552
4390	4236
4093	3964
3858	3774
3720	3687
3673	3674
3685	3706
3736	3770
3804	3834
3863	3883
3909	3938
3976	4014
4046	4063
4065	4055
4056	4081
4143	4242
4363	4475
4559	4584
4551	4458
4322	4161
3991	3816
3646	3479
3330	3203
3106	3051
3033	3051
3099	3161
3227	3287
3324	3336
3317	3276
3219	3152
3090	3042
3011	3001
3013	3048
3097	3159
3222	3281
3324	3351
3358	3349
3334	3318
3308	3310
3325	3349
3383	3428
3480	3537
3602	3663
3722	3780
3833	3889
3951	4026
4123	4248
4403	4575
4755	4918
5047	5141
5200	5246
5297	5372
5478	5615
5777	5954
6140	6332
6524	6714
6902	7088
7262	7433
7592	7746
7895	8051
8220	8409
8624	8857
9099	9344
9582	9805
10004	10182
10337	10479
10607	10727
10844	10958
11065	11163
11251	11321
11374	11411
11433	11439
11440	11433
11428	11432
11450	11482
11524	11576
11634	11692
11751	11810
11867	11927
11982	12039
12090	12137
12177	12208
12230	12247
12260	12278
12292	12315
12340	12369
12395	12420
12442	12459
12470	12477
12470	12457
12432	12393
12332	12253
12155	12035
11901	11755
11596	11427
11238	11037
10821	10593
10356	10128
9915	9722
9552	9408
9282	9174
9072	8979
8888	8802
8719	8648
8589	8542
8517	8511
8524	8562
8621	8700
8792	8889
8981	9049
9085	9073
9015	8917
8804	8697
8617	8585
8608	8692
8827	9005
9220	9461
9721	9993
10278	10581
10912	11279
11689	12131
12588	13033
13436	13766
14006	14156
14221	14219
14165	14073
13964	13841
13725	13606
13499	13399
13304	13214
13121	13023
12917	12799
12671	12530
12382	12228
12077	11931
11795	11672
11562	11461
11362	11262
11155	11041
10925	10806
10695	10589
10486	10387
10287	10185
10082	9974
9871	9780
9713	9678
9703	9738
9881	9848
9041	7902
7914	7161
6766	6318
6014	5805
5681	5615
5583	5571
5573	5586
5602	5622
5641	5657
5670	5679
5688	5695
5702	5707
5712	5718
5726	5729
5734	5736
5738	5738
5739	5738
5742	5744
5749	5755
5764	5773
5785	5792
5805	5814
5824	5824
5819	5794
5762	5719
5677	5643
5632	5640
5668	5703
5736	5755
5762	5758
5746	5737
5728	5724
5722	5723
5723	5726
5727	5729
5727	5727
5725	5722
5716	5706
5690	5670
5649	5626
5606	5598
5606	5621
5646	5677
5702	5720
5730	5728
5715	5697
5684	5673
5674	5689
5712	5742
5771	5797
5816	5833
5845	5857
5867	5873
5876	5874
5865	5851
5830	5800
5770	5737
5708	5684
5665	5652
5644	5640
5639	5638
5636	5632
5628	5620
5615	5607
5597	5585
5571	5554
5536	5519
5505	5496
5499	5518
5564	5640
5754	5903
6073	6244
6382	6467
6477	6410
6265	6068
5841	5610
5385	5177
4982	4803
4630	4465
4309	4168
4045	3950
3879	3837
3815	3810
3818	3838
3861	3888
3916	3941
3963	3992
4024	4068
4119	4175
4224	4256
4264	4256
4248	4251
4283	4346
4428	4505
4553	4556
4504	4403
4273	4123
3971	3815
3664	3520
3384	3266
3178	3122
3105	3125
3171	3234
3305	3370
3416	3432
3418	3373
3305	3227
3153	3090
3045	3027
3035	3064
3110	3170
3232	3291
3336	3365
3374	3371
3355	3341
3330	3332
3342	3370
3406	3452
3504	3559
3616	3668
3717	3768
3815	3868
3927	4003
4099	4228
4390	4575
4771	4956
5109	5225
5308	5368
5425	5499
5600	5728
5885	6056
6243	6434
6630	6824
7021	7215
7404	7588
7764	7933
8101	8270
8451	8650
8865	9098
9339	9578
9806	10017
10210	10383
10535	10672
10794	10908
11015	11118
11212	11295
11369	11425
11466	11490
11498	11493
11480	11461
11450	11448
11460	11491
11533	11588
11644	11706
11765	11825
11881	11939
11996	12054
12103	12150
12187	12218
12239	12251
12262	12273
12284	12302
12324	12350
12378	12408
12436	12461
12483	12498
12502	12495
12468	12426
12359	12273
12164	12037
11898	11749
11585	11414
11225	11025
10805	10578
10344	10116
9904	9713
9548	9409
9288	9183
9086	8997
8906	8820
8734	8655
8584	8523
8480	8457
8454	8478
8528	8602
8697	8803
8909	8994
9041	9046
8997	8915
8808	8707
8630	8598
8619	8696
8820	8990
9198	9431
9686	9951
10224	10505
10801	11128
11489	11892
12320	12747
13150	13491
13756	13931
14026	14044
14008	13930
13829	13713
13595	13475
13361	13253
13151	13052
12955	12857
12747	12631
12504	12364
12213	12060
11910	11764
11631	11507
11398	11298
11204	11108
11008	10903
10793	10680
10569	10461
10356	10256
10153	10050
9946	9842
9745	9662
9599	9575
9607	9658
9808	9805
9042	7903
7916	7162
6767	6318
6014	5805
5680	5613
5579	5567
5567	5577
5590	5605
5620	5632
5644	5656
5668	5680
5692	5703
5718	5731
5742	5752
5756	5762
5761	5759
5754	5750
5749	5749
5750	5755
5764	5773
5783	5790
5803	5812
5818	5817
5804	5779
5741	5695
5649	5619
5610	5624
5655	5700
5739	5767
5779	5780
5773	5762
5754	5744
5740	5735
5734	5731
5731	5730
5728	5727
5725	5723
5715	5706
5690	5670
5648	5625
5606	5598
5605	5621
5646	5676
5701	5720
5730	5728
5714	5696
5680	5669
5669	5679
5700	5726
5753	5777
5795	5811
5821	5832
5842	5850
5854	5851
5841	5826
5807	5781
5751	5719
5691	5668
5649	5638
5632	5629
5626	5626
5624	5624
5623	5621
5617	5614
5605	5597
5584	5566
5544	5522
5501	5485
5481	5494
5537	5616
5740	5910
6111	6322
6511	6649
6707	6677
6566	6384
6165	5930
5703	5489
5290	5101
4917	4745
4575	4420
4287	4171
4087	4032
4001	3991
3994	4009
4023	4039
4054	4072
4093	4124
4166	4222
4291	4363
4428	4470
4482	4466
4439	4416
4415	4439
4480	4520
4541	4522
4457	4356
4230	4093
3956	3822
3690	3560
3443	3335
3254	3205
3190	3208
3256	3320
3393	3461
3512	3537
3523	3474
3401	3310
3223	3147
3089	3062
3058	3079
3119	3171
3226	3282
3327	3356
3371	3369
3358	3345
3334	3332
3344	3374
3412	3459
3512	3564
3614	3660
3705	3751
3797	3850
3909	3987
4086	4217
4379	4572
4777	4977
5153	5293
5396	5471
5540	5617
5718	5843
5991	6159
6342	6534
6732	6931
7136	7335
7539	7737
7932	8117
8304	8487
8679	8885
9104	9332
9565	9789
10003	10201
10385	10547
10694	10825
10944	11050
11148	11240
11323	11398
11457	11504
11534	11550
11547	11534
11511	11488
11469	11462
11474	11500
11543	11597
11655	11717
11778	11838
11898	11955
12013	12067
12119	12163
12198	12227
12246	12258
12264	12270
12278	12292
12308	12333
12363	12396
12428	12468
12499	12525
12540	12537
12512	12469
12395	12299
12182	12050
11907	11753
11590	11416
11227	11026
10808	10581
10347	10123
9914	9727
9570	9436
9323	9222
9132	9043
8954	8862
8768	8675
8589	8511
8449	8407
8389	8397
8436	8505
8598	8709
8823	8919
8983	9000
8971	8901
8807	8717
8648	8617
8636	8703
8820	8979
9174	9401
9650	9910
10173	10441
10709	11000
11319	11677
12063	12467
12855	13203
13483	13685
13802	13849
13834	13774
13685	13574
13455	13334
13216	13100
12990	12884
12785	12681
12576	12456
12328	12191
12043	11890
11737	11591
11457	11334
11226	11131
11039	10948
10854	10755
10649	10539
10430	10319
10213	10108
10001	9894
9792	9693
9603	9525
9473	9458
9501	9570
9728	9755
9042	7903
7915	7160
6766	6317
6015	5805
5681	5612
5580	5564
5562	5568
5577	5587
5597	5610
5618	5631
5647	5663
5682	5701
5722	5740
5759	5773
5784	5787
5787	5779
5771	5762
5758	5754
5755	5758
5765	5772
5782	5790
5800	5807
5811	5807
5788	5761
5717	5669
5623	5594
5587	5607
5647	5697
5742	5777
5796	5801
5796	5788
5775	5767
5756	5749
5742	5738
5733	5731
5728	5727
5725	5722
5715	5706
5690	5670
5648	5624
5606	5598
5605	5621
5646	5676
5701	5720
5729	5726
5713	5696
5676	5664
5662	5669
5686	5707
5732	5755
5773	5785
5797	5810
5818	5826
5827	5828
5818	5805
5784	5761
5730	5703
5674	5652
5636	5625
5617	5614
5614	5614
5613	5613
5616	5618
5620	5618
5615	5609
5595	5575
5548	5519
5493	5473
5466	5475
5516	5595
5727	5908
6131	6377
6613	6798
6907	6924
6850	6698
6495	6274
6050	5834
5632	5437
5251	5068
4891	4724
4572	4447
4346	4276
4236	4220
4215	4221
4222	4227
4227	4234
4249	4281
4330	4399
4482	4569
4642	4688
4697	4670
4622	4571
4536	4520
4525	4534
4527	4493
4422	4324
4204	4080
3954	3834
3716	3605
3497	3405
3334	3293
3282	3302
3347	3412
3486	3554
3608	3635
3622	3577
3496	3402
3302	3212
3147	3106
3095	3103
3131	3173
3222	3270
3312	3339
3357	3361
3350	3338
3329	3327
3339	3369
3412	3459
3512	3560
3607	3651
3695	3741
3791	3845
3910	3988
4091	4221
4387	4581
4792	5001
5192	5354
5476	5568
5649	5733
5830	5953
6099	6265
6447	6640
6841	7044
7252	7462
7678	7893
8102	8308
8508	8706
8909	9118
9336	9555
9773	9982
10178	10362
10526	10680
10818	10943
11054	11152
11246	11325
11399	11464
11517	11556
11582	11591
11583	11562
11538	11506
11486	11478
11487	11513
11557	11608
11667	11728
11792	11851
11912	11969
12027	12084
12135	12176
12213	12238
12255	12266
12267	12268
12270	12279
12295	12318
12348	12384
12427	12474
12519	12553
12578	12583
12560	12516
12439	12339
12217	12079
11930	11776
11609	11439
11248	11047
10829	10604
10374	10153
9951	9771
9618	9492
9388	9292
9205	9116
9026	8925
8820	8714
8610	8511
8428	8368
8331	8326
8351	8412
8503	8610
8729	8833
8909	8946
8934	8882
8802	8729
8669	8643
8659	8721
8823	8970
9154	9369
9608	9865
10123	10378
10630	10889
11170	11484
11829	12194
12562	12903
13195	13419
13567	13639
13651	13609
13533	13428
13311	13189
13063	12942
12825	12717
12611	12506
12398	12283
12155	12021
11873	11723
11570	11424
11289	11168
11060	10965
10876	10788
10697	10601
10497	10388
10280	10169
10056	9945
9836	9730
9628	9533
9446	9378
9336	9331
9387	9474
9640	9701
9039	7902
7915	7163
6769	6319
6016	5807
5681	5612
5576	5560
5555	5559
5564	5571
5578	5588
5597	5612
5629	5648
5672	5702
5725	5752
5774	5794
5806	5812
5808	5799
5786	5772
5764	5757
5757	5759
5764	5772
5781	5789
5798	5803
5802	5796
5776	5742
5698	5648
5603	5575
5571	5594
5638	5692
5744	5785
5809	5820
5818	5809
5798	5783
5773	5760
5750	5742
5737	5731
5729	5727
5725	5723
5715	5706
5690	5670
5648	5627
5607	5600
5606	5623
5646	5677
5701	5720
5729	5726
5713	5697
5676	5663
5658	5661
5676	5694
5717	5736
5753	5768
5779	5790
5799	5803
5807	5804
5798	5785
5767	5742
5715	5686
5658	5635
5620	5609
5604	5603
5601	5600
5601	5603
5608	5615
5621	5624
5626	5620
5605	5581
5550	5516
5483	5459
5450	5458
5498	5577
5709	5898
6138	6411
6685	6918
7080	7148
7117	7000
6827	6624
6410	6201
5998	5805
5610	5424
5239	5067
4907	4765
4654	4572
4520	4493
4481	4472
4463	4448
4435	4429
4439	4466
4519	4597
4690	4779
4858	4902
4904	4861
4791	4711
4639	4590
4562	4542
4520	4474
4404	4311
4199	4080
3964	3854
3748	3645
3555	3472
3415	3384
3377	3399
3443	3503
3575	3640
3694	3719
3709	3662
3586	3487
3381	3285
3210	3162
3139	3138
3156	3183
3220	3261
3296	3323
3342	3349
3344	3331
3322	3320
3333	3364
3411	3461
3514	3561
3606	3649
3693	3742
3798	3860
3931	4013
4120	4251
4414	4606
4817	5034
5235	5407
5547	5654
5748	5837
5942	6064
6209	6375
6560	6755
6961	7168
7382	7601
7831	8059
8286	8508
8721	8929
9139	9349
9562	9773
9976	10167
10344	10505
10656	10795
10919	11033
11136	11228
11309	11382
11446	11500
11548	11583
11602	11608
11598	11576
11549	11519
11497	11488
11496	11523
11566	11621
11681	11744
11806	11866
11928	11989
12045	12102
12154	12192
12227	12253
12267	12272
12272	12268
12265	12273
12285	12307
12338	12379
12429	12483
12535	12585
12618	12626
12612	12566
12489	12387
12263	12123
11969	11813
11646	11474
11285	11082
10866	10644
10418	10205
10011	9841
9699	9582
9484	9397
9313	9221
9123	9014
8895	8769
8643	8525
8419	8338
8286	8265
8280	8330
8411	8513
8630	8741
8827	8878
8886	8858
8802	8743
8693	8671
8686	8737
8831	8960
9132	9334
9566	9812
10066	10317
10557	10795
11042	11310
11611	11936
12274	12604
12902	13143
13319	13423
13456	13432
13370	13274
13161	13034
12905	12778
12658	12544
12435	12328
12222	12108
11987	11851
11707	11557
11406	11260
11124	11002
10894	10800
10711	10626
10534	10439
10339	10230
10118	10008
9892	9780
9671	9564
9464	9370
9289	9226
9191	9198
9264	9371
9546	9645
9038	7903
7914	7164
6771	6322
6021	5812
5684	5615
5577	5558
5551	5551
5551	5556
5562	5568
5577	5594
5613	5639
5666	5697
5728	5759
5786	5807
5822	5828
5823	5812
5797	5781
5769	5761
5758	5759
5764	5771
5780	5787
5794	5797
5797	5785
5762	5728
5678	5628
5584	5557
5557	5584
5633	5689
5747	5794
5824	5836
5836	5830
5815	5803
5789	5771
5758	5746
5738	5735
5729	5727
5725	5724
5715	5706
5691	5673
5649	5629
5611	5603
5607	5624
5647	5676
5701	5721
5730	5727
5714	5696
5679	5663
5656	5658
5667	5684
5702	5721
5738	5750
5762	5768
5776	5781
5786	5783
5779	5767
5750	5727
5697	5670
5642	5619
5604	5592
5587	5585
5584	5587
5588	5594
5601	5611
5623	5631
5634	5629
5611	5582
5548	5507
5471	5444
5434	5444
5482	5560
5690	5880
6129	6421
6727	7005
7218	7339
7357	7286
7150	6974
6779	6578
6382	6190
5998	5805
5619	5441
5273	5128
5008	4918
4853	4815
4788	4766
4741	4713
4679	4661
4658	4680
4731	4809
4898	4990
5064	5100
5088	5028
4935	4830
4732	4654
4600	4562
4524	4475
4406	4317
4213	4101
3989	3880
3779	3686
3602	3539
3490	3468
3467	3488
3532	3586
3650	3712
3760	3784
3776	3733
3657	3558
3455	3359
3281	3227
3196	3186
3192	3209
3236	3264
3294	3318
3338	3343
3342	3330
3326	3325
3343	3375
3421	3473
3526	3570
3615	3657
3708	3763
3826	3898
3976	4065
4175	4305
4466	4657
4870	5085
5292	5472
5622	5741
5845	5944
6053	6175
6324	6493
6684	6882
7092	7305
7528	7762
7997	8240
8482	8714
8942	9157
9369	9579
9785	9981
10168	10339
10496	10639
10769	10892
11002	11107
11198	11280
11351	11415
11468	11517
11557	11587
11605	11611
11602	11583
11555	11526
11505	11498
11508	11533
11578	11633
11695	11758
11823	11885
11948	12008
12069	12122
12172	12211
12244	12266
12280	12282
12279	12273
12267	12270
12280	12301
12336	12380
12436	12497
12558	12615
12655	12673
12660	12618
12543	12438
12310	12170
12018	11861
11695	11522
11335	11134
10922	10702
10484	10276
10092	9936
9804	9700
9611	9532
9448	9356
9250	9128
8992	8847
8698	8556
8429	8326
8256	8220
8222	8256
8327	8422
8533	8643
8741	8808
8836	8832
8798	8752
8715	8700
8715	8760
8843	8959
9112	9300
9516	9755
10004	10248
10482	10706
10927	11158
11412	11694
11999	12310
12609	12865
13064	13192
13253	13249
13200	13113
13000	12875
12745	12615
12489	12376
12266	12161
12053	11943
11822	11692
11550	11399
11249	11105
10970	10847
10739	10642
10552	10462
10369	10275
10170	10063
9949	9836
9724	9611
9502	9397
9299	9207
9129	9068
9041	9057
9134	9262
9445	9584
9036	7903
7914	7166
6774	6326
6024	5816
5689	5617
5577	5557
5547	5542
5541	5543
5547	5552
5563	5580
5602	5630
5661	5697
5732	5767
5795	5819
5834	5840
5836	5822
5808	5788
5775	5765
5759	5757
5763	5769
5776	5784
5789	5793
5788	5775
5751	5714
5663	5615
5570	5547
5548	5580
5629	5690
5749	5798
5829	5848
5849	5844
5830	5816
5798	5780
5764	5750
5740	5735
5730	5727
5726	5724
5716	5708
5694	5676
5656	5633
5617	5608
5613	5626
5648	5676
5701	5721
5730	5726
5716	5700
5682	5666
5660	5658
5662	5677
5692	5711
5725	5738
5747	5752
5757	5760
5762	5763
5759	5751
5735	5711
5683	5652
5625	5603
5585	5573
5568	5566
5565	5569
5573	5583
5593	5607
5623	5633
5639	5637
5615	5582
5538	5495
5455	5431
5419	5427
5464	5541
5667	5854
6108	6414
6744	7063
7326	7501
7574	7551
7457	7314
7144	6958
6771	6583
6394	6201
6015	5835
5669	5521
5395	5297
5224	5173
5132	5096
5054	5003
4958	4925
4910	4923
4962	5031
5112	5194
5253	5273
5245	5170
5059	4934
4816	4718
4645	4593
4545	4494
4427	4345
4248	4139
4027	3917
3813	3723
3648	3592
3556	3541
3546	3570
3608	3658
3712	3765
3807	3827
3817	3778
3707	3616
3519	3429
3354	3299
3267	3252
3248	3253
3269	3285
3307	3329
3345	3353
3354	3348
3346	3349
3369	3405
3451	3504
3555	3600
3641	3686
3736	3798
3873	3955
4043	4140
4254	4388
4550	4740
4946	5161
5368	5552
5706	5840
5948	6055
6168	6298
6450	6625
6818	7024
7239	7462
7691	7931
8177	8432
8687	8929
9163	9386
9598	9804
10001	10184
10354	10507
10643	10763
10874	10980
11075	11167
11247	11315
11378	11432
11477	11519
11554	11581
11597	11601
11594	11577
11554	11529
11512	11505
11517	11546
11588	11646
11708	11774
11841	11906
11970	12033
12091	12147
12194	12235
12264	12282
12292	12294
12289	12281
12276	12275
12284	12306
12344	12390
12450	12517
12582	12645
12692	12715
12708	12667
12592	12489
12365	12226
12075	11919
11755	11582
11397	11198
10989	10776
10567	10370
10201	10058
9942	9851
9774	9698
9620	9524
9409	9275
9120	8950
8777	8610
8461	8336
8244	8190
8175	8197
8254	8336
8443	8552
8657	8737
8788	8804
8792	8765
8742	8730
8743	8784
8854	8955
9090	9262
9466	9692
9932	10174
10402	10613
10813	11015
11230	11471
11744	12037
12327	12593
12809	12960
13043	13060
13022	12943
12834	12712
12578	12449
12324	12206
12099	11996
11894	11787
11668	11540
11400	11252
11104	10960
10825	10700
10593	10492
10397	10304
10208	10105
9999	9887
9777	9665
9555	9448
9341	9238
9143	9053
8973	8917
8891	8915
9002	9150
9341	9517
9032	7902
7916	7168
6779	6332
6030	5823
5696	5623
5580	5554
5542	5535
5530	5532
5535	5543
5554	5572
5596	5625
5658	5695
5732	5769
5801	5824
5842	5847
5844	5829
5811	5792
5777	5764
5759	5756
5760	5765
5771	5777
5781	5782
5777	5760
5734	5696
5648	5602
5561	5541
5545	5575
5626	5689
5748	5798
5833	5852
5856	5853
5838	5824
5805	5785
5768	5752
5742	5735
5730	5727
5727	5724
5718	5709
5698	5680
5661	5641
5625	5617
5619	5633
5654	5680
5702	5720
5729	5727
5718	5705
5688	5674
5667	5662
5667	5675
5690	5703
5718	5729
5736	5737
5738	5739
5739	5742
5739	5734
5718	5697
5666	5636
5606	5582
5561	5552
5545	5545
5546	5550
5557	5569
5583	5599
5620	5634
5642	5634
5614	5578
5533	5485
5443	5416
5406	5412
5450	5517
5638	5819
6073	6388
6742	7096
7405	7634
7766	7795
7748	7643
7500	7335
7158	6976
6788	6603
6421	6246
6087	5940
5813	5710
5628	5562
5509	5453
5395	5331
5271	5222
5193	5190
5216	5265
5326	5389
5428	5429
5381	5290
5165	5027
4895	4785
4701	4639
4585	4532
4469	4386
4292	4185
4069	3953
3848	3755
3684	3632
3606	3598
3608	3633
3666	3709
3754	3796
3829	3844
3833	3798
3736	3656
3570	3491
3424	3377
3346	3328
3319	3319
3323	3330
3344	3359
3371	3383
3387	3390
3391	3402
3423	3459
3508	3560
3606	3649
3689	3732
3784	3853
3933	4026
4124	4233
4351	4493
4656	4846
5052	5263
5468	5653
5812	5949
6064	6178
6294	6433
6591	6771
6973	7185
7406	7634
7871	8115
8369	8633
8892	9143
9383	9607
9817	10017
10205	10376
10529	10662
10778	10881
10974	11061
11144	11220
11287	11348
11399	11441
11480	11514
11543	11566
11581	11586
11583	11568
11550	11529
11518	11515
11528	11558
11605	11663
11726	11794
11863	11933
11997	12063
12123	12176
12223	12261
12286	12304
12310	12310
12304	12293
12288	12288
12300	12321
12362	12414
12474	12543
12611	12676
12726	12752
12747	12710
12639	12537
12418	12283
12136	11983
11820	11650
11469	11275
11070	10863
10666	10483
10328	10206
10106	10030
9964	9900
9823	9727
9607	9456
9284	9090
8891	8700
8522	8377
8262	8187
8153	8156
8196	8269
8364	8475
8581	8679
8744	8780
8785	8776
8758	8755
8766	8803
8862	8952
9071	9225
9412	9626
9857	10090
10313	10517
10702	10876
11059	11265
11504	11775
12056	12326
12554	12725
12827	12862
12835	12767
12662	12543
12414	12286
12162	12047
11942	11841
11741	11636
11521	11396
11260	11117
10969	10824
10688	10563
10450	10346
10246	10148
10046	9938
9824	9713
9600	9491
9386	9283
9183	9086
8988	8902
8825	8769
8748	8778
8874	9041
9242	9456
9027	7898
7915	7171
6783	6339
6041	5832
5702	5627
5581	5555
5535	5527
5524	5523
5529	5537
5549	5570
5595	5626
5659	5696
5733	5769
5801	5824
5840	5846
5842	5828
5809	5792
5776	5764
5758	5754
5756	5760
5767	5771
5772	5773
5766	5748
5724	5686
5640	5597
5560	5543
5549	5580
5631	5688
5748	5797
5831	5851
5859	5855
5842	5827
5807	5786
5768	5752
5742	5735
5730	5727
5727	5725
5718	5710
5699	5684
5666	5646
5632	5624
5627	5638
5659	5680
5701	5716
5727	5727
5721	5708
5697	5684
5677	5673
5675	5680
5693	5707
5720	5727
5732	5728
5725	5719
5720	5721
5720	5716
5703	5681
5654	5619
5588	5562
5541	5530
5526	5522
5528	5531
5542	5554
5573	5593
5614	5629
5637	5631
5608	5572
5525	5476
5435	5407
5394	5399
5429	5492
5605	5779
6028	6353
6726	7115
7469	7752
7937	8024
8026	7959
7848	7704
7540	7364
7183	7004
6833	6669
6516	6376
6253	6147
6055	5981
5909	5840
5765	5688
5615	5553
5508	5487
5488	5512
5548	5578
5590	5567
5503	5395
5258	5112
4976	4861
4769	4701
4643	4585
4523	4445
4352	4238
4118	3997
3883	3785
3715	3667
3644	3641
3653	3675
3705	3738
3774	3806
3828	3839
3830	3797
3744	3680
3608	3542
3489	3452
3430	3418
3409	3402
3399	3399
3404	3411
3423	3437
3448	3456
3466	3482
3510	3551
3599	3644
3687	3724
3755	3796
3851	3921
4010	4111
4220	4338
4468	4617
4785	4979
5183	5393
5594	5776
5938	6078
6200	6321
6444	6588
6755	6941
7144	7359
7582	7814
8048	8298
8561	8828
9093	9350
9588	9813
10022	10214
10390	10552
10688	10806
10906	10990
11065	11136
11204	11267
11324	11374
11413	11447
11478	11505
11526	11547
11563	11568
11569	11558
11546	11530
11524	11526
11540	11573
11620	11678
11746	11816
11886	11961
12030	12096
12156	12210
12253	12289
12312	12327
12331	12329
12320	12312
12306	12309
12322	12349
12391	12445
12508	12575
12644	12705
12754	12778
12774	12741
12674	12581
12467	12338
12197	12047
11892	11726
11549	11360
11165	10967
10783	10619
10480	10377
10298	10239
10188	10134
10059	9967
9837	9678
9484	9271
9046	8825
8622	8449
8313	8215
8157	8142
8163	8220
8308	8415
8525	8630
8709	8759
8782	8782
8774	8774
8783	8817
8867	8943
9048	9186
9356	9557
9775	10002
10218	10411
10583	10738
10896	11075
11285	11529
11801	12067
12306	12491
12609	12658
12646	12585
12488	12372
12248	12122
12003	11895
11792	11692
11595	11493
11382	11262
11126	10987
10842	10699
10562	10436
10318	10209
10102	9995
9884	9769
9650	9535
9422	9315
9212	9118
9025	8931
8841	8757
8682	8627
8611	8646
8752	8934
9143	9392
9019	7894
7913	7171
6789	6347
6050	5842
5710	5631
5583	5552
5532	5521
5517	5519
5524	5533
5551	5572
5597	5626
5660	5696
5730	5766
5796	5819
5836	5842
5835	5824
5805	5788
5772	5760
5752	5752
5752	5757
5759	5763
5764	5761
5751	5737
5712	5676
5635	5595
5563	5550
5557	5588
5633	5689
5744	5791
5824	5847
5855	5853
5841	5827
5807	5786
5768	5753
5742	5735
5730	5727
5727	5725
5718	5713
5701	5689
5672	5655
5642	5636
5634	5647
5662	5683
5704	5716
5727	5730
5724	5716
5705	5695
5689	5683
5685	5690
5702	5713
5723	5730
5728	5721
5712	5703
5699	5699
5703	5700
5690	5668
5638	5605
5572	5542
5521	5509
5502	5502
5506	5515
5526	5542
5560	5584
5603	5621
5625	5619
5597	5560
5515	5468
5426	5397
5382	5384
5408	5465
5567	5736
5984	6312
6704	7122
7521	7855
8097	8239
8289	8262
8180	8058
7908	7745
7573	7406
7244	7095
6954	6824
6705	6600
6504	6415
6329	6244
6156	6068
5983	5907
5846	5805
5781	5777
5779	5777
5754	5703
5614	5492
5351	5203
5067	4949
4854	4781
4718	4658
4591	4516
4417	4301
4173	4040
3918	3815
3739	3692
3673	3671
3681	3701
3726	3751
3776	3798
3812	3820
3808	3782
3741	3689
3636	3586
3551	3529
3515	3511
3508	3503
3497	3490
3489	3493
3503	3518
3536	3555
3576	3601
3632	3676
3719	3761
3794	3824
3851	3886
3937	4007
4098	4205
4325	4455
4597	4758
4934	5129
5336	5542
5739	5921
6085	6227
6356	6484
6616	6767
6936	7126
7333	7550
7770	7998
8237	8487
8747	9017
9286	9543
9782	10004
10205	10392
10559	10708
10831	10933
11016	11084
11144	11201
11255	11308
11352	11393
11426	11452
11473	11494
11512	11528
11545	11555
11555	11551
11543	11534
11534	11539
11561	11595
11645	11703
11772	11844
11922	11997
12068	12135
12198	12248
12289	12321
12342	12353
12357	12351
12344	12335
12333	12338
12358	12387
12430	12486
12545	12610
12674	12732
12776	12798
12792	12759
12699	12611
12502	12384
12254	12112
11964	11807
11638	11456
11268	11083
10914	10768
10653	10573
10517	10477
10442	10400
10335	10239
10108	9935
9725	9492
9243	8996
8766	8566
8402	8276
8192	8150
8153	8194
8272	8375
8487	8594
8682	8744
8775	8785
8782	8782
8791	8816
8858	8925
9018	9139
9294	9484
9688	9902
10109	10296
10457	10603
10742	10898
11083	11310
11562	11824
12065	12259
12392	12456
12455	12403
12314	12206
12085	11968
11853	11749
11647	11552
11456	11358
11246	11129
10997	10862
10720	10577
10442	10312
10189	10076
9960	9845
9726	9602
9479	9360
9248	9141
9045	8956
8867	8782
8694	8613
8544	8492
8480	8524
8638	8836
9053	9333
9011	7893
7911	7172
6794	6355
6057	5851
5718	5637
5583	5548
5525	5514
5511	5512
5521	5536
5555	5576
5601	5630
5662	5695
5730	5761
5790	5813
5828	5836
5829	5817
5800	5784
5769	5756
5749	5747
5746	5749
5751	5754
5754	5750
5741	5724
5699	5666
5631	5598
5570	5560
5568	5597
5640	5689
5742	5785
5818	5840
5850	5849
5841	5825
5807	5785
5768	5753
5742	5735
5730	5728
5727	5725
5720	5714
5707	5694
5680	5666
5653	5646
5645	5656
5667	5685
5702	5716
5723	5728
5727	5723
5716	5710
5703	5698
5698	5702
5713	5724
5734	5737
5732	5718
5702	5689
5680	5681
5683	5681
5672	5650
5622	5587
5553	5525
5504	5492
5487	5488
5493	5502
5515	5531
5551	5572
5591	5608
5609	5603
5581	5547
5503	5459
5421	5390
5371	5371
5386	5435
5530	5692
5939	6277
6684	7133
7573	7959
8254	8446
8541	8553
8496	8395
8260	8108
7951	7800
7653	7522
7396	7277
7166	7062
6959	6861
6765	6668
6567	6468
6371	6284
6210	6147
6096	6060
6026	5985
5929	5844
5734	5601
5454	5308
5175	5057
4960	4880
4812	4744
4673	4591
4489	4367
4231	4091
3959	3848
3764	3714
3690	3688
3698	3716
3734	3752
3766	3782
3788	3789
3780	3759
3726	3690
3654	3625
3609	3603
3607	3613
3616	3613
3607	3601
3597	3599
3611	3631
3656	3686
3721	3755
3795	3833
3873	3905
3931	3951
3967	3995
4041	4112
4201	4315
4442	4583
4739	4910
5097	5297
5502	5709
5904	6085
6248	6394
6531	6667
6808	6966
7142	7332
7536	7747
7965	8185
8416	8665
8925	9198
9464	9719
9958	10175
10374	10551
10707	10843
10954	11041
11109	11163
11208	11251
11296	11336
11374	11406
11432	11450
11467	11483
11498	11516
11531	11541
11549	11550
11549	11549
11555	11565
11591	11626
11677	11737
11805	11882
11961	12038
12113	12183
12242	12291
12331	12359
12373	12380
12382	12379
12372	12366
12367	12376
12398	12430
12476	12528
12587	12646
12707	12755
12793	12808
12803	12768
12712	12628
12534	12421
12304	12173
12038	11889
11728	11559
11387	11217
11064	10939
10846	10786
10751	10733
10718	10686
10632	10538
10401	10221
9999	9747
9478	9208
8952	8725
8530	8377
8265	8198
8177	8200
8264	8360
8470	8578
8670	8735
8773	8784
8783	8780
8784	8801
8839	8892
8976	9087
9229	9402
9593	9796
9992	10170
10326	10461
10593	10731
10901	11107
11344	11594
11832	12034
12176	12253
12267	12224
12146	12041
11930	11818
11711	11607
11512	11417
11323	11221
11115	10997
10870	10737
10597	10457
10320	10189
10061	9941
9820	9696
9569	9440
9308	9184
9070	8971
8878	8794
8711	8632
8551	8476
8410	8365
8354	8407
8528	8744
8963	9276
9004	7887
7908	7174
6798	6360
6064	5857
5724	5641
5584	5546
5521	5507
5502	5509
5522	5539
5561	5584
5610	5635
5666	5697
5726	5756
5782	5805
5818	5824
5822	5810
5795	5778
5763	5753
5745	5742
5742	5743
5745	5745
5744	5741
5729	5714
5689	5661
5628	5600
5578	5571
5580	5607
5644	5691
5737	5774
5808	5830
5840	5843
5835	5820
5802	5784
5767	5751
5742	5735
5730	5728
5727	5725
5722	5716
5710	5701
5688	5676
5663	5657
5658	5664
5674	5689
5702	5716
5725	5730
5731	5730
5727	5721
5716	5713
5712	5718
5726	5736
5744	5747
5735	5718
5695	5678
5667	5664
5665	5663
5654	5636
5605	5572
5541	5512
5492	5482
5477	5480
5486	5498
5509	5525
5543	5561
5577	5588
5592	5585
5562	5532
5494	5454
5415	5386
5363	5356
5364	5407
5494	5653
5899	6243
6667	7146
7626	8059
8404	8646
8781	8823
8793	8710
8590	8455
8315	8180
8054	7942
7833	7729
7628	7524
7420	7317
7212	7102
6991	6880
6776	6676
6588	6506
6433	6364
6295	6220
6126	6010
5874	5728
5576	5431
5299	5186
5086	4999
4922	4848
4771	4679
4570	4443
4298	4151
4008	3886
3795	3739
3710	3703
3709	3722
3735	3747
3755	3761
3765	3763
3751	3736
3714	3690
3672	3663
3664	3676
3695	3716
3732	3739
3739	3733
3730	3733
3748	3776
3813	3853
3901	3946
3989	4027
4059	4083
4098	4106
4115	4137
4176	4241
4329	4443
4578	4728
4896	5077
5271	5474
5679	5885
6077	6259
6423	6577
6722	6868
7020	7186
7363	7554
7750	7951
8153	8367
8590	8832
9091	9362
9626	9883
10116	10332
10518	10690
10832	10956
11051	11126
11179	11219
11251	11284
11316	11351
11382	11407
11426	11443
11455	11472
11486	11504
11523	11541
11552	11563
11570	11578
11589	11608
11635	11673
11721	11783
11851	11928
12006	12085
12162	12231
12291	12338
12372	12394
12407	12410
12410	12405
12402	12397
12403	12414
12440	12475
12521	12573
12625	12680
12731	12772
12803	12813
12802	12765
12710	12637
12548	12451
12345	12230
12110	11972
11826	11670
11512	11361
11227	11120
11048	11010
10996	10997
10997	10979
10931	10842
10704	10517
10288	10023
9742	9455
9177	8922
8701	8516
8375	8279
8232	8239
8286	8370
8473	8578
8666	8731
8767	8776
8775	8765
8764	8774
8803	8850
8923	9024
9154	9311
9490	9679
9864	10034
10186	10320
10442	10578
10732	10921
11139	11375
11610	11810
11964	12052
12077	12048
11977	11882
11778	11667
11567	11469
11374	11283
11187	11087
10980	10865
10740	10611
10474	10337
10197	10064
9933	9809
9681	9550
9415	9279
9143	9018
8902	8803
8713	8633
8557	8481
8407	8339
8278	8238
8239	8295
8423	8649
8872	9212
8991	7882
7900	7172
6797	6364
6069	5862
5726	5641
5581	5543
5514	5500
5498	5505
5521	5541
5565	5591
5616	5641
5668	5695
5724	5751
5777	5796
5810	5817
5813	5802
5789	5773
5759	5749
5743	5739
5738	5738
5741	5738
5736	5730
5721	5705
5681	5653
5630	5603
5587	5582
5592	5615
5651	5691
5732	5767
5799	5822
5833	5837
5829	5816
5799	5782
5765	5750
5741	5735
5730	5728
5727	5725
5722	5717
5711	5703
5693	5682
5672	5668
5666	5670
5680	5691
5704	5714
5723	5732
5735	5731
5735	5731
5727	5723
5725	5727
5738	5747
5755	5753
5742	5717
5691	5667
5653	5648
5646	5646
5638	5619
5590	5558
5527	5503
5487	5482
5479	5486
5490	5500
5512	5526
5539	5551
5565	5572
5571	5561
5544	5517
5485	5449
5413	5382
5357	5345
5347	5381
5464	5617
5865	6213
6658	7165
7681	8158
8551	8832
9002	9072
9061	8997
8892	8773
8652	8540
8441	8350
8260	8171
8078	7982
7880	7770
7656	7537
7418	7300
7188	7079
6974	6875
6780	6684
6584	6473
6345	6202
6044	5881
5723	5576
5445	5332
5231	5137
5051	4968
4879	4780
4665	4528
4376	4218
4071	3938
3840	3770
3734	3721
3722	3730
3737	3745
3748	3748
3749	3744
3734	3722
3709	3699
3695	3704
3724	3754
3789	3826
3857	3874
3883	3885
3886	3896
3918	3952
4001	4055
4108	4158
4205	4240
4266	4280
4285	4284
4288	4302
4335	4395
4485	4599
4738	4896
5069	5259
5456	5661
5867	6068
6260	6438
6606	6767
6924	7080
7246	7417
7595	7782
7968	8157
8342	8541
8753	8989
9246	9513
9780	10034
10265	10472
10651	10807
10940	11048
11129	11188
11228	11253
11276	11297
11322	11347
11374	11394
11413	11429
11442	11459
11479	11497
11520	11545
11566	11587
11606	11622
11642	11666
11695	11735
11783	11842
11908	11984
12062	12143
12217	12286
12342	12385
12414	12433
12440	12442
12439	12434
12431	12434
12441	12459
12485	12520
12561	12608
12658	12706
12751	12784
12806	12808
12789	12752
12697	12627
12552	12467
12377	12280
12175	12056
11927	11789
11645	11512
11397	11310
11257	11235
11237	11252
11263	11256
11216	11131
10994	10806
10572	10302
10014	9715
9424	9148
8901	8688
8516	8393
8322	8305
8337	8406
8496	8593
8675	8735
8763	8767
8759	8743
8732	8736
8758	8798
8863	8956
9076	9220
9381	9557
9728	9892
10041	10175
10299	10429
10575	10748
10949	11173
11394	11597
11755	11853
11890	11873
11812	11727
11626	11524
11425	11328
11236	11143
11045	10945
10841	10728
10607	10479
10345	10208
10070	9937
9803	9672
9539	9402
9265	9121
8984	8857
8741	8639
8553	8475
8405	8337
8272	8209
8155	8123
8125	8185
8310	8547
8755	9135
8982	7871
7895	7165
6793	6360
6069	5862
5727	5638
5577	5534
5507	5491
5490	5499
5519	5543
5569	5595
5620	5645
5672	5693
5723	5747
5769	5790
5803	5808
5805	5796
5783	5769
5755	5746
5740	5736
5735	5735
5732	5732
5730	5723
5714	5697
5676	5652
5629	5608
5593	5591
5600	5622
5654	5689
5727	5761
5792	5813
5826	5832
5827	5814
5799	5778
5765	5750
5741	5735
5730	5729
5727	5727
5723	5719
5714	5708
5697	5689
5679	5674
5672	5675
5682	5691
5701	5714
5723	5730
5737	5739
5741	5740
5737	5734
5732	5738
5748	5759
5765	5763
5748	5720
5689	5660
5644	5635
5634	5628
5619	5600
5574	5544
5520	5500
5489	5486
5489	5496
5503	5512
5521	5531
5538	5544
5549	5550
5548	5540
5524	5503
5476	5442
5411	5380
5353	5337
5333	5361
5437	5588
5835	6192
6650	7181
7733	8250
8680	8999
9200	9294
9301	9247
9161	9059
8963	8872
8796	8727
8661	8590
8509	8418
8319	8206
8091	7966
7838	7713
7589	7471
7356	7246
7132	7014
6886	6742
6587	6416
6239	6062
5893	5742
5608	5492
5386	5287
5193	5096
5002	4890
4766	4623
4464	4300
4142	4003
3893	3813
3765	3743
3736	3739
3746	3747
3749	3749
3747	3738
3732	3722
3718	3718
3731	3753
3788	3834
3888	3939
3987	4020
4041	4054
4064	4081
4112	4153
4210	4272
4336	4390
4438	4471
4490	4496
4491	4484
4482	4492
4522	4581
4666	4780
4920	5080
5257	5450
5651	5854
6057	6255
6440	6621
6791	6958
7128	7297
7471	7651
7833	8010
8185	8351
8521	8702
8905	9133
9388	9652
9920	10169
10397	10595
10767	10912
11032	11122
11189	11231
11255	11271
11279	11293
11310	11332
11353	11374
11391	11405
11424	11442
11466	11493
11526	11557
11591	11622
11653	11680
11707	11737
11768	11807
11854	11909
11974	12049
12125	12203
12275	12341
12392	12433
12457	12470
12473	12470
12465	12462
12462	12466
12479	12498
12525	12556
12595	12636
12680	12723
12759	12787
12801	12796
12772	12731
12674	12612
12545	12476
12403	12322
12236	12137
12024	11904
11782	11666
11566	11496
11456	11446
11459	11483
11499	11499
11462	11384
11248	11063
10832	10566
10276	9976
9675	9388
9120	8881
8683	8533
8435	8395
8407	8459
8534	8617
8689	8736
8759	8753
8736	8712
8696	8691
8705	8741
8802	8886
8995	9127
9276	9432
9592	9748
9893	10026
10154	10286
10427	10589
10777	10983
11194	11390
11548	11656
11705	11698
11646	11568
11473	11371
11276	11182
11089	10996
10901	10804
10701	10589
10469	10345
10212	10078
9940	9804
9668	9534
9397	9259
9114	8971
8829	8702
8584	8485
8403	8329
8265	8202
8143	8089
8041	8012
8013	8070
8180	8416
8583	9025
8968	7863
7885	7159
6789	6358
6067	5859
5722	5635
5572	5527
5499	5482
5484	5497
5518	5543
5571	5599
5625	5648
5672	5696
5722	5746
5768	5785
5795	5801
5799	5789
5779	5766
5753	5742
5738	5732
5731	5731
5729	5729
5725	5719
5709	5691
5672	5652
5628	5608
5597	5599
5608	5628
5658	5689
5722	5757
5786	5808
5821	5828
5822	5811
5796	5777
5760	5748
5739	5735
5730	5729
5728	5727
5724	5722
5715	5709
5702	5693
5683	5679
5676	5678
5683	5691
5700	5711
5721	5729
5737	5741
5745	5746
5743	5740
5741	5746
5755	5765
5772	5769
5750	5721
5684	5655
5636	5624
5619	5613
5601	5583
5557	5531
5511	5500
5497	5497
5506	5512
5521	5528
5533	5537
5540	5537
5537	5531
5526	5519
5508	5490
5466	5438
5410	5377
5350	5329
5322	5344
5416	5563
5812	6174
6647	7199
7782	8331
8799	9147
9371	9482
9504	9463
9392	9311
9234	9170
9117	9072
9028	8972
8905	8824
8726	8615
8492	8365
8232	8101
7971	7847
7726	7603
7477	7339
7189	7026
6844	6649
6451	6259
6081	5922
5781	5660
5547	5442
5340	5239
5126	5007
4874	4725
4559	4390
4225	4076
3955	3865
3803	3771
3757	3754
3757	3761
3761	3760
3755	3750
3741	3738
3740	3754
3774	3812
3861	3925
3992	4059
4121	4169
4205	4231
4254	4281
4321	4373
4434	4501
4566	4625
4667	4697
4710	4712
4702	4693
4687	4697
4726	4781
4867	4980
5117	5281
5459	5651
5849	6050
6246	6437
6623	6798
6973	7147
7324	7506
7691	7877
8057	8225
8385	8531
8685	8847
9039	9260
9509	9777
10043	10292
10516	10708
10870	11003
11106	11184
11232	11261
11269	11270
11273	11276
11285	11305
11322	11342
11359	11377
11397	11425
11455	11491
11532	11577
11621	11667
11708	11748
11781	11818
11851	11890
11936	11988
12047	12118
12192	12265
12335	12396
12443	12475
12496	12502
12503	12496
12491	12488
12490	12500
12515	12537
12561	12592
12623	12658
12696	12735
12765	12788
12793	12781
12751	12706
12651	12590
12530	12475
12418	12360
12290	12210
12116	12016
11912	11814
11733	11673
11643	11638
11651	11679
11697	11698
11665	11584
11454	11275
11052	10792
10508	10210
9909	9611
9332	9075
8856	8683
8564	8501
8491	8521
8581	8648
8708	8741
8752	8738
8712	8682
8658	8646
8655	8684
8741	8820
8920	9039
9170	9311
9454	9600
9745	9882
10016	10152
10294	10446
10617	10808
11005	11193
11354	11466
11525	11526
11484	11413
11322	11225
11127	11031
10939	10848
10754	10659
10557	10450
10333	10210
10079	9945
9808	9670
9533	9396
9259	9120
8973	8829
8686	8557
8442	8345
8266	8197
8138	8081
8030	7979
7938	7907
7903	7943
8017	8242
8315	8859
8955	7853
7874	7151
6782	6354
6061	5854
5717	5628
5566	5521
5490	5477
5478	5493
5514	5545
5571	5599
5626	5651
5674	5696
5721	5743
5764	5780
5793	5798
5796	5788
5778	5764
5751	5742
5737	5732
5731	5729
5727	5725
5722	5716
5705	5688
5670	5648
5625	5610
5598	5602
5612	5631
5657	5689
5719	5754
5780	5805
5817	5823
5819	5810
5794	5777
5760	5748
5739	5735
5730	5729
5728	5727
5724	5722
5717	5711
5703	5695
5688	5683
5678	5679
5685	5692
5701	5711
5719	5730
5737	5744
5747	5749
5746	5744
5744	5749
5760	5770
5777	5772
5751	5722
5685	5653
5629	5616
5608	5600
5587	5565
5543	5522
5510	5504
5506	5513
5522	5531
5540	5546
5549	5546
5540	5532
5525	5516
5507	5502
5492	5478
5459	5435
5408	5378
5346	5323
5313	5331
5401	5545
5790	6157
6642	7211
7820	8398
8892	9266
9507	9634
9666	9638
9579	9515
9459	9416
9388	9365
9339	9301
9245	9175
9080	8970
8845	8713
8579	8442
8307	8178
8052	7921
7786	7634
7473	7288
7089	6875
6660	6454
6263	6095
5952	5821
5705	5593
5481	5370
5251	5122
4979	4821
4653	4479
4309	4155
4023	3921
3847	3804
3784	3776
3777	3780
3784	3782
3779	3774
3769	3768
3777	3793
3827	3875
3936	4010
4093	4174
4249	4312
4363	4403
4441	4480
4527	4582
4647	4716
4781	4836
4877	4904
4914	4913
4903	4892
4888	4898
4929	4985
5067	5179
5317	5475
5652	5841
6035	6231
6422	6612
6788	6965
7138	7318
7502	7695
7888	8079
8256	8415
8559	8691
8823	8973
9153	9369
9615	9881
10148	10399
10615	10804
10957	11076
11168	11229
11264	11275
11272	11263
11255	11252
11258	11270
11288	11308
11327	11350
11376	11406
11446	11492
11543	11600
11657	11713
11766	11815
11860	11896
11937	11974
12014	12064
12120	12186
12254	12327
12391	12445
12488	12516
12530	12535
12530	12523
12514	12513
12516	12529
12547	12568
12591	12616
12644	12671
12706	12735
12764	12780
12783	12763
12727	12677
12622	12563
12514	12467
12429	12386
12335	12271
12198	12116
12027	11943
11876	11826
11799	11795
11808	11829
11848	11845
11810	11734
11610	11438
11223	10974
10701	10411
10111	9811
9521	9253
9019	8829
8690	8607
8577	8590
8631	8681
8723	8746
8746	8723
8688	8650
8622	8605
8609	8638
8690	8766
8860	8965
9081	9203
9334	9469
9610	9750
9890	10028
10172	10319
10478	10655
10838	11020
11175	11293
11358	11372
11338	11270
11181	11086
10986	10890
10797	10706
10616	10520
10425	10320
10207	10085
9956	9822
9684	9546
9407	9272
9133	8991
8843	8699
8558	8430
8316	8223
8147	8082
8029	7978
7931	7888
7845	7813
7794	7810
7820	8022
7925	8629
8946	7846
7868	7146
6774	6347
6055	5849
5712	5622
5560	5513
5486	5468
5474	5489
5513	5540
5571	5601
5627	5652
5675	5697
5721	5743
5763	5780
5790	5795
5793	5785
5774	5762
5750	5742
5736	5732
5731	5729
5727	5725
5721	5715
5703	5687
5668	5648
5625	5611
5601	5605
5614	5632
5658	5689
5718	5752
5778	5803
5817	5822
5819	5809
5793	5776
5759	5748
5739	5735
5730	5729
5728	5727
5724	5722
5717	5712
5704	5697
5690	5684
5681	5682
5686	5693
5701	5711
5719	5730
5737	5744
5748	5752
5749	5748
5747	5753
5762	5772
5780	5775
5753	5722
5686	5650
5624	5610
5600	5591
5574	5553
5532	5514
5506	5506
5515	5526
5539	5551
5557	5563
5562	5556
5544	5529
5514	5503
5494	5489
5481	5472
5455	5433
5406	5378
5345	5323
5306	5325
5388	5531
5774	6146
6637	7221
7843	8447
8961	9354
9611	9746
9788	9769
9721	9673
9634	9609
9599	9592
9584	9561
9515	9451
9362	9255
9130	8996
8858	8719
8582	8448
8318	8187
8045	7887
7713	7514
7299	7072
6844	6624
6424	6246
6095	5960
5836	5720
5604	5484
5358	5222
5073	4909
4737	4560
4386	4224
4086	3972
3889	3836
3808	3797
3800	3802
3807	3807
3805	3800
3799	3799
3812	3836
3873	3930
4003	4087
4180	4272
4360	4438
4500	4554
4602	4651
4704	4765
4830	4896
4959	5012
5051	5075
5081	5080
5070	5060
5059	5071
5104	5161
5245	5353
5489	5646
5820	6008
6196	6388
6575	6756
6931	7105
7278	7461
7650	7850
8049	8242
8418	8571
8701	8818
8933	9072
9241	9450
9698	9963
10229	10477
10697	10878
11026	11135
11215	11261
11284	11282
11269	11248
11234	11227
11231	11242
11259	11278
11301	11325
11355	11392
11438	11491
11553	11620
11688	11755
11816	11875
11925	11969
12008	12046
12086	12132
12184	12244
12309	12375
12438	12488
12526	12551
12564	12560
12551	12540
12531	12529
12538	12554
12572	12597
12615	12636
12658	12680
12708	12737
12761	12776
12773	12748
12707	12652
12594	12541
12495	12460
12433	12405
12371	12322
12264	12197
12123	12053
11994	11949
11923	11915
11925	11939
11952	11946
11909	11835
11713	11548
11341	11104
10840	10559
10264	9966
9674	9400
9154	8952
8797	8699
8653	8650
8676	8712
8740	8752
8741	8712
8670	8626
8594	8573
8575	8601
8653	8724
8811	8908
9007	9115
9233	9356
9494	9636
9784	9928
10072	10213
10366	10528
10703	10874
11030	11149
11220	11239
11211	11149
11062	10964
10865	10770
10676	10588
10497	10407
10311	10211
10097	9980
9849	9715
9578	9441
9301	9166
9024	8881
8735	8592
8452	8325
8216	8125
8050	7992
7942	7897
7853	7811
7772	7736
7696	7677
7597	7769
7431	8344
8941	7838
7860	7139
6771	6342
6051	5845
5707	5617
5554	5507
5480	5464
5470	5485
5511	5540
5570	5602
5627	5652
5675	5696
5720	5741
5761	5777
5788	5794
5793	5785
5773	5762
5750	5742
5736	5731
5730	5727
5727	5724
5719	5714
5702	5687
5668	5647
5626	5612
5604	5605
5615	5633
5660	5689
5718	5751
5777	5800
5813	5820
5817	5808
5792	5776
5759	5748
5739	5735
5730	5729
5728	5727
5724	5722
5718	5713
5705	5699
5690	5685
5681	5682
5686	5693
5701	5711
5719	5730
5737	5744
5748	5752
5750	5749
5749	5754
5763	5774
5782	5775
5753	5721
5686	5649
5624	5607
5597	5582
5565	5543
5522	5508
5505	5509
5522	5537
5550	5562
5572	5574
5571	5562
5545	5526
5509	5493
5483	5479
5474	5465
5451	5431
5407	5376
5345	5318
5303	5317
5381	5520
5764	6135
6632	7223
7862	8478
9008	9413
9681	9821
9871	9859
9821	9779
9753	9743
9747	9755
9756	9743
9708	9648
9561	9451
9330	9195
9056	8916
8778	8644
8509	8375
8228	8069
7887	7681
7457	7223
6983	6754
6547	6363
6203	6065
5936	5814
5696	5572
5440	5298
5142	4977
4803	4622
4446	4280
4134	4014
3923	3863
3828	3817
3815	3822
3827	3831
3829	3828
3826	3830
3844	3870
3915	3978
4056	4147
4245	4348
4443	4531
4604	4669
4725	4781
4836	4900
4965	5030
5089	5140
5175	5199
5205	5204
5196	5189
5189	5204
5239	5297
5380	5489
5623	5778
5949	6130
6317	6504
6690	6865
7038	7207
7382	7563
7758	7962
8164	8359
8532	8682
8800	8906
9011	9138
9302	9511
9756	10022
10289	10534
10752	10933
11074	11176
11245	11286
11296	11286
11265	11239
11219	11206
11209	11220
11235	11255
11279	11307
11342	11383
11431	11493
11560	11636
11712	11785
11857	11921
11975	12021
12063	12099
12137	12181
12230	12289
12349	12412
12471	12518
12554	12576
12582	12577
12566	12553
12543	12545
12551	12570
12590	12611
12630	12649
12666	12685
12708	12735
12756	12769
12761	12735
12691	12636
12574	12523
12483	12453
12434	12418
12393	12356
12310	12251
12190	12129
12076	12035
12008	11996
12000	12010
12014	12005
11968	11895
11776	11620
11419	11191
10935	10660
10370	10075
9784	9506
9253	9045
8880	8772
8712	8694
8709	8735
8753	8756
8737	8702
8658	8608
8575	8551
8551	8579
8628	8697
8777	8866
8958	9053
9161	9277
9412	9556
9704	9852
9997	10136
10284	10439
10603	10770
10923	11042
11118	11142
11121	11058
10972	10875
10776	10679
10588	10495
10409	10319
10227	10128
10018	9898
9771	9638
9502	9363
9224	9087
8945	8802
8658	8514
8377	8253
8144	8057
7985	7928
7879	7838
7799	7759
7720	7674
7615	7470
7387	6589
6920	4203
