16359	16359
16359	16359
16359	16359
16359	16359
16359	16359
16359	16359
16359	16359
16359	16359
16359	16359
16359	16359
16359	16359
16359	16359
16359	16359
16359	16359
16359	16359
16359	16359
16359	16359
16359	16359
16359	16359
16359	16359
16359	16359
16359	16359
16359	16359
16359	16359
16359	16359
16359	16359
16359	16359
16359	16359
16359	16359
16359	16359
16359	16359
16359	16359
16359	16359
16359	16359
16359	16359
16359	16359
16359	16359
16359	16359
16359	16359
16359	16359
16359	16359
16359	16359
16359	16359
16359	16359
16359	16359
16359	16359
16359	16359
16359	16359
16359	16359
16359	16359
16359	16359
16359	16359
16359	16359
16359	16359
16359	16359
16359	16359
16359	16359
16359	16359
16359	16359
16359	16359
16359	16359
16359	16359
16359	16359
16359	16359
16359	16359
16359	16359
16359	16359
16359	16359
16359	16359
16359	16359
16359	16359
16359	16359
16359	16359
16359	16359
16359	16359
16359	16359
16359	16359
16359	16359
16359	16359
16355	16347
16334	16319
16304	16295
16293	16297
16301	16302
16301	16300
16305	16317
16329	16332
16303	16229
16090	15911
15787	15814
15951	16051
16023	15913
15797	15639
15175	14103
12487	10803
9539	8907
8788	8874
8946	8968
8973	8983
9002	9020
9038	9044
9049	9055
9062	9067
9064	9055
9033	8990
8921	8820
8685	8504
8275	7997
7666	7285
6861	6419
5994	5627
5355	5184
5095	5034
4967	4862
4716	4519
4291	4051
3836	3673
3580	3563
3616	3726
3907	4162
4471	4780
5072	5375
5717	6091
6488	6888
7278	7652
7995	8302
8567	8791
8984	9157
9303	9408
9473	9520
9566	9619
9675	9740
9807	9867
9917	9968
10013	10038
10005	9897
9773	9843
10441	11778
13517	14957
15732	15991
16015	15976
15952	15969
16014	16056
16089	16125
16161	16173
16143	16088
16039	16027
16061	16132
16211	16268
16285	16256
16190	16108
16061	16095
16196	16292
16343	16357
16359	16359
16359	16359
16359	16359
16359	16359
16359	16359
16359	16359
16359	16359
16359	16359
16359	16359
16359	16359
16359	16359
16359	16359
16359	16359
16359	16359
16359	16359
16359	16359
16359	16359
16359	16359
16359	16359
16359	16359
16359	16359
16359	16359
16359	16359
16359	16359
16359	16359
16359	16359
16359	16359
16359	16359
16359	16359
16359	16359
16359	16359
16359	16359
16359	16359
16359	16359
16359	16359
16359	16359
16359	16359
16359	16359
16359	16359
16359	16359
16359	16359
16359	16359
16359	16359
16359	16359
16359	16359
16359	16359
16359	16359
16359	16359
16359	16359
16359	16359
16359	16359
16359	16359
16359	16359
16359	16359
16359	16359
16359	16359
16359	16359
16359	16359
16359	16359
16359	16359
16359	16359
16359	16359
16359	16359
16359	16359
16359	16359
16359	16359
16359	16359
16359	16359
16359	16359
16359	16359
16359	16359
16359	16359
16359	16359
16359	16359
16359	16359
16359	16359
16359	16359
16359	16359
16359	16359
16359	16359
16359	16359
16359	16359
16359	16359
16359	16359
16359	16359
16359	16359
16359	16359
16359	16359
16359	16359
16359	16359
16359	16359
16359	16359
16359	16359
16359	16359
16359	16359
16359	16359
16359	16359
16359	16359
16359	16359
16359	16359
16359	16359
16359	16359
16359	16359
16359	16359
16359	16359
16359	16359
16359	16359
16359	16359
16359	16359
16359	16359
16359	16359
16359	16359
16359	16359
16359	16359
16359	16359
16359	16359
16359	16359
16359	16359
16359	16359
16359	16359
16359	16359
16359	16359
16359	16359
16359	16359
16359	16359
16359	16359
16359	16359
16359	16359
16359	16359
16359	16359
16359	16359
16359	16359
16359	16359
16359	16359
16359	16359
16359	16359
16359	16359
16359	16359
16359	16359
16359	16359
16359	16359
16359	16359
16359	16359
16359	16359
16359	16359
16359	16359
16359	16359
16359	16359
16359	16359
16359	16359
16355	16347
16334	16319
16304	16295
16293	16297
16301	16302
16301	16300
16305	16317
16328	16328
16290	16197
16040	15861
15750	15793
15943	16046
16018	15894
15759	15587
15126	14063
12462	10795
9546	8922
8806	8890
8960	8976
8977	8981
8990	9000
9004	9006
9004	9006
9006	9007
9003	8994
8974	8940
8889	8830
8752	8657
8521	8334
8076	7737
7317	6840
6346	5895
5530	5274
5115	5013
4930	4839
4725	4579
4409	4235
4076	3941
3849	3796
3784	3820
3915	4093
4340	4617
4914	5257
5670	6141
6656	7178
7679	8125
8500	8793
9004	9151
9258	9339
9405	9458
9502	9543
9587	9636
9691	9756
9821	9883
9936	9990
10038	10065
10036	9931
9803	9851
10412	11710
13429	14887
15704	15998
16025	15972
15936	15948
15992	16035
16066	16097
16124	16121
16085	16033
16002	16014
16079	16167
16251	16305
16319	16293
16230	16148
16091	16116
16207	16297
16343	16357
16359	16359
16359	16359
16359	16359
16359	16359
16359	16359
16359	16359
16359	16359
16359	16359
16359	16359
16359	16359
16359	16359
16359	16359
16359	16359
16359	16359
16359	16359
16359	16359
16359	16359
16359	16359
16359	16359
16359	16359
16359	16359
16359	16359
16359	16359
16359	16359
16359	16359
16359	16359
16359	16359
16359	16359
16359	16359
16359	16359
16359	16359
16359	16359
16359	16359
16359	16359
16359	16359
16359	16359
16359	16359
16359	16359
16359	16359
16359	16359
16359	16359
16359	16359
16359	16359
16359	16359
16359	16359
16359	16359
16359	16359
16359	16359
16359	16359
16359	16359
16359	16359
16359	16359
16359	16359
16359	16359
16359	16359
16359	16359
16359	16359
16359	16359
16359	16359
16359	16359
16359	16359
16359	16359
16359	16359
16359	16359
16359	16359
16359	16359
16359	16359
16359	16359
16359	16359
16359	16359
16359	16359
16359	16359
16359	16359
16359	16359
16359	16359
16359	16359
16359	16359
16359	16359
16359	16359
16359	16359
16359	16359
16359	16359
16359	16359
16359	16359
16359	16359
16359	16359
16359	16359
16359	16359
16359	16359
16359	16359
16359	16359
16359	16359
16359	16359
16359	16359
16359	16359
16359	16359
16359	16359
16359	16359
16359	16359
16359	16359
16359	16359
16359	16359
16359	16359
16359	16359
16359	16359
16359	16359
16359	16359
16359	16359
16359	16359
16359	16359
16359	16359
16359	16359
16359	16359
16359	16359
16359	16359
16359	16359
16359	16359
16359	16359
16359	16359
16359	16359
16359	16359
16359	16359
16359	16359
16359	16359
16359	16359
16359	16359
16359	16359
16359	16359
16359	16359
16359	16359
16359	16359
16359	16359
16359	16359
16359	16359
16359	16359
16359	16359
16359	16359
16359	16359
16359	16359
16359	16359
16359	16359
16359	16359
16359	16359
16359	16359
16359	16359
16359	16359
16359	16359
16359	16359
16359	16359
16359	16359
16355	16347
16334	16319
16304	16295
16293	16297
16301	16302
16301	16300
16305	16317
16327	16319
16257	16124
15947	15804
15766	15846
15967	16014
15952	15829
15710	15534
15049	13976
12391	10749
9516	8908
8809	8904
8973	8989
8984	8977
8975	8972
8964	8956
8949	8944
8939	8936
8932	8928
8916	8889
8852	8820
8800	8788
8758	8690
8542	8290
7918	7452
6931	6428
5987	5648
5406	5244
5133	5044
4946	4840
4723	4610
4504	4406
4323	4250
4199	4174
4207	4317
4512	4770
5089	5483
5961	6507
7089	7670
8203	8658
9012	9256
9403	9477
9504	9505
9505	9512
9535	9570
9610	9656
9712	9776
9843	9906
9963	10018
10066	10093
10060	9944
9790	9785
10270	11494
13186	14690
15601	15978
16050	16007
15964	15957
15986	16014
16038	16064
16088	16086
16053	16012
15995	16032
16113	16207
16282	16327
16341	16321
16270	16194
16139	16151
16227	16304
16345	16357
16359	16359
16359	16359
16359	16359
16359	16359
16359	16359
16359	16359
16359	16359
16359	16359
16359	16359
16359	16359
16359	16359
16359	16359
16359	16359
16359	16359
16359	16359
16359	16359
16359	16359
16359	16359
16359	16359
16359	16359
16359	16359
16359	16359
16359	16359
16359	16359
16359	16359
16359	16359
16359	16359
16359	16359
16359	16359
16359	16359
16359	16359
16359	16359
16359	16359
16359	16359
16359	16359
16359	16359
16359	16359
16359	16359
16359	16359
16359	16359
16359	16359
16359	16359
16359	16359
16359	16359
16359	16359
16359	16359
16359	16359
16359	16359
16359	16359
16359	16359
16359	16359
16359	16359
16359	16359
16359	16359
16359	16359
16359	16359
16359	16359
16359	16359
16359	16359
16359	16359
16359	16359
16359	16359
16359	16359
16359	16359
16359	16359
16359	16359
16359	16359
16359	16359
16359	16359
16359	16359
16359	16359
16359	16359
16359	16359
16359	16359
16359	16359
16359	16359
16359	16359
16359	16359
16359	16359
16359	16359
16359	16359
16359	16359
16359	16359
16359	16359
16359	16359
16359	16359
16359	16359
16359	16359
16359	16359
16359	16359
16359	16359
16359	16359
16359	16359
16359	16359
16359	16359
16359	16359
16359	16359
16359	16359
16359	16359
16359	16359
16359	16359
16359	16359
16359	16359
16359	16359
16359	16359
16359	16359
16359	16359
16359	16359
16359	16359
16359	16359
16359	16359
16359	16359
16359	16359
16359	16359
16359	16359
16359	16359
16359	16359
16359	16359
16359	16359
16359	16359
16359	16359
16359	16359
16359	16359
16359	16359
16359	16359
16359	16359
16359	16359
16359	16359
16359	16359
16359	16359
16359	16359
16359	16359
16359	16359
16359	16359
16359	16359
16359	16359
16359	16359
16359	16359
16359	16359
16359	16359
16359	16359
16359	16359
16359	16359
16359	16359
16359	16359
16359	16359
16359	16359
16359	16359
16359	16359
16359	16359
16355	16347
16334	16319
16304	16295
16293	16297
16301	16302
16301	16300
16305	16317
16325	16307
16213	16028
15824	15731
15792	15916
15993	15958
15842	15720
15600	15360
14776	13660
12132	10596
9461	8912
8833	8929
8995	9002
8988	8974
8961	8945
8926	8907
8891	8879
8866	8859
8860	8865
8862	8842
8812	8796
8814	8865
8931	8974
8951	8813
8542	8147
7674	7185
6726	6320
5991	5757
5603	5491
5389	5291
5199	5118
5047	4988
4933	4880
4834	4808
4831	4936
5132	5405
5752	6178
6676	7221
7775	8297
8752	9118
9381	9548
9631	9656
9643	9608
9570	9554
9565	9594
9633	9680
9738	9800
9868	9932
9991	10047
10096	10123
10098	9988
9827	9780
10184	11312
12946	14471
15470	15934
16052	16012
15953	15934
15956	15990
16023	16059
16095	16107
16089	16062
16051	16087
16156	16236
16293	16327
16337	16329
16296	16241
16195	16202
16258	16318
16349	16358
16359	16359
16359	16359
16359	16359
16359	16359
16359	16359
16359	16359
16359	16359
16359	16359
16359	16359
16359	16359
16359	16359
16359	16359
16359	16359
16359	16359
16359	16359
16359	16359
16359	16359
16359	16359
16359	16359
16359	16359
16359	16359
16359	16359
16359	16359
16359	16359
16359	16359
16359	16359
16359	16359
16359	16359
16359	16359
16359	16359
16359	16359
16359	16359
16359	16359
16359	16359
16359	16359
16359	16359
16359	16359
16359	16359
16359	16359
16359	16359
16359	16359
16359	16359
16359	16359
16359	16359
16359	16359
16359	16359
16359	16359
16359	16359
16359	16359
16359	16359
16359	16359
16359	16359
16359	16359
16359	16359
16359	16359
16359	16359
16359	16359
16359	16359
16359	16359
16359	16359
16359	16359
16359	16359
16359	16359
16359	16359
16359	16359
16359	16359
16359	16359
16359	16359
16359	16359
16359	16359
16359	16359
16359	16359
16359	16359
16359	16359
16359	16359
16359	16359
16359	16359
16359	16359
16359	16359
16359	16359
16359	16359
16359	16359
16359	16359
16359	16359
16359	16359
16359	16359
16359	16359
16359	16359
16359	16359
16359	16359
16359	16359
16359	16359
16359	16359
16359	16359
16359	16359
16359	16359
16359	16359
16359	16359
16359	16359
16359	16359
16359	16359
16359	16359
16359	16359
16359	16359
16359	16359
16359	16359
16359	16359
16359	16359
16359	16359
16359	16359
16359	16359
16359	16359
16359	16359
16359	16359
16359	16359
16359	16359
16359	16359
16359	16359
16359	16359
16359	16359
16359	16359
16359	16359
16359	16359
16359	16359
16359	16359
16359	16359
16359	16359
16359	16359
16359	16359
16359	16359
16359	16359
16359	16359
16359	16359
16359	16359
16359	16359
16359	16359
16359	16359
16359	16359
16359	16359
16359	16359
16359	16359
16359	16359
16359	16359
16359	16359
16359	16359
16359	16359
16359	16359
16359	16359
16359	16359
16359	16359
16355	16347
16334	16319
16304	16295
16293	16297
16301	16302
16301	16300
16305	16317
16324	16300
16186	15967
15743	15681
15794	15942
15983	15889
15714	15520
15268	14817
14028	12876
11525	10268
9374	8956
8900	8976
9020	9017
8993	8970
8946	8921
8891	8862
8838	8813
8791	8778
8780	8791
8801	8795
8781	8785
8835	8929
9054	9176
9245	9210
9046	8756
8382	7968
7534	7098
6695	6389
6192	6057
5937	5827
5737	5662
5610	5579
5564	5561
5562	5582
5652	5807
6054	6367
6729	7140
7598	8068
8512	8895
9204	9428
9580	9669
9708	9717
9701	9660
9615	9591
9596	9624
9662	9708
9766	9830
9897	9961
10023	10081
10129	10160
10148	10066
9935	9891
10240	11271
12814	14311
15350	15871
16015	15972
15899	15873
15909	15969
16030	16088
16139	16170
16173	16157
16142	16153
16191	16232
16264	16284
16295	16297
16287	16261
16239	16249
16290	16330
16352	16358
16359	16359
16359	16359
16359	16359
16359	16359
16359	16359
16359	16359
16359	16359
16359	16359
16359	16359
16359	16359
16359	16359
16359	16359
16359	16359
16359	16359
16359	16359
16359	16359
16359	16359
16359	16359
16359	16359
16359	16359
16359	16359
16359	16359
16359	16359
16359	16359
16359	16359
16359	16359
16359	16359
16359	16359
16359	16359
16359	16359
16359	16359
16359	16359
16359	16359
16359	16359
16359	16359
16359	16359
16359	16359
16359	16359
16359	16359
16359	16359
16359	16359
16359	16359
16359	16359
16359	16359
16359	16359
16359	16359
16359	16359
16359	16359
16359	16359
16359	16359
16359	16359
16359	16359
16359	16359
16359	16359
16359	16359
16359	16359
16359	16359
16359	16359
16359	16359
16359	16359
16359	16359
16359	16359
16359	16359
16359	16359
16359	16359
16359	16359
16359	16359
16359	16359
16359	16359
16359	16359
16359	16359
16359	16359
16359	16359
16359	16359
16359	16359
16359	16359
16359	16359
16359	16359
16359	16359
16359	16359
16359	16359
16359	16359
16359	16359
16359	16359
16359	16359
16359	16359
16359	16359
16359	16359
16359	16359
16359	16359
16359	16359
16359	16359
16359	16359
16359	16359
16359	16359
16359	16359
16359	16359
16359	16359
16359	16359
16359	16359
16359	16359
16359	16359
16359	16359
16359	16359
16359	16359
16359	16359
16359	16359
16359	16359
16359	16359
16359	16359
16359	16359
16359	16359
16359	16359
16359	16359
16359	16359
16359	16359
16359	16359
16359	16359
16359	16359
16359	16359
16359	16359
16359	16359
16359	16359
16359	16359
16359	16359
16359	16359
16359	16359
16359	16359
16359	16359
16359	16359
16359	16359
16359	16359
16359	16359
16359	16359
16359	16359
16359	16359
16359	16359
16359	16359
16359	16359
16359	16359
16359	16359
16359	16359
16359	16359
16359	16359
16359	16359
16359	16359
16359	16359
16359	16359
16359	16359
16359	16359
16355	16347
16334	16319
16304	16295
16293	16297
16301	16302
16301	16300
16305	16317
16324	16303
16201	16001
15794	15725
15815	15935
15953	15810
15523	15100
14506	13661
12613	11528
10556	9785
9272	9034
9002	9034
9049	9031
8999	8967
8935	8901
8862	8823
8783	8750
8718	8697
8689	8699
8712	8726
8746	8794
8881	9012
9169	9320
9428	9445
9357	9164
8893	8576
8209	7781
7352	7015
6800	6652
6522	6400
6295	6214
6160	6148
6172	6225
6291	6382
6529	6764
7078	7416
7749	8090
8437	8782
9087	9330
9502	9615
9680	9721
9739	9746
9736	9701
9653	9624
9629	9656
9693	9741
9799	9861
9928	9991
10052	10109
10159	10191
10186	10126
10024	9997
10323	11264
12691	14133
15190	15766
15956	15943
15887	15871
15913	15984
16052	16117
16172	16215
16235	16235
16222	16209
16202	16199
16194	16193
16201	16217
16232	16244
16253	16277
16311	16341
16354	16359
16359	16359
16359	16359
16359	16359
16359	16359
16359	16359
16359	16359
16359	16359
16359	16359
16359	16359
16359	16359
16359	16359
16359	16359
16359	16359
16359	16359
16359	16359
16359	16359
16359	16359
16359	16359
16359	16359
16359	16359
16359	16359
16359	16359
16359	16359
16359	16359
16359	16359
16359	16359
16359	16359
16359	16359
16359	16359
16359	16359
16359	16359
16359	16359
16359	16359
16359	16359
16359	16359
16359	16359
16359	16359
16359	16359
16359	16359
16359	16359
16359	16359
16359	16359
16359	16359
16359	16359
16359	16359
16359	16359
16359	16359
16359	16359
16359	16359
16359	16359
16359	16359
16359	16359
16359	16359
16359	16359
16359	16359
16359	16359
16359	16359
16359	16359
16359	16359
16359	16359
16359	16359
16359	16359
16359	16359
16359	16359
16359	16359
16359	16359
16359	16359
16359	16359
16359	16359
16359	16359
16359	16359
16359	16359
16359	16359
16359	16359
16359	16359
16359	16359
16359	16359
16359	16359
16359	16359
16359	16359
16359	16359
16359	16359
16359	16359
16359	16359
16359	16359
16359	16359
16359	16359
16359	16359
16359	16359
16359	16359
16359	16359
16359	16359
16359	16359
16359	16359
16359	16359
16359	16359
16359	16359
16359	16359
16359	16359
16359	16359
16359	16359
16359	16359
16359	16359
16359	16359
16359	16359
16359	16359
16359	16359
16359	16359
16359	16359
16359	16359
16359	16359
16359	16359
16359	16359
16359	16359
16359	16359
16359	16359
16359	16359
16359	16359
16359	16359
16359	16359
16359	16359
16359	16359
16359	16359
16359	16359
16359	16359
16359	16359
16359	16359
16359	16359
16359	16359
16359	16359
16359	16359
16359	16359
16359	16359
16359	16359
16359	16359
16359	16359
16359	16359
16359	16359
16359	16359
16359	16359
16359	16359
16359	16359
16359	16359
16359	16359
16359	16359
16359	16359
16359	16359
16359	16359
16359	16359
16359	16359
16355	16347
16334	16319
16304	16295
16293	16297
16301	16302
16301	16300
16305	16315
16327	16315
16250	16114
15954	15863
15866	15904
15850	15589
15054	14233
13143	11881
10688	9859
9445	9266
9165	9109
9094	9090
9076	9047
9009	8968
8926	8882
8835	8787
8737	8692
8652	8621
8600	8594
8604	8641
8709	8813
8950	9114
9285	9438
9540	9566
9512	9375
9183	8949
8659	8291
7905	7599
7409	7279
7157	7033
6915	6815
6752	6742
6789	6887
7020	7184
7402	7702
8049	8366
8617	8829
9037	9241
9424	9571
9674	9739
9778	9798
9806	9807
9789	9748
9692	9660
9664	9690
9730	9777
9831	9894
9958	10021
10081	10137
10186	10216
10202	10139
10040	10015
10305	11134
12413	13749
14806	15456
15754	15846
15866	15885
15927	15979
16027	16068
16111	16158
16209	16245
16256	16243
16207	16159
16113	16086
16081	16103
16142	16192
16238	16283
16320	16346
16356	16359
16359	16359
16359	16359
16359	16359
16359	16359
16359	16359
16359	16359
16359	16359
16359	16359
16359	16359
16359	16359
16359	16359
16359	16359
16359	16359
16359	16359
16359	16359
16359	16359
16359	16359
16359	16359
16359	16359
16359	16359
16359	16359
16359	16359
16359	16359
16359	16359
16359	16359
16359	16359
16359	16359
16359	16359
16359	16359
16359	16359
16359	16359
16359	16359
16359	16359
16359	16359
16359	16359
16359	16359
16359	16359
16359	16359
16359	16359
16359	16359
16359	16359
16359	16359
16359	16359
16359	16359
16359	16359
16359	16359
16359	16359
16359	16359
16359	16359
16359	16359
16359	16359
16359	16359
16359	16359
16359	16359
16359	16359
16359	16359
16359	16359
16359	16359
16359	16359
16359	16359
16359	16359
16359	16359
16359	16359
16359	16359
16359	16359
16359	16359
16359	16359
16359	16359
16359	16359
16359	16359
16359	16359
16359	16359
16359	16359
16359	16359
16359	16359
16359	16359
16359	16359
16359	16359
16359	16359
16359	16359
16359	16359
16359	16359
16359	16359
16359	16359
16359	16359
16359	16359
16359	16359
16359	16359
16359	16359
16359	16359
16359	16359
16359	16359
16359	16359
16359	16359
16359	16359
16359	16359
16359	16359
16359	16359
16359	16359
16359	16359
16359	16359
16359	16359
16359	16359
16359	16359
16359	16359
16359	16359
16359	16359
16359	16359
16359	16359
16359	16359
16359	16359
16359	16359
16359	16359
16359	16359
16359	16359
16359	16359
16359	16359
16359	16359
16359	16359
16359	16359
16359	16359
16359	16359
16359	16359
16359	16359
16359	16359
16359	16359
16359	16359
16359	16359
16359	16359
16359	16359
16359	16359
16359	16359
16359	16359
16359	16359
16359	16359
16359	16359
16359	16359
16359	16359
16359	16359
16359	16359
16359	16359
16359	16359
16359	16359
16359	16359
16359	16359
16359	16359
16359	16359
16359	16359
16359	16359
16359	16358
16354	16345
16332	16316
16304	16295
16292	16295
16300	16301
16300	16300
16303	16314
16325	16326
16295	16218
16107	15986
15883	15771
15527	14972
14012	12702
11199	9762
8731	8359
8538	8862
9059	9125
9131	9118
9095	9058
9012	8964
8915	8864
8810	8752
8695	8639
8592	8553
8523	8509
8519	8572
8676	8825
9003	9191
9366	9513
9603	9626
9579	9472
9322	9144
8925	8652
8370	8156
8034	7956
7868	7758
7632	7516
7430	7408
7460	7587
7766	7985
8246	8561
8880	9120
9257	9337
9407	9493
9594	9696
9787	9857
9900	9918
9917	9901
9864	9803
9735	9698
9698	9725
9764	9811
9864	9925
9987	10047
10106	10162
10209	10232
10211	10128
10008	9948
10145	10782
11803	12929
13897	14591
15028	15290
15455	15568
15649	15712
15759	15794
15839	15917
16027	16139
16221	16247
16217	16153
16075	16014
15986	16002
16056	16129
16206	16273
16320	16346
16356	16359
16359	16359
16358	16358
16358	16358
16358	16359
16359	16359
16359	16359
16359	16359
16359	16359
16359	16359
16359	16359
16359	16359
16359	16359
16359	16359
16359	16359
16359	16359
16359	16359
16359	16359
16359	16359
16359	16359
16359	16359
16359	16359
16359	16359
16359	16359
16359	16359
16359	16359
16359	16359
16359	16359
16359	16359
16359	16359
16359	16359
16359	16359
16359	16359
16359	16359
16359	16359
16359	16359
16359	16359
16359	16359
16359	16359
16359	16359
16359	16359
16359	16359
16359	16359
16359	16359
16359	16359
16359	16359
16359	16359
16359	16359
16359	16359
16359	16359
16359	16359
16359	16359
16359	16359
16359	16359
16359	16359
16359	16359
16359	16359
16359	16359
16359	16359
16359	16359
16359	16359
16359	16359
16359	16359
16359	16359
16359	16359
16359	16359
16359	16359
16359	16359
16359	16359
16359	16359
16359	16359
16359	16359
16359	16359
16359	16359
16359	16359
16359	16359
16359	16359
16359	16359
16359	16359
16359	16359
16359	16359
16359	16359
16359	16359
16359	16359
16359	16359
16359	16359
16359	16359
16359	16359
16359	16359
16359	16359
16359	16359
16359	16359
16359	16359
16359	16359
16359	16359
16359	16359
16359	16359
16359	16359
16359	16359
16359	16359
16359	16359
16359	16359
16359	16359
16359	16359
16359	16359
16359	16359
16359	16359
16359	16359
16359	16359
16359	16359
16359	16359
16359	16359
16359	16359
16359	16359
16359	16359
16359	16359
16359	16359
16359	16359
16359	16359
16359	16359
16359	16359
16359	16359
16359	16359
16359	16359
16359	16359
16359	16359
16359	16359
16359	16359
16359	16359
16359	16359
16359	16359
16359	16359
16359	16359
16359	16359
16359	16359
16359	16359
16359	16359
16359	16359
16359	16359
16359	16359
16359	16358
16358	16359
16359	16359
16359	16358
16357	16356
16356	16356
16357	16357
16359	16359
16359	16359
16359	16357
16355	16353
16347	16336
16322	16308
16296	16289
16287	16289
16294	16297
16297	16296
16297	16304
16314	16318
16303	16256
16154	15982
15734	15370
14757	13728
12282	10614
9021	7813
7254	7415
8026	8625
8951	9077
9113	9117
9099	9061
9013	8958
8905	8848
8787	8724
8658	8597
8543	8501
8478	8478
8510	8577
8685	8831
9004	9191
9370	9520
9620	9656
9627	9539
9411	9259
9094	8919
8762	8668
8642	8635
8601	8519
8399	8266
8154	8109
8151	8286
8489	8733
9004	9283
9521	9664
9702	9685
9669	9683
9732	9809
9895	9967
10015	10028
10014	9975
9917	9840
9767	9728
9728	9756
9794	9840
9893	9953
10013	10074
10128	10182
10227	10250
10225	10132
9985	9859
9891	10216
10810	11511
12173	12732
13191	13584
13922	14211
14452	14663
14844	15005
15165	15364
15608	15863
16073	16196
16217	16171
16093	16015
15964	15959
16003	16083
16174	16254
16310	16341
16353	16354
16353	16351
16349	16346
16346	16348
16349	16350
16350	16351
16352	16354
16356	16359
16359	16359
16359	16359
16359	16359
16359	16359
16359	16359
16359	16359
16359	16359
16359	16359
16359	16359
16359	16359
16359	16359
16359	16359
16359	16359
16359	16359
16359	16359
16359	16359
16359	16359
16359	16359
16359	16359
16359	16359
16359	16359
16359	16359
16359	16359
16359	16359
16359	16359
16359	16359
16359	16359
16359	16359
16359	16359
16359	16359
16359	16359
16359	16359
16359	16359
16359	16359
16359	16359
16359	16359
16359	16359
16359	16359
16359	16359
16359	16359
16359	16359
16359	16359
16359	16359
16359	16359
16359	16359
16359	16359
16359	16359
16359	16359
16359	16359
16359	16359
16359	16359
16359	16359
16359	16359
16359	16359
16359	16359
16359	16359
16359	16359
16359	16359
16359	16359
16359	16359
16359	16359
16359	16359
16359	16359
16359	16359
16359	16359
16359	16359
16359	16359
16359	16359
16359	16359
16359	16359
16359	16359
16359	16359
16359	16359
16359	16359
16359	16359
16359	16359
16359	16359
16359	16359
16359	16359
16359	16359
16359	16359
16359	16359
16359	16359
16359	16359
16359	16359
16359	16359
16359	16359
16359	16359
16359	16359
16359	16359
16359	16359
16359	16359
16359	16359
16359	16359
16359	16359
16359	16359
16359	16359
16359	16359
16359	16359
16359	16359
16359	16359
16359	16359
16359	16359
16359	16359
16359	16359
16359	16359
16359	16359
16359	16359
16359	16359
16359	16359
16359	16359
16359	16359
16359	16359
16359	16359
16359	16359
16359	16359
16359	16359
16359	16359
16359	16359
16359	16359
16359	16359
16358	16358
16358	16358
16358	16358
16358	16358
16358	16358
16358	16357
16357	16355
16355	16355
16355	16355
16356	16356
16356	16353
16352	16351
16351	16352
16353	16354
16353	16351
16348	16346
16345	16346
16348	16351
16354	16356
16358	16356
16354	16349
16344	16334
16326	16313
16299	16286
16277	16273
16270	16269
16272	16277
16279	16279
16276	16275
16279	16281
16272	16218
16077	15782
15280	14496
13349	11802
10021	8348
7103	6475
6505	7064
7844	8486
8846	9005
9075	9103
9097	9065
9020	8966
8910	8848
8780	8710
8639	8573
8516	8479
8478	8521
8597	8678
8756	8848
8968	9121
9292	9454
9586	9665
9678	9622
9514	9381
9249	9142
9084	9088
9142	9206
9227	9187
9080	8942
8813	8744
8766	8893
9099	9347
9598	9814
9965	10030
10021	9978
9938	9922
9935	9970
10013	10051
10068	10062
10032	9987
9927	9854
9785	9748
9752	9781
9823	9870
9924	9982
10039	10098
10150	10202
10248	10270
10251	10167
10008	9803
9627	9546
9558	9605
9669	9781
9999	10344
10798	11312
11845	12372
12876	13348
13797	14262
14761	15266
15702	15988
16116	16137
16110	16058
16007	15979
15996	16057
16148	16233
16295	16328
16340	16339
16335	16327
16321	16317
16317	16320
16323	16326
16328	16329
16331	16336
16345	16352
16355	16356
16356	16356
16356	16356
16356	16356
16356	16356
16357	16357
16359	16359
16359	16359
16359	16359
16359	16359
16359	16359
16359	16359
16359	16359
16359	16359
16359	16359
16359	16359
16359	16359
16359	16359
16359	16359
16359	16359
16359	16359
16359	16359
16359	16359
16359	16359
16359	16359
16359	16359
16359	16359
16359	16359
16359	16359
16359	16359
16359	16359
16359	16359
16359	16359
16359	16359
16359	16359
16359	16359
16359	16359
16359	16359
16359	16359
16359	16359
16359	16359
16359	16359
16359	16359
16359	16359
16359	16359
16359	16359
16359	16359
16359	16359
16359	16359
16359	16359
16359	16359
16359	16359
16359	16359
16359	16359
16359	16359
16359	16359
16359	16359
16359	16359
16359	16359
16359	16359
16359	16359
16359	16359
16359	16359
16359	16359
16359	16359
16359	16359
16359	16359
16359	16359
16359	16359
16359	16359
16359	16359
16359	16359
16359	16359
16359	16359
16359	16359
16359	16359
16359	16359
16359	16359
16359	16359
16359	16359
16359	16359
16359	16359
16359	16359
16359	16359
16359	16359
16359	16359
16359	16359
16359	16359
16359	16359
16359	16359
16359	16359
16359	16359
16359	16359
16359	16359
16359	16359
16359	16359
16359	16359
16359	16359
16359	16359
16359	16359
16359	16359
16359	16359
16359	16359
16359	16359
16359	16359
16359	16359
16359	16359
16359	16359
16359	16359
16359	16359
16359	16359
16359	16359
16359	16359
16359	16359
16359	16359
16359	16359
16359	16359
16359	16359
16359	16359
16359	16359
16359	16356
16354	16352
16351	16350
16350	16350
16350	16350
16350	16350
16350	16350
16349	16347
16345	16343
16344	16345
16348	16349
16348	16345
16340	16337
16334	16338
16340	16342
16337	16332
16322	16318
16317	16320
16325	16332
16341	16347
16348	16344
16339	16331
16320	16305
16289	16268
16248	16236
16231	16225
16221	16214
16213	16219
16228	16228
16220	16209
16202	16200
16184	16096
15842	15298
14368	13013
11283	9357
7570	6286
5696	5753
6271	7016
7764	8349
8722	8928
9032	9076
9085	9073
9045	9003
8948	8884
8810	8729
8652	8581
8528	8504
8531	8624
8747	8834
8874	8900
8956	9059
9207	9377
9541	9667
9728	9716
9635	9524
9419	9351
9344	9404
9506	9614
9678	9671
9590	9462
9337	9260
9268	9376
9564	9788
9996	10147
10225	10246
10238	10215
10192	10176
10164	10149
10128	10103
10073	10041
10006	9968
9924	9864
9806	9775
9785	9821
9866	9918
9974	10031
10087	10137
10182	10226
10263	10287
10280	10216
10064	9803
9431	8967
8414	7780
7136	6623
6372	6447
6840	7470
8242	9073
9899	10697
11475	12281
13147	14050
14854	15416
15717	15878
15984	16042
16044	16012
15991	16026
16114	16207
16272	16305
16316	16315
16303	16289
16276	16266
16264	16269
16278	16284
16283	16280
16282	16294
16317	16335
16344	16347
16347	16347
16347	16348
16349	16350
16350	16351
16351	16352
16354	16357
16359	16359
16359	16359
16359	16359
16359	16359
16358	16358
16358	16358
16358	16358
16358	16358
16359	16359
16359	16359
16359	16359
16359	16359
16359	16359
16359	16359
16359	16359
16359	16359
16359	16359
16359	16359
16359	16359
16359	16359
16359	16359
16359	16359
16359	16359
16359	16359
16359	16359
16359	16359
16359	16359
16359	16359
16359	16359
16359	16359
16359	16359
16359	16359
16359	16359
16359	16359
16359	16359
16359	16359
16359	16359
16359	16359
16359	16359
16359	16359
16359	16359
16359	16359
16359	16359
16359	16359
16359	16359
16359	16359
16359	16359
16359	16359
16359	16359
16359	16359
16359	16359
16359	16359
16359	16359
16359	16359
16359	16359
16359	16359
16359	16359
16359	16359
16359	16359
16359	16359
16359	16359
16359	16359
16359	16359
16359	16359
16359	16359
16359	16359
16359	16359
16359	16359
16359	16359
16359	16359
16359	16359
16359	16359
16359	16359
16359	16359
16359	16359
16359	16359
16359	16359
16359	16359
16359	16359
16359	16359
16359	16359
16359	16359
16359	16359
16359	16359
16359	16359
16359	16359
16359	16359
16359	16359
16359	16359
16359	16359
16359	16359
16359	16359
16359	16359
16359	16359
16359	16359
16359	16359
16359	16359
16359	16359
16359	16359
16359	16359
16359	16359
16359	16359
16359	16359
16359	16359
16359	16359
16359	16359
16359	16359
16359	16359
16359	16359
16358	16358
16358	16358
16358	16358
16358	16358
16356	16353
16350	16347
16346	16346
16346	16345
16345	16344
16344	16344
16343	16342
16341	16336
16332	16331
16333	16335
16339	16342
16339	16333
16325	16320
16317	16317
16319	16322
16315	16300
16281	16272
16273	16284
16296	16308
16319	16323
16323	16318
16308	16296
16276	16256
16229	16201
16176	16159
16153	16146
16133	16117
16107	16112
16127	16133
16120	16097
16074	16056
16007	15832
15362	14423
12931	10969
8797	6795
5335	4653
4722	5292
6076	6871
7565	8134
8555	8820
8954	9019
9055	9084
9093	9079
9036	8967
8882	8789
8704	8634
8590	8582
8630	8746
8884	8975
9002	9006
9034	9109
9235	9392
9553	9687
9766	9776
9727	9649
9576	9548
9577	9657
9768	9879
9955	9972
9927	9838
9747	9687
9696	9780
9922	10093
10239	10321
10340	10333
10331	10336
10336	10328
10305	10263
10209	10149
10094	10053
10022	9999
9969	9915
9859	9830
9848	9892
9948	10007
10064	10121
10167	10206
10232	10256
10275	10290
10287	10248
10112	9821
9337	8658
7788	6754
5649	4642
3909	3582
3690	4161
4876	5703
6550	7389
8279	9311
10552	11933
13226	14163
14726	15124
15495	15793
15949	15965
15931	15952
16052	16162
16234	16270
16282	16276
16259	16234
16211	16194
16191	16200
16215	16222
16217	16206
16205	16230
16273	16310
16329	16334
16335	16335
16336	16336
16338	16338
16338	16339
16340	16343
16347	16351
16355	16357
16358	16358
16358	16358
16357	16355
16352	16351
16351	16350
16350	16351
16351	16353
16355	16359
16359	16359
16359	16359
16359	16359
16359	16359
16359	16359
16359	16359
16359	16359
16359	16359
16359	16359
16359	16359
16359	16359
16359	16359
16359	16359
16359	16359
16359	16359
16359	16359
16359	16359
16359	16359
16359	16359
16359	16359
16359	16359
16359	16359
16359	16359
16359	16359
16359	16359
16359	16359
16359	16359
16359	16359
16359	16359
16359	16359
16359	16359
16359	16359
16359	16359
16359	16359
16359	16359
16359	16359
16359	16359
16359	16359
16359	16359
16359	16359
16359	16359
16359	16359
16359	16359
16359	16359
16359	16359
16359	16359
16359	16359
16359	16359
16359	16359
16359	16359
16359	16359
16359	16359
16359	16359
16359	16359
16359	16359
16359	16359
16359	16359
16359	16359
16359	16359
16359	16359
16359	16359
16359	16359
16359	16359
16359	16359
16359	16359
16359	16359
16359	16359
16359	16359
16359	16359
16359	16359
16359	16359
16359	16359
16359	16359
16359	16359
16359	16359
16359	16359
16359	16359
16359	16359
16359	16359
16359	16359
16359	16359
16359	16359
16359	16359
16359	16359
16359	16359
16359	16359
16359	16359
16359	16359
16359	16359
16359	16359
16359	16359
16359	16359
16359	16359
16359	16359
16359	16359
16359	16359
16359	16359
16359	16359
16359	16359
16359	16358
16357	16355
16355	16355
16355	16355
16354	16353
16351	16347
16344	16342
16341	16339
16338	16338
16336	16336
16335	16335
16335	16333
16330	16326
16322	16320
16321	16326
16331	16334
16331	16323
16313	16303
16297	16294
16300	16297
16285	16252
16217	16203
16217	16241
16266	16284
16297	16297
16290	16272
16251	16230
16209	16182
16153	16122
16093	16077
16068	16059
16036	16001
15972	15969
15987	16002
15992	15959
15908	15831
15665	15282
14478	13072
11051	8668
6359	4595
3666	3567
4075	4859
5688	6473
7193	7824
8330	8658
8831	8929
9010	9090
9151	9172
9144	9073
8975	8871
8782	8717
8687	8693
8747	8848
8966	9055
9104	9136
9186	9265
9373	9500
9625	9728
9790	9802
9772	9726
9696	9711
9773	9860
9954	10039
10102	10130
10121	10083
10043	10021
10039	10101
10193	10296
10372	10390
10362	10333
10325	10332
10337	10337
10320	10287
10244	10194
10150	10118
10099	10085
10058	9999
9936	9907
9930	9987
10055	10120
10180	10234
10273	10293
10295	10288
10279	10272
10263	10234
10113	9814
9308	8608
7730	6672
5480	4278
3239	2533
2246	2349
2733	3252
3792	4341
5012	5994
7384	9066
10719	11985
12852	13593
14371	15082
15575	15783
15817	15853
15967	16093
16177	16218
16234	16230
16210	16175
16140	16118
16114	16128
16149	16160
16150	16132
16127	16165
16226	16283
16309	16316
16318	16318
16318	16320
16324	16326
16328	16329
16330	16334
16337	16344
16349	16353
16354	16355
16355	16354
16353	16349
16345	16340
16339	16338
16338	16339
16342	16347
16353	16358
16359	16359
16359	16359
16359	16359
16359	16359
16359	16359
16359	16359
16359	16359
16359	16359
16359	16359
16359	16359
16359	16359
16359	16359
16359	16359
16359	16359
16359	16359
16359	16359
16359	16359
16359	16359
16359	16359
16359	16359
16359	16359
16359	16359
16359	16359
16359	16359
16359	16359
16359	16359
16359	16359
16359	16359
16359	16359
16359	16359
16359	16359
16359	16359
16359	16359
16359	16359
16359	16359
16359	16359
16359	16359
16359	16359
16359	16359
16359	16359
16359	16359
16359	16359
16359	16359
16359	16359
16359	16359
16359	16359
16359	16359
16359	16359
16359	16359
16359	16359
16359	16359
16359	16359
16359	16359
16359	16359
16359	16359
16359	16359
16359	16359
16359	16359
16359	16359
16359	16359
16359	16359
16359	16359
16359	16359
16359	16359
16359	16359
16359	16359
16359	16359
16359	16359
16359	16359
16359	16359
16359	16359
16359	16359
16359	16359
16359	16359
16359	16359
16359	16359
16359	16359
16359	16359
16359	16359
16359	16359
16359	16359
16359	16359
16359	16359
16359	16359
16359	16359
16359	16359
16359	16359
16359	16359
16359	16359
16359	16359
16359	16359
16359	16359
16359	16359
16359	16359
16359	16359
16359	16359
16359	16359
16359	16359
16359	16359
16359	16357
16354	16352
16351	16350
16350	16350
16350	16349
16346	16343
16340	16339
16338	16336
16336	16334
16334	16334
16334	16334
16332	16329
16325	16322
16318	16316
16317	16322
16330	16331
16328	16318
16308	16297
16289	16285
16287	16282
16257	16204
16150	16132
16162	16204
16240	16260
16270	16264
16240	16205
16167	16135
16111	16092
16070	16050
16032	16020
16006	15990
15956	15902
15850	15828
15836	15846
15838	15801
15710	15499
15075	14311
13069	11256
8973	6543
4450	3137
2736	3044
3726	4491
5232	5977
6743	7466
8048	8445
8680	8830
8960	9085
9186	9237
9223	9152
9049	8942
8850	8793
8773	8789
8840	8919
9009	9093
9164	9237
9324	9417
9518	9616
9706	9771
9808	9812
9793	9767
9766	9809
9887	9973
10045	10104
10151	10181
10197	10202
10205	10219
10246	10287
10343	10391
10413	10391
10337	10292
10275	10273
10277	10277
10270	10257
10239	10218
10196	10182
10174	10162
10132	10071
10001	9971
10001	10066
10140	10212
10274	10322
10352	10357
10339	10307
10273	10242
10215	10169
10038	9741
9265	8657
7930	7048
5999	4841
3714	2805
2232	2022
2084	2272
2458	2619
2896	3532
4651	6146
7717	9051
10148	11257
12507	13772
14803	15418
15669	15777
15887	16005
16095	16154
16184	16185
16162	16124
16086	16059
16055	16072
16099	16115
16110	16091
16086	16127
16198	16263
16294	16302
16302	16302
16304	16309
16313	16318
16320	16322
16324	16326
16331	16337
16343	16348
16350	16350
16350	16350
16348	16345
16340	16336
16334	16334
16334	16334
16337	16343
16350	16356
16359	16359
16359	16359
16359	16359
16359	16359
16359	16359
16359	16359
16359	16359
16359	16359
16359	16359
16359	16359
16359	16359
16359	16359
16359	16359
16359	16359
16359	16359
16359	16359
16359	16359
16359	16359
16359	16359
16359	16359
16359	16359
16359	16359
16359	16359
16359	16359
16359	16359
16359	16359
16359	16359
16359	16359
16359	16359
16359	16359
16359	16359
16359	16359
16359	16359
16359	16359
16359	16359
16359	16359
16359	16359
16359	16359
16359	16359
16359	16359
16359	16359
16359	16359
16359	16359
16359	16359
16359	16359
16359	16359
16359	16359
16359	16359
16359	16359
16359	16359
16359	16359
16359	16359
16359	16359
16359	16359
16359	16359
16359	16359
16359	16359
16359	16359
16359	16359
16359	16359
16359	16359
16359	16359
16359	16359
16359	16359
16359	16359
16359	16359
16359	16359
16359	16359
16359	16359
16359	16359
16359	16359
16359	16359
16359	16359
16359	16359
16359	16359
16359	16359
16359	16359
16359	16359
16359	16359
16359	16359
16359	16359
16359	16359
16359	16359
16359	16359
16359	16359
16359	16359
16359	16359
16359	16359
16359	16359
16359	16359
16359	16359
16359	16359
16359	16359
16359	16359
16359	16359
16359	16359
16359	16359
16359	16359
16359	16359
16359	16357
16354	16352
16351	16350
16350	16350
16349	16346
16344	16341
16340	16338
16337	16336
16334	16333
16332	16331
16331	16330
16330	16328
16325	16320
16315	16313
16314	16320
16328	16330
16327	16319
16309	16299
16293	16286
16283	16272
16237	16170
16101	16082
16116	16164
16197	16210
16208	16193
16164	16123
16080	16044
16026	16018
16018	16013
16006	15984
15956	15916
15866	15804
15743	15701
15671	15635
15595	15551
15414	15016
14213	12947
11232	9170
6945	4847
3246	2452
2465	2977
3646	4278
4883	5570
6355	7128
7766	8227
8531	8745
8917	9070
9193	9259
9251	9186
9084	8981
8893	8843
8829	8854
8901	8963
9031	9107
9193	9289
9393	9498
9597	9683
9753	9801
9826	9825
9808	9789
9795	9839
9915	9989
10045	10089
10124	10157
10185	10211
10239	10266
10301	10335
10368	10389
10388	10349
10291	10243
10221	10217
10215	10215
10215	10212
10208	10203
10197	10193
10189	10178
10148	10090
10028	10004
10038	10106
10186	10256
10319	10363
10387	10381
10349	10303
10251	10198
10144	10058
9886	9577
9142	8643
8083	7406
6560	5563
4525	3626
3003	2700
2646	2700
2713	2633
2574	2761
3323	4209
5255	6317
7413	8693
10250	11985
13607	14784
15426	15712
15842	15939
16026	16096
16134	16142
16123	16091
16056	16030
16026	16044
16075	16104
16113	16101
16099	16133
16200	16259
16286	16292
16291	16292
16295	16299
16307	16313
16318	16319
16321	16324
16329	16334
16342	16347
16350	16350
16350	16350
16348	16342
16335	16330
16327	16326
16326	16327
16332	16339
16349	16356
16359	16359
16359	16359
16359	16359
16359	16359
16359	16359
16359	16359
16359	16359
16359	16359
16359	16359
16359	16359
16359	16359
16359	16359
16359	16359
16359	16359
16359	16359
16359	16359
16359	16359
16359	16359
16359	16359
16359	16359
16359	16359
16359	16359
16359	16359
16359	16359
16359	16359
16359	16359
16359	16359
16359	16359
16359	16359
16359	16359
16359	16359
16359	16359
16359	16359
16359	16359
16359	16359
16359	16359
16359	16359
16359	16359
16359	16359
16359	16359
16359	16359
16359	16359
16359	16359
16359	16359
16359	16359
16359	16359
16359	16359
16359	16359
16359	16359
16359	16359
16359	16359
16359	16359
16359	16359
16359	16359
16359	16359
16359	16359
16359	16359
16359	16359
16359	16359
16359	16359
16359	16359
16359	16359
16359	16359
16359	16359
16359	16359
16359	16359
16359	16359
16359	16359
16359	16359
16359	16359
16359	16359
16359	16359
16359	16359
16359	16359
16359	16359
16359	16359
16359	16359
16359	16359
16359	16359
16359	16359
16359	16359
16359	16359
16359	16359
16359	16359
16359	16359
16359	16359
16359	16359
16359	16359
16359	16359
16359	16359
16359	16359
16359	16359
16359	16359
16359	16359
16359	16359
16359	16359
16359	16359
16359	16359
16359	16359
16359	16358
16357	16355
16353	16352
16351	16351
16349	16347
16344	16342
16342	16342
16340	16338
16335	16332
16331	16331
16331	16331
16329	16327
16323	16315
16304	16299
16297	16306
16314	16321
16322	16317
16309	16300
16291	16285
16277	16262
16226	16161
16095	16069
16088	16108
16113	16100
16088	16074
16061	16042
16025	16010
16003	16006
16014	16017
15998	15943
15856	15775
15708	15654
15600	15534
15430	15285
15160	15096
14930	14344
13145	11379
9281	7140
5187	3603
2583	2275
2584	3175
3757	4239
4709	5323
6094	6881
7554	8061
8423	8680
8879	9046
9179	9252
9252	9191
9095	8994
8914	8869
8864	8893
8937	8992
9048	9118
9203	9305
9415	9525
9626	9710
9775	9820
9839	9836
9818	9797
9795	9828
9883	9940
9983	10019
10050	10083
10114	10146
10178	10216
10251	10284
10309	10321
10315	10279
10226	10183
10161	10156
10156	10156
10156	10156
10156	10155
10154	10152
10149	10140
10114	10070
10024	10015
10052	10123
10200	10268
10324	10364
10381	10371
10333	10278
10215	10148
10061	9917
9683	9347
8944	8529
8104	7600
6954	6156
5306	4562
4063	3850
3863	3958
3994	3896
3730	3649
3748	4017
4430	4998
5764	6810
8238	10075
12068	13783
14942	15559
15815	15928
16010	16073
16103	16108
16097	16075
16049	16030
16024	16044
16078	16118
16140	16142
16142	16170
16223	16268
16290	16295
16295	16295
16297	16301
16308	16315
16319	16322
16326	16328
16332	16336
16343	16347
16351	16351
16352	16352
16351	16345
16336	16330
16327	16326
16326	16327
16332	16339
16349	16356
16359	16359
16359	16359
16359	16359
16359	16359
16359	16359
16359	16359
16359	16359
16359	16359
16359	16359
16359	16359
16359	16359
16359	16359
16359	16359
16359	16359
16359	16359
16359	16359
16359	16359
16359	16359
16359	16359
16359	16359
16359	16359
16359	16359
16359	16359
16359	16359
16359	16359
16359	16359
16359	16359
16359	16359
16359	16359
16359	16359
16359	16359
16359	16359
16359	16359
16359	16359
16359	16359
16359	16359
16359	16359
16359	16359
16359	16359
16359	16359
16359	16359
16359	16359
16359	16359
16359	16359
16359	16359
16359	16359
16359	16359
16359	16359
16359	16359
16359	16359
16359	16359
16359	16359
16359	16359
16359	16359
16359	16359
16359	16359
16359	16359
16359	16359
16359	16359
16359	16359
16359	16359
16359	16359
16359	16359
16359	16359
16359	16359
16359	16359
16359	16359
16359	16359
16359	16359
16359	16359
16359	16359
16359	16359
16359	16359
16359	16359
16359	16359
16359	16359
16359	16359
16359	16359
16359	16359
16359	16359
16359	16359
16359	16359
16359	16359
16359	16359
16359	16359
16359	16359
16359	16359
16359	16359
16359	16359
16359	16359
16359	16359
16359	16359
16359	16359
16359	16359
16359	16359
16359	16359
16359	16359
16359	16359
16359	16359
16359	16359
16358	16358
16356	16354
16352	16351
16349	16348
16345	16346
16345	16346
16344	16343
16339	16337
16335	16335
16335	16335
16333	16329
16319	16302
16285	16271
16266	16275
16290	16303
16309	16309
16303	16295
16285	16277
16267	16250
16220	16171
16119	16090
16078	16059
16022	15987
15965	15966
15982	16007
16029	16042
16042	16043
16036	16024
15973	15864
15717	15581
15492	15432
15364	15239
15021	14734
14515	14443
14271	13511
11951	9808
7511	5460
3868	2787
2268	2334
2831	3454
3960	4324
4687	5222
5953	6737
7432	7969
8357	8634
8844	9018
9157	9235
9245	9192
9101	9007
8929	8890
8893	8924
8972	9022
9069	9131
9214	9314
9428	9541
9644	9730
9793	9834
9851	9844
9824	9802
9792	9803
9831	9865
9895	9921
9954	9982
10014	10048
10086	10124
10164	10193
10217	10228
10225	10196
10151	10113
10094	10088
10087	10087
10087	10088
10088	10089
10088	10088
10086	10078
10062	10034
10011	10019
10063	10131
10203	10269
10313	10345
10356	10342
10298	10237
10167	10085
9972	9784
9500	9138
8753	8396
8066	7699
7220	6613
5955	5400
5072	5009
5143	5348
5491	5518
5456	5386
5336	5289
5258	5315
5521	5960
6833	8331
10339	12418
14117	15204
15734	15947
16039	16086
16101	16101
16093	16082
16066	16050
16040	16055
16095	16142
16179	16192
16196	16217
16252	16284
16299	16305
16303	16304
16306	16310
16314	16321
16325	16330
16335	16338
16339	16341
16344	16348
16351	16352
16354	16355
16354	16347
16338	16330
16327	16326
16326	16327
16332	16339
16349	16356
16359	16359
16359	16359
16359	16359
16359	16359
16359	16359
16359	16359
16359	16359
16359	16359
16359	16359
16359	16359
16359	16359
16359	16359
16359	16359
16359	16359
16359	16359
16359	16359
16359	16359
16359	16359
16359	16359
16359	16359
16359	16359
16359	16359
16359	16359
16359	16359
16359	16359
16359	16359
16359	16359
16359	16359
16359	16359
16359	16359
16359	16359
16359	16359
16359	16359
16359	16359
16359	16359
16359	16359
16359	16359
16359	16359
16359	16359
16359	16359
16359	16359
16359	16359
16359	16359
16359	16359
16359	16359
16359	16359
16359	16359
16359	16359
16359	16359
16359	16359
16359	16359
16359	16359
16359	16359
16359	16359
16359	16359
16359	16359
16359	16359
16359	16359
16359	16359
16359	16359
16359	16359
16359	16359
16359	16359
16359	16359
16359	16359
16359	16359
16359	16359
16359	16359
16359	16359
16359	16359
16359	16359
16359	16359
16359	16359
16359	16359
16359	16359
16359	16359
16359	16359
16359	16359
16359	16359
16359	16359
16359	16359
16359	16359
16359	16359
16359	16359
16359	16359
16359	16359
16359	16359
16359	16359
16359	16359
16359	16359
16359	16359
16359	16359
16359	16359
16359	16359
16359	16359
16359	16359
16359	16359
16359	16359
16359	16359
16359	16359
16359	16359
16359	16355
16353	16351
16351	16349
16348	16348
16349	16350
16350	16349
16347	16344
16343	16343
16343	16342
16339	16332
16316	16292
16263	16244
16238	16247
16267	16285
16296	16298
16294	16283
16274	16265
16253	16238
16216	16185
16150	16121
16089	16049
16001	15961
15946	15960
15996	16045
16085	16103
16093	16065
16027	15977
15892	15754
15580	15407
15266	15139
14983	14732
14371	13979
13747	13744
13591	12650
10770	8395
6112	4304
3082	2396
2201	2473
3057	3686
4166	4478
4762	5208
5866	6629
7345	7912
8313	8594
8809	8987
9132	9219
9238	9195
9114	9022
8950	8913
8922	8960
9010	9053
9095	9146
9224	9326
9443	9557
9658	9744
9804	9841
9855	9846
9824	9803
9784	9776
9777	9785
9800	9822
9850	9879
9912	9944
9986	10025
10067	10100
10121	10133
10134	10114
10082	10054
10038	10034
10033	10033
10033	10033
10033	10033
10033	10033
10031	10026
10017	10006
10003	10028
10076	10141
10211	10263
10299	10319
10322	10299
10250	10183
10108	10021
9898	9694
9393	9032
8667	8356
8098	7828
7471	7001
6481	6057
5845	5870
6071	6328
6545	6685
6772	6842
6877	6815
6625	6330
5993	5754
5928	6853
8588	10801
12952	14560
15483	15910
16074	16123
16127	16122
16118	16113
16100	16081
16068	16076
16111	16164
16212	16237
16244	16257
16282	16305
16317	16321
16322	16322
16322	16324
16326	16329
16334	16339
16343	16346
16347	16346
16348	16350
16351	16353
16355	16359
16355	16347
16338	16331
16327	16326
16326	16327
16332	16339
16349	16356
16359	16359
16359	16359
16359	16359
16359	16359
16359	16359
16359	16359
16359	16359
16359	16359
16359	16359
16359	16359
16359	16359
16359	16359
16359	16359
16359	16359
16359	16359
16359	16359
16359	16359
16359	16359
16359	16359
16359	16359
16359	16359
16359	16359
16359	16359
16359	16359
16359	16359
16359	16359
16359	16359
16359	16359
16359	16359
16359	16359
16359	16359
16359	16359
16359	16359
16359	16359
16359	16359
16359	16359
16359	16359
16359	16359
16359	16359
16359	16359
16359	16359
16359	16359
16359	16359
16359	16359
16359	16359
16359	16359
16359	16359
16359	16359
16359	16359
16359	16359
16359	16359
16359	16359
16359	16359
16359	16359
16359	16359
16359	16359
16359	16359
16359	16359
16359	16359
16359	16359
16359	16359
16359	16359
16359	16359
16359	16359
16359	16359
16359	16359
16359	16359
16359	16359
16359	16359
16359	16359
16359	16359
16359	16359
16359	16359
16359	16359
16359	16359
16359	16359
16359	16359
16359	16359
16359	16359
16359	16359
16359	16359
16359	16359
16359	16359
16359	16359
16359	16359
16359	16359
16359	16359
16359	16359
16359	16359
16359	16359
16359	16359
16359	16359
16359	16359
16359	16359
16359	16359
16359	16359
16359	16359
16359	16359
16359	16359
16359	16359
16359	16359
16359	16357
16354	16352
16351	16350
16351	16352
16354	16356
16357	16357
16354	16353
16352	16352
16352	16351
16346	16337
16316	16285
16250	16227
16220	16231
16252	16275
16290	16292
16286	16275
16265	16256
16245	16232
16212	16189
16163	16140
16114	16086
16059	16042
16042	16063
16096	16132
16155	16147
16109	16050
15975	15874
15750	15594
15413	15202
14969	14714
14397	13984
13507	13109
12992	13157
13070	11996
9864	7363
5198	3675
2773	2347
2303	2621
3197	3827
4327	4638
4865	5201
5749	6463
7205	7818
8250	8544
8768	8952
9105	9202
9235	9202
9128	9041
8974	8941
8958	9002
9051	9093
9122	9166
9240	9344
9460	9576
9678	9760
9817	9852
9863	9855
9838	9812
9784	9753
9725	9710
9714	9734
9760	9793
9824	9858
9895	9937
9978	10011
10033	10047
10055	10049
10033	10016
10008	10006
10006	10006
10006	10006
10006	10006
10006	10005
10002	9999
9994	9995
10009	10041
10094	10154
10214	10257
10286	10295
10285	10252
10195	10122
10040	9952
9829	9633
9347	9008
8681	8423
8233	8046
7777	7389
6937	6559
6360	6371
6533	6741
6920	7058
7181	7330
7469	7520
7374	6957
6309	5619
5251	5622
6945	9077
11505	13596
14997	15748
16063	16151
16160	16156
16157	16155
16144	16120
16098	16095
16125	16177
16231	16263
16276	16286
16303	16320
16330	16334
16335	16335
16335	16336
16337	16340
16343	16346
16350	16351
16352	16351
16350	16351
16352	16354
16357	16359
16356	16350
16342	16335
16331	16331
16331	16331
16335	16342
16350	16356
16359	16359
16359	16359
16359	16359
16359	16359
16359	16359
16359	16359
16359	16359
16359	16359
16359	16359
16359	16359
16359	16359
16359	16359
16359	16359
16359	16359
16359	16359
16359	16359
16359	16359
16359	16359
16359	16359
16359	16359
16359	16359
16359	16359
16359	16359
16359	16359
16359	16359
16359	16359
16359	16359
16359	16359
16359	16359
16359	16359
16359	16359
16359	16359
16359	16359
16359	16359
16359	16359
16359	16359
16359	16359
16359	16359
16359	16359
16359	16359
16359	16359
16359	16359
16359	16359
16359	16359
16359	16359
16359	16359
16359	16359
16359	16359
16359	16359
16359	16359
16359	16359
16359	16359
16359	16359
16359	16359
16359	16359
16359	16359
16359	16359
16359	16359
16359	16359
16359	16359
16359	16359
16359	16359
16359	16359
16359	16359
16359	16359
16359	16359
16359	16359
16359	16359
16359	16359
16359	16359
16359	16359
16359	16359
16359	16359
16359	16359
16359	16359
16359	16359
16359	16359
16359	16359
16359	16359
16359	16359
16359	16359
16359	16359
16359	16359
16359	16359
16359	16359
16359	16359
16359	16359
16359	16359
16359	16359
16359	16359
16359	16359
16359	16359
16359	16359
16359	16359
16359	16359
16359	16359
16358	16358
16358	16358
16358	16358
16358	16358
16359	16359
16359	16358
16357	16355
16355	16355
16355	16356
16357	16359
16359	16359
16359	16358
16358	16358
16358	16357
16351	16339
16316	16283
16249	16227
16220	16229
16252	16274
16290	16292
16286	16276
16266	16256
16245	16233
16214	16189
16166	16149
16141	16142
16143	16150
16162	16177
16192	16200
16189	16151
16088	16004
15884	15722
15525	15314
15089	14815
14479	14097
13648	13132
12618	12302
12375	12762
12822	11736
9484	6901
4789	3443
2759	2482
2476	2741
3257	3887
4438	4778
4952	5146
5540	6178
6944	7633
8130	8468
8716	8914
9075	9182
9225	9203
9139	9062
9001	8978
9001	9049
9102	9134
9154	9188
9259	9358
9475	9590
9692	9776
9834	9866
9875	9869
9851	9825
9788	9736
9685	9652
9650	9669
9697	9728
9760	9793
9830	9871
9908	9941
9962	9980
9995	10001
10003	10002
10002	10001
10001	10001
10001	10001
10001	10001
10001	10001
9999	9994
9993	9999
10022	10057
10107	10161
10213	10251
10270	10269
10248	10204
10140	10057
9970	9876
9750	9553
9276	8967
8692	8512
8417	8327
8147	7823
7402	7009
6747	6656
6691	6763
6806	6809
6809	6863
6975	7085
7038	6689
6016	5210
4600	4584
5488	7373
9879	12358
14280	15450
15982	16147
16174	16176
16182	16189
16182	16162
16137	16124
16142	16182
16231	16265
16284	16296
16315	16330
16339	16343
16345	16345
16346	16346
16347	16347
16349	16352
16355	16356
16356	16355
16355	16355
16355	16357
16358	16359
16357	16352
16344	16339
16336	16335
16335	16336
16339	16344
16352	16357
16359	16359
16359	16359
16359	16359
16359	16359
16359	16359
16359	16359
16359	16359
16359	16359
16359	16359
16359	16359
16359	16359
16359	16359
16359	16359
16359	16359
16359	16359
16359	16359
16359	16359
16359	16359
16359	16359
16359	16359
16359	16359
16359	16359
16359	16359
16359	16359
16359	16359
16359	16359
16359	16359
16359	16359
16359	16359
16359	16359
16359	16359
16359	16359
16359	16359
16359	16359
16359	16359
16359	16359
16359	16359
16359	16359
16359	16359
16359	16359
16359	16359
16359	16359
16359	16359
16359	16359
16359	16359
16359	16359
16359	16359
16359	16359
16359	16359
16359	16359
16359	16359
16359	16359
16359	16359
16359	16359
16359	16359
16359	16359
16359	16359
16359	16359
16359	16359
16359	16359
16359	16359
16359	16359
16359	16359
16359	16359
16359	16359
16359	16359
16359	16359
16359	16359
16359	16359
16359	16359
16359	16359
16359	16359
16359	16359
16359	16359
16359	16359
16359	16359
16359	16359
16359	16359
16359	16359
16359	16359
16359	16359
16359	16359
16359	16359
16359	16359
16359	16359
16359	16359
16359	16359
16359	16359
16359	16359
16359	16359
16359	16359
16359	16359
16359	16359
16359	16359
16359	16359
16359	16358
16357	16355
16355	16355
16355	16355
16355	16357
16358	16359
16359	16359
16358	16358
16358	16358
16358	16358
16358	16358
16358	16358
16358	16358
16358	16358
16358	16357
16351	16337
16316	16289
16262	16244
16237	16245
16264	16283
16295	16299
16296	16286
16276	16265
16252	16238
16219	16193
16170	16157
16165	16179
16195	16209
16221	16227
16228	16210
16166	16094
15995	15864
15680	15420
15100	14786
14494	14186
13835	13451
13017	12516
12042	11803
12000	12545
12768	11810
9606	6969
4771	3429
2843	2656
2647	2842
3291	3920
4529	4905
5016	5052
5263	5802
6581	7359
7958	8372
8657	8873
9044	9159
9207	9196
9144	9076
9027	9013
9044	9098
9149	9174
9183	9210
9274	9371
9487	9603
9708	9794
9850	9883
9893	9886
9866	9837
9790	9727
9657	9616
9609	9628
9658	9691
9722	9755
9790	9825
9861	9892
9917	9937
9958	9980
10003	10017
10024	10027
10027	10027
10027	10027
10027	10027
10027	10026
10023	10016
10013	10020
10040	10074
10116	10165
10210	10241
10253	10244
10214	10161
10087	9997
9901	9799
9654	9429
9134	8836
8625	8543
8565	8596
8522	8273
7884	7462
7122	6904
6789	6699
6570	6376
6157	5986
5924	5956
5947	5720
5215	4540
3940	3737
4293	5850
8264	11001
13416	15040
15829	16094
16150	16161
16173	16192
16202	16197
16179	16162
16160	16180
16213	16240
16260	16282
16307	16327
16340	16343
16346	16347
16348	16349
16350	16351
16352	16353
16356	16357
16358	16358
16358	16358
16358	16358
16359	16359
16358	16354
16350	16345
16343	16343
16343	16343
16345	16350
16354	16358
16359	16359
16359	16359
16359	16359
16359	16359
16359	16359
16359	16359
16359	16359
16359	16359
16359	16359
16359	16359
16359	16359
16359	16359
16359	16359
16359	16359
16359	16359
16359	16359
16359	16359
16359	16359
16359	16359
16359	16359
16359	16359
16359	16359
16359	16359
16359	16359
16359	16359
16359	16359
16359	16359
16359	16359
16359	16359
16359	16359
16359	16359
16359	16359
16359	16359
16359	16359
16359	16359
16359	16359
16359	16359
16359	16359
16359	16359
16359	16359
16359	16359
16359	16359
16359	16359
16359	16359
16359	16359
16359	16359
16359	16359
16359	16359
16359	16359
16359	16359
16359	16359
16359	16359
16359	16359
16359	16359
16359	16359
16359	16359
16359	16359
16359	16359
16359	16359
16359	16359
16359	16359
16359	16359
16359	16359
16359	16359
16359	16359
16359	16359
16359	16359
16359	16359
16359	16359
16359	16359
16359	16359
16359	16359
16359	16359
16359	16359
16359	16359
16359	16359
16359	16359
16359	16359
16359	16359
16359	16359
16359	16359
16359	16359
16359	16359
16359	16359
16359	16359
16359	16359
16359	16359
16359	16359
16359	16359
16359	16359
16359	16359
16359	16359
16359	16359
16359	16359
16359	16359
16359	16357
16354	16352
16351	16350
16350	16351
16352	16354
16357	16359
16359	16359
16359	16359
16359	16359
16359	16355
16353	16351
16351	16350
16350	16350
16350	16350
16350	16349
16344	16334
16317	16298
16281	16268
16261	16267
16279	16293
16303	16308
16308	16301
16290	16274
16259	16244
16226	16201
16180	16176
16183	16194
16198	16203
16208	16211
16196	16159
16073	15937
15752	15524
15219	14819
14363	13962
13665	13449
13269	13089
12838	12459
12024	11756
11892	12416
12719	11965
9952	7312
4949	3483
2911	2791
2801	2955
3353	3982
4632	5033
5086	4977
5010	5428
6197	7055
7764	8264
8593	8827
9007	9129
9186	9182
9141	9088
9052	9049
9084	9144
9192	9212
9212	9229
9286	9381
9493	9610
9717	9805
9864	9896
9906	9900
9878	9847
9796	9726
9648	9599
9591	9609
9639	9671
9705	9738
9772	9805
9838	9870
9895	9921
9950	9985
10025	10055
10069	10074
10074	10074
10074	10074
10074	10074
10074	10073
10069	10061
10052	10050
10061	10090
10127	10172
10210	10234
10237	10222
10183	10120
10039	9944
9841	9723
9552	9288
8962	8668
8503	8507
8638	8785
8822	8667
8329	7918
7530	7232
7008	6797
6528	6167
5742	5345
5064	4918
4833	4664
4327	3850
3369	3119
3448	4687
6899	9750
12548	14573
15614	15989
16084	16110
16136	16170
16202	16218
16213	16197
16183	16180
16188	16200
16217	16245
16283	16314
16329	16333
16336	16338
16342	16344
16346	16346
16346	16348
16350	16353
16355	16359
16359	16359
16359	16359
16359	16359
16358	16355
16352	16349
16347	16347
16347	16347
16349	16352
16355	16358
16359	16359
16359	16359
16359	16359
16359	16359
16359	16359
16359	16359
16359	16359
16359	16359
16359	16359
16359	16359
16359	16359
16359	16359
16359	16359
16359	16359
16359	16359
16359	16359
16359	16359
16359	16359
16359	16359
16359	16359
16359	16359
16359	16359
16359	16359
16359	16359
16359	16359
16359	16359
16359	16359
16359	16359
16359	16359
16359	16359
16359	16359
16359	16359
16359	16359
16359	16359
16359	16359
16359	16359
16359	16359
16359	16359
16359	16359
16359	16359
16359	16359
16359	16359
16359	16359
16359	16359
16359	16359
16359	16359
16359	16359
16359	16359
16359	16359
16359	16359
16359	16359
16359	16359
16359	16359
16359	16359
16359	16359
16359	16359
16359	16359
16359	16359
16359	16359
16359	16359
16359	16359
16359	16359
16359	16359
16359	16359
16359	16359
16359	16359
16359	16359
16359	16359
16359	16359
16359	16359
16359	16359
16359	16359
16359	16359
16359	16359
16359	16359
16359	16359
16359	16359
16359	16359
16359	16359
16359	16359
16359	16359
16359	16359
16359	16359
16359	16359
16359	16359
16359	16359
16359	16359
16359	16359
16359	16359
16359	16359
16359	16359
16359	16359
16359	16359
16359	16359
16359	16359
16359	16356
16354	16352
16351	16350
16350	16351
16352	16354
16356	16359
16359	16359
16359	16359
16359	16359
16356	16351
16345	16341
16339	16338
16338	16338
16338	16338
16338	16338
16335	16331
16321	16311
16299	16289
16283	16286
16294	16303
16311	16316
16318	16311
16299	16282
16262	16242
16225	16207
16196	16195
16198	16191
16173	16157
16153	16146
16115	16029
15863	15608
15274	14889
14449	13951
13461	13096
12920	12914
13009	13097
13051	12770
12317	11932
11895	12267
12582	12058
10328	7756
5215	3558
2933	2852
2905	3058
3430	4045
4711	5122
5152	4951
4851	5149
5870	6771
7578	8165
8538	8786
8970	9100
9166	9173
9143	9101
9077	9085
9124	9183
9230	9243
9235	9247
9304	9397
9506	9619
9728	9816
9877	9909
9918	9912
9890	9859
9807	9734
9655	9605
9593	9610
9639	9674
9709	9744
9778	9810
9842	9873
9901	9930
9967	10015
10070	10110
10130	10135
10136	10136
10136	10136
10136	10136
10136	10136
10130	10121
10106	10096
10094	10111
10143	10183
10216	10232
10230	10204
10156	10087
9997	9896
9783	9653
9468	9184
8841	8550
8409	8462
8661	8890
9019	8947
8682	8312
7938	7622
7363	7101
6763	6304
5754	5201
4724	4366
4102	3865
3596	3266
2928	2735
2968	3970
5955	8790
11801	14097
15331	15808
15953	16007
16058	16121
16180	16219
16233	16224
16202	16182
16167	16154
16159	16193
16249	16291
16311	16313
16314	16319
16325	16330
16332	16334
16334	16337
16340	16345
16351	16356
16358	16358
16358	16358
16359	16359
16359	16355
16353	16351
16351	16350
16350	16351
16351	16353
16355	16359
16359	16359
16359	16359
16359	16359
16359	16359
16359	16359
16359	16359
16359	16359
16359	16359
16359	16359
16359	16359
16359	16359
16359	16359
16359	16359
16359	16359
16359	16359
16359	16359
16359	16359
16359	16359
16359	16359
16359	16359
16359	16359
16359	16359
16359	16359
16359	16359
16359	16359
16359	16359
16359	16359
16359	16359
16359	16359
16359	16359
16359	16359
16359	16359
16359	16359
16359	16359
16359	16359
16359	16359
16359	16359
16359	16359
16359	16359
16359	16359
16359	16359
16359	16359
16359	16359
16359	16359
16359	16359
16359	16359
16359	16359
16359	16359
16359	16359
16359	16359
16359	16359
16359	16359
16359	16359
16359	16359
16359	16359
16359	16359
16359	16359
16359	16359
16359	16359
16359	16359
16359	16359
16359	16359
16359	16359
16359	16359
16359	16359
16359	16359
16359	16359
16359	16359
16359	16359
16359	16359
16359	16359
16359	16359
16359	16359
16359	16359
16359	16359
16359	16359
16359	16359
16359	16359
16359	16359
16359	16359
16359	16359
16359	16359
16359	16359
16359	16359
16359	16359
16359	16359
16359	16359
16359	16359
16359	16359
16359	16359
16359	16359
16359	16359
16359	16359
16359	16359
16359	16359
16359	16355
16353	16351
16351	16350
16350	16351
16351	16353
16355	16359
16359	16359
16359	16359
16359	16355
16351	16344
16340	16335
16334	16334
16334	16334
16334	16334
16334	16334
16334	16332
16328	16320
16306	16295
16289	16289
16293	16301
16307	16314
16319	16317
16303	16283
16258	16233
16213	16195
16185	16187
16189	16177
16145	16109
16076	16032
15942	15766
15474	15056
14550	14016
13511	13073
12753	12602
12639	12833
13085	13264
13226	12905
12383	11911
11771	12058
12408	12136
10730	8276
5579	3693
2940	2845
2927	3094
3444	4027
4675	5108
5164	4957
4790	4985
5627	6528
7409	8073
8484	8746
8938	9072
9147	9165
9145	9115
9101	9114
9158	9218
9266	9273
9258	9267
9321	9410
9515	9626
9736	9826
9890	9925
9936	9926
9906	9875
9823	9752
9674	9625
9613	9628
9658	9695
9732	9769
9803	9837
9869	9899
9930	9960
10000	10059
10128	10179
10204	10211
10212	10212
10212	10212
10212	10212
10211	10210
10206	10195
10175	10151
10132	10137
10163	10195
10221	10231
10218	10185
10127	10049
9951	9841
9726	9594
9411	9142
8817	8540
8406	8464
8681	8944
9125	9118
8921	8612
8292	8008
7763	7501
7150	6661
6056	5407
4780	4200
3696	3297
3001	2761
2576	2516
2782	3669
5481	8221
11269	13665
14991	15534
15729	15831
15933	16044
16139	16209
16238	16239
16216	16185
16150	16120
16111	16149
16215	16270
16291	16290
16291	16298
16308	16315
16320	16321
16322	16326
16329	16336
16342	16348
16350	16351
16351	16353
16355	16359
16359	16355
16353	16351
16351	16350
16350	16351
16351	16353
16355	16359
16359	16359
16359	16359
16359	16359
16359	16359
16359	16359
16359	16359
16359	16359
16359	16359
16359	16359
16359	16359
16359	16359
16359	16359
16359	16359
16359	16359
16359	16359
16359	16359
16359	16359
16359	16359
16359	16359
16359	16359
16359	16359
16359	16359
16359	16359
16359	16359
16359	16359
16359	16359
16359	16359
16359	16359
16359	16359
16359	16359
16359	16359
16359	16359
16359	16359
16359	16359
16359	16359
16359	16359
16359	16359
16359	16359
16359	16359
16359	16359
16359	16359
16359	16359
16359	16359
16359	16359
16359	16359
16359	16359
16359	16359
16359	16359
16359	16359
16359	16359
16359	16359
16359	16359
16359	16359
16359	16359
16359	16359
16359	16359
16359	16359
16359	16359
16359	16359
16359	16359
16359	16359
16359	16359
16359	16359
16359	16359
16359	16359
16359	16359
16359	16359
16359	16359
16359	16359
16359	16359
16359	16359
16359	16359
16359	16359
16359	16359
16359	16359
16359	16359
16359	16359
16359	16359
16359	16359
16359	16359
16359	16359
16359	16359
16359	16359
16359	16359
16359	16359
16359	16359
16359	16359
16359	16359
16359	16359
16359	16359
16359	16359
16359	16359
16359	16359
16359	16359
16359	16359
16359	16355
16353	16351
16351	16350
16350	16351
16351	16353
16355	16359
16359	16359
16359	16359
16358	16352
16345	16337
16331	16328
16326	16326
16326	16326
16326	16326
16326	16326
16328	16329
16327	16317
16300	16284
16275	16275
16279	16288
16298	16308
16315	16313
16299	16275
16246	16216
16187	16153
16128	16121
16129	16122
16085	16019
15922	15786
15586	15291
14874	14344
13754	13192
12754	12515
12484	12605
12824	13088
13300	13334
13106	12630
12047	11600
11509	11827
12271	12257
11182	8872
6057	3924
2969	2770
2833	2999
3320	3842
4452	4914
5062	4941
4786	4907
5449	6317
7250	7985
8437	8711
8909	9052
9135	9164
9156	9135
9126	9143
9189	9253
9300	9304
9284	9284
9338	9426
9531	9641
9746	9838
9906	9945
9953	9946
9924	9891
9841	9772
9701	9654
9646	9661
9694	9730
9773	9810
9847	9880
9913	9943
9972	10002
10043	10111
10191	10253
10282	10291
10292	10292
10292	10292
10292	10291
10290	10288
10284	10270
10245	10208
10175	10163
10180	10206
10225	10227
10208	10163
10097	10009
9904	9788
9668	9538
9368	9127
8835	8576
8443	8488
8699	8973
9183	9225
9085	8842
8583	8348
8141	7907
7581	7110
6505	5803
5047	4259
3518	2923
2543	2354
2312	2399
2745	3631
5378	8038
11017	13360
14650	15189
15418	15580
15752	15929
16082	16184
16232	16238
16218	16186
16147	16104
16085	16118
16192	16251
16273	16271
16271	16278
16289	16297
16302	16304
16306	16310
16317	16325
16330	16335
16338	16339
16342	16347
16353	16358
16359	16355
16353	16351
16351	16350
16350	16351
16351	16353
16355	16359
16359	16359
16359	16359
16359	16359
16359	16359
16359	16359
16359	16359
16359	16359
16359	16359
16359	16359
16359	16359
16359	16359
16359	16359
16359	16359
16359	16359
16359	16359
16359	16359
16359	16359
16359	16359
16359	16359
16359	16359
16359	16359
16359	16359
16359	16359
16359	16359
16359	16359
16359	16359
16359	16359
16359	16359
16359	16359
16359	16359
16359	16359
16359	16359
16359	16359
16359	16359
16359	16359
16359	16359
16359	16359
16359	16359
16359	16359
16359	16359
16359	16359
16359	16359
16359	16359
16359	16359
16359	16359
16359	16359
16359	16359
16359	16359
16359	16359
16359	16359
16359	16359
16359	16359
16359	16359
16359	16359
16359	16359
16359	16359
16359	16359
16359	16359
16359	16359
16359	16359
16359	16359
16359	16359
16359	16359
16359	16359
16359	16359
16359	16359
16359	16359
16359	16359
16359	16359
16359	16359
16359	16359
16359	16359
16359	16359
16359	16359
16359	16359
16359	16359
16359	16359
16359	16359
16359	16359
16359	16359
16359	16359
16359	16359
16359	16359
16359	16359
16359	16359
16359	16359
16359	16359
16359	16359
16359	16359
16359	16359
16359	16359
16359	16359
16359	16359
16359	16359
16359	16359
16359	16355
16353	16351
16351	16350
16350	16351
16352	16354
16356	16359
16359	16359
16359	16358
16355	16347
16336	16329
16326	16326
16326	16326
16326	16326
16326	16325
16322	16319
16315	16313
16307	16293
16271	16254
16245	16248
16256	16271
16283	16295
16303	16298
16283	16258
16232	16199
16150	16078
16005	15969
15969	15961
15902	15773
15573	15310
14987	14598
14149	13663
13177	12763
12507	12463
12605	12840
13080	13277
13343	13181
12769	12199
11639	11292
11298	11669
12195	12405
11638	9515
6648	4279
3050	2662
2645	2777
3047	3489
4039	4535
4820	4845
4767	4850
5298	6118
7083	7879
8377	8673
8879	9030
9124	9164
9169	9159
9155	9173
9221	9284
9330	9331
9304	9301
9347	9433
9533	9643
9749	9842
9912	9955
9967	9961
9943	9912
9864	9801
9736	9697
9695	9712
9746	9783
9825	9864
9901	9934
9969	9998
10025	10053
10097	10171
10259	10328
10360	10370
10370	10370
10368	10364
10364	10361
10359	10356
10349	10334
10301	10253
10205	10179
10188	10207
10223	10216
10190	10136
10061	9964
9850	9728
9603	9472
9304	9067
8782	8530
8404	8456
8674	8969
9213	9302
9219	9038
8834	8652
8483	8287
8011	7607
7049	6331
5470	4515
3578	2809
2327	2140
2171	2330
2727	3677
5493	8163
11058	13245
14382	14826
15046	15254
15503	15762
15985	16135
16205	16221
16213	16189
16150	16105
16076	16103
16173	16233
16253	16253
16252	16260
16275	16285
16290	16291
16292	16299
16306	16316
16322	16328
16331	16334
16337	16343
16350	16356
16359	16356
16354	16352
16351	16350
16350	16351
16351	16353
16355	16359
16359	16359
16359	16359
16359	16359
16359	16359
16359	16359
16359	16359
16359	16359
16359	16359
16359	16359
16359	16359
16359	16359
16359	16359
16359	16359
16359	16359
16359	16359
16359	16359
16359	16359
16359	16359
16359	16359
16359	16359
16359	16359
16359	16359
16359	16359
16359	16359
16359	16359
16359	16359
16359	16359
16359	16359
16359	16359
16359	16359
16359	16359
16359	16359
16359	16359
16359	16359
16359	16359
16359	16359
16359	16359
16359	16359
16359	16359
16359	16359
16359	16359
16359	16359
16359	16359
16359	16359
16359	16359
16359	16359
16359	16359
16359	16359
16359	16359
16359	16359
16359	16359
16359	16359
16359	16359
16359	16359
16359	16359
16359	16359
16359	16359
16359	16359
16359	16359
16359	16359
16359	16359
16359	16359
16359	16359
16359	16359
16359	16359
16359	16359
16359	16359
16359	16359
16359	16359
16359	16359
16359	16359
16359	16359
16359	16359
16359	16359
16359	16359
16359	16359
16359	16359
16359	16359
16359	16359
16359	16359
16359	16359
16359	16359
16359	16359
16359	16359
16359	16359
16359	16359
16359	16359
16359	16359
16359	16359
16359	16359
16359	16359
16359	16359
16359	16359
16359	16359
16359	16359
16359	16355
16353	16351
16351	16350
16350	16351
16352	16354
16357	16359
16359	16359
16359	16357
16351	16336
16320	16313
16314	16322
16326	16327
16327	16326
16325	16321
16311	16295
16273	16253
16235	16220
16204	16193
16190	16204
16228	16252
16269	16279
16281	16269
16248	16222
16198	16164
16095	15968
15822	15713
15654	15589
15470	15261
14973	14631
14264	13893
13541	13225
12972	12794
12715	12742
12850	12986
13099	13156
13088	12835
12401	11886
11430	11180
11224	11580
12126	12508
12038	10180
7370	4811
3253	2603
2464	2545
2740	3073
3537	4051
4461	4657
4689	4769
5142	5902
6871	7712
8263	8594
8820	8982
9088	9150
9185	9199
9205	9220
9256	9305
9343	9337
9305	9294
9335	9415
9513	9618
9723	9815
9889	9937
9963	9966
9956	9933
9895	9842
9791	9764
9765	9789
9822	9857
9899	9939
9974	10008
10039	10068
10097	10125
10169	10244
10337	10409
10442	10447
10444	10438
10431	10423
10417	10409
10400	10393
10382	10361
10323	10267
10205	10174
10173	10189
10198	10188
10150	10087
9999	9890
9767	9637
9506	9370
9187	8929
8631	8387
8291	8381
8630	8946
9217	9344
9309	9178
9025	8883
8754	8603
8398	8087
7612	6908
5980	4901
3822	2922
2347	2130
2156	2300
2710	3771
5757	8517
11330	13304
14193	14460
14602	14822
15129	15474
15786	16010
16129	16177
16189	16182
16152	16106
16067	16084
16148	16208
16233	16236
16239	16249
16264	16274
16276	16274
16274	16278
16286	16297
16308	16317
16321	16325
16331	16339
16349	16356
16359	16357
16354	16352
16351	16349
16348	16347
16349	16352
16355	16358
16359	16359
16359	16359
16359	16359
16359	16359
16359	16359
16359	16359
16359	16359
16359	16359
16359	16359
16359	16359
16359	16359
16359	16359
16359	16359
16359	16359
16359	16359
16359	16359
16359	16359
16359	16359
16359	16359
16359	16359
16359	16359
16359	16359
16359	16359
16359	16359
16359	16359
16359	16359
16359	16359
16359	16359
16359	16359
16359	16359
16359	16359
16359	16359
16359	16359
16359	16359
16359	16359
16359	16359
16359	16359
16359	16359
16359	16359
16359	16359
16359	16359
16359	16359
16359	16359
16359	16359
16359	16359
16359	16359
16359	16359
16359	16359
16359	16359
16359	16359
16359	16359
16359	16359
16359	16359
16359	16359
16359	16359
16359	16359
16359	16359
16359	16359
16359	16359
16359	16359
16359	16359
16359	16359
16359	16359
16359	16359
16359	16359
16359	16359
16359	16359
16359	16359
16359	16359
16359	16359
16359	16359
16359	16359
16359	16359
16359	16359
16359	16359
16359	16359
16359	16359
16359	16359
16359	16359
16359	16359
16359	16359
16359	16359
16359	16359
16359	16359
16359	16359
16359	16359
16359	16359
16359	16359
16359	16359
16359	16359
16359	16359
16359	16359
16359	16359
16359	16359
16359	16359
16359	16356
16354	16352
16352	16351
16352	16353
16355	16357
16358	16359
16359	16359
16359	16356
16342	16318
16290	16282
16291	16308
16319	16323
16322	16320
16319	16311
16290	16250
16196	16142
16106	16086
16083	16088
16106	16142
16190	16229
16252	16258
16246	16222
16186	16150
16112	16061
15961	15787
15561	15344
15161	14973
14750	14489
14208	13928
13675	13459
13286	13160
13075	13026
12995	12965
12921	12879
12837	12776
12659	12448
12146	11792
11467	11252
11242	11498
12015	12515
12340	10844
8253	5586
3674	2708
2428	2452
2565	2762
3103	3581
4069	4397
4536	4647
4971	5661
6590	7450
8059	8450
8712	8891
9018	9117
9204	9261
9287	9288
9293	9312
9330	9315
9274	9259
9292	9363
9455	9555
9654	9748
9828	9889
9932	9957
9968	9966
9946	9912
9876	9858
9866	9892
9925	9961
10004	10041
10078	10111
10143	10172
10199	10227
10270	10340
10426	10490
10516	10513
10502	10487
10468	10451
10435	10416
10399	10380
10360	10335
10294	10235
10174	10138
10132	10140
10144	10123
10078	10000
9898	9774
9636	9498
9358	9208
9017	8749
8453	8247
8212	8356
8627	8935
9190	9315
9299	9204
9089	8986
8903	8811
8682	8457
8055	7385
6428	5273
4094	3108
2469	2208
2193	2310
2764	3996
6198	9035
11719	13428
14034	14076
14083	14245
14566	14984
15405	15743
15959	16078
16137	16157
16139	16089
16042	16047
16103	16166
16203	16218
16228	16239
16250	16255
16248	16238
16233	16236
16250	16266
16285	16300
16314	16322
16330	16338
16349	16356
16359	16358
16357	16354
16353	16351
16347	16345
16346	16350
16354	16358
16359	16359
16359	16359
16359	16359
16359	16359
16359	16359
16359	16359
16359	16359
16359	16359
16359	16359
16359	16359
16359	16359
16359	16359
16359	16359
16359	16359
16359	16359
16359	16359
16359	16359
16359	16359
16359	16359
16359	16359
16359	16359
16359	16359
16359	16359
16359	16359
16359	16359
16359	16359
16359	16359
16359	16359
16359	16359
16359	16359
16359	16359
16359	16359
16359	16359
16359	16359
16359	16359
16359	16359
16359	16359
16359	16359
16359	16359
16359	16359
16359	16359
16359	16359
16359	16359
16359	16359
16359	16359
16359	16359
16359	16359
16359	16359
16359	16359
16359	16359
16359	16359
16359	16359
16359	16359
16359	16359
16359	16359
16359	16359
16359	16359
16359	16359
16359	16359
16359	16359
16359	16359
16359	16359
16359	16359
16359	16359
16359	16359
16359	16359
16359	16359
16359	16359
16359	16359
16359	16359
16359	16359
16359	16359
16359	16359
16359	16359
16359	16359
16359	16359
16359	16359
16359	16359
16359	16359
16359	16359
16359	16359
16359	16359
16359	16359
16359	16359
16359	16359
16359	16359
16359	16359
16359	16359
16359	16359
16359	16359
16359	16359
16359	16359
16359	16359
16359	16359
16359	16359
16359	16357
16354	16352
16352	16352
16354	16356
16358	16358
16359	16359
16359	16359
16358	16353
16334	16297
16257	16241
16256	16281
16297	16303
16303	16301
16300	16293
16265	16207
16126	16043
15980	15953
15956	15977
16017	16077
16149	16205
16230	16226
16202	16154
16088	16002
15899	15778
15617	15408
15148	14861
14562	14256
13958	13702
13515	13407
13362	13353
13346	13318
13267	13189
13077	12914
12723	12546
12414	12323
12256	12196
12112	11968
11756	11522
11382	11484
11900	12441
12513	11448
9227	6571
4335	3017
2558	2516
2558	2637
2846	3228
3696	4081
4304	4463
4767	5384
6252	7116
7796	8266
8577	8777
8923	9064
9208	9318
9364	9352
9317	9297
9287	9262
9219	9202
9227	9293
9375	9468
9561	9653
9739	9819
9887	9939
9976	9997
10001	9990
9974	9969
9981	10008
10041	10081
10122	10163
10199	10232
10264	10294
10323	10348
10386	10444
10514	10560
10571	10561
10538	10511
10481	10451
10421	10390
10362	10331
10305	10268
10226	10168
10116	10084
10076	10076
10069	10040
9984	9893
9775	9637
9489	9334
9184	9030
8837	8580
8317	8174
8215	8409
8679	8951
9154	9245
9225	9147
9062	9003
8968	8940
8873	8705
8342	7701
6747	5547
4294	3244
2564	2262
2210	2348
2933	4400
6813	9662
12137	13555
13902	13737
13576	13607
13852	14270
14774	15252
15629	15885
16032	16093
16087	16041
15991	15985
16032	16103
16162	16199
16219	16227
16229	16214
16190	16168
16158	16165
16188	16217
16249	16276
16300	16317
16330	16338
16349	16356
16359	16359
16358	16358
16355	16350
16345	16342
16343	16346
16353	16357
16359	16359
16359	16359
16359	16359
16359	16359
16359	16359
16359	16359
16359	16359
16359	16359
16359	16359
16359	16359
16359	16359
16359	16359
16359	16359
16359	16359
16359	16359
16359	16359
16359	16359
16359	16359
16359	16359
16359	16359
16359	16359
16359	16359
16359	16359
16359	16359
16359	16359
16359	16359
16359	16359
16359	16359
16359	16359
16359	16359
16359	16359
16359	16359
16359	16359
16359	16359
16359	16359
16359	16359
16359	16359
16359	16359
16359	16359
16359	16359
16359	16359
16359	16359
16359	16359
16359	16359
16359	16359
16359	16359
16359	16359
16359	16359
16359	16359
16359	16359
16359	16359
16359	16359
16359	16359
16359	16359
16359	16359
16359	16359
16359	16359
16359	16359
16359	16359
16359	16359
16359	16359
16359	16359
16359	16359
16359	16359
16359	16359
16359	16359
16359	16359
16359	16359
16359	16359
16359	16359
16359	16359
16359	16359
16359	16359
16359	16359
16359	16359
16359	16359
16359	16359
16359	16359
16359	16359
16359	16359
16359	16359
16359	16359
16359	16359
16359	16359
16359	16359
16359	16359
16359	16359
16359	16359
16359	16359
16359	16359
16359	16359
16359	16359
16359	16359
16359	16359
16359	16359
16359	16358
16357	16355
16355	16356
16357	16359
16359	16359
16359	16359
16359	16359
16358	16352
16330	16286
16237	16215
16221	16241
16255	16261
16260	16263
16270	16269
16251	16203
16126	16040
15967	15922
15910	15928
15974	16047
16123	16177
16188	16170
16123	16042
15912	15723
15485	15219
14966	14746
14539	14300
14014	13707
13433	13244
13165	13187
13277	13376
13428	13407
13309	13152
12944	12679
12398	12165
12028	11996
12065	12215
12373	12432
12314	12039
11744	11647
11874	12332
12548	11901
10152	7655
5188	3511
2792	2625
2620	2654
2771	3016
3364	3714
3987	4202
4506	5079
5909	6793
7543	8097
8460	8682
8835	8995
9167	9312
9378	9363
9304	9256
9225	9194
9157	9145
9170	9231
9307	9391
9481	9569
9664	9754
9838	9909
9969	10009
10035	10046
10050	10060
10079	10108
10141	10180
10223	10261
10299	10330
10365	10394
10423	10447
10480	10524
10568	10594
10592	10571
10541	10507
10468	10428
10389	10347
10311	10275
10239	10197
10154	10102
10059	10033
10026	10020
10004	9966
9900	9802
9676	9528
9367	9202
9046	8889
8701	8458
8231	8143
8245	8477
8747	8984
9144	9206
9186	9127
9072	9048
9056	9070
9042	8891
8540	7909
6960	5726
4414	3309
2593	2252
2188	2404
3200	4948
7550	10348
12555	13688
13845	13553
13251	13103
13158	13446
13932	14520
15089	15536
15817	15952
15984	15962
15933	15922
15953	16022
16108	16174
16206	16211
16196	16157
16105	16061
16043	16057
16094	16143
16193	16241
16281	16311
16328	16338
16349	16356
16359	16359
16359	16359
16357	16351
16346	16342
16342	16346
16352	16357
16359	16359
16359	16359
16359	16359
16359	16359
16359	16359
16359	16359
16359	16359
16359	16359
16359	16359
16359	16359
16359	16359
16359	16359
16359	16359
16359	16359
16359	16359
16359	16359
16359	16359
16359	16359
16359	16359
16359	16359
16359	16359
16359	16359
16359	16359
16359	16359
16359	16359
16359	16359
16359	16359
16359	16359
16359	16359
16359	16359
16359	16359
16359	16359
16359	16359
16359	16359
16359	16359
16359	16359
16359	16359
16359	16359
16359	16359
16359	16359
16359	16359
16359	16359
16359	16359
16359	16359
16359	16359
16359	16359
16359	16359
16359	16359
16359	16359
16359	16359
16359	16359
16359	16359
16359	16359
16359	16359
16359	16359
16359	16359
16359	16359
16359	16359
16359	16359
16359	16359
16359	16359
16359	16359
16359	16359
16359	16359
16359	16359
16359	16359
16359	16359
16359	16359
16359	16359
16359	16359
16359	16359
16359	16359
16359	16359
16359	16359
16359	16359
16359	16359
16359	16359
16359	16359
16359	16359
16359	16359
16359	16359
16359	16359
16359	16359
16359	16359
16359	16359
16359	16359
16359	16359
16359	16359
16359	16359
16359	16359
16359	16359
16359	16359
16359	16359
16359	16359
16359	16359
16359	16359
16358	16358
16358	16358
16359	16359
16359	16359
16359	16359
16359	16359
16358	16353
16332	16290
16243	16211
16204	16209
16211	16209
16208	16215
16230	16244
16249	16231
16189	16128
16062	16000
15955	15947
15979	16037
16093	16117
16093	16028
15920	15762
15538	15236
14872	14498
14194	14004
13902	13796
13637	13451
13287	13187
13161	13202
13275	13328
13326	13243
13095	12900
12673	12410
12157	11976
11922	12011
12236	12561
12889	13067
12985	12654
12222	11919
11918	12204
12462	12177
10938	8750
6214	4207
3122	2736
2677	2721
2789	2893
3065	3319
3595	3859
4195	4768
5597	6515
7340	7975
8393	8634
8776	8917
9083	9232
9313	9311
9250	9190
9153	9125
9103	9104
9133	9191
9264	9345
9427	9517
9609	9704
9791	9870
9939	9991
10030	10059
10084	10109
10138	10168
10202	10240
10280	10316
10354	10388
10421	10451
10481	10505
10528	10552
10569	10573
10559	10533
10501	10465
10425	10382
10339	10295
10258	10221
10188	10147
10101	10053
10014	9994
9989	9982
9959	9915
9847	9745
9618	9466
9298	9130
8971	8815
8627	8392
8181	8119
8253	8505
8781	9013
9165	9229
9227	9192
9164	9162
9190	9225
9213	9072
8722	8088
7108	5813
4433	3288
2554	2200
2159	2511
3571	5610
8363	11042
12947	13815
13859	13547
13203	12921
12759	12807
13126	13681
14352	14965
15410	15674
15799	15851
15866	15870
15888	15957
16056	16139
16175	16182
16159	16104
16026	15958
15926	15937
15981	16050
16125	16198
16261	16303
16325	16340
16349	16356
16359	16359
16359	16359
16357	16352
16347	16345
16345	16347
16353	16357
16359	16359
16359	16359
16359	16359
16359	16359
16359	16359
16359	16359
16359	16359
16359	16359
16359	16359
16359	16359
16359	16359
16359	16359
16359	16359
16359	16359
16359	16359
16359	16359
16359	16359
16359	16359
16359	16359
16359	16359
16359	16359
16359	16359
16359	16359
16359	16359
16359	16359
16359	16359
16359	16359
16359	16359
16359	16359
16359	16359
16359	16359
16359	16359
16359	16359
16359	16359
16359	16359
16359	16359
16359	16359
16359	16359
16359	16359
16359	16359
16359	16359
16359	16359
16359	16359
16359	16359
16359	16359
16359	16359
16359	16359
16359	16359
16359	16359
16359	16359
16359	16359
16359	16359
16359	16359
16359	16359
16359	16359
16359	16359
16359	16359
16359	16359
16359	16359
16359	16359
16359	16359
16359	16359
16359	16359
16359	16359
16359	16359
16359	16359
16359	16359
16359	16359
16359	16359
16359	16359
16359	16359
16359	16359
16359	16359
16359	16359
16359	16359
16359	16359
16359	16359
16359	16359
16359	16359
16359	16359
16359	16359
16359	16359
16359	16359
16359	16359
16359	16359
16359	16359
16359	16359
16359	16359
16359	16359
16359	16359
16359	16359
16359	16359
16359	16359
16359	16359
16359	16359
16359	16359
16359	16359
16359	16359
16359	16359
16359	16359
16359	16359
16359	16359
16358	16353
16338	16309
16270	16239
16223	16209
16198	16186
16182	16184
16203	16228
16249	16260
16253	16227
16178	16108
16040	15997
15991	16005
16008	15969
15869	15703
15477	15201
14884	14535
14189	13880
13661	13547
13514	13498
13460	13403
13345	13297
13260	13232
13193	13126
13015	12865
12689	12517
12360	12237
12162	12165
12273	12489
12804	13174
13495	13627
13477	13065
12530	12088
11908	12038
12299	12302
11563	9813
7410	5161
3643	2921
2740	2765
2786	2769
2788	2922
3166	3471
3871	4484
5323	6267
7156	7870
8351	8614
8744	8845
8975	9111
9202	9221
9177	9120
9078	9060
9057	9075
9113	9167
9236	9313
9392	9477
9568	9655
9739	9818
9886	9943
9991	10034
10076	10116
10150	10181
10215	10250
10287	10326
10365	10402
10436	10467
10494	10519
10531	10533
10522	10507
10484	10458
10429	10396
10359	10319
10276	10236
10201	10172
10142	10104
10062	10015
9979	9960
9956	9948
9924	9879
9808	9710
9584	9432
9261	9093
8936	8780
8592	8362
8155	8100
8238	8500
8786	9030
9195	9283
9305	9292
9277	9285
9310	9344
9336	9218
8889	8233
7174	5772
4303	3139
2441	2136
2179	2733
4094	6398
9220	11714
13288	13895
13862	13615
13362	13107
12840	12661
12692	13001
13536	14165
14748	15199
15498	15679
15777	15823
15863	15934
16022	16090
16122	16132
16123	16079
16002	15917
15857	15843
15876	15953
16051	16153
16240	16296
16325	16341
16351	16357
16359	16359
16357	16357
16355	16352
16348	16346
16346	16350
16354	16358
16359	16359
16359	16359
16359	16359
16359	16359
16359	16359
16359	16359
16359	16359
16359	16359
16359	16359
16359	16359
16359	16359
16359	16359
16359	16359
16359	16359
16359	16359
16359	16359
16359	16359
16359	16359
16359	16359
16359	16359
16359	16359
16359	16359
16359	16359
16359	16359
16359	16359
16359	16359
16359	16359
16359	16359
16359	16359
16359	16359
16359	16359
16359	16359
16359	16359
16359	16359
16359	16359
16359	16359
16359	16359
16359	16359
16359	16359
16359	16359
16359	16359
16359	16359
16359	16359
16359	16359
16359	16359
16359	16359
16359	16359
16359	16359
16359	16359
16359	16359
16359	16359
16359	16359
16359	16359
16359	16359
16359	16359
16359	16359
16359	16359
16359	16359
16359	16359
16359	16359
16359	16359
16359	16359
16359	16359
16359	16359
16359	16359
16359	16359
16359	16359
16359	16359
16359	16359
16359	16359
16359	16359
16359	16359
16359	16359
16359	16359
16359	16359
16359	16359
16359	16359
16359	16359
16359	16359
16359	16359
16359	16359
16359	16359
16359	16359
16359	16359
16359	16359
16359	16359
16359	16359
16359	16359
16359	16359
16359	16359
16359	16359
16359	16359
16359	16359
16359	16359
16359	16359
16359	16359
16359	16359
16359	16359
16359	16359
16359	16359
16359	16359
16359	16358
16356	16351
16343	16325
16302	16282
16265	16245
16223	16201
16188	16188
16201	16224
16247	16271
16281	16272
16237	16174
16098	16028
15971	15913
15824	15672
15445	15149
14801	14439
14102	13830
13645	13543
13491	13453
13417	13400
13406	13408
13388	13326
13219	13079
12914	12741
12566	12410
12289	12218
12221	12321
12504	12729
12973	13240
13529	13791
13953	13923
13644	13154
12577	12087
11835	11880
12136	12340
12028	10795
8721	6383
4439	3282
2851	2754
2693	2608
2551	2598
2779	3096
3571	4230
5068	6018
6957	7752
8309	8607
8726	8791
8878	8993
9093	9136
9114	9062
9018	9004
9022	9058
9100	9153
9216	9285
9361	9439
9521	9601
9680	9753
9818	9873
9922	9973
10028	10078
10117	10149
10179	10213
10250	10292
10333	10371
10406	10439
10466	10484
10486	10465
10435	10404
10378	10356
10332	10304
10274	10239
10202	10170
10142	10117
10097	10066
10027	9983
9946	9929
9923	9915
9892	9846
9775	9678
9552	9400
9233	9065
8906	8752
8567	8341
8140	8088
8218	8477
8765	9020
9203	9315
9356	9358
9345	9337
9343	9354
9348	9260
8953	8269
7110	5572
4008	2858
2262	2080
2295	3130
4827	7344
10124	12349
13563	13898
13779	13605
13528	13453
13276	13009
12764	12690
12876	13312
13903	14504
15012	15367
15590	15735
15845	15938
16008	16044
16062	16083
16102	16094
16039	15954
15867	15818
15824	15892
16004	16123
16223	16289
16323	16340
16351	16356
16359	16357
16354	16352
16351	16349
16348	16346
16347	16351
16354	16358
16359	16359
16359	16359
16359	16359
16359	16359
16359	16359
16359	16359
16359	16359
16359	16359
16359	16359
16359	16359
16359	16359
16359	16359
16359	16359
16359	16359
16359	16359
16359	16359
16359	16359
16359	16359
16359	16359
16359	16359
16359	16359
16359	16359
16359	16359
16359	16359
16359	16359
16359	16359
16359	16359
16359	16359
16359	16359
16359	16359
16359	16359
16359	16359
16359	16359
16359	16359
16359	16359
16359	16359
16359	16359
16359	16359
16359	16359
16359	16359
16359	16359
16359	16359
16359	16359
16359	16359
16359	16359
16359	16359
16359	16359
16359	16359
16359	16359
16359	16359
16359	16359
16359	16359
16359	16359
16359	16359
16359	16359
16359	16359
16359	16359
16359	16359
16359	16359
16359	16359
16359	16359
16359	16359
16359	16359
16359	16359
16359	16359
16359	16359
16359	16359
16359	16359
16359	16359
16359	16359
16359	16359
16359	16359
16359	16359
16359	16359
16359	16359
16359	16359
16359	16359
16359	16359
16359	16359
16359	16359
16359	16359
16359	16359
16359	16359
16359	16359
16359	16359
16359	16359
16359	16359
16359	16359
16359	16359
16359	16359
16359	16359
16359	16359
16359	16359
16359	16359
16359	16359
16359	16359
16359	16359
16359	16359
16359	16359
16359	16359
16359	16359
16359	16357
16354	16350
16343	16333
16321	16311
16298	16282
16257	16236
16219	16213
16219	16231
16246	16261
16269	16262
16230	16167
16082	15982
15870	15719
15502	15203
14836	14442
14066	13751
13528	13415
13404	13454
13491	13458
13380	13327
13325	13329
13281	13151
12944	12694
12445	12240
12110	12075
12129	12261
12480	12789
13138	13447
13680	13857
14000	14089
14078	13910
13560	13061
12514	12057
11805	11809
12038	12326
12321	11607
10014	7778
5520	3891
3061	2717
2545	2443
2401	2406
2510	2800
3303	3983
4806	5749
6731	7606
8243	8597
8725	8761
8811	8905
9010	9076
9078	9033
8983	8970
8997	9044
9093	9141
9196	9257
9324	9394
9466	9540
9611	9680
9739	9787
9831	9882
9939	9992
10032	10063
10092	10124
10164	10207
10251	10291
10325	10357
10381	10395
10387	10356
10314	10277
10252	10236
10217	10198
10174	10148
10119	10094
10074	10058
10043	10022
9990	9950
9912	9892
9884	9878
9855	9811
9740	9643
9514	9364
9198	9034
8878	8722
8538	8318
8125	8070
8194	8438
8721	8978
9177	9304
9361	9367
9343	9311
9279	9258
9229	9133
8818	8096
6862	5229
3610	2500
2037	2045
2525	3733
5793	8445
11058	12926
13761	13824
13579	13430
13497	13647
13694	13535
13197	12825
12612	12694
13090	13682
14305	14831
15221	15512
15735	15889
15970	16001
16020	16056
16102	16125
16097	16028
15941	15874
15861	15908
16009	16122
16220	16285
16319	16335
16344	16351
16354	16355
16352	16349
16347	16347
16346	16346
16347	16351
16354	16358
16359	16359
16359	16359
16359	16359
16359	16359
16359	16359
16359	16359
16359	16359
16359	16359
16359	16359
16359	16359
16359	16359
16359	16359
16359	16359
16359	16359
16359	16359
16359	16359
16359	16359
16359	16359
16359	16359
16359	16359
16359	16359
16359	16359
16359	16359
16359	16359
16359	16359
16359	16359
16359	16359
16359	16359
16359	16359
16359	16359
16359	16359
16359	16359
16359	16359
16359	16359
16359	16359
16359	16359
16359	16359
16359	16359
16359	16359
16359	16359
16359	16359
16359	16359
16359	16359
16359	16359
16359	16359
16359	16359
16359	16359
16359	16359
16359	16359
16359	16359
16359	16359
16359	16359
16359	16359
16359	16359
16359	16359
16359	16359
16359	16359
16359	16359
16359	16359
16359	16359
16359	16359
16359	16359
16359	16359
16359	16359
16359	16359
16359	16359
16359	16359
16359	16359
16359	16359
16359	16359
16359	16359
16359	16359
16359	16359
16359	16359
16359	16359
16359	16359
16359	16359
16359	16359
16359	16359
16359	16359
16359	16359
16359	16359
16359	16359
16359	16359
16359	16359
16359	16359
16359	16359
16359	16359
16359	16359
16359	16359
16359	16359
16359	16359
16359	16359
16359	16359
16359	16359
16359	16359
16359	16359
16358	16358
16359	16359
16359	16359
16359	16359
16359	16356
16353	16347
16338	16326
16316	16307
16302	16292
16280	16264
16250	16242
16238	16236
16236	16233
16225	16202
16150	16057
15925	15766
15578	15334
15014	14623
14207	13833
13554	13393
13336	13355
13409	13452
13438	13346
13207	13114
13079	13047
12956	12775
12527	12263
12044	11927
11946	12103
12372	12707
13085	13474
13811	14014
14071	14050
14008	13963
13878	13694
13377	12945
12472	12075
11846	11825
12005	12290
12464	12195
11143	9208
6833	4785
3467	2762
2432	2334
2339	2346
2390	2612
3070	3713
4505	5447
6467	7414
8133	8557
8720	8755
8782	8857
8965	9051
9071	9031
8975	8955
8985	9034
9085	9125
9171	9225
9285	9348
9412	9474
9537	9599
9649	9691
9726	9767
9814	9860
9897	9927
9954	9988
10030	10074
10115	10154
10188	10219
10242	10255
10244	10210
10165	10128
10108	10098
10092	10081
10067	10049
10028	10012
10002	9994
9987	9975
9951	9914
9877	9851
9840	9833
9813	9770
9699	9602
9473	9321
9157	8995
8839	8684
8499	8283
8093	8035
8150	8381
8653	8913
9126	9271
9343	9352
9314	9250
9179	9109
9032	8875
8504	7739
6480	4834
3225	2176
1851	2093
2919	4553
6947	9623
11935	13366
13833	13652
13297	13128
13266	13584
13867	13936
13716	13280
12811	12537
12582	12943
13495	14086
14614	15051
15392	15643
15814	15917
15986	16045
16105	16134
16126	16085
16032	15984
15966	15994
16066	16152
16230	16284
16313	16328
16337	16347
16352	16353
16351	16347
16345	16345
16343	16343
16346	16350
16354	16358
16359	16359
16359	16359
16359	16359
16359	16359
16359	16359
16359	16359
16359	16359
16359	16359
16359	16359
16359	16359
16359	16359
16359	16359
16359	16359
16359	16359
16359	16359
16359	16359
16359	16359
16359	16359
16359	16359
16359	16359
16359	16359
16359	16359
16359	16359
16359	16359
16359	16359
16359	16359
16359	16359
16359	16359
16359	16359
16359	16359
16359	16359
16359	16359
16359	16359
16359	16359
16359	16359
16359	16359
16359	16359
16359	16359
16359	16359
16359	16359
16359	16359
16359	16359
16359	16359
16359	16359
16359	16359
16359	16359
16359	16359
16359	16359
16359	16359
16359	16359
16359	16359
16359	16359
16359	16359
16359	16359
16359	16359
16359	16359
16359	16359
16359	16359
16359	16359
16359	16359
16359	16359
16359	16359
16359	16359
16359	16359
16359	16359
16359	16359
16359	16359
16359	16359
16359	16359
16359	16359
16359	16359
16359	16359
16359	16359
16359	16359
16359	16359
16359	16359
16359	16359
16359	16359
16359	16359
16359	16359
16359	16359
16359	16359
16359	16359
16359	16359
16359	16359
16359	16359
16359	16359
16359	16359
16359	16359
16359	16359
16359	16359
16359	16359
16359	16359
16359	16359
16359	16359
16359	16359
16359	16356
16354	16354
16356	16359
16359	16359
16359	16359
16359	16355
16350	16342
16330	16309
16287	16274
16275	16279
16278	16275
16265	16253
16238	16215
16185	16150
16110	16050
15948	15773
15535	15268
14991	14701
14389	14073
13790	13576
13456	13413
13418	13427
13414	13359
13245	13068
12868	12718
12629	12562
12467	12342
12208	12105
12077	12158
12354	12647
12997	13366
13717	14013
14187	14181
14020	13811
13656	13575
13527	13422
13193	12845
12441	12095
11889	11855
11986	12230
12490	12550
12000	10505
8269	5980
4190	3061
2499	2332
2342	2364
2383	2516
2853	3404
4160	5102
6153	7159
7965	8472
8699	8761
8786	8851
8959	9055
9088	9053
8985	8956
8982	9030
9072	9108
9144	9188
9241	9293
9348	9405
9460	9513
9555	9586
9608	9631
9661	9694
9729	9756
9781	9813
9857	9903
9941	9977
10012	10042
10065	10078
10070	10043
10003	9971
9957	9956
9958	9958
9953	9943
9934	9927
9926	9928
9926	9922
9905	9875
9839	9813
9800	9790
9766	9724
9653	9554
9425	9275
9113	8950
8793	8636
8454	8237
8044	7981
8085	8307
8576	8843
9077	9250
9344	9361
9313	9223
9111	8994
8848	8603
8140	7316
6060	4479
2963	2013
1829	2338
3565	5606
8208	10748
12632	13580
13702	13362
12978	12836
13016	13409
13827	14093
14088	13798
13323	12851
12560	12559
12840	13308
13836	14317
14734	15102
15431	15693
15875	15994
16069	16099
16101	16093
16088	16081
16080	16099
16140	16196
16248	16287
16307	16321
16330	16340
16348	16351
16351	16347
16344	16341
16339	16339
16342	16349
16354	16358
16359	16359
16359	16359
16359	16359
16359	16359
16359	16359
16359	16359
16359	16359
16359	16359
16359	16359
16359	16359
16359	16359
16359	16359
16359	16359
16359	16359
16359	16359
16359	16359
16359	16359
16359	16359
16359	16359
16359	16359
16359	16359
16359	16359
16359	16359
16359	16359
16359	16359
16359	16359
16359	16359
16359	16359
16359	16359
16359	16359
16359	16359
16359	16359
16359	16359
16359	16359
16359	16359
16359	16359
16359	16359
16359	16359
16359	16359
16359	16359
16359	16359
16359	16359
16359	16359
16359	16359
16359	16359
16359	16359
16359	16359
16359	16359
16359	16359
16359	16359
16359	16359
16359	16359
16359	16359
16359	16359
16359	16359
16359	16359
16359	16359
16359	16359
16359	16359
16359	16359
16359	16359
16359	16359
16359	16359
16359	16359
16359	16359
16359	16359
16359	16359
16359	16359
16359	16359
16359	16359
16359	16359
16359	16359
16359	16359
16359	16359
16359	16359
16359	16359
16359	16359
16359	16359
16359	16359
16359	16359
16359	16359
16359	16359
16359	16359
16359	16359
16359	16359
16359	16359
16359	16359
16359	16359
16359	16359
16359	16359
16359	16359
16359	16359
16359	16359
16359	16359
16359	16359
16359	16359
16356	16352
16348	16348
16352	16356
16359	16359
16359	16359
16357	16355
16348	16340
16320	16288
16253	16236
16239	16250
16262	16264
16253	16232
16190	16124
16038	15944
15839	15716
15529	15240
14875	14514
14214	13985
13816	13708
13655	13639
13628	13595
13522	13410
13273	13113
12921	12683
12433	12244
12144	12113
12122	12172
12269	12422
12633	12894
13178	13458
13711	13923
14087	14178
14144	13955
13658	13372
13192	13143
13161	13133
12982	12706
12369	12077
11901	11864
11953	12150
12438	12690
12542	11560
9713	7449
5332	3764
2855	2465
2372	2384
2411	2473
2660	3082
3783	4718
5778	6825
7705	8314
8633	8759
8808	8875
8977	9074
9112	9075
9003	8965
8982	9023
9060	9088
9116	9152
9194	9238
9283	9330
9380	9424
9461	9483
9493	9493
9498	9516
9543	9569
9595	9629
9669	9713
9750	9787
9817	9848
9874	9889
9885	9866
9837	9815
9808	9813
9822	9832
9836	9838
9838	9842
9849	9860
9863	9863
9852	9830
9797	9773
9759	9743
9720	9674
9604	9508
9379	9229
9067	8901
8742	8587
8404	8184
7982	7908
8000	8218
8494	8779
9041	9247
9371	9407
9359	9251
9108	8944
8731	8394
7818	6905
5636	4164
2831	2061
2088	2931
4572	6909
9516	11724
13080	13547
13387	12985
12668	12619
12854	13260
13694	14041
14216	14155
13866	13418
12959	12642
12578	12761
13103	13481
13869	14312
14799	15245
15586	15815
15949	16011
16036	16061
16100	16132
16153	16172
16200	16232
16267	16290
16306	16317
16328	16338
16347	16351
16351	16346
16342	16337
16332	16332
16338	16347
16353	16358
16359	16359
16359	16359
16359	16359
16359	16359
16359	16359
16359	16359
16359	16359
16359	16359
16359	16359
16359	16359
16359	16359
16359	16359
16359	16359
16359	16359
16359	16359
16359	16359
16359	16359
16359	16359
16359	16359
16359	16359
16359	16359
16359	16359
16359	16359
16359	16359
16359	16359
16359	16359
16359	16359
16359	16359
16359	16359
16359	16359
16359	16359
16359	16359
16359	16359
16359	16359
16359	16359
16359	16359
16359	16359
16359	16359
16359	16359
16359	16359
16359	16359
16359	16359
16359	16359
16359	16359
16359	16359
16359	16359
16359	16359
16359	16359
16359	16359
16359	16359
16359	16359
16359	16359
16359	16359
16359	16359
16359	16359
16359	16359
16359	16359
16359	16359
16359	16359
16359	16359
16359	16359
16359	16359
16359	16359
16359	16359
16359	16359
16359	16359
16359	16359
16359	16359
16359	16359
16359	16359
16359	16359
16359	16359
16359	16359
16359	16359
16359	16359
16359	16359
16359	16359
16359	16359
16359	16359
16359	16359
16359	16359
16359	16359
16359	16359
16359	16359
16359	16359
16359	16359
16359	16359
16359	16359
16359	16359
16359	16359
16359	16359
16359	16359
16359	16359
16359	16359
16359	16359
16359	16355
16351	16344
16341	16341
16344	16351
16355	16359
16359	16359
16356	16352
16347	16335
16314	16274
16237	16215
16220	16232
16242	16238
16212	16164
16076	15937
15757	15558
15354	15137
14851	14463
14031	13693
13521	13481
13517	13594
13674	13723
13703	13604
13436	13224
12999	12778
12544	12282
12037	11901
11923	12066
12284	12553
12845	13146
13435	13695
13898	14038
14108	14128
14097	14002
13818	13550
13248	12992
12843	12803
12812	12788
12675	12491
12276	12093
11968	11916
11938	12070
12330	12662
12789	12315
11034	9081
6881	4944
3574	2781
2438	2376
2414	2435
2506	2806
3428	4312
5338	6394
7345	8068
8509	8727
8822	8899
8993	9082
9118	9084
9009	8968
8979	9015
9046	9068
9089	9116
9146	9179
9216	9253
9294	9333
9364	9379
9379	9365
9351	9351
9371	9398
9424	9457
9495	9536
9574	9609
9641	9672
9698	9714
9718	9706
9684	9666
9663	9674
9693	9709
9723	9734
9745	9756
9770	9785
9795	9804
9801	9782
9752	9728
9712	9697
9673	9629
9561	9465
9339	9190
9023	8854
8696	8540
8355	8130
7922	7836
7919	8132
8416	8721
9013	9248
9401	9455
9412	9289
9114	8904
8632	8211
7515	6464
5140	3796
2757	2326
2710	3973
6000	8460
10815	12512
13312	13371
13024	12621
12401	12460
12746	13141
13535	13875
14121	14236
14165	13896
13487	13068
12772	12667
12721	12864
13101	13488
14014	14564
15045	15421
15688	15853
15948	16017
16080	16132
16165	16196
16224	16253
16274	16293
16304	16317
16329	16340
16349	16352
16351	16346
16342	16335
16329	16329
16336	16347
16353	16358
16359	16359
16359	16359
16359	16359
16359	16359
16359	16359
16359	16359
16359	16359
16359	16359
16359	16359
16359	16359
16359	16359
16359	16359
16359	16359
16359	16359
16359	16359
16359	16359
16359	16359
16359	16359
16359	16359
16359	16359
16359	16359
16359	16359
16359	16359
16359	16359
16359	16359
16359	16359
16359	16359
16359	16359
16359	16359
16359	16359
16359	16359
16359	16359
16359	16359
16359	16359
16359	16359
16359	16359
16359	16359
16359	16359
16359	16359
16359	16359
16359	16359
16359	16359
16359	16359
16359	16359
16359	16359
16359	16359
16359	16359
16359	16359
16359	16359
16359	16359
16359	16359
16359	16359
16359	16359
16359	16359
16359	16359
16359	16359
16359	16359
16359	16359
16359	16359
16359	16359
16359	16359
16359	16359
16359	16359
16359	16359
16359	16359
16359	16359
16359	16359
16359	16359
16359	16359
16359	16359
16359	16359
16359	16359
16359	16359
16359	16359
16359	16359
16359	16359
16359	16359
16359	16359
16359	16359
16359	16359
16359	16359
16359	16359
16359	16359
16359	16359
16359	16359
16359	16359
16359	16359
16359	16359
16359	16359
16359	16359
16359	16359
16359	16359
16359	16359
16359	16359
16359	16359
16358	16353
16346	16339
16333	16333
16339	16346
16353	16358
16359	16357
16355	16349
16343	16332
16312	16277
16240	16218
16215	16214
16198	16163
16103	16002
15842	15612
15324	15010
14702	14397
14057	13657
13288	13099
13130	13295
13475	13606
13657	13621
13505	13332
13123	12898
12674	12461
12250	12046
11911	11940
12164	12527
12941	13342
13679	13924
14079	14151
14155	14107
14028	13938
13813	13635
13404	13158
12937	12764
12643	12555
12483	12415
12358	12330
12329	12317
12258	12147
12042	12045
12218	12531
12804	12757
12091	10671
8670	6530
4674	3355
2635	2397
2392	2397
2413	2618
3132	3904
4845	5883
6893	7737
8322	8658
8815	8907
8988	9063
9092	9058
8992	8953
8966	9001
9029	9049
9065	9087
9109	9131
9155	9182
9214	9246
9271	9284
9276	9253
9229	9221
9237	9261
9289	9321
9359	9397
9436	9468
9502	9532
9561	9580
9587	9573
9552	9535
9536	9549
9569	9595
9617	9638
9657	9678
9696	9718
9734	9747
9749	9734
9705	9681
9665	9652
9631	9588
9522	9430
9305	9154
8984	8813
8654	8494
8311	8089
7881	7791
7864	8064
8346	8655
8958	9210
9380	9440
9387	9235
9022	8762
8424	7916
7090	5891
4515	3359
2747	2839
3741	5470
7770	10127
12019	13116
13428	13221
12815	12451
12278	12343
12607	12953
13301	13605
13855	14033
14113	14048
13845	13558
13257	13004
12821	12705
12710	12902
13285	13778
14305	14813
15255	15586
15803	15933
16017	16071
16116	16163
16209	16249
16276	16293
16305	16318
16331	16344
16351	16353
16351	16345
16340	16333
16327	16327
16334	16345
16352	16358
16359	16359
16359	16359
16359	16359
16359	16359
16359	16359
16359	16359
16359	16359
16359	16359
16359	16359
16359	16359
16359	16359
16359	16359
16359	16359
16359	16359
16359	16359
16359	16359
16359	16359
16359	16359
16359	16359
16359	16359
16359	16359
16359	16359
16359	16359
16359	16359
16359	16359
16359	16359
16359	16359
16359	16359
16359	16359
16359	16359
16359	16359
16359	16359
16359	16359
16359	16359
16359	16359
16359	16359
16359	16359
16359	16359
16359	16359
16359	16359
16359	16359
16359	16359
16359	16359
16359	16359
16359	16359
16359	16359
16359	16359
16359	16359
16359	16359
16359	16359
16359	16359
16359	16359
16359	16359
16359	16359
16359	16359
16359	16359
16359	16359
16359	16359
16359	16359
16359	16359
16359	16359
16359	16359
16359	16359
16359	16359
16359	16359
16359	16359
16359	16359
16359	16359
16359	16359
16359	16359
16359	16359
16359	16359
16359	16359
16359	16359
16359	16359
16359	16359
16359	16359
16359	16359
16359	16359
16359	16359
16359	16359
16359	16359
16359	16359
16359	16359
16359	16359
16359	16359
16359	16359
16359	16359
16359	16359
16359	16359
16359	16359
16359	16359
16359	16359
16359	16359
16359	16359
16356	16349
16341	16332
16329	16328
16333	16341
16350	16356
16359	16357
16352	16347
16339	16328
16312	16284
16250	16221
16193	16150
16080	15981
15847	15671
15437	15133
14777	14401
14046	13722
13422	13147
12951	12923
13057	13261
13428	13504
13468	13341
13151	12939
12733	12550
12395	12273
12191	12167
12243	12461
12818	13255
13693	14044
14265	14338
14283	14143
13963	13787
13637	13517
13393	13224
13022	12842
12709	12604
12490	12360
12237	12182
12254	12460
12720	12891
12870	12646
12347	12154
12168	12371
12671	12901
12769	11966
10407	8310
6117	4293
3112	2558
2406	2378
2387	2533
2908	3517
4335	5325
6384	7348
8082	8544
8778	8890
8959	9012
9030	9000
8945	8922
8944	8983
9012	9028
9044	9059
9075	9091
9102	9119
9142	9167
9184	9193
9186	9165
9142	9134
9145	9171
9201	9235
9270	9308
9346	9384
9418	9450
9479	9497
9498	9477
9445	9422
9420	9437
9462	9490
9521	9547
9576	9601
9630	9657
9681	9699
9702	9688
9662	9636
9621	9610
9589	9548
9486	9393
9271	9120
8950	8779
8616	8454
8276	8069
7877	7790
7848	8026
8282	8568
8854	9093
9250	9290
9205	9005
8733	8403
7982	7355
6398	5109
3805	2985
2947	3698
5185	7289
9637	11666
12983	13531
13514	13237
12912	12620
12411	12351
12448	12664
12934	13208
13446	13631
13762	13840
13865	13827
13713	13522
13271	13009
12810	12742
12852	13127
13553	14086
14650	15145
15513	15739
15867	15941
16009	16087
16164	16228
16266	16290
16305	16320
16334	16347
16352	16352
16349	16343
16337	16331
16325	16325
16333	16342
16351	16357
16359	16359
16359	16359
16359	16359
16359	16359
16359	16359
16359	16359
16359	16359
16359	16359
16359	16359
16359	16359
16359	16359
16359	16359
16359	16359
16359	16359
16359	16359
16359	16359
16359	16359
16359	16359
16359	16359
16359	16359
16359	16359
16359	16359
16359	16359
16359	16359
16359	16359
16359	16359
16359	16359
16359	16359
16359	16359
16359	16359
16359	16359
16359	16359
16359	16359
16359	16359
16359	16359
16359	16359
16359	16359
16359	16359
16359	16359
16359	16359
16359	16359
16359	16359
16359	16359
16359	16359
16359	16359
16359	16359
16359	16359
16359	16359
16359	16359
16359	16359
16359	16359
16359	16359
16359	16359
16359	16359
16359	16359
16359	16359
16359	16359
16359	16359
16359	16359
16359	16359
16359	16359
16359	16359
16359	16359
16359	16359
16359	16359
16359	16359
16359	16359
16359	16359
16359	16359
16359	16359
16359	16359
16359	16359
16359	16359
16359	16359
16359	16359
16359	16359
16359	16359
16359	16359
16359	16359
16359	16359
16359	16359
16358	16358
16359	16359
16359	16359
16359	16359
16359	16359
16359	16359
16359	16359
16359	16359
16359	16359
16359	16359
16359	16359
16359	16359
16358	16357
16357	16355
16352	16344
16334	16327
16323	16324
16328	16336
16345	16353
16355	16355
16349	16343
16334	16324
16309	16284
16243	16184
16097	15969
15800	15597
15368	15116
14830	14518
14180	13855
13559	13316
13138	13041
13015	13051
13116	13175
13207	13187
13110	12977
12814	12641
12494	12392
12347	12366
12463	12659
12939	13259
13591	13908
14171	14334
14360	14257
14054	13801
13546	13335
13182	13083
12991	12871
12724	12597
12516	12456
12381	12290
12232	12294
12543	12966
13426	13715
13689	13345
12851	12437
12236	12257
12471	12806
13033	12794
11804	10026
7774	5600
3941	2954
2524	2403
2410	2510
2739	3165
3841	4770
5858	6930
7810	8401
8714	8848
8902	8933
8942	8916
8877	8875
8915	8964
8995	9011
9020	9034
9045	9054
9062	9069
9083	9095
9109	9113
9113	9101
9092	9092
9109	9133
9165	9196
9228	9268
9306	9344
9380	9412
9438	9453
9444	9407
9355	9323
9317	9336
9364	9399
9434	9467
9498	9535
9571	9607
9635	9657
9661	9649
9626	9606
9593	9578
9557	9518
9452	9361
9239	9090
8924	8750
8585	8426
8259	8076
7915	7837
7876	8016
8220	8455
8690	8883
8991	8978
8827	8557
8203	7788
7256	6496
5445	4220
3212	2920
3559	4989
6967	9211
11312	12819
13557	13693
13548	13381
13260	13102
12872	12637
12491	12479
12587	12767
12953	13112
13247	13404
13595	13782
13902	13897
13759	13525
13250	12999
12836	12825
13019	13418
13962	14524
15009	15360
15589	15741
15866	15983
16096	16183
16243	16279
16304	16321
16334	16343
16346	16345
16340	16334
16328	16324
16317	16317
16325	16336
16345	16351
16356	16357
16358	16358
16358	16358
16358	16358
16358	16358
16358	16358
16358	16359
16359	16359
16359	16359
16359	16359
16358	16358
16358	16358
16358	16358
16358	16358
16358	16358
16359	16359
16359	16359
16359	16359
16359	16359
16359	16359
16359	16359
16359	16359
16359	16359
16359	16359
16359	16359
16359	16359
16359	16359
16359	16359
16359	16359
16359	16359
16359	16359
16359	16359
16359	16359
16359	16359
16359	16359
16359	16359
16359	16359
16359	16359
16359	16359
16359	16359
16359	16359
16359	16359
16359	16359
16359	16359
16359	16359
16359	16359
16359	16359
16359	16359
16359	16359
16359	16359
16359	16359
16359	16359
16359	16359
16359	16359
16359	16359
16359	16359
16359	16359
16359	16359
16359	16359
16359	16359
16359	16359
16359	16359
16359	16359
16359	16359
16359	16359
16359	16359
16359	16359
16359	16359
16359	16359
16359	16359
16359	16359
16359	16359
16359	16359
16359	16359
16359	16359
16359	16359
16359	16359
16359	16359
16359	16359
16359	16359
16358	16355
16354	16354
16355	16358
16359	16359
16359	16359
16357	16357
16356	16356
16356	16354
16353	16353
16354	16357
16358	16359
16359	16359
16357	16355
16351	16349
16344	16341
16336	16329
16319	16313
16310	16312
16315	16323
16331	16339
16346	16346
16342	16335
16325	16312
16291	16253
16181	16058
15868	15615
15312	14991
14676	14381
14110	13863
13645	13464
13322	13223
13170	13160
13163	13133
13061	12957
12857	12774
12708	12654
12609	12578
12571	12609
12691	12825
13026	13313
13631	13909
14101	14215
14260	14223
14091	13884
13630	13367
13132	12951
12830	12761
12701	12622
12519	12429
12380	12384
12420	12491
12614	12841
13215	13714
14204	14493
14435	14037
13444	12861
12440	12239
12289	12580
12957	13115
12682	11425
9445	7176
5118	3637
2816	2501
2458	2502
2606	2871
3409	4263
5356	6500
7502	8213
8610	8777
8825	8834
8833	8812
8795	8816
8878	8938
8972	8985
8995	9006
9020	9029
9036	9040
9047	9052
9054	9055
9056	9057
9066	9081
9104	9132
9162	9192
9221	9255
9289	9324
9353	9382
9404	9414
9394	9343
9276	9233
9225	9247
9281	9327
9368	9408
9443	9480
9516	9556
9590	9618
9633	9630
9617	9603
9593	9576
9547	9500
9427	9329
9207	9063
8905	8737
8574	8418
8265	8106
7971	7903
7925	8016
8158	8317
8476	8595
8629	8532
8284	7911
7458	6949
6315	5456
4419	3470
3014	3419
4739	6706
8914	10978
12546	13417
13651	13549
13430	13472
13625	13693
13562	13288
12972	12714
12558	12502
12524	12596
12726	12932
13212	13517
13776	13927
13958	13880
13714	13461
13173	12944
12874	13014
13358	13825
14328	14786
15162	15453
15675	15850
15995	16111
16199	16259
16295	16316
16326	16329
16330	16325
16321	16314
16306	16299
16292	16293
16300	16314
16325	16335
16341	16345
16345	16344
16345	16346
16348	16349
16350	16350
16350	16350
16351	16352
16353	16354
16355	16356
16355	16353
16351	16349
16347	16347
16347	16347
16347	16347
16349	16352
16355	16358
16359	16359
16359	16359
16359	16359
16359	16359
16359	16359
16359	16359
16359	16359
16359	16359
16359	16359
16359	16359
16359	16359
16359	16359
16359	16359
16359	16359
16359	16359
16359	16359
16359	16359
16359	16359
16359	16359
16359	16359
16359	16359
16359	16359
16359	16359
16359	16359
16359	16359
16359	16359
16359	16359
16359	16359
16359	16359
16359	16359
16359	16359
16359	16359
16359	16359
16359	16359
16359	16359
16359	16359
16359	16359
16359	16359
16359	16359
16359	16359
16359	16359
16359	16359
16359	16359
16359	16359
16359	16359
16359	16359
16359	16359
16359	16359
16359	16359
16359	16359
16359	16359
16359	16359
16359	16359
16359	16359
16359	16359
16359	16359
16359	16359
16359	16359
16359	16359
16359	16359
16359	16359
16359	16359
16359	16359
16359	16359
16354	16349
16345	16346
16350	16356
16359	16359
16357	16354
16352	16350
16349	16347
16345	16341
16339	16339
16343	16349
16355	16357
16359	16356
16353	16348
16339	16329
16319	16312
16303	16297
16289	16285
16284	16284
16285	16291
16299	16309
16320	16325
16324	16315
16299	16271
16225	16137
15994	15767
15459	15077
14668	14277
13945	13683
13491	13363
13288	13254
13256	13268
13261	13208
13101	12957
12799	12649
12531	12469
12472	12540
12657	12808
12980	13156
13327	13490
13654	13835
14003	14113
14142	14103
14011	13866
13675	13453
13224	13012
12840	12711
12634	12590
12563	12529
12483	12438
12437	12527
12717	12977
13284	13626
14013	14428
14794	14985
14907	14546
13976	13334
12759	12359
12218	12362
12706	13031
13016	12351
10913	8865
6617	4679
3373	2726
2524	2490
2508	2663
3079	3827
4854	6010
7091	7922
8434	8675
8741	8739
8724	8715
8725	8773
8845	8907
8938	8947
8955	8972
8994	9016
9035	9046
9049	9047
9038	9026
9019	9022
9040	9068
9105	9140
9172	9200
9221	9238
9255	9269
9283	9297
9309	9312
9292	9242
9177	9134
9129	9162
9215	9283
9346	9397
9430	9452
9472	9503
9543	9587
9629	9651
9657	9655
9648	9627
9583	9513
9419	9305
9179	9046
8905	8756
8604	8454
8302	8144
8009	7944
7955	8009
8080	8152
8223	8257
8198	7984
7602	7088
6522	5930
5250	4408
3567	3119
3415	4585
6469	8693
10789	12363
13233	13477
13338	13134
13116	13364
13762	14089
14196	14072
13776	13383
12975	12621
12385	12296
12361	12555
12829	13126
13397	13611
13774	13889
13929	13841
13624	13347
13109	12991
13047	13277
13650	14103
14566	14979
15311	15573
15785	15962
16109	16208
16264	16288
16295	16296
16293	16286
16280	16272
16263	16253
16245	16243
16249	16267
16285	16301
16310	16310
16304	16303
16308	16316
16325	16331
16334	16335
16334	16333
16333	16336
16340	16344
16345	16347
16345	16342
16338	16336
16334	16334
16334	16334
16334	16334
16337	16342
16349	16354
16359	16359
16359	16359
16359	16359
16359	16359
16359	16359
16359	16359
16359	16359
16359	16359
16359	16359
16359	16359
16359	16359
16359	16359
16359	16359
16359	16359
16359	16359
16359	16359
16359	16359
16359	16359
16359	16359
16359	16359
16359	16359
16359	16359
16359	16359
16359	16359
16359	16359
16359	16359
16359	16359
16359	16359
16359	16359
16359	16359
16359	16359
16359	16359
16359	16359
16359	16359
16359	16359
16359	16359
16359	16359
16359	16359
16359	16359
16359	16359
16359	16359
16359	16359
16359	16359
16359	16359
16359	16359
16359	16359
16359	16359
16359	16359
16359	16359
16359	16359
16359	16359
16359	16359
16359	16359
16359	16359
16359	16359
16359	16359
16359	16359
16359	16359
16359	16359
16359	16359
16359	16359
16359	16359
16359	16359
16358	16354
16348	16339
16333	16335
16342	16351
16355	16353
16351	16347
16343	16340
16337	16334
16327	16321
16314	16314
16321	16333
16344	16350
16352	16349
16342	16331
16318	16300
16278	16259
16244	16242
16243	16245
16243	16238
16232	16232
16239	16253
16273	16283
16277	16256
16216	16150
16045	15870
15615	15281
14885	14449
14029	13683
13438	13291
13214	13182
13173	13174
13175	13165
13110	12971
12775	12592
12468	12405
12394	12447
12573	12772
13020	13289
13545	13759
13913	14002
14032	14013
13957	13881
13796	13691
13565	13413
13247	13077
12914	12777
12675	12606
12570	12559
12580	12634
12699	12752
12821	12974
13234	13575
13942	14287
14595	14864
15070	15159
15082	14814
14360	13765
13137	12623
12328	12287
12462	12741
12935	12785
12016	10477
8357	6131
4304	3166
2657	2488
2453	2551
2857	3445
4316	5386
6489	7448
8132	8513
8651	8657
8636	8647
8696	8765
8824	8863
8876	8883
8896	8927
8975	9026
9073	9101
9109	9093
9060	9023
8990	8979
8994	9032
9080	9128
9164	9186
9192	9185
9170	9152
9133	9120
9111	9102
9086	9057
9024	9006
9018	9071
9162	9272
9376	9445
9465	9451
9436	9443
9489	9568
9654	9715
9750	9765
9766	9740
9676	9571
9437	9293
9153	9033
8923	8811
8684	8540
8369	8173
8000	7918
7924	7955
7967	7956
7932	7868
7694	7337
6785	6107
5422	4791
4179	3549
3135	3368
4469	6311
8525	10663
12312	13223
13421	13179
12825	12623
12704	13069
13594	14101
14448	14574
14468	14152
13687	13174
12717	12414
12292	12334
12479	12680
12899	13126
13360	13606
13816	13929
13901	13758
13539	13311
13145	13106
13221	13489
13860	14268
14664	15030
15363	15667
15917	16094
16185	16224
16236	16238
16237	16229
16220	16210
16200	16185
16167	16154
16160	16183
16219	16251
16264	16254
16239	16231
16243	16267
16291	16308
16315	16314
16310	16302
16299	16304
16315	16324
16330	16332
16332	16329
16326	16322
16321	16320
16319	16318
16318	16318
16320	16329
16338	16348
16354	16359
16359	16359
16359	16359
16359	16359
16359	16359
16359	16359
16359	16359
16359	16359
16359	16359
16359	16359
16359	16359
16359	16359
16359	16359
16359	16359
16359	16359
16359	16359
16359	16359
16359	16359
16359	16359
16359	16359
16359	16359
16359	16359
16359	16359
16359	16359
16359	16359
16359	16359
16359	16359
16359	16359
16359	16359
16359	16359
16359	16359
16359	16359
16359	16359
16359	16359
16359	16359
16359	16359
16359	16359
16359	16359
16359	16359
16359	16359
16359	16359
16359	16359
16359	16359
16359	16359
16359	16359
16359	16359
16359	16359
16359	16359
16359	16359
16359	16359
16359	16359
16359	16359
16359	16359
16359	16359
16359	16359
16359	16359
16359	16359
16359	16359
16359	16359
16359	16359
16359	16359
16359	16359
16359	16359
16354	16347
16337	16327
16321	16324
16335	16343
16347	16346
16343	16338
16333	16327
16323	16318
16310	16296
16283	16282
16294	16313
16330	16338
16339	16334
16322	16305
16283	16253
16217	16184
16168	16173
16189	16202
16203	16193
16180	16172
16174	16190
16205	16205
16172	16111
16013	15877
15678	15396
15040	14657
14269	13907
13594	13373
13262	13231
13233	13227
13182	13090
12969	12828
12679	12512
12360	12281
12302	12403
12566	12774
13017	13288
13563	13811
14000	14117
14156	14126
14022	13848
13638	13454
13317	13209
13097	12988
12881	12784
12707	12653
12632	12633
12658	12701
12796	12960
13160	13324
13451	13601
13821	14091
14370	14619
14820	14971
15072	15107
15059	14899
14587	14106
13524	12975
12569	12352
12320	12450
12675	12856
12689	11808
10123	7903
5682	3984
2997	2553
2425	2476
2679	3079
3724	4622
5687	6761
7656	8239
8503	8564
8566	8614
8710	8789
8814	8809
8806	8815
8841	8897
8976	9062
9135	9178
9183	9151
9092	9022
8959	8927
8932	8969
9025	9083
9128	9149
9142	9110
9059	9001
8942	8895
8855	8832
8820	8824
8835	8855
8893	8977
9112	9277
9428	9515
9523	9468
9404	9384
9438	9554
9688	9789
9840	9866
9872	9844
9765	9629
9453	9272
9113	9002
8925	8860
8772	8646
8458	8213
7983	7861
7849	7863
7828	7739
7598	7392
7057	6528
5815	5025
4294	3721
3329	3144
3381	4354
6109	8324
10527	12271
13283	13537
13240	12743
12346	12208
12361	12738
13246	13789
14274	14614
14757	14677
14390	13945
13430	12946
12577	12349
12267	12308
12445	12655
12912	13201
13487	13729
13890	13947
13891	13735
13519	13305
13168	13160
13295	13553
13892	14279
14703	15142
15550	15850
16017	16100
16143	16166
16172	16161
16142	16129
16123	16106
16077	16042
16031	16063
16131	16188
16208	16193
16164	16153
16172	16212
16253	16281
16291	16289
16273	16252
16238	16247
16271	16296
16307	16313
16311	16311
16306	16305
16303	16303
16303	16301
16301	16303
16307	16316
16329	16342
16352	16358
16359	16359
16359	16359
16359	16359
16359	16359
16359	16359
16359	16359
16359	16359
16359	16359
16359	16359
16359	16359
16359	16359
16359	16359
16359	16359
16359	16359
16359	16359
16359	16359
16359	16359
16359	16359
16359	16359
16359	16359
16359	16359
16359	16359
16359	16359
16359	16359
16359	16359
16359	16359
16359	16359
16359	16359
16359	16359
16359	16359
16359	16359
16359	16359
16359	16359
16359	16359
16359	16359
16359	16359
16359	16359
16359	16359
16359	16359
16359	16359
16359	16359
16359	16359
16359	16359
16359	16359
16359	16359
16359	16359
16359	16359
16359	16359
16359	16359
16359	16359
16359	16359
16359	16359
16359	16359
16359	16359
16359	16359
16359	16359
16359	16359
16359	16359
16359	16359
16359	16359
16359	16359
16359	16355
16348	16339
16327	16319
16312	16319
16329	16340
16343	16343
16337	16331
16325	16320
16314	16306
16295	16279
16263	16261
16275	16295
16310	16321
16321	16311
16293	16268
16235	16193
16146	16109
16094	16110
16145	16175
16180	16171
16157	16146
16139	16137
16119	16065
15961	15812
15617	15384
15095	14744
14371	14052
13808	13620
13464	13353
13294	13270
13254	13200
13087	12902
12667	12424
12231	12130
12146	12264
12463	12725
13021	13317
13590	13819
13991	14094
14121	14083
13998	13880
13720	13511
13281	13087
12949	12847
12756	12681
12630	12608
12615	12658
12734	12836
12947	13071
13236	13470
13730	13938
14065	14163
14280	14417
14560	14691
14799	14881
14937	14968
14963	14897
14717	14371
13878	13328
12829	12474
12292	12289
12465	12771
12971	12679
11609	9753
7466	5319
3727	2803
2423	2364
2471	2709
3135	3826
4789	5906
6969	7767
8219	8408
8493	8604
8740	8815
8800	8760
8750	8776
8831	8908
9006	9101
9176	9212
9203	9152
9075	8987
8910	8865
8859	8895
8951	9016
9066	9091
9079	9036
8968	8887
8802	8726
8665	8623
8610	8628
8667	8707
8769	8879
9053	9261
9447	9548
9549	9469
9375	9337
9397	9537
9700	9812
9855	9864
9858	9830
9755	9615
9422	9214
9034	8918
8866	8842
8806	8715
8539	8285
8025	7850
7781	7742
7657	7483
7195	6774
6206	5500
4717	3972
3372	3020
3010	3462
4475	6084
8131	10278
12102	13262
13646	13413
12867	12336
12034	12012
12212	12542
12945	13409
13903	14341
14662	14825
14803	14583
14184	13675
13143	12684
12357	12199
12202	12337
12563	12837
13128	13406
13645	13838
13949	13948
13832	13629
13403	13233
13169	13218
13362	13589
13932	14417
14963	15415
15707	15887
16007	16085
16110	16092
16058	16041
16043	16034
15993	15927
15888	15928
16035	16131
16168	16151
16122	16113
16141	16188
16239	16269
16276	16260
16224	16180
16150	16165
16215	16265
16290	16299
16302	16301
16300	16298
16297	16296
16295	16292
16290	16291
16297	16307
16322	16336
16348	16356
16359	16359
16359	16359
16359	16359
16359	16359
16359	16359
16359	16359
16359	16359
16359	16359
16359	16359
16359	16359
16359	16359
16359	16359
16359	16359
16359	16359
16359	16359
16359	16359
16359	16359
16359	16359
16359	16359
16359	16359
16359	16359
16359	16359
16359	16359
16359	16359
16359	16359
16359	16359
16359	16359
16359	16359
16359	16359
16359	16359
16359	16359
16359	16359
16359	16359
16359	16359
16359	16359
16359	16359
16359	16359
16359	16359
16359	16359
16359	16359
16359	16359
16359	16359
16359	16359
16359	16359
16359	16359
16359	16359
16359	16359
16359	16359
16359	16359
16359	16359
16359	16359
16359	16359
16359	16359
16359	16359
16359	16359
16359	16359
16359	16359
16359	16359
16359	16359
16359	16359
16359	16359
16358	16353
16346	16334
16322	16313
16312	16318
16329	16339
16342	16340
16333	16327
16320	16314
16309	16301
16292	16276
16262	16256
16265	16281
16293	16296
16291	16274
16251	16218
16179	16130
16084	16048
16045	16074
16127	16168
16185	16181
16171	16155
16126	16075
15980	15816
15588	15313
15018	14718
14408	14089
13809	13638
13581	13560
13518	13430
13315	13193
13079	12962
12827	12648
12431	12217
12088	12114
12299	12571
12874	13192
13506	13773
13967	14071
14086	14024
13907	13759
13609	13471
13323	13150
12964	12811
12706	12634
12579	12554
12564	12620
12717	12854
13026	13221
13416	13604
13805	14035
14262	14424
14499	14526
14545	14569
14603	14646
14691	14741
14788	14832
14865	14867
14790	14577
14191	13664
13099	12641
12372	12290
12391	12658
12965	13062
12614	11381
9418	7109
4973	3433
2599	2289
2265	2389
2655	3153
3944	4972
6070	7024
7705	8126
8390	8595
8752	8806
8764	8718
8726	8781
8858	8949
9039	9119
9166	9176
9143	9082
9005	8922
8851	8805
8795	8818
8872	8935
8989	9020
9018	8985
8925	8843
8751	8665
8590	8532
8503	8506
8537	8581
8653	8785
8982	9214
9412	9522
9525	9443
9348	9315
9376	9525
9688	9782
9794	9762
9731	9699
9639	9522
9336	9115
8907	8777
8737	8752
8768	8722
8585	8361
8103	7877
7708	7567
7385	7088
6622	5970
5181	4367
3652	3144
2900	2973
3510	4655
6351	8299
10211	11871
13071	13631
13567	13097
12529	12105
11951	12025
12233	12481
12762	13116
13546	13974
14350	14645
14835	14864
14695	14328
13824	13277
12791	12448
12278	12272
12392	12584
12806	13035
13259	13482
13677	13807
13846	13795
13687	13563
13453	13354
13265	13221
13334	13701
14258	14798
15215	15528
15778	15947
16020	16015
15977	15956
15963	15959
15911	15831
15778	15830
15967	16094
16148	16142
16122	16122
16154	16201
16245	16271
16271	16240
16180	16105
16056	16079
16159	16236
16277	16291
16298	16299
16299	16298
16297	16296
16294	16290
16287	16288
16295	16306
16322	16336
16348	16356
16359	16359
16359	16359
16359	16359
16359	16359
16359	16359
16359	16359
16359	16359
16359	16359
16359	16359
16359	16359
16359	16359
16359	16359
16359	16359
16359	16359
16359	16359
16359	16359
16359	16359
16359	16359
16359	16359
16359	16359
16359	16359
16359	16359
16359	16359
16359	16359
16359	16359
16359	16359
16359	16359
16359	16359
16359	16359
16359	16359
16359	16359
16359	16359
16359	16359
16359	16359
16359	16359
16359	16359
16359	16359
16359	16359
16359	16359
16359	16359
16359	16359
16359	16359
16359	16359
16359	16359
16359	16359
16359	16359
16359	16359
16359	16359
16359	16359
16359	16359
16359	16359
16359	16359
16359	16359
16359	16359
16359	16359
16359	16359
16359	16359
16359	16359
16359	16359
16359	16359
16359	16359
16358	16353
16346	16334
16327	16319
16319	16325
16333	16340
16343	16340
16333	16326
16320	16314
16309	16305
16296	16285
16273	16267
16267	16272
16272	16266
16248	16227
16198	16167
16127	16088
16051	16028
16033	16069
16126	16172
16195	16196
16181	16143
16068	15932
15718	15409
15032	14652
14319	14047
13829	13648
13524	13481
13506	13522
13475	13343
13152	12946
12774	12648
12567	12500
12433	12377
12388	12517
12756	13028
13277	13505
13702	13844
13916	13909
13830	13697
13535	13373
13230	13108
12977	12815
12643	12521
12477	12491
12543	12629
12748	12904
13091	13296
13516	13736
13947	14137
14313	14486
14640	14729
14749	14721
14678	14638
14611	14603
14613	14640
14681	14731
14780	14816
14815	14719
14466	14022
13463	12942
12580	12405
12402	12546
12801	13073
13100	12534
11164	9077
6707	4637
3229	2489
2226	2231
2393	2729
3284	4071
5021	6010
6922	7662
8191	8527
8689	8727
8703	8690
8727	8799
8879	8960
9029	9081
9102	9090
9046	8987
8921	8860
8803	8760
8737	8748
8788	8844
8896	8937
8953	8941
8903	8840
8757	8672
8587	8517
8461	8436
8437	8471
8548	8695
8908	9147
9348	9460
9471	9404
9327	9309
9381	9530
9683	9761
9741	9669
9599	9551
9500	9402
9227	8988
8755	8605
8573	8625
8682	8674
8561	8354
8088	7802
7517	7225
6878	6413
5785	4996
4138	3375
2880	2776
3073	3762
4923	6629
8651	10519
11953	12936
13490	13604
13339	12884
12443	12167
12096	12172
12304	12436
12606	12880
13252	13633
13973	14289
14578	14790
14854	14719
14385	13926
13428	12991
12682	12513
12460	12461
12504	12612
12787	12999
13211	13394
13547	13671
13765	13815
13795	13680
13484	13272
13177	13311
13668	14120
14569	14992
15370	15658
15832	15899
15902	15886
15879	15863
15821	15766
15747	15819
15959	16082
16138	16142
16136	16149
16187	16232
16272	16289
16281	16235
16156	16059
15999	16025
16124	16219
16271	16291
16299	16303
16304	16303
16302	16302
16300	16297
16294	16296
16303	16314
16329	16342
16352	16358
16359	16359
16359	16359
16359	16359
16359	16359
16359	16359
16359	16359
16359	16359
16359	16359
16359	16359
16359	16359
16359	16359
16359	16359
16359	16359
16359	16359
16359	16359
16359	16359
16359	16359
16359	16359
16359	16359
16359	16359
16359	16359
16359	16359
16359	16359
16359	16359
16359	16359
16359	16359
16359	16359
16359	16359
16359	16359
16359	16359
16359	16359
16359	16359
16359	16359
16359	16359
16359	16359
16359	16359
16359	16359
16359	16359
16359	16359
16359	16359
16359	16359
16359	16359
16359	16359
16359	16359
16359	16359
16359	16359
16359	16359
16359	16359
16359	16359
16359	16359
16359	16359
16359	16359
16359	16359
16359	16359
16359	16359
16359	16359
16359	16359
16359	16359
16359	16359
16359	16359
16359	16359
16359	16355
16351	16343
16336	16331
16329	16332
16338	16343
16343	16340
16335	16327
16323	16317
16313	16310
16303	16297
16286	16276
16269	16261
16248	16225
16197	16171
16146	16126
16101	16080
16062	16055
16063	16090
16130	16165
16181	16167
16118	16012
15840	15593
15259	14846
14403	14015
13743	13585
13512	13488
13471	13442
13383	13283
13142	12974
12803	12657
12560	12523
12550	12620
12713	12816
12936	13090
13256	13398
13493	13549
13577	13573
13534	13462
13364	13242
13117	12997
12898	12809
12699	12544
12386	12311
12359	12499
12699	12926
13173	13424
13665	13887
14091	14267
14419	14542
14646	14748
14833	14873
14864	14820
14760	14701
14655	14625
14613	14620
14641	14675
14716	14758
14796	14802
14702	14414
13947	13406
12928	12610
12466	12461
12593	12863
13134	13092
12401	10881
8730	6440
4509	3207
2542	2320
2357	2557
2885	3358
4016	4893
5926	6944
7761	8263
8478	8553
8597	8652
8715	8782
8846	8903
8952	8986
8999	8987
8956	8915
8875	8833
8790	8744
8704	8691
8707	8749
8797	8844
8877	8892
8884	8846
8780	8698
8609	8518
8438	8379
8353	8376
8463	8625
8848	9086
9283	9395
9414	9369
9319	9321
9403	9551
9697	9772
9747	9651
9545	9468
9404	9302
9119	8862
8603	8447
8430	8510
8587	8578
8433	8167
7820	7437
7028	6577
6051	5436
4724	3953
3229	2725
2628	3063
4016	5378
7070	8996
10867	12271
13074	13431
13526	13436
13222	12959
12726	12566
12480	12435
12398	12379
12444	12668
13009	13351
13633	13901
14193	14478
14693	14768
14669	14410
14053	13664
13320	13046
12813	12571
12364	12279
12349	12505
12684	12873
13088	13338
13594	13800
13906	13884
13759	13587
13432	13349
13391	13579
13910	14329
14771	15171
15485	15688
15787	15814
15804	15778
15756	15746
15778	15864
15981	16075
16119	16132
16140	16165
16209	16258
16291	16309
16296	16250
16167	16069
16008	16034
16128	16220
16272	16292
16303	16310
16313	16312
16313	16313
16311	16309
16307	16308
16313	16324
16336	16347
16354	16359
16359	16359
16359	16359
16359	16359
16359	16359
16359	16359
16359	16359
16359	16359
16359	16359
16359	16359
16359	16359
16359	16359
16359	16359
16359	16359
16359	16359
16359	16359
16359	16359
16359	16359
16359	16359
16359	16359
16359	16359
16359	16359
16359	16359
16359	16359
16359	16359
16359	16359
16359	16359
16359	16359
16359	16359
16359	16359
16359	16359
16359	16359
16359	16359
16359	16359
16359	16359
16359	16359
16359	16359
16359	16359
16359	16359
16359	16359
16359	16359
16359	16359
16359	16359
16359	16359
16359	16359
16359	16359
16359	16359
16359	16359
16359	16359
16359	16359
16359	16359
16359	16359
16359	16359
16359	16359
16359	16359
16359	16359
16359	16359
16359	16359
16359	16359
16359	16359
16359	16359
16359	16359
16359	16359
16356	16351
16345	16340
16339	16340
16342	16344
16344	16342
16338	16333
16327	16323
16319	16317
16313	16304
16291	16277
16259	16238
16213	16182
16154	16131
16120	16114
16115	16116
16119	16121
16120	16118
16121	16122
16107	16045
15904	15673
15361	15002
14621	14237
13891	13633
13489	13439
13445	13454
13413	13278
13053	12803
12595	12479
12462	12525
12633	12759
12884	13009
13129	13245
13348	13440
13503	13526
13503	13442
13351	13246
13130	13014
12898	12787
12685	12601
12543	12497
12459	12419
12405	12464
12616	12846
13124	13424
13725	14001
14242	14430
14577	14679
14748	14790
14816	14843
14869	14879
14866	14838
14803	14769
14738	14713
14696	14683
14680	14682
14692	14714
14765	14837
14882	14784
14474	13965
13392	12917
12618	12457
12431	12570
12855	13111
13024	12255
10708	8611
6409	4579
3358	2718
2502	2549
2716	2937
3288	3921
4865	5964
6960	7644
8013	8228
8405	8544
8634	8693
8739	8783
8828	8863
8891	8900
8897	8884
8872	8854
8819	8761
8696	8650
8642	8662
8699	8748
8798	8839
8858	8848
8796	8716
8617	8512
8409	8326
8286	8305
8408	8585
8818	9050
9236	9344
9372	9348
9323	9347
9437	9579
9721	9802
9791	9692
9558	9442
9343	9210
9007	8732
8469	8323
8326	8415
8477	8406
8152	7727
7205	6659
6120	5563
4960	4315
3654	3044
2619	2564
3045	4132
5721	7584
9479	11197
12516	13270
13509	13472
13376	13323
13322	13341
13335	13256
13102	12880
12635	12433
12372	12514
12806	13103
13339	13552
13790	14057
14313	14511
14610	14594
14467	14259
14008	13742
13430	13036
12615	12294
12138	12123
12210	12392
12658	12973
13288	13550
13732	13827
13863	13852
13780	13628
13450	13360
13438	13683
14058	14509
14956	15319
15563	15693
15747	15762
15763	15775
15815	15890
15981	16056
16096	16117
16137	16169
16216	16265
16300	16319
16311	16272
16208	16131
16083	16098
16166	16234
16275	16293
16307	16316
16320	16321
16323	16322
16321	16320
16320	16320
16324	16332
16342	16351
16357	16359
16359	16359
16359	16359
16359	16359
16359	16359
16359	16359
16359	16359
16359	16359
16359	16359
16359	16359
16359	16359
16359	16359
16359	16359
16359	16359
16359	16359
16359	16359
16359	16359
16359	16359
16359	16359
16359	16359
16359	16359
16359	16359
16359	16359
16359	16359
16359	16359
16359	16359
16359	16359
16359	16359
16359	16359
16359	16359
16359	16359
16359	16359
16359	16359
16359	16359
16359	16359
16359	16359
16359	16359
16359	16359
16359	16359
16359	16359
16359	16359
16359	16359
16359	16359
16359	16359
16359	16359
16359	16359
16359	16359
16359	16359
16359	16359
16359	16359
16359	16359
16359	16359
16359	16359
16359	16359
16359	16359
16359	16359
16359	16359
16359	16359
16359	16359
16359	16359
16359	16359
16359	16359
16359	16359
16358	16353
16348	16345
16343	16342
16342	16345
16344	16344
16342	16339
16334	16331
16329	16327
16319	16305
16286	16262
16235	16207
16178	16150
16131	16121
16128	16141
16160	16176
16193	16197
16181	16143
16089	16025
15935	15775
15509	15140
14713	14310
13983	13746
13594	13512
13473	13441
13388	13291
13125	12880
12590	12335
12194	12222
12409	12690
12982	13219
13369	13441
13457	13446
13431	13422
13406	13374
13311	13214
13090	12952
12820	12696
12589	12495
12422	12369
12344	12351
12424	12581
12810	13050
13277	13503
13750	14008
14258	14475
14646	14771
14851	14897
14910	14900
14870	14833
14799	14783
14781	14789
14803	14817
14825	14824
14815	14796
14775	14749
14723	14716
14757	14864
15003	15068
14928	14516
13922	13347
12905	12592
12381	12319
12468	12817
13145	13075
12289	10713
8617	6495
4741	3540
2894	2681
2699	2770
2900	3245
3914	4845
5829	6649
7234	7673
8026	8276
8419	8500
8564	8627
8691	8751
8804	8842
8868	8887
8903	8905
8879	8808
8715	8638
8597	8592
8614	8661
8722	8785
8829	8839
8799	8719
8604	8480
8362	8269
8232	8270
8396	8594
8826	9048
9218	9314
9344	9336
9333	9374
9467	9598
9728	9818
9820	9729
9577	9422
9276	9101
8865	8578
8324	8199
8210	8272
8260	8066
7637	7001
6257	5537
4907	4348
3817	3306
2850	2546
2576	3131
4294	5988
7973	9930
11574	12730
13356	13541
13454	13305
13255	13371
13617	13893
14073	14070
13871	13519
13108	12734
12509	12498
12663	12887
13090	13271
13452	13643
13847	14059
14265	14439
14554	14583
14524	14377
14126	13738
13248	12752
12345	12082
12001	12094
12325	12615
12902	13153
13366	13556
13725	13856
13906	13836
13657	13432
13263	13247
13431	13801
14279	14755
15153	15451
15650	15765
15812	15818
15827	15875
15957	16035
16084	16111
16135	16166
16207	16249
16285	16304
16307	16289
16255	16211
16181	16185
16215	16250
16272	16287
16298	16310
16316	16320
16322	16324
16325	16324
16323	16324
16327	16335
16343	16352
16357	16359
16359	16359
16359	16359
16359	16359
16359	16359
16359	16359
16359	16359
16359	16359
16359	16359
16359	16359
16359	16359
16359	16359
16359	16359
16359	16359
16359	16359
16359	16359
16359	16359
16359	16359
16359	16359
16359	16359
16359	16359
16359	16359
16359	16359
16359	16359
16359	16359
16359	16359
16359	16359
16359	16359
16359	16359
16359	16359
16359	16359
16359	16359
16359	16359
16359	16359
16359	16359
16359	16359
16359	16359
16359	16359
16359	16359
16359	16359
16359	16359
16359	16359
16359	16359
16359	16359
16359	16359
16359	16359
16359	16359
16359	16359
16359	16359
16359	16359
16359	16359
16359	16359
16359	16359
16359	16359
16359	16359
16359	16359
16359	16359
16359	16359
16359	16359
16359	16359
16359	16359
16359	16359
16359	16359
16357	16352
16346	16342
16339	16338
16340	16341
16344	16344
16347	16344
16342	16340
16338	16334
16323	16297
16264	16227
16198	16171
16151	16137
16137	16147
16165	16188
16212	16233
16248	16245
16213	16138
16017	15850
15629	15335
14961	14537
14125	13798
13591	13495
13463	13440
13385	13271
13090	12853
12603	12396
12273	12248
12331	12529
12811	13123
13396	13581
13652	13621
13516	13384
13265	13179
13121	13055
12961	12842
12717	12612
12548	12523
12526	12547
12571	12598
12626	12684
12826	13114
13489	13819
14045	14206
14352	14501
14640	14756
14841	14895
14924	14933
14919	14887
14829	14755
14683	14647
14658	14700
14755	14815
14866	14900
14912	14906
14885	14852
14813	14790
14814	14924
15098	15249
15235	14954
14444	13870
13340	12877
12481	12221
12201	12502
13000	13365
13209	12292
10659	8639
6619	4914
3718	3058
2798	2720
2721	2854
3211	3822
4607	5417
6162	6820
7368	7760
8010	8180
8327	8460
8579	8680
8759	8815
8857	8895
8936	8960
8945	8870
8757	8647
8576	8545
8546	8588
8655	8733
8796	8822
8789	8701
8569	8422
8288	8202
8188	8265
8424	8641
8869	9069
9209	9284
9309	9313
9330	9387
9477	9588
9699	9782
9795	9714
9555	9369
9168	8938
8660	8363
8113	7985
7961	7938
7792	7432
6823	5999
5100	4307
3707	3274
2944	2703
2604	2781
3418	4646
6399	8407
10327	11877
12896	13384
13475	13373
13254	13223
13337	13618
14018	14422
14710	14782
14616	14255
13785	13307
12917	12691
12645	12733
12892	13057
13195	13308
13417	13563
13771	14027
14299	14526
14675	14713
14618	14363
13970	13489
12999	12567
12248	12089
12090	12220
12431	12682
12946	13195
13411	13581
13697	13755
13719	13566
13334	13138
13091	13246
13588	14047
14549	15020
15403	15661
15788	15817
15824	15868
15954	16039
16095	16126
16148	16168
16192	16217
16243	16260
16274	16277
16273	16260
16247	16244
16249	16257
16265	16273
16283	16294
16303	16309
16313	16316
16317	16316
16316	16316
16319	16327
16337	16347
16355	16358
16359	16359
16359	16359
16359	16359
16359	16359
16359	16359
16359	16359
16359	16359
16359	16359
16359	16359
16359	16359
16359	16359
16359	16359
16359	16359
16359	16359
16359	16359
16359	16359
16359	16359
16359	16359
16359	16359
16359	16359
16359	16359
16359	16359
16359	16359
16359	16359
16359	16359
16359	16359
16359	16359
16359	16359
16359	16359
16359	16359
16359	16359
16359	16359
16359	16359
16359	16359
16359	16359
16359	16359
16359	16359
16359	16359
16359	16359
16359	16359
16359	16359
16359	16359
16359	16359
16359	16359
16359	16359
16359	16359
16359	16359
16359	16359
16359	16359
16359	16359
16359	16359
16359	16359
16359	16359
16359	16359
16359	16359
16359	16359
16359	16359
16359	16359
16359	16359
16359	16359
16359	16359
16359	16359
16356	16350
16343	16337
16334	16334
16334	16338
16342	16346
16349	16351
16352	16350
16346	16340
16321	16282
16231	16188
16161	16148
16142	16150
16166	16188
16211	16229
16242	16252
16250	16231
16174	16054
15850	15559
15195	14784
14377	14014
13741	13569
13477	13417
13345	13229
13059	12846
12598	12346
12169	12164
12344	12640
12957	13237
13454	13595
13662	13658
13592	13470
13312	13143
12992	12886
12815	12736
12636	12528
12450	12432
12495	12621
12791	12966
13124	13250
13337	13418
13560	13821
14151	14430
14592	14676
14737	14791
14838	14872
14888	14889
14880	14856
14826	14781
14719	14639
14566	14533
14553	14605
14682	14762
14838	14897
14938	14957
14961	14952
14931	14919
14941	15032
15182	15329
15373	15223
14876	14397
13853	13283
12744	12330
12169	12343
12781	13248
13446	13117
12151	10621
8738	6804
5111	3878
3137	2774
2635	2632
2756	3053
3546	4199
4951	5721
6421	6974
7383	7710
8007	8269
8481	8636
8733	8794
8837	8888
8949	8996
9001	8936
8813	8682
8582	8521
8504	8530
8597	8683
8761	8796
8764	8662
8509	8334
8185	8111
8141	8267
8468	8699
8919	9088
9192	9238
9252	9264
9299	9359
9443	9532
9619	9689
9708	9637
9474	9255
8994	8695
8360	8028
7754	7578
7456	7285
6963	6441
5706	4822
3937	3235
2804	2607
2595	2773
3205	4007
5278	7014
8994	10835
12231	13064
13384	13366
13222	13132
13183	13364
13649	14010
14417	14805
15096	15228
15158	14899
14494	14015
13527	13100
12816	12729
12798	12921
13013	13054
13075	13126
13259	13489
13795	14124
14421	14632
14722	14661
14472	14182
13814	13361
12862	12398
12074	11951
12036	12263
12549	12810
13009	13147
13262	13391
13509	13537
13444	13266
13089	13010
13105	13406
13877	14424
14944	15346
15599	15728
15801	15877
15975	16062
16119	16151
16169	16176
16180	16181
16184	16192
16203	16220
16237	16249
16254	16254
16251	16249
16250	16253
16262	16271
16279	16286
16295	16301
16304	16304
16306	16306
16312	16321
16333	16343
16353	16357
16359	16359
16359	16359
16359	16359
16359	16359
16359	16359
16359	16359
16359	16359
16359	16359
16359	16359
16359	16359
16359	16359
16359	16359
16359	16359
16359	16359
16359	16359
16359	16359
16359	16359
16359	16359
16359	16359
16359	16359
16359	16359
16359	16359
16359	16359
16359	16359
16359	16359
16359	16359
16359	16359
16359	16359
16359	16359
16359	16359
16359	16359
16359	16359
16359	16359
16359	16359
16359	16359
16359	16359
16359	16359
16359	16359
16359	16359
16359	16359
16359	16359
16359	16359
16359	16359
16359	16359
16359	16359
16359	16359
16359	16359
16359	16359
16359	16359
16359	16359
16359	16359
16359	16359
16359	16359
16359	16359
16359	16359
16359	16359
16359	16359
16359	16359
16359	16359
16359	16359
16359	16359
16359	16358
16353	16346
16335	16328
16325	16325
16328	16332
16338	16346
16352	16357
16356	16353
16348	16338
16312	16261
16203	16159
16145	16147
16158	16175
16203	16226
16241	16239
16225	16201
16167	16116
16012	15820
15518	15124
14680	14249
13891	13650
13529	13470
13411	13294
13108	12873
12635	12425
12269	12189
12236	12457
12829	13251
13613	13832
13893	13825
13683	13507
13331	13160
12997	12848
12725	12652
12623	12619
12621	12642
12702	12817
12989	13196
13416	13624
13801	13942
14044	14126
14226	14375
14555	14702
14790	14837
14870	14897
14913	14913
14893	14860
14815	14759
14700	14639
14578	14525
14488	14480
14503	14546
14605	14677
14753	14826
14886	14941
14986	15022
15045	15065
15100	15167
15260	15338
15368	15316
15142	14814
14327	13736
13136	12648
12372	12360
12578	12916
13211	13286
12960	12111
10722	8938
7022	5289
3966	3128
2700	2523
2488	2573
2809	3228
3833	4557
5309	5985
6561	7081
7569	7998
8332	8555
8682	8748
8793	8851
8930	9008
9044	9000
8887	8745
8618	8525
8480	8490
8547	8635
8717	8760
8726	8609
8425	8219
8056	8001
8076	8257
8496	8740
8947	9084
9146	9160
9159	9173
9216	9283
9355	9421
9482	9541
9565	9501
9327	9059
8719	8325
7913	7518
7180	6901
6627	6276
5789	5162
4429	3666
2992	2542
2385	2520
2954	3706
4799	6217
7901	9709
11372	12602
13267	13449
13337	13138
13024	13093
13337	13685
14063	14421
14746	15028
15251	15386
15397	15270
15009	14637
14176	13669
13223	12956
12879	12886
12889	12859
12816	12796
12842	12987
13228	13544
13885	14199
14440	14577
14608	14534
14333	13980
13492	12944
12456	12128
12014	12076
12245	12437
12598	12714
12813	12936
13100	13267
13379	13385
13280	13129
13030	13090
13354	13787
14306	14807
15217	15499
15685	15829
15952	16047
16110	16149
16171	16178
16171	16151
16130	16112
16110	16122
16149	16179
16207	16224
16232	16235
16235	16236
16241	16246
16255	16263
16273	16284
16290	16294
16293	16297
16303	16315
16327	16341
16350	16357
16359	16359
16359	16359
16359	16359
16359	16359
16359	16359
16359	16359
16359	16359
16359	16359
16359	16359
16359	16359
16359	16359
16359	16359
16359	16359
16359	16359
16359	16359
16359	16359
16359	16359
16359	16359
16359	16359
16359	16359
16359	16359
16359	16359
16359	16359
16359	16359
16359	16359
16359	16359
16359	16359
16359	16359
16359	16359
16359	16359
16359	16359
16359	16359
16359	16359
16359	16359
16359	16359
16359	16359
16359	16359
16359	16359
16359	16359
16359	16359
16359	16359
16359	16359
16359	16359
16359	16359
16359	16359
16359	16359
16359	16359
16359	16359
16359	16359
16359	16359
16359	16359
16359	16359
16359	16359
16359	16359
16359	16359
16359	16359
16359	16359
16359	16359
16359	16359
16359	16359
16359	16359
16359	16357
16350	16340
16327	16319
16316	16316
16319	16323
16331	16341
16351	16356
16354	16349
16341	16327
16299	16248
16188	16152
16149	16165
16186	16208
16231	16241
16230	16193
16132	16057
15972	15866
15692	15401
15004	14570
14156	13807
13541	13378
13299	13245
13154	13003
12798	12592
12433	12357
12390	12551
12818	13137
13460	13741
13930	13988
13904	13721
13479	13234
13013	12836
12705	12609
12569	12599
12699	12852
13037	13247
13478	13710
13918	14089
14217	14309
14380	14444
14507	14570
14626	14678
14723	14765
14804	14845
14885	14920
14938	14933
14903	14851
14780	14699
14612	14533
14482	14467
14480	14503
14523	14541
14565	14606
14660	14725
14799	14878
14961	15041
15115	15172
15225	15274
15303	15302
15285	15279
15233	15047
14673	14158
13605	13109
12741	12517
12458	12570
12814	13081
13199	12967
12219	10908
9147	7217
5436	4058
3166	2670
2437	2365
2419	2617
2993	3554
4235	4941
5626	6307
6971	7564
8033	8355
8545	8649
8722	8800
8902	9006
9072	9062
8968	8827
8679	8555
8476	8460
8505	8592
8679	8719
8676	8536
8318	8081
7904	7868
7987	8216
8489	8746
8938	9040
9062	9039
9017	9029
9077	9142
9197	9235
9272	9322
9347	9280
9073	8729
8282	7777
7267	6796
6373	5970
5538	5031
4453	3844
3269	2791
2479	2405
2624	3200
4164	5513
7150	8901
10568	11963
12937	13415
13477	13316
13128	13032
13092	13316
13665	14062
14440	14746
14972	15135
15257	15337
15368	15334
15227	15028
14714	14282
13809	13421
13170	13002
12865	12754
12667	12609
12591	12637
12768	12986
13272	13591
13905	14182
14380	14449
14375	14184
13897	13543
13151	12776
12471	12276
12200	12223
12300	12390
12465	12537
12655	12859
13123	13346
13454	13417
13279	13151
13142	13323
13693	14173
14659	15059
15353	15582
15774	15919
16018	16085
16131	16158
16159	16136
16097	16053
16023	16018
16038	16080
16127	16169
16199	16215
16222	16222
16222	16225
16232	16241
16256	16270
16281	16286
16289	16293
16301	16313
16327	16341
16350	16357
16359	16359
16359	16359
16359	16359
16359	16359
16359	16359
16359	16359
16359	16359
16359	16359
16359	16359
16359	16359
16359	16359
16359	16359
16359	16359
16359	16359
16359	16359
16359	16359
16359	16359
16359	16359
16359	16359
16359	16359
16359	16359
16359	16359
16359	16359
16359	16359
16359	16359
16359	16359
16359	16359
16359	16359
16359	16359
16359	16359
16359	16359
16359	16359
16359	16359
16359	16359
16359	16359
16359	16359
16359	16359
16359	16359
16359	16359
16359	16359
16359	16359
16359	16359
16359	16359
16359	16359
16359	16359
16359	16359
16359	16359
16359	16359
16359	16359
16359	16359
16359	16359
16359	16359
16359	16359
16359	16359
16359	16359
16359	16359
16359	16359
16359	16359
16359	16359
16359	16359
16359	16359
16359	16355
16347	16335
16321	16310
16305	16307
16311	16318
16326	16336
16346	16350
16348	16338
16328	16312
16286	16239
16187	16163
16170	16193
16214	16231
16238	16224
16176	16085
15956	15806
15643	15462
15210	14835
14391	13992
13694	13460
13248	13054
12891	12766
12683	12636
12627	12658
12718	12813
12970	13217
13502	13733
13854	13889
13863	13772
13618	13406
13159	12916
12709	12573
12516	12539
12651	12861
13147	13456
13759	14056
14336	14578
14755	14851
14873	14852
14824	14809
14823	14853
14888	14905
14907	14907
14921	14939
14959	14974
14973	14951
14910	14853
14781	14700
14617	14548
14514	14522
14561	14591
14597	14587
14578	14588
14617	14667
14735	14822
14919	15020
15113	15193
15254	15290
15283	15232
15182	15185
15201	15115
14873	14505
14077	13633
13196	12790
12490	12392
12521	12807
13105	13253
13042	12318
11041	9335
7459	5717
4318	3338
2739	2423
2304	2332
2508	2865
3383	4002
4691	5433
6200	6912
7512	7962
8277	8484
8638	8766
8900	9022
9109	9122
9054	8921
8756	8601
8489	8449
8477	8556
8641	8676
8618	8451
8202	7934
7746	7724
7881	8151
8449	8709
8887	8955
8935	8878
8833	8837
8882	8938
8973	8984
8987	9008
9008	8904
8632	8184
7611	6990
6397	5866
5382	4888
4354	3796
3268	2844
2574	2481
2604	2990
3705	4794
6241	7935
9680	11243
12439	13188
13505	13482
13282	13085
13017	13125
13379	13706
14055	14399
14706	14947
15103	15187
15221	15224
15221	15220
15219	15185
15063	14801
14424	14019
13644	13313
13034	12828
12691	12604
12541	12504
12517	12608
12779	13021
13310	13625
13901	14063
14107	14086
14048	13965
13803	13546
13212	12866
12573	12373
12276	12246
12244	12254
12318	12509
12820	13167
13444	13568
13534	13395
13248	13210
13339	13628
14000	14372
14713	15043
15358	15611
15791	15925
16030	16103
16137	16133
16094	16039
15984	15953
15956	15989
16044	16106
16158	16192
16206	16209
16210	16211
16218	16229
16246	16264
16280	16287
16291	16294
16303	16315
16329	16341
16352	16357
16359	16359
16359	16359
16359	16359
16359	16359
16359	16359
16359	16359
16359	16359
16359	16359
16359	16359
16359	16359
16359	16359
16359	16359
16359	16359
16359	16359
16359	16359
16359	16359
16359	16359
16359	16359
16359	16359
16359	16359
16359	16359
16359	16359
16359	16359
16359	16359
16359	16359
16359	16359
16359	16359
16359	16359
16359	16359
16359	16359
16359	16359
16359	16359
16359	16359
16359	16359
16359	16359
16359	16359
16359	16359
16359	16359
16359	16359
16359	16359
16359	16359
16359	16359
16359	16359
16359	16359
16359	16359
16359	16359
16359	16359
16359	16359
16359	16359
16359	16359
16359	16359
16359	16359
16359	16359
16359	16359
16359	16359
16359	16359
16359	16359
16359	16359
16359	16359
16359	16359
16359	16359
16359	16354
16347	16334
16316	16303
16297	16298
16304	16312
16320	16332
16343	16347
16341	16329
16315	16301
16277	16238
16201	16184
16195	16215
16230	16234
16221	16177
16078	15919
15706	15461
15209	14952
14647	14258
13842	13521
13312	13130
12901	12631
12395	12266
12295	12486
12781	13103
13366	13549
13674	13786
13876	13894
13820	13689
13544	13391
13229	13043
12842	12654
12519	12481
12555	12733
13021	13415
13851	14234
14518	14735
14921	15073
15178	15228
15225	15187
15143	15108
15096	15106
15132	15164
15190	15199
15188	15160
15123	15077
15026	14972
14916	14865
14815	14769
14725	14693
14677	14686
14703	14711
14697	14671
14649	14642
14651	14685
14737	14806
14886	14967
15046	15116
15172	15197
15180	15127
15081	15083
15112	15082
14956	14752
14481	14132
13686	13179
12726	12467
12450	12617
12878	13134
13250	13054
12403	11253
9685	7906
6159	4665
3549	2827
2436	2290
2317	2495
2817	3269
3845	4533
5292	6057
6761	7371
7863	8250
8543	8765
8935	9064
9149	9176
9132	9013
8837	8657
8513	8445
8457	8528
8606	8632
8556	8364
8084	7788
7586	7577
7763	8065
8377	8638
8799	8836
8775	8680
8615	8605
8645	8689
8702	8677
8630	8584
8507	8319
7952	7390
6697	5984
5344	4808
4325	3820
3292	2822
2513	2441
2603	2973
3558	4426
5621	7118
8782	10398
11755	12707
13229	13401
13353	13211
13072	13013
13103	13376
13768	14140
14431	14667
14876	15047
15159	15203
15193	15150
15115	15115
15162	15223
15244	15150
14924	14596
14213	13817
13452	13163
12959	12809
12688	12578
12497	12474
12521	12643
12839	13103
13379	13597
13739	13849
13958	14058
14101	14047
13872	13589
13243	12896
12605	12394
12257	12181
12187	12319
12578	12899
13206	13443
13570	13579
13500	13386
13308	13316
13420	13613
13901	14290
14727	15116
15417	15652
15850	16000
16093	16128
16115	16068
16004	15952
15930	15943
15987	16055
16120	16166
16188	16195
16201	16205
16214	16226
16247	16268
16284	16292
16294	16298
16304	16317
16331	16344
16352	16358
16359	16359
16359	16359
16359	16359
16359	16359
16359	16359
16359	16359
16359	16359
16359	16359
16359	16359
16359	16359
16359	16359
16359	16359
16359	16359
16359	16359
16359	16359
16359	16359
16359	16359
16359	16359
16359	16359
16359	16359
16359	16359
16359	16359
16359	16359
16359	16359
16359	16359
16359	16359
16359	16359
16359	16359
16359	16359
16359	16359
16359	16359
16359	16359
16359	16359
16359	16359
16359	16359
16359	16359
16359	16359
16359	16359
16359	16359
16359	16359
16359	16359
16359	16359
16359	16359
16359	16359
16359	16359
16359	16359
16359	16359
16359	16359
16359	16359
16359	16359
16359	16359
16359	16359
16359	16359
16359	16359
16359	16359
16359	16359
16359	16359
16359	16359
16359	16359
16359	16359
16359	16359
16359	16353
16344	16326
16308	16293
16289	16290
16297	16301
16308	16318
16332	16338
16333	16321
16305	16291
16271	16243
16216	16206
16209	16217
16215	16203
16167	16083
15929	15699
15399	15068
14737	14427
14125	13812
13498	13226
12990	12746
12484	12246
12113	12158
12403	12803
13266	13677
13959	14078
14062	13954
13803	13635
13466	13303
13146	13002
12871	12750
12646	12584
12599	12717
12936	13234
13614	14069
14523	14862
15048	15137
15191	15239
15286	15319
15337	15338
15332	15318
15311	15313
15338	15385
15434	15453
15426	15361
15278	15183
15093	15016
14956	14919
14900	14893
14892	14893
14888	14874
14852	14819
14791	14768
14751	14743
14747	14766
14794	14832
14871	14908
14943	14979
15007	15025
15021	14997
14981	14993
15018	15018
14977	14900
14773	14544
14167	13672
13160	12770
12564	12524
12620	12831
13088	13256
13159	12639
11615	10131
8354	6543
4943	3720
2924	2493
2331	2348
2491	2766
3172	3711
4363	5092
5858	6610
7309	7914
8395	8744
8970	9102
9172	9204
9183	9086
8915	8718
8552	8464
8459	8515
8581	8593
8499	8284
7975	7655
7441	7436
7641	7959
8280	8537
8677	8683
8587	8463
8372	8347
8365	8386
8368	8296
8176	8018
7807	7495
7026	6372
5605	4858
4242	3765
3364	2954
2565	2331
2388	2788
3481	4362
5406	6650
8098	9641
11092	12237
12959	13266
13277	13156
13038	12991
13029	13147
13376	13748
14187	14548
14770	14903
15011	15100
15164	15189
15182	15152
15130	15136
15185	15254
15310	15305
15215	15025
14748	14412
14060	13731
13454	13211
12997	12811
12655	12546
12491	12499
12588	12767
12996	13208
13371	13503
13638	13791
13950	14076
14121	14044
13837	13533
13199	12892
12640	12442
12318	12306
12411	12598
12840	13107
13362	13554
13633	13583
13434	13255
13116	13084
13218	13554
14024	14494
14897	15253
15571	15829
16004	16102
16132	16115
16062	16005
15961	15951
15980	16039
16100	16149
16173	16188
16197	16207
16220	16235
16257	16276
16290	16294
16296	16295
16303	16314
16332	16345
16353	16358
16359	16359
16359	16359
16359	16359
16359	16359
16359	16359
16359	16359
16359	16359
16359	16359
16359	16359
16359	16359
16359	16359
16359	16359
16359	16359
16359	16359
16359	16359
16359	16359
16359	16359
16359	16359
16359	16359
16359	16359
16359	16359
16359	16359
16359	16359
16359	16359
16359	16359
16359	16359
16359	16359
16359	16359
16359	16359
16359	16359
16359	16359
16359	16359
16359	16359
16359	16359
16359	16359
16359	16359
16359	16359
16359	16359
16359	16359
16359	16359
16359	16359
16359	16359
16359	16359
16359	16359
16359	16359
16359	16359
16359	16359
16359	16359
16359	16359
16359	16359
16359	16359
16359	16359
16359	16359
16359	16359
16359	16359
16359	16359
16359	16359
16359	16359
16359	16359
16359	16359
16359	16359
16359	16352
16338	16314
16288	16270
16270	16276
16278	16274
16271	16281
16302	16319
16321	16312
16298	16281
16264	16243
16222	16210
16201	16180
16144	16101
16029	15895
15680	15383
15028	14648
14283	13965
13709	13493
13276	13007
12693	12383
12168	12115
12262	12583
13014	13461
13835	14081
14174	14139
13982	13726
13436	13193
13026	12903
12792	12698
12635	12626
12683	12817
13027	13302
13612	13931
14261	14614
14946	15170
15258	15260
15242	15235
15248	15279
15317	15352
15379	15394
15401	15410
15431	15474
15516	15536
15514	15454
15368	15269
15174	15097
15049	15025
15026	15041
15054	15056
15041	15001
14947	14899
14867	14847
14838	14832
14833	14839
14846	14852
14849	14845
14839	14841
14849	14864
14875	14879
14886	14904
14929	14947
14950	14951
14925	14815
14576	14191
13712	13233
12833	12559
12455	12550
12813	13139
13369	13330
12866	11889
10444	8693
6881	5258
3987	3118
2618	2393
2359	2474
2706	3058
3536	4144
4876	5701
6557	7366
8054	8564
8879	9037
9109	9150
9162	9105
8969	8790
8626	8521
8493	8523
8564	8556
8449	8215
7886	7542
7312	7301
7507	7822
8128	8362
8479	8467
8352	8201
8082	8016
7984	7948
7869	7729
7515	7215
6847	6415
5885	5223
4483	3797
3277	2931
2693	2499
2402	2550
3071	3979
5168	6489
7844	9210
10540	11718
12609	13123
13280	13209
13058	12950
12942	13046
13231	13481
13799	14193
14593	14892
15050	15113
15140	15149
15157	15166
15182	15203
15229	15255
15283	15305
15316	15321
15307	15251
15133	14941
14680	14378
14052	13730
13428	13164
12946	12772
12638	12554
12547	12631
12779	12909
13000	13069
13161	13300
13492	13712
13919	14052
14075	13975
13778	13528
13260	12985
12726	12527
12423	12412
12510	12713
12992	13277
13492	13572
13510	13336
13120	12947
12914	13093
13451	13876
14303	14738
15171	15552
15837	16020
16112	16139
16115	16061
16005	15982
15998	16040
16088	16126
16154	16176
16195	16216
16230	16245
16261	16273
16277	16276
16272	16275
16286	16304
16325	16343
16353	16358
16359	16359
16359	16359
16359	16359
16359	16359
16359	16359
16359	16359
16359	16359
16359	16359
16359	16359
16359	16359
16359	16359
16359	16359
16359	16359
16359	16359
16359	16359
16359	16359
16359	16359
16359	16359
16359	16359
16359	16359
16359	16359
16359	16359
16359	16359
16359	16359
16359	16359
16359	16359
16359	16359
16359	16359
16359	16359
16359	16359
16359	16359
16359	16359
16359	16359
16359	16359
16359	16359
16359	16359
16359	16359
16359	16359
16359	16359
16359	16359
16359	16359
16359	16359
16359	16359
16359	16359
16359	16359
16359	16359
16359	16359
16359	16359
16359	16359
16359	16359
16359	16359
16359	16359
16359	16359
16359	16359
16359	16359
16359	16359
16359	16359
16359	16359
16359	16359
16359	16359
16359	16359
16358	16349
16328	16291
16252	16231
16239	16255
16252	16229
16206	16213
16251	16291
16309	16306
16290	16273
16254	16233
16213	16190
16158	16091
15997	15889
15754	15557
15280	14945
14584	14219
13880	13594
13366	13175
12964	12698
12411	12207
12186	12396
12798	13282
13723	14024
14146	14119
14000	13837
13630	13363
13074	12845
12705	12620
12563	12553
12618	12775
13027	13349
13703	14047
14339	14570
14756	14934
15102	15208
15236	15213
15176	15156
15160	15189
15231	15274
15312	15338
15354	15368
15391	15417
15450	15478
15488	15473
15422	15348
15268	15200
15156	15143
15145	15149
15137	15109
15062	15019
14979	14948
14918	14897
14877	14862
14852	14842
14831	14820
14805	14790
14778	14776
14783	14798
14811	14812
14809	14817
14836	14860
14888	14919
14946	14940
14852	14626
14250	13766
13251	12802
12517	12460
12618	12899
13188	13370
13308	12888
12031	10743
9138	7411
5773	4402
3399	2779
2481	2404
2469	2633
2906	3318
3905	4670
5567	6501
7357	8030
8478	8725
8852	8946
9024	9050
8991	8876
8745	8638
8573	8553
8549	8510
8382	8138
7799	7438
7190	7165
7356	7636
7896	8083
8165	8133
8004	7835
7668	7523
7388	7243
7062	6829
6514	6101
5620	5135
4637	4079
3487	2972
2629	2486
2511	2667
3007	3645
4645	5955
7435	8913
10256	11402
12305	12911
13200	13213
13073	12928
12885	12971
13160	13410
13696	14001
14325	14651
14939	15134
15231	15254
15238	15206
15178	15174
15200	15250
15301	15337
15341	15322
15292	15277
15284	15307
15308	15246
15102	14875
14583	14255
13923	13619
13353	13120
12917	12750
12647	12616
12633	12651
12647	12650
12692	12800
12974	13207
13469	13724
13922	14021
14018	13923
13767	13566
13326	13045
12759	12522
12399	12423
12592	12843
13105	13302
13391	13369
13261	13116
13014	13029
13173	13420
13750	14172
14656	15133
15537	15828
16006	16093
16110	16069
16010	15984
15999	16026
16049	16077
16114	16157
16193	16221
16238	16250
16256	16249
16235	16224
16223	16232
16252	16280
16311	16336
16350	16357
16359	16359
16359	16359
16359	16359
16359	16359
16359	16359
16359	16359
16359	16359
16359	16359
16359	16359
16359	16359
16359	16359
16359	16359
16359	16359
16359	16359
16359	16359
16359	16359
16359	16359
16359	16359
16359	16359
16359	16359
16359	16359
16359	16359
16359	16359
16359	16359
16359	16359
16359	16359
16359	16359
16359	16359
16359	16359
16359	16359
16359	16359
16359	16359
16359	16359
16359	16359
16359	16359
16359	16359
16359	16359
16359	16359
16359	16359
16359	16359
16359	16359
16359	16359
16359	16359
16359	16359
16359	16359
16359	16359
16359	16359
16359	16359
16359	16359
16359	16359
16359	16359
16359	16359
16359	16359
16359	16359
16359	16359
16359	16359
16359	16359
16359	16359
16359	16359
16359	16359
16359	16359
16358	16347
16319	16269
16217	16196
16208	16227
16214	16173
16131	16137
16196	16259
16291	16295
16281	16264
16246	16221
16187	16147
16080	15960
15790	15584
15349	15077
14774	14457
14146	13838
13548	13280
13029	12777
12530	12335
12250	12324
12576	12981
13455	13875
14139	14200
14077	13853
13616	13415
13240	13050
12854	12695
12602	12562
12578	12678
12887	13203
13594	14010
14388	14687
14877	14974
15017	15054
15098	15128
15128	15107
15081	15068
15072	15094
15127	15165
15195	15218
15233	15248
15263	15280
15307	15353
15403	15426
15412	15363
15298	15241
15208	15200
15199	15177
15124	15045
14974	14944
14951	14961
14947	14913
14876	14842
14816	14796
14781	14772
14770	14775
14785	14802
14821	14836
14830	14799
14754	14733
14746	14783
14823	14866
14917	14982
15007	14926
14683	14279
13770	13258
12856	12647
12630	12723
12866	13021
13149	13157
12921	12304
11243	9775
8063	6351
4868	3762
3058	2676
2500	2446
2493	2681
3065	3674
4474	5379
6277	7052
7638	8037
8309	8536
8738	8883
8949	8943
8883	8787
8682	8586
8506	8404
8242	7988
7650	7299
7051	7015
7173	7398
7580	7692
7716	7644
7483	7265
7014	6750
6470	6186
5887	5573
5215	4788
4325	3896
3506	3121
2757	2497
2429	2600
3008	3639
4499	5608
6939	8396
9830	11096
12093	12782
13159	13262
13159	12959
12795	12774
12939	13241
13610	13973
14305	14597
14846	15047
15190	15273
15315	15317
15296	15261
15232	15217
15232	15268
15308	15330
15322	15288
15249	15222
15229	15264
15309	15320
15269	15141
14946	14692
14409	14117
13834	13564
13311	13084
12895	12741
12620	12523
12449	12405
12402	12457
12577	12760
12992	13252
13505	13709
13841	13903
13924	13924
13864	13673
13347	12969
12646	12449
12398	12481
12653	12866
13065	13217
13299	13313
13278	13221
13188	13232
13390	13682
14091	14564
15028	15418
15711	15906
16006	16012
15971	15948
15959	15973
15982	16008
16069	16139
16194	16225
16241	16245
16237	16216
16188	16169
16169	16185
16214	16254
16294	16326
16347	16356
16359	16359
16359	16359
16359	16359
16359	16359
16359	16359
16359	16359
16359	16359
16359	16359
16359	16359
16359	16359
16359	16359
16359	16359
16359	16359
16359	16359
16359	16359
16359	16359
16359	16359
16359	16359
16359	16359
16359	16359
16359	16359
16359	16359
16359	16359
16359	16359
16359	16359
16359	16359
16359	16359
16359	16359
16359	16359
16359	16359
16359	16359
16359	16359
16359	16359
16359	16359
16359	16359
16359	16359
16359	16359
16359	16359
16359	16359
16359	16359
16359	16359
16359	16359
16359	16359
16359	16359
16359	16359
16359	16359
16359	16359
16359	16359
16359	16359
16359	16359
16359	16359
16359	16359
16359	16359
16359	16359
16359	16359
16359	16359
16359	16359
16359	16359
16359	16359
16359	16359
16359	16359
16358	16347
16319	16268
16215	16187
16192	16199
16179	16133
16097	16113
16180	16250
16283	16286
16274	16256
16240	16210
16159	16087
15976	15807
15557	15232
14878	14557
14293	14063
13831	13571
13286	12980
12667	12379
12188	12173
12365	12712
13139	13565
13914	14118
14148	14017
13777	13501
13249	13055
12921	12811
12729	12690
12713	12792
12932	13149
13446	13802
14180	14527
14809	14997
15095	15113
15091	15064
15046	15040
15033	15021
15011	15010
15015	15032
15055	15081
15105	15125
15134	15140
15148	15155
15170	15204
15252	15280
15269	15228
15179	15143
15135	15146
15154	15123
15043	14933
14849	14839
14894	14942
14947	14916
14873	14833
14804	14786
14777	14778
14795	14820
14852	14879
14901	14898
14862	14786
14704	14658
14677	14733
14804	14871
14942	15031
15110	15112
14980	14698
14290	13831
13413	13113
12925	12793
12698	12675
12775	12975
13159	13124
12677	11714
10299	8647
6991	5521
4345	3498
2921	2539
2318	2292
2497	2926
3532	4248
5001	5729
6387	6956
7443	7873
8250	8554
8776	8911
8957	8902
8769	8591
8400	8195
7969	7692
7374	7063
6851	6817
6934	7082
7177	7190
7123	6969
6727	6413
6050	5652
5248	4854
4489	4156
3852	3555
3271	3004
2764	2556
2439	2499
2815	3427
4329	5462
6754	8122
9478	10730
11791	12590
13097	13332
13342	13196
12994	12835
12810	12968
13297	13727
14171	14560
14863	15083
15227	15302
15330	15337
15336	15331
15317	15295
15275	15261
15257	15271
15283	15286
15270	15243
15209	15180
15167	15190
15236	15279
15291	15255
15164	15018
14824	14593
14339	14078
13823	13586
13361	13134
12913	12727
12587	12482
12404	12367
12387	12469
12610	12804
13027	13247
13440	13601
13753	13922
14054	14057
13889	13596
13248	12907
12624	12441
12386	12458
12629	12858
13087	13265
13360	13366
13319	13281
13300	13401
13600	13914
14313	14741
15151	15509
15768	15893
15912	15903
15904	15904
15910	15958
16043	16134
16199	16230
16238	16233
16220	16192
16161	16142
16142	16160
16191	16234
16282	16320
16344	16355
16359	16359
16359	16359
16359	16359
16359	16359
16359	16359
16359	16359
16359	16359
16359	16359
16359	16359
16359	16359
16359	16359
16359	16359
16359	16359
16359	16359
16359	16359
16359	16359
16359	16359
16359	16359
16359	16359
16359	16359
16359	16359
16359	16359
16359	16359
16359	16359
16359	16359
16359	16359
16359	16359
16359	16359
16359	16359
16359	16359
16359	16359
16359	16359
16359	16359
16359	16359
16359	16359
16359	16359
16359	16359
16359	16359
16359	16359
16359	16359
16359	16359
16359	16359
16359	16359
16359	16359
16359	16359
16359	16359
16359	16359
16359	16359
16359	16359
16359	16359
16359	16359
16359	16359
16359	16359
16359	16359
16359	16359
16359	16359
16359	16359
16359	16359
16359	16359
16359	16359
16359	16359
16358	16349
16329	16288
16242	16203
16186	16174
16152	16127
16114	16146
16207	16262
16283	16277
16263	16248
16230	16191
16120	16005
15838	15598
15271	14855
14436	14121
13934	13794
13622	13377
13058	12693
12355	12153
12166	12397
12789	13242
13649	13930
14049	14017
13871	13660
13426	13185
12963	12775
12649	12611
12665	12804
13012	13266
13554	13851
14139	14402
14623	14793
14915	14998
15050	15080
15081	15062
15030	15004
14988	14982
14982	14988
14999	15013
15030	15051
15072	15087
15096	15097
15091	15073
15060	15059
15072	15076
15053	15016
14982	14974
14993	15030
15049	15026
14946	14838
14761	14773
14856	14934
14958	14939
14906	14874
14852	14837
14831	14833
14847	14870
14893	14914
14920	14905
14848	14753
14651	14597
14619	14703
14813	14922
15018	15109
15185	15205
15140	14973
14716	14400
14074	13774
13488	13172
12845	12596
12520	12666
12966	13237
13254	12842
11982	10782
9371	7855
6376	5062
3989	3149
2559	2266
2274	2512
2891	3340
3833	4385
4992	5636
6280	6895
7457	7938
8331	8636
8829	8874
8766	8538
8241	7913
7580	7257
6955	6696
6525	6479
6524	6575
6568	6482
6314	6060
5722	5312
4861	4396
3944	3538
3192	2922
2737	2639
2597	2563
2540	2593
2811	3288
4064	5137
6444	7876
9294	10568
11616	12410
12951	13250
13352	13320
13218	13099
13019	13038
13196	13493
13896	14333
14733	15048
15258	15373
15417	15411
15383	15354
15337	15327
15318	15305
15291	15277
15268	15266
15266	15257
15240	15217
15189	15153
15128	15133
15173	15229
15277	15299
15286	15230
15128	14980
14802	14600
14399	14203
13998	13759
13502	13264
13063	12878
12702	12552
12450	12409
12437	12529
12676	12855
13043	13223
13410	13623
13851	14041
14137	14107
13938	13628
13231	12822
12498	12322
12317	12455
12671	12906
13100	13244
13332	13374
13366	13323
13298	13362
13564	13911
14367	14869
15321	15623
15768	15818
15836	15850
15884	15951
16048	16138
16196	16224
16232	16228
16212	16186
16157	16139
16139	16153
16183	16226
16274	16315
16342	16354
16359	16359
16359	16359
16359	16359
16359	16359
16359	16359
16359	16359
16359	16359
16359	16359
16359	16359
16359	16359
16359	16359
16359	16359
16359	16359
16359	16359
16359	16359
16359	16359
16359	16359
16359	16359
16359	16359
16359	16359
16359	16359
16359	16359
16359	16359
16359	16359
16359	16359
16359	16359
16359	16359
16359	16359
16359	16359
16359	16359
16359	16359
16359	16359
16359	16359
16359	16359
16359	16359
16359	16359
16359	16359
16359	16359
16359	16359
16359	16359
16359	16359
16359	16359
16359	16359
16359	16359
16359	16359
16359	16359
16359	16359
16359	16359
16359	16359
16359	16359
16359	16359
16359	16359
16359	16359
16359	16359
16359	16359
16359	16359
16359	16359
16359	16359
16359	16359
16359	16359
16359	16359
16359	16353
16340	16310
16265	16213
16167	16140
16134	16143
16165	16204
16249	16275
16275	16262
16247	16234
16209	16151
16043	15872
15622	15282
14875	14450
14086	13842
13694	13566
13391	13142
12821	12478
12242	12256
12534	12955
13387	13744
13973	14037
13945	13749
13518	13298
13100	12905
12697	12510
12416	12494
12745	13089
13467	13852
14214	14515
14728	14843
14884	14877
14868	14884
14942	15015
15071	15080
15047	15010
14988	14984
14985	14993
15004	15018
15037	15057
15077	15093
15100	15097
15074	15029
14975	14943
14934	14931
14915	14891
14874	14881
14910	14949
14970	14953
14889	14802
14750	14788
14892	14989
15025	15017
14989	14959
14929	14904
14879	14860
14848	14840
14832	14829
14829	14825
14796	14719
14620	14548
14557	14646
14789	14942
15071	15162
15208	15209
15168	15098
15001	14872
14706	14485
14182	13771
13292	12840
12543	12484
12660	12954
13190	13189
12882	12275
11387	10214
8823	7341
5895	4575
3505	2796
2467	2431
2565	2780
3047	3390
3829	4360
4966	5628
6297	6922
7486	7977
8361	8574
8575	8374
8020	7584
7134	6732
6405	6165
5999	5896
5821	5750
5646	5482
5247	4934
4558	4136
3701	3280
2910	2605
2377	2226
2168	2211
2355	2581
2913	3423
4163	5156
6354	7683
9041	10329
11435	12283
12849	13175
13307	13290
13195	13107
13082	13133
13269	13490
13797	14167
14564	14926
15216	15400
15489	15501
15471	15422
15379	15345
15328	15317
15308	15294
15283	15273
15266	15262
15253	15241
15224	15204
15179	15146
15117	15115
15149	15202
15260	15309
15337	15338
15307	15243
15147	15035
14915	14786
14630	14413
14155	13902
13673	13447
13215	12992
12801	12659
12579	12562
12603	12694
12806	12928
13066	13240
13472	13746
14024	14237
14313	14200
13899	13471
13008	12609
12345	12244
12287	12422
12612	12841
13070	13248
13335	13316
13215	13102
13068	13203
13550	14064
14629	15095
15409	15600
15730	15824
15906	15987
16069	16132
16173	16199
16218	16224
16209	16178
16142	16122
16122	16140
16174	16219
16269	16311
16340	16353
16358	16359
16359	16359
16359	16359
16359	16359
16359	16359
16359	16359
16359	16359
16359	16359
16359	16359
16359	16359
16359	16359
16359	16359
16359	16359
16359	16359
16359	16359
16359	16359
16359	16359
16359	16359
16359	16359
16359	16359
16359	16359
16359	16359
16359	16359
16359	16359
16359	16359
16359	16359
16359	16359
16359	16359
16359	16359
16359	16359
16359	16359
16359	16359
16359	16359
16359	16359
16359	16359
16359	16359
16359	16359
16359	16359
16359	16359
16359	16359
16359	16359
16359	16359
16359	16359
16359	16359
16359	16359
16359	16359
16359	16359
16359	16359
16359	16359
16359	16359
16359	16359
16359	16359
16359	16359
16359	16359
16359	16359
16359	16359
16359	16359
16359	16359
16359	16359
16359	16359
16359	16359
16359	16355
16343	16317
16267	16198
16132	16107
16128	16173
16219	16257
16278	16274
16252	16233
16221	16205
16157	16055
15878	15624
15273	14843
14401	14063
13846	13685
13510	13305
13076	12827
12583	12405
12405	12675
13140	13598
13912	14061
14069	13945
13718	13451
13196	12987
12817	12652
12483	12345
12352	12608
13069	13575
14022	14402
14722	14948
15054	15054
14980	14888
14826	14831
14903	15009
15096	15116
15079	15031
15007	15002
15005	15011
15021	15036
15054	15072
15092	15106
15117	15112
15080	15013
14936	14891
14891	14910
14915	14906
14890	14887
14902	14933
14955	14955
14915	14860
14837	14894
15008	15106
15141	15128
15090	15045
14995	14944
14892	14841
14796	14755
14721	14699
14706	14742
14770	14740
14651	14559
14527	14591
14737	14924
15088	15182
15199	15167
15129	15120
15147	15172
15154	15042
14791	14394
13878	13328
12856	12566
12504	12635
12854	13027
13072	12947
12614	12015
11097	9856
8364	6777
5297	4104
3290	2827
2630	2606
2687	2849
3081	3380
3780	4313
4950	5615
6269	6898
7458	7859
8018	7911
7574	7081
6542	6051
5672	5404
5205	5015
4825	4653
4498	4327
4100	3815
3482	3131
2803	2534
2344	2241
2220	2256
2355	2546
2878	3408
4185	5222
6479	7858
9221	10443
11441	12205
12733	13051
13194	13228
13186	13097
13007	13004
13119	13352
13667	14034
14418	14794
15125	15382
15544	15608
15594	15532
15458	15395
15354	15331
15316	15301
15287	15274
15264	15259
15259	15254
15246	15232
15217	15199
15184	15162
15145	15143
15165	15203
15246	15290
15325	15348
15358	15355
15335	15300
15258	15196
15086	14900
14658	14424
14224	14033
13827	13611
13402	13215
13063	12946
12871	12830
12820	12832
12875	12968
13129	13362
13650	13951
14203	14338
14299	14075
13698	13235
12781	12420
12192	12106
12148	12309
12557	12837
13081	13236
13255	13131
12950	12850
12947	13280
13776	14304
14778	15179
15508	15755
15920	16021
16077	16109
16133	16165
16199	16214
16195	16150
16098	16071
16076	16108
16157	16213
16266	16309
16337	16352
16358	16359
16359	16359
16359	16359
16359	16359
16359	16359
16359	16359
16359	16359
16359	16359
16359	16359
16359	16359
16359	16359
16359	16359
16359	16359
16359	16359
16359	16359
16359	16359
16359	16359
16359	16359
16359	16359
16359	16359
16359	16359
16359	16359
16359	16359
16359	16359
16359	16359
16359	16359
16359	16359
16359	16359
16359	16359
16359	16359
16359	16359
16359	16359
16359	16359
16359	16359
16359	16359
16359	16359
16359	16359
16359	16359
16359	16359
16359	16359
16359	16359
16359	16359
16359	16359
16359	16359
16359	16359
16359	16359
16359	16359
16359	16359
16359	16359
16359	16359
16359	16359
16359	16359
16359	16359
16359	16359
16359	16359
16359	16359
16359	16359
16359	16359
16359	16359
16359	16359
16359	16359
16359	16355
16343	16312
16253	16170
16098	16086
16136	16205
16262	16288
16286	16257
16219	16196
16184	16152
16057	15865
15574	15199
14777	14344
13986	13774
13670	13536
13307	13015
12733	12521
12431	12514
12790	13220
13682	14007
14131	14091
13938	13708
13427	13140
12891	12700
12574	12496
12458	12483
12664	13080
13649	14181
14565	14831
15018	15123
15137	15078
14976	14885
14841	14868
14954	15066
15150	15159
15109	15054
15032	15028
15033	15036
15047	15060
15078	15096
15113	15125
15135	15134
15107	15043
14971	14938
14953	14978
14982	14950
14905	14875
14883	14922
14978	15016
15021	14999
14992	15039
15129	15200
15216	15187
15130	15065
14998	14930
14865	14805
14754	14708
14672	14653
14675	14736
14808	14824
14762	14659
14585	14605
14732	14928
15117	15219
15215	15153
15098	15109
15183	15271
15316	15277
15127	14838
14417	13905
13381	12939
12649	12540
12581	12710
12855	12971
13015	12930
12592	11865
10724	9286
7732	6247
4970	3978
3287	2878
2684	2637
2683	2792
2983	3307
3759	4297
4893	5530
6153	6663
6957	6969
6699	6218
5648	5112
4688	4393
4166	3937
3705	3529
3427	3341
3218	3034
2802	2562
2370	2278
2317	2481
2743	3065
3446	3934
4593	5472
6588	7895
9289	10612
11709	12482
12923	13119
13170	13147
13105	13074
13053	13040
13062	13177
13413	13755
14157	14566
14944	15257
15489	15629
15682	15663
15597	15510
15429	15369
15333	15314
15299	15282
15265	15252
15247	15246
15247	15244
15234	15220
15205	15191
15189	15195
15206	15214
15219	15225
15234	15244
15257	15272
15289	15312
15336	15356
15370	15363
15295	15144
14940	14757
14632	14532
14421	14281
14126	13956
13781	13600
13426	13265
13127	13013
12934	12898
12922	13021
13203	13458
13757	14049
14263	14329
14204	13898
13461	12980
12530	12173
11951	11898
12023	12306
12673	13016
13229	13247
13096	12878
12723	12747
12996	13431
13983	14562
15091	15511
15797	15962
16039	16073
16099	16134
16173	16188
16160	16101
16039	16008
16024	16073
16137	16202
16261	16306
16336	16352
16358	16359
16359	16359
16359	16359
16359	16359
16359	16359
16359	16359
16359	16359
16359	16359
16359	16359
16359	16359
16359	16359
16359	16359
16359	16359
16359	16359
16359	16359
16359	16359
16359	16359
16359	16359
16359	16359
16359	16359
16359	16359
16359	16359
16359	16359
16359	16359
16359	16359
16359	16359
16359	16359
16359	16359
16359	16359
16359	16359
16359	16359
16359	16359
16359	16359
16359	16359
16359	16359
16359	16359
16359	16359
16359	16359
16359	16359
16359	16359
16359	16359
16359	16359
16359	16359
16359	16359
16359	16359
16359	16359
16359	16359
16359	16359
16359	16359
16359	16359
16359	16359
16359	16359
16359	16359
16359	16359
16359	16359
16359	16359
16359	16359
16359	16359
16359	16359
16359	16359
16359	16359
16359	16356
16340	16305
16238	16151
16083	16085
16156	16237
16287	16302
16282	16240
16193	16159
16127	16047
15864	15546
15119	14656
14235	13915
13712	13597
13491	13318
13049	12735
12468	12358
12474	12815
13274	13689
13954	14045
13990	13839
13617	13350
13064	12795
12585	12465
12454	12551
12734	12995
13356	13828
14338	14741
14978	15095
15145	15145
15098	15023
14945	14898
14899	14950
15041	15143
15203	15198
15136	15078
15057	15058
15062	15068
15073	15086
15105	15122
15134	15145
15154	15159
15148	15109
15064	15054
15074	15085
15052	14972
14879	14822
14834	14906
15010	15094
15125	15103
15069	15072
15110	15139
15124	15073
14995	14914
14837	14771
14714	14674
14648	14634
14628	14634
14663	14716
14781	14827
14823	14768
14703	14699
14799	14983
15175	15277
15258	15164
15085	15081
15144	15202
15225	15216
15168	15039
14798	14442
13996	13523
13092	12768
12585	12534
12589	12714
12888	13071
13140	12932
12357	11430
10232	8842
7376	5967
4738	3775
3114	2725
2550	2513
2571	2698
2904	3203
3609	4112
4670	5177
5533	5636
5466	5063
4542	4026
3613	3324
3108	2900
2714	2626
2655	2736
2787	2772
2698	2620
2604	2728
3031	3508
4103	4760
5487	6337
7328	8421
9562	10702
11759	12607
13155	13381
13352	13203
13056	12974
12976	13041
13141	13261
13409	13623
13916	14273
14654	15014
15307	15516
15634	15671
15649	15591
15526	15463
15409	15363
15328	15301
15283	15266
15247	15234
15231	15231
15233	15230
15222	15207
15192	15185
15198	15239
15289	15314
15303	15269
15226	15188
15160	15143
15144	15166
15205	15253
15307	15335
15307	15202
15053	14943
14905	14905
14904	14872
14800	14687
14534	14343
14122	13888
13665	13459
13265	13073
12913	12837
12875	13016
13245	13544
13863	14143
14305	14287
14068	13673
13167	12642
12184	11879
11796	11956
12298	12696
13029	13227
13245	13086
12824	12595
12548	12773
13248	13856
14475	15016
15438	15720
15891	15989
16054	16101
16133	16136
16102	16047
15998	15982
16003	16054
16116	16187
16253	16307
16338	16354
16358	16359
16359	16359
16359	16359
16359	16359
16359	16359
16359	16359
16359	16359
16359	16359
16359	16359
16359	16359
16359	16359
16359	16359
16359	16359
16359	16359
16359	16359
16359	16359
16359	16359
16359	16359
16359	16359
16359	16359
16359	16359
16359	16359
16359	16359
16359	16359
16359	16359
16359	16359
16359	16359
16359	16359
16359	16359
16359	16359
16359	16359
16359	16359
16359	16359
16359	16359
16359	16359
16359	16359
16359	16359
16359	16359
16359	16359
16359	16359
16359	16359
16359	16359
16359	16359
16359	16359
16359	16359
16359	16359
16359	16359
16359	16359
16359	16359
16359	16359
16359	16359
16359	16359
16359	16359
16359	16359
16359	16359
16359	16359
16359	16359
16359	16359
16359	16359
16359	16359
16359	16359
16359	16354
16338	16300
16232	16146
16088	16098
16172	16251
16292	16301
16280	16237
16185	16127
16042	15867
15553	15094
14575	14125
13825	13667
13577	13459
13277	13035
12767	12511
12362	12438
12769	13258
13711	13944
13928	13783
13603	13399
13160	12899
12648	12456
12359	12394
12577	12893
13295	13737
14170	14563
14877	15081
15175	15199
15183	15139
15072	15003
14952	14933
14958	15017
15104	15189
15235	15215
15152	15100
15083	15086
15090	15094
15103	15115
15133	15150
15162	15169
15177	15185
15185	15170
15158	15167
15192	15188
15119	14995
14859	14780
14791	14878
14993	15064
15055	14966
14851	14779
14758	14743
14697	14616
14516	14418
14333	14271
14237	14227
14243	14273
14317	14354
14377	14388
14418	14504
14623	14709
14748	14792
14893	15053
15216	15293
15252	15138
15039	15013
15043	15056
15041	15039
15067	15081
15026	14857
14563	14165
13708	13272
12912	12671
12555	12556
12664	12856
13046	13124
13006	12654
12040	11115
9887	8421
6852	5356
4097	3181
2632	2385
2322	2324
2352	2439
2633	2946
3352	3777
4121	4285
4213	3929
3521	3103
2761	2529
2367	2227
2129	2161
2337	2598
2857	3079
3259	3444
3711	4132
4743	5529
6413	7325
8252	9227
10228	11157
11961	12624
13138	13454
13551	13444
13214	12977
12837	12837
12970	13185
13431	13682
13930	14194
14482	14787
15083	15331
15508	15598
15612	15570
15508	15456
15428	15420
15410	15382
15338	15297
15270	15253
15238	15225
15220	15219
15217	15214
15205	15193
15178	15177
15208	15283
15371	15416
15390	15319
15229	15142
15071	15020
14994	15004
15047	15107
15178	15234
15243	15189
15104	15059
15084	15152
15223	15270
15275	15226
15122	14964
14757	14524
14289	14057
13796	13479
13154	12912
12806	12805
12894	13074
13348	13686
14015	14243
14293	14133
13779	13310
12814	12381
12101	12028
12152	12401
12700	12984
13167	13174
13007	12755
12567	12574
12819	13250
13775	14319
14816	15233
15553	15785
15936	16027
16064	16065
16042	16015
16000	16008
16030	16057
16096	16156
16237	16304
16341	16355
16359	16359
16359	16359
16359	16359
16359	16359
16359	16359
16359	16359
16359	16359
16359	16359
16359	16359
16359	16359
16359	16359
16359	16359
16359	16359
16359	16359
16359	16359
16359	16359
16359	16359
16359	16359
16359	16359
16359	16359
16359	16359
16359	16359
16359	16359
16359	16359
16359	16359
16359	16359
16359	16359
16359	16359
16359	16359
16359	16359
16359	16359
16359	16359
16359	16359
16359	16359
16359	16359
16359	16359
16359	16359
16359	16359
16359	16359
16359	16359
16359	16359
16359	16359
16359	16359
16359	16359
16359	16359
16359	16359
16359	16359
16359	16359
16359	16359
16359	16359
16359	16359
16359	16359
16359	16359
16359	16359
16359	16359
16359	16359
16359	16359
16359	16359
16359	16359
16359	16359
16359	16359
16359	16356
16341	16304
16241	16165
16110	16113
16168	16230
16266	16279
16275	16245
16188	16091
15914	15605
15143	14581
14056	13730
13614	13585
13505	13311
13032	12748
12524	12412
12474	12766
13227	13699
13980	13958
13697	13382
13119	12888
12657	12447
12299	12258
12358	12607
12998	13480
13993	14470
14835	15050
15132	15152
15163	15172
15168	15142
15093	15038
14998	14983
15001	15052
15123	15193
15230	15216
15164	15120
15109	15112
15117	15123
15131	15146
15165	15180
15191	15196
15200	15209
15212	15203
15199	15222
15257	15249
15162	15004
14827	14702
14668	14702
14744	14721
14597	14388
14158	13985
13888	13819
13736	13626
13505	13386
13293	13231
13205	13216
13261	13330
13410	13475
13495	13475
13505	13688
14015	14355
14618	14802
14950	15090
15196	15222
15147	15020
14916	14883
14902	14911
14900	14914
14981	15070
15133	15116
14986	14721
14343	13907
13475	13107
12837	12679
12633	12669
12744	12806
12835	12819
12704	12354
11633	10456
8874	7066
5302	3844
2853	2324
2136	2095
2091	2095
2140	2272
2501	2789
3063	3227
3230	3072
2818	2552
2348	2234
2182	2162
2200	2372
2701	3145
3640	4143
4645	5170
5760	6467
7306	8245
9219	10144
10982	11722
12346	12814
13123	13303
13388	13396
13320	13176
13005	12873
12844	12957
13198	13519
13864	14184
14468	14724
14964	15190
15379	15514
15578	15569
15510	15426
15354	15325
15349	15399
15435	15419
15358	15298
15264	15246
15233	15222
15215	15209
15204	15195
15188	15175
15167	15169
15214	15315
15433	15491
15461	15365
15246	15127
15026	14952
14913	14915
14955	15022
15101	15172
15209	15198
15165	15160
15206	15289
15382	15457
15500	15498
15447	15340
15191	15016
14836	14641
14384	14029
13619	13266
13026	12877
12802	12820
12961	13217
13546	13864
14092	14177
14103	13896
13591	13224
12855	12548
12361	12325
12429	12625
12842	12999
13047	12993
12881	12786
12783	12921
13205	13600
14064	14550
15009	15394
15679	15860
15957	15995
16003	16019
16045	16076
16090	16087
16090	16138
16224	16301
16342	16356
16359	16359
16359	16359
16359	16359
16359	16359
16359	16359
16359	16359
16359	16359
16359	16359
16359	16359
16359	16359
16359	16359
16359	16359
16359	16359
16359	16359
16359	16359
16359	16359
16359	16359
16359	16359
16359	16359
16359	16359
16359	16359
16359	16359
16359	16359
16359	16359
16359	16359
16359	16359
16359	16359
16359	16359
16359	16359
16359	16359
16359	16359
16359	16359
16359	16359
16359	16359
16359	16359
16359	16359
16359	16359
16359	16359
16359	16359
16359	16359
16359	16359
16359	16359
16359	16359
16359	16359
16359	16359
16359	16359
16359	16359
16359	16359
16359	16359
16359	16359
16359	16359
16359	16359
16359	16359
16359	16359
16359	16359
16359	16359
16359	16359
16359	16359
16359	16359
16359	16359
16359	16359
16359	16356
16342	16312
16260	16192
16134	16112
16129	16162
16198	16228
16250	16239
16173	16017
15730	15282
14708	14123
13682	13502
13520	13539
13417	13150
12819	12543
12420	12513
12811	13237
13669	13965
14016	13785
13373	12963
12650	12415
12242	12158
12200	12384
12708	13142
13640	14150
14622	14998
15215	15246
15154	15061
15037	15064
15098	15112
15097	15069
15042	15028
15036	15071
15126	15183
15216	15205
15169	15140
15129	15137
15143	15150
15162	15179
15197	15213
15221	15227
15229	15228
15222	15203
15186	15198
15219	15194
15076	14867
14616	14393
14238	14134
14033	13874
13629	13317
12989	12707
12495	12341
12214	12089
11958	11837
11738	11675
11652	11667
11720	11800
11890	11962
11990	11993
12094	12450
13050	13717
14286	14692
14943	15082
15125	15084
14973	14840
14744	14723
14762	14813
14849	14890
14959	15051
15151	15220
15212	15093
14848	14503
14103	13697
13341	13060
12861	12706
12557	12396
12269	12224
12249	12204
11880	11072
9712	7935
6020	4316
3067	2350
2082	2077
2148	2178
2152	2143
2201	2328
2478	2592
2627	2587
2507	2448
2449	2523
2660	2851
3118	3500
4017	4660
5388	6158
6937	7712
8483	9266
10064	10855
11597	12237
12728	13039
13200	13256
13255	13213
13148	13074
13015	12976
12975	13033
13176	13413
13724	14072
14409	14689
14910	15098
15272	15424
15535	15591
15581	15513
15415	15315
15253	15253
15315	15405
15465	15451
15376	15299
15256	15237
15228	15220
15211	15203
15192	15181
15170	15160
15155	15161
15210	15321
15453	15520
15490	15390
15268	15144
15040	14964
14926	14930
14976	15046
15129	15205
15252	15258
15243	15242
15279	15343
15415	15482
15529	15551
15532	15477
15390	15288
15183	15059
14875	14582
14205	13821
13481	13191
12968	12840
12834	12951
13158	13411
13668	13895
14074	14170
14149	13975
13668	13286
12908	12608
12431	12395
12486	12667
12877	13049
13131	13108
13020	12946
12964	13110
13404	13828
14325	14816
15241	15567
15787	15920
15995	16048
16099	16138
16147	16133
16123	16160
16238	16309
16347	16358
16359	16359
16359	16359
16359	16359
16359	16359
16359	16359
16359	16359
16359	16359
16359	16359
16359	16359
16359	16359
16359	16359
16359	16359
16359	16359
16359	16359
16359	16359
16359	16359
16359	16359
16359	16359
16359	16359
16359	16359
16359	16359
16359	16359
16359	16359
16359	16359
16359	16359
16359	16359
16359	16359
16359	16359
16359	16359
16359	16359
16359	16359
16359	16359
16359	16359
16359	16359
16359	16359
16359	16359
16359	16359
16359	16359
16359	16359
16359	16359
16359	16359
16359	16359
16359	16359
16359	16359
16359	16359
16359	16359
16359	16359
16359	16359
16359	16359
16359	16359
16359	16359
16359	16359
16359	16359
16359	16359
16359	16359
16359	16359
16359	16359
16359	16359
16359	16359
16359	16359
16359	16359
16359	16355
16343	16320
16277	16219
16153	16100
16070	16073
16106	16161
16208	16209
16115	15883
15481	14924
14309	13787
13481	13401
13439	13422
13265	12988
12695	12510
12541	12829
13281	13701
13955	14004
13837	13469
12996	12570
12269	12101
12067	12192
12477	12887
13364	13854
14314	14716
15045	15272
15359	15279
15102	14956
14904	14926
14971	15006
15024	15032
15035	15046
15065	15098
15142	15183
15204	15200
15174	15155
15150	15157
15167	15178
15191	15210
15228	15242
15253	15257
15257	15252
15231	15191
15138	15090
15031	14915
14703	14396
14032	13675
13357	13082
12828	12560
12268	11949
11612	11271
10962	10729
10578	10468
10368	10277
10201	10155
10140	10156
10200	10264
10336	10394
10415	10437
10607	11119
11968	12952
13840	14497
14889	15056
15060	14959
14816	14684
14611	14611
14677	14767
14853	14912
14958	15015
15096	15188
15259	15258
15157	14949
14650	14292
13925	13588
13289	12997
12650	12217
11747	11348
11079	10879
10571	9944
8882	7434
5815	4314
3163	2469
2205	2241
2383	2462
2426	2343
2284	2278
2319	2386
2472	2580
2730	2941
3218	3548
3934	4390
4929	5545
6242	7032
7901	8796
9661	10445
11128	11709
12193	12595
12916	13143
13246	13209
13089	12996
12972	12983
12990	12988
13006	13073
13214	13433
13719	14041
14375	14685
14937	15099
15202	15291
15399	15504
15579	15597
15558	15472
15366	15272
15223	15241
15318	15418
15481	15462
15378	15292
15246	15229
15222	15214
15205	15193
15178	15167
15155	15149
15141	15147
15193	15301
15430	15500
15478	15393
15291	15189
15101	15040
15015	15028
15080	15154
15237	15306
15342	15333
15300	15282
15295	15332
15377	15423
15457	15481
15479	15455
15413	15364
15315	15257
15165	15006
14757	14431
14059	13684
13353	13108
12974	12941
12994	13111
13295	13538
13820	14090
14274	14308
14181	13930
13592	13195
12798	12495
12355	12397
12590	12856
13106	13261
13282	13187
13044	12958
13016	13251
13642	14131
14646	15127
15520	15797
15966	16061
16121	16154
16164	16166
16178	16218
16277	16327
16351	16358
16359	16359
16359	16359
16359	16359
16359	16359
16359	16359
16359	16359
16359	16359
16359	16359
16359	16359
16359	16359
16359	16359
16359	16359
16359	16359
16359	16359
16359	16359
16359	16359
16359	16359
16359	16359
16359	16359
16359	16359
16359	16359
16359	16359
16359	16359
16359	16359
16359	16359
16359	16359
16359	16359
16359	16359
16359	16359
16359	16359
16359	16359
16359	16359
16359	16359
16359	16359
16359	16359
16359	16359
16359	16359
16359	16359
16359	16359
16359	16359
16359	16359
16359	16359
16359	16359
16359	16359
16359	16359
16359	16359
16359	16359
16359	16359
16359	16359
16359	16359
16359	16359
16359	16359
16359	16359
16359	16359
16359	16359
16359	16359
16359	16359
16359	16359
16359	16359
16359	16359
16359	16359
16358	16353
16343	16323
16287	16238
16169	16092
16027	16005
16036	16105
16166	16154
16011	15685
15178	14556
13970	13568
13393	13347
13313	13214
13040	12837
12692	12702
12917	13306
13734	14019
14065	13888
13537	13068
12589	12226
12053	12070
12263	12624
13108	13631
14113	14509
14810	15048
15242	15382
15421	15316
15117	14935
14839	14814
14820	14841
14871	14918
14972	15031
15084	15134
15174	15202
15211	15203
15186	15175
15175	15181
15191	15201
15219	15233
15251	15265
15277	15284
15284	15274
15245	15181
15064	14887
14639	14316
13923	13478
13009	12551
12126	11742
11407	11120
10883	10670
10442	10159
9857	9630
9515	9471
9452	9441
9434	9436
9448	9470
9503	9541
9575	9589
9556	9499
9608	10120
11075	12259
13394	14279
14829	15061
15059	14928
14770	14651
14600	14616
14678	14767
14845	14891
14907	14930
14982	15071
15175	15260
15283	15218
15048	14788
14470	14138
13813	13472
13027	12390
11572	10687
9854	9131
8464	7748
6891	5893
4839	3866
3099	2608
2401	2423
2547	2636
2637	2583
2529	2509
2547	2670
2897	3236
3688	4234
4833	5435
6055	6718
7429	8159
8900	9672
10466	11232
11907	12440
12813	13041
13161	13206
13210	13181
13101	12957
12812	12763
12837	12981
13129	13258
13382	13531
13730	13983
14273	14572
14856	15097
15265	15333
15340	15354
15412	15492
15551	15566
15527	15447
15353	15271
15233	15254
15323	15407
15458	15435
15354	15276
15233	15219
15213	15205
15194	15179
15166	15155
15145	15137
15128	15130
15170	15266
15382	15447
15436	15374
15301	15229
15171	15133
15126	15147
15198	15267
15340	15396
15412	15375
15314	15269
15265	15289
15321	15351
15375	15392
15395	15381
15357	15328
15304	15281
15260	15226
15138	14944
14639	14270
13895	13563
13300	13125
13040	13045
13136	13309
13539	13781
13995	14149
14230	14224
14101	13823
13411	12962
12586	12382
12384	12571
12864	13153
13341	13366
13249	13071
12942	12948
13136	13499
14000	14568
15111	15544
15830	15989
16065	16102
16127	16159
16205	16260
16308	16340
16354	16359
16359	16359
16359	16359
16359	16359
16359	16359
16359	16359
16359	16359
16359	16359
16359	16359
16359	16359
16359	16359
16359	16359
16359	16359
16359	16359
16359	16359
16359	16359
16359	16359
16359	16359
16359	16359
16359	16359
16359	16359
16359	16359
16359	16359
16359	16359
16359	16359
16359	16359
16359	16359
16359	16359
16359	16359
16359	16359
16359	16359
16359	16359
16359	16359
16359	16359
16359	16359
16359	16359
16359	16359
16359	16359
16359	16359
16359	16359
16359	16359
16359	16359
16359	16359
16359	16359
16359	16359
16359	16359
16359	16359
16359	16359
16359	16359
16359	16359
16359	16359
16359	16359
16359	16359
16359	16359
16359	16359
16359	16359
16359	16359
16359	16359
16359	16359
16359	16359
16359	16359
16359	16359
16358	16353
16341	16320
16287	16244
16185	16105
16029	15999
16027	16088
16127	16064
15833	15411
14828	14204
13697	13422
13329	13261
13126	12948
12796	12733
12818	13070
13447	13818
14078	14158
14032	13706
13234	12713
12279	12063
12113	12387
12822	13352
13897	14373
14716	14927
15048	15150
15272	15399
15456	15381
15191	14994
14848	14759
14701	14685
14712	14779
14877	14983
15077	15152
15200	15224
15225	15216
15204	15200
15203	15207
15215	15225
15239	15254
15267	15281
15295	15303
15306	15294
15260	15163
14948	14572
14042	13427
12813	12257
11774	11348
10953	10586
10270	10030
9891	9819
9750	9605
9408	9268
9242	9302
9398	9496
9584	9656
9707	9739
9755	9753
9736	9683
9549	9338
9261	9624
10515	11740
12999	14046
14741	15067
15099	14978
14833	14733
14702	14716
14753	14793
14827	14838
14835	14841
14875	14947
15053	15173
15277	15321
15276	15123
14884	14598
14309	14007
13589	12906
11903	10659
9316	8018
6847	5839
4989	4285
3712	3257
2909	2675
2552	2540
2614	2723
2837	2946
3054	3185
3374	3675
4126	4737
5487	6322
7166	7954
8683	9386
10068	10706
11290	11835
12342	12777
13097	13271
13312	13260
13165	13070
13002	12964
12933	12896
12876	12931
13078	13298
13541	13786
14011	14220
14409	14585
14751	14917
15089	15250
15366	15397
15372	15358
15391	15453
15506	15521
15491	15427
15348	15280
15244	15252
15295	15352
15387	15370
15312	15255
15224	15210
15201	15190
15177	15164
15152	15144
15135	15122
15113	15112
15144	15227
15326	15384
15383	15346
15298	15255
15223	15203
15203	15223
15263	15315
15371	15406
15405	15350
15273	15221
15214	15237
15267	15295
15316	15328
15328	15319
15298	15272
15249	15232
15243	15284
15317	15269
15102	14826
14480	14100
13739	13446
13254	13169
13173	13229
13315	13406
13525	13696
13917	14134
14264	14238
14014	13612
13128	12703
12452	12429
12596	12862
13122	13297
13338	13245
13076	12933
12911	13078
13444	13969
14554	15086
15492	15762
15918	16004
16056	16114
16180	16248
16304	16337
16350	16355
16357	16357
16359	16359
16359	16359
16359	16359
16359	16359
16359	16359
16359	16359
16359	16359
16359	16359
16359	16359
16359	16359
16359	16359
16358	16358
16358	16358
16359	16359
16359	16359
16359	16359
16359	16359
16359	16359
16359	16359
16359	16359
16359	16359
16359	16359
16359	16359
16359	16359
16359	16359
16359	16359
16359	16359
16359	16359
16359	16359
16359	16359
16359	16359
16359	16359
16359	16359
16359	16359
16359	16359
16359	16359
16359	16359
16359	16359
16359	16359
16359	16359
16359	16359
16359	16359
16359	16359
16359	16359
16359	16359
16359	16359
16359	16359
16359	16359
16359	16359
16359	16359
16359	16359
16359	16359
16359	16359
16359	16359
16359	16359
16359	16359
16359	16359
16359	16359
16359	16359
16359	16359
16359	16353
16337	16310
16273	16239
16196	16135
16069	16042
16062	16095
16072	15913
15573	15066
14470	13910
13509	13319
13239	13115
12897	12695
12629	12752
13065	13502
13934	14216
14282	14169
13907	13511
13030	12565
12265	12256
12542	13029
13591	14132
14575	14874
15026	15077
15088	15130
15225	15343
15415	15372
15225	15047
14890	14762
14666	14615
14621	14687
14795	14923
15042	15134
15198	15230
15237	15231
15227	15227
15235	15240
15244	15251
15262	15274
15283	15296
15307	15313
15313	15299
15246	15099
14759	14149
13315	12428
11662	11107
10754	10517
10304	10068
9826	9632
9536	9529
9544	9496
9402	9355
9420	9582
9789	9987
10150	10265
10334	10358
10338	10288
10213	10092
9868	9541
9312	9494
10223	11355
12625	13766
14589	15017
15113	15030
14911	14837
14822	14832
14844	14846
14842	14838
14836	14842
14856	14896
14968	15077
15204	15309
15343	15279
15115	14896
14677	14475
14187	13637
12714	11445
9941	8354
6836	5511
4461	3714
3240	2972
2832	2762
2743	2789
2927	3170
3498	3871
4259	4650
5075	5592
6240	7026
7915	8839
9711	10476
11121	11674
12153	12536
12824	13037
13190	13280
13302	13256
13157	13048
12961	12923
12938	12995
13080	13177
13283	13417
13596	13831
14107	14395
14664	14888
15045	15134
15174	15205
15252	15317
15375	15389
15369	15359
15382	15427
15464	15471
15444	15391
15324	15264
15227	15218
15229	15257
15278	15276
15253	15228
15213	15204
15191	15179
15166	15154
15148	15139
15128	15112
15103	15102
15129	15196
15278	15328
15334	15315
15288	15261
15241	15225
15225	15233
15254	15282
15311	15329
15319	15273
15208	15166
15163	15190
15222	15253
15273	15287
15287	15280
15263	15243
15218	15201
15218	15283
15371	15413
15362	15203
14944	14607
14231	13882
13602	13406
13278	13194
13126	13083
13102	13241
13498	13814
14114	14320
14351	14152
13757	13289
12874	12598
12500	12561
12737	12966
13172	13263
13217	13088
12969	12963
13126	13460
13917	14428
14919	15340
15663	15872
15992	16060
16120	16190
16262	16313
16334	16341
16345	16351
16353	16353
16349	16345
16346	16350
16354	16358
16359	16359
16359	16359
16359	16359
16359	16359
16359	16359
16359	16359
16358	16355
16353	16351
16351	16353
16355	16358
16359	16359
16359	16359
16359	16359
16359	16359
16359	16359
16359	16359
16359	16359
16359	16359
16359	16359
16359	16359
16359	16359
16359	16359
16359	16359
16359	16359
16359	16359
16359	16359
16359	16359
16359	16359
16359	16359
16359	16359
16359	16359
16359	16359
16359	16359
16359	16359
16359	16359
16359	16359
16359	16359
16359	16359
16359	16359
16359	16359
16359	16359
16359	16359
16359	16359
16359	16359
16359	16359
16359	16359
16359	16359
16359	16359
16359	16359
16359	16359
16359	16359
16359	16359
16359	16359
16359	16359
16359	16359
16359	16359
16358	16353
16333	16298
16258	16230
16203	16161
16108	16087
16098	16085
15968	15682
15233	14697
14168	13728
13427	13264
13141	12941
12690	12548
12634	12956
13424	13899
14257	14406
14337	14096
13746	13351
12973	12696
12621	12822
13266	13824
14344	14742
14977	15071
15073	15053
15052	15098
15176	15258
15296	15262
15162	15039
14915	14803
14706	14644
14634	14678
14768	14881
14993	15092
15164	15207
15229	15240
15248	15261
15273	15284
15290	15295
15302	15307
15311	15310
15311	15304
15292	15262
15185	14977
14510	13685
12609	11563
10790	10367
10240	10255
10271	10193
10026	9836
9703	9655
9650	9624
9575	9580
9699	9929
10210	10466
10642	10747
10784	10769
10713	10625
10506	10338
10079	9734
9464	9524
10063	11033
12246	13442
14381	14913
15074	15026
14936	14886
14885	14908
14922	14924
14918	14921
14925	14930
14927	14928
14954	15022
15122	15232
15298	15285
15184	15030
14890	14799
14680	14364
13730	12754
11495	10039
8503	7022
5722	4697
3987	3566
3379	3356
3457	3681
4031	4501
5059	5674
6298	6907
7509	8142
8839	9600
10391	11151
11818	12355
12767	13081
13308	13427
13440	13379
13279	13176
13091	13036
13012	13032
13089	13183
13297	13422
13554	13697
13843	14001
14181	14399
14646	14902
15139	15330
15452	15502
15493	15456
15417	15394
15381	15369
15359	15361
15381	15405
15418	15411
15378	15331
15276	15225
15184	15161
15154	15160
15170	15185
15196	15203
15203	15198
15188	15175
15164	15154
15150	15140
15128	15114
15105	15104
15128	15180
15241	15284
15294	15285
15270	15252
15231	15214
15202	15196
15195	15200
15206	15212
15202	15174
15137	15114
15119	15145
15180	15214
15239	15257
15264	15264
15256	15242
15221	15207
15220	15280
15364	15425
15424	15349
15200	14976
14691	14372
14044	13736
13455	13214
13015	12877
12830	12909
13116	13423
13773	14102
14327	14378
14230	13919
13502	13051
12654	12406
12360	12504
12769	13046
13232	13270
13201	13119
13101	13175
13369	13716
14207	14769
15300	15695
15919	16015
16063	16124
16208	16269
16298	16306
16320	16330
16337	16329
16312	16300
16301	16315
16334	16350
16357	16359
16359	16359
16359	16359
16359	16359
16359	16359
16358	16358
16355	16350
16344	16342
16342	16344
16350	16355
16359	16359
16359	16359
16359	16359
16359	16359
16359	16359
16359	16359
16359	16359
16359	16359
16359	16359
16359	16359
16359	16359
16359	16359
16359	16359
16359	16359
16359	16359
16359	16359
16359	16359
16359	16359
16359	16359
16359	16359
16359	16359
16359	16359
16359	16359
16359	16359
16359	16359
16359	16359
16359	16359
16359	16359
16359	16359
16359	16359
16359	16359
16359	16359
16359	16359
16359	16359
16359	16359
16359	16359
16359	16359
16359	16359
16359	16359
16359	16359
16359	16359
16359	16359
16359	16359
16359	16359
16359	16359
16359	16359
16358	16353
16332	16296
16254	16229
16204	16154
16093	16071
16073	16011
15788	15375
14855	14372
13993	13695
13461	13274
13079	12824
12596	12583
12865	13348
13854	14221
14387	14376
14218	13939
13594	13277
13076	13048
13220	13577
14050	14519
14879	15075
15113	15064
15000	14980
15022	15096
15164	15195
15184	15132
15060	14982
14907	14832
14769	14722
14709	14737
14797	14879
14968	15049
15116	15161
15197	15229
15263	15294
15322	15339
15349	15356
15359	15353
15341	15324
15302	15274
15238	15185
15081	14828
14268	13297
12089	11031
10385	10164
10232	10410
10543	10545
10413	10212
10022	9904
9854	9823
9807	9835
9972	10222
10526	10769
10892	10915
10884	10828
10761	10687
10580	10408
10150	9843
9599	9578
9931	10729
11873	13126
14185	14816
15018	14983
14900	14865
14890	14947
14999	15021
15021	15019
15025	15024
15012	14991
14984	15013
15076	15156
15216	15225
15168	15074
14999	14988
14985	14875
14560	14001
13199	12160
10924	9562
8197	6970
6007	5371
5063	5038
5254	5685
6258	6899
7552	8212
8864	9485
10067	10629
11181	11729
12246	12694
13044	13294
13465	13593
13669	13660
13560	13408
13255	13145
13102	13140
13248	13406
13591	13773
13937	14075
14192	14299
14406	14523
14666	14832
15011	15188
15344	15475
15561	15597
15586	15541
15476	15415
15362	15333
15326	15337
15348	15356
15354	15334
15301	15264
15223	15181
15144	15115
15100	15094
15104	15128
15162	15187
15201	15200
15193	15184
15177	15170
15165	15156
15142	15130
15123	15125
15142	15178
15223	15254
15262	15259
15249	15235
15213	15189
15169	15154
15138	15128
15123	15118
15109	15088
15067	15058
15070	15103
15147	15189
15224	15249
15262	15267
15263	15250
15230	15215
15221	15266
15327	15364
15360	15323
15259	15161
15014	14802
14517	14176
13801	13425
13090	12832
12680	12665
12788	13036
13365	13719
14043	14284
14400	14344
14080	13608
13023	12497
12170	12108
12305	12685
13090	13352
13429	13398
13311	13180
13089	13185
13555	14156
14834	15409
15777	15954
16029	16095
16174	16225
16240	16249
16272	16299
16306	16282
16242	16211
16214	16248
16295	16331
16349	16354
16355	16355
16356	16357
16359	16359
16359	16355
16353	16351
16348	16341
16335	16332
16332	16336
16342	16350
16355	16359
16359	16359
16359	16359
16359	16359
16359	16359
16359	16359
16359	16359
16359	16359
16359	16359
16359	16359
16359	16359
16359	16359
16359	16359
16359	16359
16359	16359
16359	16359
16359	16359
16359	16359
16359	16359
16359	16359
16359	16359
16359	16359
16359	16359
16359	16359
16359	16359
16359	16359
16359	16359
16359	16359
16359	16359
16359	16359
16359	16359
16359	16359
16359	16359
16359	16359
16359	16359
16359	16359
16359	16359
16359	16359
16359	16359
16359	16359
16359	16359
16359	16359
16359	16359
16359	16359
16359	16359
16359	16359
16358	16353
16336	16301
16263	16234
16197	16122
16037	16003
15990	15872
15550	15045
14514	14143
13937	13767
13545	13303
13050	12799
12660	12815
13270	13816
14235	14404
14350	14185
13982	13741
13486	13299
13277	13471
13839	14279
14678	14982
15148	15174
15095	14989
14926	14947
15030	15126
15185	15183
15130	15051
14976	14915
14875	14841
14813	14794
14793	14813
14855	14910
14972	15028
15072	15112
15152	15204
15269	15327
15371	15399
15416	15429
15425	15407
15376	15333
15282	15224
15158	15083
14960	14691
14091	13047
11798	10823
10374	10344
10513	10705
10816	10796
10661	10454
10248	10094
10019	10012
10049	10119
10245	10462
10710	10870
10891	10820
10725	10652
10612	10598
10557	10427
10199	9939
9717	9623
9814	10454
11542	12856
14032	14749
14976	14934
14849	14821
14868	14970
15071	15114
15107	15085
15075	15070
15058	15040
15027	15034
15064	15107
15144	15156
15131	15085
15051	15060
15093	15090
15003	14799
14452	13905
13126	12117
10954	9793
8794	8091
7739	7723
8014	8551
9216	9858
10406	10894
11350	11770
12148	12483
12783	13049
13269	13424
13517	13562
13597	13651
13710	13722
13672	13594
13531	13512
13557	13667
13834	14034
14240	14429
14586	14706
14785	14833
14863	14906
14976	15068
15166	15258
15340	15406
15454	15478
15474	15448
15403	15353
15307	15282
15278	15285
15291	15289
15278	15256
15230	15204
15181	15149
15122	15097
15084	15077
15087	15114
15154	15188
15205	15206
15202	15199
15194	15192
15187	15177
15168	15160
15155	15156
15167	15189
15214	15232
15237	15237
15230	15215
15193	15171
15152	15129
15111	15094
15085	15077
15063	15034
15006	14995
15016	15061
15120	15176
15224	15258
15278	15282
15272	15251
15224	15201
15197	15224
15259	15271
15244	15210
15189	15181
15160	15087
14927	14654
14284	13844
13390	12985
12684	12533
12544	12701
12965	13286
13633	13983
14282	14459
14412	14075
13503	12858
12314	12015
12036	12371
12858	13270
13505	13597
13556	13368
13116	12989
13146	13622
14300	14975
15492	15812
15983	16090
16162	16190
16177	16177
16209	16252
16268	16235
16169	16124
16126	16176
16248	16305
16333	16341
16345	16347
16350	16353
16357	16359
16358	16353
16347	16342
16337	16332
16327	16323
16323	16328
16336	16345
16353	16358
16359	16359
16359	16359
16359	16359
16359	16359
16359	16359
16359	16359
16359	16359
16359	16359
16359	16359
16359	16359
16359	16359
16359	16359
16359	16359
16359	16359
16359	16359
16359	16359
16359	16359
16359	16359
16359	16359
16359	16359
16359	16359
16359	16359
16359	16359
16359	16359
16359	16359
16359	16359
16359	16359
16359	16359
16359	16359
16359	16359
16359	16359
16359	16359
16359	16359
16359	16359
16359	16359
16359	16359
16359	16359
16359	16359
16359	16359
16359	16359
16359	16359
16359	16359
16359	16359
16359	16359
16359	16359
16358	16353
16335	16304
16267	16239
16193	16100
15997	15944
15897	15706
15303	14763
14281	14024
13940	13823
13575	13277
13020	12856
12885	13201
13719	14198
14437	14400
14186	13942
13743	13576
13437	13383
13500	13834
14309	14754
15063	15216
15241	15163
15034	14924
14886	14939
15049	15158
15210	15194
15120	15023
14934	14875
14849	14841
14842	14845
14857	14876
14908	14946
14988	15024
15055	15082
15123	15188
15270	15346
15400	15438
15466	15479
15474	15447
15399	15337
15259	15178
15089	14999
14870	14605
13993	12919
11663	10778
10491	10597
10801	10944
10969	10894
10744	10556
10362	10206
10130	10161
10275	10411
10541	10662
10747	10751
10675	10568
10477	10429
10440	10494
10531	10464
10290	10069
9848	9684
9745	10260
11288	12629
13886	14678
14941	14909
14825	14801
14861	14984
15110	15167
15150	15111
15088	15080
15075	15067
15063	15064
15075	15092
15107	15114
15107	15087
15064	15055
15063	15087
15119	15144
15118	14969
14619	14022
13223	12337
11524	10928
10628	10627
10904	11399
11973	12455
12784	13009
13190	13343
13469	13572
13657	13724
13768	13781
13770	13755
13768	13830
13923	13997
14032	14053
14080	14135
14221	14341
14488	14645
14801	14940
15057	15138
15181	15175
15147	15126
15134	15168
15205	15241
15269	15294
15311	15322
15322	15313
15296	15272
15250	15238
15236	15239
15239	15234
15220	15203
15184	15168
15155	15137
15118	15099
15088	15082
15092	15119
15158	15189
15206	15210
15210	15209
15209	15205
15201	15196
15190	15186
15183	15184
15189	15200
15213	15220
15222	15220
15213	15200
15181	15161
15142	15123
15103	15087
15078	15071
15048	15007
14962	14946
14971	15031
15104	15174
15235	15276
15299	15298
15282	15252
15216	15183
15168	15172
15181	15166
15122	15079
15074	15113
15177	15216
15179	15024
14733	14321
13841	13359
12946	12647
12491	12487
12624	12877
13220	13618
14015	14328
14463	14338
13960	13423
12850	12389
12173	12283
12635	13045
13365	13563
13622	13533
13331	13119
13055	13267
13762	14405
15033	15528
15860	16056
16149	16160
16128	16114
16146	16199
16232	16211
16153	16102
16102	16149
16223	16282
16315	16326
16333	16338
16345	16350
16355	16358
16356	16350
16343	16336
16331	16326
16323	16320
16320	16323
16329	16340
16349	16356
16359	16359
16359	16359
16359	16359
16359	16359
16359	16359
16359	16359
16359	16359
16359	16359
16359	16359
16359	16359
16359	16359
16359	16359
16359	16359
16359	16359
16359	16359
16359	16359
16359	16359
16359	16359
16359	16359
16359	16359
16359	16359
16359	16359
16359	16359
16359	16359
16359	16359
16359	16359
16359	16359
16359	16359
16359	16359
16359	16359
16359	16359
16359	16359
16359	16359
16359	16359
16359	16359
16359	16359
16359	16359
16359	16359
16359	16359
16359	16359
16359	16359
16359	16359
16359	16359
16359	16359
16359	16359
16358	16352
16333	16296
16260	16234
16194	16109
16002	15925
15814	15539
15068	14548
14153	13987
13940	13805
13509	13182
12974	12981
13224	13657
14115	14403
14419	14224
13945	13709
13555	13471
13439	13497
13707	14099
14584	14994
15232	15308
15263	15143
14999	14895
14873	14941
15065	15176
15228	15207
15129	15023
14929	14868
14845	14848
14862	14877
14892	14915
14940	14970
15002	15032
15057	15082
15122	15186
15270	15347
15405	15449
15482	15501
15496	15466
15413	15336
15246	15148
15047	14949
14827	14572
13960	12864
11596	10749
10553	10734
10951	11051
11013	10895
10748	10591
10429	10279
10204	10262
10452	10683
10835	10820
10663	10467
10331	10268
10262	10287
10345	10437
10521	10524
10418	10234
9999	9778
9747	10156
11104	12424
13716	14571
14896	14910
14852	14830
14880	14993
15114	15172
15157	15116
15092	15085
15084	15083
15085	15085
15086	15089
15095	15096
15097	15084
15061	15023
14995	15006
15084	15212
15349	15422
15357	15102
14666	14129
13605	13204
12996	12992
13187	13527
13903	14173
14286	14296
14257	14206
14155	14114
14092	14092
14104	14122
14143	14173
14226	14315
14421	14514
14581	14634
14688	14746
14811	14887
14972	15061
15149	15223
15286	15326
15337	15306
15256	15214
15197	15200
15208	15217
15222	15228
15233	15236
15235	15236
15231	15227
15219	15217
15216	15217
15215	15210
15200	15187
15173	15157
15147	15137
15125	15112
15100	15092
15100	15126
15162	15189
15205	15211
15213	15212
15212	15212
15209	15205
15202	15201
15200	15201
15203	15206
15211	15214
15215	15212
15207	15193
15174	15157
15140	15122
15103	15088
15080	15072
15046	14997
14945	14924
14952	15017
15099	15180
15248	15294
15317	15315
15291	15258
15217	15178
15148	15131
15116	15082
15030	14985
14983	15034
15129	15222
15264	15206
15026	14722
14331	13901
13473	13071
12731	12511
12454	12585
12881	13277
13692	14045
14282	14362
14271	14006
13599	13121
12708	12497
12538	12757
13033	13268
13435	13544
13561	13430
13228	13142
13326	13794
14437	15082
15598	15934
16097	16129
16097	16074
16095	16149
16202	16217
16191	16159
16151	16176
16221	16262
16289	16304
16316	16327
16337	16347
16353	16358
16356	16349
16339	16331
16325	16322
16318	16316
16316	16319
16328	16337
16348	16356
16359	16359
16359	16359
16359	16359
16359	16359
16359	16359
16359	16359
16359	16359
16359	16359
16359	16359
16359	16359
16359	16359
16359	16359
16359	16359
16359	16359
16359	16359
16359	16359
16359	16359
16359	16359
16359	16359
16359	16359
16359	16359
16359	16359
16359	16359
16359	16359
16359	16359
16359	16359
16359	16359
16359	16359
16359	16359
16359	16359
16359	16359
16359	16359
16359	16359
16359	16359
16359	16359
16359	16359
16359	16359
16359	16359
16359	16359
16359	16359
16359	16359
16359	16359
16359	16359
16359	16359
16359	16359
16358	16350
16325	16285
16243	16221
16199	16139
16043	15927
15728	15345
14825	14358
14087	13992
13927	13726
13384	13065
12958	13163
13606	14086
14403	14450
14263	13970
13695	13499
13400	13381
13452	13620
13918	14327
14764	15107
15294	15335
15270	15137
14991	14891
14877	14948
15073	15184
15237	15217
15140	15037
14945	14883
14863	14871
14887	14907
14928	14947
14968	14995
15024	15050
15077	15102
15138	15196
15272	15345
15400	15444
15479	15500
15500	15470
15414	15333
15239	15131
15027	14930
14815	14571
13961	12840
11545	10703
10542	10764
10995	11068
10993	10856
10729	10615
10493	10352
10260	10315
10555	10880
11075	10935
10532	10149
9985	10017
10138	10251
10339	10431
10527	10579
10542	10400
10162	9898
9797	10110
10953	12207
13499	14417
14834	14927
14911	14895
14921	15001
15096	15148
15138	15112
15095	15093
15092	15094
15095	15095
15095	15094
15095	15096
15097	15086
15061	15014
14969	14969
15038	15171
15332	15475
15547	15510
15362	15131
14877	14659
14523	14485
14572	14761
14978	15104
15094	14989
14841	14689
14555	14461
14414	14413
14454	14520
14598	14684
14773	14868
14957	15031
15081	15119
15147	15172
15193	15213
15233	15256
15280	15301
15315	15322
15318	15293
15257	15226
15213	15208
15210	15210
15211	15212
15213	15213
15213	15214
15213	15213
15212	15211
15212	15212
15211	15208
15202	15190
15177	15163
15153	15145
15135	15124
15113	15105
15108	15131
15164	15192
15204	15209
15211	15212
15212	15211
15210	15209
15207	15207
15206	15206
15207	15209
15211	15211
15209	15208
15202	15188
15169	15153
15138	15122
15103	15090
15081	15072
15045	14995
14940	14919
14946	15015
15100	15186
15259	15310
15332	15328
15305	15267
15225	15183
15146	15116
15089	15049
15003	14964
14959	15001
15082	15177
15242	15250
15174	15007
14769	14479
14139	13736
13289	12873
12588	12521
12674	12982
13344	13678
13957	14185
14349	14386
14238	13891
13421	12957
12637	12533
12620	12820
13089	13412
13675	13719
13521	13228
13084	13279
13814	14523
15200	15698
15978	16081
16082	16061
16066	16111
16178	16226
16241	16235
16222	16219
16227	16243
16259	16282
16304	16322
16337	16347
16353	16358
16356	16349
16339	16331
16325	16322
16318	16316
16316	16319
16328	16337
16348	16356
16359	16359
16359	16359
16359	16359
16359	16359
16359	16359
16359	16359
16359	16359
16359	16359
16359	16359
16359	16359
16359	16359
16359	16359
16359	16359
16359	16359
16359	16359
16359	16359
16359	16359
16359	16359
16359	16359
16359	16359
16359	16359
16359	16359
16359	16359
16359	16359
16359	16359
16359	16359
16359	16359
16359	16359
16359	16359
16359	16359
16359	16359
16359	16359
16359	16359
16359	16359
16359	16359
16359	16359
16359	16359
16359	16359
16359	16359
16359	16359
16359	16359
16359	16359
16359	16359
16359	16359
16359	16359
16357	16346
16317	16266
16217	16201
16201	16170
16078	15908
15600	15107
14553	14168
14035	14008
13903	13630
13262	12996
13021	13400
13965	14416
14557	14394
14067	13738
13490	13326
13250	13286
13458	13758
14146	14560
14927	15190
15328	15349
15275	15142
14997	14899
14886	14962
15082	15192
15247	15231
15159	15060
14969	14912
14893	14901
14921	14943
14963	14985
15004	15025
15052	15078
15104	15131
15162	15214
15280	15344
15395	15435
15467	15489
15489	15466
15410	15328
15230	15123
15017	14925
14817	14583
13969	12825
11497	10642
10500	10749
10993	11050
10948	10807
10709	10644
10565	10431
10306	10326
10573	10961
11201	10992
10427	9924
9760	9887
10118	10300
10391	10453
10528	10602
10615	10518
10297	10021
9869	10084
10804	11964
13242	14224
14750	14943
14985	14975
14972	15011
15074	15112
15116	15106
15101	15100
15102	15104
15104	15105
15104	15104
15104	15104
15104	15099
15081	15048
15013	15006
15039	15117
15219	15336
15440	15518
15547	15528
15463	15366
15260	15178
15172	15274
15423	15514
15482	15363
15205	15048
14911	14817
14772	14778
14822	14895
14980	15069
15152	15225
15283	15324
15350	15361
15367	15359
15347	15325
15305	15282
15269	15253
15241	15226
15220	15215
15213	15212
15212	15211
15209	15209
15209	15209
15209	15209
15209	15209
15209	15209
15211	15213
15215	15217
15217	15212
15208	15199
15189	15177
15165	15152
15144	15136
15125	15117
15119	15138
15166	15192
15204	15208
15209	15209
15209	15209
15209	15209
15209	15209
15209	15209
15209	15209
15209	15209
15208	15207
15200	15186
15167	15152
15136	15121
15103	15090
15082	15072
15047	14997
14943	14923
14955	15021
15107	15193
15269	15322
15347	15344
15320	15283
15235	15192
15157	15134
15114	15094
15062	15034
15022	15038
15079	15135
15186	15219
15215	15167
15077	14951
14760	14456
14032	13529
13060	12751
12666	12778
13011	13287
13576	13886
14197	14445
14544	14427
14068	13525
12943	12495
12302	12389
12711	13170
13607	13849
13785	13461
13099	12999
13309	13946
14696	15338
15766	15982
16057	16062
16065	16095
16157	16221
16264	16281
16272	16249
16224	16214
16227	16259
16295	16323
16338	16348
16354	16358
16356	16349
16339	16331
16325	16322
16318	16316
16316	16319
16328	16337
16348	16356
16359	16359
16359	16359
16359	16359
16359	16359
16359	16359
16359	16359
16359	16359
16359	16359
16359	16359
16359	16359
16359	16359
16359	16359
16359	16359
16359	16359
16359	16359
16359	16359
16359	16359
16359	16359
16359	16359
16359	16359
16359	16359
16359	16359
16359	16359
16359	16359
16359	16359
16359	16359
16359	16359
16359	16359
16359	16359
16359	16359
16359	16359
16359	16359
16359	16359
16359	16359
16359	16359
16359	16359
16359	16359
16359	16359
16359	16359
16359	16359
16359	16359
16359	16359
16359	16359
16359	16359
16359	16359
16357	16344
16311	16254
16198	16182
16193	16179
16081	15846
15422	14835
14271	13989
13988	14022
13876	13548
13188	13019
13189	13677
14251	14593
14562	14265
13889	13580
13366	13209
13128	13202
13477	13909
14387	14799
15089	15268
15360	15367
15290	15156
15013	14914
14904	14976
15096	15206
15262	15246
15175	15082
14998	14947
14932	14940
14957	14982
15005	15025
15045	15065
15086	15112
15138	15162
15192	15235
15290	15345
15391	15429
15458	15476
15476	15452
15398	15317
15219	15114
15013	14919
14818	14591
13980	12815
11454	10582
10453	10723
10975	11019
10897	10757
10691	10680
10640	10508
10341	10294
10501	10900
11181	10982
10389	9863
9717	9903
10195	10404
10475	10486
10513	10577
10620	10573
10394	10135
9946	10062
10647	11703
12956	14005
14643	14944
15048	15050
15025	15023
15050	15081
15100	15106
15112	15116
15118	15118
15118	15118
15118	15118
15118	15118
15118	15117
15112	15102
15088	15071
15058	15055
15075	15127
15219	15337
15461	15557
15597	15567
15471	15357
15298	15354
15488	15591
15597	15528
15430	15326
15238	15171
15135	15126
15140	15172
15212	15255
15292	15324
15348	15360
15368	15367
15360	15344
15324	15291
15257	15226
15200	15177
15155	15140
15139	15154
15178	15199
15207	15210
15209	15209
15209	15209
15209	15209
15209	15209
15209	15210
15212	15217
15224	15230
15231	15225
15218	15210
15200	15190
15177	15164
15152	15145
15136	15130
15132	15147
15172	15194
15205	15208
15209	15209
15209	15209
15209	15209
15209	15209
15209	15209
15209	15209
15209	15209
15208	15207
15200	15185
15167	15152
15136	15121
15104	15091
15083	15075
15049	15002
14952	14935
14967	15034
15120	15204
15277	15331
15359	15357
15334	15293
15246	15203
15179	15174
15182	15192
15192	15181
15163	15145
15130	15128
15131	15146
15168	15195
15218	15224
15182	15033
14736	14284
13753	13254
12898	12736
12765	12942
13214	13549
13907	14248
14515	14626
14491	14048
13383	12710
12249	12141
12382	12843
13361	13771
13919	13732
13340	13030
13051	13467
14150	14864
15434	15802
15997	16071
16089	16107
16147	16206
16260	16293
16290	16257
16212	16191
16206	16246
16290	16323
16341	16349
16354	16358
16356	16349
16339	16331
16325	16322
16318	16316
16316	16319
16328	16337
16348	16356
16359	16359
16359	16359
16359	16359
16359	16359
16359	16359
16359	16359
16359	16359
16359	16359
16359	16359
16359	16359
16359	16359
16359	16359
16359	16359
16359	16359
16359	16359
16359	16359
16359	16359
16359	16359
16359	16359
16359	16359
16359	16359
16359	16359
16359	16359
16359	16359
16359	16359
16359	16359
16359	16359
16359	16359
16359	16359
16359	16359
16359	16359
16359	16359
16359	16359
16359	16359
16359	16359
16359	16359
16359	16359
16359	16359
16359	16359
16359	16359
16359	16359
16359	16359
16359	16359
16359	16359
16359	16359
16356	16342
16306	16246
16187	16165
16177	16163
16041	15731
15207	14554
14018	13840
13957	14034
13854	13493
13180	13138
13445	13970
14445	14615
14437	14090
13754	13509
13324	13157
13064	13176
13547	14082
14618	15008
15223	15333
15390	15385
15306	15174
15027	14929
14917	14990
15113	15225
15280	15264
15195	15106
15031	14987
14974	14984
15001	15022
15046	15067
15090	15110
15128	15151
15173	15195
15221	15256
15299	15345
15384	15420
15445	15461
15460	15434
15379	15302
15207	15104
15004	14912
14813	14595
13987	12806
11420	10534
10410	10695
10955	10987
10847	10710
10674	10712
10710	10584
10372	10252
10372	10723
11018	10904
10418	9966
9845	10029
10319	10513
10550	10511
10492	10526
10580	10574
10454	10235
10033	10051
10497	11436
12658	13762
14515	14923
15090	15112
15074	15038
15034	15059
15088	15113
15126	15134
15135	15136
15136	15136
15136	15136
15136	15136
15137	15138
15145	15152
15149	15119
15059	14988
14939	14941
15011	15137
15295	15436
15519	15519
15443	15328
15248	15274
15383	15489
15536	15537
15518	15490
15460	15430
15402	15375
15346	15324
15305	15287
15272	15262
15256	15251
15248	15245
15242	15236
15226	15209
15187	15169
15156	15144
15134	15127
15131	15148
15174	15195
15205	15208
15209	15209
15209	15209
15209	15209
15209	15209
15209	15210
15214	15223
15235	15243
15245	15240
15230	15221
15213	15203
15193	15178
15165	15152
15145	15139
15142	15157
15177	15196
15206	15208
15209	15209
15209	15209
15209	15209
15209	15209
15209	15209
15209	15209
15209	15209
15208	15207
15200	15185
15167	15152
15136	15121
15104	15091
15083	15076
15051	15009
14963	14950
14984	15054
15135	15219
15291	15343
15372	15370
15348	15304
15258	15218
15204	15217
15258	15304
15338	15351
15337	15294
15231	15159
15100	15067
15071	15117
15197	15284
15346	15332
15196	14908
14463	13910
13351	12909
12687	12714
12933	13253
13596	13943
14276	14550
14637	14403
13852	13155
12538	12193
12197	12511
13010	13534
13891	13941
13691	13316
13075	13185
13662	14331
14996	15526
15874	16055
16116	16129
16143	16184
16240	16283
16291	16255
16206	16183
16200	16245
16293	16325
16342	16350
16354	16358
16356	16349
16339	16331
16325	16322
16318	16316
16316	16319
16328	16337
16348	16356
16359	16359
16359	16359
16359	16359
16359	16359
16359	16359
16359	16359
16359	16359
16359	16359
16359	16359
16359	16359
16359	16359
16359	16359
16359	16359
16359	16359
16359	16359
16359	16359
16359	16359
16359	16359
16359	16359
16359	16359
16359	16359
16359	16359
16359	16359
16359	16359
16359	16359
16359	16359
16359	16359
16359	16359
16359	16359
16359	16359
16359	16359
16359	16359
16359	16359
16359	16359
16359	16359
16359	16359
16359	16359
16359	16359
16359	16359
16359	16359
16359	16359
16359	16359
16359	16359
16359	16359
16359	16359
16355	16340
16304	16244
16178	16147
16147	16119
15962	15584
14984	14307
13826	13747
13944	14040
13839	13478
13238	13337
13751	14246
14553	14530
14244	13907
13656	13487
13331	13169
13094	13262
13707	14288
14815	15156
15313	15378
15412	15403
15324	15189
15043	14947
14934	15007
15128	15239
15294	15281
15214	15132
15065	15028
15020	15029
15046	15064
15085	15108
15130	15152
15172	15192
15214	15234
15255	15280
15308	15341
15374	15404
15432	15446
15442	15418
15365	15289
15195	15093
14991	14900
14805	14594
13989	12801
11396	10495
10373	10664
10924	10948
10805	10674
10667	10742
10773	10653
10415	10224
10246	10501
10776	10779
10487	10167
10061	10192
10423	10575
10586	10521
10479	10490
10537	10561
10499	10329
10120	10053
10356	11177
12357	13514
14369	14879
15108	15156
15110	15055
15034	15051
15089	15123
15143	15150
15153	15153
15153	15153
15153	15153
15153	15153
15153	15156
15165	15178
15172	15126
15032	14923
14838	14819
14877	15000
15154	15295
15386	15405
15358	15276
15211	15210
15276	15353
15413	15458
15498	15526
15540	15540
15521	15483
15432	15374
15316	15264
15215	15180
15156	15142
15138	15143
15152	15162
15170	15173
15172	15172
15175	15181
15184	15187
15188	15193
15198	15203
15206	15209
15209	15209
15209	15209
15209	15209
15209	15209
15209	15210
15217	15229
15245	15256
15259	15253
15245	15239
15230	15220
15207	15193
15177	15164
15154	15148
15152	15164
15184	15197
15206	15208
15209	15209
15209	15209
15209	15209
15209	15209
15209	15209
15209	15209
15209	15209
15208	15207
15200	15185
15167	15152
15136	15121
15104	15091
15084	15076
15054	15015
14975	14965
15001	15070
15152	15235
15306	15360
15386	15388
15364	15321
15273	15235
15219	15240
15290	15362
15431	15478
15485	15438
15343	15219
15096	15003
14966	14992
15077	15192
15296	15355
15342	15242
14992	14539
13920	13288
12827	12660
12769	13039
13354	13679
14012	14331
14550	14533
14228	13712
13108	12571
12259	12301
12673	13220
13724	14011
13982	13687
13324	13153
13331	13830
14508	15172
15684	15989
16118	16145
16146	16167
16216	16262
16278	16256
16216	16198
16217	16259
16301	16328
16342	16350
16354	16358
16356	16349
16339	16331
16325	16322
16318	16316
16316	16319
16328	16337
16348	16356
16359	16359
16359	16359
16359	16359
16359	16359
16359	16359
16359	16359
16359	16359
16359	16359
16359	16359
16359	16359
16359	16359
16359	16359
16359	16359
16359	16359
16359	16359
16359	16359
16359	16359
16359	16359
16359	16359
16359	16359
16359	16359
16359	16359
16359	16359
16359	16359
16359	16359
16359	16359
16359	16359
16359	16359
16359	16359
16359	16359
16359	16359
16359	16359
16359	16359
16359	16359
16359	16359
16359	16359
16359	16359
16359	16359
16359	16359
16359	16359
16359	16359
16359	16359
16359	16359
16359	16359
16359	16359
16355	16340
16303	16242
16173	16130
16109	16054
15853	15416
14775	14125
13726	13725
13955	14044
13833	13505
13358	13576
14055	14473
14595	14398
14049	13751
13582	13478
13359	13238
13233	13482
13965	14519
14967	15234
15349	15399
15429	15417
15338	15203
15056	14959
14947	15023
15145	15255
15310	15297
15236	15161
15100	15068
15063	15072
15091	15110
15129	15151
15173	15197
15219	15239
15257	15276
15293	15304
15316	15331
15362	15388
15414	15428
15427	15402
15352	15278
15186	15082
14979	14886
14791	14581
13980	12788
11376	10468
10339	10624
10877	10906
10769	10655
10666	10767
10820	10719
10476	10241
10165	10302
10530	10640
10557	10380
10267	10308
10449	10551
10558	10514
10487	10496
10535	10569
10547	10421
10215	10068
10237	10940
12073	13271
14216	14815
15103	15173
15135	15073
15045	15060
15099	15136
15158	15164
15165	15165
15165	15165
15165	15165
15165	15165
15165	15168
15174	15180
15163	15101
14996	14878
14795	14777
14835	14946
15078	15194
15273	15302
15294	15259
15227	15211
15226	15257
15302	15355
15414	15465
15505	15521
15514	15480
15429	15367
15307	15250
15202	15160
15132	15117
15120	15132
15150	15170
15191	15205
15217	15229
15245	15257
15266	15269
15265	15251
15231	15216
15210	15209
15209	15209
15209	15209
15209	15209
15209	15209
15209	15212
15219	15233
15254	15270
15274	15269
15261	15254
15248	15237
15224	15207
15194	15178
15167	15158
15161	15172
15188	15200
15207	15208
15209	15209
15209	15209
15209	15209
15209	15209
15209	15209
15209	15209
15209	15209
15208	15207
15200	15185
15167	15152
15136	15121
15104	15091
15084	15077
15056	15019
14982	14977
15015	15082
15167	15250
15322	15375
15405	15405
15381	15339
15292	15249
15224	15227
15262	15333
15430	15519
15562	15536
15438	15286
15120	14980
14898	14893
14951	15052
15150	15219
15272	15318
15276	15010
14483	13804
13182	12809
12745	12909
13184	13486
13783	14065
14305	14450
14437	14221
13783	13181
12610	12336
12472	12919
13469	13910
14095	13982
13661	13326
13204	13461
14055	14781
15423	15856
16072	16137
16142	16152
16187	16233
16259	16255
16235	16231
16251	16284
16315	16334
16344	16351
16354	16358
16356	16349
16339	16331
16325	16322
16318	16316
16316	16319
16328	16337
16348	16356
16359	16359
16359	16359
16359	16359
16359	16359
16359	16359
16359	16359
16359	16359
16359	16359
16359	16359
16359	16359
16359	16359
16359	16359
16359	16359
16359	16359
16359	16359
16359	16359
16359	16359
16359	16359
16359	16359
16359	16359
16359	16359
16359	16359
16359	16359
16359	16359
16359	16359
16359	16359
16359	16359
16359	16359
16359	16359
16359	16359
16359	16359
16359	16359
16359	16359
16359	16359
16359	16359
16359	16359
16359	16359
16359	16359
16359	16359
16359	16359
16359	16359
16359	16359
16359	16359
16359	16359
16359	16359
16355	16339
16304	16242
16171	16114
16066	15969
15716	15228
14583	14005
13713	13772
13981	14033
13827	13564
13520	13821
14304	14621
14582	14274
13900	13641
13525	13462
13395	13364
13480	13810
14294	14752
15071	15246
15340	15399
15440	15432
15352	15214
15066	14967
14959	15035
15159	15270
15326	15314
15256	15187
15133	15105
15100	15113
15132	15153
15171	15194
15216	15237
15261	15282
15302	15319
15329	15330
15325	15327
15345	15371
15397	15413
15412	15391
15344	15271
15174	15071
14966	14873
14775	14562
13957	12769
11360	10449
10304	10570
10818	10854
10743	10651
10681	10790
10860	10778
10550	10298
10154	10183
10343	10517
10588	10515
10383	10330
10380	10449
10481	10498
10525	10555
10584	10610
10600	10506
10305	10098
10147	10734
11818	13039
14058	14730
15068	15167
15143	15090
15066	15081
15119	15153
15173	15180
15183	15183
15183	15183
15183	15183
15183	15183
15183	15183
15181	15170
15139	15071
14971	14873
14809	14802
14858	14952
15053	15136
15191	15226
15244	15251
15242	15224
15206	15204
15227	15271
15328	15383
15427	15452
15457	15439
15403	15356
15309	15264
15231	15202
15183	15173
15178	15192
15209	15226
15243	15256
15265	15276
15290	15298
15303	15300
15294	15271
15243	15220
15212	15209
15209	15209
15209	15209
15209	15209
15209	15209
15209	15213
15222	15240
15264	15282
15289	15285
15276	15268
15262	15254
15239	15225
15209	15193
15179	15174
15174	15182
15193	15203
15207	15209
15209	15209
15209	15209
15209	15209
15209	15209
15209	15209
15209	15209
15209	15209
15208	15207
15200	15185
15167	15152
15136	15121
15104	15091
15084	15077
15058	15025
14992	14989
15030	15099
15182	15265
15339	15393
15421	15421
15398	15357
15305	15258
15213	15179
15175	15230
15340	15466
15552	15560
15482	15336
15158	14997
14888	14851
14885	14958
15036	15099
15173	15286
15373	15286
14936	14350
13686	13145
12863	12853
13038	13303
13560	13773
13979	14221
14457	14546
14354	13850
13192	12669
12495	12708
13173	13669
14007	14101
13932	13578
13271	13290
13720	14404
15102	15642
15960	16094
16129	16135
16155	16189
16224	16243
16252	16264
16285	16309
16329	16339
16345	16351
16354	16358
16356	16349
16339	16331
16325	16322
16318	16316
16316	16319
16328	16337
16348	16356
16359	16359
16359	16359
16359	16359
16359	16359
16359	16359
16359	16359
16359	16359
16359	16359
16359	16359
16359	16359
16359	16359
16359	16359
16359	16359
16359	16359
16359	16359
16359	16359
16359	16359
16359	16359
16359	16359
16359	16359
16359	16359
16359	16359
16359	16359
16359	16359
16359	16359
16359	16359
16359	16359
16359	16359
16359	16359
16359	16359
16359	16359
16359	16359
16359	16359
16359	16359
16359	16359
16359	16359
16359	16359
16359	16359
16359	16359
16359	16359
16359	16359
16359	16359
16359	16359
16359	16359
16359	16359
16354	16338
16302	16244
16169	16100
16020	15872
15558	15034
14416	13951
13783	13874
14024	14012
13824	13647
13702	14048
14486	14694
14544	14180
13817	13585
13485	13448
13450	13545
13797	14196
14637	14966
15140	15231
15312	15392
15450	15446
15367	15228
15076	14978
14968	15046
15173	15287
15342	15331
15272	15205
15161	15138
15135	15149
15170	15195
15219	15238
15256	15279
15300	15324
15345	15360
15365	15350
15328	15319
15329	15353
15378	15395
15397	15377
15331	15258
15163	15056
14951	14855
14755	14535
13929	12752
11355	10437
10266	10507
10742	10798
10720	10658
10698	10809
10884	10823
10625	10385
10207	10159
10254	10431
10563	10537
10388	10275
10267	10324
10398	10489
10585	10647
10669	10672
10657	10583
10396	10142
10086	10568
11596	12830
13903	14633
15009	15136
15137	15106
15093	15112
15144	15175
15192	15198
15199	15200
15200	15200
15200	15200
15200	15200
15199	15196
15184	15155
15105	15040
14967	14906
14872	14879
14926	14998
15075	15137
15184	15217
15247	15264
15260	15229
15188	15163
15175	15212
15264	15319
15366	15398
15413	15411
15388	15357
15323	15293
15273	15262
15255	15253
15256	15261
15266	15271
15270	15269
15269	15270
15271	15268
15264	15257
15245	15234
15220	15210
15208	15209
15209	15209
15209	15209
15209	15209
15209	15209
15210	15213
15225	15247
15275	15296
15303	15299
15291	15282
15271	15264
15255	15240
15225	15211
15198	15193
15192	15195
15200	15206
15208	15209
15209	15209
15209	15209
15209	15209
15209	15209
15209	15209
15209	15209
15209	15209
15208	15207
15200	15186
15167	15153
15137	15121
15105	15091
15084	15077
15061	15031
15005	15006
15048	15117
15201	15283
15356	15409
15436	15436
15412	15368
15316	15263
15196	15125
15076	15105
15217	15364
15480	15522
15476	15357
15200	15047
14935	14885
14896	14950
15020	15092
15173	15279
15381	15395
15227	14828
14242	13615
13120	12883
12910	13094
13304	13469
13641	13931
14317	14625
14677	14396
13845	13218
12760	12662
12918	13357
13776	14035
14040	13789
13455	13327
13554	14088
14751	15353
15773	16006
16098	16118
16125	16143
16178	16216
16251	16283
16311	16329
16340	16344
16347	16350
16353	16356
16356	16349
16339	16331
16325	16322
16318	16316
16316	16319
16328	16337
16348	16356
16359	16359
16359	16359
16359	16359
16359	16359
16359	16359
16359	16359
16359	16359
16359	16359
16359	16359
16359	16359
16359	16359
16359	16359
16359	16359
16359	16359
16359	16359
16359	16359
16359	16359
16359	16359
16359	16359
16359	16359
16359	16359
16359	16359
16359	16359
16359	16359
16359	16359
16359	16359
16359	16359
16359	16359
16359	16359
16359	16359
16359	16359
16359	16359
16359	16359
16359	16359
16359	16359
16359	16359
16359	16359
16359	16359
16359	16359
16359	16359
16359	16359
16359	16359
16359	16359
16359	16359
16359	16358
16352	16336
16300	16243
16169	16086
15970	15762
15391	14844
14285	13954
13920	14025
14078	13987
13817	13736
13881	14238
14600	14700
14480	14112
13781	13566
13468	13459
13549	13775
14140	14563
14924	15126
15188	15219
15292	15388
15456	15462
15382	15245
15092	14991
14979	15056
15183	15298
15353	15341
15282	15222
15182	15167
15166	15184
15208	15235
15262	15285
15303	15324
15342	15365
15386	15397
15392	15366
15330	15308
15314	15336
15364	15379
15383	15362
15315	15242
15149	15043
14940	14841
14735	14510
13901	12733
11352	10432
10234	10438
10659	10736
10705	10679
10726	10825
10894	10855
10696	10480
10298	10219
10269	10403
10504	10469
10325	10206
10184	10242
10348	10498
10647	10736
10749	10727
10700	10642
10475	10191
10053	10443
11415	12646
13757	14528
14936	15088
15117	15117
15125	15150
15176	15194
15206	15210
15212	15212
15212	15212
15212	15211
15210	15209
15208	15201
15177	15129
15066	15015
14983	14971
14968	14983
15018	15078
15150	15222
15281	15324
15348	15343
15307	15242
15174	15132
15137	15170
15221	15274
15325	15364
15387	15394
15382	15359
15333	15315
15303	15300
15299	15295
15293	15288
15282	15270
15252	15234
15221	15210
15201	15190
15178	15167
15163	15168
15183	15196
15205	15208
15209	15209
15209	15209
15209	15209
15209	15209
15210	15214
15227	15251
15283	15308
15315	15312
15303	15293
15282	15273
15265	15257
15241	15228
15216	15208
15205	15207
15209	15211
15212	15212
15212	15212
15212	15212
15211	15210
15209	15209
15209	15209
15209	15209
15209	15211
15212	15211
15206	15193
15175	15160
15146	15127
15109	15093
15083	15076
15061	15036
15013	15021
15063	15134
15217	15299
15369	15422
15449	15449
15423	15378
15322	15264
15188	15096
15023	15030
15130	15273
15395	15454
15438	15355
15231	15106
15008	14959
14962	15006
15079	15169
15255	15318
15363	15399
15371	15172
14741	14131
13502	13053
12879	12924
13055	13175
13326	13621
14055	14470
14708	14681
14362	13808
13208	12827
12799	13081
13495	13833
13967	13880
13675	13508
13543	13858
14395	14989
15492	15838
16023	16094
16108	16110
16129	16175
16233	16284
16322	16339
16345	16346
16346	16347
16349	16352
16352	16349
16339	16331
16325	16322
16318	16316
16316	16319
16328	16337
16348	16356
16359	16359
16359	16359
16359	16359
16359	16359
16359	16359
16359	16359
16359	16359
16359	16359
16359	16359
16359	16359
16359	16359
16359	16359
16359	16359
16359	16359
16359	16359
16359	16359
16359	16359
16359	16359
16359	16359
16359	16359
16359	16359
16359	16359
16359	16359
16359	16359
16359	16359
16359	16359
16359	16359
16359	16359
16359	16359
16359	16359
16359	16359
16359	16359
16359	16359
16359	16359
16359	16359
16359	16359
16359	16359
16359	16359
16359	16359
16359	16359
16359	16359
16359	16359
16359	16359
16359	16359
16359	16358
16351	16334
16299	16242
16168	16065
15911	15644
15220	14675
14198	14010
14093	14195
14141	13959
13798	13803
14029	14376
14647	14654
14399	14047
13747	13548
13462	13512
13715	14058
14479	14868
15129	15231
15230	15229
15288	15381
15458	15472
15406	15273
15121	15014
14993	15067
15190	15305
15362	15350
15292	15235
15201	15190
15198	15219
15248	15280
15313	15339
15360	15376
15393	15404
15418	15421
15409	15373
15328	15297
15297	15318
15343	15359
15359	15339
15293	15222
15133	15032
14932	14838
14732	14493
13875	12717
11351	10429
10200	10363
10567	10671
10695	10710
10759	10836
10888	10871
10757	10579
10418	10354
10394	10462
10475	10404
10294	10219
10210	10264
10366	10529
10696	10793
10792	10751
10719	10690
10553	10263
10059	10363
11275	12494
13628	14423
14849	15019
15080	15116
15155	15183
15200	15208
15210	15211
15211	15210
15209	15209
15209	15208
15206	15205
15203	15194
15163	15102
15038	15008
15022	15053
15075	15089
15110	15160
15243	15344
15433	15488
15492	15445
15354	15249
15155	15106
15105	15134
15178	15229
15278	15319
15347	15359
15357	15344
15329	15314
15307	15303
15295	15286
15276	15266
15252	15232
15205	15180
15160	15145
15130	15117
15106	15098
15099	15121
15156	15185
15202	15208
15209	15209
15209	15209
15209	15209
15209	15209
15210	15214
15226	15251
15282	15308
15317	15315
15310	15300
15289	15283
15276	15268
15260	15246
15233	15224
15219	15219
15220	15221
15221	15221
15220	15219
15218	15217
15216	15216
15214	15212
15211	15210
15209	15211
15213	15217
15222	15225
15224	15215
15201	15184
15170	15148
15123	15099
15082	15067
15050	15030
15017	15033
15080	15150
15230	15311
15380	15433
15459	15455
15425	15380
15321	15260
15188	15110
15057	15063
15140	15250
15348	15400
15398	15340
15253	15157
15085	15045
15047	15082
15152	15240
15315	15333
15331	15361
15409	15361
15100	14608
13988	13438
13086	12943
12924	12952
13045	13302
13708	14136
14471	14645
14591	14258
13726	13209
12923	12967
13250	13553
13757	13859
13867	13768
13667	13738
14066	14570
15117	15583
15898	16056
16097	16089
16087	16124
16194	16264
16312	16335
16342	16343
16342	16342
16343	16344
16346	16345
16339	16331
16327	16324
16322	16321
16322	16325
16331	16341
16350	16356
16359	16359
16359	16359
16359	16359
16359	16359
16359	16359
16359	16359
16359	16359
16359	16359
16359	16359
16359	16359
16359	16359
16359	16359
16359	16359
16359	16359
16359	16359
16359	16359
16359	16359
16359	16359
16359	16359
16359	16359
16359	16359
16359	16359
16359	16359
16359	16359
16359	16359
16359	16359
16359	16359
16359	16359
16359	16359
16359	16359
16359	16359
16359	16359
16359	16359
16359	16359
16359	16359
16359	16359
16359	16359
16359	16359
16359	16359
16359	16359
16359	16359
16359	16359
16359	16359
16359	16359
16359	16357
16350	16332
16298	16243
16164	16049
15857	15537
15066	14527
14131	14076
14261	14357
14201	13938
13782	13867
14155	14485
14664	14590
14310	13985
13722	13546
13489	13609
13917	14339
14760	15068
15226	15271
15273	15280
15320	15393
15460	15481
15424	15297
15145	15034
15009	15077
15197	15308
15364	15356
15305	15252
15220	15214
15226	15247
15281	15314
15347	15378
15403	15420
15431	15437
15442	15440
15423	15381
15326	15289
15283	15301
15324	15339
15340	15318
15271	15202
15117	15021
14927	14837
14726	14477
13852	12702
11356	10435
10175	10299
10486	10616
10690	10739
10788	10837
10876	10872
10795	10643
10504	10482
10537	10528
10415	10292
10241	10257
10303	10359
10447	10584
10733	10807
10788	10731
10706	10710
10609	10318
10070	10307
11171	12375
13520	14328
14761	14947
15041	15114
15178	15215
15221	15215
15212	15210
15208	15205
15205	15204
15203	15201
15199	15196
15194	15183
15151	15093
15042	15043
15101	15162
15187	15175
15162	15192
15284	15419
15545	15603
15566	15445
15286	15157
15085	15065
15066	15081
15103	15130
15163	15196
15226	15251
15275	15290
15302	15311
15309	15298
15276	15254
15239	15227
15216	15201
15179	15159
15146	15133
15124	15119
15115	15112
15118	15136
15164	15189
15203	15208
15209	15209
15209	15209
15209	15209
15209	15209
15210	15214
15225	15250
15279	15304
15314	15316
15316	15309
15301	15294
15287	15279
15271	15259
15245	15234
15229	15227
15227	15227
15227	15227
15226	15224
15222	15220
15218	15218
15217	15215
15213	15211
15211	15213
15217	15223
15232	15238
15241	15236
15223	15208
15190	15166
15135	15106
15078	15058
15041	15024
15020	15042
15090	15159
15240	15320
15391	15440
15465	15460
15427	15377
15319	15257
15206	15170
15159	15185
15238	15299
15350	15374
15361	15319
15250	15186
15134	15106
15105	15128
15163	15202
15226	15241
15270	15338
15427	15457
15332	15007
14515	13972
13486	13122
12892	12785
12815	13017
13357	13747
14113	14420
14585	14514
14178	13681
13217	12979
13014	13226
13520	13832
14032	13997
13792	13649
13765	14154
14717	15293
15748	16010
16098	16082
16054	16073
16147	16229
16291	16323
16333	16338
16339	16338
16336	16338
16340	16340
16337	16332
16328	16327
16323	16324
16328	16333
16340	16348
16353	16358
16359	16359
16359	16359
16359	16359
16359	16359
16359	16359
16359	16359
16359	16359
16359	16359
16359	16359
16359	16359
16359	16359
16359	16359
16359	16359
16359	16039
16359	10794
